source_record	record_before_sha256	assertion_before_sha256	before_edge_id	facet	source_position	role	provenance_class	disposition	reason	supporting_urls	fresh_role_approval
data/ingredients/mapped/1-Kestose.yaml	c3cd932ad6e3dd6b446c499cb8c69bca008dd05bf21dc30acc80368fe1b318e8	4ea628be52149f9b81f39b2e78a409a172515bc4ad5c8e5c6fb4eba7014f1b6e	MIM.assertion:10c11f44ded3aef235287b021009154ccf7e136ad50fec71be25260c14c6132b	nutritional_roles	0	CARBON_SOURCE	ANCESTRY	OPEN_REQUIRES_ORIGINAL_SOURCE	Ontology ancestry identifies a chemical class or general chemical role; it does not establish the media-use or organism-specific nutritional claim. Inspect the actual lineage and source-context role evidence.		false
data/ingredients/mapped/1-aminocyclopropane-1-carboxylate.yaml	1e651391a3c74fff1a3bde0312bfd657542ab61b4c83407f4c1450115037234c	7d31b5bc3b31af72e9763c0dced0805a7e6435f4c0a8f0027fd68740f6d7fe14	MIM.assertion:95507e69e550d357871e35d4fdbe8d00a793bbd5121db7cb4abbe1b021318442	nutritional_roles	0	AMINO_ACID_SOURCE	ANCESTRY	OPEN_REQUIRES_ORIGINAL_SOURCE	Ontology ancestry identifies a chemical class or general chemical role; it does not establish the media-use or organism-specific nutritional claim. Inspect the actual lineage and source-context role evidence.		false
data/ingredients/mapped/14-B-D-Galactobiose.yaml	346c00c2a113dc722024aef411d261d3a1a09182303a49695e749f53fb575c22	df2072c00c03ccac74a186fad08ecce37b665354626058d581fd7b3f601cd30f	MIM.assertion:f1768f4f29254e5f152cdb6d6dfbed256db830bfe5cca8794bbb1a7e1d046918	nutritional_roles	0	CARBON_SOURCE	NAME_PATTERN	OPEN_REQUIRES_ORIGINAL_SOURCE	Name-pattern matching does not establish the ingredient-specific biological or formulation role. Inspect a preparation manual, original culture method, or direct utilization study.		false
data/ingredients/mapped/2-Deoxy-D-Ribose.yaml	b6128f7ddd369ed67041c0958845fecee40c48cc5c5612a956a84141888509a3	4ea628be52149f9b81f39b2e78a409a172515bc4ad5c8e5c6fb4eba7014f1b6e	MIM.assertion:b7e77f60035f3d39828e277c7a047d61ddadb7ff6205f0bfe053a0a9395af78c	nutritional_roles	0	CARBON_SOURCE	ANCESTRY	OPEN_REQUIRES_ORIGINAL_SOURCE	Ontology ancestry identifies a chemical class or general chemical role; it does not establish the media-use or organism-specific nutritional claim. Inspect the actual lineage and source-context role evidence.		false
data/ingredients/mapped/2-Deoxy-D-glucose.yaml	ff57b56e0dc51c2bb5c03d6830082e628f1358c09d5bd2c775b9c9c0ce92625a	4ea628be52149f9b81f39b2e78a409a172515bc4ad5c8e5c6fb4eba7014f1b6e	MIM.assertion:bcbda00c88de084b091b19bb8263f155e16ce8a8c1de800ad836704529bcc6c0	nutritional_roles	0	CARBON_SOURCE	ANCESTRY	COUNTEREXAMPLE_TO_INFERENCE	The primary T. saccharolyticum study uses 2-deoxyglucose to trigger catabolite repression and delayed cellobiose growth, not to supply growth carbon. Class membership cannot certify a carbon-source role; a positive organism-specific utilization source is required.	https://pmc.ncbi.nlm.nih.gov/articles/PMC3526391/	false
data/ingredients/mapped/2-Hydroxybutyric_Acid_Sodium_Salt.yaml	8a2c69adcb8c2dff48034d0fdb7c5b271f64da8c03fa4bee355cd70ad9957173	df2072c00c03ccac74a186fad08ecce37b665354626058d581fd7b3f601cd30f	MIM.assertion:c5bd3dc04c2187b4adef0753e2f00348c6ceb6bbd4ab8fc171e50d8fa2c42c2a	nutritional_roles	0	CARBON_SOURCE	NAME_PATTERN	OPEN_REQUIRES_ORIGINAL_SOURCE	Name-pattern matching does not establish the ingredient-specific biological or formulation role. Inspect a preparation manual, original culture method, or direct utilization study.		false
data/ingredients/mapped/2-Keto-D-gluconic_Acid_Hemicalcium_Salt_Hydrate.yaml	5d30ccd4eb4f4148e5f06b6753c37739ebf7d5f678a679b9c5220b5c62bb40e1	df2072c00c03ccac74a186fad08ecce37b665354626058d581fd7b3f601cd30f	MIM.assertion:d5d4047691c3946cdee182aabe89aee87cd39700514825f9ab0323538555a3c2	nutritional_roles	0	CARBON_SOURCE	NAME_PATTERN	OPEN_REQUIRES_ORIGINAL_SOURCE	Name-pattern matching does not establish the ingredient-specific biological or formulation role. Inspect a preparation manual, original culture method, or direct utilization study.		false
data/ingredients/mapped/2-Keto-D-gluconic_Acid_Hemicalcium_Salt_Hydrate.yaml	5d30ccd4eb4f4148e5f06b6753c37739ebf7d5f678a679b9c5220b5c62bb40e1	05797c833ce5f55a4f9deb8713e7b56bc9b4c8e4920aeed310903d0418be101f	MIM.assertion:176f633806759db6c5b5cf1f2e44563e5d230ca1c435f98c3dc9c26b7d21748d	nutritional_roles	1	ENERGY_SOURCE	ENERGY_TEMPLATE	OPEN_REQUIRES_ORIGINAL_SOURCE	A generic energy-substrate template does not record a supporting organism, culture condition, or utilization experiment. Source-confirm this precise stereochemical and supplied form.		false
data/ingredients/mapped/2-Keto-D-gluconic_Acid_Hemicalcium_Salt_Monohydrate.yaml	35ffa2d129a9e674a6a9fe7a08665e15e18a7c4c570a5ce30105802e3a7df048	df2072c00c03ccac74a186fad08ecce37b665354626058d581fd7b3f601cd30f	MIM.assertion:35bb6eb8fd41b8a88d8679fbe40020e9e52d7905d4d4dce5386034ce29fe436d	nutritional_roles	0	CARBON_SOURCE	NAME_PATTERN	OPEN_REQUIRES_ORIGINAL_SOURCE	Name-pattern matching does not establish the ingredient-specific biological or formulation role. Inspect a preparation manual, original culture method, or direct utilization study.		false
data/ingredients/mapped/2-Keto-D-gluconic_Acid_Hemicalcium_Salt_Monohydrate.yaml	35ffa2d129a9e674a6a9fe7a08665e15e18a7c4c570a5ce30105802e3a7df048	05797c833ce5f55a4f9deb8713e7b56bc9b4c8e4920aeed310903d0418be101f	MIM.assertion:b907a7a24ecc46f4ffec7ceb23c3b008de72cde33ae185503ebe788d6c244e26	nutritional_roles	1	ENERGY_SOURCE	ENERGY_TEMPLATE	OPEN_REQUIRES_ORIGINAL_SOURCE	A generic energy-substrate template does not record a supporting organism, culture condition, or utilization experiment. Source-confirm this precise stereochemical and supplied form.		false
data/ingredients/mapped/2-fucosyllactose.yaml	bde00bf7772e8836de3a18247e7ba65b7a04c6242c5b59e16e35c97890ebb87a	4ea628be52149f9b81f39b2e78a409a172515bc4ad5c8e5c6fb4eba7014f1b6e	MIM.assertion:76845e942f127c98399dd29447da53cf9b2c203f9be772d01e806e9efe815d5f	nutritional_roles	0	CARBON_SOURCE	ANCESTRY	OPEN_REQUIRES_ORIGINAL_SOURCE	Ontology ancestry identifies a chemical class or general chemical role; it does not establish the media-use or organism-specific nutritional claim. Inspect the actual lineage and source-context role evidence.		false
data/ingredients/mapped/2-mercaptoethanesulfonate.yaml	e8f3c1d4d2fa4db30af58424d9f800054d41d1bf7d0531d0a53dad443f276bae	07fd9f835e66b4f81882afb1022dcb0778d019c988fa2746463e7ed335192343	MIM.assertion:4d2320b152e1dd4252f12814ed86de644851600434d8d4e4046a4810a4f9f547	nutritional_roles	0	COFACTOR_PROVIDER	LLM_PREDICTION	OPEN_REQUIRES_ORIGINAL_SOURCE	Uncited in-session reasoning supplies no independent observation. Obtain a source supporting the exact role for the specified ingredient.		false
data/ingredients/mapped/2-mercaptoethanol.yaml	b32f24ce80193042971850fb87c4b1c8836eb8a72b09e9e1bd48ad0cfcfe84bd	1ebc231952c7b26c84f5098a04ce280ae03d92c47ec1430a34eb139b88a5b9a2	MIM.assertion:37d45f897e7ea10c8035deabd26366294eba3542a6f4d7cc6a97edcd92f759ad	physicochemical_roles	0	REDUCING_AGENT	NAME_PATTERN	OPEN_REQUIRES_ORIGINAL_SOURCE	Name-pattern matching does not establish the ingredient-specific biological or formulation role. Inspect a preparation manual, original culture method, or direct utilization study.		false
data/ingredients/mapped/22-Dipyridyl.yaml	af2ba12ce31a657f021bf003b3e8ca61851e2f458b38885b084b0df4b7af3fed	6a341bc3251a64e58a46cdfa02fe2125b7ceb31fb3dd6c04b9ff4a4fc1046e33	MIM.assertion:2077f15126bbcc2b0fdf8437982b3c0752a60ff1f988f01a0299245ef8f3ceca	physicochemical_roles	0	CHELATOR	ANCESTRY	OPEN_REQUIRES_ORIGINAL_SOURCE	Ontology ancestry identifies a chemical class or general chemical role; it does not establish the media-use or organism-specific nutritional claim. Inspect the actual lineage and source-context role evidence.		false
data/ingredients/mapped/2244688-heptamethylnonane.yaml	d053593ecc2cd59052f7e8aad88c3f4e1d1b28817ad5dd8f5da3e80bf17f4aa1	e59eee7cf5387857dcf375c761bc4588088393fe88064c16b7be945209733418	MIM.assertion:861f87076c723740b900df90c07de6c051a0de69d28e30bf4e89533b640e63c2	nutritional_roles	0	CARBON_SOURCE	LLM_PREDICTION	OPEN_REQUIRES_ORIGINAL_SOURCE	Uncited in-session reasoning supplies no independent observation. Obtain a source supporting the exact role for the specified ingredient.		false
data/ingredients/mapped/23-dihydroxybenzoic_Acid.yaml	a9833424856648828345709109550cf6be56264e00acd352a19ad620dc29a401	e59eee7cf5387857dcf375c761bc4588088393fe88064c16b7be945209733418	MIM.assertion:00648270e04d7dc30a3970b70dedccba73bd9f94dcae949caac3a35bf0be00da	nutritional_roles	0	CARBON_SOURCE	LLM_PREDICTION	OPEN_REQUIRES_ORIGINAL_SOURCE	Uncited in-session reasoning supplies no independent observation. Obtain a source supporting the exact role for the specified ingredient.		false
data/ingredients/mapped/235-Triphenyltetrazolium_Chloride.yaml	e2e49590efc40f1fc35fac9bac181d270ac48fc91c3dc3bdebde72904eebc7ae	0259562ca6ce2cbda3070b3f0bf0da8b647c21331f7bf54eda3bebe3bebe9688	MIM.assertion:608aae93ff83e7b7fb29d6175d1015f3540d3c3476719629f6490f0cc920b4fa	physicochemical_roles	0	REDOX_INDICATOR	LLM_PREDICTION	OPEN_REQUIRES_ORIGINAL_SOURCE	Uncited in-session reasoning supplies no independent observation. Obtain a source supporting the exact role for the specified ingredient.		false
data/ingredients/mapped/3-Chloro-L-tyrosine.yaml	9068e77f796c9714234627754561ef54188cdbd0d80fe3ef5d964093e1da6dc3	7d31b5bc3b31af72e9763c0dced0805a7e6435f4c0a8f0027fd68740f6d7fe14	MIM.assertion:877374d7c556b914d36180c1e0e1b6529f4d9729f6d782b7858a6533757c52e7	nutritional_roles	0	AMINO_ACID_SOURCE	ANCESTRY	OPEN_REQUIRES_ORIGINAL_SOURCE	Ontology ancestry identifies a chemical class or general chemical role; it does not establish the media-use or organism-specific nutritional claim. Inspect the actual lineage and source-context role evidence.		false
data/ingredients/mapped/3-Hydroxypropionate.yaml	b6ce46168d98421fcf455b1b60400abea3a18ca938ff084f174abf144d091f30	df2072c00c03ccac74a186fad08ecce37b665354626058d581fd7b3f601cd30f	MIM.assertion:22f53fff5dff91403eb44f95a907b24df597fc471ab96dddd38ecfdbd5bea520	nutritional_roles	0	CARBON_SOURCE	NAME_PATTERN	OPEN_REQUIRES_ORIGINAL_SOURCE	Name-pattern matching does not establish the ingredient-specific biological or formulation role. Inspect a preparation manual, original culture method, or direct utilization study.		false
data/ingredients/mapped/3-O-Methyl-D-glucopyranose.yaml	658f45ec9c7467128265ac1f7dcf83da9b7d57b6e07b4493704aaa896f6aa455	df2072c00c03ccac74a186fad08ecce37b665354626058d581fd7b3f601cd30f	MIM.assertion:3dfe73dbc7da69a0ad8967eeed0cabe9612ec8f810e5f3ed61420dd382172412	nutritional_roles	0	CARBON_SOURCE	NAME_PATTERN	COUNTEREXAMPLE_TO_INFERENCE	The closely corresponding methylglucose transport study defeats the generic name-pattern rationale; this separately registered cyclic form still needs its own positive utilization evidence. Do not infer an exact identity from this comparison.	https://doi.org/10.1016/S0021-9258(19)77148-8	false
data/ingredients/mapped/3-O-methyl-glucose.yaml	94db4b3fd0beec97b1eca146749dfdd9e4d2b0512c51c99c9f24e154003952d1	df2072c00c03ccac74a186fad08ecce37b665354626058d581fd7b3f601cd30f	MIM.assertion:2d6c5ffab818ad0c55ef8973a1926ecb35584413c8876d171ff88e26575b0ecb	nutritional_roles	0	CARBON_SOURCE	NAME_PATTERN	COUNTEREXAMPLE_TO_INFERENCE	The original Neurospora transport study distinguishes uptake of unmetabolized 3-O-methyl-D-glucose from glucose metabolism. Uptake/name similarity cannot certify carbon nutrition. No universal nonutilization claim is made.	https://doi.org/10.1016/S0021-9258(19)77148-8	false
data/ingredients/mapped/3-aminobutyric_Acid.yaml	e251b753d79dc0f3f45ccb1ffbb9a82fc61134d23c630d183a4616c93e4b72cb	7d31b5bc3b31af72e9763c0dced0805a7e6435f4c0a8f0027fd68740f6d7fe14	MIM.assertion:dfb4a265cb9fb0e41465561bce63b635c7ced872fe27316e68918620a16bbf54	nutritional_roles	0	AMINO_ACID_SOURCE	ANCESTRY	OPEN_REQUIRES_ORIGINAL_SOURCE	Ontology ancestry identifies a chemical class or general chemical role; it does not establish the media-use or organism-specific nutritional claim. Inspect the actual lineage and source-context role evidence.		false
data/ingredients/mapped/3-fucosyllactose.yaml	42b31a88125f2631aa30c20666307b40a494373b1a747d36627a6278dd383f87	df2072c00c03ccac74a186fad08ecce37b665354626058d581fd7b3f601cd30f	MIM.assertion:167f19e4057100e8fecac6229b3071432a4efda4dcb0d3afb58969540aeca5cd	nutritional_roles	0	CARBON_SOURCE	NAME_PATTERN	OPEN_REQUIRES_ORIGINAL_SOURCE	Name-pattern matching does not establish the ingredient-specific biological or formulation role. Inspect a preparation manual, original culture method, or direct utilization study.		false
data/ingredients/mapped/3-hydroxybenzoic_Acid.yaml	f6160a3478f4c9f76b8d7a83a84c2b65b0ad5d5c8cca1b82155e5e6d1fdb5ecf	e59eee7cf5387857dcf375c761bc4588088393fe88064c16b7be945209733418	MIM.assertion:394f2f62ed6d7a474b78a15dfaa0d87cbddd8b24c4cf1a2751ab6fa10bc072cb	nutritional_roles	0	CARBON_SOURCE	LLM_PREDICTION	OPEN_REQUIRES_ORIGINAL_SOURCE	Uncited in-session reasoning supplies no independent observation. Obtain a source supporting the exact role for the specified ingredient.		false
data/ingredients/mapped/3-hydroxybutyric_Acid.yaml	ae88860da0aed468ee8bf9ab2751050a59459240efcac34d9c0a16dc0744dec2	df2072c00c03ccac74a186fad08ecce37b665354626058d581fd7b3f601cd30f	MIM.assertion:9c2a985508399a0df6f311d9038380fb7597f9e8bc9cf67917ba3928adf4014b	nutritional_roles	0	CARBON_SOURCE	NAME_PATTERN	OPEN_REQUIRES_ORIGINAL_SOURCE	Name-pattern matching does not establish the ingredient-specific biological or formulation role. Inspect a preparation manual, original culture method, or direct utilization study.		false
data/ingredients/mapped/3-sialyllactose_Sodium_Salt.yaml	56429ef25370e4fcf9496a5e4e8381515d809e658f8c2ae576b4fb1a192a097a	df2072c00c03ccac74a186fad08ecce37b665354626058d581fd7b3f601cd30f	MIM.assertion:fd74bad2a214dcad9c9f08ea0a8ff632619b28693fefd5ea1f58224f96fbd9b2	nutritional_roles	0	CARBON_SOURCE	NAME_PATTERN	OPEN_REQUIRES_ORIGINAL_SOURCE	Name-pattern matching does not establish the ingredient-specific biological or formulation role. Inspect a preparation manual, original culture method, or direct utilization study.		false
data/ingredients/mapped/4-Pyridoxic_Acid.yaml	869bee2538e8475c7993a2582fbd83adaec8087b22c56f4286908beaa74dd4b3	918bac91021e5325378db6c9197e2049db1e9666b75775490a91df6567ef66da	MIM.assertion:f98179bf4a8010cc50b6b5d4017da6510f85d1dc5425b00064cacb16e0e9c8bc	nutritional_roles	0	VITAMIN_SOURCE	ANCESTRY	SOURCE_CONTEXT_CONCERN	The inspected primary study identifies 4-pyridoxic acid as a vitamin-B6 catabolite in humans. Catabolite status does not establish a microbial vitamin supply role. Microbial vitamin rescue or salvage evidence remains required.	https://pubmed.ncbi.nlm.nih.gov/11756060/	false
data/ingredients/mapped/4-aminobenzoate.yaml	927670adb571f96eaccb4f2f0d7da5b633cdf4f68a75cbd3b3faab0df18430b8	fbd87a58eeee5c4abfa419f3c0484f31c23a06de9c808517085a4be44f73bb2e	MIM.assertion:00db522d5b24f12b597ed3f0686a7b21c9692c3310d1ecbbf58819fea5b345a2	nutritional_roles	0	VITAMIN_SOURCE	LLM_PREDICTION	OPEN_REQUIRES_ORIGINAL_SOURCE	Uncited in-session reasoning supplies no independent observation. Obtain a source supporting the exact role for the specified ingredient.		false
data/ingredients/mapped/4-azido-L-phenylalanine.yaml	cacd5a77c0591dcc655e4b541d02bbc8377da1c68d30bee5224e2020678f7439	7d31b5bc3b31af72e9763c0dced0805a7e6435f4c0a8f0027fd68740f6d7fe14	MIM.assertion:fbdc3860cbe972331c665044e05700ffe09a0b2c5d475302e77c07c448523ea0	nutritional_roles	0	AMINO_ACID_SOURCE	ANCESTRY	OPEN_REQUIRES_ORIGINAL_SOURCE	Ontology ancestry identifies a chemical class or general chemical role; it does not establish the media-use or organism-specific nutritional claim. Inspect the actual lineage and source-context role evidence.		false
data/ingredients/mapped/4-hydroxybutyric_Acid.yaml	6781a19b96e24d37da9475dddafb149c9462e37b0f8c397f598ca8a8d7f155f0	df2072c00c03ccac74a186fad08ecce37b665354626058d581fd7b3f601cd30f	MIM.assertion:ada5b5c6203157de53f83aa85c15256da9930767277aff2913cea49344003d66	nutritional_roles	0	CARBON_SOURCE	NAME_PATTERN	OPEN_REQUIRES_ORIGINAL_SOURCE	Name-pattern matching does not establish the ingredient-specific biological or formulation role. Inspect a preparation manual, original culture method, or direct utilization study.		false
data/ingredients/mapped/4-hydroxyphenyl_Acetic_Acid.yaml	ce453fe01660537285720b57586f1f141fd88da554845ee0731d49bc508860b8	e59eee7cf5387857dcf375c761bc4588088393fe88064c16b7be945209733418	MIM.assertion:e790debdbd293197c106a45a448efc58aec02a8da12e8d31407f9854ca19a7e6	nutritional_roles	0	CARBON_SOURCE	LLM_PREDICTION	OPEN_REQUIRES_ORIGINAL_SOURCE	Uncited in-session reasoning supplies no independent observation. Obtain a source supporting the exact role for the specified ingredient.		false
data/ingredients/mapped/5-Aminolevulinic_Acid.yaml	5db988cbc1862a142c35787afafa854afe37d2dbae5957a2dacf4ad694b23047	7d31b5bc3b31af72e9763c0dced0805a7e6435f4c0a8f0027fd68740f6d7fe14	MIM.assertion:8f83910148ad4780799e6550d7102bca05dbebc7992fc89c56a6d243be88005a	nutritional_roles	0	AMINO_ACID_SOURCE	ANCESTRY	OPEN_REQUIRES_ORIGINAL_SOURCE	Ontology ancestry identifies a chemical class or general chemical role; it does not establish the media-use or organism-specific nutritional claim. Inspect the actual lineage and source-context role evidence.		false
data/ingredients/mapped/5-Keto-D-Gluconic_Acid_Potassium_Salt.yaml	4715d7c9d7bb965f7f3db53cf64b2cfb1ac1a748dc0af3b38ca38ca5c888e42f	df2072c00c03ccac74a186fad08ecce37b665354626058d581fd7b3f601cd30f	MIM.assertion:9aad04255746717eaca4dab8477ef28de7f6ef2ab84efd8be102a2709808f1d7	nutritional_roles	0	CARBON_SOURCE	NAME_PATTERN	OPEN_REQUIRES_ORIGINAL_SOURCE	Name-pattern matching does not establish the ingredient-specific biological or formulation role. Inspect a preparation manual, original culture method, or direct utilization study.		false
data/ingredients/mapped/5-Keto-D-Gluconic_Acid_Potassium_Salt.yaml	4715d7c9d7bb965f7f3db53cf64b2cfb1ac1a748dc0af3b38ca38ca5c888e42f	05797c833ce5f55a4f9deb8713e7b56bc9b4c8e4920aeed310903d0418be101f	MIM.assertion:a663af715c6bf8d31cf01a347564650c39c473a88d7c238c7ac31755632ca4a0	nutritional_roles	1	ENERGY_SOURCE	ENERGY_TEMPLATE	OPEN_REQUIRES_ORIGINAL_SOURCE	A generic energy-substrate template does not record a supporting organism, culture condition, or utilization experiment. Source-confirm this precise stereochemical and supplied form.		false
data/ingredients/mapped/5-aminovaleric_Acid.yaml	c619f43c8d0bab3cf84ebb74359aa9d005b56e118ba3ef4639d3702b340d8df7	7d31b5bc3b31af72e9763c0dced0805a7e6435f4c0a8f0027fd68740f6d7fe14	MIM.assertion:faab39233dde194f881c41cfee6c58e1ab6cf908b93a58401dc33f0ab865a86f	nutritional_roles	0	AMINO_ACID_SOURCE	ANCESTRY	OPEN_REQUIRES_ORIGINAL_SOURCE	Ontology ancestry identifies a chemical class or general chemical role; it does not establish the media-use or organism-specific nutritional claim. Inspect the actual lineage and source-context role evidence.		false
data/ingredients/mapped/6-O-Acetyl-D-glucose.yaml	38cdc303f8d0473f059bf3d62092132692d95f70c04a671908f1a589a1a3fa7c	df2072c00c03ccac74a186fad08ecce37b665354626058d581fd7b3f601cd30f	MIM.assertion:530b9a33393e41393b0fa24ca237311c77789cd3b35d0d37db7f58841672cf48	nutritional_roles	0	CARBON_SOURCE	NAME_PATTERN	OPEN_REQUIRES_ORIGINAL_SOURCE	Name-pattern matching does not establish the ingredient-specific biological or formulation role. Inspect a preparation manual, original culture method, or direct utilization study.		false
data/ingredients/mapped/6-O-Acetyl-D-glucose.yaml	38cdc303f8d0473f059bf3d62092132692d95f70c04a671908f1a589a1a3fa7c	05797c833ce5f55a4f9deb8713e7b56bc9b4c8e4920aeed310903d0418be101f	MIM.assertion:0cd517800cb7f71434f0b978c42e2214e5242dc7f14c682cb911b2a8f779903a	nutritional_roles	1	ENERGY_SOURCE	ENERGY_TEMPLATE	OPEN_REQUIRES_ORIGINAL_SOURCE	A generic energy-substrate template does not record a supporting organism, culture condition, or utilization experiment. Source-confirm this precise stereochemical and supplied form.		false
data/ingredients/mapped/6-O-sialyllactose_Sodium_Salt.yaml	f2ddbc9dd0209c5ed904ebfa976bbc245cc84d951f57c4d0a91a6c10bad0ba41	df2072c00c03ccac74a186fad08ecce37b665354626058d581fd7b3f601cd30f	MIM.assertion:ab16acbe320dbcc1729d60671462e5611cdfc195366c90f790dd57a713fe7a42	nutritional_roles	0	CARBON_SOURCE	NAME_PATTERN	OPEN_REQUIRES_ORIGINAL_SOURCE	Name-pattern matching does not establish the ingredient-specific biological or formulation role. Inspect a preparation manual, original culture method, or direct utilization study.		false
data/ingredients/mapped/A-Cyclodextrin.yaml	b8b0cdff9ec1b79cb23d8b4b3ba2439530fe37513e956df099a896a3591d714d	4ea628be52149f9b81f39b2e78a409a172515bc4ad5c8e5c6fb4eba7014f1b6e	MIM.assertion:613f242d864aa7218813902f39bd3dfcc2fc2dd280e316315ced2085ac53a4a0	nutritional_roles	0	CARBON_SOURCE	ANCESTRY	OPEN_REQUIRES_ORIGINAL_SOURCE	Ontology ancestry identifies a chemical class or general chemical role; it does not establish the media-use or organism-specific nutritional claim. Inspect the actual lineage and source-context role evidence.		false
data/ingredients/mapped/A-Ketoglutaric_Acid_Disodium_Salt_Hydrate.yaml	09dcea028f806cc4d490096bd79e8e1391c27d23ff523f97e732016ab83f0450	df2072c00c03ccac74a186fad08ecce37b665354626058d581fd7b3f601cd30f	MIM.assertion:61039bfb71205d8ddfea8a521a627ab7c2354506ce7771e32e7a3822c8c32c5e	nutritional_roles	0	CARBON_SOURCE	NAME_PATTERN	OPEN_REQUIRES_ORIGINAL_SOURCE	Name-pattern matching does not establish the ingredient-specific biological or formulation role. Inspect a preparation manual, original culture method, or direct utilization study.		false
data/ingredients/mapped/A-Ketoglutaric_Acid_Disodium_Salt_Hydrate.yaml	09dcea028f806cc4d490096bd79e8e1391c27d23ff523f97e732016ab83f0450	05797c833ce5f55a4f9deb8713e7b56bc9b4c8e4920aeed310903d0418be101f	MIM.assertion:ada9e8e5522593ef3c101f02c7607ae9070c63ae8d1baaee00afdc3adeb0586c	nutritional_roles	1	ENERGY_SOURCE	ENERGY_TEMPLATE	OPEN_REQUIRES_ORIGINAL_SOURCE	A generic energy-substrate template does not record a supporting organism, culture condition, or utilization experiment. Source-confirm this precise stereochemical and supplied form.		false
data/ingredients/mapped/Aburamycin_A.yaml	1e8bbe2d44aa052f9611807ae18068c5c80de30eafbd1ceafa8246cc499b7601	f8022e7f4b0dc2d5ac8bfee6907fef9eff7506632cd4a11eac620af6777da28b	MIM.assertion:4c1112d681729f4e3444b8c64c185f0f357d975fc4f6c9d9f63f983a39e5985c	physicochemical_roles	0	SELECTIVE_AGENT	NAME_PATTERN	OPEN_REQUIRES_ORIGINAL_SOURCE	Name-pattern matching does not establish the ingredient-specific biological or formulation role. Inspect a preparation manual, original culture method, or direct utilization study.		false
data/ingredients/mapped/Abyssomicin_B.yaml	efe32f4e766299de8dfb6b2ded78214ca6c97186a7bead132e1fdf37400cf46f	f8022e7f4b0dc2d5ac8bfee6907fef9eff7506632cd4a11eac620af6777da28b	MIM.assertion:1030f592087cb6fad7518e91f47054095a7c44ac614118f820bd748274cd39db	physicochemical_roles	0	SELECTIVE_AGENT	NAME_PATTERN	OPEN_REQUIRES_ORIGINAL_SOURCE	Name-pattern matching does not establish the ingredient-specific biological or formulation role. Inspect a preparation manual, original culture method, or direct utilization study.		false
data/ingredients/mapped/Abyssomicin_D.yaml	a690df5475b0fbbad01dca95f3afd96dff58d64980d36af56420faa102180994	f8022e7f4b0dc2d5ac8bfee6907fef9eff7506632cd4a11eac620af6777da28b	MIM.assertion:8502b02851f3b8d91ed419c0bd8028cb0d35a2b8932e005c977cae71778f459c	physicochemical_roles	0	SELECTIVE_AGENT	NAME_PATTERN	OPEN_REQUIRES_ORIGINAL_SOURCE	Name-pattern matching does not establish the ingredient-specific biological or formulation role. Inspect a preparation manual, original culture method, or direct utilization study.		false
data/ingredients/mapped/Abyssomicin_G.yaml	2fa726b15b881eb658b52e9dc948a7f7d8da8576561d6d4901e167395f46ad17	f8022e7f4b0dc2d5ac8bfee6907fef9eff7506632cd4a11eac620af6777da28b	MIM.assertion:d0ef5be6b5fe139481a5daa15d62233dcaee657c67f6639ff1e6e6e4ad1af5ae	physicochemical_roles	0	SELECTIVE_AGENT	NAME_PATTERN	OPEN_REQUIRES_ORIGINAL_SOURCE	Name-pattern matching does not establish the ingredient-specific biological or formulation role. Inspect a preparation manual, original culture method, or direct utilization study.		false
data/ingredients/mapped/Abyssomicin_H.yaml	06abd4f73cfcd093312622a2d40c84e6f7f5121381559b57f7682de478726c8d	f8022e7f4b0dc2d5ac8bfee6907fef9eff7506632cd4a11eac620af6777da28b	MIM.assertion:1083a65d53e4e3d9bf14eb21a4d2e5f4f67aefefbdea395f2549908d88d7729a	physicochemical_roles	0	SELECTIVE_AGENT	NAME_PATTERN	OPEN_REQUIRES_ORIGINAL_SOURCE	Name-pattern matching does not establish the ingredient-specific biological or formulation role. Inspect a preparation manual, original culture method, or direct utilization study.		false
data/ingredients/mapped/Acetate.yaml	903a76864cf76781d05225e3520f3167a1815508bf9fdf8538cf10daf8c78fce	05797c833ce5f55a4f9deb8713e7b56bc9b4c8e4920aeed310903d0418be101f	MIM.assertion:ec6a42332d30d30905fc9380686916211b00f8e83e6cfb5c0848de5e4349715f	nutritional_roles	1	ENERGY_SOURCE	ENERGY_TEMPLATE	OPEN_REQUIRES_ORIGINAL_SOURCE	A generic energy-substrate template does not record a supporting organism, culture condition, or utilization experiment. Source-confirm this precise stereochemical and supplied form.		false
data/ingredients/mapped/Acetate.yaml	903a76864cf76781d05225e3520f3167a1815508bf9fdf8538cf10daf8c78fce	df2072c00c03ccac74a186fad08ecce37b665354626058d581fd7b3f601cd30f	MIM.assertion:7b14697024cd079bad8092a2ec95a9dc94c053290787ca3df381c28afaf0549a	nutritional_roles	2	CARBON_SOURCE	NAME_PATTERN	OPEN_REQUIRES_ORIGINAL_SOURCE	Name-pattern matching does not establish the ingredient-specific biological or formulation role. Inspect a preparation manual, original culture method, or direct utilization study.		false
data/ingredients/mapped/Acetic_Acid.yaml	1abbee46f4daba495b5996ebff330179a6bd048e4ce5bb805f6a3f5647e1c8d9	05797c833ce5f55a4f9deb8713e7b56bc9b4c8e4920aeed310903d0418be101f	MIM.assertion:92ef822e3dc9201be17510e23f4fb29a356a99b6e467ee2bcd2d9fa4b14ea210	nutritional_roles	1	ENERGY_SOURCE	ENERGY_TEMPLATE	OPEN_REQUIRES_ORIGINAL_SOURCE	A generic energy-substrate template does not record a supporting organism, culture condition, or utilization experiment. Source-confirm this precise stereochemical and supplied form.		false
data/ingredients/mapped/Acetylated_Xylan.yaml	4d9d3f0b69a7539f44bffeeffa810af887d05e1eb9320148d29f3af6d4b0bb81	df2072c00c03ccac74a186fad08ecce37b665354626058d581fd7b3f601cd30f	MIM.assertion:a89499e9277bcfe64b2bc5cf473b11df3ad85531ad589058e59bcc12beb78e4d	nutritional_roles	0	CARBON_SOURCE	NAME_PATTERN	OPEN_REQUIRES_ORIGINAL_SOURCE	Name-pattern matching does not establish the ingredient-specific biological or formulation role. Inspect a preparation manual, original culture method, or direct utilization study.		false
data/ingredients/mapped/Achromoviromycin.yaml	d6d488697656261cb8807a251449d55226dd6d0571b46762d0b0a0dd84c94b6f	f8022e7f4b0dc2d5ac8bfee6907fef9eff7506632cd4a11eac620af6777da28b	MIM.assertion:d0e0b4f6460dedb200f7a20bb07a02f4f8f7c41996df7a0d14ef3c23130eeea8	physicochemical_roles	0	SELECTIVE_AGENT	NAME_PATTERN	OPEN_REQUIRES_ORIGINAL_SOURCE	Name-pattern matching does not establish the ingredient-specific biological or formulation role. Inspect a preparation manual, original culture method, or direct utilization study.		false
data/ingredients/mapped/Actinomycin_A.yaml	852a8e6a74392aa08d499d90034d5fb010abd24796d60e259b74ca486c7baf63	f8022e7f4b0dc2d5ac8bfee6907fef9eff7506632cd4a11eac620af6777da28b	MIM.assertion:8a9729e57f4e8354e03a0ea5a298cb33442195b9348b8e6077aeaa2647ec477d	physicochemical_roles	0	SELECTIVE_AGENT	NAME_PATTERN	OPEN_REQUIRES_ORIGINAL_SOURCE	Name-pattern matching does not establish the ingredient-specific biological or formulation role. Inspect a preparation manual, original culture method, or direct utilization study.		false
data/ingredients/mapped/Actinomycin_D.yaml	b918c9988e5f0f5b00f1c1f0b461141d31a54f2aa4ccfdf25bcea946a6269a89	f8022e7f4b0dc2d5ac8bfee6907fef9eff7506632cd4a11eac620af6777da28b	MIM.assertion:2629f92a7d1c87d9d51da29f82303aaf31caaf0098345016baeec455a278c7d7	physicochemical_roles	0	SELECTIVE_AGENT	NAME_PATTERN	OPEN_REQUIRES_ORIGINAL_SOURCE	Name-pattern matching does not establish the ingredient-specific biological or formulation role. Inspect a preparation manual, original culture method, or direct utilization study.		false
data/ingredients/mapped/Adenomycin.yaml	2433bb3d3b37534cebeb11091c1a95ee2c27024910b966413e04ca5f76bdafed	f8022e7f4b0dc2d5ac8bfee6907fef9eff7506632cd4a11eac620af6777da28b	MIM.assertion:9964f5099aa02cdfb9c50c78a3a7debb1ad676103a85534f44cf48161ffa2e54	physicochemical_roles	0	SELECTIVE_AGENT	NAME_PATTERN	OPEN_REQUIRES_ORIGINAL_SOURCE	Name-pattern matching does not establish the ingredient-specific biological or formulation role. Inspect a preparation manual, original culture method, or direct utilization study.		false
data/ingredients/mapped/Agar.yaml	f39ca6f22f3d46adf5c1f84acc0398e25893387d1771b1a38761081abc3690db	61a37312987fbc0c3b76c8a2b98c3e5fbfeb9b5a94aeb2b484909d2fdb255fa3	MIM.assertion:4c8ddb1183b1e4e8fb3d7af4d7e3cca2bde752cda419f374f960718d656d67ae	physicochemical_roles	0	SOLIDIFYING_AGENT	NAME_PATTERN	OPEN_REQUIRES_ORIGINAL_SOURCE	Name-pattern matching does not establish the ingredient-specific biological or formulation role. Inspect a preparation manual, original culture method, or direct utilization study.		false
data/ingredients/mapped/Agarose.yaml	f5c974c40d6d5f05f49d051ba5852e4fbfd41b23d3bbc5a29e62aa31ced36c3d	4ea628be52149f9b81f39b2e78a409a172515bc4ad5c8e5c6fb4eba7014f1b6e	MIM.assertion:d15fa2cebbb4a1f2ef2fdf400e460402be5d0bbe4aa59f22e8a58fd96ba153f7	nutritional_roles	0	CARBON_SOURCE	ANCESTRY	OPEN_REQUIRES_ORIGINAL_SOURCE	Ontology ancestry identifies a chemical class or general chemical role; it does not establish the media-use or organism-specific nutritional claim. Inspect the actual lineage and source-context role evidence.		false
data/ingredients/mapped/Alboverticillin.yaml	bfdc3f61820466a9c73e46ce9f538574c59722266433dc6458cf6dfce77176d7	f8022e7f4b0dc2d5ac8bfee6907fef9eff7506632cd4a11eac620af6777da28b	MIM.assertion:e73324cca0f180f1e95d649b1e94d1a26032d244c8e551e8fd6a673ae44965e8	physicochemical_roles	0	SELECTIVE_AGENT	NAME_PATTERN	OPEN_REQUIRES_ORIGINAL_SOURCE	Name-pattern matching does not establish the ingredient-specific biological or formulation role. Inspect a preparation manual, original culture method, or direct utilization study.		false
data/ingredients/mapped/Algal_Trace_Elements_Solution.yaml	3f3ae6752048a4120c5c2accff72118a4a546bd2d1bdb1e675be4415b8a9ffbc	bd2e2b4f6e9ac2aab180a7d3f143fa9bb9f71a8140db8da2244c0efb52e3877e	MIM.assertion:29177f9696f56cbf89f1943982862aba9a97f673ad8b204c66065144f544c2a2	nutritional_roles	0	TRACE_ELEMENT	LLM_PREDICTION	OPEN_REQUIRES_ORIGINAL_SOURCE	Uncited in-session reasoning supplies no independent observation. Obtain a source supporting the exact role for the specified ingredient.		false
data/ingredients/mapped/Alpha-Lactose.yaml	5e0b82a8cbd247cf1ac58acb16a1997fc0f738efc1485666558bbb8e22814b89	4ea628be52149f9b81f39b2e78a409a172515bc4ad5c8e5c6fb4eba7014f1b6e	MIM.assertion:3a8e59a0117b264b522ee0b7e4b4a67a245d01a7cdb26031dcbe9fd79c8302f9	nutritional_roles	0	CARBON_SOURCE	ANCESTRY	OPEN_REQUIRES_ORIGINAL_SOURCE	Ontology ancestry identifies a chemical class or general chemical role; it does not establish the media-use or organism-specific nutritional claim. Inspect the actual lineage and source-context role evidence.		false
data/ingredients/mapped/Alpha-Lactose.yaml	5e0b82a8cbd247cf1ac58acb16a1997fc0f738efc1485666558bbb8e22814b89	05797c833ce5f55a4f9deb8713e7b56bc9b4c8e4920aeed310903d0418be101f	MIM.assertion:0d3a96e41a1e2c36bb2c7bd1e2fbb43791766e29f615f7c3068efbee8396b7ba	nutritional_roles	1	ENERGY_SOURCE	ENERGY_TEMPLATE	OPEN_REQUIRES_ORIGINAL_SOURCE	A generic energy-substrate template does not record a supporting organism, culture condition, or utilization experiment. Source-confirm this precise stereochemical and supplied form.		false
data/ingredients/mapped/Alpha-d-glucose.yaml	9800d079702afb2d9b677c6a3eb558f61ebe43d75665e6849af40dd4715c417c	4ea628be52149f9b81f39b2e78a409a172515bc4ad5c8e5c6fb4eba7014f1b6e	MIM.assertion:7e3daf2b96eff217f7b29fa7d4e0b3faaa1540bb80b422e057e8a143573e5a93	nutritional_roles	0	CARBON_SOURCE	ANCESTRY	OPEN_REQUIRES_ORIGINAL_SOURCE	Ontology ancestry identifies a chemical class or general chemical role; it does not establish the media-use or organism-specific nutritional claim. Inspect the actual lineage and source-context role evidence.		false
data/ingredients/mapped/Alpha-d-glucose.yaml	9800d079702afb2d9b677c6a3eb558f61ebe43d75665e6849af40dd4715c417c	05797c833ce5f55a4f9deb8713e7b56bc9b4c8e4920aeed310903d0418be101f	MIM.assertion:ed59499287c32a3db73438ada2607c8ebf97827c9b716f7d8768df8c90dafcab	nutritional_roles	1	ENERGY_SOURCE	ENERGY_TEMPLATE	OPEN_REQUIRES_ORIGINAL_SOURCE	A generic energy-substrate template does not record a supporting organism, culture condition, or utilization experiment. Source-confirm this precise stereochemical and supplied form.		false
data/ingredients/mapped/Alpha-ketoglutaric_Acid.yaml	cc852c586e35a3ffa025ce9446da05dc235a6df8a7c0e7c2fa4c4d6ee18d371d	df2072c00c03ccac74a186fad08ecce37b665354626058d581fd7b3f601cd30f	MIM.assertion:8a3140bdf99ec709563f1701dacd7c77615527c5fb430d47fb2bbc705ec5d825	nutritional_roles	0	CARBON_SOURCE	NAME_PATTERN	OPEN_REQUIRES_ORIGINAL_SOURCE	Name-pattern matching does not establish the ingredient-specific biological or formulation role. Inspect a preparation manual, original culture method, or direct utilization study.		false
data/ingredients/mapped/Alpha-ketoglutaric_Acid.yaml	cc852c586e35a3ffa025ce9446da05dc235a6df8a7c0e7c2fa4c4d6ee18d371d	05797c833ce5f55a4f9deb8713e7b56bc9b4c8e4920aeed310903d0418be101f	MIM.assertion:2958c2bf794f15ce5c00a8cb9faee3ea6b577ba3ceaae8673ed8b5ba81822af2	nutritional_roles	1	ENERGY_SOURCE	ENERGY_TEMPLATE	OPEN_REQUIRES_ORIGINAL_SOURCE	A generic energy-substrate template does not record a supporting organism, culture condition, or utilization experiment. Source-confirm this precise stereochemical and supplied form.		false
data/ingredients/mapped/Ammonium_Molybdate_Tetrahydrate.yaml	ca53eb1f057f8e1ee877edeb4f05e232b10b47b3512d969b5711a525f4305ddd	bd2e2b4f6e9ac2aab180a7d3f143fa9bb9f71a8140db8da2244c0efb52e3877e	MIM.assertion:58de8162d2c89373aa86ada9e8cd4d55b2a87247d1ad588e7a17c9f75f2b9e08	nutritional_roles	0	TRACE_ELEMENT	LLM_PREDICTION	OPEN_REQUIRES_ORIGINAL_SOURCE	Uncited in-session reasoning supplies no independent observation. Obtain a source supporting the exact role for the specified ingredient.		false
data/ingredients/mapped/Ammonium_Persulfate.yaml	e5c2b9f829de7a55778ece3f76c759eb7197137b4b3350129e101a9164594b6f	79a80d210fadd14cd4cc24f388faa2e90f010feb2bbdbc50d68af5e66245988b	MIM.assertion:d4ed1565d6397265027cba655b31c39cd239d42c3d14197988fd4e2f266ce578	nutritional_roles	0	NITROGEN_SOURCE	ANCESTRY	OPEN_REQUIRES_ORIGINAL_SOURCE	Ontology ancestry identifies a chemical class or general chemical role; it does not establish the media-use or organism-specific nutritional claim. Inspect the actual lineage and source-context role evidence.		false
data/ingredients/mapped/Ammonium_Sulfide_Solution.yaml	e775c18569adce95f5fdfc0d2224d5a584b88c296f6f975ebe012f5b571728d9	1ebc231952c7b26c84f5098a04ce280ae03d92c47ec1430a34eb139b88a5b9a2	MIM.assertion:51cf0c6b5d863b04a72650f1c0aeb9e8828b99c6643aec01b940f3a076206da4	physicochemical_roles	0	REDUCING_AGENT	NAME_PATTERN	OPEN_REQUIRES_ORIGINAL_SOURCE	Name-pattern matching does not establish the ingredient-specific biological or formulation role. Inspect a preparation manual, original culture method, or direct utilization study.		false
data/ingredients/mapped/Amoxicillin.yaml	80beaaa821ea439d3559bff373706b3a13d2b321dd74ab9a4b4e50cc8aa02e4d	f8022e7f4b0dc2d5ac8bfee6907fef9eff7506632cd4a11eac620af6777da28b	MIM.assertion:0bc0c1382665cdf5b275c90440742366c727b7943040655885f915b093bb065a	physicochemical_roles	0	SELECTIVE_AGENT	NAME_PATTERN	OPEN_REQUIRES_ORIGINAL_SOURCE	Name-pattern matching does not establish the ingredient-specific biological or formulation role. Inspect a preparation manual, original culture method, or direct utilization study.		false
data/ingredients/mapped/Amphotericin_A.yaml	5fd05b51b1510c00941559c7632b178dd057ccce0d35b5dd8aad2c8ca3e297e3	f8022e7f4b0dc2d5ac8bfee6907fef9eff7506632cd4a11eac620af6777da28b	MIM.assertion:6181ac2389d565c1f956af2f05a526218c8525c3504f1914cf941c8fab20638d	physicochemical_roles	0	SELECTIVE_AGENT	NAME_PATTERN	OPEN_REQUIRES_ORIGINAL_SOURCE	Name-pattern matching does not establish the ingredient-specific biological or formulation role. Inspect a preparation manual, original culture method, or direct utilization study.		false
data/ingredients/mapped/Amphotericin_B.yaml	fc5f6bc5528bc5d761e4aa1a6e53fca4619b9967833aa41fd19fbf01c2ff40f1	f8022e7f4b0dc2d5ac8bfee6907fef9eff7506632cd4a11eac620af6777da28b	MIM.assertion:f0875d84050b1adfc1a5f74ef1d760bafa68a7a0b283ba2078a7892566ba7bc6	physicochemical_roles	0	SELECTIVE_AGENT	NAME_PATTERN	OPEN_REQUIRES_ORIGINAL_SOURCE	Name-pattern matching does not establish the ingredient-specific biological or formulation role. Inspect a preparation manual, original culture method, or direct utilization study.		false
data/ingredients/mapped/Amylose_From_Potato.yaml	32a32d115d9ce051df5517bdd305c169a80cb5b6cbfdfd76ddc56817a3c71468	4ea628be52149f9b81f39b2e78a409a172515bc4ad5c8e5c6fb4eba7014f1b6e	MIM.assertion:6900124f0d9b9950d4b35043884b2d55d38d9492d9724df38f27f7f4b7a5901e	nutritional_roles	0	CARBON_SOURCE	ANCESTRY	OPEN_REQUIRES_ORIGINAL_SOURCE	Ontology ancestry identifies a chemical class or general chemical role; it does not establish the media-use or organism-specific nutritional claim. Inspect the actual lineage and source-context role evidence.		false
data/ingredients/mapped/Angolamycin.yaml	f6e9c5f989543b3e94db17124b1c4d30f742346e5258b6a5bbe1dd46ab7cca46	f8022e7f4b0dc2d5ac8bfee6907fef9eff7506632cd4a11eac620af6777da28b	MIM.assertion:0ab3e520acf26ecd98bc72a6db8fb462e7055429c68462381c2ef4bf2f5d192b	physicochemical_roles	0	SELECTIVE_AGENT	NAME_PATTERN	OPEN_REQUIRES_ORIGINAL_SOURCE	Name-pattern matching does not establish the ingredient-specific biological or formulation role. Inspect a preparation manual, original culture method, or direct utilization study.		false
data/ingredients/mapped/Angustmycin.yaml	4b926227e313a993c12b8276bd86ef3edc9dc0feabcf52861f16ff26cde2cd65	f8022e7f4b0dc2d5ac8bfee6907fef9eff7506632cd4a11eac620af6777da28b	MIM.assertion:e9173a225decbf666afea94de2b15cdca0a7ecde375cbe50bf9f02c67f761870	physicochemical_roles	0	SELECTIVE_AGENT	NAME_PATTERN	OPEN_REQUIRES_ORIGINAL_SOURCE	Name-pattern matching does not establish the ingredient-specific biological or formulation role. Inspect a preparation manual, original culture method, or direct utilization study.		false
data/ingredients/mapped/Anhydrotetracycline_Hydrochloride.yaml	4037be5e7c99f85848d2e6eeda124db7d173b1ae96e5c577304370686299511b	f8022e7f4b0dc2d5ac8bfee6907fef9eff7506632cd4a11eac620af6777da28b	MIM.assertion:34cb03e1bcfd4fa718d1c155ab3335286eb4cce553f6bac33f4a82406fd6a858	physicochemical_roles	0	SELECTIVE_AGENT	NAME_PATTERN	OPEN_REQUIRES_ORIGINAL_SOURCE	Name-pattern matching does not establish the ingredient-specific biological or formulation role. Inspect a preparation manual, original culture method, or direct utilization study.		false
data/ingredients/mapped/Anthranilic_Acid.yaml	6cfdf0a1d449d6473560116cbf05523a4c31f86d233dca0a4ac88c58217d050d	7d31b5bc3b31af72e9763c0dced0805a7e6435f4c0a8f0027fd68740f6d7fe14	MIM.assertion:1dba41161d7e837697d132dcf6e286c875635c6b795989ca6808ae96fca7804d	nutritional_roles	0	AMINO_ACID_SOURCE	ANCESTRY	OPEN_REQUIRES_ORIGINAL_SOURCE	Ontology ancestry identifies a chemical class or general chemical role; it does not establish the media-use or organism-specific nutritional claim. Inspect the actual lineage and source-context role evidence.		false
data/ingredients/mapped/Antimycin_A.yaml	53b2ae1d271c05dc3c0cbcf7612d367df95a906463fee7eb5dbb91fa5251e1a0	f8022e7f4b0dc2d5ac8bfee6907fef9eff7506632cd4a11eac620af6777da28b	MIM.assertion:d753164e182a3bec70f1947bf3c6c414bd4194eef74aff0dfa6aabc3888449fe	physicochemical_roles	0	SELECTIVE_AGENT	NAME_PATTERN	OPEN_REQUIRES_ORIGINAL_SOURCE	Name-pattern matching does not establish the ingredient-specific biological or formulation role. Inspect a preparation manual, original culture method, or direct utilization study.		false
data/ingredients/mapped/Apramycin_Sulfate_Salt.yaml	33fd1bd6dd4db120ea6c8aa324092637da23d0503ddb7d5f45b4d3f827dc3bcb	f8022e7f4b0dc2d5ac8bfee6907fef9eff7506632cd4a11eac620af6777da28b	MIM.assertion:2e5c80fabc6bb84e52fcabeced305edbb4c9f5422cad9b421bf4ef9be1ae15f8	physicochemical_roles	0	SELECTIVE_AGENT	NAME_PATTERN	OPEN_REQUIRES_ORIGINAL_SOURCE	Name-pattern matching does not establish the ingredient-specific biological or formulation role. Inspect a preparation manual, original culture method, or direct utilization study.		false
data/ingredients/mapped/Arabinobiose.yaml	8d2557fe1ca591528232df26f353e6627c5ca36b595c3d9120159e660ea6817b	df2072c00c03ccac74a186fad08ecce37b665354626058d581fd7b3f601cd30f	MIM.assertion:d35f53a4cf6363cb98723c1492eff96ccd47eb80c2435758dbc2bdd6d81348ef	nutritional_roles	0	CARBON_SOURCE	NAME_PATTERN	OPEN_REQUIRES_ORIGINAL_SOURCE	Name-pattern matching does not establish the ingredient-specific biological or formulation role. Inspect a preparation manual, original culture method, or direct utilization study.		false
data/ingredients/mapped/Arabinogalactan.yaml	fa8deb44b02598c58b71284dab5d34bd7f78623105f13016c1ef09585698ea95	4ea628be52149f9b81f39b2e78a409a172515bc4ad5c8e5c6fb4eba7014f1b6e	MIM.assertion:0294051e6e5589b263eb6048a843efc5b3c27287a94fc3ec9e1c38c9636550d9	nutritional_roles	0	CARBON_SOURCE	ANCESTRY	OPEN_REQUIRES_ORIGINAL_SOURCE	Ontology ancestry identifies a chemical class or general chemical role; it does not establish the media-use or organism-specific nutritional claim. Inspect the actual lineage and source-context role evidence.		false
data/ingredients/mapped/Arabinose.yaml	bd2d37adf886a36285968be7e6180f4f6112dd4b2a130f49d9826c7e3e361b30	05797c833ce5f55a4f9deb8713e7b56bc9b4c8e4920aeed310903d0418be101f	MIM.assertion:464d953752c8901aa45b819fc0747ccad4da89d9e2a692d8726e0d8a131b08b7	nutritional_roles	1	ENERGY_SOURCE	ENERGY_TEMPLATE	OPEN_REQUIRES_ORIGINAL_SOURCE	A generic energy-substrate template does not record a supporting organism, culture condition, or utilization experiment. Source-confirm this precise stereochemical and supplied form.		false
data/ingredients/mapped/Arabinotriose.yaml	4ad2b26f9d870ae612268c0f11ef6a36bb58d366ec2a0a0aee32a54b7f888b5f	df2072c00c03ccac74a186fad08ecce37b665354626058d581fd7b3f601cd30f	MIM.assertion:11c3a008de699bcb6c3e315c4d824c9534fa284ce44a45484bc82f15132ffe60	nutritional_roles	0	CARBON_SOURCE	NAME_PATTERN	OPEN_REQUIRES_ORIGINAL_SOURCE	Name-pattern matching does not establish the ingredient-specific biological or formulation role. Inspect a preparation manual, original culture method, or direct utilization study.		false
data/ingredients/mapped/Arabinoxylan_Rye_Flour.yaml	eed0ccdc99fba905c26e90c39684cfa8a0682cc9909ec94e2fac40e33e734adf	df2072c00c03ccac74a186fad08ecce37b665354626058d581fd7b3f601cd30f	MIM.assertion:0e30a1b63e1368dbda83fcb339d77102429eee1e947a574a2481c6d757f2f049	nutritional_roles	0	CARBON_SOURCE	NAME_PATTERN	OPEN_REQUIRES_ORIGINAL_SOURCE	Name-pattern matching does not establish the ingredient-specific biological or formulation role. Inspect a preparation manual, original culture method, or direct utilization study.		false
data/ingredients/mapped/Arabitol.yaml	046401fe5681668f663a4e09ff4676c4f3b1f1758e1f2057be28bde3e4d32370	4ea628be52149f9b81f39b2e78a409a172515bc4ad5c8e5c6fb4eba7014f1b6e	MIM.assertion:0ac53c436e3edafecf0279270bf0f1b2430016dac152efac41614a8dc04f3fb0	nutritional_roles	0	CARBON_SOURCE	ANCESTRY	OPEN_REQUIRES_ORIGINAL_SOURCE	Ontology ancestry identifies a chemical class or general chemical role; it does not establish the media-use or organism-specific nutritional claim. Inspect the actual lineage and source-context role evidence.		false
data/ingredients/mapped/Atrop_Abyssomicin_C.yaml	7088d46275f1119f14a81d379bad38ad24eae23d82a93a8e888dffa635be7187	f8022e7f4b0dc2d5ac8bfee6907fef9eff7506632cd4a11eac620af6777da28b	MIM.assertion:407eb521692c0413fd864cf73405bb321a9e678b24bde4d01897ce7f81b8d716	physicochemical_roles	0	SELECTIVE_AGENT	NAME_PATTERN	OPEN_REQUIRES_ORIGINAL_SOURCE	Name-pattern matching does not establish the ingredient-specific biological or formulation role. Inspect a preparation manual, original culture method, or direct utilization study.		false
data/ingredients/mapped/Azlocillin_Sodium_Salt.yaml	464a840e0fdf8c5552ad2c4ee9cacc062640bae4eca986ef1ed19f1cd8b643e8	f8022e7f4b0dc2d5ac8bfee6907fef9eff7506632cd4a11eac620af6777da28b	MIM.assertion:c54aab15525f650225fd6752cbcfaa25f7a397a19f1fcfbe16693006bb13e366	physicochemical_roles	0	SELECTIVE_AGENT	NAME_PATTERN	OPEN_REQUIRES_ORIGINAL_SOURCE	Name-pattern matching does not establish the ingredient-specific biological or formulation role. Inspect a preparation manual, original culture method, or direct utilization study.		false
data/ingredients/mapped/Aztreonam.yaml	47bedc1626fbada87301daa7b36159a2bd0682d2a705112fef1feaa74d30d1b9	f8022e7f4b0dc2d5ac8bfee6907fef9eff7506632cd4a11eac620af6777da28b	MIM.assertion:51806792a1173df2147a9db99b7487e4e22fb9c6e11991f566e05dc3f3e1572e	physicochemical_roles	0	SELECTIVE_AGENT	NAME_PATTERN	OPEN_REQUIRES_ORIGINAL_SOURCE	Name-pattern matching does not establish the ingredient-specific biological or formulation role. Inspect a preparation manual, original culture method, or direct utilization study.		false
data/ingredients/mapped/Azureomycin.yaml	7526eae4b8d62730cd4ac486066b7f92919695d5db8b90688b66a9cd3327d727	f8022e7f4b0dc2d5ac8bfee6907fef9eff7506632cd4a11eac620af6777da28b	MIM.assertion:4363d7e321f5e30826d5f9118497cf4160b6b5b77cca3a05ea6f3673064fd4d3	physicochemical_roles	0	SELECTIVE_AGENT	NAME_PATTERN	OPEN_REQUIRES_ORIGINAL_SOURCE	Name-pattern matching does not establish the ingredient-specific biological or formulation role. Inspect a preparation manual, original culture method, or direct utilization study.		false
data/ingredients/mapped/B-Glucan_From_Oat.yaml	c7aef82024119ec7d23eddf78b334a68ee4d0dc35c0fbb97997f43601f79c171	4ea628be52149f9b81f39b2e78a409a172515bc4ad5c8e5c6fb4eba7014f1b6e	MIM.assertion:d83b180a87a543f46dabdb8631bbf81107c85433c2f924343a0ca9b3a9e1747c	nutritional_roles	0	CARBON_SOURCE	ANCESTRY	OPEN_REQUIRES_ORIGINAL_SOURCE	Ontology ancestry identifies a chemical class or general chemical role; it does not establish the media-use or organism-specific nutritional claim. Inspect the actual lineage and source-context role evidence.		false
data/ingredients/mapped/B-Mannan_Borohydrate_Reduced_Carob_Seed.yaml	5fac547527ee432196f47f58cb33131108624b43449be8346f8ad37514965499	df2072c00c03ccac74a186fad08ecce37b665354626058d581fd7b3f601cd30f	MIM.assertion:c9085c595df4ac3a7e3a9608a92aa864e146b563fced5c54f2f9581b32c876ed	nutritional_roles	0	CARBON_SOURCE	NAME_PATTERN	OPEN_REQUIRES_ORIGINAL_SOURCE	Name-pattern matching does not establish the ingredient-specific biological or formulation role. Inspect a preparation manual, original culture method, or direct utilization study.		false
data/ingredients/mapped/Bacitracin.yaml	f5d958b80b2c5e8375b39a7f6ab2f18dd125804ffb539da5fe26951ba6160fc2	f8022e7f4b0dc2d5ac8bfee6907fef9eff7506632cd4a11eac620af6777da28b	MIM.assertion:407f4a371a8ed752dc30cdabba5a8119b65b6a640826f38a242a125996e2682c	physicochemical_roles	0	SELECTIVE_AGENT	NAME_PATTERN	OPEN_REQUIRES_ORIGINAL_SOURCE	Name-pattern matching does not establish the ingredient-specific biological or formulation role. Inspect a preparation manual, original culture method, or direct utilization study.		false
data/ingredients/mapped/Bacto-tryptone.yaml	cab30ffd901d05f125c7da64298ea68c43578c92cd8acc962a84b9318a628dda	7fbde1a92491632faf80d3bf87c4cab5bf4e772e70454374b86dd833f81f0ae8	MIM.assertion:40d8b5476d64537ecd67e82e43f1ae4a9b4c328fc80cc93801ad3950350c26a3	nutritional_roles	0	PROTEIN_SOURCE	NAME_PATTERN	OPEN_REQUIRES_ORIGINAL_SOURCE	Name-pattern matching does not establish the ingredient-specific biological or formulation role. Inspect a preparation manual, original culture method, or direct utilization study.		false
data/ingredients/mapped/Bacto_Brain_Heart_Infusion.yaml	022df020b7f4660ac46d19baf0847df3ba868608398e97b2f027bb73be58b2f5	7fbde1a92491632faf80d3bf87c4cab5bf4e772e70454374b86dd833f81f0ae8	MIM.assertion:b5663c573a9b58071d9de6a2158c5438707af586b28b80926c19f8998f376a42	nutritional_roles	0	PROTEIN_SOURCE	NAME_PATTERN	OPEN_REQUIRES_ORIGINAL_SOURCE	Name-pattern matching does not establish the ingredient-specific biological or formulation role. Inspect a preparation manual, original culture method, or direct utilization study.		false
data/ingredients/mapped/Bacto_Peptone.yaml	48eb2be26c06e8dc23f4d3b67bbd55b559dbc3b3a3600ce1c271f618ec199d69	7fbde1a92491632faf80d3bf87c4cab5bf4e772e70454374b86dd833f81f0ae8	MIM.assertion:e36d44dff3c28592cc91298f32e01e8ea6a64ded3e1eac6a06a76e56a34ca625	nutritional_roles	0	PROTEIN_SOURCE	NAME_PATTERN	OPEN_REQUIRES_ORIGINAL_SOURCE	Name-pattern matching does not establish the ingredient-specific biological or formulation role. Inspect a preparation manual, original culture method, or direct utilization study.		false
data/ingredients/mapped/Bafilomycin.yaml	814a39a9689c6c97da65641128be5a32918c4ea61e95c8f9307aba7dfc376773	f8022e7f4b0dc2d5ac8bfee6907fef9eff7506632cd4a11eac620af6777da28b	MIM.assertion:c5de0edb6ae656bee7eae8e9f34563a5a6f24c9c547e5463106677fb4dad0501	physicochemical_roles	0	SELECTIVE_AGENT	NAME_PATTERN	OPEN_REQUIRES_ORIGINAL_SOURCE	Name-pattern matching does not establish the ingredient-specific biological or formulation role. Inspect a preparation manual, original culture method, or direct utilization study.		false
data/ingredients/mapped/Bafilomycin_B1.yaml	82d0577a0a3661bcf782c35e4363b60d70c7f2043a573cb8dc57d768e4d3e0f4	f8022e7f4b0dc2d5ac8bfee6907fef9eff7506632cd4a11eac620af6777da28b	MIM.assertion:400d9cd54c1ec511f39614fd2e8536a6a12e8e94af3f27e2920a92726296853c	physicochemical_roles	0	SELECTIVE_AGENT	NAME_PATTERN	OPEN_REQUIRES_ORIGINAL_SOURCE	Name-pattern matching does not establish the ingredient-specific biological or formulation role. Inspect a preparation manual, original culture method, or direct utilization study.		false
data/ingredients/mapped/Bakers_Yeast.yaml	11eda0e05a1a8abf2779d8eb421548e31e82d06387dfa388d8526b6523a0154e	7fbde1a92491632faf80d3bf87c4cab5bf4e772e70454374b86dd833f81f0ae8	MIM.assertion:6c7c8d4037a9b256bdac5a7f26e342b76b67509450354ad3a3c0f7426b6db83e	nutritional_roles	0	PROTEIN_SOURCE	NAME_PATTERN	OPEN_REQUIRES_ORIGINAL_SOURCE	Name-pattern matching does not establish the ingredient-specific biological or formulation role. Inspect a preparation manual, original culture method, or direct utilization study.		false
data/ingredients/mapped/Bandamycin.yaml	66c03a35e873d35bc17029c8e348e60ac778cee2ac143f69dbc2b844a0580bed	f8022e7f4b0dc2d5ac8bfee6907fef9eff7506632cd4a11eac620af6777da28b	MIM.assertion:afc78d3e879ed1f478b55fdaf79be4109770844e12f3a631d1a9e779ffc37aee	physicochemical_roles	0	SELECTIVE_AGENT	NAME_PATTERN	OPEN_REQUIRES_ORIGINAL_SOURCE	Name-pattern matching does not establish the ingredient-specific biological or formulation role. Inspect a preparation manual, original culture method, or direct utilization study.		false
data/ingredients/mapped/Bathophenanthrolinedisulfonic_Acid_Disodium_Salt_Hydrate.yaml	57db0603b08831afc41783ad23a4ed10773be4e25cd895f84d4e8f96219d8110	6a341bc3251a64e58a46cdfa02fe2125b7ceb31fb3dd6c04b9ff4a4fc1046e33	MIM.assertion:a20905ab183ea132d093daad61c369b19d7fe5573b57b30be9304cc8a584229e	physicochemical_roles	0	CHELATOR	ANCESTRY	OPEN_REQUIRES_ORIGINAL_SOURCE	Ontology ancestry identifies a chemical class or general chemical role; it does not establish the media-use or organism-specific nutritional claim. Inspect the actual lineage and source-context role evidence.		false
data/ingredients/mapped/Beef.yaml	5a06d79cb88d7f859bddc27600500b9f15c558218ea394eea32b20e9ee7f87e7	7fbde1a92491632faf80d3bf87c4cab5bf4e772e70454374b86dd833f81f0ae8	MIM.assertion:49d3614fe2298aef9ef8ac0bff52020247d63d6e3a1791b3d88687371ad5beff	nutritional_roles	0	PROTEIN_SOURCE	NAME_PATTERN	OPEN_REQUIRES_ORIGINAL_SOURCE	Name-pattern matching does not establish the ingredient-specific biological or formulation role. Inspect a preparation manual, original culture method, or direct utilization study.		false
data/ingredients/mapped/Beef_Brain_Powder.yaml	9bdfb13d95e4140a9933254a20bdcab449311e70cfe334b001a5713d1526c51d	7fbde1a92491632faf80d3bf87c4cab5bf4e772e70454374b86dd833f81f0ae8	MIM.assertion:800606f894c4bdb7098a687b72f4955c1954db516bdb6aa34a76e09ed5bbb155	nutritional_roles	0	PROTEIN_SOURCE	NAME_PATTERN	OPEN_REQUIRES_ORIGINAL_SOURCE	Name-pattern matching does not establish the ingredient-specific biological or formulation role. Inspect a preparation manual, original culture method, or direct utilization study.		false
data/ingredients/mapped/Beef_Extract.yaml	f5d1b31763be5ddf9da97c3bd18075298fee7c2f6dfda2c9ce9b93f128f89d23	7fbde1a92491632faf80d3bf87c4cab5bf4e772e70454374b86dd833f81f0ae8	MIM.assertion:9cdb6e29c27213afa80152c6973334754598687e0275997c46a2e48192e3fced	nutritional_roles	0	PROTEIN_SOURCE	NAME_PATTERN	OPEN_REQUIRES_ORIGINAL_SOURCE	Name-pattern matching does not establish the ingredient-specific biological or formulation role. Inspect a preparation manual, original culture method, or direct utilization study.		false
data/ingredients/mapped/Beef_Heart.yaml	ca7de3785bc0a6469a5d60f48de97a49c0c7e460ea11d801bfe6367b1e76dc34	7fbde1a92491632faf80d3bf87c4cab5bf4e772e70454374b86dd833f81f0ae8	MIM.assertion:61ce26266891147d5817b6220e16601e7d95272c124ce4a50e3adb876ee23513	nutritional_roles	0	PROTEIN_SOURCE	NAME_PATTERN	OPEN_REQUIRES_ORIGINAL_SOURCE	Name-pattern matching does not establish the ingredient-specific biological or formulation role. Inspect a preparation manual, original culture method, or direct utilization study.		false
data/ingredients/mapped/Beef_Heart_Infusion.yaml	dcd66af5e4938632357716d9b874020373d96f1e79f95a4b79a0c69dd16a9815	7fbde1a92491632faf80d3bf87c4cab5bf4e772e70454374b86dd833f81f0ae8	MIM.assertion:2abbe49f51f6f2e087cc572fcb29099732c6bf3d485438162b3cc8435b1b9bf3	nutritional_roles	0	PROTEIN_SOURCE	NAME_PATTERN	OPEN_REQUIRES_ORIGINAL_SOURCE	Name-pattern matching does not establish the ingredient-specific biological or formulation role. Inspect a preparation manual, original culture method, or direct utilization study.		false
data/ingredients/mapped/Benzalkonium_Chloride.yaml	db303175a982a9ccbd6db7aeb397289847f7dca690c94ebe8f281d8c45094c09	15642c0ff7088d75bc88144e153f7a5d62a83b6cf7cc8dfb9cf5f52576b84dd4	MIM.assertion:e6196a04b05d9eeec09c02bf6420cc17b9785e53a3d4ecd2048b493d223c6b8d	physicochemical_roles	0	SURFACTANT	ANCESTRY	OPEN_REQUIRES_ORIGINAL_SOURCE	Ontology ancestry identifies a chemical class or general chemical role; it does not establish the media-use or organism-specific nutritional claim. Inspect the actual lineage and source-context role evidence.		false
data/ingredients/mapped/Beta-Lipomycin.yaml	a7193b382eb78c71fcf00c5950e2f41194ba3757218f5fd812dc8492821d8524	f8022e7f4b0dc2d5ac8bfee6907fef9eff7506632cd4a11eac620af6777da28b	MIM.assertion:a53e16bb6a7df74afeb64d475831b005157507fb0c4e73affc560ca1ae94221b	physicochemical_roles	0	SELECTIVE_AGENT	NAME_PATTERN	OPEN_REQUIRES_ORIGINAL_SOURCE	Name-pattern matching does not establish the ingredient-specific biological or formulation role. Inspect a preparation manual, original culture method, or direct utilization study.		false
data/ingredients/mapped/Beta-alanine.yaml	e736cb76673134314c66a4ebb3d60e51d018f912d6f11f77daa93d9f03c8d67e	7d31b5bc3b31af72e9763c0dced0805a7e6435f4c0a8f0027fd68740f6d7fe14	MIM.assertion:63d23303e9a5a026d2263723ffde7dee1cbad49b61d9e44c43c0736f6cd37fb7	nutritional_roles	0	AMINO_ACID_SOURCE	ANCESTRY	OPEN_REQUIRES_ORIGINAL_SOURCE	Ontology ancestry identifies a chemical class or general chemical role; it does not establish the media-use or organism-specific nutritional claim. Inspect the actual lineage and source-context role evidence.		false
data/ingredients/mapped/Beta-lactose.yaml	f1c39640418e71ea7999184bcb97d44bb238c7eef405a5ff7c80864e7a7bad86	4ea628be52149f9b81f39b2e78a409a172515bc4ad5c8e5c6fb4eba7014f1b6e	MIM.assertion:9cebc98034fdac745390e3f797b72e26b8759b7e3456013ad70ca1bbf7957bf7	nutritional_roles	0	CARBON_SOURCE	ANCESTRY	OPEN_REQUIRES_ORIGINAL_SOURCE	Ontology ancestry identifies a chemical class or general chemical role; it does not establish the media-use or organism-specific nutritional claim. Inspect the actual lineage and source-context role evidence.		false
data/ingredients/mapped/Beta-lactose.yaml	f1c39640418e71ea7999184bcb97d44bb238c7eef405a5ff7c80864e7a7bad86	05797c833ce5f55a4f9deb8713e7b56bc9b4c8e4920aeed310903d0418be101f	MIM.assertion:f39dffda821eb8f7cabf74a117796495963cb5f9542d8d61b987097a6dc9dc8c	nutritional_roles	1	ENERGY_SOURCE	ENERGY_TEMPLATE	OPEN_REQUIRES_ORIGINAL_SOURCE	A generic energy-substrate template does not record a supporting organism, culture condition, or utilization experiment. Source-confirm this precise stereochemical and supplied form.		false
data/ingredients/mapped/Beta-nad.yaml	0bd44bae290a7c70cac9a511ccd66088d2322ced90006f0dd02656e725c8652e	07fd9f835e66b4f81882afb1022dcb0778d019c988fa2746463e7ed335192343	MIM.assertion:580fad35f78b8815fd945b65d65940054a2d142150975ffa3bbad29215384b32	nutritional_roles	0	COFACTOR_PROVIDER	LLM_PREDICTION	OPEN_REQUIRES_ORIGINAL_SOURCE	Uncited in-session reasoning supplies no independent observation. Obtain a source supporting the exact role for the specified ingredient.		false
data/ingredients/mapped/Bicine_Buffer.yaml	690ca43a7c43f5b5c70498026ac073fefcc8d9d066015c57129bd93755f42aab	a082d38abdfabb7975cb49a5c3f3a8fab98f87de4d0a2b2f26605015d18a793a	MIM.assertion:756da7e680a332acbb165073e9e57d724b5516a8cf97a8d47df1a50f59db5900	physicochemical_roles	0	BUFFER	NAME_PATTERN	OPEN_REQUIRES_ORIGINAL_SOURCE	Name-pattern matching does not establish the ingredient-specific biological or formulation role. Inspect a preparation manual, original culture method, or direct utilization study.		false
data/ingredients/mapped/Bicyclomycin.yaml	e9a5899185c8df392ff48fdd7c6c3ceac38cef82cb0d3b57fb2256b854835041	f8022e7f4b0dc2d5ac8bfee6907fef9eff7506632cd4a11eac620af6777da28b	MIM.assertion:7c6951a9b8d0ea46253f077c764def5e985d424b8da9d602a7e14636e493122d	physicochemical_roles	0	SELECTIVE_AGENT	NAME_PATTERN	OPEN_REQUIRES_ORIGINAL_SOURCE	Name-pattern matching does not establish the ingredient-specific biological or formulation role. Inspect a preparation manual, original culture method, or direct utilization study.		false
data/ingredients/mapped/Biotin_Vitamin_Solution.yaml	013bef115224a5848c7ff17e210c181a2a4f9313f49a59839df55000a40635e6	586a11e57ecf2eb1b36dbe62db7838c2787da19292dbb0c8a15e9944b2a97610	MIM.assertion:e904254d0c40d5b7a0172e8ee7825614075f8c7c3ce27d7efc76c00bff57c34f	nutritional_roles	0	VITAMIN_SOURCE	NAME_PATTERN	OPEN_REQUIRES_ORIGINAL_SOURCE	Name-pattern matching does not establish the ingredient-specific biological or formulation role. Inspect a preparation manual, original culture method, or direct utilization study.		false
data/ingredients/mapped/Bis-tris.yaml	f879fd427c37bddb167a8c410d59b06bebb08b531a0b86617e75b516bf274d0a	a082d38abdfabb7975cb49a5c3f3a8fab98f87de4d0a2b2f26605015d18a793a	MIM.assertion:5785b80194c980ed828e99f73a5ae6a37f161865851173db3dbd4266f19bd668	physicochemical_roles	0	BUFFER	NAME_PATTERN	OPEN_REQUIRES_ORIGINAL_SOURCE	Name-pattern matching does not establish the ingredient-specific biological or formulation role. Inspect a preparation manual, original culture method, or direct utilization study.		false
data/ingredients/mapped/Bleomycin_Sulfate.yaml	bb308066ebebc6f0c09d03fc58f85afb37cd793f8af88982c3be851bcfb25c4d	f8022e7f4b0dc2d5ac8bfee6907fef9eff7506632cd4a11eac620af6777da28b	MIM.assertion:4ff2a6a156f0e0d8d45173195e98d4f3a80539ae2e03aaa3371cac81b1fa0854	physicochemical_roles	0	SELECTIVE_AGENT	NAME_PATTERN	OPEN_REQUIRES_ORIGINAL_SOURCE	Name-pattern matching does not establish the ingredient-specific biological or formulation role. Inspect a preparation manual, original culture method, or direct utilization study.		false
data/ingredients/mapped/Brain_Heart_Infusion.yaml	77230cb3783ad3fbeb96695e96958441f8d0c9ac6f5a9595ac1816a72b7d86d8	7fbde1a92491632faf80d3bf87c4cab5bf4e772e70454374b86dd833f81f0ae8	MIM.assertion:d012417173ec3e868e3f2b30ae604e7c48a4e0a03b7f56b06bc051cd57dacb33	nutritional_roles	0	PROTEIN_SOURCE	NAME_PATTERN	OPEN_REQUIRES_ORIGINAL_SOURCE	Name-pattern matching does not establish the ingredient-specific biological or formulation role. Inspect a preparation manual, original culture method, or direct utilization study.		false
data/ingredients/mapped/Bromocresol_Purple.yaml	9fb254c410e9df1a296ee04529f2612ffd82e240c5f3a9d9c46894fb36e948eb	20de2af58d7d5ce0271bc84ce86af8660d4130c711b1e39e4d9bb26764c9049a	MIM.assertion:80c8c1c5a5a2081398981ff00ab200dde6efe25bdb36f3539e69691938af09b1	physicochemical_roles	0	PH_INDICATOR	LLM_PREDICTION	OPEN_REQUIRES_ORIGINAL_SOURCE	Uncited in-session reasoning supplies no independent observation. Obtain a source supporting the exact role for the specified ingredient.		false
data/ingredients/mapped/Bromothymol_Blue.yaml	f564008408b0b163148d3ca0b924e31c3602fdad07a349085a4a712d06c64bab	20de2af58d7d5ce0271bc84ce86af8660d4130c711b1e39e4d9bb26764c9049a	MIM.assertion:9b64f5da4148743daf3416cdc346761e9ecf23ba9490fb3e8ad39eb5ca17734e	physicochemical_roles	0	PH_INDICATOR	LLM_PREDICTION	OPEN_REQUIRES_ORIGINAL_SOURCE	Uncited in-session reasoning supplies no independent observation. Obtain a source supporting the exact role for the specified ingredient.		false
data/ingredients/mapped/Butyric_Acid.yaml	421a741e65598a494cbb8c693e06befa025c59bd49fecc32a0d37869192c7c86	05797c833ce5f55a4f9deb8713e7b56bc9b4c8e4920aeed310903d0418be101f	MIM.assertion:907fde89ff1348761324de0812d6ed00b69b48b44d28a48c4fb9033f49182a33	nutritional_roles	1	ENERGY_SOURCE	ENERGY_TEMPLATE	OPEN_REQUIRES_ORIGINAL_SOURCE	A generic energy-substrate template does not record a supporting organism, culture condition, or utilization experiment. Source-confirm this precise stereochemical and supplied form.		false
data/ingredients/mapped/Ca-folinate.yaml	e6077448154006195021c507f681b7a4bcf115979bdf0a3f3de69040dc73532f	918bac91021e5325378db6c9197e2049db1e9666b75775490a91df6567ef66da	MIM.assertion:a9046f1e7c57af057de1c1cb13b35ab3961350aee0d53a1c808ba770475c6ba1	nutritional_roles	0	VITAMIN_SOURCE	ANCESTRY	OPEN_REQUIRES_ORIGINAL_SOURCE	Ontology ancestry identifies a chemical class or general chemical role; it does not establish the media-use or organism-specific nutritional claim. Inspect the actual lineage and source-context role evidence.		false
data/ingredients/mapped/Calcium_Pantothenate.yaml	b5a2eb0063046ecb71d2e9a97285aaebbf5780075f0fb0b7b069b4362bf57121	586a11e57ecf2eb1b36dbe62db7838c2787da19292dbb0c8a15e9944b2a97610	MIM.assertion:976a0f90b1032f5393afed2ba1593e179b06280b02d0cdfa02866ae7292d326a	nutritional_roles	1	VITAMIN_SOURCE	NAME_PATTERN	OPEN_REQUIRES_ORIGINAL_SOURCE	Name-pattern matching does not establish the ingredient-specific biological or formulation role. Inspect a preparation manual, original culture method, or direct utilization study.		false
data/ingredients/mapped/Camphomycin.yaml	33b792f6f861b6f2d03a399fc9409ceeba5f594cfb02e16be3cfe56db15edf23	f8022e7f4b0dc2d5ac8bfee6907fef9eff7506632cd4a11eac620af6777da28b	MIM.assertion:7c44eb3a6d14983d8614302c90eb64b6dd5cd281c96fe0389492293c106b9754	physicochemical_roles	0	SELECTIVE_AGENT	NAME_PATTERN	OPEN_REQUIRES_ORIGINAL_SOURCE	Name-pattern matching does not establish the ingredient-specific biological or formulation role. Inspect a preparation manual, original culture method, or direct utilization study.		false
data/ingredients/mapped/Canavanine.yaml	4d210e28bcb4c51311c116ff7b6bac5047bd6e59e18409920af45dc0edf2b406	7d31b5bc3b31af72e9763c0dced0805a7e6435f4c0a8f0027fd68740f6d7fe14	MIM.assertion:8b0666e980ceb86d1c7c651d666612f7b6530f5bba96a0362e7ba9a6e2db98a2	nutritional_roles	0	AMINO_ACID_SOURCE	ANCESTRY	OPEN_REQUIRES_ORIGINAL_SOURCE	Ontology ancestry identifies a chemical class or general chemical role; it does not establish the media-use or organism-specific nutritional claim. Inspect the actual lineage and source-context role evidence.		false
data/ingredients/mapped/Candimycin.yaml	69aa2fbd292fd485d514c1e3fb6cc74a81b19f485ee82cd0fb1fc09fbc91fcbb	f8022e7f4b0dc2d5ac8bfee6907fef9eff7506632cd4a11eac620af6777da28b	MIM.assertion:58a15c6652ca7280b5d67d4d118356963b791580548f4c837541e85424162a01	physicochemical_roles	0	SELECTIVE_AGENT	NAME_PATTERN	OPEN_REQUIRES_ORIGINAL_SOURCE	Name-pattern matching does not establish the ingredient-specific biological or formulation role. Inspect a preparation manual, original culture method, or direct utilization study.		false
data/ingredients/mapped/Caproic_Acid.yaml	3a0e9bb0f34f0527ccc71b0e740d3582ac047b50bf32c45d600bd69b04a33373	df2072c00c03ccac74a186fad08ecce37b665354626058d581fd7b3f601cd30f	MIM.assertion:8f2d03b47a978240c01129208b409cccda388082d39c6f24021f92cec92e824c	nutritional_roles	0	CARBON_SOURCE	NAME_PATTERN	OPEN_REQUIRES_ORIGINAL_SOURCE	Name-pattern matching does not establish the ingredient-specific biological or formulation role. Inspect a preparation manual, original culture method, or direct utilization study.		false
data/ingredients/mapped/Caps_Buffer.yaml	c0623c468173bed9711c2fffa07622cdfd34cc94f7a77f9f59e6e45a3ebf00b7	a082d38abdfabb7975cb49a5c3f3a8fab98f87de4d0a2b2f26605015d18a793a	MIM.assertion:8aacbe0aa3e4b389b48e6ad144da880ee9ad8013f9e027551f771643bdd5ee8b	physicochemical_roles	0	BUFFER	NAME_PATTERN	OPEN_REQUIRES_ORIGINAL_SOURCE	Name-pattern matching does not establish the ingredient-specific biological or formulation role. Inspect a preparation manual, original culture method, or direct utilization study.		false
data/ingredients/mapped/Carbenicillin.yaml	e686a4968afa0aee967f60e8a59ca798e4791457f8d9a4d2b20bbcf110c45d06	f8022e7f4b0dc2d5ac8bfee6907fef9eff7506632cd4a11eac620af6777da28b	MIM.assertion:0236d55b772c3e2be9e8f6a5b63b110b7a9e6e5f64dc75a789831eac45f60b9e	physicochemical_roles	0	SELECTIVE_AGENT	NAME_PATTERN	OPEN_REQUIRES_ORIGINAL_SOURCE	Name-pattern matching does not establish the ingredient-specific biological or formulation role. Inspect a preparation manual, original culture method, or direct utilization study.		false
data/ingredients/mapped/Carbenicillin_Disodium_Salt.yaml	b7d77a3bd34ca3815336b63f0fbd5dc3a4dff5a54a3a43159e3e32d7da09df7d	f8022e7f4b0dc2d5ac8bfee6907fef9eff7506632cd4a11eac620af6777da28b	MIM.assertion:ede3a75bed72936422fdfa081fc4c36b12ea4a16e48ef000d9b2744a132a5b8e	physicochemical_roles	0	SELECTIVE_AGENT	NAME_PATTERN	OPEN_REQUIRES_ORIGINAL_SOURCE	Name-pattern matching does not establish the ingredient-specific biological or formulation role. Inspect a preparation manual, original culture method, or direct utilization study.		false
data/ingredients/mapped/Carboxymethyl_Cellulose.yaml	39c13e1211c19e8973469abed34afb21c2b4b42fdb90abaabebb2f6c1a77a0d8	df2072c00c03ccac74a186fad08ecce37b665354626058d581fd7b3f601cd30f	MIM.assertion:0f91baa714e5df7ddf958fb0fa85f7203286e89b17cdbaf4387c1a0699613f6f	nutritional_roles	0	CARBON_SOURCE	NAME_PATTERN	OPEN_REQUIRES_ORIGINAL_SOURCE	Name-pattern matching does not establish the ingredient-specific biological or formulation role. Inspect a preparation manual, original culture method, or direct utilization study.		false
data/ingredients/mapped/Carcinomycin.yaml	bf6974d3f7308398297d2e5d57d341beaee53543d68c1f46cc251f794ce35d21	f8022e7f4b0dc2d5ac8bfee6907fef9eff7506632cd4a11eac620af6777da28b	MIM.assertion:8d16dd4794e3caa5a347561709734f2ce1643854cd18ee04768c8dbebeda571f	physicochemical_roles	0	SELECTIVE_AGENT	NAME_PATTERN	OPEN_REQUIRES_ORIGINAL_SOURCE	Name-pattern matching does not establish the ingredient-specific biological or formulation role. Inspect a preparation manual, original culture method, or direct utilization study.		false
data/ingredients/mapped/Caryomycin.yaml	9ad2852bdd6c6a8de3a38eeccdb308a3fd16ee4f51b8e489d0a07a929e1da2a9	f8022e7f4b0dc2d5ac8bfee6907fef9eff7506632cd4a11eac620af6777da28b	MIM.assertion:b592b91359f868c2f5dd147f1bae52602b987e71b341440464a3c8babc40eb80	physicochemical_roles	0	SELECTIVE_AGENT	NAME_PATTERN	OPEN_REQUIRES_ORIGINAL_SOURCE	Name-pattern matching does not establish the ingredient-specific biological or formulation role. Inspect a preparation manual, original culture method, or direct utilization study.		false
data/ingredients/mapped/Casamino_Acids.yaml	d08907d668d6a9b05ca4562d5c878887f18ebdd7fbfd4412a4a1e334e2e1b068	7fbde1a92491632faf80d3bf87c4cab5bf4e772e70454374b86dd833f81f0ae8	MIM.assertion:17494ff5be5244c6a3d7ff1c75b2116ba32901052acaea66cfb8b7d3fb4ec99b	nutritional_roles	0	PROTEIN_SOURCE	NAME_PATTERN	OPEN_REQUIRES_ORIGINAL_SOURCE	Name-pattern matching does not establish the ingredient-specific biological or formulation role. Inspect a preparation manual, original culture method, or direct utilization study.		false
data/ingredients/mapped/Casamino_Acids_Vitamin_Assay.yaml	03949c8795c9ad931a6c2437d48dcc500cb9dcca7deff08f59dda01b788d34c4	7fbde1a92491632faf80d3bf87c4cab5bf4e772e70454374b86dd833f81f0ae8	MIM.assertion:a445ebb27bbe990826dda76ca13eb82689af2e57d5ea7e6c1a59b8516b33286a	nutritional_roles	0	PROTEIN_SOURCE	NAME_PATTERN	OPEN_REQUIRES_ORIGINAL_SOURCE	Name-pattern matching does not establish the ingredient-specific biological or formulation role. Inspect a preparation manual, original culture method, or direct utilization study.		false
data/ingredients/mapped/Casein_Peptone.yaml	fb7511438af2b5a01352f441376690282c1f399a40ed5bc9de564dbe3c929724	7fbde1a92491632faf80d3bf87c4cab5bf4e772e70454374b86dd833f81f0ae8	MIM.assertion:40f079d481ac0f1b0ddcca10a026c7a24349ef34238ba09ceafc6ec7430c8d70	nutritional_roles	0	PROTEIN_SOURCE	NAME_PATTERN	OPEN_REQUIRES_ORIGINAL_SOURCE	Name-pattern matching does not establish the ingredient-specific biological or formulation role. Inspect a preparation manual, original culture method, or direct utilization study.		false
data/ingredients/mapped/Casein_hydrolysate.yaml	a61d7e5378b52c5798f9161e8a6a75d1d76da1e5af96275d6207ad15b8199e49	7fbde1a92491632faf80d3bf87c4cab5bf4e772e70454374b86dd833f81f0ae8	MIM.assertion:bf5ce75770e29ecc2262453a05032fffbf9845e14aa15013e5f621dec75ae70d	nutritional_roles	0	PROTEIN_SOURCE	NAME_PATTERN	OPEN_REQUIRES_ORIGINAL_SOURCE	Name-pattern matching does not establish the ingredient-specific biological or formulation role. Inspect a preparation manual, original culture method, or direct utilization study.		false
data/ingredients/mapped/Casitone.yaml	0c76b299992b5211f0094e255079b072bec6202f0412174077c4686e4da531a8	7fbde1a92491632faf80d3bf87c4cab5bf4e772e70454374b86dd833f81f0ae8	MIM.assertion:e9f40c5a9b0571413ff361ba4287d977ae0afc7ac99239fc96c29523ab8e35bf	nutritional_roles	0	PROTEIN_SOURCE	NAME_PATTERN	OPEN_REQUIRES_ORIGINAL_SOURCE	Name-pattern matching does not establish the ingredient-specific biological or formulation role. Inspect a preparation manual, original culture method, or direct utilization study.		false
data/ingredients/mapped/Caso4.yaml	6da3aa885099c64ec01b21c9034309f9775620d7c21a6cc9c2c25c950eb29992	ace986d23c3b650235809b92bdcb7f2d3155ced670772cbc63e2b373b1187b28	MIM.assertion:e649a9e815720eb84ff1330dcf93ad9c10043215a04466e891f47ef2dffdc50f	nutritional_roles	1	MINERAL_SOURCE	EMPTY	OPEN_REQUIRES_ORIGINAL_SOURCE	The evidence list is empty. Establish the mineral nutrient role in a source-defined preparation without treating elemental composition alone as demonstrated nutritional use.		false
data/ingredients/mapped/Caso4_X_2_H2o.yaml	4cc423aef35c4897c90464aeef3d58467556ca3b12ffa25b70a57817581c6977	ace986d23c3b650235809b92bdcb7f2d3155ced670772cbc63e2b373b1187b28	MIM.assertion:958ba6a4d1f3e32a3a10d179ae3b6077e74d5a4382d4aefc2346bd4e764af1c6	nutritional_roles	1	MINERAL_SOURCE	EMPTY	OPEN_REQUIRES_ORIGINAL_SOURCE	The evidence list is empty. Establish the mineral nutrient role in a source-defined preparation without treating elemental composition alone as demonstrated nutritional use.		false
data/ingredients/mapped/Caso4_X_7_H2o.yaml	8c80ab54d38ffa3310ad783d85692f36e21b92167d539c179fb3ddede83adbe5	2152dc2bf2d623f9fc8f18616db7709ad7dd500f416a63b0126ab236807ed4f6	MIM.assertion:a0ec0130d8d5f76b76b0231d3a5a0b630027605ca0101f931a09f388178566f7	nutritional_roles	0	SULFUR_SOURCE	NAME_PATTERN	OPEN_REQUIRES_ORIGINAL_SOURCE	Name-pattern matching does not establish the ingredient-specific biological or formulation role. Inspect a preparation manual, original culture method, or direct utilization study.		false
data/ingredients/mapped/Caso4_X_7_H2o.yaml	8c80ab54d38ffa3310ad783d85692f36e21b92167d539c179fb3ddede83adbe5	ace986d23c3b650235809b92bdcb7f2d3155ced670772cbc63e2b373b1187b28	MIM.assertion:e933bf3270e1f360744a5da76edfad95d999cffcdb95cfc79bd94b21f0c91b56	nutritional_roles	1	MINERAL_SOURCE	EMPTY	OPEN_REQUIRES_ORIGINAL_SOURCE	The evidence list is empty. Establish the mineral nutrient role in a source-defined preparation without treating elemental composition alone as demonstrated nutritional use.		false
data/ingredients/mapped/Cecl3.yaml	22476283b23378e01e0c388acd5d0ee23721928bc71b122765370b8fb914e1f4	bd2e2b4f6e9ac2aab180a7d3f143fa9bb9f71a8140db8da2244c0efb52e3877e	MIM.assertion:3fadda5bbad9e509ff0deabbe5fcbd41c17bcb337dd711d45134f869740118e1	nutritional_roles	0	TRACE_ELEMENT	LLM_PREDICTION	OPEN_REQUIRES_ORIGINAL_SOURCE	Uncited in-session reasoning supplies no independent observation. Obtain a source supporting the exact role for the specified ingredient.		false
data/ingredients/mapped/Cecl3_X_7_H2o.yaml	5fe525c19fed3515a33501efd5bdc542ae31aa8029c13bc8d9b39683deb7e0e5	bd2e2b4f6e9ac2aab180a7d3f143fa9bb9f71a8140db8da2244c0efb52e3877e	MIM.assertion:5bf7ae8840142c4263b5ed01cfad0493636d618da6cabafeffb32a14228a4e1d	nutritional_roles	0	TRACE_ELEMENT	LLM_PREDICTION	OPEN_REQUIRES_ORIGINAL_SOURCE	Uncited in-session reasoning supplies no independent observation. Obtain a source supporting the exact role for the specified ingredient.		false
data/ingredients/mapped/Cefaclor.yaml	bd2932f909178a265cdcadc548ccc6f0ae944fecb51789b9db2a62df96860356	f8022e7f4b0dc2d5ac8bfee6907fef9eff7506632cd4a11eac620af6777da28b	MIM.assertion:c438b18475cf20ec5dd8b4ec3ee1447710fccf677942b4d47a9520e3f5e8cc97	physicochemical_roles	0	SELECTIVE_AGENT	NAME_PATTERN	OPEN_REQUIRES_ORIGINAL_SOURCE	Name-pattern matching does not establish the ingredient-specific biological or formulation role. Inspect a preparation manual, original culture method, or direct utilization study.		false
data/ingredients/mapped/Cefazolin_Sodium_Salt.yaml	874541143cddda937edade10e0f74f444a0dc2a41d8b49d6d108fc786e5fc7ee	f8022e7f4b0dc2d5ac8bfee6907fef9eff7506632cd4a11eac620af6777da28b	MIM.assertion:cd1bb3bce8b532a9a838f0167a2af979abbfda06695100f5509d5e93f921b989	physicochemical_roles	0	SELECTIVE_AGENT	NAME_PATTERN	OPEN_REQUIRES_ORIGINAL_SOURCE	Name-pattern matching does not establish the ingredient-specific biological or formulation role. Inspect a preparation manual, original culture method, or direct utilization study.		false
data/ingredients/mapped/Cefmetazole.yaml	7a7f6d1135bf082c3116b11d3b052a6ca006055de9d4df6bc37643bc2e05567d	f8022e7f4b0dc2d5ac8bfee6907fef9eff7506632cd4a11eac620af6777da28b	MIM.assertion:435dacb07c0f9c881b33ad34d6c968e0b00828fc0c7c24f1005b9d0dff63cf7b	physicochemical_roles	0	SELECTIVE_AGENT	NAME_PATTERN	OPEN_REQUIRES_ORIGINAL_SOURCE	Name-pattern matching does not establish the ingredient-specific biological or formulation role. Inspect a preparation manual, original culture method, or direct utilization study.		false
data/ingredients/mapped/Cefotaxime_Sodium_Salt.yaml	0fdce36a6827630be1245e240d68b5e7b4c5dce6452e340d8de1044323614bc1	f8022e7f4b0dc2d5ac8bfee6907fef9eff7506632cd4a11eac620af6777da28b	MIM.assertion:5a8cec3130031ac543823882521b938851181cbbdefdc4e2e2d96ec7e956b8e5	physicochemical_roles	0	SELECTIVE_AGENT	NAME_PATTERN	OPEN_REQUIRES_ORIGINAL_SOURCE	Name-pattern matching does not establish the ingredient-specific biological or formulation role. Inspect a preparation manual, original culture method, or direct utilization study.		false
data/ingredients/mapped/Cefoxitin_Sodium_Salt.yaml	c42368a68a9bb96a8ca994ac1ce506257bbb72d03f79c08bad794b72b92d9cdd	f8022e7f4b0dc2d5ac8bfee6907fef9eff7506632cd4a11eac620af6777da28b	MIM.assertion:1dd4e01a5bff7b8df5900e2174a1fce906a93d2fbad2d17c5e6a5d07fe80fba9	physicochemical_roles	0	SELECTIVE_AGENT	NAME_PATTERN	OPEN_REQUIRES_ORIGINAL_SOURCE	Name-pattern matching does not establish the ingredient-specific biological or formulation role. Inspect a preparation manual, original culture method, or direct utilization study.		false
data/ingredients/mapped/Cefsulodin_Sodium_Salt_Hydrate.yaml	248a200989082e5f3786f45ddf9f1492b58eb5a728f0696040b12e8e1bad0939	f8022e7f4b0dc2d5ac8bfee6907fef9eff7506632cd4a11eac620af6777da28b	MIM.assertion:a805df38ec231607c778f81386df8a428e5b49b228205b82d8b8825115e937a8	physicochemical_roles	0	SELECTIVE_AGENT	NAME_PATTERN	OPEN_REQUIRES_ORIGINAL_SOURCE	Name-pattern matching does not establish the ingredient-specific biological or formulation role. Inspect a preparation manual, original culture method, or direct utilization study.		false
data/ingredients/mapped/Ceftazidime_Hydrate.yaml	405c394375f6df48a0b77acc3d01c6c24e6fce844cf7470ef838792b8f9895cb	f8022e7f4b0dc2d5ac8bfee6907fef9eff7506632cd4a11eac620af6777da28b	MIM.assertion:fff03bda6092017b11e3ad231b17fa8673d3bd08aced8048fa557c042acc8414	physicochemical_roles	0	SELECTIVE_AGENT	NAME_PATTERN	OPEN_REQUIRES_ORIGINAL_SOURCE	Name-pattern matching does not establish the ingredient-specific biological or formulation role. Inspect a preparation manual, original culture method, or direct utilization study.		false
data/ingredients/mapped/Ceftriaxone_Disodium_Salt_Hemi_Heptahydrate.yaml	8e46dd83f0c5babd8b4d8e84ac3d9af0e3d65967af120f7880a1fbd1329d5f9a	f8022e7f4b0dc2d5ac8bfee6907fef9eff7506632cd4a11eac620af6777da28b	MIM.assertion:ae5a7401ddcf7ad4a8e66a96dac1bdc441fc2b1f50f391b6021114242c18e9b1	physicochemical_roles	0	SELECTIVE_AGENT	NAME_PATTERN	OPEN_REQUIRES_ORIGINAL_SOURCE	Name-pattern matching does not establish the ingredient-specific biological or formulation role. Inspect a preparation manual, original culture method, or direct utilization study.		false
data/ingredients/mapped/Cell_Lysate.yaml	4b3c2430938d79054452fb88828f9f855d747be3ddffcafaa79ea916cc1f4420	7fbde1a92491632faf80d3bf87c4cab5bf4e772e70454374b86dd833f81f0ae8	MIM.assertion:f9407bc72b1938b1d9a011b72c4c82ece40793a1c46d5415712790a75858fea0	nutritional_roles	0	PROTEIN_SOURCE	NAME_PATTERN	OPEN_REQUIRES_ORIGINAL_SOURCE	Name-pattern matching does not establish the ingredient-specific biological or formulation role. Inspect a preparation manual, original culture method, or direct utilization study.		false
data/ingredients/mapped/Cellobiose.yaml	254eeac1530cc7b1f1005c07d3b7a7de230b29f5f162bb133ab901863c0c4b33	05797c833ce5f55a4f9deb8713e7b56bc9b4c8e4920aeed310903d0418be101f	MIM.assertion:5dcca945a2f321990574f477f77d2516339ec3dcd816ca511496cf481f3d2e1b	nutritional_roles	1	ENERGY_SOURCE	ENERGY_TEMPLATE	OPEN_REQUIRES_ORIGINAL_SOURCE	A generic energy-substrate template does not record a supporting organism, culture condition, or utilization experiment. Source-confirm this precise stereochemical and supplied form.		false
data/ingredients/mapped/Cellohexaose.yaml	2a9b6769a99eb01213ea7e489906c22e4a9a530b98a174523040059789c88e2b	4ea628be52149f9b81f39b2e78a409a172515bc4ad5c8e5c6fb4eba7014f1b6e	MIM.assertion:5b0f218fa675dcba0642c0f4c931bab857248e498bec8ba54a88a28a6e22baae	nutritional_roles	0	CARBON_SOURCE	ANCESTRY	OPEN_REQUIRES_ORIGINAL_SOURCE	Ontology ancestry identifies a chemical class or general chemical role; it does not establish the media-use or organism-specific nutritional claim. Inspect the actual lineage and source-context role evidence.		false
data/ingredients/mapped/Cellopentaose.yaml	f87d48fcb67a69fcb812f816e60f30cfc772891ee07afae00771e21fcc356395	4ea628be52149f9b81f39b2e78a409a172515bc4ad5c8e5c6fb4eba7014f1b6e	MIM.assertion:81e7e5cdcec4d0a240cf47c49e0898af370481473a613d69ab44d9499eeebabe	nutritional_roles	0	CARBON_SOURCE	ANCESTRY	OPEN_REQUIRES_ORIGINAL_SOURCE	Ontology ancestry identifies a chemical class or general chemical role; it does not establish the media-use or organism-specific nutritional claim. Inspect the actual lineage and source-context role evidence.		false
data/ingredients/mapped/Cellotetraose.yaml	fcc75737b8a2ef59b23520cc623bdcb7da4bdf6a0c7e2c5f1933facc251aaa4a	4ea628be52149f9b81f39b2e78a409a172515bc4ad5c8e5c6fb4eba7014f1b6e	MIM.assertion:e608d5c5d09f664f22998cd659cef07b1bf79396601725070e53d53a7ba37695	nutritional_roles	0	CARBON_SOURCE	ANCESTRY	OPEN_REQUIRES_ORIGINAL_SOURCE	Ontology ancestry identifies a chemical class or general chemical role; it does not establish the media-use or organism-specific nutritional claim. Inspect the actual lineage and source-context role evidence.		false
data/ingredients/mapped/Cellotriose.yaml	e8fdd559e5b4b015d6def5e031a80f3dd2c0e54f145b95c25c403308ddecd87f	4ea628be52149f9b81f39b2e78a409a172515bc4ad5c8e5c6fb4eba7014f1b6e	MIM.assertion:27ebe0e705b79cc9c8b4fbfa17f8c150f5e6040f664ad9220cae06cbf7a75911	nutritional_roles	0	CARBON_SOURCE	ANCESTRY	OPEN_REQUIRES_ORIGINAL_SOURCE	Ontology ancestry identifies a chemical class or general chemical role; it does not establish the media-use or organism-specific nutritional claim. Inspect the actual lineage and source-context role evidence.		false
data/ingredients/mapped/Cellulose.yaml	ef8af16a7cf385843a7d887a779c0e83a44246dc18b5f1bbf4a7955527519e5d	4ea628be52149f9b81f39b2e78a409a172515bc4ad5c8e5c6fb4eba7014f1b6e	MIM.assertion:92d3df10657a74a355b3ad43f32671ceb79dcdf4f701e43bef62ea9dedfe5a13	nutritional_roles	0	CARBON_SOURCE	ANCESTRY	OPEN_REQUIRES_ORIGINAL_SOURCE	Ontology ancestry identifies a chemical class or general chemical role; it does not establish the media-use or organism-specific nutritional claim. Inspect the actual lineage and source-context role evidence.		false
data/ingredients/mapped/Cephalexin.yaml	4dc424cb9b0db80ad99ec40766aedc81361bec4860f87bb87faf29ee4da378b7	f8022e7f4b0dc2d5ac8bfee6907fef9eff7506632cd4a11eac620af6777da28b	MIM.assertion:45c61b655c9f2fa9756b1c9fde500d5216065661e2eee2726be8248365edcf38	physicochemical_roles	0	SELECTIVE_AGENT	NAME_PATTERN	OPEN_REQUIRES_ORIGINAL_SOURCE	Name-pattern matching does not establish the ingredient-specific biological or formulation role. Inspect a preparation manual, original culture method, or direct utilization study.		false
data/ingredients/mapped/Cephalothin_Sodium_Salt.yaml	5e3237ea068be418b4f4832842ca1b49a17bd297dc35653940144f380ee73d02	f8022e7f4b0dc2d5ac8bfee6907fef9eff7506632cd4a11eac620af6777da28b	MIM.assertion:6682f8baccaeb6a8a3e77abaedc3210347cc8e227a9d795093f3baa91e289074	physicochemical_roles	0	SELECTIVE_AGENT	NAME_PATTERN	OPEN_REQUIRES_ORIGINAL_SOURCE	Name-pattern matching does not establish the ingredient-specific biological or formulation role. Inspect a preparation manual, original culture method, or direct utilization study.		false
data/ingredients/mapped/Cephamycin_A.yaml	b3747aa9d451337931b476d204aaa9c8d1dd3b9835b556f2290b5e4128ab2786	f8022e7f4b0dc2d5ac8bfee6907fef9eff7506632cd4a11eac620af6777da28b	MIM.assertion:053bf6dcec0713807beab6f6d5a78e117d7d912de5338a2a569ece6483fade65	physicochemical_roles	0	SELECTIVE_AGENT	NAME_PATTERN	OPEN_REQUIRES_ORIGINAL_SOURCE	Name-pattern matching does not establish the ingredient-specific biological or formulation role. Inspect a preparation manual, original culture method, or direct utilization study.		false
data/ingredients/mapped/Cephradine.yaml	f29903b3d0f60c4f16e2a66ac9100fc8aff513d399f020b94652b6f72d8fdfd7	f8022e7f4b0dc2d5ac8bfee6907fef9eff7506632cd4a11eac620af6777da28b	MIM.assertion:7e6e437415e17047e157efa8e7a3311726e5822b4bf29831be7d34d9dbac15db	physicochemical_roles	0	SELECTIVE_AGENT	NAME_PATTERN	OPEN_REQUIRES_ORIGINAL_SOURCE	Name-pattern matching does not establish the ingredient-specific biological or formulation role. Inspect a preparation manual, original culture method, or direct utilization study.		false
data/ingredients/mapped/Cetocycline.yaml	a9459e593a5226ce889837062f9e333b680baa63d51daab66278c58466170c0d	f8022e7f4b0dc2d5ac8bfee6907fef9eff7506632cd4a11eac620af6777da28b	MIM.assertion:e6ef8bdba8b647194827bf0832cb1e7412e0c29c47a4a3edec38f32f3aa474d2	physicochemical_roles	0	SELECTIVE_AGENT	NAME_PATTERN	OPEN_REQUIRES_ORIGINAL_SOURCE	Name-pattern matching does not establish the ingredient-specific biological or formulation role. Inspect a preparation manual, original culture method, or direct utilization study.		false
data/ingredients/mapped/Cetrimonium_Bromide.yaml	6e26768c9eab61f7864a4224811c20d86e7ec1eae8e7e0e634a82ed687fa917e	15642c0ff7088d75bc88144e153f7a5d62a83b6cf7cc8dfb9cf5f52576b84dd4	MIM.assertion:a1b5c39cdc527b8a17e7f57b6fae78e3c7864ebdb95f455e5e846522b5cf1ca6	physicochemical_roles	0	SURFACTANT	ANCESTRY	OPEN_REQUIRES_ORIGINAL_SOURCE	Ontology ancestry identifies a chemical class or general chemical role; it does not establish the media-use or organism-specific nutritional claim. Inspect the actual lineage and source-context role evidence.		false
data/ingredients/mapped/Champamycin_B.yaml	9f979dc23fd689052de6b88856816bf5d1a08e57d79ba3931a232fb00b80d580	f8022e7f4b0dc2d5ac8bfee6907fef9eff7506632cd4a11eac620af6777da28b	MIM.assertion:a82ad3c0117a623acfbed6383b3bdd738a65ae3a5b016ad70bdcd8c993f8648e	physicochemical_roles	0	SELECTIVE_AGENT	NAME_PATTERN	OPEN_REQUIRES_ORIGINAL_SOURCE	Name-pattern matching does not establish the ingredient-specific biological or formulation role. Inspect a preparation manual, original culture method, or direct utilization study.		false
data/ingredients/mapped/Chitin.yaml	ffc63b43e3e87324e112d45d4fab3f7d3d69f19b4a1bdfe91c17cbea4e613c57	df2072c00c03ccac74a186fad08ecce37b665354626058d581fd7b3f601cd30f	MIM.assertion:08c827f716f1f7668e3ed831313ba9a3aa07633c684b87bf11aef937ce9f1905	nutritional_roles	0	CARBON_SOURCE	NAME_PATTERN	OPEN_REQUIRES_ORIGINAL_SOURCE	Name-pattern matching does not establish the ingredient-specific biological or formulation role. Inspect a preparation manual, original culture method, or direct utilization study.		false
data/ingredients/mapped/Chloramphenicol.yaml	f3ec216ebcf3427e177a988d2c4461a3cf1275a8ed9d73c756aa530039844c6c	f8022e7f4b0dc2d5ac8bfee6907fef9eff7506632cd4a11eac620af6777da28b	MIM.assertion:81a76d1de12f11605384b0aa915652f11d9b67b7a60d6a1eb894b5c805b03a8a	physicochemical_roles	0	SELECTIVE_AGENT	NAME_PATTERN	OPEN_REQUIRES_ORIGINAL_SOURCE	Name-pattern matching does not establish the ingredient-specific biological or formulation role. Inspect a preparation manual, original culture method, or direct utilization study.		false
data/ingredients/mapped/Ciprofloxacin_Hydrochloride.yaml	c603b479e4cf40713caed857d49bcd6c2ef16689e35d7ad509d30a42e10c7f09	f8022e7f4b0dc2d5ac8bfee6907fef9eff7506632cd4a11eac620af6777da28b	MIM.assertion:1cee2efedab5248d5a6719a243583bdeb4981a73d018d2e2f3b68452b809db99	physicochemical_roles	0	SELECTIVE_AGENT	NAME_PATTERN	OPEN_REQUIRES_ORIGINAL_SOURCE	Name-pattern matching does not establish the ingredient-specific biological or formulation role. Inspect a preparation manual, original culture method, or direct utilization study.		false
data/ingredients/mapped/Citrate.yaml	3612a56f36e94fee4fe773bcfc7fcb09598032746de68d4a67e8fec6d6bb6ce5	df2072c00c03ccac74a186fad08ecce37b665354626058d581fd7b3f601cd30f	MIM.assertion:874eecdf1bfd6b9b38135f99417e205ed0efed4465b01e20c7ffdf5fd25ddc78	nutritional_roles	0	CARBON_SOURCE	NAME_PATTERN	OPEN_REQUIRES_ORIGINAL_SOURCE	Name-pattern matching does not establish the ingredient-specific biological or formulation role. Inspect a preparation manual, original culture method, or direct utilization study.		false
data/ingredients/mapped/Citrate.yaml	3612a56f36e94fee4fe773bcfc7fcb09598032746de68d4a67e8fec6d6bb6ce5	05797c833ce5f55a4f9deb8713e7b56bc9b4c8e4920aeed310903d0418be101f	MIM.assertion:238f0db396f0836c82c65077fd3f345b2154c4eaf8a1d6f129c37c8145034fec	nutritional_roles	1	ENERGY_SOURCE	ENERGY_TEMPLATE	OPEN_REQUIRES_ORIGINAL_SOURCE	A generic energy-substrate template does not record a supporting organism, culture condition, or utilization experiment. Source-confirm this precise stereochemical and supplied form.		false
data/ingredients/mapped/Citric_Acid.yaml	4165d972a366d0d4dd97216b5744f6ec95ce3031900efc289ebb5b00ca9fd611	df2072c00c03ccac74a186fad08ecce37b665354626058d581fd7b3f601cd30f	MIM.assertion:7233a50ff103e60c80cf811cc41d1ad6f5483979f9279ae884849f4e8a2d5862	nutritional_roles	0	CARBON_SOURCE	NAME_PATTERN	OPEN_REQUIRES_ORIGINAL_SOURCE	Name-pattern matching does not establish the ingredient-specific biological or formulation role. Inspect a preparation manual, original culture method, or direct utilization study.		false
data/ingredients/mapped/Citric_Acid.yaml	4165d972a366d0d4dd97216b5744f6ec95ce3031900efc289ebb5b00ca9fd611	05797c833ce5f55a4f9deb8713e7b56bc9b4c8e4920aeed310903d0418be101f	MIM.assertion:72cd606a800c9956e2419267e3c4b86959429737a15d29ed8cafa4e4dd539967	nutritional_roles	1	ENERGY_SOURCE	ENERGY_TEMPLATE	OPEN_REQUIRES_ORIGINAL_SOURCE	A generic energy-substrate template does not record a supporting organism, culture condition, or utilization experiment. Source-confirm this precise stereochemical and supplied form.		false
data/ingredients/mapped/Citric_Acid_X_H2o.yaml	75c89db7f05e0e7326f0c13908ef01ce265e42ae76beac714c1ef29ec00e6963	df2072c00c03ccac74a186fad08ecce37b665354626058d581fd7b3f601cd30f	MIM.assertion:5a7b753ce55472c6327ae14e69f09e949360822a7471c43eff9d55ba32b1e893	nutritional_roles	0	CARBON_SOURCE	NAME_PATTERN	OPEN_REQUIRES_ORIGINAL_SOURCE	Name-pattern matching does not establish the ingredient-specific biological or formulation role. Inspect a preparation manual, original culture method, or direct utilization study.		false
data/ingredients/mapped/Citric_Acid_X_H2o.yaml	75c89db7f05e0e7326f0c13908ef01ce265e42ae76beac714c1ef29ec00e6963	05797c833ce5f55a4f9deb8713e7b56bc9b4c8e4920aeed310903d0418be101f	MIM.assertion:9f5eeb249ffade3e989bf4f46c5ff31bb14524926e7c7a8bebdb9502cb3424be	nutritional_roles	1	ENERGY_SOURCE	ENERGY_TEMPLATE	OPEN_REQUIRES_ORIGINAL_SOURCE	A generic energy-substrate template does not record a supporting organism, culture condition, or utilization experiment. Source-confirm this precise stereochemical and supplied form.		false
data/ingredients/mapped/Cladomycin.yaml	5538fe10debac7cef481d1cc669ac21f4dc7718edb62beb3a2af55766768180a	f8022e7f4b0dc2d5ac8bfee6907fef9eff7506632cd4a11eac620af6777da28b	MIM.assertion:9a8fe4a889cbb45f2c7e4543f0bb520a409d0ccbec84562eb8a3a28d9b0afe0e	physicochemical_roles	0	SELECTIVE_AGENT	NAME_PATTERN	OPEN_REQUIRES_ORIGINAL_SOURCE	Name-pattern matching does not establish the ingredient-specific biological or formulation role. Inspect a preparation manual, original culture method, or direct utilization study.		false
data/ingredients/mapped/Clarithromycin.yaml	a08a547c339de7c579a36ae16dff0bf6cbe48e6b23d26a37d6f10ec2a88c0891	f8022e7f4b0dc2d5ac8bfee6907fef9eff7506632cd4a11eac620af6777da28b	MIM.assertion:b5bd78154e1a0b647baa0b090bacc65ce4e67b44651d0342d8d9600cd5514e6e	physicochemical_roles	0	SELECTIVE_AGENT	NAME_PATTERN	OPEN_REQUIRES_ORIGINAL_SOURCE	Name-pattern matching does not establish the ingredient-specific biological or formulation role. Inspect a preparation manual, original culture method, or direct utilization study.		false
data/ingredients/mapped/Cloxacillin_Sodium_Salt_Monohydrate.yaml	607668d0334efda6e6b8683cac45e5a1c80e250ddba9d02e89d542031b4ab56d	f8022e7f4b0dc2d5ac8bfee6907fef9eff7506632cd4a11eac620af6777da28b	MIM.assertion:6199d5b661eef7732c78af03b6a2025aa1dd1023c87d55be9b97523a4ecdfe50	physicochemical_roles	0	SELECTIVE_AGENT	NAME_PATTERN	OPEN_REQUIRES_ORIGINAL_SOURCE	Name-pattern matching does not establish the ingredient-specific biological or formulation role. Inspect a preparation manual, original culture method, or direct utilization study.		false
data/ingredients/mapped/Co_No32.yaml	40e67ba4d0760876255130f94d3f4d1ce89401b7bba78a36264b10adebd13b39	bd2e2b4f6e9ac2aab180a7d3f143fa9bb9f71a8140db8da2244c0efb52e3877e	MIM.assertion:28d504f96647135b535e955c3ef07fd824602ed4d13875489fa3399b8ce2954e	nutritional_roles	0	TRACE_ELEMENT	LLM_PREDICTION	OPEN_REQUIRES_ORIGINAL_SOURCE	Uncited in-session reasoning supplies no independent observation. Obtain a source supporting the exact role for the specified ingredient.		false
data/ingredients/mapped/Cobalt_chloride_hexahydrate.yaml	f32ab49c0fa30ca998c07a039503ff4f943b1cb428fb994da6906be8349247dc	bd2e2b4f6e9ac2aab180a7d3f143fa9bb9f71a8140db8da2244c0efb52e3877e	MIM.assertion:4ccfb5834ee1b35da2c6bf60ea4d6d2c887ee0be114c3517cfa47ca97d054a23	nutritional_roles	0	TRACE_ELEMENT	LLM_PREDICTION	OPEN_REQUIRES_ORIGINAL_SOURCE	Uncited in-session reasoning supplies no independent observation. Obtain a source supporting the exact role for the specified ingredient.		false
data/ingredients/mapped/Cocl2_X_2_H2o.yaml	a46da48c9462ac8fe0edff72ca633ab0c78f3bd5a397819f57558fbee1ce9d63	4887eaa3ca0939e5a2422fa0757cc61c8c4d5c2ec6119ded3a43ae4a1acb2a93	MIM.assertion:74450dd357748b1bb7ca5bbeb03aca885b28a7aead1084370c5827b0aba058e0	nutritional_roles	0	TRACE_ELEMENT	NAME_PATTERN	OPEN_REQUIRES_ORIGINAL_SOURCE	Name-pattern matching does not establish the ingredient-specific biological or formulation role. Inspect a preparation manual, original culture method, or direct utilization study.		false
data/ingredients/mapped/Cocl2_X_4_H2o.yaml	1a6126fe5b3c767170ca5d42b25220b4dbf98bcdd109dc21255dae878415b9fc	4887eaa3ca0939e5a2422fa0757cc61c8c4d5c2ec6119ded3a43ae4a1acb2a93	MIM.assertion:458ca9f1ae38b7480ebef5fba51a9b19d1af8512bd421b079e65fdc31b1ee645	nutritional_roles	0	TRACE_ELEMENT	NAME_PATTERN	OPEN_REQUIRES_ORIGINAL_SOURCE	Name-pattern matching does not establish the ingredient-specific biological or formulation role. Inspect a preparation manual, original culture method, or direct utilization study.		false
data/ingredients/mapped/Coenzyme_A.yaml	38a4c9f6bf0743e254be2eb1ae86a28b37e7bda3bc767421fb57fa241be67ce1	07fd9f835e66b4f81882afb1022dcb0778d019c988fa2746463e7ed335192343	MIM.assertion:9c416d1c42a9fae5403c0199e8043813ef659d2e2b15099bdd03e44b85c55cb1	nutritional_roles	0	COFACTOR_PROVIDER	LLM_PREDICTION	OPEN_REQUIRES_ORIGINAL_SOURCE	Uncited in-session reasoning supplies no independent observation. Obtain a source supporting the exact role for the specified ingredient.		false
data/ingredients/mapped/Colistin_Sulfate.yaml	d55c2086f97b62ff286a82f392677987389ce0ec44a39cceb6dced86efacb423	f8022e7f4b0dc2d5ac8bfee6907fef9eff7506632cd4a11eac620af6777da28b	MIM.assertion:03fbd2f17c443b988b9142b1dd45c0b4d5943b4a099627b80d49ad8d5b084565	physicochemical_roles	0	SELECTIVE_AGENT	NAME_PATTERN	OPEN_REQUIRES_ORIGINAL_SOURCE	Name-pattern matching does not establish the ingredient-specific biological or formulation role. Inspect a preparation manual, original culture method, or direct utilization study.		false
data/ingredients/mapped/Collinomycin.yaml	2ca670278f8a16bed0e1fe3a3c94fc492eecc6c7c8d2bd185645dc0b62e55dcc	f8022e7f4b0dc2d5ac8bfee6907fef9eff7506632cd4a11eac620af6777da28b	MIM.assertion:9a917c12dd2ae9ae2b741cca99886d89673966e7abfb91ba74a208c04af8eb5d	physicochemical_roles	0	SELECTIVE_AGENT	NAME_PATTERN	OPEN_REQUIRES_ORIGINAL_SOURCE	Name-pattern matching does not establish the ingredient-specific biological or formulation role. Inspect a preparation manual, original culture method, or direct utilization study.		false
data/ingredients/mapped/Cr2_So43_X_N_H2o.yaml	0b7e77f7f4f3d09677a869564b459ba02dc82699ff142dfe20b7fc873c0a3504	bd2e2b4f6e9ac2aab180a7d3f143fa9bb9f71a8140db8da2244c0efb52e3877e	MIM.assertion:a2df357d7ad6ac21695d1381919f1dcb3a85a11dd28fce4663432e6170f090ad	nutritional_roles	0	TRACE_ELEMENT	LLM_PREDICTION	OPEN_REQUIRES_ORIGINAL_SOURCE	Uncited in-session reasoning supplies no independent observation. Obtain a source supporting the exact role for the specified ingredient.		false
data/ingredients/mapped/Crystal_Violet.yaml	8a6bc6866a2ecd4c5d197251dac8a201143261f179dd41badbc1fd61213035fc	f550df5b865904e5c564d8d3a9a4b721a26559e2cde8c381032d20792eb2216c	MIM.assertion:9f5c745f3fd87a3e3f72128fdc3c3fac8bb370ef347fc873bdf51426fe99296c	physicochemical_roles	0	SELECTIVE_AGENT	LLM_PREDICTION	OPEN_REQUIRES_ORIGINAL_SOURCE	Uncited in-session reasoning supplies no independent observation. Obtain a source supporting the exact role for the specified ingredient.		false
data/ingredients/mapped/Cucl.yaml	d10ad4a30ad5380d4f53569213173961d9a9deb373da6f5575a33f363ace9747	4887eaa3ca0939e5a2422fa0757cc61c8c4d5c2ec6119ded3a43ae4a1acb2a93	MIM.assertion:5209b99172bdb431e6746d94826af8352f31c12ecf905af68869341d117fc4ba	nutritional_roles	0	TRACE_ELEMENT	NAME_PATTERN	OPEN_REQUIRES_ORIGINAL_SOURCE	Name-pattern matching does not establish the ingredient-specific biological or formulation role. Inspect a preparation manual, original culture method, or direct utilization study.		false
data/ingredients/mapped/Cucl2_X_5_H2o.yaml	3db43c36b1d2d842b155e916cf764cf2935fec0c93339cd4c898b4c18a6ea2d0	4887eaa3ca0939e5a2422fa0757cc61c8c4d5c2ec6119ded3a43ae4a1acb2a93	MIM.assertion:1ac34f6a78edb9b3d58540e6fe06806ca73d0be388cb77310cf102d8df8765d8	nutritional_roles	0	TRACE_ELEMENT	NAME_PATTERN	OPEN_REQUIRES_ORIGINAL_SOURCE	Name-pattern matching does not establish the ingredient-specific biological or formulation role. Inspect a preparation manual, original culture method, or direct utilization study.		false
data/ingredients/mapped/Cucl2_X_6_H2o.yaml	617a79e853967c008d7dc62783d291b4189d2d9b5955d9f71b59d6230621b15c	4887eaa3ca0939e5a2422fa0757cc61c8c4d5c2ec6119ded3a43ae4a1acb2a93	MIM.assertion:416f63a579ce9322c2b13e9ad3aa3c54b794d0b1eef9b9cdfdbfdfed7ae6b22d	nutritional_roles	0	TRACE_ELEMENT	NAME_PATTERN	OPEN_REQUIRES_ORIGINAL_SOURCE	Name-pattern matching does not establish the ingredient-specific biological or formulation role. Inspect a preparation manual, original culture method, or direct utilization study.		false
data/ingredients/mapped/Cuso4_X_2_H2o.yaml	b4443181e60d8e1f3fd28fec2010d509be846068da17c6af391cc66a70470ba2	4887eaa3ca0939e5a2422fa0757cc61c8c4d5c2ec6119ded3a43ae4a1acb2a93	MIM.assertion:d8b8487d22faa4d2953e5cf4b94f2f1706b4afa9379c9a0ce6707cfca981afe5	nutritional_roles	0	TRACE_ELEMENT	NAME_PATTERN	OPEN_REQUIRES_ORIGINAL_SOURCE	Name-pattern matching does not establish the ingredient-specific biological or formulation role. Inspect a preparation manual, original culture method, or direct utilization study.		false
data/ingredients/mapped/Cuso4_X_4_H2o.yaml	72ea1934677ab340704d596bfb1a185d5bdc0bc1398386206b7a7837286de0d6	4887eaa3ca0939e5a2422fa0757cc61c8c4d5c2ec6119ded3a43ae4a1acb2a93	MIM.assertion:f34bb38f0e2ff58d01f9df1bae637b43c384945a0450d659d893bb07fc1fe720	nutritional_roles	0	TRACE_ELEMENT	NAME_PATTERN	OPEN_REQUIRES_ORIGINAL_SOURCE	Name-pattern matching does not establish the ingredient-specific biological or formulation role. Inspect a preparation manual, original culture method, or direct utilization study.		false
data/ingredients/mapped/Cuso4_X_6_H2o.yaml	9d0491fe64b362cd74a62b5b72dce232233dd220584111dbd5956e45996170fe	4887eaa3ca0939e5a2422fa0757cc61c8c4d5c2ec6119ded3a43ae4a1acb2a93	MIM.assertion:15c9c834b0e6dcf9b2efb607cf44f2e35b0dd227de039957956987db2c002c94	nutritional_roles	0	TRACE_ELEMENT	NAME_PATTERN	OPEN_REQUIRES_ORIGINAL_SOURCE	Name-pattern matching does not establish the ingredient-specific biological or formulation role. Inspect a preparation manual, original culture method, or direct utilization study.		false
data/ingredients/mapped/Cycloheximid.yaml	252ac8771048780efc743b3a921ccadaa35e08396d1a807216c3a2763a940f2c	f550df5b865904e5c564d8d3a9a4b721a26559e2cde8c381032d20792eb2216c	MIM.assertion:27ea2f3fc7fa97d0b1c2cfcface767c25bb3e804d347ac64bdf565a141dac528	physicochemical_roles	0	SELECTIVE_AGENT	LLM_PREDICTION	OPEN_REQUIRES_ORIGINAL_SOURCE	Uncited in-session reasoning supplies no independent observation. Obtain a source supporting the exact role for the specified ingredient.		false
data/ingredients/mapped/Cyclomaltoheptaose.yaml	366dae45d77efc8d2fdde2e35c3a914b6b726aadd655fcf75ed3ef0459d0445a	4ea628be52149f9b81f39b2e78a409a172515bc4ad5c8e5c6fb4eba7014f1b6e	MIM.assertion:d50a656798cc594d7cda5d9b9250212cbb2bfa4876288c4d938ec1d9f7aa68da	nutritional_roles	0	CARBON_SOURCE	ANCESTRY	OPEN_REQUIRES_ORIGINAL_SOURCE	Ontology ancestry identifies a chemical class or general chemical role; it does not establish the media-use or organism-specific nutritional claim. Inspect the actual lineage and source-context role evidence.		false
data/ingredients/mapped/D-2-Aminobutyric_Acid.yaml	f45d2cf926674370b51282c314b27ccae3ee111d404efc1d4c9c154c6861b5f3	7d31b5bc3b31af72e9763c0dced0805a7e6435f4c0a8f0027fd68740f6d7fe14	MIM.assertion:5bc4e100735fde3bf6004ee4bdaee1ebc7d8c06da8005d9e9a6b85a9850ead74	nutritional_roles	0	AMINO_ACID_SOURCE	ANCESTRY	OPEN_REQUIRES_ORIGINAL_SOURCE	Ontology ancestry identifies a chemical class or general chemical role; it does not establish the media-use or organism-specific nutritional claim. Inspect the actual lineage and source-context role evidence.		false
data/ingredients/mapped/D-Alanine.yaml	339e66c0d8cd147d235511dc025429b213cd70036bc987966c5f923ac02a1605	7d31b5bc3b31af72e9763c0dced0805a7e6435f4c0a8f0027fd68740f6d7fe14	MIM.assertion:bef3dfcc32f4fa34500af92521966506fbe41dae382df7bd2c870a6b18051d66	nutritional_roles	0	AMINO_ACID_SOURCE	ANCESTRY	OPEN_REQUIRES_ORIGINAL_SOURCE	Ontology ancestry identifies a chemical class or general chemical role; it does not establish the media-use or organism-specific nutritional claim. Inspect the actual lineage and source-context role evidence.		false
data/ingredients/mapped/D-Aspartic_Acid.yaml	270dac8e5c03a2e131d5f4635cc1715cb9216723cc7370785ce38ece87eca887	7d31b5bc3b31af72e9763c0dced0805a7e6435f4c0a8f0027fd68740f6d7fe14	MIM.assertion:e2db19989349e498f513544b222a05367f80c5bbf86d2ec0b8d91033d16a4c91	nutritional_roles	0	AMINO_ACID_SOURCE	ANCESTRY	OPEN_REQUIRES_ORIGINAL_SOURCE	Ontology ancestry identifies a chemical class or general chemical role; it does not establish the media-use or organism-specific nutritional claim. Inspect the actual lineage and source-context role evidence.		false
data/ingredients/mapped/D-Fructose_6-phosphate_Disodium_Salt_Hydrate.yaml	2244062bcf003bedc31752d4b5b370a062b488c426fd025f86ce7cecc154a565	df2072c00c03ccac74a186fad08ecce37b665354626058d581fd7b3f601cd30f	MIM.assertion:0a442dab56b939991b5b1364289aed01f4b9ca5d0b66d81cfdafc517f6fbefbb	nutritional_roles	0	CARBON_SOURCE	NAME_PATTERN	OPEN_REQUIRES_ORIGINAL_SOURCE	Name-pattern matching does not establish the ingredient-specific biological or formulation role. Inspect a preparation manual, original culture method, or direct utilization study.		false
data/ingredients/mapped/D-Glucaric_Acid.yaml	28cb4957cd4826f99337d6b52f18de2844e52af42d728a893dc307967f90d8db	4ea628be52149f9b81f39b2e78a409a172515bc4ad5c8e5c6fb4eba7014f1b6e	MIM.assertion:ac377c2fd41f5b9eae8d6bd8ab7afe7f9762fcca7768c6d5f5bdb8022e663dc8	nutritional_roles	0	CARBON_SOURCE	ANCESTRY	OPEN_REQUIRES_ORIGINAL_SOURCE	Ontology ancestry identifies a chemical class or general chemical role; it does not establish the media-use or organism-specific nutritional claim. Inspect the actual lineage and source-context role evidence.		false
data/ingredients/mapped/D-Glucose-6-Phosphate_Sodium_Salt.yaml	92e0e4a5be91c1d5be30056ba6e68de884b3f59aecc8281b4ccdf5cf26935feb	df2072c00c03ccac74a186fad08ecce37b665354626058d581fd7b3f601cd30f	MIM.assertion:8adad64fe9722b760229fa3f985831ae36f3bc44c783c1423908573ec9bd1e46	nutritional_roles	0	CARBON_SOURCE	NAME_PATTERN	OPEN_REQUIRES_ORIGINAL_SOURCE	Name-pattern matching does not establish the ingredient-specific biological or formulation role. Inspect a preparation manual, original culture method, or direct utilization study.		false
data/ingredients/mapped/D-Glutamic_Acid.yaml	cda896e8d5e530ec719d30737893fa426a6e454dcc53548e12af8471a8ad5526	7d31b5bc3b31af72e9763c0dced0805a7e6435f4c0a8f0027fd68740f6d7fe14	MIM.assertion:f48000c695741eaa82dac3d3cccf479cf530711964aae0ba2fc80b5cda794dc4	nutritional_roles	0	AMINO_ACID_SOURCE	ANCESTRY	OPEN_REQUIRES_ORIGINAL_SOURCE	Ontology ancestry identifies a chemical class or general chemical role; it does not establish the media-use or organism-specific nutritional claim. Inspect the actual lineage and source-context role evidence.		false
data/ingredients/mapped/D-Leucine.yaml	e5de64402523fc9ccc19b390ee29cbc28dfed39085395a7d15220e4b13260786	7d31b5bc3b31af72e9763c0dced0805a7e6435f4c0a8f0027fd68740f6d7fe14	MIM.assertion:72b6a0a51226836ec22c9b98da335c86daa3b4dc582099df772045fcc5e29782	nutritional_roles	0	AMINO_ACID_SOURCE	ANCESTRY	OPEN_REQUIRES_ORIGINAL_SOURCE	Ontology ancestry identifies a chemical class or general chemical role; it does not establish the media-use or organism-specific nutritional claim. Inspect the actual lineage and source-context role evidence.		false
data/ingredients/mapped/D-Leucrose.yaml	4afb61c4b4524c13a6b58fabcad62553162dccf1a3a4032e09ded3602cfc7083	df2072c00c03ccac74a186fad08ecce37b665354626058d581fd7b3f601cd30f	MIM.assertion:d8e1de077ac9c5b109bd73a4919ad69fa91178dd9605180d2899ed08c3c79245	nutritional_roles	0	CARBON_SOURCE	NAME_PATTERN	OPEN_REQUIRES_ORIGINAL_SOURCE	Name-pattern matching does not establish the ingredient-specific biological or formulation role. Inspect a preparation manual, original culture method, or direct utilization study.		false
data/ingredients/mapped/D-Lysine.yaml	ed998d8578c9e19a391eb1cd0a15faf9083e74d278085fe0596598b7d24cb392	7d31b5bc3b31af72e9763c0dced0805a7e6435f4c0a8f0027fd68740f6d7fe14	MIM.assertion:e41d6c4c1314677d4af0e389f44a63883a7bf46e54687dc5680d2c014e67f542	nutritional_roles	0	AMINO_ACID_SOURCE	ANCESTRY	OPEN_REQUIRES_ORIGINAL_SOURCE	Ontology ancestry identifies a chemical class or general chemical role; it does not establish the media-use or organism-specific nutritional claim. Inspect the actual lineage and source-context role evidence.		false
data/ingredients/mapped/D-Maltose_Monohydrate.yaml	26a9eeab846dc7bcc7bcca78b8c2f067389444a3bd23e4b85373dd61f9091bec	df2072c00c03ccac74a186fad08ecce37b665354626058d581fd7b3f601cd30f	MIM.assertion:112bbc3e9d10f5487fb97bc7c5b438e8ed8ab49542133781c24046fa1822d60c	nutritional_roles	0	CARBON_SOURCE	NAME_PATTERN	OPEN_REQUIRES_ORIGINAL_SOURCE	Name-pattern matching does not establish the ingredient-specific biological or formulation role. Inspect a preparation manual, original culture method, or direct utilization study.		false
data/ingredients/mapped/D-Maltose_Monohydrate.yaml	26a9eeab846dc7bcc7bcca78b8c2f067389444a3bd23e4b85373dd61f9091bec	05797c833ce5f55a4f9deb8713e7b56bc9b4c8e4920aeed310903d0418be101f	MIM.assertion:eeb2112d774e7ff1b4f6b44406e61d7f7af24771cd1b515f0a51980d06e5a415	nutritional_roles	1	ENERGY_SOURCE	ENERGY_TEMPLATE	OPEN_REQUIRES_ORIGINAL_SOURCE	A generic energy-substrate template does not record a supporting organism, culture condition, or utilization experiment. Source-confirm this precise stereochemical and supplied form.		false
data/ingredients/mapped/D-Mannose_6-phosphate_Sodium_Salt.yaml	a75ef83b827c57b90d984fc85d64f3a0216c7accb99a726f27830fad3820e191	df2072c00c03ccac74a186fad08ecce37b665354626058d581fd7b3f601cd30f	MIM.assertion:1833dc2f0c5817669611cff586c3e3cfa04e51c28ea1cb54253d40c4d0e2b5c7	nutritional_roles	0	CARBON_SOURCE	NAME_PATTERN	OPEN_REQUIRES_ORIGINAL_SOURCE	Name-pattern matching does not establish the ingredient-specific biological or formulation role. Inspect a preparation manual, original culture method, or direct utilization study.		false
data/ingredients/mapped/D-Methionine.yaml	4f5efa885ac3389c757f7fa257d2e620dec4d926480b7801090b2bf4b867cdec	7d31b5bc3b31af72e9763c0dced0805a7e6435f4c0a8f0027fd68740f6d7fe14	MIM.assertion:f3e5b4e872fa93e4123232e7d9f3a9e1339a3803fc36c79c5c2c7e4d6fb0f9b3	nutritional_roles	0	AMINO_ACID_SOURCE	ANCESTRY	OPEN_REQUIRES_ORIGINAL_SOURCE	Ontology ancestry identifies a chemical class or general chemical role; it does not establish the media-use or organism-specific nutritional claim. Inspect the actual lineage and source-context role evidence.		false
data/ingredients/mapped/D-Proline.yaml	cd4c31bf43a22d6cce53ad49dc8cc30b3ce3f844a05a9a5f682d3484f1d17279	7d31b5bc3b31af72e9763c0dced0805a7e6435f4c0a8f0027fd68740f6d7fe14	MIM.assertion:543b1b68918a0190b7edba2cfb9b83710d4c233658419906372e4583386fe79a	nutritional_roles	0	AMINO_ACID_SOURCE	ANCESTRY	OPEN_REQUIRES_ORIGINAL_SOURCE	Ontology ancestry identifies a chemical class or general chemical role; it does not establish the media-use or organism-specific nutritional claim. Inspect the actual lineage and source-context role evidence.		false
data/ingredients/mapped/D-Raffinose_Pentahydrate.yaml	3b0200dd4a0b0e7127b13ba0a4b278c6faa094562534f9b72a4f4c4870b87c49	df2072c00c03ccac74a186fad08ecce37b665354626058d581fd7b3f601cd30f	MIM.assertion:410709893ee5e861b4ab6875958bff3f8b4711662cc492e06cd1b9570a58f357	nutritional_roles	0	CARBON_SOURCE	NAME_PATTERN	OPEN_REQUIRES_ORIGINAL_SOURCE	Name-pattern matching does not establish the ingredient-specific biological or formulation role. Inspect a preparation manual, original culture method, or direct utilization study.		false
data/ingredients/mapped/D-Ribose.yaml	eb58aa306690df74cabeac20c829dced22c79f88370a5f4bd4daaabbe5bf1249	4ea628be52149f9b81f39b2e78a409a172515bc4ad5c8e5c6fb4eba7014f1b6e	MIM.assertion:cc2b9a575a4217ad1ec4558a3d3647e8db36b5e88620c02263e8f7d79324b916	nutritional_roles	0	CARBON_SOURCE	ANCESTRY	OPEN_REQUIRES_ORIGINAL_SOURCE	Ontology ancestry identifies a chemical class or general chemical role; it does not establish the media-use or organism-specific nutritional claim. Inspect the actual lineage and source-context role evidence.		false
data/ingredients/mapped/D-Ribose.yaml	eb58aa306690df74cabeac20c829dced22c79f88370a5f4bd4daaabbe5bf1249	05797c833ce5f55a4f9deb8713e7b56bc9b4c8e4920aeed310903d0418be101f	MIM.assertion:2d9af0af5a7921f13e5014f454e0556cc0845433a637f140095f6b655b29c0fc	nutritional_roles	1	ENERGY_SOURCE	ENERGY_TEMPLATE	OPEN_REQUIRES_ORIGINAL_SOURCE	A generic energy-substrate template does not record a supporting organism, culture condition, or utilization experiment. Source-confirm this precise stereochemical and supplied form.		false
data/ingredients/mapped/D-Serine.yaml	d6aba07f5a08cca5568562a8683e9c4ae2d771dffcbcf6b1fbe71ea735d1adb6	7d31b5bc3b31af72e9763c0dced0805a7e6435f4c0a8f0027fd68740f6d7fe14	MIM.assertion:b9ed9451c9693a6392196800a684452e1d182c355cdd49c202cce335908a5531	nutritional_roles	0	AMINO_ACID_SOURCE	ANCESTRY	OPEN_REQUIRES_ORIGINAL_SOURCE	Ontology ancestry identifies a chemical class or general chemical role; it does not establish the media-use or organism-specific nutritional claim. Inspect the actual lineage and source-context role evidence.		false
data/ingredients/mapped/D-_-galactosamine_Hydrochloride.yaml	882470ce63e5013ac4bd86e9834f284a6f4135c0f3f6a7f718e9b3a79399416f	4ea628be52149f9b81f39b2e78a409a172515bc4ad5c8e5c6fb4eba7014f1b6e	MIM.assertion:7d74fb1d992ed0d2b9e8306dd26d51fa1f7692a3be90a63d09d70ccc496aca51	nutritional_roles	0	CARBON_SOURCE	ANCESTRY	OPEN_REQUIRES_ORIGINAL_SOURCE	Ontology ancestry identifies a chemical class or general chemical role; it does not establish the media-use or organism-specific nutritional claim. Inspect the actual lineage and source-context role evidence.		false
data/ingredients/mapped/D-_-gluconic_Acid_Gamma-lactone.yaml	c880c993332c68d83bb4ba96a3c45500dea3ac7993dc4a515f6a2cdb91c74f5c	df2072c00c03ccac74a186fad08ecce37b665354626058d581fd7b3f601cd30f	MIM.assertion:5e8efb0901280dba6e1fe49f4458f7dea980ccb31f4b70a66074520936c4c49b	nutritional_roles	0	CARBON_SOURCE	NAME_PATTERN	OPEN_REQUIRES_ORIGINAL_SOURCE	Name-pattern matching does not establish the ingredient-specific biological or formulation role. Inspect a preparation manual, original culture method, or direct utilization study.		false
data/ingredients/mapped/D-_-gluconic_Acid_Gamma-lactone.yaml	c880c993332c68d83bb4ba96a3c45500dea3ac7993dc4a515f6a2cdb91c74f5c	05797c833ce5f55a4f9deb8713e7b56bc9b4c8e4920aeed310903d0418be101f	MIM.assertion:4ac1d919eea4e4c0225f5ab02701afc916dcf06d1ece7ef428222670dcb1ebdb	nutritional_roles	1	ENERGY_SOURCE	ENERGY_TEMPLATE	OPEN_REQUIRES_ORIGINAL_SOURCE	A generic energy-substrate template does not record a supporting organism, culture condition, or utilization experiment. Source-confirm this precise stereochemical and supplied form.		false
data/ingredients/mapped/D-_-melezitose_Hydrate.yaml	e1b61c883ad813d73b3b508054774699b577fbaa90c8dd6fd4748abfa20bcc59	df2072c00c03ccac74a186fad08ecce37b665354626058d581fd7b3f601cd30f	MIM.assertion:c8efa515993599c00b953f93fdde8ee2004b15b4890ca8fe02de70d2c35cb1bd	nutritional_roles	0	CARBON_SOURCE	NAME_PATTERN	OPEN_REQUIRES_ORIGINAL_SOURCE	Name-pattern matching does not establish the ingredient-specific biological or formulation role. Inspect a preparation manual, original culture method, or direct utilization study.		false
data/ingredients/mapped/D-_-melezitose_Monohydrate.yaml	e17d80e75cf8794f5f4e2cab65a4cff77c92f921add55e36185549f75aff3222	df2072c00c03ccac74a186fad08ecce37b665354626058d581fd7b3f601cd30f	MIM.assertion:986dee551fae01c9db70e6c12d3767f21e744a56cc5a61d16278e20b0a3b9905	nutritional_roles	0	CARBON_SOURCE	NAME_PATTERN	OPEN_REQUIRES_ORIGINAL_SOURCE	Name-pattern matching does not establish the ingredient-specific biological or formulation role. Inspect a preparation manual, original culture method, or direct utilization study.		false
data/ingredients/mapped/D-_-tagatose.yaml	80df3f31b68b9a204f213badc49d094e386baa3ddc74dc8cb7e7e97ddb097590	4ea628be52149f9b81f39b2e78a409a172515bc4ad5c8e5c6fb4eba7014f1b6e	MIM.assertion:9feb81852a7c0508c48cfce89d650870d2b7284b8291db0caa7c603c734c59a8	nutritional_roles	0	CARBON_SOURCE	ANCESTRY	OPEN_REQUIRES_ORIGINAL_SOURCE	Ontology ancestry identifies a chemical class or general chemical role; it does not establish the media-use or organism-specific nutritional claim. Inspect the actual lineage and source-context role evidence.		false
data/ingredients/mapped/D-_-turanose.yaml	9cd9bc8e0241aeb6fefb190c42d61acaca579aee65535cb46fdca43514d85dc1	4ea628be52149f9b81f39b2e78a409a172515bc4ad5c8e5c6fb4eba7014f1b6e	MIM.assertion:76ed295960813312436caf48d0834190f5d99f4828e92097c800780450444e69	nutritional_roles	0	CARBON_SOURCE	ANCESTRY	OPEN_REQUIRES_ORIGINAL_SOURCE	Ontology ancestry identifies a chemical class or general chemical role; it does not establish the media-use or organism-specific nutritional claim. Inspect the actual lineage and source-context role evidence.		false
data/ingredients/mapped/D-apiose.yaml	9d7fa43e4284fda47f36c31b302cb466abcee6750058edcf9b0bcf14050a8367	4ea628be52149f9b81f39b2e78a409a172515bc4ad5c8e5c6fb4eba7014f1b6e	MIM.assertion:e25188bd4ff6661855b26d2f11987ffdfdfbc7130bc9dc1fe26c2bb47fb35c52	nutritional_roles	0	CARBON_SOURCE	ANCESTRY	OPEN_REQUIRES_ORIGINAL_SOURCE	Ontology ancestry identifies a chemical class or general chemical role; it does not establish the media-use or organism-specific nutritional claim. Inspect the actual lineage and source-context role evidence.		false
data/ingredients/mapped/D-arabinose.yaml	0e501cbf834599bb55d18abbca320bd1aa95be31cf0742bafe3cd95484997581	4ea628be52149f9b81f39b2e78a409a172515bc4ad5c8e5c6fb4eba7014f1b6e	MIM.assertion:757280beeb887d57554dae97262ca2fe50af40db66a5defb2c3bd98807fce77c	nutritional_roles	0	CARBON_SOURCE	ANCESTRY	OPEN_REQUIRES_ORIGINAL_SOURCE	Ontology ancestry identifies a chemical class or general chemical role; it does not establish the media-use or organism-specific nutritional claim. Inspect the actual lineage and source-context role evidence.		false
data/ingredients/mapped/D-arabinose.yaml	0e501cbf834599bb55d18abbca320bd1aa95be31cf0742bafe3cd95484997581	05797c833ce5f55a4f9deb8713e7b56bc9b4c8e4920aeed310903d0418be101f	MIM.assertion:b6a3bc67b24e6bb2843ed971a7788bd90d2e08ec54a7f810424f9cdd992b0fa1	nutritional_roles	1	ENERGY_SOURCE	ENERGY_TEMPLATE	OPEN_REQUIRES_ORIGINAL_SOURCE	A generic energy-substrate template does not record a supporting organism, culture condition, or utilization experiment. Source-confirm this precise stereochemical and supplied form.		false
data/ingredients/mapped/D-erythrose.yaml	a88ca4706c61451cbd11c5334ac4002438af9173af7e0f30f40e400f3a4c6f25	4ea628be52149f9b81f39b2e78a409a172515bc4ad5c8e5c6fb4eba7014f1b6e	MIM.assertion:2566db25a88ea1cceb291df1da1ccf7e9ecbfeb76c2d6910abffd979aad6209a	nutritional_roles	0	CARBON_SOURCE	ANCESTRY	OPEN_REQUIRES_ORIGINAL_SOURCE	Ontology ancestry identifies a chemical class or general chemical role; it does not establish the media-use or organism-specific nutritional claim. Inspect the actual lineage and source-context role evidence.		false
data/ingredients/mapped/D-fructose.yaml	2c443404266f5d8e8260d733e235e3d7ee6293519afa8bf0e9afca231be8abfb	05797c833ce5f55a4f9deb8713e7b56bc9b4c8e4920aeed310903d0418be101f	MIM.assertion:88245fa4c80db77186269f39c66ee5331e7017784722cffaf3f5f1b1ea5f0c4b	nutritional_roles	1	ENERGY_SOURCE	ENERGY_TEMPLATE	OPEN_REQUIRES_ORIGINAL_SOURCE	A generic energy-substrate template does not record a supporting organism, culture condition, or utilization experiment. Source-confirm this precise stereochemical and supplied form.		false
data/ingredients/mapped/D-galactose.yaml	2fbc00ce0f442d21cda38d28c2b71cfe37c8d30fa09c793f33bc278237276823	05797c833ce5f55a4f9deb8713e7b56bc9b4c8e4920aeed310903d0418be101f	MIM.assertion:28eba0cb5bf27633e1a3d1f363def1364cd1ba307fa46aa97eb74563ed343618	nutritional_roles	1	ENERGY_SOURCE	ENERGY_TEMPLATE	OPEN_REQUIRES_ORIGINAL_SOURCE	A generic energy-substrate template does not record a supporting organism, culture condition, or utilization experiment. Source-confirm this precise stereochemical and supplied form.		false
data/ingredients/mapped/D-glucose.yaml	dd603850555b5735acd54dcc6f4695a23a0d789b120d77000db239427bad0914	05797c833ce5f55a4f9deb8713e7b56bc9b4c8e4920aeed310903d0418be101f	MIM.assertion:bf0e2bdf629be3f8eae67626c7f89d92b3b740ad816e36a5f647f03d98ebc797	nutritional_roles	1	ENERGY_SOURCE	ENERGY_TEMPLATE	OPEN_REQUIRES_ORIGINAL_SOURCE	A generic energy-substrate template does not record a supporting organism, culture condition, or utilization experiment. Source-confirm this precise stereochemical and supplied form.		false
data/ingredients/mapped/D-glucuronic_Acid.yaml	8fed0bf74a3fde5711734cf0958a007bba8145b491dde6ec0d5a499328e7efea	4ea628be52149f9b81f39b2e78a409a172515bc4ad5c8e5c6fb4eba7014f1b6e	MIM.assertion:96664ba70c9963af32e3ef09fbb02c0f71516c3d6fc68a647b5bb3197980246b	nutritional_roles	0	CARBON_SOURCE	ANCESTRY	OPEN_REQUIRES_ORIGINAL_SOURCE	Ontology ancestry identifies a chemical class or general chemical role; it does not establish the media-use or organism-specific nutritional claim. Inspect the actual lineage and source-context role evidence.		false
data/ingredients/mapped/D-glutamine.yaml	2049eaee8d6b60ac0a94b87f4e452240a513864c6a0c1affa786d7a1894599d2	7d31b5bc3b31af72e9763c0dced0805a7e6435f4c0a8f0027fd68740f6d7fe14	MIM.assertion:11b61ac382d362825afec19f11a36e62af063c5520abafa663d6363f22b62046	nutritional_roles	0	AMINO_ACID_SOURCE	ANCESTRY	OPEN_REQUIRES_ORIGINAL_SOURCE	Ontology ancestry identifies a chemical class or general chemical role; it does not establish the media-use or organism-specific nutritional claim. Inspect the actual lineage and source-context role evidence.		false
data/ingredients/mapped/D-mannitol.yaml	0a04714750dac2e0bec56ab4ee0ba62d29cb4e41cd90fa3f1cacecdcc31c48d9	4ea628be52149f9b81f39b2e78a409a172515bc4ad5c8e5c6fb4eba7014f1b6e	MIM.assertion:e31f3342c9f3c5422d30e6152714508ced7fca177a01c4a535e685727c45f2a2	nutritional_roles	0	CARBON_SOURCE	ANCESTRY	OPEN_REQUIRES_ORIGINAL_SOURCE	Ontology ancestry identifies a chemical class or general chemical role; it does not establish the media-use or organism-specific nutritional claim. Inspect the actual lineage and source-context role evidence.		false
data/ingredients/mapped/D-mannose.yaml	7f5c5fb56cf889813b006e3465aabe62c41a5752f0c2297e4b63cb0f75c0f937	05797c833ce5f55a4f9deb8713e7b56bc9b4c8e4920aeed310903d0418be101f	MIM.assertion:d2735aea69f901bea646e09f7bb0639a0f61f97493cc34f8002d4abb333d6090	nutritional_roles	1	ENERGY_SOURCE	ENERGY_TEMPLATE	OPEN_REQUIRES_ORIGINAL_SOURCE	A generic energy-substrate template does not record a supporting organism, culture condition, or utilization experiment. Source-confirm this precise stereochemical and supplied form.		false
data/ingredients/mapped/D-sorbitol.yaml	b03dc5b410aa70e2fe4e274031b77b502c05db3c05bf44dd225f91d81f287744	4ea628be52149f9b81f39b2e78a409a172515bc4ad5c8e5c6fb4eba7014f1b6e	MIM.assertion:ba5378bd24561a99a42f40495b4cf1a095c3c8c9fff5db47e185275342eb2af2	nutritional_roles	0	CARBON_SOURCE	ANCESTRY	OPEN_REQUIRES_ORIGINAL_SOURCE	Ontology ancestry identifies a chemical class or general chemical role; it does not establish the media-use or organism-specific nutritional claim. Inspect the actual lineage and source-context role evidence.		false
data/ingredients/mapped/D-trehalose_Dihydrate.yaml	b51ac9e8b87eb59d58e7ca2545ff69d41fbbb78de14f485725a30ddef0c3fbf1	df2072c00c03ccac74a186fad08ecce37b665354626058d581fd7b3f601cd30f	MIM.assertion:dde25746334b544baacde006d24317541e11eb78cfd6f900e3d9aad34251e0bd	nutritional_roles	0	CARBON_SOURCE	NAME_PATTERN	OPEN_REQUIRES_ORIGINAL_SOURCE	Name-pattern matching does not establish the ingredient-specific biological or formulation role. Inspect a preparation manual, original culture method, or direct utilization study.		false
data/ingredients/mapped/D-trehalose_Dihydrate.yaml	b51ac9e8b87eb59d58e7ca2545ff69d41fbbb78de14f485725a30ddef0c3fbf1	05797c833ce5f55a4f9deb8713e7b56bc9b4c8e4920aeed310903d0418be101f	MIM.assertion:36f9b5a7e0bc712b09e89da1706a26afea5886a3dacef41de4cfd72935174bd5	nutritional_roles	1	ENERGY_SOURCE	ENERGY_TEMPLATE	OPEN_REQUIRES_ORIGINAL_SOURCE	A generic energy-substrate template does not record a supporting organism, culture condition, or utilization experiment. Source-confirm this precise stereochemical and supplied form.		false
data/ingredients/mapped/D-tryptophan.yaml	96a0312bee253b2d7e871bcc110c086f329044017860606ff3c1d0e3dec09b54	7d31b5bc3b31af72e9763c0dced0805a7e6435f4c0a8f0027fd68740f6d7fe14	MIM.assertion:35f072d96f7fa242c0912bac348085b807ecf2f308b90f3c8ec6d72f2a482ed2	nutritional_roles	0	AMINO_ACID_SOURCE	ANCESTRY	OPEN_REQUIRES_ORIGINAL_SOURCE	Ontology ancestry identifies a chemical class or general chemical role; it does not establish the media-use or organism-specific nutritional claim. Inspect the actual lineage and source-context role evidence.		false
data/ingredients/mapped/D-xylose.yaml	193b1605bac8024863c9ac92d48e865a7db37156e63fb208a3a93c342ee85493	05797c833ce5f55a4f9deb8713e7b56bc9b4c8e4920aeed310903d0418be101f	MIM.assertion:c2bf9664e47a1383b242726116142c4122089daa1fd4c8b40624d7662cd5b1b0	nutritional_roles	1	ENERGY_SOURCE	ENERGY_TEMPLATE	OPEN_REQUIRES_ORIGINAL_SOURCE	A generic energy-substrate template does not record a supporting organism, culture condition, or utilization experiment. Source-confirm this precise stereochemical and supplied form.		false
data/ingredients/mapped/D-xylose_5-phosphate_Lithium_Salt.yaml	08e0044475727f527d9ad53e37b4d88cae70995731dfa0ed275c9c31cd2c8bc6	df2072c00c03ccac74a186fad08ecce37b665354626058d581fd7b3f601cd30f	MIM.assertion:166c89a02fd33d87e12d98af80c6f424aff8d50b9b26aa9d77995022448230e5	nutritional_roles	0	CARBON_SOURCE	NAME_PATTERN	OPEN_REQUIRES_ORIGINAL_SOURCE	Name-pattern matching does not establish the ingredient-specific biological or formulation role. Inspect a preparation manual, original culture method, or direct utilization study.		false
data/ingredients/mapped/DL-2-Aminoadipic_Acid.yaml	fa26e653b29c8d1aeeaea8a1feee468acaa737cb322b9b525eb454c8e5604d7e	7d31b5bc3b31af72e9763c0dced0805a7e6435f4c0a8f0027fd68740f6d7fe14	MIM.assertion:4e9afbf2a590b112f9582a05c2884045bb3cc0d6a79682543d17a1b8120865ab	nutritional_roles	0	AMINO_ACID_SOURCE	ANCESTRY	OPEN_REQUIRES_ORIGINAL_SOURCE	Ontology ancestry identifies a chemical class or general chemical role; it does not establish the media-use or organism-specific nutritional claim. Inspect the actual lineage and source-context role evidence.		false
data/ingredients/mapped/DL-2-Aminobutyric_Acid.yaml	e501ada73b6ef2379f63302d706513f4350d8b81585b2a5a917e7b2fa596ed78	7d31b5bc3b31af72e9763c0dced0805a7e6435f4c0a8f0027fd68740f6d7fe14	MIM.assertion:48c24512cd4a194e67f8042b993aec0054ff2115ae2299d30051cf2cd0df5a35	nutritional_roles	0	AMINO_ACID_SOURCE	ANCESTRY	OPEN_REQUIRES_ORIGINAL_SOURCE	Ontology ancestry identifies a chemical class or general chemical role; it does not establish the media-use or organism-specific nutritional claim. Inspect the actual lineage and source-context role evidence.		false
data/ingredients/mapped/DL-3-Aminoisobutyric_Acid.yaml	d9e353eee73a2be99cff88daa9789b7ba2f2053ccfbe6553e9c1582a3a774555	7d31b5bc3b31af72e9763c0dced0805a7e6435f4c0a8f0027fd68740f6d7fe14	MIM.assertion:0fa3a5a8059a3fa57ac64146c893ab298e62c0a5d0adbf502127bc04d725bc19	nutritional_roles	0	AMINO_ACID_SOURCE	ANCESTRY	OPEN_REQUIRES_ORIGINAL_SOURCE	Ontology ancestry identifies a chemical class or general chemical role; it does not establish the media-use or organism-specific nutritional claim. Inspect the actual lineage and source-context role evidence.		false
data/ingredients/mapped/DL-Glycerol_1-phosphate_Sodium_Salt_Hydrate.yaml	fc7137a89b528e627681988eaaf830873870d9be682bb4cb1b87b5ee09094c0f	df2072c00c03ccac74a186fad08ecce37b665354626058d581fd7b3f601cd30f	MIM.assertion:637d16cf9a84a0a3149be3a089ced95be750e81881f0626db48895cab9b30a19	nutritional_roles	0	CARBON_SOURCE	NAME_PATTERN	OPEN_REQUIRES_ORIGINAL_SOURCE	Name-pattern matching does not establish the ingredient-specific biological or formulation role. Inspect a preparation manual, original culture method, or direct utilization study.		false
data/ingredients/mapped/DL-Histidine_Monohydrochloride_Monohydrate.yaml	94b8d614607fb862a583787116735b7282c9c240995bde23fce37dd4251a53d7	b805eaf18a236d0acb66db3bcaf456dfe3a4f9c53c2a569d4841a3f6dc44e128	MIM.assertion:4f3e8ab71b0c9c90b1afa7485f051baf3c7d24e7727b382d22100f521a109b8a	nutritional_roles	0	AMINO_ACID_SOURCE	NAME_PATTERN	OPEN_REQUIRES_ORIGINAL_SOURCE	Name-pattern matching does not establish the ingredient-specific biological or formulation role. Inspect a preparation manual, original culture method, or direct utilization study.		false
data/ingredients/mapped/DL-Isocitric_Acid_Trisodium_Salt_Hydrate.yaml	16bd796338866619728e5c0c5594a67d4c1f65598774e9f79f2f6c06b6149e7d	df2072c00c03ccac74a186fad08ecce37b665354626058d581fd7b3f601cd30f	MIM.assertion:1fa4c9e4c107bf875152c9527194728854f94e527754be34132a93c28cd79993	nutritional_roles	0	CARBON_SOURCE	NAME_PATTERN	OPEN_REQUIRES_ORIGINAL_SOURCE	Name-pattern matching does not establish the ingredient-specific biological or formulation role. Inspect a preparation manual, original culture method, or direct utilization study.		false
data/ingredients/mapped/DL-glyceraldehyde.yaml	928ab995a38d52e6db4ce0ed1badd586a4fa1535446f02bb073f0ff921cb7538	4ea628be52149f9b81f39b2e78a409a172515bc4ad5c8e5c6fb4eba7014f1b6e	MIM.assertion:826076ddb3cb0124324df635a8bfdfd120cd5a395dc102b1ab3d73e2210d6894	nutritional_roles	0	CARBON_SOURCE	ANCESTRY	OPEN_REQUIRES_ORIGINAL_SOURCE	Ontology ancestry identifies a chemical class or general chemical role; it does not establish the media-use or organism-specific nutritional claim. Inspect the actual lineage and source-context role evidence.		false
data/ingredients/mapped/Danomycin.yaml	20ba29d7326f2cd0f7657db3cdd8124ca35dc1a15e3858723bd27101e2663cfd	f8022e7f4b0dc2d5ac8bfee6907fef9eff7506632cd4a11eac620af6777da28b	MIM.assertion:b695b0307eda355be44b671580662588dc2a1bd605d552e61b1078a99c180a13	physicochemical_roles	0	SELECTIVE_AGENT	NAME_PATTERN	OPEN_REQUIRES_ORIGINAL_SOURCE	Name-pattern matching does not establish the ingredient-specific biological or formulation role. Inspect a preparation manual, original culture method, or direct utilization study.		false
data/ingredients/mapped/Danubomycin.yaml	0d90522f7559d33a8c25a8701006ac82bb817e50f2965bf91c584882c8bb8c1c	f8022e7f4b0dc2d5ac8bfee6907fef9eff7506632cd4a11eac620af6777da28b	MIM.assertion:13046fdb73e96ec2433d995a65790bbe9c76c73486a98344451b9de3d3c20e03	physicochemical_roles	0	SELECTIVE_AGENT	NAME_PATTERN	OPEN_REQUIRES_ORIGINAL_SOURCE	Name-pattern matching does not establish the ingredient-specific biological or formulation role. Inspect a preparation manual, original culture method, or direct utilization study.		false
data/ingredients/mapped/Daptomycin.yaml	bce1f6044f12b81bdc58d3325cadfa1dcf1e81b597419059f8e894a1569f4b70	f8022e7f4b0dc2d5ac8bfee6907fef9eff7506632cd4a11eac620af6777da28b	MIM.assertion:9593ece10ed56531cfde48bd99150c2c3240c76be8b5cbdc4b81dd0b75594c98	physicochemical_roles	0	SELECTIVE_AGENT	NAME_PATTERN	OPEN_REQUIRES_ORIGINAL_SOURCE	Name-pattern matching does not establish the ingredient-specific biological or formulation role. Inspect a preparation manual, original culture method, or direct utilization study.		false
data/ingredients/mapped/Destomycin.yaml	c6484b024f378fdc151435546b3b948874d58afba3f904eae16fa22fc5d1fd09	f8022e7f4b0dc2d5ac8bfee6907fef9eff7506632cd4a11eac620af6777da28b	MIM.assertion:7390a1bb0ca6543030cd9134e8b84c69e0bce8085ab4bb747eb7368f2746ecf9	physicochemical_roles	0	SELECTIVE_AGENT	NAME_PATTERN	OPEN_REQUIRES_ORIGINAL_SOURCE	Name-pattern matching does not establish the ingredient-specific biological or formulation role. Inspect a preparation manual, original culture method, or direct utilization study.		false
data/ingredients/mapped/Desulfovibrio_Trace_Elements.yaml	93db08d82a87268e9c970192268b222cd7f518ef64f468aeceea672e329a20ea	bd2e2b4f6e9ac2aab180a7d3f143fa9bb9f71a8140db8da2244c0efb52e3877e	MIM.assertion:dda1618fde24dfecee886b88e663a2bed228eec956a01d178c4d696b2899e0e8	nutritional_roles	0	TRACE_ELEMENT	LLM_PREDICTION	OPEN_REQUIRES_ORIGINAL_SOURCE	Uncited in-session reasoning supplies no independent observation. Obtain a source supporting the exact role for the specified ingredient.		false
data/ingredients/mapped/Deuterated_Glucose.yaml	2482918b98a21024cd45f4b2db753342d8f4eb83997d99556171af5931d99c59	df2072c00c03ccac74a186fad08ecce37b665354626058d581fd7b3f601cd30f	MIM.assertion:b4d9ec61fc2215533578ec271463a5a66ad4748a728c91df278103d0b725c5c6	nutritional_roles	0	CARBON_SOURCE	NAME_PATTERN	OPEN_REQUIRES_ORIGINAL_SOURCE	Name-pattern matching does not establish the ingredient-specific biological or formulation role. Inspect a preparation manual, original culture method, or direct utilization study.		false
data/ingredients/mapped/Deuterated_Glucose.yaml	2482918b98a21024cd45f4b2db753342d8f4eb83997d99556171af5931d99c59	05797c833ce5f55a4f9deb8713e7b56bc9b4c8e4920aeed310903d0418be101f	MIM.assertion:d4cb24da1bc8020fcda3fe714ff31bcbba27fc5c1a7fca2a5735871db832877e	nutritional_roles	1	ENERGY_SOURCE	ENERGY_TEMPLATE	OPEN_REQUIRES_ORIGINAL_SOURCE	A generic energy-substrate template does not record a supporting organism, culture condition, or utilization experiment. Source-confirm this precise stereochemical and supplied form.		false
data/ingredients/mapped/Dextran.yaml	a10d55ac8cd9aab6d34debdd8cc884a2747fb9af42f748c9b388350998ca39da	4ea628be52149f9b81f39b2e78a409a172515bc4ad5c8e5c6fb4eba7014f1b6e	MIM.assertion:59148f10d9f55aba007139465169b2cd34512fc7a3017659de231c6a65a2e0db	nutritional_roles	0	CARBON_SOURCE	ANCESTRY	OPEN_REQUIRES_ORIGINAL_SOURCE	Ontology ancestry identifies a chemical class or general chemical role; it does not establish the media-use or organism-specific nutritional claim. Inspect the actual lineage and source-context role evidence.		false
data/ingredients/mapped/Diaminopimelic_Acid.yaml	b83e338a6f3ddffdd2f713708857efab65602294afcfe43a6a053b96a54fe352	7d31b5bc3b31af72e9763c0dced0805a7e6435f4c0a8f0027fd68740f6d7fe14	MIM.assertion:152a875c339b4c6f61490c2191c33c6a9024889d03ca33492db347e2e22053fe	nutritional_roles	0	AMINO_ACID_SOURCE	ANCESTRY	OPEN_REQUIRES_ORIGINAL_SOURCE	Ontology ancestry identifies a chemical class or general chemical role; it does not establish the media-use or organism-specific nutritional claim. Inspect the actual lineage and source-context role evidence.		false
data/ingredients/mapped/Dicloxacillin_Sodium_Salt_Monohydrate.yaml	638bde6709ddcebdd6c37e01e8c02dd4ae64429bc44f6c53015d8c5f1f802914	f8022e7f4b0dc2d5ac8bfee6907fef9eff7506632cd4a11eac620af6777da28b	MIM.assertion:fa9b2707e2b444c9ac45fa2465f851624a382f0f595f1515eb6996c7fa839bc8	physicochemical_roles	0	SELECTIVE_AGENT	NAME_PATTERN	OPEN_REQUIRES_ORIGINAL_SOURCE	Name-pattern matching does not establish the ingredient-specific biological or formulation role. Inspect a preparation manual, original culture method, or direct utilization study.		false
data/ingredients/mapped/Difucosyllactose.yaml	241e929b3c90cd8d94d5fd25f15582ddd0c3c4fd05f0999c715c8f996f3d9f5d	4ea628be52149f9b81f39b2e78a409a172515bc4ad5c8e5c6fb4eba7014f1b6e	MIM.assertion:06fa776892fc13a9683f09830f31702358bd4c67703618ca86dfbcb6b1f77a6e	nutritional_roles	0	CARBON_SOURCE	ANCESTRY	OPEN_REQUIRES_ORIGINAL_SOURCE	Ontology ancestry identifies a chemical class or general chemical role; it does not establish the media-use or organism-specific nutritional claim. Inspect the actual lineage and source-context role evidence.		false
data/ingredients/mapped/Digested_Serum.yaml	66c9d7b79fe966263a397f01b2fd82162b70b171611ba6e271ce9f938b813e35	8e38f38758c819435dea548e0b06df3191c27228ea3d732c0437dd49ab23c49c	MIM.assertion:dfeaa61b64566ac499fdef2102ce6a3615b8ceb9424046f1b0df9681bb19b7e1	nutritional_roles	0	PROTEIN_SOURCE	LLM_PREDICTION	OPEN_REQUIRES_ORIGINAL_SOURCE	Uncited in-session reasoning supplies no independent observation. Obtain a source supporting the exact role for the specified ingredient.		false
data/ingredients/mapped/Dihydroxyacetone.yaml	ad512d73f33938b4dae6de352ea054be42cddde7b61ee3e71b557f2f76dfd677	4ea628be52149f9b81f39b2e78a409a172515bc4ad5c8e5c6fb4eba7014f1b6e	MIM.assertion:b8c308d29ab3de1ba9539f1433c6f05963aeb2bfe8833cda5ac849bfb878aeae	nutritional_roles	0	CARBON_SOURCE	ANCESTRY	OPEN_REQUIRES_ORIGINAL_SOURCE	Ontology ancestry identifies a chemical class or general chemical role; it does not establish the media-use or organism-specific nutritional claim. Inspect the actual lineage and source-context role evidence.		false
data/ingredients/mapped/Disodium_Glutarate.yaml	e669d06340e36f5ec14af33944ccd04b8d5e97b6ba5ce27c25387fb2442ca912	df2072c00c03ccac74a186fad08ecce37b665354626058d581fd7b3f601cd30f	MIM.assertion:04bec56682c7e3d9847fbba2226f4b703bf881aae18a9b26c00c26ebcf8b28fa	nutritional_roles	0	CARBON_SOURCE	NAME_PATTERN	OPEN_REQUIRES_ORIGINAL_SOURCE	Name-pattern matching does not establish the ingredient-specific biological or formulation role. Inspect a preparation manual, original culture method, or direct utilization study.		false
data/ingredients/mapped/Dithionite.yaml	223989fc29bf0ff1986c59a2d0abc929cd5751c8a9c43a50307b813e2a554ba5	1ebc231952c7b26c84f5098a04ce280ae03d92c47ec1430a34eb139b88a5b9a2	MIM.assertion:4a830b4835c8f15dea0d5ee0d198e055e3a1dea5d0572176a90751815ce77a20	physicochemical_roles	0	REDUCING_AGENT	NAME_PATTERN	OPEN_REQUIRES_ORIGINAL_SOURCE	Name-pattern matching does not establish the ingredient-specific biological or formulation role. Inspect a preparation manual, original culture method, or direct utilization study.		false
data/ingredients/mapped/Dl-aspartic_Acid.yaml	85fd87594581ff3d8cf8b20b1bdad67adcd3cf2dc3624890da002c2c9894a034	7d31b5bc3b31af72e9763c0dced0805a7e6435f4c0a8f0027fd68740f6d7fe14	MIM.assertion:115bfebde98f62f2bb61abafb73429fbb0ee4ac1daff357799b1e6341ab89319	nutritional_roles	0	AMINO_ACID_SOURCE	ANCESTRY	OPEN_REQUIRES_ORIGINAL_SOURCE	Ontology ancestry identifies a chemical class or general chemical role; it does not establish the media-use or organism-specific nutritional claim. Inspect the actual lineage and source-context role evidence.		false
data/ingredients/mapped/Dl-dithiothreitol.yaml	ae26a9801b8dbb495ff4e03952847516a9724042c0cfdcab273e159de0e77f14	1ebc231952c7b26c84f5098a04ce280ae03d92c47ec1430a34eb139b88a5b9a2	MIM.assertion:133a4f63d7fca6d64b952efaff5e184c15401191a0dbcc40f5f7b2a253f667d1	physicochemical_roles	0	REDUCING_AGENT	NAME_PATTERN	OPEN_REQUIRES_ORIGINAL_SOURCE	Name-pattern matching does not establish the ingredient-specific biological or formulation role. Inspect a preparation manual, original culture method, or direct utilization study.		false
data/ingredients/mapped/Dl-histidine.yaml	f4985eeac71fefeaa0313bc090be28c0b47fa522fd11f390eeed48a83adf2ffe	7d31b5bc3b31af72e9763c0dced0805a7e6435f4c0a8f0027fd68740f6d7fe14	MIM.assertion:a0f1728a2dcf34eb0ddc5d39bfb9d3c1c224a8c1713961dce354b0c5228dac4c	nutritional_roles	0	AMINO_ACID_SOURCE	ANCESTRY	OPEN_REQUIRES_ORIGINAL_SOURCE	Ontology ancestry identifies a chemical class or general chemical role; it does not establish the media-use or organism-specific nutritional claim. Inspect the actual lineage and source-context role evidence.		false
data/ingredients/mapped/Dl-malic_Acid.yaml	bf0ae946dff18dc609712af2b0c013d6001b44bfb66a2f15b0204a334ba7330d	05797c833ce5f55a4f9deb8713e7b56bc9b4c8e4920aeed310903d0418be101f	MIM.assertion:526dc00f9bc2efee3bf233ff63f345ddce204c2e8ad518d8bb55d2548177c756	nutritional_roles	1	ENERGY_SOURCE	ENERGY_TEMPLATE	OPEN_REQUIRES_ORIGINAL_SOURCE	A generic energy-substrate template does not record a supporting organism, culture condition, or utilization experiment. Source-confirm this precise stereochemical and supplied form.		false
data/ingredients/mapped/Dl-mevalonic_Acid.yaml	2286c5f2dccd7eee68191f856425771fb7d4d4bb62cfa9e37d2835cfcb128d78	df2072c00c03ccac74a186fad08ecce37b665354626058d581fd7b3f601cd30f	MIM.assertion:cc56bc84c93274547334d78f5d72edf142613c7653e09ce253c5fabb9b0c5e94	nutritional_roles	0	CARBON_SOURCE	NAME_PATTERN	OPEN_REQUIRES_ORIGINAL_SOURCE	Name-pattern matching does not establish the ingredient-specific biological or formulation role. Inspect a preparation manual, original culture method, or direct utilization study.		false
data/ingredients/mapped/Doxycycline_Hyclate.yaml	eed522b47eff89156ea73b7207567742b155ec797c34ded6996af40a330ec292	f8022e7f4b0dc2d5ac8bfee6907fef9eff7506632cd4a11eac620af6777da28b	MIM.assertion:b57fe69d87de4a8e6b90d56f2d3e6eb5effe5e72b09dbca1c1ee36f7fb03fa7c	physicochemical_roles	0	SELECTIVE_AGENT	NAME_PATTERN	OPEN_REQUIRES_ORIGINAL_SOURCE	Name-pattern matching does not establish the ingredient-specific biological or formulation role. Inspect a preparation manual, original culture method, or direct utilization study.		false
data/ingredients/mapped/Durhamycin.yaml	0f1ab3359b879b2a9917cd713f8683634c6c22395f616fc44030eed83e42ae9e	f8022e7f4b0dc2d5ac8bfee6907fef9eff7506632cd4a11eac620af6777da28b	MIM.assertion:be67eea5bb7854826c64ca45014d0d1084120f5b1fb457e343c2b0b29fafaf97	physicochemical_roles	0	SELECTIVE_AGENT	NAME_PATTERN	OPEN_REQUIRES_ORIGINAL_SOURCE	Name-pattern matching does not establish the ingredient-specific biological or formulation role. Inspect a preparation manual, original culture method, or direct utilization study.		false
data/ingredients/mapped/Dynemicin.yaml	e3f94e82b78de022b04946349c20240594268a2da0b401048ef0f4a2614361e4	f8022e7f4b0dc2d5ac8bfee6907fef9eff7506632cd4a11eac620af6777da28b	MIM.assertion:14a3c975b661418bb4bcc39980e066120a8ff06fd5a7852cf5d22b07c5d31583	physicochemical_roles	0	SELECTIVE_AGENT	NAME_PATTERN	OPEN_REQUIRES_ORIGINAL_SOURCE	Name-pattern matching does not establish the ingredient-specific biological or formulation role. Inspect a preparation manual, original culture method, or direct utilization study.		false
data/ingredients/mapped/E-Amino-N-Caproic_Acid.yaml	f2a76d5f402e91b0d3b92260d2c6467489a680512f0b33c232a5f69cb2de2ff2	7d31b5bc3b31af72e9763c0dced0805a7e6435f4c0a8f0027fd68740f6d7fe14	MIM.assertion:797ee123a64ddb7ac020548359325e7c3f3bf9d18a6c9514e518b9e1fe376911	nutritional_roles	0	AMINO_ACID_SOURCE	ANCESTRY	OPEN_REQUIRES_ORIGINAL_SOURCE	Ontology ancestry identifies a chemical class or general chemical role; it does not establish the media-use or organism-specific nutritional claim. Inspect the actual lineage and source-context role evidence.		false
data/ingredients/mapped/EDTA_Tetrasodium_Tetrahydrate_Salt.yaml	ebbc88a44ee8920c810e31101fe3a303956c5061f9265b10adea414f40bc0b6d	3d8527fd47d2c6fb6a7d20c22049bf31f64eb8fded6c364d6ad8e7a142016f95	MIM.assertion:5ac71ce9e668a59ad56a3fe9db19326186fb20b585f029dc320a7c3c9bb8372d	physicochemical_roles	0	CHELATOR	NAME_PATTERN	OPEN_REQUIRES_ORIGINAL_SOURCE	Name-pattern matching does not establish the ingredient-specific biological or formulation role. Inspect a preparation manual, original culture method, or direct utilization study.		false
data/ingredients/mapped/Edta.yaml	d766e18a220253f5bfa78e734be9b3a7df8b72ad8a7718ac8602a385e3929701	3d8527fd47d2c6fb6a7d20c22049bf31f64eb8fded6c364d6ad8e7a142016f95	MIM.assertion:25efe2af70178e872f43a4cf224dcda2a05810af0eb0e9c28ba78defd16ea2b9	physicochemical_roles	0	CHELATOR	NAME_PATTERN	OPEN_REQUIRES_ORIGINAL_SOURCE	Name-pattern matching does not establish the ingredient-specific biological or formulation role. Inspect a preparation manual, original culture method, or direct utilization study.		false
data/ingredients/mapped/Enterobactin.yaml	7795f8fef6d843fda2cc6f7d7da45252a81ddba2e7bc808adc33d0b1fd54f821	6a341bc3251a64e58a46cdfa02fe2125b7ceb31fb3dd6c04b9ff4a4fc1046e33	MIM.assertion:efd0dd7c42d034a59b1a84be5b6aecaf3c585f597c53c43fd6b6ddca9bbd2765	physicochemical_roles	0	CHELATOR	ANCESTRY	OPEN_REQUIRES_ORIGINAL_SOURCE	Ontology ancestry identifies a chemical class or general chemical role; it does not establish the media-use or organism-specific nutritional claim. Inspect the actual lineage and source-context role evidence.		false
data/ingredients/mapped/Etamycin.yaml	84d07722cb91d161afb8211b2a1cf76bfec8eaa9182b01d12c9e5f85648d8933	f8022e7f4b0dc2d5ac8bfee6907fef9eff7506632cd4a11eac620af6777da28b	MIM.assertion:0cf47ad8604ca5bf6b18220902ddf15936ae2396dbff116101bd5f6a04588f2e	physicochemical_roles	0	SELECTIVE_AGENT	NAME_PATTERN	OPEN_REQUIRES_ORIGINAL_SOURCE	Name-pattern matching does not establish the ingredient-specific biological or formulation role. Inspect a preparation manual, original culture method, or direct utilization study.		false
data/ingredients/mapped/Ethylene_Glycol.yaml	2e1c94c7f1e6a9ef224792c511022984b047ba386d02d2fa9924d721fd6a48ff	e59eee7cf5387857dcf375c761bc4588088393fe88064c16b7be945209733418	MIM.assertion:94796ecbe250c25ee0742d26dc4f3dd5bb12f51967d6ae7180a39e46e93dcc6c	nutritional_roles	0	CARBON_SOURCE	LLM_PREDICTION	OPEN_REQUIRES_ORIGINAL_SOURCE	Uncited in-session reasoning supplies no independent observation. Obtain a source supporting the exact role for the specified ingredient.		false
data/ingredients/mapped/Fad.yaml	604aa537dff13b0a9b75ca69fb5a144473016a66aaddd5bfb0a271222edfe699	918bac91021e5325378db6c9197e2049db1e9666b75775490a91df6567ef66da	MIM.assertion:8562aba9a55418ea6a5d7f675f0fca0acacf9b80bb2a1f933685f3d68ca0d065	nutritional_roles	0	VITAMIN_SOURCE	ANCESTRY	OPEN_REQUIRES_ORIGINAL_SOURCE	Ontology ancestry identifies a chemical class or general chemical role; it does not establish the media-use or organism-specific nutritional claim. Inspect the actual lineage and source-context role evidence.		false
data/ingredients/mapped/Fe2_So43_X_N_H2o.yaml	5b98fed8eddbde07bfd8e8e4dd9263cd56d7ecb494691d4d5f55fedd3a405447	bd2e2b4f6e9ac2aab180a7d3f143fa9bb9f71a8140db8da2244c0efb52e3877e	MIM.assertion:b0da94800e70673a2936c1a6b2050e0b7b40ae569d32036e5d648581c2973f6d	nutritional_roles	0	TRACE_ELEMENT	LLM_PREDICTION	OPEN_REQUIRES_ORIGINAL_SOURCE	Uncited in-session reasoning supplies no independent observation. Obtain a source supporting the exact role for the specified ingredient.		false
data/ingredients/mapped/Fe_Iii-edta.yaml	6fd48cb9ab4ab7062b205222b458240a731ede878f63f337662dca652d6ee352	bd2e2b4f6e9ac2aab180a7d3f143fa9bb9f71a8140db8da2244c0efb52e3877e	MIM.assertion:d5a46ef0b59cecc27374aaf6a614a3d1e4b3aece85aa772b2c479b30cfbec771	nutritional_roles	0	TRACE_ELEMENT	LLM_PREDICTION	OPEN_REQUIRES_ORIGINAL_SOURCE	Uncited in-session reasoning supplies no independent observation. Obtain a source supporting the exact role for the specified ingredient.		false
data/ingredients/mapped/Fe_Nh42_So42_X_7_H2o.yaml	2b8903a5c84016c972e3aae7778a54f6226f46a03ebbcf54cb8ac0dfcdad7b47	bd2e2b4f6e9ac2aab180a7d3f143fa9bb9f71a8140db8da2244c0efb52e3877e	MIM.assertion:2c536e63b72fe600b018defff0507b4f5a67ef8335e48d1f008619dbce26cb1c	nutritional_roles	0	TRACE_ELEMENT	LLM_PREDICTION	OPEN_REQUIRES_ORIGINAL_SOURCE	Uncited in-session reasoning supplies no independent observation. Obtain a source supporting the exact role for the specified ingredient.		false
data/ingredients/mapped/Fecl2_X_6_H2o.yaml	c56b9a20c09865b1d8b36ff05f507120b2439b721431c0b0e8107563c5891a10	6bcf2a876f12fde54fd825ceb333b3cf9f97392208612e36c20eeb6d83b0f340	MIM.assertion:de6249fc878a39517f25b8e3b58f8ae7dbe762876f672be215f79022042f7e28	nutritional_roles	0	IRON_SOURCE	NAME_PATTERN	OPEN_REQUIRES_ORIGINAL_SOURCE	Name-pattern matching does not establish the ingredient-specific biological or formulation role. Inspect a preparation manual, original culture method, or direct utilization study.		false
data/ingredients/mapped/Fecl2_X_7_H2o.yaml	83d19345b09f00f439ed3d36898c5ada8cf208514a7f9110fafc8e7fa086e491	6bcf2a876f12fde54fd825ceb333b3cf9f97392208612e36c20eeb6d83b0f340	MIM.assertion:7189945b5790c5c9a760d01693fb20defdc35948dddc097b1355b38fc6404bb2	nutritional_roles	0	IRON_SOURCE	NAME_PATTERN	OPEN_REQUIRES_ORIGINAL_SOURCE	Name-pattern matching does not establish the ingredient-specific biological or formulation role. Inspect a preparation manual, original culture method, or direct utilization study.		false
data/ingredients/mapped/Fecl3_X_4_H2o.yaml	35539ce2262b60cf377be78d8709ecb1b5cbee07d090e6cff2bc577abfc880b7	6bcf2a876f12fde54fd825ceb333b3cf9f97392208612e36c20eeb6d83b0f340	MIM.assertion:cd6d1f042000566005080cc1da5c11f147a4c370481330652e1f034073c52d28	nutritional_roles	0	IRON_SOURCE	NAME_PATTERN	OPEN_REQUIRES_ORIGINAL_SOURCE	Name-pattern matching does not establish the ingredient-specific biological or formulation role. Inspect a preparation manual, original culture method, or direct utilization study.		false
data/ingredients/mapped/Feso4_X_5_H2o.yaml	283f4239679787d944f8c7865c1d003f74fb6338bcaa995efa0a040e2d317462	6bcf2a876f12fde54fd825ceb333b3cf9f97392208612e36c20eeb6d83b0f340	MIM.assertion:4a96a211ccc44ee421b64c5ce7366cf71e4228c72c46dfdfee17352c658281de	nutritional_roles	0	IRON_SOURCE	NAME_PATTERN	OPEN_REQUIRES_ORIGINAL_SOURCE	Name-pattern matching does not establish the ingredient-specific biological or formulation role. Inspect a preparation manual, original culture method, or direct utilization study.		false
data/ingredients/mapped/Feso4_X_6_H2o.yaml	f599d25e3b8ab6e6ca8e1c0be651fc721661ddc64d80f4da9c5f2390d1b3c8d0	6bcf2a876f12fde54fd825ceb333b3cf9f97392208612e36c20eeb6d83b0f340	MIM.assertion:07ee72131ebb2d78957f56b653237f628f1e33b007ede4ca1d2a3fc965c95056	nutritional_roles	0	IRON_SOURCE	NAME_PATTERN	OPEN_REQUIRES_ORIGINAL_SOURCE	Name-pattern matching does not establish the ingredient-specific biological or formulation role. Inspect a preparation manual, original culture method, or direct utilization study.		false
data/ingredients/mapped/Feso4_X_H2o.yaml	38ddf98ad77c0916960080a4220b37f853321c96f7fed30cfe4c4f7d00f8cc01	6bcf2a876f12fde54fd825ceb333b3cf9f97392208612e36c20eeb6d83b0f340	MIM.assertion:70a7b1b31287295a7001f047886b2ad12bc7057e0bb572f28358f2c885eea674	nutritional_roles	0	IRON_SOURCE	NAME_PATTERN	OPEN_REQUIRES_ORIGINAL_SOURCE	Name-pattern matching does not establish the ingredient-specific biological or formulation role. Inspect a preparation manual, original culture method, or direct utilization study.		false
data/ingredients/mapped/Fetal_Bovine_Serum.yaml	adb576c3fda65e0329bdab829eb8a14e07ea1bdcb75a2fa7078dcff49c29b73f	8e38f38758c819435dea548e0b06df3191c27228ea3d732c0437dd49ab23c49c	MIM.assertion:be04808ecff1d48eed9a4a46363962b9dbf8b8fef4236f1026b09a003d0dc7a2	nutritional_roles	0	PROTEIN_SOURCE	LLM_PREDICTION	OPEN_REQUIRES_ORIGINAL_SOURCE	Uncited in-session reasoning supplies no independent observation. Obtain a source supporting the exact role for the specified ingredient.		false
data/ingredients/mapped/Fish_peptone.yaml	b825b310961dfdecfba281c6b7b78bdaedfd1c4cc171583ef918a27a71ff1db4	7fbde1a92491632faf80d3bf87c4cab5bf4e772e70454374b86dd833f81f0ae8	MIM.assertion:58efae93edf6b94669f26806c70e97a3ff960110d3a2a3c43737703ac6ee1452	nutritional_roles	0	PROTEIN_SOURCE	NAME_PATTERN	OPEN_REQUIRES_ORIGINAL_SOURCE	Name-pattern matching does not establish the ingredient-specific biological or formulation role. Inspect a preparation manual, original culture method, or direct utilization study.		false
data/ingredients/mapped/Flavensomycin.yaml	a26badaf8b7012b2d2bb02895c1350dccd9b6b3eedd947f9bc2eb26a64d9f382	f8022e7f4b0dc2d5ac8bfee6907fef9eff7506632cd4a11eac620af6777da28b	MIM.assertion:1c2bfdff5ca44d3960848252ded9f4ab008e02baff4cfad1c42e11ac09edc3b8	physicochemical_roles	0	SELECTIVE_AGENT	NAME_PATTERN	OPEN_REQUIRES_ORIGINAL_SOURCE	Name-pattern matching does not establish the ingredient-specific biological or formulation role. Inspect a preparation manual, original culture method, or direct utilization study.		false
data/ingredients/mapped/Flavomycin.yaml	bbb69a3feadf84a3bb04b04e353c1171c4114a95def9f487575bc167a8728aac	f8022e7f4b0dc2d5ac8bfee6907fef9eff7506632cd4a11eac620af6777da28b	MIM.assertion:cb3741689e1361d7e31e5a8cf512888ec6c2dd2a016b9f59185e9941f26c0425	physicochemical_roles	0	SELECTIVE_AGENT	NAME_PATTERN	OPEN_REQUIRES_ORIGINAL_SOURCE	Name-pattern matching does not establish the ingredient-specific biological or formulation role. Inspect a preparation manual, original culture method, or direct utilization study.		false
data/ingredients/mapped/Folinic_Acid.yaml	73594fdf9ee220f89cbd97bdabab20b84dac0ac34ee30286818e38b88832153b	918bac91021e5325378db6c9197e2049db1e9666b75775490a91df6567ef66da	MIM.assertion:089bd67d209f1981c6252d5c6b6cd661e9057bfe638388602ace52e34cce18a4	nutritional_roles	0	VITAMIN_SOURCE	ANCESTRY	OPEN_REQUIRES_ORIGINAL_SOURCE	Ontology ancestry identifies a chemical class or general chemical role; it does not establish the media-use or organism-specific nutritional claim. Inspect the actual lineage and source-context role evidence.		false
data/ingredients/mapped/Formic_Acid.yaml	ea6627fe59fe2f7eeb82d02610dcf7f2acf7468edd72efa015b27dbfca1db965	df2072c00c03ccac74a186fad08ecce37b665354626058d581fd7b3f601cd30f	MIM.assertion:ee8ced31a8a31d1d4d1fe38d211cdec051d96bacd31d2ec0a24172afd96917dc	nutritional_roles	0	CARBON_SOURCE	NAME_PATTERN	OPEN_REQUIRES_ORIGINAL_SOURCE	Name-pattern matching does not establish the ingredient-specific biological or formulation role. Inspect a preparation manual, original culture method, or direct utilization study.		false
data/ingredients/mapped/Formic_Acid.yaml	ea6627fe59fe2f7eeb82d02610dcf7f2acf7468edd72efa015b27dbfca1db965	05797c833ce5f55a4f9deb8713e7b56bc9b4c8e4920aeed310903d0418be101f	MIM.assertion:bf699180bae9fe8fd4ac22486a400fcfbc71485094bff11e8938140b345fbfae	nutritional_roles	1	ENERGY_SOURCE	ENERGY_TEMPLATE	OPEN_REQUIRES_ORIGINAL_SOURCE	A generic energy-substrate template does not record a supporting organism, culture condition, or utilization experiment. Source-confirm this precise stereochemical and supplied form.		false
data/ingredients/mapped/Fosmidomycin_Sodium_Salt_Hydrate.yaml	2a398c6aff946dee446120f77f33ff0039b8eccf901e965eed46f12a647b6dab	f8022e7f4b0dc2d5ac8bfee6907fef9eff7506632cd4a11eac620af6777da28b	MIM.assertion:0ef9ea9fa50441f2039341fb8eea47fb6eb69f086a0c616fbc2c32fc6ad488f2	physicochemical_roles	0	SELECTIVE_AGENT	NAME_PATTERN	OPEN_REQUIRES_ORIGINAL_SOURCE	Name-pattern matching does not establish the ingredient-specific biological or formulation role. Inspect a preparation manual, original culture method, or direct utilization study.		false
data/ingredients/mapped/Fructooligosaccharides_Fos.yaml	8022579be56266c4756c407e16fd411cddb5810b5a2e131c4b1b0a882c44c9df	df2072c00c03ccac74a186fad08ecce37b665354626058d581fd7b3f601cd30f	MIM.assertion:0279be76bafce9b36a1941af9a0f4df261293fb75e840a0f0674c16205e2d0fb	nutritional_roles	0	CARBON_SOURCE	NAME_PATTERN	OPEN_REQUIRES_ORIGINAL_SOURCE	Name-pattern matching does not establish the ingredient-specific biological or formulation role. Inspect a preparation manual, original culture method, or direct utilization study.		false
data/ingredients/mapped/Fructose-6-phosphate.yaml	c072c8f74919c1ac590300633f85d9cd4861a2d304b3c49d124185c6ecf7ed2b	df2072c00c03ccac74a186fad08ecce37b665354626058d581fd7b3f601cd30f	MIM.assertion:acb4c0171c852d082a9f9d5d58ef048d8430b92350aa51b2b2037e99b6b6a421	nutritional_roles	0	CARBON_SOURCE	NAME_PATTERN	OPEN_REQUIRES_ORIGINAL_SOURCE	Name-pattern matching does not establish the ingredient-specific biological or formulation role. Inspect a preparation manual, original culture method, or direct utilization study.		false
data/ingredients/mapped/Fructose-asparagine.yaml	aece85a59ac14d00da388ff55e8d5e162fb3c92fdc6b28177ebecb481b7a862c	df2072c00c03ccac74a186fad08ecce37b665354626058d581fd7b3f601cd30f	MIM.assertion:e2b3808fb01b6972e9ebc2252bdf5ef20fc24a4438d83379e24bb706a057e2eb	nutritional_roles	0	CARBON_SOURCE	NAME_PATTERN	OPEN_REQUIRES_ORIGINAL_SOURCE	Name-pattern matching does not establish the ingredient-specific biological or formulation role. Inspect a preparation manual, original culture method, or direct utilization study.		false
data/ingredients/mapped/Fructose-asparagine.yaml	aece85a59ac14d00da388ff55e8d5e162fb3c92fdc6b28177ebecb481b7a862c	05797c833ce5f55a4f9deb8713e7b56bc9b4c8e4920aeed310903d0418be101f	MIM.assertion:210e0de54e91e0c624c26c578fb153b975df8b0ea8c6524909d7c12d4f22628b	nutritional_roles	1	ENERGY_SOURCE	ENERGY_TEMPLATE	OPEN_REQUIRES_ORIGINAL_SOURCE	A generic energy-substrate template does not record a supporting organism, culture condition, or utilization experiment. Source-confirm this precise stereochemical and supplied form.		false
data/ingredients/mapped/Fructose.yaml	b93915faf35edad102dfc40b3bfab8ec5fa889da4d39b733444b556da5d0e9dd	05797c833ce5f55a4f9deb8713e7b56bc9b4c8e4920aeed310903d0418be101f	MIM.assertion:8d4796e96b219e0aa9536ef539fb03bba5645c9c0cf91cc1fc366f38d5285cbd	nutritional_roles	1	ENERGY_SOURCE	ENERGY_TEMPLATE	OPEN_REQUIRES_ORIGINAL_SOURCE	A generic energy-substrate template does not record a supporting organism, culture condition, or utilization experiment. Source-confirm this precise stereochemical and supplied form.		false
data/ingredients/mapped/Fucose.yaml	e9f2c1661ed11a6bc80f2dc0ba4714218a9f071643d82f3abfd5d6d85f469601	4ea628be52149f9b81f39b2e78a409a172515bc4ad5c8e5c6fb4eba7014f1b6e	MIM.assertion:3c1df2a6a1d5553577488ba8574a8ab1352d21586fd047f1d18bf572f05586e0	nutritional_roles	0	CARBON_SOURCE	ANCESTRY	OPEN_REQUIRES_ORIGINAL_SOURCE	Ontology ancestry identifies a chemical class or general chemical role; it does not establish the media-use or organism-specific nutritional claim. Inspect the actual lineage and source-context role evidence.		false
data/ingredients/mapped/Fumaric_Acid.yaml	3082ea7a39992941222e75bc94137d888a7aae8b301dc8bb0fb31497ee78e3c4	05797c833ce5f55a4f9deb8713e7b56bc9b4c8e4920aeed310903d0418be101f	MIM.assertion:22cdb13a04f28f8c4cd26c2b2e3a48117dc52218658ce6d028639b2a4b53d003	nutritional_roles	1	ENERGY_SOURCE	ENERGY_TEMPLATE	OPEN_REQUIRES_ORIGINAL_SOURCE	A generic energy-substrate template does not record a supporting organism, culture condition, or utilization experiment. Source-confirm this precise stereochemical and supplied form.		false
data/ingredients/mapped/Fusidic_Acid_Sodium_Salt.yaml	8740a32687fc98d2d1c984abc8ba51653cb7638e6961eff10ce0761472fb5939	f8022e7f4b0dc2d5ac8bfee6907fef9eff7506632cd4a11eac620af6777da28b	MIM.assertion:0699096672d58f2f2a2a81eafe68e122173dedea41a87cc341c7caa82e51d98a	physicochemical_roles	0	SELECTIVE_AGENT	NAME_PATTERN	OPEN_REQUIRES_ORIGINAL_SOURCE	Name-pattern matching does not establish the ingredient-specific biological or formulation role. Inspect a preparation manual, original culture method, or direct utilization study.		false
data/ingredients/mapped/Galactomannan_From_Guar.yaml	2bfe4e60f59cdfcebfb2c0c9edc8d180e1331ef2645533ea72b340098650a10d	df2072c00c03ccac74a186fad08ecce37b665354626058d581fd7b3f601cd30f	MIM.assertion:8305894d3e2f068d74192cdcef1d20b8aac219981d00fecf4318d919d97b43eb	nutritional_roles	0	CARBON_SOURCE	NAME_PATTERN	OPEN_REQUIRES_ORIGINAL_SOURCE	Name-pattern matching does not establish the ingredient-specific biological or formulation role. Inspect a preparation manual, original culture method, or direct utilization study.		false
data/ingredients/mapped/Galactose.yaml	cf7e73c8c57501c0a5eb44a55908977c3ad4b6c4e296dbd4cd58ed5c7b821ceb	05797c833ce5f55a4f9deb8713e7b56bc9b4c8e4920aeed310903d0418be101f	MIM.assertion:b236af687f01887f04c7d0478887ae4ff129db09dd25f5b80bcaf988b2794837	nutritional_roles	1	ENERGY_SOURCE	ENERGY_TEMPLATE	OPEN_REQUIRES_ORIGINAL_SOURCE	A generic energy-substrate template does not record a supporting organism, culture condition, or utilization experiment. Source-confirm this precise stereochemical and supplied form.		false
data/ingredients/mapped/Galactose_1-phosphate_Dipotassium_Salt_Pentahydrate.yaml	f5e8481e5f4588940e88d389061bdfee2e23838b653928c4bf3f18ca36c26e53	df2072c00c03ccac74a186fad08ecce37b665354626058d581fd7b3f601cd30f	MIM.assertion:bac9a143940cfdadf9906b815aed85cd2d3bffbc40104a902ce153903c2b59ce	nutritional_roles	0	CARBON_SOURCE	NAME_PATTERN	OPEN_REQUIRES_ORIGINAL_SOURCE	Name-pattern matching does not establish the ingredient-specific biological or formulation role. Inspect a preparation manual, original culture method, or direct utilization study.		false
data/ingredients/mapped/Gamma-aminobutyric_Acid.yaml	15a7301b5861a2afcf2689e028c6ecbbe2c22b55deb102054f1ba5f5836c83df	7d31b5bc3b31af72e9763c0dced0805a7e6435f4c0a8f0027fd68740f6d7fe14	MIM.assertion:4df77276030d47d29dbe0f2bf564ca14cb9c370ee5d74644fa48a6d3698b3d7e	nutritional_roles	0	AMINO_ACID_SOURCE	ANCESTRY	OPEN_REQUIRES_ORIGINAL_SOURCE	Ontology ancestry identifies a chemical class or general chemical role; it does not establish the media-use or organism-specific nutritional claim. Inspect the actual lineage and source-context role evidence.		false
data/ingredients/mapped/Gardimycin.yaml	5c7068640645c68734304aa4ab4934d0f4a7967cec686a61300a66b853baee39	f8022e7f4b0dc2d5ac8bfee6907fef9eff7506632cd4a11eac620af6777da28b	MIM.assertion:a91147e77caf3c47423ac1aeaeea9a25688229e15aa33b74e87749a8a706771c	physicochemical_roles	0	SELECTIVE_AGENT	NAME_PATTERN	OPEN_REQUIRES_ORIGINAL_SOURCE	Name-pattern matching does not establish the ingredient-specific biological or formulation role. Inspect a preparation manual, original culture method, or direct utilization study.		false
data/ingredients/mapped/Geneticin_G418.yaml	94d2a28ec4de8a7ab984c0b2b830580651cf0c43d5a2a382c2ceeda9f886bf8b	f8022e7f4b0dc2d5ac8bfee6907fef9eff7506632cd4a11eac620af6777da28b	MIM.assertion:0e5e89ba9457656380206da827216c423a94bbb1f902ff510c5d0430cc2392c1	physicochemical_roles	0	SELECTIVE_AGENT	NAME_PATTERN	OPEN_REQUIRES_ORIGINAL_SOURCE	Name-pattern matching does not establish the ingredient-specific biological or formulation role. Inspect a preparation manual, original culture method, or direct utilization study.		false
data/ingredients/mapped/Gentamicin_Sulfate_Salt.yaml	095dc20b951143d620772198335e036c6a2ac340b3a7051729f0bed637ae1d92	f8022e7f4b0dc2d5ac8bfee6907fef9eff7506632cd4a11eac620af6777da28b	MIM.assertion:036846b0f1db86c4ad76c3b5809de8a37353f087568111f5b6f0f85c36a0c3ea	physicochemical_roles	0	SELECTIVE_AGENT	NAME_PATTERN	OPEN_REQUIRES_ORIGINAL_SOURCE	Name-pattern matching does not establish the ingredient-specific biological or formulation role. Inspect a preparation manual, original culture method, or direct utilization study.		false
data/ingredients/mapped/Gentibiose.yaml	c1ec749eb289b72ffcbab4e33ee66694259a5de1ab9c4df8769859f2f062341b	4ea628be52149f9b81f39b2e78a409a172515bc4ad5c8e5c6fb4eba7014f1b6e	MIM.assertion:3834c80652695aceee78ef3b51e0cd30e43294c5adb091e3ed4f913a0f4fda3b	nutritional_roles	0	CARBON_SOURCE	ANCESTRY	OPEN_REQUIRES_ORIGINAL_SOURCE	Ontology ancestry identifies a chemical class or general chemical role; it does not establish the media-use or organism-specific nutritional claim. Inspect the actual lineage and source-context role evidence.		false
data/ingredients/mapped/Gentisic_Acid.yaml	b386900a900406d71834f500debf08bf47b03be0e7d3ef69e5e131fec714ccad	e59eee7cf5387857dcf375c761bc4588088393fe88064c16b7be945209733418	MIM.assertion:0dd3f2194d941ef90882adbce8e7312dc8c1023e0b0fc6d94ee436b6869bad92	nutritional_roles	0	CARBON_SOURCE	LLM_PREDICTION	OPEN_REQUIRES_ORIGINAL_SOURCE	Uncited in-session reasoning supplies no independent observation. Obtain a source supporting the exact role for the specified ingredient.		false
data/ingredients/mapped/Geomycin.yaml	fa269060e6ebc77f8c8bdf474dbae2432967d180e859387780789a8268d19bda	f8022e7f4b0dc2d5ac8bfee6907fef9eff7506632cd4a11eac620af6777da28b	MIM.assertion:a97c6520759f5b1a3e5a7b3a2bc476922d36c44d1e97fe68015c666a40e15d05	physicochemical_roles	0	SELECTIVE_AGENT	NAME_PATTERN	OPEN_REQUIRES_ORIGINAL_SOURCE	Name-pattern matching does not establish the ingredient-specific biological or formulation role. Inspect a preparation manual, original culture method, or direct utilization study.		false
data/ingredients/mapped/Glebomycin.yaml	f14ec57e02fe9731bb5318f0491635540564ec1e7d376d9509eb03ac4eeea1ed	f8022e7f4b0dc2d5ac8bfee6907fef9eff7506632cd4a11eac620af6777da28b	MIM.assertion:1bd40ab6e942b6590b683422bed0b90425c8f3ee7b1da56bf9038d0dc9c989b4	physicochemical_roles	0	SELECTIVE_AGENT	NAME_PATTERN	OPEN_REQUIRES_ORIGINAL_SOURCE	Name-pattern matching does not establish the ingredient-specific biological or formulation role. Inspect a preparation manual, original culture method, or direct utilization study.		false
data/ingredients/mapped/Glucomannan_Konjac.yaml	059075f17052db769b1cdc50bb2bcae61fcc28815cc96341ce28bd7ceddb2cd9	df2072c00c03ccac74a186fad08ecce37b665354626058d581fd7b3f601cd30f	MIM.assertion:0e723e99d1774fddb6e95fad41254a612b936001de20419f216ca48153c13999	nutritional_roles	0	CARBON_SOURCE	NAME_PATTERN	OPEN_REQUIRES_ORIGINAL_SOURCE	Name-pattern matching does not establish the ingredient-specific biological or formulation role. Inspect a preparation manual, original culture method, or direct utilization study.		false
data/ingredients/mapped/Gluconic_Acid.yaml	c5d8f1517e07217d02cbc5f9d0b49f3b5ab518a0850a273f865a2ee8e88a7412	4ea628be52149f9b81f39b2e78a409a172515bc4ad5c8e5c6fb4eba7014f1b6e	MIM.assertion:a2ecbda124adff474c1bb75c45a73fde035e4720c346223d1b9c00a4fe9c0b60	nutritional_roles	0	CARBON_SOURCE	ANCESTRY	OPEN_REQUIRES_ORIGINAL_SOURCE	Ontology ancestry identifies a chemical class or general chemical role; it does not establish the media-use or organism-specific nutritional claim. Inspect the actual lineage and source-context role evidence.		false
data/ingredients/mapped/Gluconic_Acid.yaml	c5d8f1517e07217d02cbc5f9d0b49f3b5ab518a0850a273f865a2ee8e88a7412	05797c833ce5f55a4f9deb8713e7b56bc9b4c8e4920aeed310903d0418be101f	MIM.assertion:f818779c3ed8fdaf594b528de0e625ac194e3a8c837d32547382fedf59d30488	nutritional_roles	1	ENERGY_SOURCE	ENERGY_TEMPLATE	OPEN_REQUIRES_ORIGINAL_SOURCE	A generic energy-substrate template does not record a supporting organism, culture condition, or utilization experiment. Source-confirm this precise stereochemical and supplied form.		false
data/ingredients/mapped/Glucose.yaml	215b731f3f37b4eaa43751f930d9709fff85ea34319efdeeac2d8f4712e744e9	05797c833ce5f55a4f9deb8713e7b56bc9b4c8e4920aeed310903d0418be101f	MIM.assertion:1620e8684769fc84a10c450ae075524b753888f48d9e63f3fca971c9fbaf05ec	nutritional_roles	1	ENERGY_SOURCE	ENERGY_TEMPLATE	OPEN_REQUIRES_ORIGINAL_SOURCE	A generic energy-substrate template does not record a supporting organism, culture condition, or utilization experiment. Source-confirm this precise stereochemical and supplied form.		false
data/ingredients/mapped/Glutaric_Acid.yaml	727a6ea75ee2da6c4bc8c0ab9bef77ad41001166727c27bb430e4e05dc26b7c3	df2072c00c03ccac74a186fad08ecce37b665354626058d581fd7b3f601cd30f	MIM.assertion:428d323d2e534bf6df05ee32d7944e3f3c4bdab7b5707a04e9345d147f6f631d	nutritional_roles	0	CARBON_SOURCE	NAME_PATTERN	OPEN_REQUIRES_ORIGINAL_SOURCE	Name-pattern matching does not establish the ingredient-specific biological or formulation role. Inspect a preparation manual, original culture method, or direct utilization study.		false
data/ingredients/mapped/Glycerol.yaml	c70babb47ba9f6da0b803dd52ae1ba9a094e7ed19c66f30b5568ff6a57e5809a	05797c833ce5f55a4f9deb8713e7b56bc9b4c8e4920aeed310903d0418be101f	MIM.assertion:7966b08e340e5baa4df16057f6a3ffe063169d3e8cc7d563c8a6f2ce627090bb	nutritional_roles	1	ENERGY_SOURCE	ENERGY_TEMPLATE	OPEN_REQUIRES_ORIGINAL_SOURCE	A generic energy-substrate template does not record a supporting organism, culture condition, or utilization experiment. Source-confirm this precise stereochemical and supplied form.		false
data/ingredients/mapped/Glycerol_Mono-oleate.yaml	5f0ffcba2d2cd18e6e874b0e9e414398b734b95fff4f9013d1ad9dac67de2d7e	95c1e7ddef685199a519a3a79ae988d41d13894622f6362eb7b147beb9950e1d	MIM.assertion:ab1d64d73246fe1d4c215318c3bf41b64ab258c76d78004c8e88db90e9d7e684	physicochemical_roles	0	SURFACTANT	LLM_PREDICTION	OPEN_REQUIRES_ORIGINAL_SOURCE	Uncited in-session reasoning supplies no independent observation. Obtain a source supporting the exact role for the specified ingredient.		false
data/ingredients/mapped/Glycerol_Monostearate.yaml	145d4562c2975f01ff2b4ada31e418d9ba52e0640ef6843a7c44eb501c72d2af	95c1e7ddef685199a519a3a79ae988d41d13894622f6362eb7b147beb9950e1d	MIM.assertion:561e736b6881422a56eab6fe632f9c61ca73a6561859bc9537928eb19e2f671f	physicochemical_roles	0	SURFACTANT	LLM_PREDICTION	OPEN_REQUIRES_ORIGINAL_SOURCE	Uncited in-session reasoning supplies no independent observation. Obtain a source supporting the exact role for the specified ingredient.		false
data/ingredients/mapped/Glycerol_Phosphate_Disodium_Salt_Hydrate.yaml	34a148f0b60690558fc0aa0970a93b619fd340e057a3e07e490000b94d3859bc	df2072c00c03ccac74a186fad08ecce37b665354626058d581fd7b3f601cd30f	MIM.assertion:81ac71608ae6a7af3f93373f8fca32de975e7c2c8a630339692918e6b5aa0493	nutritional_roles	0	CARBON_SOURCE	NAME_PATTERN	OPEN_REQUIRES_ORIGINAL_SOURCE	Name-pattern matching does not establish the ingredient-specific biological or formulation role. Inspect a preparation manual, original culture method, or direct utilization study.		false
data/ingredients/mapped/Glycogen.yaml	e08ed6464b997f04310e182867ac07bf3f023799cb44b035597a2f40df866ba7	4ea628be52149f9b81f39b2e78a409a172515bc4ad5c8e5c6fb4eba7014f1b6e	MIM.assertion:2d54ea4da1c82fae30fc8ef94332d8e7fe337b2d598adcc23e0ed524aa866a18	nutritional_roles	0	CARBON_SOURCE	ANCESTRY	OPEN_REQUIRES_ORIGINAL_SOURCE	Ontology ancestry identifies a chemical class or general chemical role; it does not establish the media-use or organism-specific nutritional claim. Inspect the actual lineage and source-context role evidence.		false
data/ingredients/mapped/Glycogen_From_Bovine_Liver.yaml	f128118de1d8e776a928c8579b3689c24ca535aec9a41f00913550211c883d37	df2072c00c03ccac74a186fad08ecce37b665354626058d581fd7b3f601cd30f	MIM.assertion:2e7cbad576c76d4fef6e548a9b63e481f3ae00bcf4a1bcce1e3aa497317d25f9	nutritional_roles	0	CARBON_SOURCE	NAME_PATTERN	OPEN_REQUIRES_ORIGINAL_SOURCE	Name-pattern matching does not establish the ingredient-specific biological or formulation role. Inspect a preparation manual, original culture method, or direct utilization study.		false
data/ingredients/mapped/Glycolic_Acid.yaml	353fe03ba10bea3bafdf291e643c3afd6857427aea6c1ccc3364d1af5aaa5706	df2072c00c03ccac74a186fad08ecce37b665354626058d581fd7b3f601cd30f	MIM.assertion:88336a7a8c7c70167e16e1cc8305b568c63a20945c5592200b432c5091b1646d	nutritional_roles	0	CARBON_SOURCE	NAME_PATTERN	OPEN_REQUIRES_ORIGINAL_SOURCE	Name-pattern matching does not establish the ingredient-specific biological or formulation role. Inspect a preparation manual, original culture method, or direct utilization study.		false
data/ingredients/mapped/Grasseriomycin.yaml	76030b1e22ebcbc1dadadc907f1b1f446b0da2304f30c1f6312acdbb09489b2e	f8022e7f4b0dc2d5ac8bfee6907fef9eff7506632cd4a11eac620af6777da28b	MIM.assertion:3b29495846514aa974c5b661b7f06e5ed0db8cf28b702a6cdfe1973cc4482bed	physicochemical_roles	0	SELECTIVE_AGENT	NAME_PATTERN	OPEN_REQUIRES_ORIGINAL_SOURCE	Name-pattern matching does not establish the ingredient-specific biological or formulation role. Inspect a preparation manual, original culture method, or direct utilization study.		false
data/ingredients/mapped/Ground_Beef.yaml	bd1f04587e0157f4f3e0dd0fa1dc7776880471deb75dc3783ba3be0411b8ba2e	7fbde1a92491632faf80d3bf87c4cab5bf4e772e70454374b86dd833f81f0ae8	MIM.assertion:a4a6d41eebf80d09ea39abe85c8974881d95a2289ad511bcd861c9e750dd56e5	nutritional_roles	0	PROTEIN_SOURCE	NAME_PATTERN	OPEN_REQUIRES_ORIGINAL_SOURCE	Name-pattern matching does not establish the ingredient-specific biological or formulation role. Inspect a preparation manual, original culture method, or direct utilization study.		false
data/ingredients/mapped/H3bo2.yaml	1141c711735d317d724886d440f3a3f8f533bd2ebebf1d00fec849bcf9fd80a2	bd2e2b4f6e9ac2aab180a7d3f143fa9bb9f71a8140db8da2244c0efb52e3877e	MIM.assertion:a110ab85f14c20419fde824b42b6d53e6717c5d6a5dd7875e6af88f40f4be264	nutritional_roles	0	TRACE_ELEMENT	LLM_PREDICTION	OPEN_REQUIRES_ORIGINAL_SOURCE	Uncited in-session reasoning supplies no independent observation. Obtain a source supporting the exact role for the specified ingredient.		false
data/ingredients/mapped/HOMOPIPES.yaml	1873785d4e49c89c495ace5a36c8d2d965a3f2347947baffb0e928bb3227ace7	592ae8aa21a10ac056d06766057dd237bc1add8aab55c49fda1cea2a5601e6f3	MIM.assertion:a41151e6b5d6d3e559509a0ef2c838fcd1985db5855750c21f048b544b064552	physicochemical_roles	0	BUFFER	LLM_PREDICTION	OPEN_REQUIRES_ORIGINAL_SOURCE	Uncited in-session reasoning supplies no independent observation. Obtain a source supporting the exact role for the specified ingredient.		false
data/ingredients/mapped/Haemin.yaml	f383f7f9be865a12a13e6d369a568b663eaddeefc5edbfd06bc5633006c99355	07fd9f835e66b4f81882afb1022dcb0778d019c988fa2746463e7ed335192343	MIM.assertion:2cec577389c75fb86f6b1c64950cf6620df2ef7a2624f32b7b7e43a32d98feb6	nutritional_roles	0	COFACTOR_PROVIDER	LLM_PREDICTION	OPEN_REQUIRES_ORIGINAL_SOURCE	Uncited in-session reasoning supplies no independent observation. Obtain a source supporting the exact role for the specified ingredient.		false
data/ingredients/mapped/Halomicin.yaml	8c0bad7398d8e43ee0812117f6d368303dc8c6a0ff5a2f098b976b565bf5ac5e	f8022e7f4b0dc2d5ac8bfee6907fef9eff7506632cd4a11eac620af6777da28b	MIM.assertion:16fab895293da111106b43429a0439e30127d1862c898003f3ae02207a0891ce	physicochemical_roles	0	SELECTIVE_AGENT	NAME_PATTERN	OPEN_REQUIRES_ORIGINAL_SOURCE	Name-pattern matching does not establish the ingredient-specific biological or formulation role. Inspect a preparation manual, original culture method, or direct utilization study.		false
data/ingredients/mapped/Hexadecane.yaml	9434d50224d75f9974445e21a9e530941a569ce2133efa91e23dab641bc76dc2	e59eee7cf5387857dcf375c761bc4588088393fe88064c16b7be945209733418	MIM.assertion:e96cefb106417b6960f52ead4ff0b4d0e336cd46c8edb6b44d8ba8207fbbcf9e	nutritional_roles	0	CARBON_SOURCE	LLM_PREDICTION	OPEN_REQUIRES_ORIGINAL_SOURCE	Uncited in-session reasoning supplies no independent observation. Obtain a source supporting the exact role for the specified ingredient.		false
data/ingredients/mapped/Hitachimycin.yaml	c633b53098facd609b997e0364445391dba4029223f0ceac1e34453b53dc6903	f8022e7f4b0dc2d5ac8bfee6907fef9eff7506632cd4a11eac620af6777da28b	MIM.assertion:ef75074f87d0af5acb0a3c10f3eda1f5d2bdb87c0af813d2b5e5d232c8cc8f26	physicochemical_roles	0	SELECTIVE_AGENT	NAME_PATTERN	OPEN_REQUIRES_ORIGINAL_SOURCE	Name-pattern matching does not establish the ingredient-specific biological or formulation role. Inspect a preparation manual, original culture method, or direct utilization study.		false
data/ingredients/mapped/Hydrogen_Sulfide.yaml	4a1ef8d395dca14c4b5948070a67fe7566124db1b70971f42e124a72eb8583e3	1ebc231952c7b26c84f5098a04ce280ae03d92c47ec1430a34eb139b88a5b9a2	MIM.assertion:9c212f57030b759764c7f35b750206cefd37e7e82bcc3d62b1a8a8f5e5dd086d	physicochemical_roles	0	REDUCING_AGENT	NAME_PATTERN	OPEN_REQUIRES_ORIGINAL_SOURCE	Name-pattern matching does not establish the ingredient-specific biological or formulation role. Inspect a preparation manual, original culture method, or direct utilization study.		false
data/ingredients/mapped/Hydroxy-l-proline.yaml	ececbb9977c65c454e64dc0e42104f15911e9ca87b170f847d4a4066c0e02ba8	7d31b5bc3b31af72e9763c0dced0805a7e6435f4c0a8f0027fd68740f6d7fe14	MIM.assertion:0205bae14978f22fecc577d87146732fcd2e6b32949cf73844c326afe1ac1407	nutritional_roles	0	AMINO_ACID_SOURCE	ANCESTRY	OPEN_REQUIRES_ORIGINAL_SOURCE	Ontology ancestry identifies a chemical class or general chemical role; it does not establish the media-use or organism-specific nutritional claim. Inspect the actual lineage and source-context role evidence.		false
data/ingredients/mapped/Hygromycin_B.yaml	1a9884a66362b6cac8d0be65ea9236d659e8bd1b828b6e9b9557625ec78469db	f8022e7f4b0dc2d5ac8bfee6907fef9eff7506632cd4a11eac620af6777da28b	MIM.assertion:8a774715b7256a6008d5f81e708bfbd579f6e990165bd3c750073670533f2e32	physicochemical_roles	0	SELECTIVE_AGENT	NAME_PATTERN	OPEN_REQUIRES_ORIGINAL_SOURCE	Name-pattern matching does not establish the ingredient-specific biological or formulation role. Inspect a preparation manual, original culture method, or direct utilization study.		false
data/ingredients/mapped/Inositol.yaml	1500f6d290e5badee3d362b5f7f294a9cf15b02b47f77971ad00a3116f4d2951	586a11e57ecf2eb1b36dbe62db7838c2787da19292dbb0c8a15e9944b2a97610	MIM.assertion:2e70a6809618fcd728cd5c555868c062cb58f777eb13543f92a25fb5a71ec0e3	nutritional_roles	0	VITAMIN_SOURCE	NAME_PATTERN	OPEN_REQUIRES_ORIGINAL_SOURCE	Name-pattern matching does not establish the ingredient-specific biological or formulation role. Inspect a preparation manual, original culture method, or direct utilization study.		false
data/ingredients/mapped/Inulin.yaml	2ee73a4aae9ba1f5f7bf8bfc046171e1de70f5b9de61aec5afd4b930090f43de	4ea628be52149f9b81f39b2e78a409a172515bc4ad5c8e5c6fb4eba7014f1b6e	MIM.assertion:99cca53fd0b011051773aa4959b24c2689d8e3cbe7f40d919fca2405ec25aacb	nutritional_roles	0	CARBON_SOURCE	ANCESTRY	OPEN_REQUIRES_ORIGINAL_SOURCE	Ontology ancestry identifies a chemical class or general chemical role; it does not establish the media-use or organism-specific nutritional claim. Inspect the actual lineage and source-context role evidence.		false
data/ingredients/mapped/Isomaltose.yaml	e43dd40cf6d94f70f53b8e1c3ae4a324eb3aba3651b0473040679f165ce3d32b	4ea628be52149f9b81f39b2e78a409a172515bc4ad5c8e5c6fb4eba7014f1b6e	MIM.assertion:735c040328e94d97896fb5bfecd73a3744acb62b52fd6d49aa8b82954b4636df	nutritional_roles	0	CARBON_SOURCE	ANCESTRY	OPEN_REQUIRES_ORIGINAL_SOURCE	Ontology ancestry identifies a chemical class or general chemical role; it does not establish the media-use or organism-specific nutritional claim. Inspect the actual lineage and source-context role evidence.		false
data/ingredients/mapped/Isopropyl_Alcohol.yaml	0c2a58fdd26ff2e3637396b74e7a97e0e21aa897d0677450e2bb6c5d800e2c2c	e59eee7cf5387857dcf375c761bc4588088393fe88064c16b7be945209733418	MIM.assertion:6989806d7b5b4f83eb3060512593ab2c295fd89b01606ed6298d7369c91439ab	nutritional_roles	0	CARBON_SOURCE	LLM_PREDICTION	OPEN_REQUIRES_ORIGINAL_SOURCE	Uncited in-session reasoning supplies no independent observation. Obtain a source supporting the exact role for the specified ingredient.		false
data/ingredients/mapped/K2s4o6.yaml	3c906e7434f4a7c67cf24d4636ebd82a40cac22c00fba7304e7ea5362303ee20	533ac399c37e5522727529f0731bc65714eb1c2c7d27ee14999daf8395050977	MIM.assertion:caf04468a89f1effcbca424e4c483ca6f3180b36d0d52e536daa1f13632e7ff1	cellular_metabolic_roles	0	ELECTRON_DONOR	LLM_PREDICTION	SUPPORTED_IN_STATED_CONTEXT	The study explicitly supplies potassium tetrathionate as the electron donor in autotrophic and mixotrophic cultures. This supports the named organism and culture conditions, not universal microbial utilization.	https://scholarworks.montana.edu/server/api/core/bitstreams/178af696-e5b3-47aa-a0e1-182a47ab782a/content	true
data/ingredients/mapped/K2so4.yaml	a43742aeccc029ced184b849f361af8d73b0eb0be015f53ad65551afcc7504d7	ace986d23c3b650235809b92bdcb7f2d3155ced670772cbc63e2b373b1187b28	MIM.assertion:95f4092b71217850e14d7197bc84cfc2db8e13211591bf47c04364134504c154	nutritional_roles	1	MINERAL_SOURCE	EMPTY	OPEN_REQUIRES_ORIGINAL_SOURCE	The evidence list is empty. Establish the mineral nutrient role in a source-defined preparation without treating elemental composition alone as demonstrated nutritional use.		false
data/ingredients/mapped/K2so4_X_7_H2o.yaml	06849d90807f1547a48c88de5dc022b466ae9b506efd08fb6929b1b6192b3412	2152dc2bf2d623f9fc8f18616db7709ad7dd500f416a63b0126ab236807ed4f6	MIM.assertion:8875b55bc4f5414ea1dc188e7a196eacceeefcd2ad75f48bb0451a8efe7a0ff2	nutritional_roles	0	SULFUR_SOURCE	NAME_PATTERN	OPEN_REQUIRES_ORIGINAL_SOURCE	Name-pattern matching does not establish the ingredient-specific biological or formulation role. Inspect a preparation manual, original culture method, or direct utilization study.		false
data/ingredients/mapped/K2so4_X_7_H2o.yaml	06849d90807f1547a48c88de5dc022b466ae9b506efd08fb6929b1b6192b3412	ace986d23c3b650235809b92bdcb7f2d3155ced670772cbc63e2b373b1187b28	MIM.assertion:82aa5ada48f21c167f31486be712d7ba1021a65f3945d7f17ffb52967d44b6fb	nutritional_roles	1	MINERAL_SOURCE	EMPTY	OPEN_REQUIRES_ORIGINAL_SOURCE	The evidence list is empty. Establish the mineral nutrient role in a source-defined preparation without treating elemental composition alone as demonstrated nutritional use.		false
data/ingredients/mapped/Kanamycin.yaml	052e433f1e17443a58ce31595c644b99feb5c2d7bf0203d557ec3b8c1a99535a	f8022e7f4b0dc2d5ac8bfee6907fef9eff7506632cd4a11eac620af6777da28b	MIM.assertion:227666490de47e310e84053e1005c089b258455d60905f2fb2ece7082a0677c6	physicochemical_roles	0	SELECTIVE_AGENT	NAME_PATTERN	OPEN_REQUIRES_ORIGINAL_SOURCE	Name-pattern matching does not establish the ingredient-specific biological or formulation role. Inspect a preparation manual, original culture method, or direct utilization study.		false
data/ingredients/mapped/Kanamycin_Sulfate.yaml	cd1bbebd8e516d860b4b8823a9a8920643443f4d86b5e92b68f90337415dc5a9	f8022e7f4b0dc2d5ac8bfee6907fef9eff7506632cd4a11eac620af6777da28b	MIM.assertion:2549d85eacd5a376de5cf5b9edbdd35f2e7a9e60fe7998c693285a46f7d010f8	physicochemical_roles	0	SELECTIVE_AGENT	NAME_PATTERN	OPEN_REQUIRES_ORIGINAL_SOURCE	Name-pattern matching does not establish the ingredient-specific biological or formulation role. Inspect a preparation manual, original culture method, or direct utilization study.		false
data/ingredients/mapped/Kanchanomycin.yaml	d9032dcd0d962b99b0131a8eb6dfd1f6ba4fbfe80dc6d4e18b8eda8ac624babd	f8022e7f4b0dc2d5ac8bfee6907fef9eff7506632cd4a11eac620af6777da28b	MIM.assertion:b30e22d81c13b507290ae0483364851fcc7bc27f95ee9a1aa622ba5a787f3b09	physicochemical_roles	0	SELECTIVE_AGENT	NAME_PATTERN	OPEN_REQUIRES_ORIGINAL_SOURCE	Name-pattern matching does not establish the ingredient-specific biological or formulation role. Inspect a preparation manual, original culture method, or direct utilization study.		false
data/ingredients/mapped/Kao_And_Michayluk_Vitamin_Solution.yaml	23900d5237c97ebb12b670a2734f96dc638e555562e4230f92a94626d590fb94	586a11e57ecf2eb1b36dbe62db7838c2787da19292dbb0c8a15e9944b2a97610	MIM.assertion:d62b11ee95656a94600696f70f8427e3761ed9b48ee62fbee87343df4ab613df	nutritional_roles	0	VITAMIN_SOURCE	NAME_PATTERN	OPEN_REQUIRES_ORIGINAL_SOURCE	Name-pattern matching does not establish the ingredient-specific biological or formulation role. Inspect a preparation manual, original culture method, or direct utilization study.		false
data/ingredients/mapped/Ketomycin.yaml	b80d67527dafef8aecad63538872e8cd0edd5f236f42664bac8f80cd126e93d0	f8022e7f4b0dc2d5ac8bfee6907fef9eff7506632cd4a11eac620af6777da28b	MIM.assertion:70374208135890be990e622935c48522a136d362e9be3af6d66910266fff249e	physicochemical_roles	0	SELECTIVE_AGENT	NAME_PATTERN	OPEN_REQUIRES_ORIGINAL_SOURCE	Name-pattern matching does not establish the ingredient-specific biological or formulation role. Inspect a preparation manual, original culture method, or direct utilization study.		false
data/ingredients/mapped/Kijanimicin.yaml	5d9e9ceb7aba870eebf32f97a85dc5a4594284ce37da5b105109339c93d1aff0	f8022e7f4b0dc2d5ac8bfee6907fef9eff7506632cd4a11eac620af6777da28b	MIM.assertion:1f52def7d88741baf5140c169581d30b1cda376f51fbd378c9377fab3f1269c9	physicochemical_roles	0	SELECTIVE_AGENT	NAME_PATTERN	OPEN_REQUIRES_ORIGINAL_SOURCE	Name-pattern matching does not establish the ingredient-specific biological or formulation role. Inspect a preparation manual, original culture method, or direct utilization study.		false
data/ingredients/mapped/L-2-Aminobutyric_Acid.yaml	aecc32a591c1f3a5cb913166982d8e3864ce636a09137f4210aa54c94529ed04	7d31b5bc3b31af72e9763c0dced0805a7e6435f4c0a8f0027fd68740f6d7fe14	MIM.assertion:b302b8f338ae473572eb12f653c8d48bea4380db8ab7a861a23c104a76abd3f0	nutritional_roles	0	AMINO_ACID_SOURCE	ANCESTRY	OPEN_REQUIRES_ORIGINAL_SOURCE	Ontology ancestry identifies a chemical class or general chemical role; it does not establish the media-use or organism-specific nutritional claim. Inspect the actual lineage and source-context role evidence.		false
data/ingredients/mapped/L-Arabinose.yaml	b9e28ebf25e499ac84e6ea65470b0969ec82585da692aac8d904049953a8d9f3	4ea628be52149f9b81f39b2e78a409a172515bc4ad5c8e5c6fb4eba7014f1b6e	MIM.assertion:dc03a2d9331025e0dedaea75bad5345af33e13dd513e569bad91e2627a9b4fcb	nutritional_roles	0	CARBON_SOURCE	ANCESTRY	OPEN_REQUIRES_ORIGINAL_SOURCE	Ontology ancestry identifies a chemical class or general chemical role; it does not establish the media-use or organism-specific nutritional claim. Inspect the actual lineage and source-context role evidence.		false
data/ingredients/mapped/L-Arabinose.yaml	b9e28ebf25e499ac84e6ea65470b0969ec82585da692aac8d904049953a8d9f3	05797c833ce5f55a4f9deb8713e7b56bc9b4c8e4920aeed310903d0418be101f	MIM.assertion:39469684f3ef5e442395e4ae07d82f131936e8a63275205509bbf8eb790b093b	nutritional_roles	1	ENERGY_SOURCE	ENERGY_TEMPLATE	OPEN_REQUIRES_ORIGINAL_SOURCE	A generic energy-substrate template does not record a supporting organism, culture condition, or utilization experiment. Source-confirm this precise stereochemical and supplied form.		false
data/ingredients/mapped/L-Asparagine_Monohydrate.yaml	0f3972bdde44bc5bf922cef4cfa8748d3cd18b5dd7bd9ebea77ae8e6659ed11a	b805eaf18a236d0acb66db3bcaf456dfe3a4f9c53c2a569d4841a3f6dc44e128	MIM.assertion:8fc8884fc060d0090c6f6058e5af47ee958b17ce16bb0c4180f3835e15d5a188	nutritional_roles	0	AMINO_ACID_SOURCE	NAME_PATTERN	OPEN_REQUIRES_ORIGINAL_SOURCE	Name-pattern matching does not establish the ingredient-specific biological or formulation role. Inspect a preparation manual, original culture method, or direct utilization study.		false
data/ingredients/mapped/L-Aspartic_Acid_Potassium_Salt.yaml	c3bd6c8b66450d9bf49816dcd43cb0fabc2733221fccb293cc1c23ed12968505	b805eaf18a236d0acb66db3bcaf456dfe3a4f9c53c2a569d4841a3f6dc44e128	MIM.assertion:af05fc2536af495aeb84982db5b624327459d82ea3cd2f8245645c9876c1eeeb	nutritional_roles	0	AMINO_ACID_SOURCE	NAME_PATTERN	OPEN_REQUIRES_ORIGINAL_SOURCE	Name-pattern matching does not establish the ingredient-specific biological or formulation role. Inspect a preparation manual, original culture method, or direct utilization study.		false
data/ingredients/mapped/L-Aspartic_Acid_Sodium_Salt_Monohydrate.yaml	2adc6833819d70d555e0573db31372d89bac15511a6d6f3c994297304808579e	b805eaf18a236d0acb66db3bcaf456dfe3a4f9c53c2a569d4841a3f6dc44e128	MIM.assertion:8b39c20768927af9afa909c69caca09fa26679f811cb63d28f039bb3e059d150	nutritional_roles	0	AMINO_ACID_SOURCE	NAME_PATTERN	OPEN_REQUIRES_ORIGINAL_SOURCE	Name-pattern matching does not establish the ingredient-specific biological or formulation role. Inspect a preparation manual, original culture method, or direct utilization study.		false
data/ingredients/mapped/L-Carnitine.yaml	83717e970a478ac8248672c11d82a8d91f5732ea5e520bd388f2060e3632e754	918bac91021e5325378db6c9197e2049db1e9666b75775490a91df6567ef66da	MIM.assertion:5a72805cd0df6ce945d61524a636cb495af4edcfa39740db98f190110a55475c	nutritional_roles	0	VITAMIN_SOURCE	ANCESTRY	OPEN_REQUIRES_ORIGINAL_SOURCE	Ontology ancestry identifies a chemical class or general chemical role; it does not establish the media-use or organism-specific nutritional claim. Inspect the actual lineage and source-context role evidence.		false
data/ingredients/mapped/L-Deoxyalliin.yaml	d9fca4409c19af4e70eeded6e54bc2acb7f4c5ede1eb0a15081c06aac4225542	7d31b5bc3b31af72e9763c0dced0805a7e6435f4c0a8f0027fd68740f6d7fe14	MIM.assertion:052a891b2091a0cba58ac3a5700c57923aa3c79e49a1c7c3cccd4878982c8b96	nutritional_roles	0	AMINO_ACID_SOURCE	ANCESTRY	OPEN_REQUIRES_ORIGINAL_SOURCE	Ontology ancestry identifies a chemical class or general chemical role; it does not establish the media-use or organism-specific nutritional claim. Inspect the actual lineage and source-context role evidence.		false
data/ingredients/mapped/L-Galactose.yaml	cc736209403f41a4737eadc4bbe530f129fbe57c148505c9413746a61cf83b6a	4ea628be52149f9b81f39b2e78a409a172515bc4ad5c8e5c6fb4eba7014f1b6e	MIM.assertion:c31463d5d4afe61b7c0d07e788bef27704f5438a8ec046ea7577650e3728a5c2	nutritional_roles	0	CARBON_SOURCE	ANCESTRY	OPEN_REQUIRES_ORIGINAL_SOURCE	Ontology ancestry identifies a chemical class or general chemical role; it does not establish the media-use or organism-specific nutritional claim. Inspect the actual lineage and source-context role evidence.		false
data/ingredients/mapped/L-Galactose.yaml	cc736209403f41a4737eadc4bbe530f129fbe57c148505c9413746a61cf83b6a	05797c833ce5f55a4f9deb8713e7b56bc9b4c8e4920aeed310903d0418be101f	MIM.assertion:a0fb4d02446262c9665f517102c6f218f2e52b3bf59d21100968afa0317db9b2	nutritional_roles	1	ENERGY_SOURCE	ENERGY_TEMPLATE	OPEN_REQUIRES_ORIGINAL_SOURCE	A generic energy-substrate template does not record a supporting organism, culture condition, or utilization experiment. Source-confirm this precise stereochemical and supplied form.		false
data/ingredients/mapped/L-Glutamic_Acid_Monopotassium_Salt_Monohydrate.yaml	b81046e7b35a714c71af86de076d1c15c18c454eafce07e5b3508935b3c0cc9d	b805eaf18a236d0acb66db3bcaf456dfe3a4f9c53c2a569d4841a3f6dc44e128	MIM.assertion:9f04518182bbef665b25cf0c9fdfa303c6072326866caced96465c0800df6c4e	nutritional_roles	0	AMINO_ACID_SOURCE	NAME_PATTERN	OPEN_REQUIRES_ORIGINAL_SOURCE	Name-pattern matching does not establish the ingredient-specific biological or formulation role. Inspect a preparation manual, original culture method, or direct utilization study.		false
data/ingredients/mapped/L-Histidine_Monohydrochloride_Monohydrate.yaml	891472a9ec7dde2e5a04151148d390c5a224606ddd1647c9b50ffa1750b09b20	b805eaf18a236d0acb66db3bcaf456dfe3a4f9c53c2a569d4841a3f6dc44e128	MIM.assertion:d93924baa53e4e214a9d0294491bec178b14a591e1e025c0e88403b5a9dff659	nutritional_roles	0	AMINO_ACID_SOURCE	NAME_PATTERN	OPEN_REQUIRES_ORIGINAL_SOURCE	Name-pattern matching does not establish the ingredient-specific biological or formulation role. Inspect a preparation manual, original culture method, or direct utilization study.		false
data/ingredients/mapped/L-Homoserine.yaml	33e3ecca2d886332e6bfb9449be92384ba33151f959ec45ebb94d53fc06a875c	7d31b5bc3b31af72e9763c0dced0805a7e6435f4c0a8f0027fd68740f6d7fe14	MIM.assertion:38cfd1b9fcf0d5e2c7e61a95785a7f7b78df2d21d00f0627ebe9f65c96b32e9c	nutritional_roles	0	AMINO_ACID_SOURCE	ANCESTRY	OPEN_REQUIRES_ORIGINAL_SOURCE	Ontology ancestry identifies a chemical class or general chemical role; it does not establish the media-use or organism-specific nutritional claim. Inspect the actual lineage and source-context role evidence.		false
data/ingredients/mapped/L-Malic_Acid.yaml	e7b8206eb0d5eb266272a7b60dc9468ec69264e86f427d8aacb0d32730cb1af4	df2072c00c03ccac74a186fad08ecce37b665354626058d581fd7b3f601cd30f	MIM.assertion:bf4590ec830e91ea09e3b65ac4cf6b318b0e2902942faa6b3e17c0cdc06bfc44	nutritional_roles	0	CARBON_SOURCE	NAME_PATTERN	OPEN_REQUIRES_ORIGINAL_SOURCE	Name-pattern matching does not establish the ingredient-specific biological or formulation role. Inspect a preparation manual, original culture method, or direct utilization study.		false
data/ingredients/mapped/L-Malic_Acid.yaml	e7b8206eb0d5eb266272a7b60dc9468ec69264e86f427d8aacb0d32730cb1af4	05797c833ce5f55a4f9deb8713e7b56bc9b4c8e4920aeed310903d0418be101f	MIM.assertion:c28d5addcffeb33370b082f8524293658203bac65361d837531b3d6b3082f0e0	nutritional_roles	1	ENERGY_SOURCE	ENERGY_TEMPLATE	OPEN_REQUIRES_ORIGINAL_SOURCE	A generic energy-substrate template does not record a supporting organism, culture condition, or utilization experiment. Source-confirm this precise stereochemical and supplied form.		false
data/ingredients/mapped/L-Malic_Acid_Disodium_Salt_Monohydrate.yaml	4896efa3f3c06d572e3bf8dffffb131ab36f1e1a31fac75394acca8db7c43080	df2072c00c03ccac74a186fad08ecce37b665354626058d581fd7b3f601cd30f	MIM.assertion:c04ea4a50f1fae1d0b807ee3e5f325fb0264deacb43aaa3aaee89d06952b1488	nutritional_roles	0	CARBON_SOURCE	NAME_PATTERN	OPEN_REQUIRES_ORIGINAL_SOURCE	Name-pattern matching does not establish the ingredient-specific biological or formulation role. Inspect a preparation manual, original culture method, or direct utilization study.		false
data/ingredients/mapped/L-Malic_Acid_Disodium_Salt_Monohydrate.yaml	4896efa3f3c06d572e3bf8dffffb131ab36f1e1a31fac75394acca8db7c43080	05797c833ce5f55a4f9deb8713e7b56bc9b4c8e4920aeed310903d0418be101f	MIM.assertion:91dcbdb3cd5801cde5369918bd9086de5d9ed8a56c7253a032e4437732fcaf10	nutritional_roles	1	ENERGY_SOURCE	ENERGY_TEMPLATE	OPEN_REQUIRES_ORIGINAL_SOURCE	A generic energy-substrate template does not record a supporting organism, culture condition, or utilization experiment. Source-confirm this precise stereochemical and supplied form.		false
data/ingredients/mapped/L-Pyroglutamic_Acid.yaml	878b6041b1b5cadc81ba842a47216d6d91cd64e7e7fbf48d5fed02ec4fc4e91c	7d31b5bc3b31af72e9763c0dced0805a7e6435f4c0a8f0027fd68740f6d7fe14	MIM.assertion:b8a70d4dc5e31c6e4f5f39b709b2d1c688283a69b8983143ab199bf7d9a41d96	nutritional_roles	0	AMINO_ACID_SOURCE	ANCESTRY	OPEN_REQUIRES_ORIGINAL_SOURCE	Ontology ancestry identifies a chemical class or general chemical role; it does not establish the media-use or organism-specific nutritional claim. Inspect the actual lineage and source-context role evidence.		false
data/ingredients/mapped/L-Rhamnose_Monohydrate.yaml	eb05ee0a45c1a49feb004fdded1ec8490ee6e8d3689ff70fe850737aac78133f	df2072c00c03ccac74a186fad08ecce37b665354626058d581fd7b3f601cd30f	MIM.assertion:f6b6f609ecf6d6d848e9c85cf9f37f1d21ae1b235d746711a8cdf407fd004ce9	nutritional_roles	0	CARBON_SOURCE	NAME_PATTERN	OPEN_REQUIRES_ORIGINAL_SOURCE	Name-pattern matching does not establish the ingredient-specific biological or formulation role. Inspect a preparation manual, original culture method, or direct utilization study.		false
data/ingredients/mapped/L-Xylose.yaml	31a01b082a6b9795de471872adb49dcf7aa0a40933af90f93f64d0c9e9ebe25e	4ea628be52149f9b81f39b2e78a409a172515bc4ad5c8e5c6fb4eba7014f1b6e	MIM.assertion:6d530b3f8c1cc83c99e4cb470a5c40fcf0aa8ddf5277cad0a6702b093da83329	nutritional_roles	0	CARBON_SOURCE	ANCESTRY	OPEN_REQUIRES_ORIGINAL_SOURCE	Ontology ancestry identifies a chemical class or general chemical role; it does not establish the media-use or organism-specific nutritional claim. Inspect the actual lineage and source-context role evidence.		false
data/ingredients/mapped/L-Xylose.yaml	31a01b082a6b9795de471872adb49dcf7aa0a40933af90f93f64d0c9e9ebe25e	05797c833ce5f55a4f9deb8713e7b56bc9b4c8e4920aeed310903d0418be101f	MIM.assertion:d50c876bb7b400837153bb33eeec04cd51c56bcdfe265c459585b21f052ad1d8	nutritional_roles	1	ENERGY_SOURCE	ENERGY_TEMPLATE	OPEN_REQUIRES_ORIGINAL_SOURCE	A generic energy-substrate template does not record a supporting organism, culture condition, or utilization experiment. Source-confirm this precise stereochemical and supplied form.		false
data/ingredients/mapped/L-_-ergothioneine.yaml	c2ee1e304fd23914828e03ff33ba609878fefe03cdf94570b670c4ecd1fb0073	7d31b5bc3b31af72e9763c0dced0805a7e6435f4c0a8f0027fd68740f6d7fe14	MIM.assertion:8db4bcfad079740ce29cbbeb4495b5dc7843e64e0c09cb6d9cfd1fb9cf94e0d7	nutritional_roles	0	AMINO_ACID_SOURCE	ANCESTRY	OPEN_REQUIRES_ORIGINAL_SOURCE	Ontology ancestry identifies a chemical class or general chemical role; it does not establish the media-use or organism-specific nutritional claim. Inspect the actual lineage and source-context role evidence.		false
data/ingredients/mapped/L-_-erythrulose.yaml	a7b5a229351c84f9d507beea7fab28bbb2baef46d0aadd7becd2703c3648561a	4ea628be52149f9b81f39b2e78a409a172515bc4ad5c8e5c6fb4eba7014f1b6e	MIM.assertion:2817bc90b1e471557f2e6478c664b1dcbb5e839ec75073a412bae76f93da15d4	nutritional_roles	0	CARBON_SOURCE	ANCESTRY	OPEN_REQUIRES_ORIGINAL_SOURCE	Ontology ancestry identifies a chemical class or general chemical role; it does not establish the media-use or organism-specific nutritional claim. Inspect the actual lineage and source-context role evidence.		false
data/ingredients/mapped/L-_-sorbose.yaml	6c8d96558f5a743d2f583ce0c3b7f916f807520c627777a032da90bc3c9ac801	4ea628be52149f9b81f39b2e78a409a172515bc4ad5c8e5c6fb4eba7014f1b6e	MIM.assertion:77b19656806a69eb6b95b164ab5ff8c982cd39a85a0d0b9700b4d90fb7a02be6	nutritional_roles	0	CARBON_SOURCE	ANCESTRY	OPEN_REQUIRES_ORIGINAL_SOURCE	Ontology ancestry identifies a chemical class or general chemical role; it does not establish the media-use or organism-specific nutritional claim. Inspect the actual lineage and source-context role evidence.		false
data/ingredients/mapped/L-alliin.yaml	1c45f7c84dfccac9f86a098d9e8a67e95b34b04a0fbe963248fba926b5efe1f5	7d31b5bc3b31af72e9763c0dced0805a7e6435f4c0a8f0027fd68740f6d7fe14	MIM.assertion:4bc38fa9a905d13ffd905c7a5d13977fae857c755dd7548642e8d9ddf3f3379a	nutritional_roles	0	AMINO_ACID_SOURCE	ANCESTRY	OPEN_REQUIRES_ORIGINAL_SOURCE	Ontology ancestry identifies a chemical class or general chemical role; it does not establish the media-use or organism-specific nutritional claim. Inspect the actual lineage and source-context role evidence.		false
data/ingredients/mapped/L-arginine_X_Hcl.yaml	113333c6a9887ebcbb7b4336988b28e428f4d4a0bf94be156abc4ead0971b9da	7d31b5bc3b31af72e9763c0dced0805a7e6435f4c0a8f0027fd68740f6d7fe14	MIM.assertion:02e8ed1715b3d8914e03a9a32c07cacd29db1f0c366730feda0fb992c0b958bc	nutritional_roles	0	AMINO_ACID_SOURCE	ANCESTRY	OPEN_REQUIRES_ORIGINAL_SOURCE	Ontology ancestry identifies a chemical class or general chemical role; it does not establish the media-use or organism-specific nutritional claim. Inspect the actual lineage and source-context role evidence.		false
data/ingredients/mapped/L-aspartic_Acid.yaml	59515ac8ea8e60fed727239ff1e315e37522190f021b4c6f3361c05ed3f190c6	7d31b5bc3b31af72e9763c0dced0805a7e6435f4c0a8f0027fd68740f6d7fe14	MIM.assertion:3d3d2a0e75dc7146618a6e7180ab91a12b23b4f096e1412e3b1286b851d70273	nutritional_roles	0	AMINO_ACID_SOURCE	ANCESTRY	OPEN_REQUIRES_ORIGINAL_SOURCE	Ontology ancestry identifies a chemical class or general chemical role; it does not establish the media-use or organism-specific nutritional claim. Inspect the actual lineage and source-context role evidence.		false
data/ingredients/mapped/L-citrulline.yaml	6c15525a27a48c82a80defc1f293f16f55a5a11cce30257534afd0d498b1bdc1	7d31b5bc3b31af72e9763c0dced0805a7e6435f4c0a8f0027fd68740f6d7fe14	MIM.assertion:8244cf09f944bcde3c388f631f052d95dc701719f7b3909a72d02ddb29731366	nutritional_roles	0	AMINO_ACID_SOURCE	ANCESTRY	OPEN_REQUIRES_ORIGINAL_SOURCE	Ontology ancestry identifies a chemical class or general chemical role; it does not establish the media-use or organism-specific nutritional claim. Inspect the actual lineage and source-context role evidence.		false
data/ingredients/mapped/L-cysteine_Hcl.yaml	a25805419e2a355a7ee972c7de199cdc04fdd74e7adaa478e491a6530c3fb9a2	b805eaf18a236d0acb66db3bcaf456dfe3a4f9c53c2a569d4841a3f6dc44e128	MIM.assertion:2a97fa97fab5dabdae1055335f1147ddbf062b2864c9ed04c4a4ff0c7f97f1d0	nutritional_roles	0	AMINO_ACID_SOURCE	NAME_PATTERN	OPEN_REQUIRES_ORIGINAL_SOURCE	Name-pattern matching does not establish the ingredient-specific biological or formulation role. Inspect a preparation manual, original culture method, or direct utilization study.		false
data/ingredients/mapped/L-cysteine_Hcl_X_H2o.yaml	1b13fecbe7cba7143af066aebb2322f97fc880d1a3668abcc7bbdd3df6c581a9	b805eaf18a236d0acb66db3bcaf456dfe3a4f9c53c2a569d4841a3f6dc44e128	MIM.assertion:07ad745c020b1753639d8673bc9a5b15b44f5576372576a0f2577066616e01e7	nutritional_roles	0	AMINO_ACID_SOURCE	NAME_PATTERN	OPEN_REQUIRES_ORIGINAL_SOURCE	Name-pattern matching does not establish the ingredient-specific biological or formulation role. Inspect a preparation manual, original culture method, or direct utilization study.		false
data/ingredients/mapped/L-cysteine_Zwitterion.yaml	fd36433dbfcf832e0cb5ab7d69a252b166df1b248d57db3813a15b75c4569b43	b805eaf18a236d0acb66db3bcaf456dfe3a4f9c53c2a569d4841a3f6dc44e128	MIM.assertion:15eb3c093bd9a007ec57a145b41f56f4cfe3a72dc1cb57f4bee9d6112427d0c4	nutritional_roles	0	AMINO_ACID_SOURCE	NAME_PATTERN	OPEN_REQUIRES_ORIGINAL_SOURCE	Name-pattern matching does not establish the ingredient-specific biological or formulation role. Inspect a preparation manual, original culture method, or direct utilization study.		false
data/ingredients/mapped/L-fucose.yaml	4f830e7f2bcc1e5b32d6bf654ad88a74c02496712dd8bad8eb59b8562c8e5974	4ea628be52149f9b81f39b2e78a409a172515bc4ad5c8e5c6fb4eba7014f1b6e	MIM.assertion:dbc5311486e9a920cff29447587ed971beddef6ea25e2e7d80cc09758c7c1bf3	nutritional_roles	0	CARBON_SOURCE	ANCESTRY	OPEN_REQUIRES_ORIGINAL_SOURCE	Ontology ancestry identifies a chemical class or general chemical role; it does not establish the media-use or organism-specific nutritional claim. Inspect the actual lineage and source-context role evidence.		false
data/ingredients/mapped/L-isoleucine.yaml	99e0766213e7e0256649861781be48f690a85a4709a1d57d7cc5f936a0cef809	7d31b5bc3b31af72e9763c0dced0805a7e6435f4c0a8f0027fd68740f6d7fe14	MIM.assertion:a37832f27b604e126d470d2fc41694f14a811ff220338e0b37ae9094e44141ea	nutritional_roles	0	AMINO_ACID_SOURCE	ANCESTRY	OPEN_REQUIRES_ORIGINAL_SOURCE	Ontology ancestry identifies a chemical class or general chemical role; it does not establish the media-use or organism-specific nutritional claim. Inspect the actual lineage and source-context role evidence.		false
data/ingredients/mapped/L-lysine.yaml	4d035d993bbbeb0e2a21337f307ababc8167e37dfe7a72cee1d2ca516e333d60	7d31b5bc3b31af72e9763c0dced0805a7e6435f4c0a8f0027fd68740f6d7fe14	MIM.assertion:c99afeb544115e36517094209660b46572a5389138a94e2aea7273dd4549c4c5	nutritional_roles	0	AMINO_ACID_SOURCE	ANCESTRY	OPEN_REQUIRES_ORIGINAL_SOURCE	Ontology ancestry identifies a chemical class or general chemical role; it does not establish the media-use or organism-specific nutritional claim. Inspect the actual lineage and source-context role evidence.		false
data/ingredients/mapped/L-lysine_Hcl.yaml	1e34cad9b2bd29bd95bc5351342782fb0ead7873a066994c07496757802b83c8	b805eaf18a236d0acb66db3bcaf456dfe3a4f9c53c2a569d4841a3f6dc44e128	MIM.assertion:19f6be16431210fbfeb6257d8ad3b66e7da97015ab8e00857d992a28163e1f9f	nutritional_roles	0	AMINO_ACID_SOURCE	NAME_PATTERN	OPEN_REQUIRES_ORIGINAL_SOURCE	Name-pattern matching does not establish the ingredient-specific biological or formulation role. Inspect a preparation manual, original culture method, or direct utilization study.		false
data/ingredients/mapped/L-methionine.yaml	7f587d8d03e262d97a0bd022ba51ea02dd9c24e0ba960e26142f97f5e196e4bd	7d31b5bc3b31af72e9763c0dced0805a7e6435f4c0a8f0027fd68740f6d7fe14	MIM.assertion:93087d3e334a5a4a9dbffce28941d813ee98c725bee700ced19540c97ce826e2	nutritional_roles	0	AMINO_ACID_SOURCE	ANCESTRY	OPEN_REQUIRES_ORIGINAL_SOURCE	Ontology ancestry identifies a chemical class or general chemical role; it does not establish the media-use or organism-specific nutritional claim. Inspect the actual lineage and source-context role evidence.		false
data/ingredients/mapped/L-ornithine.yaml	932ce49c03922cfa00ca81546222fc43f0ee4a33aa4037ce2ae5d6bff9c29405	7d31b5bc3b31af72e9763c0dced0805a7e6435f4c0a8f0027fd68740f6d7fe14	MIM.assertion:fc3a778f094996e6cdb9951175e1751d46339b0ef4bc75c271b71afa6b4d249c	nutritional_roles	0	AMINO_ACID_SOURCE	ANCESTRY	OPEN_REQUIRES_ORIGINAL_SOURCE	Ontology ancestry identifies a chemical class or general chemical role; it does not establish the media-use or organism-specific nutritional claim. Inspect the actual lineage and source-context role evidence.		false
data/ingredients/mapped/L-ornithine_Monohydrochloride.yaml	420c77b8adacc5770dc705ca374f09a3470dff65077b929a25047484ae6465f8	7d31b5bc3b31af72e9763c0dced0805a7e6435f4c0a8f0027fd68740f6d7fe14	MIM.assertion:f70c32568a3ec3f214d5a123ac060aab0818e9518968e6e3f68576425ddd9550	nutritional_roles	0	AMINO_ACID_SOURCE	ANCESTRY	OPEN_REQUIRES_ORIGINAL_SOURCE	Ontology ancestry identifies a chemical class or general chemical role; it does not establish the media-use or organism-specific nutritional claim. Inspect the actual lineage and source-context role evidence.		false
data/ingredients/mapped/L-phenylalanine.yaml	5166757201c7bdfb2890e7292e80f78b318f4cf4f5e6bf8f6f5a3d3925f8cbff	7d31b5bc3b31af72e9763c0dced0805a7e6435f4c0a8f0027fd68740f6d7fe14	MIM.assertion:aafbdd3923e4241d9a5245096db0a18c3daa937df9e2a21d46ae601f0cf9df43	nutritional_roles	0	AMINO_ACID_SOURCE	ANCESTRY	OPEN_REQUIRES_ORIGINAL_SOURCE	Ontology ancestry identifies a chemical class or general chemical role; it does not establish the media-use or organism-specific nutritional claim. Inspect the actual lineage and source-context role evidence.		false
data/ingredients/mapped/L-proline.yaml	5dd10c136db722ba99235189330fb4c539abad17d4a52927f533dd5b1cf440d8	7d31b5bc3b31af72e9763c0dced0805a7e6435f4c0a8f0027fd68740f6d7fe14	MIM.assertion:d60023f0e1a19ce7b0d5628820b05c99c4de9e4f2ccefb397badd3c831a2e964	nutritional_roles	0	AMINO_ACID_SOURCE	ANCESTRY	OPEN_REQUIRES_ORIGINAL_SOURCE	Ontology ancestry identifies a chemical class or general chemical role; it does not establish the media-use or organism-specific nutritional claim. Inspect the actual lineage and source-context role evidence.		false
data/ingredients/mapped/L-threonine.yaml	90acd6a97a8ff3aac29c5f0d544a30be1e1fcf59ed38fd3030477d8a8a47c002	7d31b5bc3b31af72e9763c0dced0805a7e6435f4c0a8f0027fd68740f6d7fe14	MIM.assertion:aa9bb109382a190ef02969bdeb01c5512a1bb9b4a065aab3620e67ad3d77ec39	nutritional_roles	0	AMINO_ACID_SOURCE	ANCESTRY	OPEN_REQUIRES_ORIGINAL_SOURCE	Ontology ancestry identifies a chemical class or general chemical role; it does not establish the media-use or organism-specific nutritional claim. Inspect the actual lineage and source-context role evidence.		false
data/ingredients/mapped/L-tyrosine.yaml	b3d74ff5d9e02b367c495e5e1fbb098f06c7c897c3530a5832bb180a0b0912ff	7d31b5bc3b31af72e9763c0dced0805a7e6435f4c0a8f0027fd68740f6d7fe14	MIM.assertion:5dfce0085823f7b6123e44ca3bc19320cb4c74dfd7efb37a1153e2ac4f1fa976	nutritional_roles	0	AMINO_ACID_SOURCE	ANCESTRY	OPEN_REQUIRES_ORIGINAL_SOURCE	Ontology ancestry identifies a chemical class or general chemical role; it does not establish the media-use or organism-specific nutritional claim. Inspect the actual lineage and source-context role evidence.		false
data/ingredients/mapped/L-tyrosine_Disodium_Salt.yaml	0553aec6fa9d36613a4aade51c62815f2c277e1097608d5549b6fcb53b687662	b805eaf18a236d0acb66db3bcaf456dfe3a4f9c53c2a569d4841a3f6dc44e128	MIM.assertion:5ae5435f6c7162a91300586646ac436ca338b878d699aa94c99d4abf7e021ea9	nutritional_roles	0	AMINO_ACID_SOURCE	NAME_PATTERN	OPEN_REQUIRES_ORIGINAL_SOURCE	Name-pattern matching does not establish the ingredient-specific biological or formulation role. Inspect a preparation manual, original culture method, or direct utilization study.		false
data/ingredients/mapped/L-valine.yaml	b7fabf7ba910e65e3c42978c3c31467a48999256e8622f8531d3eacfb8d232d2	7d31b5bc3b31af72e9763c0dced0805a7e6435f4c0a8f0027fd68740f6d7fe14	MIM.assertion:341a7754eac567686d7e1d3c658ffec45c5062914ecc1a76f38d0ccfaec57e31	nutritional_roles	0	AMINO_ACID_SOURCE	ANCESTRY	OPEN_REQUIRES_ORIGINAL_SOURCE	Ontology ancestry identifies a chemical class or general chemical role; it does not establish the media-use or organism-specific nutritional claim. Inspect the actual lineage and source-context role evidence.		false
data/ingredients/mapped/L_-tartaric_Acid.yaml	15c57de12a61ce33485005e45a3b51d8832cc162aa488a2a1792ed17b80b8979	4ea628be52149f9b81f39b2e78a409a172515bc4ad5c8e5c6fb4eba7014f1b6e	MIM.assertion:45e00484dadbb2767988636a037bfb535ce740b6e5431d46240665c71f9a578f	nutritional_roles	0	CARBON_SOURCE	ANCESTRY	OPEN_REQUIRES_ORIGINAL_SOURCE	Ontology ancestry identifies a chemical class or general chemical role; it does not establish the media-use or organism-specific nutritional claim. Inspect the actual lineage and source-context role evidence.		false
data/ingredients/mapped/Lactalbumin_Hydrolysate.yaml	24416a2a9fe69c14ca1a8f57098750a9a4fb8b3055ba267a4e19cf10626f8213	7fbde1a92491632faf80d3bf87c4cab5bf4e772e70454374b86dd833f81f0ae8	MIM.assertion:f8f859986e9e95e22bbb926d21ebd852cf85a41b3ab0cbf70ec0e00ae4e70faa	nutritional_roles	0	PROTEIN_SOURCE	NAME_PATTERN	OPEN_REQUIRES_ORIGINAL_SOURCE	Name-pattern matching does not establish the ingredient-specific biological or formulation role. Inspect a preparation manual, original culture method, or direct utilization study.		false
data/ingredients/mapped/Lactate.yaml	473205bc13ea916770dad2ffb219c57d34b1ec2caa5e4ef5a4573443f4043474	df2072c00c03ccac74a186fad08ecce37b665354626058d581fd7b3f601cd30f	MIM.assertion:3668ce12f752b33a52959f696a7adfb91c02f41e21eebb463a2f29059ecfbdd1	nutritional_roles	0	CARBON_SOURCE	NAME_PATTERN	OPEN_REQUIRES_ORIGINAL_SOURCE	Name-pattern matching does not establish the ingredient-specific biological or formulation role. Inspect a preparation manual, original culture method, or direct utilization study.		false
data/ingredients/mapped/Lactate.yaml	473205bc13ea916770dad2ffb219c57d34b1ec2caa5e4ef5a4573443f4043474	05797c833ce5f55a4f9deb8713e7b56bc9b4c8e4920aeed310903d0418be101f	MIM.assertion:043a772b5e12b1d886e15ebc27f2daf66849f4270b6bc4f8cdc81ffa29125777	nutritional_roles	1	ENERGY_SOURCE	ENERGY_TEMPLATE	OPEN_REQUIRES_ORIGINAL_SOURCE	A generic energy-substrate template does not record a supporting organism, culture condition, or utilization experiment. Source-confirm this precise stereochemical and supplied form.		false
data/ingredients/mapped/Lactitol.yaml	c623b2bb321dbe1f1995986a5a69f454cb23825f67d71bbfdbdf2ae9f98efc8a	4ea628be52149f9b81f39b2e78a409a172515bc4ad5c8e5c6fb4eba7014f1b6e	MIM.assertion:79d23fa105048a3cdae813c96720b12540b43d38766c312ddefa82f9fe18c8f4	nutritional_roles	0	CARBON_SOURCE	ANCESTRY	OPEN_REQUIRES_ORIGINAL_SOURCE	Ontology ancestry identifies a chemical class or general chemical role; it does not establish the media-use or organism-specific nutritional claim. Inspect the actual lineage and source-context role evidence.		false
data/ingredients/mapped/Lacto-N-fucopentaose_I.yaml	c75dab7ba504cb80212788f2198517a1c28c0b62335c2a3b276879ce4fddf614	df2072c00c03ccac74a186fad08ecce37b665354626058d581fd7b3f601cd30f	MIM.assertion:d93283cf0460de9d07af46048824e03b1e35c6b428f93e8a3ac68592657a0a8f	nutritional_roles	0	CARBON_SOURCE	NAME_PATTERN	OPEN_REQUIRES_ORIGINAL_SOURCE	Name-pattern matching does not establish the ingredient-specific biological or formulation role. Inspect a preparation manual, original culture method, or direct utilization study.		false
data/ingredients/mapped/Lacto-N-fucopentaose_II.yaml	1e843b77edc22d91f52f1fe57fb48327fb7714ea5ae471c465c40dafd7433b09	4ea628be52149f9b81f39b2e78a409a172515bc4ad5c8e5c6fb4eba7014f1b6e	MIM.assertion:a7047f663bea0447c30f1f00f8b1c02934f09610936cc18fc015a9dad22db40d	nutritional_roles	0	CARBON_SOURCE	ANCESTRY	OPEN_REQUIRES_ORIGINAL_SOURCE	Ontology ancestry identifies a chemical class or general chemical role; it does not establish the media-use or organism-specific nutritional claim. Inspect the actual lineage and source-context role evidence.		false
data/ingredients/mapped/Lacto-N-fucopentaose_III.yaml	c3a89f74a8dde4dc6e0d507051dce6a79a03ed2a4b8483fe6f7ff9aa576dcba9	df2072c00c03ccac74a186fad08ecce37b665354626058d581fd7b3f601cd30f	MIM.assertion:e822a58d16be851380883094f006136e6e81346a9fa29414945deec3fcf14108	nutritional_roles	0	CARBON_SOURCE	NAME_PATTERN	OPEN_REQUIRES_ORIGINAL_SOURCE	Name-pattern matching does not establish the ingredient-specific biological or formulation role. Inspect a preparation manual, original culture method, or direct utilization study.		false
data/ingredients/mapped/Lacto-N-neotetraose.yaml	96913ee317684409b9ac54446e0bd005fc66f989ffa0c06a8b48a85b96cbc302	df2072c00c03ccac74a186fad08ecce37b665354626058d581fd7b3f601cd30f	MIM.assertion:4d0c0617c111b1fb8d36da719b47ac9b4b255c067f6c4f26682919a69e1dcf5f	nutritional_roles	0	CARBON_SOURCE	NAME_PATTERN	OPEN_REQUIRES_ORIGINAL_SOURCE	Name-pattern matching does not establish the ingredient-specific biological or formulation role. Inspect a preparation manual, original culture method, or direct utilization study.		false
data/ingredients/mapped/Lacto-N-tetraose.yaml	b7a73255b1615fc39beb8a126f306dd4c504706482864408a2d9fde96f050e9c	df2072c00c03ccac74a186fad08ecce37b665354626058d581fd7b3f601cd30f	MIM.assertion:8c4f82f214382206b37f65b54b2a81611a460e276f26297b2877ac59b1996183	nutritional_roles	0	CARBON_SOURCE	NAME_PATTERN	OPEN_REQUIRES_ORIGINAL_SOURCE	Name-pattern matching does not establish the ingredient-specific biological or formulation role. Inspect a preparation manual, original culture method, or direct utilization study.		false
data/ingredients/mapped/Lactose.yaml	03c3f8147a4b0529118abe4afca35b7ac28fd3a815c2cc5cf465cf3b6fce4dec	05797c833ce5f55a4f9deb8713e7b56bc9b4c8e4920aeed310903d0418be101f	MIM.assertion:0fafc23b66097bf171ebd6e389dc7c169f21b9092791f34fe17fd7dfaed56ecd	nutritional_roles	1	ENERGY_SOURCE	ENERGY_TEMPLATE	OPEN_REQUIRES_ORIGINAL_SOURCE	A generic energy-substrate template does not record a supporting organism, culture condition, or utilization experiment. Source-confirm this precise stereochemical and supplied form.		false
data/ingredients/mapped/Lactulose.yaml	eb970b4c4d681b1a0a4e0069c29d39a5338a9915d87cbd8e5ec2f55ef85af296	4ea628be52149f9b81f39b2e78a409a172515bc4ad5c8e5c6fb4eba7014f1b6e	MIM.assertion:0e5f0033e4166f9c6df74f29030c09688934b8964a5a9d2d1112360e5e255291	nutritional_roles	0	CARBON_SOURCE	ANCESTRY	OPEN_REQUIRES_ORIGINAL_SOURCE	Ontology ancestry identifies a chemical class or general chemical role; it does not establish the media-use or organism-specific nutritional claim. Inspect the actual lineage and source-context role evidence.		false
data/ingredients/mapped/Laminaribiose.yaml	fad2ef66f1b6ef25fdb7879a21063b47b47a8826c05aff4166d750faf4a067ee	4ea628be52149f9b81f39b2e78a409a172515bc4ad5c8e5c6fb4eba7014f1b6e	MIM.assertion:c3982da141a0dfb5fb512843da012d5e605d020de52a00823986cdaed33bbbe9	nutritional_roles	0	CARBON_SOURCE	ANCESTRY	OPEN_REQUIRES_ORIGINAL_SOURCE	Ontology ancestry identifies a chemical class or general chemical role; it does not establish the media-use or organism-specific nutritional claim. Inspect the actual lineage and source-context role evidence.		false
data/ingredients/mapped/Laminarin_From_Laminaria_Digitata.yaml	d4f28a2fcc8d41bc3e341f84984abeac74178cbf4faac578e107aa9fdd1a11e7	4ea628be52149f9b81f39b2e78a409a172515bc4ad5c8e5c6fb4eba7014f1b6e	MIM.assertion:233319172518b87c4d8228b333313d877390850d786131eafd6270e30ae972c7	nutritional_roles	0	CARBON_SOURCE	ANCESTRY	OPEN_REQUIRES_ORIGINAL_SOURCE	Ontology ancestry identifies a chemical class or general chemical role; it does not establish the media-use or organism-specific nutritional claim. Inspect the actual lineage and source-context role evidence.		false
data/ingredients/mapped/Lentilan_From_Mushroom.yaml	5181041e1d83681083c8a35b43fd63f98ea706ea59af0831930ab3377fc3d70f	4ea628be52149f9b81f39b2e78a409a172515bc4ad5c8e5c6fb4eba7014f1b6e	MIM.assertion:6f887d353b3c9c8bf9c912c53d9c2b7183b1fc48ec72bd92c859012f309f16fe	nutritional_roles	0	CARBON_SOURCE	ANCESTRY	OPEN_REQUIRES_ORIGINAL_SOURCE	Ontology ancestry identifies a chemical class or general chemical role; it does not establish the media-use or organism-specific nutritional claim. Inspect the actual lineage and source-context role evidence.		false
data/ingredients/mapped/Levan_-_From_Erwinia_Herbicola.yaml	48aa7ada162e077803097135c2fc860eff42c2b5fc352b606681116895d14834	4ea628be52149f9b81f39b2e78a409a172515bc4ad5c8e5c6fb4eba7014f1b6e	MIM.assertion:5ad57e97defacf2fefa5313717d507a26b96a89bc053ea4808dec1d03fd686df	nutritional_roles	0	CARBON_SOURCE	ANCESTRY	OPEN_REQUIRES_ORIGINAL_SOURCE	Ontology ancestry identifies a chemical class or general chemical role; it does not establish the media-use or organism-specific nutritional claim. Inspect the actual lineage and source-context role evidence.		false
data/ingredients/mapped/Levodopa.yaml	aee2a4121b935ca1e59b964a653d4ec540709a60735864c457525aeb4d4ba289	7d31b5bc3b31af72e9763c0dced0805a7e6435f4c0a8f0027fd68740f6d7fe14	MIM.assertion:dcb88615081247f147396741cdc75b1a6ba57c22bc3018d07143deba4e8a07c0	nutritional_roles	0	AMINO_ACID_SOURCE	ANCESTRY	OPEN_REQUIRES_ORIGINAL_SOURCE	Ontology ancestry identifies a chemical class or general chemical role; it does not establish the media-use or organism-specific nutritional claim. Inspect the actual lineage and source-context role evidence.		false
data/ingredients/mapped/Levofloxacin.yaml	b1fe3d0c7e5ef5378f8cfcee05cafb23ac1004d40d62118b4853b132cb1218c0	f8022e7f4b0dc2d5ac8bfee6907fef9eff7506632cd4a11eac620af6777da28b	MIM.assertion:25eb3731b3b21da0bed311387fc276060e7a5e2222080d5bf4f53fa23f168014	physicochemical_roles	0	SELECTIVE_AGENT	NAME_PATTERN	OPEN_REQUIRES_ORIGINAL_SOURCE	Name-pattern matching does not establish the ingredient-specific biological or formulation role. Inspect a preparation manual, original culture method, or direct utilization study.		false
data/ingredients/mapped/Levulinic_Acid.yaml	60348b221a8383646fbebd9deff7b07a6c6f701830401e59343742e9c72c1a5d	df2072c00c03ccac74a186fad08ecce37b665354626058d581fd7b3f601cd30f	MIM.assertion:75fff9a4f368557490e5546ef234e2264a16f30da63018fa1b2d60bcbf6564d4	nutritional_roles	0	CARBON_SOURCE	NAME_PATTERN	OPEN_REQUIRES_ORIGINAL_SOURCE	Name-pattern matching does not establish the ingredient-specific biological or formulation role. Inspect a preparation manual, original culture method, or direct utilization study.		false
data/ingredients/mapped/Lichenan_Icelandic_Moss.yaml	9721a556a6f24eee87da35d9a855d057362cb5c6e867502739939570dca56365	4ea628be52149f9b81f39b2e78a409a172515bc4ad5c8e5c6fb4eba7014f1b6e	MIM.assertion:7af927fa5091c79f67b39e500e3dcaf56fd72b356cd04aef4096d8ec185d9bd5	nutritional_roles	0	CARBON_SOURCE	ANCESTRY	OPEN_REQUIRES_ORIGINAL_SOURCE	Ontology ancestry identifies a chemical class or general chemical role; it does not establish the media-use or organism-specific nutritional claim. Inspect the actual lineage and source-context role evidence.		false
data/ingredients/mapped/Lincomycin_Hydrochloride.yaml	68b660d221a7155db1ca49bd887f33d753f20e4b8d6736ab66d56d0ea08d2ca9	f8022e7f4b0dc2d5ac8bfee6907fef9eff7506632cd4a11eac620af6777da28b	MIM.assertion:73a89fe986fc28456b39ac08e81836cbe6e262f74c64626354ed0e92c3ca9845	physicochemical_roles	0	SELECTIVE_AGENT	NAME_PATTERN	OPEN_REQUIRES_ORIGINAL_SOURCE	Name-pattern matching does not establish the ingredient-specific biological or formulation role. Inspect a preparation manual, original culture method, or direct utilization study.		false
data/ingredients/mapped/Linezolid.yaml	0990f379168e3a24d50a3e950038c2a676874be9486cc43942586598e44d428a	f8022e7f4b0dc2d5ac8bfee6907fef9eff7506632cd4a11eac620af6777da28b	MIM.assertion:43842cafc411522942062ef1fb62b378192bf2c44c7af96961cf7b2e6e6435f3	physicochemical_roles	0	SELECTIVE_AGENT	NAME_PATTERN	OPEN_REQUIRES_ORIGINAL_SOURCE	Name-pattern matching does not establish the ingredient-specific biological or formulation role. Inspect a preparation manual, original culture method, or direct utilization study.		false
data/ingredients/mapped/Liver_Digest.yaml	1bc5fa7ff48d85da3d138e5ecf6fa3496dc3beefbe43d581f634a16967568565	7fbde1a92491632faf80d3bf87c4cab5bf4e772e70454374b86dd833f81f0ae8	MIM.assertion:8f101fa093b4b22904875300262bfa0ac00862f34b04834cc8c4cecb2dfcecfe	nutritional_roles	0	PROTEIN_SOURCE	NAME_PATTERN	OPEN_REQUIRES_ORIGINAL_SOURCE	Name-pattern matching does not establish the ingredient-specific biological or formulation role. Inspect a preparation manual, original culture method, or direct utilization study.		false
data/ingredients/mapped/Liver_Extract.yaml	55ee994c1efbbf9ab375e9d673b4f46119d3ed7d8392d48519723de35b903e19	7fbde1a92491632faf80d3bf87c4cab5bf4e772e70454374b86dd833f81f0ae8	MIM.assertion:6de10f42e9aa2b829c4df9f93914e82b6f6d93e8a07db0d9bcf7925d02863102	nutritional_roles	0	PROTEIN_SOURCE	NAME_PATTERN	OPEN_REQUIRES_ORIGINAL_SOURCE	Name-pattern matching does not establish the ingredient-specific biological or formulation role. Inspect a preparation manual, original culture method, or direct utilization study.		false
data/ingredients/mapped/Liver_Extract_Concentrate.yaml	e0caf606f7a4a437843e740b0c982af74d654c21ae0a635a5d9da1d021987597	7fbde1a92491632faf80d3bf87c4cab5bf4e772e70454374b86dd833f81f0ae8	MIM.assertion:a1aab3838766834d92718530812352565fbb885774c50676f58cef71c816db53	nutritional_roles	0	PROTEIN_SOURCE	NAME_PATTERN	OPEN_REQUIRES_ORIGINAL_SOURCE	Name-pattern matching does not establish the ingredient-specific biological or formulation role. Inspect a preparation manual, original culture method, or direct utilization study.		false
data/ingredients/mapped/Liver_Extract_Infusion.yaml	b9282556e77cf35f541d0da1d2099a62ee35cbaf115bddec21a1e2c7d7ddefac	7fbde1a92491632faf80d3bf87c4cab5bf4e772e70454374b86dd833f81f0ae8	MIM.assertion:098c7683950ade813acca086ee902df3ac77b46fd2cce73fa9a841bc8c09df48	nutritional_roles	0	PROTEIN_SOURCE	NAME_PATTERN	OPEN_REQUIRES_ORIGINAL_SOURCE	Name-pattern matching does not establish the ingredient-specific biological or formulation role. Inspect a preparation manual, original culture method, or direct utilization study.		false
data/ingredients/mapped/Lomefloxacin_Hydrochloride.yaml	51c5de4f86137b8d87562e209b5d9005e2fb3cce298a88ce20b7edfd73366dc3	f8022e7f4b0dc2d5ac8bfee6907fef9eff7506632cd4a11eac620af6777da28b	MIM.assertion:0d914e20544127901266cec7806b7cc2e229839dd4831aeaf0a7361b467794ac	physicochemical_roles	0	SELECTIVE_AGENT	NAME_PATTERN	OPEN_REQUIRES_ORIGINAL_SOURCE	Name-pattern matching does not establish the ingredient-specific biological or formulation role. Inspect a preparation manual, original culture method, or direct utilization study.		false
data/ingredients/mapped/Lydimycin.yaml	c832763a0a6edefe6d2ece38b33177bb7404761476b6506af5a85b463cec39d1	f8022e7f4b0dc2d5ac8bfee6907fef9eff7506632cd4a11eac620af6777da28b	MIM.assertion:2a5a520b380614e0ebd516677ba3a91d4de06a34a9044f04b156ebb95aef03a0	physicochemical_roles	0	SELECTIVE_AGENT	NAME_PATTERN	OPEN_REQUIRES_ORIGINAL_SOURCE	Name-pattern matching does not establish the ingredient-specific biological or formulation role. Inspect a preparation manual, original culture method, or direct utilization study.		false
data/ingredients/mapped/M-xylene.yaml	31f4e266d3794ee7494468b5e6801cf0d98126e9c51db8b89fc86be253a7027d	e59eee7cf5387857dcf375c761bc4588088393fe88064c16b7be945209733418	MIM.assertion:78fed8a8a5e29c84459501f9a2d78a34980eabb24614cc8f334afa8a3987bd2a	nutritional_roles	0	CARBON_SOURCE	LLM_PREDICTION	OPEN_REQUIRES_ORIGINAL_SOURCE	Uncited in-session reasoning supplies no independent observation. Obtain a source supporting the exact role for the specified ingredient.		false
data/ingredients/mapped/MES_sodium_salt.yaml	1c6b3e64214f25b581dd82d883408e1074cb154a2ba57888c480318dc1557f5a	a082d38abdfabb7975cb49a5c3f3a8fab98f87de4d0a2b2f26605015d18a793a	MIM.assertion:8275027d1cf07223f7397fd9b2d0ec60341e6001b6a1af504b4acead821d02ce	physicochemical_roles	0	BUFFER	NAME_PATTERN	OPEN_REQUIRES_ORIGINAL_SOURCE	Name-pattern matching does not establish the ingredient-specific biological or formulation role. Inspect a preparation manual, original culture method, or direct utilization study.		false
data/ingredients/mapped/Magnesium_Sulfate.yaml	f6bcc2e50cfd37107da60e61659ec24e3f323164e569e8a91e283b6acac96f4a	ace986d23c3b650235809b92bdcb7f2d3155ced670772cbc63e2b373b1187b28	MIM.assertion:77de83919be9043a74b24e8ac19752c4fed5ec8c5dbdccfb04ab7154cbe5d67f	nutritional_roles	1	MINERAL_SOURCE	EMPTY	OPEN_REQUIRES_ORIGINAL_SOURCE	The evidence list is empty. Establish the mineral nutrient role in a source-defined preparation without treating elemental composition alone as demonstrated nutritional use.		false
data/ingredients/mapped/Malate.yaml	62a8259a7530c278262cde1b866c602f96c494a805488eb0e5d27ba49c6f5719	df2072c00c03ccac74a186fad08ecce37b665354626058d581fd7b3f601cd30f	MIM.assertion:47f0b13ba2e2d07d1c7b87e305747af63265e0c76769fa7d9a322c6c10f500e3	nutritional_roles	0	CARBON_SOURCE	NAME_PATTERN	OPEN_REQUIRES_ORIGINAL_SOURCE	Name-pattern matching does not establish the ingredient-specific biological or formulation role. Inspect a preparation manual, original culture method, or direct utilization study.		false
data/ingredients/mapped/Malate.yaml	62a8259a7530c278262cde1b866c602f96c494a805488eb0e5d27ba49c6f5719	05797c833ce5f55a4f9deb8713e7b56bc9b4c8e4920aeed310903d0418be101f	MIM.assertion:9bec7d1cbe3de97ef71d35f820d7dde01a41fd4763c96620a4b84d94fe420b47	nutritional_roles	1	ENERGY_SOURCE	ENERGY_TEMPLATE	OPEN_REQUIRES_ORIGINAL_SOURCE	A generic energy-substrate template does not record a supporting organism, culture condition, or utilization experiment. Source-confirm this precise stereochemical and supplied form.		false
data/ingredients/mapped/Malonic_Acid.yaml	a08309fd1948fe27753d96d59f93b2ea1a8c0989617af864444715b0c2f95c14	df2072c00c03ccac74a186fad08ecce37b665354626058d581fd7b3f601cd30f	MIM.assertion:76751479d3de0e5fc53891dd1fd0a5a9823c5b66cc09ba8e63585e3a97eef6b7	nutritional_roles	0	CARBON_SOURCE	NAME_PATTERN	OPEN_REQUIRES_ORIGINAL_SOURCE	Name-pattern matching does not establish the ingredient-specific biological or formulation role. Inspect a preparation manual, original culture method, or direct utilization study.		false
data/ingredients/mapped/Malt_Extract.yaml	2cbfd104c89c82941634891cabea989fcd2657f66e9277dce9b069ece0743d24	df2072c00c03ccac74a186fad08ecce37b665354626058d581fd7b3f601cd30f	MIM.assertion:4fe39e7ef093053acd3ab8719cb717535f1b6da020cd7646d9f6e52aac7817e3	nutritional_roles	0	CARBON_SOURCE	NAME_PATTERN	OPEN_REQUIRES_ORIGINAL_SOURCE	Name-pattern matching does not establish the ingredient-specific biological or formulation role. Inspect a preparation manual, original culture method, or direct utilization study.		false
data/ingredients/mapped/Maltitol.yaml	b3ba89ed9afde915ca285d451fa5200a91371052134d6f75791184d7293a5163	4ea628be52149f9b81f39b2e78a409a172515bc4ad5c8e5c6fb4eba7014f1b6e	MIM.assertion:c471a26b5ff98f0402c4767abf3aa979ff923174ffce448614539820cfd648fa	nutritional_roles	0	CARBON_SOURCE	ANCESTRY	OPEN_REQUIRES_ORIGINAL_SOURCE	Ontology ancestry identifies a chemical class or general chemical role; it does not establish the media-use or organism-specific nutritional claim. Inspect the actual lineage and source-context role evidence.		false
data/ingredients/mapped/Maltodextrin.yaml	0dd1be3b08fab491189a693781600195c8854e04b8b090eed69df17072c0ab5f	4ea628be52149f9b81f39b2e78a409a172515bc4ad5c8e5c6fb4eba7014f1b6e	MIM.assertion:37c4069c0b0e722f0c35e1b4f8da9e6e3eedf47f0901a6eb2ef0bb496bb4ebb2	nutritional_roles	0	CARBON_SOURCE	ANCESTRY	OPEN_REQUIRES_ORIGINAL_SOURCE	Ontology ancestry identifies a chemical class or general chemical role; it does not establish the media-use or organism-specific nutritional claim. Inspect the actual lineage and source-context role evidence.		false
data/ingredients/mapped/Maltohexaose.yaml	48c3e3879cf58700589fcc96f8430388714905cb3280db1450585db29868bc4d	4ea628be52149f9b81f39b2e78a409a172515bc4ad5c8e5c6fb4eba7014f1b6e	MIM.assertion:025f80902b32137229a8872324d914f5bd7557d56a869ee0e24d941edb4b6ab5	nutritional_roles	0	CARBON_SOURCE	ANCESTRY	OPEN_REQUIRES_ORIGINAL_SOURCE	Ontology ancestry identifies a chemical class or general chemical role; it does not establish the media-use or organism-specific nutritional claim. Inspect the actual lineage and source-context role evidence.		false
data/ingredients/mapped/Maltose.yaml	d57baa8b44a5e79c14f2f31e9571a9d51fda170e95dce58ab46d1e0114b783d1	05797c833ce5f55a4f9deb8713e7b56bc9b4c8e4920aeed310903d0418be101f	MIM.assertion:3c90505584f0ef85eef804248e94eede27be33ea1ee08dbdde94b41d5765e7d5	nutritional_roles	1	ENERGY_SOURCE	ENERGY_TEMPLATE	OPEN_REQUIRES_ORIGINAL_SOURCE	A generic energy-substrate template does not record a supporting organism, culture condition, or utilization experiment. Source-confirm this precise stereochemical and supplied form.		false
data/ingredients/mapped/Maltotetraose.yaml	12efc29a4e7f4c8c71b097142f46ee3a26cf206abbd386d102f1865d6a8964b6	4ea628be52149f9b81f39b2e78a409a172515bc4ad5c8e5c6fb4eba7014f1b6e	MIM.assertion:d017933fdb461c2227f05519c49dc70409768d3fc323ba25c65166746df99faf	nutritional_roles	0	CARBON_SOURCE	ANCESTRY	OPEN_REQUIRES_ORIGINAL_SOURCE	Ontology ancestry identifies a chemical class or general chemical role; it does not establish the media-use or organism-specific nutritional claim. Inspect the actual lineage and source-context role evidence.		false
data/ingredients/mapped/Maltotriose_Hydrate.yaml	797f7b0dc1115a79841809fa353ed0ef1a3ff8390560d0f28ca989fac20f76f2	df2072c00c03ccac74a186fad08ecce37b665354626058d581fd7b3f601cd30f	MIM.assertion:d2320aedea213d052d11e56f9ebb349cdc2c35f8658726a5fb99272866836e19	nutritional_roles	0	CARBON_SOURCE	NAME_PATTERN	OPEN_REQUIRES_ORIGINAL_SOURCE	Name-pattern matching does not establish the ingredient-specific biological or formulation role. Inspect a preparation manual, original culture method, or direct utilization study.		false
data/ingredients/mapped/Mannan_From_Saccharomyces_Cerevisiae.yaml	d207aa565406598234d8b79a8de8e92643e65d029caf513a1f760d72f3b3ad7f	df2072c00c03ccac74a186fad08ecce37b665354626058d581fd7b3f601cd30f	MIM.assertion:8f29979625c498a2de3b923f8c0cc33e803fc1a4953cbcb7e171de4ad8c68ebc	nutritional_roles	0	CARBON_SOURCE	NAME_PATTERN	OPEN_REQUIRES_ORIGINAL_SOURCE	Name-pattern matching does not establish the ingredient-specific biological or formulation role. Inspect a preparation manual, original culture method, or direct utilization study.		false
data/ingredients/mapped/Mannobiose.yaml	2d7fd25504bca0332ad4af70c790733b1158548f7896dba37892f98d05a9ab6f	4ea628be52149f9b81f39b2e78a409a172515bc4ad5c8e5c6fb4eba7014f1b6e	MIM.assertion:87fdc103f5df555d7a2f46092e0b53573bf8e92355f6930eaf840967cac81547	nutritional_roles	0	CARBON_SOURCE	ANCESTRY	OPEN_REQUIRES_ORIGINAL_SOURCE	Ontology ancestry identifies a chemical class or general chemical role; it does not establish the media-use or organism-specific nutritional claim. Inspect the actual lineage and source-context role evidence.		false
data/ingredients/mapped/Mannose-6-Phosphate.yaml	ba93ffc65cac2dcd83d8852d4d805c249f5c4be37beb789599fd93ba76dc9415	df2072c00c03ccac74a186fad08ecce37b665354626058d581fd7b3f601cd30f	MIM.assertion:7877ed5e88eaf8eb958b01c40746fbde466f3a16f38f0c4bf481dc05c65aecba	nutritional_roles	0	CARBON_SOURCE	NAME_PATTERN	OPEN_REQUIRES_ORIGINAL_SOURCE	Name-pattern matching does not establish the ingredient-specific biological or formulation role. Inspect a preparation manual, original culture method, or direct utilization study.		false
data/ingredients/mapped/Mannotriose.yaml	3eb38ff81685f39d98c1454c69438389ca5fbefb3843e1811b6f4633f2b92b66	4ea628be52149f9b81f39b2e78a409a172515bc4ad5c8e5c6fb4eba7014f1b6e	MIM.assertion:c723b6c04b25f5347eabab733835f9c2b1cefef66c72c91349d3b4bf76e11518	nutritional_roles	0	CARBON_SOURCE	ANCESTRY	OPEN_REQUIRES_ORIGINAL_SOURCE	Ontology ancestry identifies a chemical class or general chemical role; it does not establish the media-use or organism-specific nutritional claim. Inspect the actual lineage and source-context role evidence.		false
data/ingredients/mapped/Meat_Extract.yaml	d5865b8096c2ef24bf18ed5f79f61982f25853d18195f5e141dc9d29bd930537	7fbde1a92491632faf80d3bf87c4cab5bf4e772e70454374b86dd833f81f0ae8	MIM.assertion:c900d412966f1cd972944f090e2f7387850300d941b496c34de7645c3d9fd3c2	nutritional_roles	0	PROTEIN_SOURCE	NAME_PATTERN	OPEN_REQUIRES_ORIGINAL_SOURCE	Name-pattern matching does not establish the ingredient-specific biological or formulation role. Inspect a preparation manual, original culture method, or direct utilization study.		false
data/ingredients/mapped/Meat_peptone.yaml	7156098dfa9cfb64185d3d9d27d8e3e150ba1440fee24438ac6192726438c966	7fbde1a92491632faf80d3bf87c4cab5bf4e772e70454374b86dd833f81f0ae8	MIM.assertion:c30a24f9c73b06a33ec0b9e5a07b8758ea414059586ce4cabd0c6d8926e25c0c	nutritional_roles	0	PROTEIN_SOURCE	NAME_PATTERN	OPEN_REQUIRES_ORIGINAL_SOURCE	Name-pattern matching does not establish the ingredient-specific biological or formulation role. Inspect a preparation manual, original culture method, or direct utilization study.		false
data/ingredients/mapped/Menadione_Sodium_Bisulfate.yaml	10c7e15f9ad2d13812ea88958cc3783e458858657d787174e18d20b8689f2310	586a11e57ecf2eb1b36dbe62db7838c2787da19292dbb0c8a15e9944b2a97610	MIM.assertion:a0ce74593f57534833e627a3a8574fb5e842cad12d2df3b45b3492fd17a25173	nutritional_roles	0	VITAMIN_SOURCE	NAME_PATTERN	OPEN_REQUIRES_ORIGINAL_SOURCE	Name-pattern matching does not establish the ingredient-specific biological or formulation role. Inspect a preparation manual, original culture method, or direct utilization study.		false
data/ingredients/mapped/Meropenem.yaml	0671ff83f0965ce8731e1e98dd382c5c19cb6d4f43f12aac9d0dd9ed421c0b6b	f8022e7f4b0dc2d5ac8bfee6907fef9eff7506632cd4a11eac620af6777da28b	MIM.assertion:8cda51bfcf8c6ccf58edf07efb075897e8dd9b524490061ffd6983e002284eeb	physicochemical_roles	0	SELECTIVE_AGENT	NAME_PATTERN	OPEN_REQUIRES_ORIGINAL_SOURCE	Name-pattern matching does not establish the ingredient-specific biological or formulation role. Inspect a preparation manual, original culture method, or direct utilization study.		false
data/ingredients/mapped/Meso-Erythritol.yaml	cc8547976e178be1b3538d6154b867a287e1f6c7e30bcdca91f5f83f2cbfb612	4ea628be52149f9b81f39b2e78a409a172515bc4ad5c8e5c6fb4eba7014f1b6e	MIM.assertion:addc7a2da475aa37fb0e430b7096e860aeffa2717492aaff44e892dce8f02dca	nutritional_roles	0	CARBON_SOURCE	ANCESTRY	OPEN_REQUIRES_ORIGINAL_SOURCE	Ontology ancestry identifies a chemical class or general chemical role; it does not establish the media-use or organism-specific nutritional claim. Inspect the actual lineage and source-context role evidence.		false
data/ingredients/mapped/Methylene_Blue.yaml	183a12717e7501d1dfeec554635d73ab1bdd1084724763c92b74fc9fc4faee67	0259562ca6ce2cbda3070b3f0bf0da8b647c21331f7bf54eda3bebe3bebe9688	MIM.assertion:dce8d675f78d5ccdd2dc10592d2c18b4d1d1b23e0c7835b56bfbb25abc3edca7	physicochemical_roles	0	REDOX_INDICATOR	LLM_PREDICTION	OPEN_REQUIRES_ORIGINAL_SOURCE	Uncited in-session reasoning supplies no independent observation. Obtain a source supporting the exact role for the specified ingredient.		false
data/ingredients/mapped/Metronidazole.yaml	1dd96509e80394fc2441f870484b77248896037f9cecedfa2c78eed54bc8c47f	f8022e7f4b0dc2d5ac8bfee6907fef9eff7506632cd4a11eac620af6777da28b	MIM.assertion:86b28ea86cf109ec3b932c55132541d358cbde12ac5ffe4b800abdeaff53751c	physicochemical_roles	0	SELECTIVE_AGENT	NAME_PATTERN	OPEN_REQUIRES_ORIGINAL_SOURCE	Name-pattern matching does not establish the ingredient-specific biological or formulation role. Inspect a preparation manual, original culture method, or direct utilization study.		false
data/ingredients/mapped/Mgcl2_X_2_H2o.yaml	2d0d4172d38d9ed333d812ef78b4c5846a0faeaa480494b183b09162d9434f73	b31e9e7963ecdca46086f43ab392ba935809bea05ef871787fdcc8faca7bf109	MIM.assertion:71b8b56def9e893abda4afd84cefd5d7ac925fb139b9395d3fb3f1ec25351dee	nutritional_roles	0	MINERAL_SOURCE	NAME_PATTERN	OPEN_REQUIRES_ORIGINAL_SOURCE	Name-pattern matching does not establish the ingredient-specific biological or formulation role. Inspect a preparation manual, original culture method, or direct utilization study.		false
data/ingredients/mapped/Mgcl2_X_7_H2o.yaml	b7be6c96f9c0db49038f31d4186149cff28469ccdc95c4ddd85dcc38279689cf	b31e9e7963ecdca46086f43ab392ba935809bea05ef871787fdcc8faca7bf109	MIM.assertion:f1bc9b700ba52db0b970d9cadb2daf3b9e6c754d11847f96879b9ba187ef03c6	nutritional_roles	0	MINERAL_SOURCE	NAME_PATTERN	OPEN_REQUIRES_ORIGINAL_SOURCE	Name-pattern matching does not establish the ingredient-specific biological or formulation role. Inspect a preparation manual, original culture method, or direct utilization study.		false
data/ingredients/mapped/Mgcl2_X_H2o.yaml	ce838f81f3ddd12c34d785682ba224c470f2b38be4d6e7a3695eb1cd686381bd	b31e9e7963ecdca46086f43ab392ba935809bea05ef871787fdcc8faca7bf109	MIM.assertion:dfad31806aa838c213523643c59377e92f09e2a1b4b0d451cd0818b193a1827f	nutritional_roles	0	MINERAL_SOURCE	NAME_PATTERN	OPEN_REQUIRES_ORIGINAL_SOURCE	Name-pattern matching does not establish the ingredient-specific biological or formulation role. Inspect a preparation manual, original culture method, or direct utilization study.		false
data/ingredients/mapped/Mgso4_X_6_H2o.yaml	347eb18793402da271f86c5698703d613d343a34f43b23d443f0d0c3b5224134	ace986d23c3b650235809b92bdcb7f2d3155ced670772cbc63e2b373b1187b28	MIM.assertion:ad3c6b146d674a0427d61cdcee40ac1ed6a9b45376f264ccc8b62c9aacb82419	nutritional_roles	1	MINERAL_SOURCE	EMPTY	OPEN_REQUIRES_ORIGINAL_SOURCE	The evidence list is empty. Establish the mineral nutrient role in a source-defined preparation without treating elemental composition alone as demonstrated nutritional use.		false
data/ingredients/mapped/Mgso4_X_7_H2o.yaml	46c1e03a01433eac55c7a4198265a42675f84d7530b3a21f5e6d631de371a33e	ace986d23c3b650235809b92bdcb7f2d3155ced670772cbc63e2b373b1187b28	MIM.assertion:1be9c4f922e2c580304650036130388632042ca9c03d9c095706a53cd9605ab8	nutritional_roles	1	MINERAL_SOURCE	EMPTY	OPEN_REQUIRES_ORIGINAL_SOURCE	The evidence list is empty. Establish the mineral nutrient role in a source-defined preparation without treating elemental composition alone as demonstrated nutritional use.		false
data/ingredients/mapped/Mgso4h2o.yaml	7c5c152a51c5769d7acbeacf97f2f3ac23bf9217dd12787b658039ea38207585	ace986d23c3b650235809b92bdcb7f2d3155ced670772cbc63e2b373b1187b28	MIM.assertion:15e6d09ba3d45e7327e037dc70cf73e5db67cb32d4c4b0148d8d9bf1e51e6976	nutritional_roles	1	MINERAL_SOURCE	EMPTY	OPEN_REQUIRES_ORIGINAL_SOURCE	The evidence list is empty. Establish the mineral nutrient role in a source-defined preparation without treating elemental composition alone as demonstrated nutritional use.		false
data/ingredients/mapped/Miharamycin_A.yaml	9da28ac8f61118505804527e5adcdad722250bb8e6ea5b693bf5de6b9c3a5ce1	f8022e7f4b0dc2d5ac8bfee6907fef9eff7506632cd4a11eac620af6777da28b	MIM.assertion:3b029693fbdcc84b2e3322e739eb4fab21be572c72e5500929c67cc35da905c3	physicochemical_roles	0	SELECTIVE_AGENT	NAME_PATTERN	OPEN_REQUIRES_ORIGINAL_SOURCE	Name-pattern matching does not establish the ingredient-specific biological or formulation role. Inspect a preparation manual, original culture method, or direct utilization study.		false
data/ingredients/mapped/Minimycin.yaml	857ec90fed87899c378003c3165e9fedc423b7a4872d01c725a11510012b64db	f8022e7f4b0dc2d5ac8bfee6907fef9eff7506632cd4a11eac620af6777da28b	MIM.assertion:82ad0c3f0c539c72e95e4306e59634b09413f81155b456c1d57346b5909a5c50	physicochemical_roles	0	SELECTIVE_AGENT	NAME_PATTERN	OPEN_REQUIRES_ORIGINAL_SOURCE	Name-pattern matching does not establish the ingredient-specific biological or formulation role. Inspect a preparation manual, original culture method, or direct utilization study.		false
data/ingredients/mapped/Minocycline_Hydrochloride.yaml	4e87d039812a19492b53081c91fe382aed066801dd5c9292fc699b02ad809613	f8022e7f4b0dc2d5ac8bfee6907fef9eff7506632cd4a11eac620af6777da28b	MIM.assertion:d3bbffceeb5764d9a735890e267e3cf07d233158d08cf7b0ec6b1db3d20e1972	physicochemical_roles	0	SELECTIVE_AGENT	NAME_PATTERN	OPEN_REQUIRES_ORIGINAL_SOURCE	Name-pattern matching does not establish the ingredient-specific biological or formulation role. Inspect a preparation manual, original culture method, or direct utilization study.		false
data/ingredients/mapped/Mitomycin_C.yaml	efd94ab947d64c154e64730cf49ccdc118aae4bd043af4d384423cfbc69ba361	f8022e7f4b0dc2d5ac8bfee6907fef9eff7506632cd4a11eac620af6777da28b	MIM.assertion:b5045cac0166039ca4629440fa8122a41b45042acfaaf06bd2474f925c375a78	physicochemical_roles	0	SELECTIVE_AGENT	NAME_PATTERN	OPEN_REQUIRES_ORIGINAL_SOURCE	Name-pattern matching does not establish the ingredient-specific biological or formulation role. Inspect a preparation manual, original culture method, or direct utilization study.		false
data/ingredients/mapped/Mncl2.yaml	6efc4b6c0a60c00984eaa246754ca7174940c98a59e3f483cd42a2cabcd26a0e	4887eaa3ca0939e5a2422fa0757cc61c8c4d5c2ec6119ded3a43ae4a1acb2a93	MIM.assertion:c49bfb2de961ec8066e59215843aea6a7838a33eaf4e32ed632a8f40d556103c	nutritional_roles	0	TRACE_ELEMENT	NAME_PATTERN	OPEN_REQUIRES_ORIGINAL_SOURCE	Name-pattern matching does not establish the ingredient-specific biological or formulation role. Inspect a preparation manual, original culture method, or direct utilization study.		false
data/ingredients/mapped/Mncl2_X_2_H2o.yaml	9e38605be2e4e3efd447015efb67703002c295e408467e81fa66e9f224e1ff7b	4887eaa3ca0939e5a2422fa0757cc61c8c4d5c2ec6119ded3a43ae4a1acb2a93	MIM.assertion:52c615969d6d2879f0a5f80ea15d49b796cf4f84b3da7243aecbe36a2e9798bb	nutritional_roles	0	TRACE_ELEMENT	NAME_PATTERN	OPEN_REQUIRES_ORIGINAL_SOURCE	Name-pattern matching does not establish the ingredient-specific biological or formulation role. Inspect a preparation manual, original culture method, or direct utilization study.		false
data/ingredients/mapped/Mncl2_X_4_H2o.yaml	ce248133b8c5721210c39858ac9b659912dd4ab067bd77d6fb95b5fcdf69cf0a	4887eaa3ca0939e5a2422fa0757cc61c8c4d5c2ec6119ded3a43ae4a1acb2a93	MIM.assertion:b81271d573502c331a14d4c840c47067c1388bd11415398078951db7eb0963f9	nutritional_roles	0	TRACE_ELEMENT	NAME_PATTERN	OPEN_REQUIRES_ORIGINAL_SOURCE	Name-pattern matching does not establish the ingredient-specific biological or formulation role. Inspect a preparation manual, original culture method, or direct utilization study.		false
data/ingredients/mapped/Mnso4_X_2_H2o.yaml	d04fb330a92fadc0116466870120fa51aae3d80a5bee1d1499c1c594dbe0c10d	4887eaa3ca0939e5a2422fa0757cc61c8c4d5c2ec6119ded3a43ae4a1acb2a93	MIM.assertion:d5d26c23f26d6a384242428eccd13142287fbebbb17f12705d89520fe07b2958	nutritional_roles	0	TRACE_ELEMENT	NAME_PATTERN	OPEN_REQUIRES_ORIGINAL_SOURCE	Name-pattern matching does not establish the ingredient-specific biological or formulation role. Inspect a preparation manual, original culture method, or direct utilization study.		false
data/ingredients/mapped/Mnso4_X_6_H2o.yaml	e00b6076b000228711864f2a5c8f2152a7a87434269b1d85b5adcbc855936c54	4887eaa3ca0939e5a2422fa0757cc61c8c4d5c2ec6119ded3a43ae4a1acb2a93	MIM.assertion:e920571235c3455e76299f380c1520936d3ac99d04c4df4a764183fd09f8aa0f	nutritional_roles	0	TRACE_ELEMENT	NAME_PATTERN	OPEN_REQUIRES_ORIGINAL_SOURCE	Name-pattern matching does not establish the ingredient-specific biological or formulation role. Inspect a preparation manual, original culture method, or direct utilization study.		false
data/ingredients/mapped/Mnso4_X_7_H2o.yaml	16fbe26057f3eb769a2054daa6aa374c72af193ac29382246cf26a7eaaaba852	4887eaa3ca0939e5a2422fa0757cc61c8c4d5c2ec6119ded3a43ae4a1acb2a93	MIM.assertion:32643b7f8695e8109dc98ba69fb22b558fb42a902be1be2b4639173536171a28	nutritional_roles	0	TRACE_ELEMENT	NAME_PATTERN	OPEN_REQUIRES_ORIGINAL_SOURCE	Name-pattern matching does not establish the ingredient-specific biological or formulation role. Inspect a preparation manual, original culture method, or direct utilization study.		false
data/ingredients/mapped/Monazomycin.yaml	0ae8edab02ba6f30355561fabbb70389ce65a2678cd46abba8b60c03f00a2054	f8022e7f4b0dc2d5ac8bfee6907fef9eff7506632cd4a11eac620af6777da28b	MIM.assertion:072ec4ced654869f70f5fa9c5193f0bb475524aa8cd1aad8eb9ad6607483eb0d	physicochemical_roles	0	SELECTIVE_AGENT	NAME_PATTERN	OPEN_REQUIRES_ORIGINAL_SOURCE	Name-pattern matching does not establish the ingredient-specific biological or formulation role. Inspect a preparation manual, original culture method, or direct utilization study.		false
data/ingredients/mapped/Moxifloxacin.yaml	102b896759a66f9ce02ea5cb5ddb2a448411a2d15fd16852c279a56338adea6d	f8022e7f4b0dc2d5ac8bfee6907fef9eff7506632cd4a11eac620af6777da28b	MIM.assertion:78cd4f454928e4d813e1bb645056e8980fcaeec72b13a20edf3eb1f4811f27a8	physicochemical_roles	0	SELECTIVE_AGENT	NAME_PATTERN	OPEN_REQUIRES_ORIGINAL_SOURCE	Name-pattern matching does not establish the ingredient-specific biological or formulation role. Inspect a preparation manual, original culture method, or direct utilization study.		false
data/ingredients/mapped/Mucic_Acid.yaml	5ed2249fa38a985f17cf46ca08f21e852f2e569e0450ff2db9da7b4996682ffc	4ea628be52149f9b81f39b2e78a409a172515bc4ad5c8e5c6fb4eba7014f1b6e	MIM.assertion:38bfa0faa8689c2dcfa301cd51fc855460bf96d1ba31093231f227105b5e3796	nutritional_roles	0	CARBON_SOURCE	ANCESTRY	OPEN_REQUIRES_ORIGINAL_SOURCE	Ontology ancestry identifies a chemical class or general chemical role; it does not establish the media-use or organism-specific nutritional claim. Inspect the actual lineage and source-context role evidence.		false
data/ingredients/mapped/Myo-inositol.yaml	4a6051984c639318d27bcee942175994e2f3f40beff5483130a4c17a9f5e3d53	586a11e57ecf2eb1b36dbe62db7838c2787da19292dbb0c8a15e9944b2a97610	MIM.assertion:d36a08881626a2c827992746aaf3e7e5fea10e8f9de2ac62dc40e6a737bab7f7	nutritional_roles	0	VITAMIN_SOURCE	NAME_PATTERN	OPEN_REQUIRES_ORIGINAL_SOURCE	Name-pattern matching does not establish the ingredient-specific biological or formulation role. Inspect a preparation manual, original culture method, or direct utilization study.		false
data/ingredients/mapped/N-N_Dimethyl_Glycine.yaml	655c98f17fd6ca7a227d3cb46ae70f80b4b74d84e8bce470f9bb6533b034f5b1	7d31b5bc3b31af72e9763c0dced0805a7e6435f4c0a8f0027fd68740f6d7fe14	MIM.assertion:f9fc6723b3e97cc0646642e6c1ac18a670e5602e8aaa899e844c8dbba1dd7fa6	nutritional_roles	0	AMINO_ACID_SOURCE	ANCESTRY	OPEN_REQUIRES_ORIGINAL_SOURCE	Ontology ancestry identifies a chemical class or general chemical role; it does not establish the media-use or organism-specific nutritional claim. Inspect the actual lineage and source-context role evidence.		false
data/ingredients/mapped/N-_2-acetamido-2-aminoethanesulfonic_Acid.yaml	b3cc5464f6b134d56515742839e1680ad3adbbc9cc0d43e1821fd388a1a06d41	a2df7ea0ff32809b230bf3b3c0dc438defadee2f7d78fa35cc1a4da3287505f6	MIM.assertion:04ac5ed4f299f73505401e0b46a3199eb020e01c34d89a8f9edf626646e2ce02	physicochemical_roles	0	BUFFER	ANCESTRY	OPEN_REQUIRES_ORIGINAL_SOURCE	Ontology ancestry identifies a chemical class or general chemical role; it does not establish the media-use or organism-specific nutritional claim. Inspect the actual lineage and source-context role evidence.		false
data/ingredients/mapped/Na-3-hydroxybutyrate.yaml	70728a9b622ea0fa1025f6f69862e7e9f83bd2cfe25613666ad8f3d05331bfdb	df2072c00c03ccac74a186fad08ecce37b665354626058d581fd7b3f601cd30f	MIM.assertion:d9a2634b3ba7d2dbb09251cbadf180eff50ddd7361bfadccdfc9db75133481a3	nutritional_roles	0	CARBON_SOURCE	NAME_PATTERN	OPEN_REQUIRES_ORIGINAL_SOURCE	Name-pattern matching does not establish the ingredient-specific biological or formulation role. Inspect a preparation manual, original culture method, or direct utilization study.		false
data/ingredients/mapped/Na-ampicillin.yaml	def2647ee221c1256dbdd1cc95b2cfc5f05fb13f4fdd4250d471dfe94edc4ec2	f8022e7f4b0dc2d5ac8bfee6907fef9eff7506632cd4a11eac620af6777da28b	MIM.assertion:dd7efdf5db1516f4a3d6d28704351151892ee7660b35ccefc5d78c286a7316da	physicochemical_roles	0	SELECTIVE_AGENT	NAME_PATTERN	OPEN_REQUIRES_ORIGINAL_SOURCE	Name-pattern matching does not establish the ingredient-specific biological or formulation role. Inspect a preparation manual, original culture method, or direct utilization study.		false
data/ingredients/mapped/Na-ascorbate.yaml	0783f68dffa179a9579250d7f8a131a96781f2189f4672b63c2408cc07ea7c5e	918bac91021e5325378db6c9197e2049db1e9666b75775490a91df6567ef66da	MIM.assertion:de70ffbf0d08a95794a3d58611c846a776dfe32270b954e6bb925e05bff39320	nutritional_roles	0	VITAMIN_SOURCE	ANCESTRY	OPEN_REQUIRES_ORIGINAL_SOURCE	Ontology ancestry identifies a chemical class or general chemical role; it does not establish the media-use or organism-specific nutritional claim. Inspect the actual lineage and source-context role evidence.		false
data/ingredients/mapped/Na-benzoate.yaml	efeb30f2a87c84be383f750cc18a7dc6d544b1add6841e831bf72f19fa5f9464	e59eee7cf5387857dcf375c761bc4588088393fe88064c16b7be945209733418	MIM.assertion:c20e76f88758e0ba159864c0f90801c78b962a79f9bd189fdc03afbb50bff35e	nutritional_roles	0	CARBON_SOURCE	LLM_PREDICTION	OPEN_REQUIRES_ORIGINAL_SOURCE	Uncited in-session reasoning supplies no independent observation. Obtain a source supporting the exact role for the specified ingredient.		false
data/ingredients/mapped/Na-butyrate.yaml	449afed4f762a76adcda0f2dbfd14844f8726ef4bc1f579dfb2135b495f0e2fb	df2072c00c03ccac74a186fad08ecce37b665354626058d581fd7b3f601cd30f	MIM.assertion:f5c72249c7f1822dbf1fa53dca82f54aa7bdd76f50d865631231121548bd9e0e	nutritional_roles	0	CARBON_SOURCE	NAME_PATTERN	OPEN_REQUIRES_ORIGINAL_SOURCE	Name-pattern matching does not establish the ingredient-specific biological or formulation role. Inspect a preparation manual, original culture method, or direct utilization study.		false
data/ingredients/mapped/Na-butyrate.yaml	449afed4f762a76adcda0f2dbfd14844f8726ef4bc1f579dfb2135b495f0e2fb	05797c833ce5f55a4f9deb8713e7b56bc9b4c8e4920aeed310903d0418be101f	MIM.assertion:3294cd7902114cb57d562eb779abd163d8d2dbc9930ae7841d7c10a8526463a3	nutritional_roles	1	ENERGY_SOURCE	ENERGY_TEMPLATE	OPEN_REQUIRES_ORIGINAL_SOURCE	A generic energy-substrate template does not record a supporting organism, culture condition, or utilization experiment. Source-confirm this precise stereochemical and supplied form.		false
data/ingredients/mapped/Na-caproate.yaml	870041a253a626e5a82110191012c81539c524557e6f879321a3fe4acad3d586	df2072c00c03ccac74a186fad08ecce37b665354626058d581fd7b3f601cd30f	MIM.assertion:cd4ce3a9fcadfae63fa6a8506c70891818825417622ba2441e7cd525a5cd2c96	nutritional_roles	0	CARBON_SOURCE	NAME_PATTERN	OPEN_REQUIRES_ORIGINAL_SOURCE	Name-pattern matching does not establish the ingredient-specific biological or formulation role. Inspect a preparation manual, original culture method, or direct utilization study.		false
data/ingredients/mapped/Na-crotonate.yaml	580f37f396dd35e23abe7f215a7752f2fb956613982e33f029e2c7151ff0bc41	e59eee7cf5387857dcf375c761bc4588088393fe88064c16b7be945209733418	MIM.assertion:a41f7a8dafdda77eb727b980e9a828d2f54d62cbea670f620321da8d228a8136	nutritional_roles	0	CARBON_SOURCE	LLM_PREDICTION	OPEN_REQUIRES_ORIGINAL_SOURCE	Uncited in-session reasoning supplies no independent observation. Obtain a source supporting the exact role for the specified ingredient.		false
data/ingredients/mapped/Na-formate.yaml	1f1bb01d1e00770e2c181db6586b8de70ffd53fab5027fe9cad9fca894a985b0	df2072c00c03ccac74a186fad08ecce37b665354626058d581fd7b3f601cd30f	MIM.assertion:4360fa69c188d3cef557331d6dbb5289b6f3ff06ac713937f4ea12d950a5e47e	nutritional_roles	0	CARBON_SOURCE	NAME_PATTERN	OPEN_REQUIRES_ORIGINAL_SOURCE	Name-pattern matching does not establish the ingredient-specific biological or formulation role. Inspect a preparation manual, original culture method, or direct utilization study.		false
data/ingredients/mapped/Na-formate.yaml	1f1bb01d1e00770e2c181db6586b8de70ffd53fab5027fe9cad9fca894a985b0	05797c833ce5f55a4f9deb8713e7b56bc9b4c8e4920aeed310903d0418be101f	MIM.assertion:22b6375cc94a9ce48bb082654f396c5c4ce53caa9931f599739ea579b95a5f37	nutritional_roles	1	ENERGY_SOURCE	ENERGY_TEMPLATE	OPEN_REQUIRES_ORIGINAL_SOURCE	A generic energy-substrate template does not record a supporting organism, culture condition, or utilization experiment. Source-confirm this precise stereochemical and supplied form.		false
data/ingredients/mapped/Na-l-lactate.yaml	afab98b9150569dee9477d0b2820884c470c1e0865460d00630bdb20d3e68031	05797c833ce5f55a4f9deb8713e7b56bc9b4c8e4920aeed310903d0418be101f	MIM.assertion:24d6ccd57e37e464032a08e4c35ef6bb6c288fcb9148bcb7106f3e4007b40cd8	nutritional_roles	1	ENERGY_SOURCE	ENERGY_TEMPLATE	OPEN_REQUIRES_ORIGINAL_SOURCE	A generic energy-substrate template does not record a supporting organism, culture condition, or utilization experiment. Source-confirm this precise stereochemical and supplied form.		false
data/ingredients/mapped/Na-laurate.yaml	abf19eab00ae7f4cbfc87e9584f177ff4c63b7ae0992b4c037ec12928edffd22	15642c0ff7088d75bc88144e153f7a5d62a83b6cf7cc8dfb9cf5f52576b84dd4	MIM.assertion:94abc11807691ffa9f8bf1df8ae9b5dd15b33aa4b43c841f7fb7c955a7cb57a1	physicochemical_roles	0	SURFACTANT	ANCESTRY	OPEN_REQUIRES_ORIGINAL_SOURCE	Ontology ancestry identifies a chemical class or general chemical role; it does not establish the media-use or organism-specific nutritional claim. Inspect the actual lineage and source-context role evidence.		false
data/ingredients/mapped/Na-propionate.yaml	e9cdae79b0b7e874f0ec9aa5fcd13b8149e3f6f56b200187124e23670eca4208	05797c833ce5f55a4f9deb8713e7b56bc9b4c8e4920aeed310903d0418be101f	MIM.assertion:38f7385735a6e3fe796535541136d60d13bfdfe5dff5d00c14361376bb2be94c	nutritional_roles	1	ENERGY_SOURCE	ENERGY_TEMPLATE	OPEN_REQUIRES_ORIGINAL_SOURCE	A generic energy-substrate template does not record a supporting organism, culture condition, or utilization experiment. Source-confirm this precise stereochemical and supplied form.		false
data/ingredients/mapped/Na-pyruvate.yaml	9d0af2a7f4568b68d50c3f766b255892f1e50cd1424236ab96447777ea8da4e4	05797c833ce5f55a4f9deb8713e7b56bc9b4c8e4920aeed310903d0418be101f	MIM.assertion:3b6d3de6153f069e7b67fca969d4adc1b7531566f929c6dc95b46ca95683dae2	nutritional_roles	1	ENERGY_SOURCE	ENERGY_TEMPLATE	OPEN_REQUIRES_ORIGINAL_SOURCE	A generic energy-substrate template does not record a supporting organism, culture condition, or utilization experiment. Source-confirm this precise stereochemical and supplied form.		false
data/ingredients/mapped/Na-stearate.yaml	51532547e6cc93a873def26898ab576bb34fafd988d3254f4a91b7fe810c558d	15642c0ff7088d75bc88144e153f7a5d62a83b6cf7cc8dfb9cf5f52576b84dd4	MIM.assertion:de1581a10080fbd7a74d8436113e5ef9d4d437a73d0e5862349ac10f3c7d2bfb	physicochemical_roles	0	SURFACTANT	ANCESTRY	OPEN_REQUIRES_ORIGINAL_SOURCE	Ontology ancestry identifies a chemical class or general chemical role; it does not establish the media-use or organism-specific nutritional claim. Inspect the actual lineage and source-context role evidence.		false
data/ingredients/mapped/Na-thioglycolate.yaml	e0bcb3157267205aea8d37c5a5b0f0321f4b5c332e579c35cf554f96c8a6a702	1ebc231952c7b26c84f5098a04ce280ae03d92c47ec1430a34eb139b88a5b9a2	MIM.assertion:d78fcd54e5dca333bb11c98cefaae20d4d5854b0c37023e83691dbcfb18cbac0	physicochemical_roles	0	REDUCING_AGENT	NAME_PATTERN	OPEN_REQUIRES_ORIGINAL_SOURCE	Name-pattern matching does not establish the ingredient-specific biological or formulation role. Inspect a preparation manual, original culture method, or direct utilization study.		false
data/ingredients/mapped/Na-vanillate.yaml	9ddd9edfd7d77a47df419c9239e9b99e99e24c41e9e8949a5ae65fde6afab385	e59eee7cf5387857dcf375c761bc4588088393fe88064c16b7be945209733418	MIM.assertion:435960a31eb00ce2ec402d9dab1e1dac7758b17c1d4411a80a3c7ed477f1983e	nutritional_roles	0	CARBON_SOURCE	LLM_PREDICTION	OPEN_REQUIRES_ORIGINAL_SOURCE	Uncited in-session reasoning supplies no independent observation. Obtain a source supporting the exact role for the specified ingredient.		false
data/ingredients/mapped/Na2-edta.yaml	7ac669135e2443456cf3256bb963d53935e7ce48f9d8878a65778162bf02d4c4	3d8527fd47d2c6fb6a7d20c22049bf31f64eb8fded6c364d6ad8e7a142016f95	MIM.assertion:b0b865737bad6c0ba7554a501c98c80965901ea5770def67040feb53d2dc8bf3	physicochemical_roles	0	CHELATOR	NAME_PATTERN	OPEN_REQUIRES_ORIGINAL_SOURCE	Name-pattern matching does not establish the ingredient-specific biological or formulation role. Inspect a preparation manual, original culture method, or direct utilization study.		false
data/ingredients/mapped/Na2-fumarate.yaml	db8152e7187f6a76224afea1dfa8ebc58aae54e8ea902d1e2d636507a4995ab5	df2072c00c03ccac74a186fad08ecce37b665354626058d581fd7b3f601cd30f	MIM.assertion:a765a7d5839ad7177db17fbad52e92734643e026ec42298822babfb7f79c3749	nutritional_roles	0	CARBON_SOURCE	NAME_PATTERN	OPEN_REQUIRES_ORIGINAL_SOURCE	Name-pattern matching does not establish the ingredient-specific biological or formulation role. Inspect a preparation manual, original culture method, or direct utilization study.		false
data/ingredients/mapped/Na2-fumarate.yaml	db8152e7187f6a76224afea1dfa8ebc58aae54e8ea902d1e2d636507a4995ab5	05797c833ce5f55a4f9deb8713e7b56bc9b4c8e4920aeed310903d0418be101f	MIM.assertion:8f032f32835b490063c500f23ce43f2dd0ca890f1a44631745b7371fe9ce1b8e	nutritional_roles	1	ENERGY_SOURCE	ENERGY_TEMPLATE	OPEN_REQUIRES_ORIGINAL_SOURCE	A generic energy-substrate template does not record a supporting organism, culture condition, or utilization experiment. Source-confirm this precise stereochemical and supplied form.		false
data/ingredients/mapped/Na2_Alpha-ketoglutarate.yaml	0ee10fb6f9aacd8905e6ef3a4fef393e3d294b12f5c593339a78e5797fe8a58d	df2072c00c03ccac74a186fad08ecce37b665354626058d581fd7b3f601cd30f	MIM.assertion:c4ff357f61ea6a7c9e26929f64123441bea62673e8af3c67c7e44f0e1eabf7d6	nutritional_roles	0	CARBON_SOURCE	NAME_PATTERN	OPEN_REQUIRES_ORIGINAL_SOURCE	Name-pattern matching does not establish the ingredient-specific biological or formulation role. Inspect a preparation manual, original culture method, or direct utilization study.		false
data/ingredients/mapped/Na2_Alpha-ketoglutarate.yaml	0ee10fb6f9aacd8905e6ef3a4fef393e3d294b12f5c593339a78e5797fe8a58d	05797c833ce5f55a4f9deb8713e7b56bc9b4c8e4920aeed310903d0418be101f	MIM.assertion:81f356eab3c550bb8d05b91c5e0424542030cd8f1d4ecc6a7d747751654fab47	nutritional_roles	1	ENERGY_SOURCE	ENERGY_TEMPLATE	OPEN_REQUIRES_ORIGINAL_SOURCE	A generic energy-substrate template does not record a supporting organism, culture condition, or utilization experiment. Source-confirm this precise stereochemical and supplied form.		false
data/ingredients/mapped/Na2b4o7_X_10_H2o.yaml	596380ddafeefb860cebe7e69d4ac6f336b93987ece57a2d005a86a2d6a29d09	a2df7ea0ff32809b230bf3b3c0dc438defadee2f7d78fa35cc1a4da3287505f6	MIM.assertion:3376b897b4dab19a6504f3a7858872d0dac7856bf0f349c6b969d1133efacb0e	physicochemical_roles	0	BUFFER	ANCESTRY	OPEN_REQUIRES_ORIGINAL_SOURCE	Ontology ancestry identifies a chemical class or general chemical role; it does not establish the media-use or organism-specific nutritional claim. Inspect the actual lineage and source-context role evidence.		false
data/ingredients/mapped/Na2edta2h2o.yaml	9941e9676116dc1b9686f3219372b319ffdc423e28274f700fd3fc16d2ba944d	6a341bc3251a64e58a46cdfa02fe2125b7ceb31fb3dd6c04b9ff4a4fc1046e33	MIM.assertion:5c3df3bcbbba0e1450e6428161c42da532ce5e5bff381fc909579168be122f1c	physicochemical_roles	0	CHELATOR	ANCESTRY	OPEN_REQUIRES_ORIGINAL_SOURCE	Ontology ancestry identifies a chemical class or general chemical role; it does not establish the media-use or organism-specific nutritional claim. Inspect the actual lineage and source-context role evidence.		false
data/ingredients/mapped/Na2hpo4.yaml	ae7db57bde47a3797858aa3d5b0ca8f64921a2d453645096233dab4012beb9d4	592ae8aa21a10ac056d06766057dd237bc1add8aab55c49fda1cea2a5601e6f3	MIM.assertion:08a7662741720e6a1bfa1c7da24bc2072707af1a3c1ce1519b4763a938c3fb94	physicochemical_roles	1	BUFFER	LLM_PREDICTION	OPEN_REQUIRES_ORIGINAL_SOURCE	Uncited in-session reasoning supplies no independent observation. Obtain a source supporting the exact role for the specified ingredient.		false
data/ingredients/mapped/Na2hpo4_X_6_H2o.yaml	e4a2756db9e7876f8766f868af533266acc86bd21db5c1d79559048c717acebf	592ae8aa21a10ac056d06766057dd237bc1add8aab55c49fda1cea2a5601e6f3	MIM.assertion:7ede0041d9ba7591ae0eff91b4e6489e4dfc1884bdc064afa225feb8e8c14664	physicochemical_roles	0	BUFFER	LLM_PREDICTION	OPEN_REQUIRES_ORIGINAL_SOURCE	Uncited in-session reasoning supplies no independent observation. Obtain a source supporting the exact role for the specified ingredient.		false
data/ingredients/mapped/Na2hpo4_X_7_H2o.yaml	479f15ecd212853202ba0a0c381cb9fa8f83f12900c3c7555f67b29661549b5b	592ae8aa21a10ac056d06766057dd237bc1add8aab55c49fda1cea2a5601e6f3	MIM.assertion:a73afd95575388c66df6f0bbb7ecaabb61c1e45c8e4d4b3cea64fd49e5a2b650	physicochemical_roles	0	BUFFER	LLM_PREDICTION	OPEN_REQUIRES_ORIGINAL_SOURCE	Uncited in-session reasoning supplies no independent observation. Obtain a source supporting the exact role for the specified ingredient.		false
data/ingredients/mapped/Na2moo4_X_7_H2o.yaml	c38475fd99369be070f4498f2fc6af0159695713a28ff1383a73e69d1e1fc6e8	4887eaa3ca0939e5a2422fa0757cc61c8c4d5c2ec6119ded3a43ae4a1acb2a93	MIM.assertion:0127b23a4dac71a3ae89b7f10a5b949aef737c9025a12e5f7e6c3278d7e21317	nutritional_roles	0	TRACE_ELEMENT	NAME_PATTERN	OPEN_REQUIRES_ORIGINAL_SOURCE	Name-pattern matching does not establish the ingredient-specific biological or formulation role. Inspect a preparation manual, original culture method, or direct utilization study.		false
data/ingredients/mapped/Na2s2o3.yaml	88426e1fdedd3e221a240192bba9ad651fe230d524665a0d2be9a6432a580626	533ac399c37e5522727529f0731bc65714eb1c2c7d27ee14999daf8395050977	MIM.assertion:4e82f6cb9084ae766e4b7ab447e4e3117c42e365bdda55a14dbc104a89bee4f2	cellular_metabolic_roles	0	ELECTRON_DONOR	LLM_PREDICTION	SUPPORTED_IN_STATED_CONTEXT	The culture method supplies 20 mM sodium thiosulfate and 20 mM sodium nitrate as donor and acceptor, respectively. Scope is limited to the studied organism and conditions.	https://pmc.ncbi.nlm.nih.gov/articles/PMC3382511/	true
data/ingredients/mapped/Na2s2o3_X_5_H2o.yaml	893ad85a605f904682d7a1c43db9726290c8bcee219a8e3fa7bc1b4e498b6c6e	533ac399c37e5522727529f0731bc65714eb1c2c7d27ee14999daf8395050977	MIM.assertion:f1b6719381e8ae3493c0b4e13893b1c36f385cc02867fb7e6db8539173029002	cellular_metabolic_roles	0	ELECTRON_DONOR	LLM_PREDICTION	SUPPORTED_IN_STATED_CONTEXT	The paper tests thiosulfate-fed cultures. Applying this role to dissolved sodium thiosulfate pentahydrate is a chemical inference about the supplied anion; the study does not establish a hydrate-specific growth comparison.	https://pmc.ncbi.nlm.nih.gov/articles/PMC5066360/	true
data/ingredients/mapped/Na2s2o5.yaml	329279f3d786978501b1b2dd7e670afb9d0a69ffb927eaf3c43a93579d819a83	c48255ba99114b148d3dec44c056e999e00c55bf3fd882144a72f3ac8f20c110	MIM.assertion:9662b845a4c036012e287ee5233f9efd862b4818e93af00d9c6c4971a4b7761e	physicochemical_roles	0	REDUCING_AGENT	LLM_PREDICTION	OPEN_REQUIRES_ORIGINAL_SOURCE	Uncited in-session reasoning supplies no independent observation. Obtain a source supporting the exact role for the specified ingredient.		false
data/ingredients/mapped/Na2so4.yaml	3186b66fee27399b950c491077056ea58c6352d12cecfd8358455abeb5137c07	ace986d23c3b650235809b92bdcb7f2d3155ced670772cbc63e2b373b1187b28	MIM.assertion:fa85ba28f7b6bb83a03d4a423cdbcbd57ce72bd991c67d9387b7ddafc2df8783	nutritional_roles	1	MINERAL_SOURCE	EMPTY	OPEN_REQUIRES_ORIGINAL_SOURCE	The evidence list is empty. Establish the mineral nutrient role in a source-defined preparation without treating elemental composition alone as demonstrated nutritional use.		false
data/ingredients/mapped/Na2so4_X_10_H2o.yaml	97b46a55099bdc697adf06c7eee543dd6eecae1391ef5d4425c4aa149a2f0816	2152dc2bf2d623f9fc8f18616db7709ad7dd500f416a63b0126ab236807ed4f6	MIM.assertion:78a91100e8f0ea853da37921b68f979b1436c2542bd30d24a7b6ae1b25ded134	nutritional_roles	0	SULFUR_SOURCE	NAME_PATTERN	OPEN_REQUIRES_ORIGINAL_SOURCE	Name-pattern matching does not establish the ingredient-specific biological or formulation role. Inspect a preparation manual, original culture method, or direct utilization study.		false
data/ingredients/mapped/Na2so4_X_10_H2o.yaml	97b46a55099bdc697adf06c7eee543dd6eecae1391ef5d4425c4aa149a2f0816	ace986d23c3b650235809b92bdcb7f2d3155ced670772cbc63e2b373b1187b28	MIM.assertion:b72b5247a40a8444b4be817bf2de6d3b9ff1dd80384ff7ad3f333d8b38cd327d	nutritional_roles	1	MINERAL_SOURCE	EMPTY	OPEN_REQUIRES_ORIGINAL_SOURCE	The evidence list is empty. Establish the mineral nutrient role in a source-defined preparation without treating elemental composition alone as demonstrated nutritional use.		false
data/ingredients/mapped/Na3-edta.yaml	ea8dbade6d6bfd0bbb478bd146a1266dbb2742c7d022a3de16904465ea73238a	3d8527fd47d2c6fb6a7d20c22049bf31f64eb8fded6c364d6ad8e7a142016f95	MIM.assertion:1a32162554650997c79022b2c4ac54cedbc40711e5b4cf2b03ef2b2504ee305a	physicochemical_roles	0	CHELATOR	NAME_PATTERN	OPEN_REQUIRES_ORIGINAL_SOURCE	Name-pattern matching does not establish the ingredient-specific biological or formulation role. Inspect a preparation manual, original culture method, or direct utilization study.		false
data/ingredients/mapped/Nafcillin_Sodium_Salt_Monohydrate.yaml	178567c5522304be923df860644a4d3d5db6d07be86831025144fcd0b18b9bb4	f8022e7f4b0dc2d5ac8bfee6907fef9eff7506632cd4a11eac620af6777da28b	MIM.assertion:43a98d810396e01953d06e9b2bf478973000e04bd612f9ca44ede00fc74c7e9a	physicochemical_roles	0	SELECTIVE_AGENT	NAME_PATTERN	OPEN_REQUIRES_ORIGINAL_SOURCE	Name-pattern matching does not establish the ingredient-specific biological or formulation role. Inspect a preparation manual, original culture method, or direct utilization study.		false
data/ingredients/mapped/Nahso3.yaml	6ba7bec792543bd48b08a5f1f132d0ffda156b637b2662e659a7805552eafb7c	c48255ba99114b148d3dec44c056e999e00c55bf3fd882144a72f3ac8f20c110	MIM.assertion:c6f52922478cff4e8aeeb5050d8260e2e12aed77fcfcf66536a409e1b89e53e5	physicochemical_roles	0	REDUCING_AGENT	LLM_PREDICTION	OPEN_REQUIRES_ORIGINAL_SOURCE	Uncited in-session reasoning supplies no independent observation. Obtain a source supporting the exact role for the specified ingredient.		false
data/ingredients/mapped/Nalidixic_Acid_Sodium_Salt.yaml	992b891547c7bc9767019f5bacbdd80c03d34413c418e907010dbba58d2308bd	f8022e7f4b0dc2d5ac8bfee6907fef9eff7506632cd4a11eac620af6777da28b	MIM.assertion:4647ce6d57f824632bc80194971eaabd8eb8ac89df8d2bef5612295a92d8d965	physicochemical_roles	0	SELECTIVE_AGENT	NAME_PATTERN	OPEN_REQUIRES_ORIGINAL_SOURCE	Name-pattern matching does not establish the ingredient-specific biological or formulation role. Inspect a preparation manual, original culture method, or direct utilization study.		false
data/ingredients/mapped/Neomycin.yaml	9ede796ea8d16fdaa88edcbedf5b8d9e912870df4bef09cc6a00f6ddfb32fb4e	f8022e7f4b0dc2d5ac8bfee6907fef9eff7506632cd4a11eac620af6777da28b	MIM.assertion:5dacda8795f37298c7eaf958d979f5700e7c9f7f61e7aabd205ebba78ec75d4b	physicochemical_roles	0	SELECTIVE_AGENT	NAME_PATTERN	OPEN_REQUIRES_ORIGINAL_SOURCE	Name-pattern matching does not establish the ingredient-specific biological or formulation role. Inspect a preparation manual, original culture method, or direct utilization study.		false
data/ingredients/mapped/Neomycin_Trisulfate_Salt_Hydrate.yaml	876380652f045ae42f54946f4e769cbeed9e65f065eab12acd77de386ebe00cf	f8022e7f4b0dc2d5ac8bfee6907fef9eff7506632cd4a11eac620af6777da28b	MIM.assertion:781b113871ee0278a557ad1707caa5f24f0b930d11c21428206ad0856037d7e9	physicochemical_roles	0	SELECTIVE_AGENT	NAME_PATTERN	OPEN_REQUIRES_ORIGINAL_SOURCE	Name-pattern matching does not establish the ingredient-specific biological or formulation role. Inspect a preparation manual, original culture method, or direct utilization study.		false
data/ingredients/mapped/Nh4-oxalate.yaml	3de7f672a69bd4971d23f8b7dd45e730ae5d56cdf7927cd6e4733c984aebb83f	7c992a69daf1ed4adf50d5e9391fe00df79a26a753b3415a27988254701f4b0f	MIM.assertion:c1997d83cfecc0d472c42e09f6bfb6800808dc289e59c713c51ad091d4507c1f	nutritional_roles	0	NITROGEN_SOURCE	LLM_PREDICTION	OPEN_REQUIRES_ORIGINAL_SOURCE	Uncited in-session reasoning supplies no independent observation. Obtain a source supporting the exact role for the specified ingredient.		false
data/ingredients/mapped/Nh42_Citrate.yaml	d2bbc9a5b4f1ecdcd22d4cd2bdba3de75492c1fad9ebc9bdc179c7327bb295cc	7c992a69daf1ed4adf50d5e9391fe00df79a26a753b3415a27988254701f4b0f	MIM.assertion:94dccf0f677a520f554f216203ac39639f4f6e588cb9b2513dae9bd833e0e593	nutritional_roles	0	NITROGEN_SOURCE	LLM_PREDICTION	OPEN_REQUIRES_ORIGINAL_SOURCE	Uncited in-session reasoning supplies no independent observation. Obtain a source supporting the exact role for the specified ingredient.		false
data/ingredients/mapped/Nh42ni_So42.yaml	3f2bbdbc092c00cfe0b0d1b82996dc7825db1c13b2f11477ea1da7bd56d3474a	bd2e2b4f6e9ac2aab180a7d3f143fa9bb9f71a8140db8da2244c0efb52e3877e	MIM.assertion:29d0e20e92e433c80bb55b88eb108088d7fc26f3eabf579b3bbb696d874b334c	nutritional_roles	0	TRACE_ELEMENT	LLM_PREDICTION	OPEN_REQUIRES_ORIGINAL_SOURCE	Uncited in-session reasoning supplies no independent observation. Obtain a source supporting the exact role for the specified ingredient.		false
data/ingredients/mapped/Nh4cl.yaml	09ad79726fc72a15889d262d23b4874b3dad49c33df579e50239aab2e2b2dd09	79a80d210fadd14cd4cc24f388faa2e90f010feb2bbdbc50d68af5e66245988b	MIM.assertion:519a7422aeb55db557ab5f5a0e13a29e5fa712e92a5e059eff44fc634399fced	nutritional_roles	1	NITROGEN_SOURCE	ANCESTRY	OPEN_REQUIRES_ORIGINAL_SOURCE	Ontology ancestry identifies a chemical class or general chemical role; it does not establish the media-use or organism-specific nutritional claim. Inspect the actual lineage and source-context role evidence.		false
data/ingredients/mapped/Nickel_II_chloride_hexahydrate.yaml	3cb45355a45ad8622e58fc69f4b84253866042170493ed0eb4dc7597116a4724	bd2e2b4f6e9ac2aab180a7d3f143fa9bb9f71a8140db8da2244c0efb52e3877e	MIM.assertion:ce17a86cab2dad8c09146a03f46fd4d30072f219f48b4b54bcbfb7e7037e35e1	nutritional_roles	0	TRACE_ELEMENT	LLM_PREDICTION	OPEN_REQUIRES_ORIGINAL_SOURCE	Uncited in-session reasoning supplies no independent observation. Obtain a source supporting the exact role for the specified ingredient.		false
data/ingredients/mapped/Nickel_II_sulfate_hexahydrate.yaml	8f26668428e443d79043dc77ec798fb141837c249c0beaa76ad31b0722bc7e55	bd2e2b4f6e9ac2aab180a7d3f143fa9bb9f71a8140db8da2244c0efb52e3877e	MIM.assertion:ad2031de95210416d7966872a91a68b8018e43229bed50710b5e082a25f3a286	nutritional_roles	0	TRACE_ELEMENT	LLM_PREDICTION	OPEN_REQUIRES_ORIGINAL_SOURCE	Uncited in-session reasoning supplies no independent observation. Obtain a source supporting the exact role for the specified ingredient.		false
data/ingredients/mapped/Nicl2_X_2_H2o.yaml	6b43693a206b10af5013fa73afea10360d69666ed0a90dcb0f00618bdff297dc	4887eaa3ca0939e5a2422fa0757cc61c8c4d5c2ec6119ded3a43ae4a1acb2a93	MIM.assertion:fad6df89d82340401d8caf14cf3c779542737eff25a93fee4115a95b06777023	nutritional_roles	0	TRACE_ELEMENT	NAME_PATTERN	OPEN_REQUIRES_ORIGINAL_SOURCE	Name-pattern matching does not establish the ingredient-specific biological or formulation role. Inspect a preparation manual, original culture method, or direct utilization study.		false
data/ingredients/mapped/Nicl2_X_5_H2o.yaml	278355fc84d3a50ebf93e4e8409b6bb468551626157ca6806faf5cbef46f1b9c	4887eaa3ca0939e5a2422fa0757cc61c8c4d5c2ec6119ded3a43ae4a1acb2a93	MIM.assertion:56721c2e19ef67666a555776acd90ca05dba0b7dabfe142902a5d1f2b2fcbf1b	nutritional_roles	0	TRACE_ELEMENT	NAME_PATTERN	OPEN_REQUIRES_ORIGINAL_SOURCE	Name-pattern matching does not establish the ingredient-specific biological or formulation role. Inspect a preparation manual, original culture method, or direct utilization study.		false
data/ingredients/mapped/Nicotinamide.yaml	724181418c9efc54cff5930bb942c07ed23e1417144bbc0c785caa58b5683325	918bac91021e5325378db6c9197e2049db1e9666b75775490a91df6567ef66da	MIM.assertion:14b61e0629238f01ec5ac8f5b245f2374019986cbecb83a1713bd15ccac5a9aa	nutritional_roles	0	VITAMIN_SOURCE	ANCESTRY	OPEN_REQUIRES_ORIGINAL_SOURCE	Ontology ancestry identifies a chemical class or general chemical role; it does not establish the media-use or organism-specific nutritional claim. Inspect the actual lineage and source-context role evidence.		false
data/ingredients/mapped/Nisin.yaml	aeb6ded6b1375ed852b3a3c2a4c5954d0123fb5b398263121a8a96bca6d03b45	f8022e7f4b0dc2d5ac8bfee6907fef9eff7506632cd4a11eac620af6777da28b	MIM.assertion:1c1e1297db0ee91b7ba442c5d98060c40440fb6c0caf3111d215de207fcec171	physicochemical_roles	0	SELECTIVE_AGENT	NAME_PATTERN	OPEN_REQUIRES_ORIGINAL_SOURCE	Name-pattern matching does not establish the ingredient-specific biological or formulation role. Inspect a preparation manual, original culture method, or direct utilization study.		false
data/ingredients/mapped/Niso4_X_7_H2o.yaml	b7887a8dc671584afe8ae7652ec8266f78ddd646fa4b41d9c20dfa210c228cf3	4887eaa3ca0939e5a2422fa0757cc61c8c4d5c2ec6119ded3a43ae4a1acb2a93	MIM.assertion:3fb455eb30d6052a06a4fabe7d8cb9d9903609ff93852d9647bb2667c38bed8b	nutritional_roles	0	TRACE_ELEMENT	NAME_PATTERN	OPEN_REQUIRES_ORIGINAL_SOURCE	Name-pattern matching does not establish the ingredient-specific biological or formulation role. Inspect a preparation manual, original culture method, or direct utilization study.		false
data/ingredients/mapped/Nitrilotriacetic_Acid_Disodium_Salt.yaml	2470f9fdda8b8d450302d24f12e7ef005c06a0f6e795372d0b68217839ee30a8	3d8527fd47d2c6fb6a7d20c22049bf31f64eb8fded6c364d6ad8e7a142016f95	MIM.assertion:530608c0fb0fb9b06cbb83463d1376d70f6adb78501a4af8a09856ff14631679	physicochemical_roles	0	CHELATOR	NAME_PATTERN	OPEN_REQUIRES_ORIGINAL_SOURCE	Name-pattern matching does not establish the ingredient-specific biological or formulation role. Inspect a preparation manual, original culture method, or direct utilization study.		false
data/ingredients/mapped/Nitrous_Oxide.yaml	1d7b0c658dd8c1fc20d80f2620be3bc7c3d690a50912aa1191a2c345b76c41c9	b23909bd20185dc3845333061117163f2e601c128ff90bd7bf25151c8eb28206	MIM.assertion:6466b256277799aadb41826f8bc4999f2b61289469013c8751aa2f4bd49743be	cellular_metabolic_roles	0	ELECTRON_ACCEPTOR	LLM_PREDICTION	SUPPORTED_IN_STATED_CONTEXT	Growth and N2O consumption were measured together in the named isolates with acetate supplying electrons. The role is confined to these tested nitrous-oxide-respiring cultures.	https://pmc.ncbi.nlm.nih.gov/articles/PMC4907195/	true
data/ingredients/mapped/Nnnn-tetrakis_2-pyridylmethylethylenediamine.yaml	a00758e9c7597489ea792cbcb6750a9182e0ef2dc0973113645faa5382b6783e	6a341bc3251a64e58a46cdfa02fe2125b7ceb31fb3dd6c04b9ff4a4fc1046e33	MIM.assertion:d098b65e84ff39a1f50678fa5c17873da1f7e3015fd983d0ff6c9e53ead5c069	physicochemical_roles	0	CHELATOR	ANCESTRY	OPEN_REQUIRES_ORIGINAL_SOURCE	Ontology ancestry identifies a chemical class or general chemical role; it does not establish the media-use or organism-specific nutritional claim. Inspect the actual lineage and source-context role evidence.		false
data/ingredients/mapped/Nocamycin.yaml	c080bb2a87de828beb4f96b3d766a8b8ab729404efd9c9611cef070f1e7f1914	f8022e7f4b0dc2d5ac8bfee6907fef9eff7506632cd4a11eac620af6777da28b	MIM.assertion:f68affc7e7533ff718e1f832dfa2177043f945f15d1e450cc6ef0bcd01e1eb3c	physicochemical_roles	0	SELECTIVE_AGENT	NAME_PATTERN	OPEN_REQUIRES_ORIGINAL_SOURCE	Name-pattern matching does not establish the ingredient-specific biological or formulation role. Inspect a preparation manual, original culture method, or direct utilization study.		false
data/ingredients/mapped/Noformicin.yaml	18da53cc55fbe2d673f46c8fe45f530df5236bafb828f276a099a4de5f7c0f5a	f8022e7f4b0dc2d5ac8bfee6907fef9eff7506632cd4a11eac620af6777da28b	MIM.assertion:8c7608b7973c95950a4fb9b5e21d82e485c45ca7fa67f6a11565c92ac11c3182	physicochemical_roles	0	SELECTIVE_AGENT	NAME_PATTERN	OPEN_REQUIRES_ORIGINAL_SOURCE	Name-pattern matching does not establish the ingredient-specific biological or formulation role. Inspect a preparation manual, original culture method, or direct utilization study.		false
data/ingredients/mapped/Norfloxacin.yaml	604fe55d9df4ff896b096e86596c3f3031208c10cbaa4524f25866500902af12	f8022e7f4b0dc2d5ac8bfee6907fef9eff7506632cd4a11eac620af6777da28b	MIM.assertion:396c9ab99bd1a98dd6ab50a80563a4e054a7e4fa774d5daa810f2fadc45bfbd4	physicochemical_roles	0	SELECTIVE_AGENT	NAME_PATTERN	OPEN_REQUIRES_ORIGINAL_SOURCE	Name-pattern matching does not establish the ingredient-specific biological or formulation role. Inspect a preparation manual, original culture method, or direct utilization study.		false
data/ingredients/mapped/Novobiocin_Sodium_Salt.yaml	f0282bc188c1ca598b8f9b10fd70ad907b6f08210555bb39b98a68cb40cdb105	f8022e7f4b0dc2d5ac8bfee6907fef9eff7506632cd4a11eac620af6777da28b	MIM.assertion:39ca0f4c7a3a0458a604c2ee1b08847cb43ff3cd0d868b48e47e65cdb4d49f22	physicochemical_roles	0	SELECTIVE_AGENT	NAME_PATTERN	OPEN_REQUIRES_ORIGINAL_SOURCE	Name-pattern matching does not establish the ingredient-specific biological or formulation role. Inspect a preparation manual, original culture method, or direct utilization study.		false
data/ingredients/mapped/Oat_Flour_B-glucan.yaml	5ac0b28a58c475303b3a7c8169241317e60053324189d598d1836c5141240e9d	df2072c00c03ccac74a186fad08ecce37b665354626058d581fd7b3f601cd30f	MIM.assertion:8b78197b0ec18bb798fb62773202774c0e91cf2f8f653c1a6edb52e93ea474a0	nutritional_roles	0	CARBON_SOURCE	NAME_PATTERN	OPEN_REQUIRES_ORIGINAL_SOURCE	Name-pattern matching does not establish the ingredient-specific biological or formulation role. Inspect a preparation manual, original culture method, or direct utilization study.		false
data/ingredients/mapped/Octanoic_Acid.yaml	6278084d85c280552fa618cea2b495c926f0ed7d93250a8b0586bcbc1f44860c	df2072c00c03ccac74a186fad08ecce37b665354626058d581fd7b3f601cd30f	MIM.assertion:610483b04c2c505908dcccb833514f33e7e9763194c95eb5e65627b62c737a83	nutritional_roles	0	CARBON_SOURCE	NAME_PATTERN	OPEN_REQUIRES_ORIGINAL_SOURCE	Name-pattern matching does not establish the ingredient-specific biological or formulation role. Inspect a preparation manual, original culture method, or direct utilization study.		false
data/ingredients/mapped/Ofloxacin.yaml	734911f64e612141fe20e6620dabe9051d8cd012974d8a8fde06fb8587461e1a	f8022e7f4b0dc2d5ac8bfee6907fef9eff7506632cd4a11eac620af6777da28b	MIM.assertion:997535bb323ee0da3499e5571bb6b6f19a8b2811d1621f5623ef0287c766347d	physicochemical_roles	0	SELECTIVE_AGENT	NAME_PATTERN	OPEN_REQUIRES_ORIGINAL_SOURCE	Name-pattern matching does not establish the ingredient-specific biological or formulation role. Inspect a preparation manual, original culture method, or direct utilization study.		false
data/ingredients/mapped/Oxacillin_Sodium_Salt.yaml	00a5f6a9a9ebd1a155bac63760c81052b562d5f11afdc731d9db890579039332	f8022e7f4b0dc2d5ac8bfee6907fef9eff7506632cd4a11eac620af6777da28b	MIM.assertion:cd01cb4586bf23b2e23ebdecb0c7ba9ad2a26517a437fd0ffa119545fe346b80	physicochemical_roles	0	SELECTIVE_AGENT	NAME_PATTERN	OPEN_REQUIRES_ORIGINAL_SOURCE	Name-pattern matching does not establish the ingredient-specific biological or formulation role. Inspect a preparation manual, original culture method, or direct utilization study.		false
data/ingredients/mapped/Oxaloacetic_Acid.yaml	25388feab4bf69834aff16fbcfb204577771a12b809031590f3581f0612b126a	df2072c00c03ccac74a186fad08ecce37b665354626058d581fd7b3f601cd30f	MIM.assertion:1d08fe3c89bc90933e68c0168b090a3fd22868fe5204363e12811e999f6cd20d	nutritional_roles	0	CARBON_SOURCE	NAME_PATTERN	OPEN_REQUIRES_ORIGINAL_SOURCE	Name-pattern matching does not establish the ingredient-specific biological or formulation role. Inspect a preparation manual, original culture method, or direct utilization study.		false
data/ingredients/mapped/Oxytetracycline_Hydrochloride.yaml	75d4ab0025ee010f7c687a4ecfeea14c12afc583a51a9b7919e3b7d6c58b20ef	f8022e7f4b0dc2d5ac8bfee6907fef9eff7506632cd4a11eac620af6777da28b	MIM.assertion:46d305614cb55900eb338bd0a97029c07b42f84a04e7f6ecddf4743f0845b391	physicochemical_roles	0	SELECTIVE_AGENT	NAME_PATTERN	OPEN_REQUIRES_ORIGINAL_SOURCE	Name-pattern matching does not establish the ingredient-specific biological or formulation role. Inspect a preparation manual, original culture method, or direct utilization study.		false
data/ingredients/mapped/P-hydroxybenzoate.yaml	a5f785e7184586ae4885404a4e2ebe55f659611eb01f70edc35a6a6093149a73	e59eee7cf5387857dcf375c761bc4588088393fe88064c16b7be945209733418	MIM.assertion:b6167391b988536b0ba5aaa6a7db5495dd70ef004e1b95dcd52dddb04c0436e3	nutritional_roles	0	CARBON_SOURCE	LLM_PREDICTION	OPEN_REQUIRES_ORIGINAL_SOURCE	Uncited in-session reasoning supplies no independent observation. Obtain a source supporting the exact role for the specified ingredient.		false
data/ingredients/mapped/P-lacto-N-neo-hexaose.yaml	ce65952dd839e7457fc89c9a85e2407c5cbce33d308c780e4abc73c98bd7d0c2	df2072c00c03ccac74a186fad08ecce37b665354626058d581fd7b3f601cd30f	MIM.assertion:86b38cfca0c2d8b1fd5270a977eaa98828bf384408739ed743eb5b81579b7f75	nutritional_roles	0	CARBON_SOURCE	NAME_PATTERN	OPEN_REQUIRES_ORIGINAL_SOURCE	Name-pattern matching does not establish the ingredient-specific biological or formulation role. Inspect a preparation manual, original culture method, or direct utilization study.		false
data/ingredients/mapped/PIPES_Sesquisodium_Salt.yaml	ca21b5f27bcffef9d50b68671ab1aacccf4868cd48ff76b591c4620fd3258615	a082d38abdfabb7975cb49a5c3f3a8fab98f87de4d0a2b2f26605015d18a793a	MIM.assertion:0df55edd056c37c832d1a2a3e9eed4da328c5a334bd3dbe8b02dc47efe773279	physicochemical_roles	0	BUFFER	NAME_PATTERN	OPEN_REQUIRES_ORIGINAL_SOURCE	Name-pattern matching does not establish the ingredient-specific biological or formulation role. Inspect a preparation manual, original culture method, or direct utilization study.		false
data/ingredients/mapped/Pactamycin.yaml	8c7b1a30c72b7edc30cc0e3cbd86ce2ba03d294e2d566c328f2a2be8a3b70afb	f8022e7f4b0dc2d5ac8bfee6907fef9eff7506632cd4a11eac620af6777da28b	MIM.assertion:cd0d8881556ad59ffd90f8fefb2e73f2187ade5bd441bfb60fb2c4072973d4a2	physicochemical_roles	0	SELECTIVE_AGENT	NAME_PATTERN	OPEN_REQUIRES_ORIGINAL_SOURCE	Name-pattern matching does not establish the ingredient-specific biological or formulation role. Inspect a preparation manual, original culture method, or direct utilization study.		false
data/ingredients/mapped/Palatinose_Hydrate.yaml	7d473a85cf46e31086d1cc784bff87a46f063740da598f5463454a6d70cce651	df2072c00c03ccac74a186fad08ecce37b665354626058d581fd7b3f601cd30f	MIM.assertion:0ab6e16eeed3cbae0b66471089a843ccfe574daa18e6f5a06ca6288435c80e53	nutritional_roles	0	CARBON_SOURCE	NAME_PATTERN	OPEN_REQUIRES_ORIGINAL_SOURCE	Name-pattern matching does not establish the ingredient-specific biological or formulation role. Inspect a preparation manual, original culture method, or direct utilization study.		false
data/ingredients/mapped/Pamamycin.yaml	475300bb7e677226a9b74e2b945bc34cf086d0a3bd0e72c465e27293c79a4afe	f8022e7f4b0dc2d5ac8bfee6907fef9eff7506632cd4a11eac620af6777da28b	MIM.assertion:23ef9d181f15155cff9c250fc77c3c8141a772e60779ba045066cb17e1debe9b	physicochemical_roles	0	SELECTIVE_AGENT	NAME_PATTERN	OPEN_REQUIRES_ORIGINAL_SOURCE	Name-pattern matching does not establish the ingredient-specific biological or formulation role. Inspect a preparation manual, original culture method, or direct utilization study.		false
data/ingredients/mapped/Para-aminosalicylic_Acid.yaml	3786e5420419e1692f1c87c804e1faf19ae88b5940f3e7314fc109942de15d10	7d31b5bc3b31af72e9763c0dced0805a7e6435f4c0a8f0027fd68740f6d7fe14	MIM.assertion:566c7b016305f6f9b8e976dbefc34d9f5ab22d086879d8caa2635d5a2483c73a	nutritional_roles	0	AMINO_ACID_SOURCE	ANCESTRY	SOURCE_CONTEXT_CONCERN	ChEBI assigns an antitubercular role. Amino-acid chemical ancestry alone does not establish use as nutritional building blocks; an organism-specific positive source is needed.	https://www.ebi.ac.uk/chebi/CHEBI:27565	false
data/ingredients/mapped/Paromomycin_Sulfate_Salt.yaml	aef109d09c857f66543bd72b0d96aa4c89c6e30b5502c03377bf6ace94d14ab5	f8022e7f4b0dc2d5ac8bfee6907fef9eff7506632cd4a11eac620af6777da28b	MIM.assertion:c8ecbd1aef7854287ba927a462e5b02810005d8325aec77263368ab884e4a572	physicochemical_roles	0	SELECTIVE_AGENT	NAME_PATTERN	OPEN_REQUIRES_ORIGINAL_SOURCE	Name-pattern matching does not establish the ingredient-specific biological or formulation role. Inspect a preparation manual, original culture method, or direct utilization study.		false
data/ingredients/mapped/Penicillin_G.yaml	2d483390c8bfee6dfc15ecab8d04eff3068aa518fecd2ee3d9eeaa8a0459a63a	f8022e7f4b0dc2d5ac8bfee6907fef9eff7506632cd4a11eac620af6777da28b	MIM.assertion:bff775e731205ab124f897caf635fbf545ff53ba37e0f07c84b06f5647409ff6	physicochemical_roles	0	SELECTIVE_AGENT	NAME_PATTERN	OPEN_REQUIRES_ORIGINAL_SOURCE	Name-pattern matching does not establish the ingredient-specific biological or formulation role. Inspect a preparation manual, original culture method, or direct utilization study.		false
data/ingredients/mapped/Peptone.yaml	e00551197758fb417846becc5c14e931f614bc00887609b8749d734ad2f8d4aa	7fbde1a92491632faf80d3bf87c4cab5bf4e772e70454374b86dd833f81f0ae8	MIM.assertion:dd3af476f21b7b1bd1558a32641ddbb6c6e145283e9d92b0bffcf8914e8e3bf3	nutritional_roles	0	PROTEIN_SOURCE	NAME_PATTERN	OPEN_REQUIRES_ORIGINAL_SOURCE	Name-pattern matching does not establish the ingredient-specific biological or formulation role. Inspect a preparation manual, original culture method, or direct utilization study.		false
data/ingredients/mapped/Phenol.yaml	88331db9c69efce76716baa57f6a5a3952232fad09df9ea31d914f3fbf86e1ef	e59eee7cf5387857dcf375c761bc4588088393fe88064c16b7be945209733418	MIM.assertion:e07aa8f06cf3d17d238c502df616db940e72d06d37f556cf8d6cf2a6a6ab5e65	nutritional_roles	0	CARBON_SOURCE	LLM_PREDICTION	OPEN_REQUIRES_ORIGINAL_SOURCE	Uncited in-session reasoning supplies no independent observation. Obtain a source supporting the exact role for the specified ingredient.		false
data/ingredients/mapped/Phenyl_Acetic_Acid.yaml	9b3c34056f552c0fe0d5645ba43b914fdf287f85c7afd1cafd2fd0a19a08bc58	e59eee7cf5387857dcf375c761bc4588088393fe88064c16b7be945209733418	MIM.assertion:7c48b71d031d9eb2a58e3804807b9d569d65c3097c6081cb2c27ddacdc918d05	nutritional_roles	0	CARBON_SOURCE	LLM_PREDICTION	OPEN_REQUIRES_ORIGINAL_SOURCE	Uncited in-session reasoning supplies no independent observation. Obtain a source supporting the exact role for the specified ingredient.		false
data/ingredients/mapped/Phenyl_Propionic_Acid.yaml	c7427202090ac253d767e40085c15ae1492991ca4f971148c33e4124fcf29dc5	e59eee7cf5387857dcf375c761bc4588088393fe88064c16b7be945209733418	MIM.assertion:e7378e3ba852e1eca86a5be3d42e2a8110127c178079fb0b0a848f77d59f64c8	nutritional_roles	0	CARBON_SOURCE	LLM_PREDICTION	OPEN_REQUIRES_ORIGINAL_SOURCE	Uncited in-session reasoning supplies no independent observation. Obtain a source supporting the exact role for the specified ingredient.		false
data/ingredients/mapped/Phleomycin.yaml	c266e3fe3a6c7c48dcda848b6c11bd34126084daf671b92e0f9aa291bf942978	f8022e7f4b0dc2d5ac8bfee6907fef9eff7506632cd4a11eac620af6777da28b	MIM.assertion:ac5d438039ccab484db5bd6f0356354160bee1ca4b616376de174bd1ec30775e	physicochemical_roles	0	SELECTIVE_AGENT	NAME_PATTERN	OPEN_REQUIRES_ORIGINAL_SOURCE	Name-pattern matching does not establish the ingredient-specific biological or formulation role. Inspect a preparation manual, original culture method, or direct utilization study.		false
data/ingredients/mapped/Phoslactomycin.yaml	668d501fc6afdf4e76ff8dfc0021a3e1351c923dae7dfa2a38e17e0c207dda7d	f8022e7f4b0dc2d5ac8bfee6907fef9eff7506632cd4a11eac620af6777da28b	MIM.assertion:89267f492982ce2aff06886af49ef416a37bbb53f29832c054b1f9211d58c1f3	physicochemical_roles	0	SELECTIVE_AGENT	NAME_PATTERN	OPEN_REQUIRES_ORIGINAL_SOURCE	Name-pattern matching does not establish the ingredient-specific biological or formulation role. Inspect a preparation manual, original culture method, or direct utilization study.		false
data/ingredients/mapped/Phosphate_Buffer.yaml	b7dbf9e01a946b4d1e3f4df66240769545d1f9fa4e693f866187ae6a5b7b4ed9	a082d38abdfabb7975cb49a5c3f3a8fab98f87de4d0a2b2f26605015d18a793a	MIM.assertion:2df903f1ab91584991a3e3266b40f6fdd724e3eb2d3b1d54b0cd9e5733b8495e	physicochemical_roles	0	BUFFER	NAME_PATTERN	OPEN_REQUIRES_ORIGINAL_SOURCE	Name-pattern matching does not establish the ingredient-specific biological or formulation role. Inspect a preparation manual, original culture method, or direct utilization study.		false
data/ingredients/mapped/Phosphate_Buffer_Stock_Solution.yaml	34a52253b225cbd59e419fa0c2adbe9e184c871c0ab8803428c4748cb10fab11	a082d38abdfabb7975cb49a5c3f3a8fab98f87de4d0a2b2f26605015d18a793a	MIM.assertion:0cc001b610ef5636ef503988d8a6dc3774bc0fb5ced64df33666f632aec11335	physicochemical_roles	0	BUFFER	NAME_PATTERN	OPEN_REQUIRES_ORIGINAL_SOURCE	Name-pattern matching does not establish the ingredient-specific biological or formulation role. Inspect a preparation manual, original culture method, or direct utilization study.		false
data/ingredients/mapped/Phosphomycin_Disodium_Salt.yaml	708c721ef6206ab2e92e3d797a8e632bb593840dc9c915a183fa9a594e37c61c	f8022e7f4b0dc2d5ac8bfee6907fef9eff7506632cd4a11eac620af6777da28b	MIM.assertion:019b3010eaf09e80cf17b9edef2be6b96234b6f9ead55b258c9bfc0448d11015	physicochemical_roles	0	SELECTIVE_AGENT	NAME_PATTERN	OPEN_REQUIRES_ORIGINAL_SOURCE	Name-pattern matching does not establish the ingredient-specific biological or formulation role. Inspect a preparation manual, original culture method, or direct utilization study.		false
data/ingredients/mapped/Phyllomycin.yaml	8eaeb70e9ff49504cb58f68eac6d86fcd7710fb7bf71d1ef9d855df9ed9f35b2	f8022e7f4b0dc2d5ac8bfee6907fef9eff7506632cd4a11eac620af6777da28b	MIM.assertion:758d1c32b7149087da2f0f8df54510b923beb5a0570f8d066ee84cea04857da6	physicochemical_roles	0	SELECTIVE_AGENT	NAME_PATTERN	OPEN_REQUIRES_ORIGINAL_SOURCE	Name-pattern matching does not establish the ingredient-specific biological or formulation role. Inspect a preparation manual, original culture method, or direct utilization study.		false
data/ingredients/mapped/Piperacillin_Sodium_Salt.yaml	0e02c4ebf72eab46e6cb37a43cd7967aa396c5aad3ac732901a8382830d9c546	f8022e7f4b0dc2d5ac8bfee6907fef9eff7506632cd4a11eac620af6777da28b	MIM.assertion:70cb5639d62bfcfd4ed6842ce29fff7958ad300b782e816d3dc089ab5765b45a	physicochemical_roles	0	SELECTIVE_AGENT	NAME_PATTERN	OPEN_REQUIRES_ORIGINAL_SOURCE	Name-pattern matching does not establish the ingredient-specific biological or formulation role. Inspect a preparation manual, original culture method, or direct utilization study.		false
data/ingredients/mapped/Plumbemycin_A.yaml	98404d244a27f26f124b5aeabb60929453c95e1cb62baa1cb621317bc9f9d515	f8022e7f4b0dc2d5ac8bfee6907fef9eff7506632cd4a11eac620af6777da28b	MIM.assertion:4257ddf594496ca754d828038b769d8cf259efddea0f2a7bc0f3a7695421bfdf	physicochemical_roles	0	SELECTIVE_AGENT	NAME_PATTERN	OPEN_REQUIRES_ORIGINAL_SOURCE	Name-pattern matching does not establish the ingredient-specific biological or formulation role. Inspect a preparation manual, original culture method, or direct utilization study.		false
data/ingredients/mapped/Plumbemycin_B.yaml	64e8a88921fa785f12f6a9027a45c95dd38b9244f4129fe920591d2aaabf0f90	f8022e7f4b0dc2d5ac8bfee6907fef9eff7506632cd4a11eac620af6777da28b	MIM.assertion:ff670ef46b15336ea0165b66a54d283efffb0ea828483353899cc114c7b53233	physicochemical_roles	0	SELECTIVE_AGENT	NAME_PATTERN	OPEN_REQUIRES_ORIGINAL_SOURCE	Name-pattern matching does not establish the ingredient-specific biological or formulation role. Inspect a preparation manual, original culture method, or direct utilization study.		false
data/ingredients/mapped/Pluramycin_A.yaml	032b55fd9f1dbabfcc795f04f6426413ea0f23718f269b736e8888e260507317	f8022e7f4b0dc2d5ac8bfee6907fef9eff7506632cd4a11eac620af6777da28b	MIM.assertion:eb3396a64c7a926fff3491eab72f2791e4681fcd60e01fe52e62e12b929facbb	physicochemical_roles	0	SELECTIVE_AGENT	NAME_PATTERN	OPEN_REQUIRES_ORIGINAL_SOURCE	Name-pattern matching does not establish the ingredient-specific biological or formulation role. Inspect a preparation manual, original culture method, or direct utilization study.		false
data/ingredients/mapped/Poly_3-hydroxybutyrate.yaml	756a84a31ed953b782a4ddc31b346401ddceb3d12260d39d32e9fabb8c88310d	df2072c00c03ccac74a186fad08ecce37b665354626058d581fd7b3f601cd30f	MIM.assertion:96a4500598ca76185b5324267253bf8215c8e2578572f34d72cdcd3979070e67	nutritional_roles	0	CARBON_SOURCE	NAME_PATTERN	OPEN_REQUIRES_ORIGINAL_SOURCE	Name-pattern matching does not establish the ingredient-specific biological or formulation role. Inspect a preparation manual, original culture method, or direct utilization study.		false
data/ingredients/mapped/Poly_3-hydroxybutyric_Acid.yaml	7b40c7f28a9424e0cda7c685c3c53d839d54193ac278f265a461a29afaa53c34	df2072c00c03ccac74a186fad08ecce37b665354626058d581fd7b3f601cd30f	MIM.assertion:6a551c8cde720fefa69ce3c2493dda07d9d347211efc3babaf51b8421c53495d	nutritional_roles	0	CARBON_SOURCE	NAME_PATTERN	OPEN_REQUIRES_ORIGINAL_SOURCE	Name-pattern matching does not establish the ingredient-specific biological or formulation role. Inspect a preparation manual, original culture method, or direct utilization study.		false
data/ingredients/mapped/Polygalacturonic_Acid.yaml	71217e544fdd05389911435778dbf66db3e0a26abc9a20fc253c2cd09621ceae	4ea628be52149f9b81f39b2e78a409a172515bc4ad5c8e5c6fb4eba7014f1b6e	MIM.assertion:33fca0dd3c9fbc3a73bcb1c930ff34dd50626f3258f52665250e686cb9a28dc3	nutritional_roles	0	CARBON_SOURCE	ANCESTRY	OPEN_REQUIRES_ORIGINAL_SOURCE	Ontology ancestry identifies a chemical class or general chemical role; it does not establish the media-use or organism-specific nutritional claim. Inspect the actual lineage and source-context role evidence.		false
data/ingredients/mapped/Polymyxin_B_Sulfate.yaml	4bd186e59643cdb4ce53535a0b84f14714eefdaa42e6336c3ee316fa4e9ec3a2	f8022e7f4b0dc2d5ac8bfee6907fef9eff7506632cd4a11eac620af6777da28b	MIM.assertion:f96c0abe85b4b3ce83d924e375f4d106336bc9b80603c90a81d06e936c227746	physicochemical_roles	0	SELECTIVE_AGENT	NAME_PATTERN	OPEN_REQUIRES_ORIGINAL_SOURCE	Name-pattern matching does not establish the ingredient-specific biological or formulation role. Inspect a preparation manual, original culture method, or direct utilization study.		false
data/ingredients/mapped/Polypeptone.yaml	5ecabcf8a37d4c2218e12fb3112f17b79d103abfa5f0a6a64322d7bf19c56baa	7fbde1a92491632faf80d3bf87c4cab5bf4e772e70454374b86dd833f81f0ae8	MIM.assertion:e9b558383a581e66fae77b1b1d765c19e963e4a4c115da10c52aee4f96753044	nutritional_roles	0	PROTEIN_SOURCE	NAME_PATTERN	OPEN_REQUIRES_ORIGINAL_SOURCE	Name-pattern matching does not establish the ingredient-specific biological or formulation role. Inspect a preparation manual, original culture method, or direct utilization study.		false
data/ingredients/mapped/Potassium_Phosphate_Buffer.yaml	9a33ce5d93f8928878ab1309f834d49f505d27abf4d5ee41e23b79a40a2ac40e	a082d38abdfabb7975cb49a5c3f3a8fab98f87de4d0a2b2f26605015d18a793a	MIM.assertion:8fc089ecac353810dc5a62679d2550170b0ade19237dda8dde362f8665fefddf	physicochemical_roles	0	BUFFER	NAME_PATTERN	OPEN_REQUIRES_ORIGINAL_SOURCE	Name-pattern matching does not establish the ingredient-specific biological or formulation role. Inspect a preparation manual, original culture method, or direct utilization study.		false
data/ingredients/mapped/Potassium_Phosphate_Dibasic_Trihydrate.yaml	c4fb96e92fd3ccbe4aa107fea350c8444633f992cf4758b5f21a6f86c804bc14	592ae8aa21a10ac056d06766057dd237bc1add8aab55c49fda1cea2a5601e6f3	MIM.assertion:5c8c8ac842154b6a1b3dc84cec9e5143cdaf4178ae141c905b60bf07679b148f	physicochemical_roles	0	BUFFER	LLM_PREDICTION	OPEN_REQUIRES_ORIGINAL_SOURCE	Uncited in-session reasoning supplies no independent observation. Obtain a source supporting the exact role for the specified ingredient.		false
data/ingredients/mapped/Proline.yaml	3e61bdcb6aaa68b6f0d188489811526edd438ec7ccab6574a601effa9dd62df2	7d31b5bc3b31af72e9763c0dced0805a7e6435f4c0a8f0027fd68740f6d7fe14	MIM.assertion:ee1fe8f20de8dd42891aa8614dcee9f6a3c90f492068442261c056278529c2ba	nutritional_roles	0	AMINO_ACID_SOURCE	ANCESTRY	OPEN_REQUIRES_ORIGINAL_SOURCE	Ontology ancestry identifies a chemical class or general chemical role; it does not establish the media-use or organism-specific nutritional claim. Inspect the actual lineage and source-context role evidence.		false
data/ingredients/mapped/Propionic_Acid.yaml	692dd05a261b65d660874ef1b910d609c4b4bcb9c41da730de02ae9a00d8cdc7	05797c833ce5f55a4f9deb8713e7b56bc9b4c8e4920aeed310903d0418be101f	MIM.assertion:60d7def8ba143e5a0fdf6a48d6edbf956f3e19ec4e0dbacd0b9df71d8d0588b3	nutritional_roles	1	ENERGY_SOURCE	ENERGY_TEMPLATE	OPEN_REQUIRES_ORIGINAL_SOURCE	A generic energy-substrate template does not record a supporting organism, culture condition, or utilization experiment. Source-confirm this precise stereochemical and supplied form.		false
data/ingredients/mapped/Proteose_Peptone.yaml	c0541faf7f493f617c3f92f8082a1aab6052aa3fa392f802534e201b50ace34e	7fbde1a92491632faf80d3bf87c4cab5bf4e772e70454374b86dd833f81f0ae8	MIM.assertion:11e4478417a8b82ae7b8b7b0c11a04f45ad012ca9b7da91a2192b3007a1d9c1f	nutritional_roles	0	PROTEIN_SOURCE	NAME_PATTERN	OPEN_REQUIRES_ORIGINAL_SOURCE	Name-pattern matching does not establish the ingredient-specific biological or formulation role. Inspect a preparation manual, original culture method, or direct utilization study.		false
data/ingredients/mapped/Proteose_Peptone_No_2.yaml	af94aaec0512002f2a0bc17f08a78937b0ed877ed419d232904e6553464890de	7fbde1a92491632faf80d3bf87c4cab5bf4e772e70454374b86dd833f81f0ae8	MIM.assertion:9d6affe12b144997f9e3bb9dc99b543660a3a8340ba0a7e68ec5cfa89946328d	nutritional_roles	0	PROTEIN_SOURCE	NAME_PATTERN	OPEN_REQUIRES_ORIGINAL_SOURCE	Name-pattern matching does not establish the ingredient-specific biological or formulation role. Inspect a preparation manual, original culture method, or direct utilization study.		false
data/ingredients/mapped/Puromycin_Dihydrochloride.yaml	104d41ec9d80fd2213875e92c3c7136a804180289680e03b9d2a549fba8f1b57	f8022e7f4b0dc2d5ac8bfee6907fef9eff7506632cd4a11eac620af6777da28b	MIM.assertion:bb749c348903d5d2d974f9ec37ae4ac1b1be3cc49e756727d23025cb0f009936	physicochemical_roles	0	SELECTIVE_AGENT	NAME_PATTERN	OPEN_REQUIRES_ORIGINAL_SOURCE	Name-pattern matching does not establish the ingredient-specific biological or formulation role. Inspect a preparation manual, original culture method, or direct utilization study.		false
data/ingredients/mapped/Pustulan_B-1-6_Glucan.yaml	8ae5ce3760e3280ab9be5a7951e95384837e02d1dab7bff423b7c0e45cca9993	df2072c00c03ccac74a186fad08ecce37b665354626058d581fd7b3f601cd30f	MIM.assertion:7498da053278e80da37931323d4466f1e1e42eb9fd13e0841c7084fc048cee75	nutritional_roles	0	CARBON_SOURCE	NAME_PATTERN	OPEN_REQUIRES_ORIGINAL_SOURCE	Name-pattern matching does not establish the ingredient-specific biological or formulation role. Inspect a preparation manual, original culture method, or direct utilization study.		false
data/ingredients/mapped/Pyrocatechol.yaml	fbb6925f31b16ac45649873960bb396e1bc02dee9d5ee95fa28a8fb70db0d481	e59eee7cf5387857dcf375c761bc4588088393fe88064c16b7be945209733418	MIM.assertion:042f30c4f7b8da9fc7f67b8d535ca137c6261400c1ab2d2c7dcb3423eb040a81	nutritional_roles	0	CARBON_SOURCE	LLM_PREDICTION	OPEN_REQUIRES_ORIGINAL_SOURCE	Uncited in-session reasoning supplies no independent observation. Obtain a source supporting the exact role for the specified ingredient.		false
data/ingredients/mapped/Pyruvate.yaml	c1cb5e1036729676abf5b6a7e0b6d2a0bb2f62c2dc8c0e662c082488986322e1	df2072c00c03ccac74a186fad08ecce37b665354626058d581fd7b3f601cd30f	MIM.assertion:8a4ec1a577ab8607ba5c92d881b3eaa1fc187f2269a5900fbc56d0119e32c96e	nutritional_roles	0	CARBON_SOURCE	NAME_PATTERN	OPEN_REQUIRES_ORIGINAL_SOURCE	Name-pattern matching does not establish the ingredient-specific biological or formulation role. Inspect a preparation manual, original culture method, or direct utilization study.		false
data/ingredients/mapped/Pyruvate.yaml	c1cb5e1036729676abf5b6a7e0b6d2a0bb2f62c2dc8c0e662c082488986322e1	05797c833ce5f55a4f9deb8713e7b56bc9b4c8e4920aeed310903d0418be101f	MIM.assertion:c3862be32a61e0308a6142dbf7ca974d2d448c9fc0819794040dc722f63da70a	nutritional_roles	1	ENERGY_SOURCE	ENERGY_TEMPLATE	OPEN_REQUIRES_ORIGINAL_SOURCE	A generic energy-substrate template does not record a supporting organism, culture condition, or utilization experiment. Source-confirm this precise stereochemical and supplied form.		false
data/ingredients/mapped/Pyruvic_Acid.yaml	b2008625f0efec85f46455d90fe26191d2c524e5d9f1743a35297ce303ce4d57	df2072c00c03ccac74a186fad08ecce37b665354626058d581fd7b3f601cd30f	MIM.assertion:9336c0e33c765b99fec016d71ba6832ee862e58ebfad407626f8224d8ef2d2b2	nutritional_roles	0	CARBON_SOURCE	NAME_PATTERN	OPEN_REQUIRES_ORIGINAL_SOURCE	Name-pattern matching does not establish the ingredient-specific biological or formulation role. Inspect a preparation manual, original culture method, or direct utilization study.		false
data/ingredients/mapped/Pyruvic_Acid.yaml	b2008625f0efec85f46455d90fe26191d2c524e5d9f1743a35297ce303ce4d57	05797c833ce5f55a4f9deb8713e7b56bc9b4c8e4920aeed310903d0418be101f	MIM.assertion:5e7146d8da71bd00fb8aac14fe4e912ff9fbb632693388dd36aad8b3d19a07b8	nutritional_roles	1	ENERGY_SOURCE	ENERGY_TEMPLATE	OPEN_REQUIRES_ORIGINAL_SOURCE	A generic energy-substrate template does not record a supporting organism, culture condition, or utilization experiment. Source-confirm this precise stereochemical and supplied form.		false
data/ingredients/mapped/Quinic_Acid.yaml	c1c2fc353bbf1ef458988b3aad173cde353b976ef805dfdd2bead0878960559a	df2072c00c03ccac74a186fad08ecce37b665354626058d581fd7b3f601cd30f	MIM.assertion:e27dce06d6129940ba8365198c3c9600010c17dcf8f83f1e7fe9a1403e949b04	nutritional_roles	0	CARBON_SOURCE	NAME_PATTERN	OPEN_REQUIRES_ORIGINAL_SOURCE	Name-pattern matching does not establish the ingredient-specific biological or formulation role. Inspect a preparation manual, original culture method, or direct utilization study.		false
data/ingredients/mapped/R-3-hydroxybutyrate.yaml	d07cb840038e310a1120add6ef1695e612c57257710f45a6338205483741b893	df2072c00c03ccac74a186fad08ecce37b665354626058d581fd7b3f601cd30f	MIM.assertion:99e01623ce0070d265647bb12703f17bd9d19e477e6345d6d17b7379898ddaad	nutritional_roles	0	CARBON_SOURCE	NAME_PATTERN	OPEN_REQUIRES_ORIGINAL_SOURCE	Name-pattern matching does not establish the ingredient-specific biological or formulation role. Inspect a preparation manual, original culture method, or direct utilization study.		false
data/ingredients/mapped/Racemomycin_E.yaml	da451fa75decffab222bf5609caa734bb00c5b345e999c2c086e4ed33269a592	f8022e7f4b0dc2d5ac8bfee6907fef9eff7506632cd4a11eac620af6777da28b	MIM.assertion:0ea281bab48047cfd23c3df84b9296c7a4f179cb7a07ac9e05b8ce9cc3b6f5c6	physicochemical_roles	0	SELECTIVE_AGENT	NAME_PATTERN	OPEN_REQUIRES_ORIGINAL_SOURCE	Name-pattern matching does not establish the ingredient-specific biological or formulation role. Inspect a preparation manual, original culture method, or direct utilization study.		false
data/ingredients/mapped/Rhamnolipid.yaml	643665b863243dddf8e4ff215f6d6f3424d88c9378a9b00626c1aaa6aa496a79	15642c0ff7088d75bc88144e153f7a5d62a83b6cf7cc8dfb9cf5f52576b84dd4	MIM.assertion:c10df1dc033c59b6c8753fab415247d03e42e009d7592b1887088257cee474c7	physicochemical_roles	0	SURFACTANT	ANCESTRY	OPEN_REQUIRES_ORIGINAL_SOURCE	Ontology ancestry identifies a chemical class or general chemical role; it does not establish the media-use or organism-specific nutritional claim. Inspect the actual lineage and source-context role evidence.		false
data/ingredients/mapped/Rhodomycin_A.yaml	0322b51898c62189ea0a2cedcab1fb8b3c093bce5484d966b904b8518d6deb80	f8022e7f4b0dc2d5ac8bfee6907fef9eff7506632cd4a11eac620af6777da28b	MIM.assertion:8abb33ec665b5e2e5b34eed100e8e0eee51a2726661c54533b09734808fb95c6	physicochemical_roles	0	SELECTIVE_AGENT	NAME_PATTERN	OPEN_REQUIRES_ORIGINAL_SOURCE	Name-pattern matching does not establish the ingredient-specific biological or formulation role. Inspect a preparation manual, original culture method, or direct utilization study.		false
data/ingredients/mapped/Ribose.yaml	964caca9c09c76a81ca23148521a5d90c1d86b49cfbf197cb58d9d09ca2aeae9	4ea628be52149f9b81f39b2e78a409a172515bc4ad5c8e5c6fb4eba7014f1b6e	MIM.assertion:b25777e9093a89898ee1bd93100c3c2f66ccd8478cde751d60b0fd2a97c42bac	nutritional_roles	0	CARBON_SOURCE	ANCESTRY	OPEN_REQUIRES_ORIGINAL_SOURCE	Ontology ancestry identifies a chemical class or general chemical role; it does not establish the media-use or organism-specific nutritional claim. Inspect the actual lineage and source-context role evidence.		false
data/ingredients/mapped/Ribose.yaml	964caca9c09c76a81ca23148521a5d90c1d86b49cfbf197cb58d9d09ca2aeae9	05797c833ce5f55a4f9deb8713e7b56bc9b4c8e4920aeed310903d0418be101f	MIM.assertion:1fc983ebf6e3adbe2c37afb577c4bcea32c6a7dc3c5282322d22249d7c01b956	nutritional_roles	1	ENERGY_SOURCE	ENERGY_TEMPLATE	OPEN_REQUIRES_ORIGINAL_SOURCE	A generic energy-substrate template does not record a supporting organism, culture condition, or utilization experiment. Source-confirm this precise stereochemical and supplied form.		false
data/ingredients/mapped/S-3-hydroxybutyrate.yaml	6ccdef24109d54de10870e141141b4bb3a7242d5ba270e0dee1c4515964c0411	df2072c00c03ccac74a186fad08ecce37b665354626058d581fd7b3f601cd30f	MIM.assertion:2dc27a09a9a2ab5c1e5a201d5ba38707d13b226350e6334c18aafec179b57257	nutritional_roles	0	CARBON_SOURCE	NAME_PATTERN	OPEN_REQUIRES_ORIGINAL_SOURCE	Name-pattern matching does not establish the ingredient-specific biological or formulation role. Inspect a preparation manual, original culture method, or direct utilization study.		false
data/ingredients/mapped/Sarcosine.yaml	1039cd8624ebbce704d2524c09230043ecc9aac1ed02e757b1451f88d08aa72f	7d31b5bc3b31af72e9763c0dced0805a7e6435f4c0a8f0027fd68740f6d7fe14	MIM.assertion:f4c4bed4c44782b6743cc776193fb663e8adb051ef65cf667cce90aa2041270b	nutritional_roles	0	AMINO_ACID_SOURCE	ANCESTRY	OPEN_REQUIRES_ORIGINAL_SOURCE	Ontology ancestry identifies a chemical class or general chemical role; it does not establish the media-use or organism-specific nutritional claim. Inspect the actual lineage and source-context role evidence.		false
data/ingredients/mapped/Setamycin.yaml	242e8b33ab85ae73a82ed81fd58e039c1608dd07915f04eaf593f225a2531176	f8022e7f4b0dc2d5ac8bfee6907fef9eff7506632cd4a11eac620af6777da28b	MIM.assertion:232a219bf7763037d3dd3e72e06267b4446abb4ee24f53d9d9148af6c8a715fb	physicochemical_roles	0	SELECTIVE_AGENT	NAME_PATTERN	OPEN_REQUIRES_ORIGINAL_SOURCE	Name-pattern matching does not establish the ingredient-specific biological or formulation role. Inspect a preparation manual, original culture method, or direct utilization study.		false
data/ingredients/mapped/Shikimic_Acid.yaml	113b1d016776be8106aba662b2bf751093a032fe8b214ea6f0562a0ba790bfb2	df2072c00c03ccac74a186fad08ecce37b665354626058d581fd7b3f601cd30f	MIM.assertion:d1f69fc3192c69a4dbe9a3366bbdcd8f1548dbde41f66ade7b7e5b46afc43a1c	nutritional_roles	0	CARBON_SOURCE	NAME_PATTERN	OPEN_REQUIRES_ORIGINAL_SOURCE	Name-pattern matching does not establish the ingredient-specific biological or formulation role. Inspect a preparation manual, original culture method, or direct utilization study.		false
data/ingredients/mapped/Sialyllacto-N-tetraose_A.yaml	86bebd2a031edd427b9d703ea2100f364f1de9e0e70985ab47935bf236777652	4ea628be52149f9b81f39b2e78a409a172515bc4ad5c8e5c6fb4eba7014f1b6e	MIM.assertion:4f71b867f7688431c962c6b4d5d165ecb501185dd698d7a33bb0c164614c5bf3	nutritional_roles	0	CARBON_SOURCE	ANCESTRY	OPEN_REQUIRES_ORIGINAL_SOURCE	Ontology ancestry identifies a chemical class or general chemical role; it does not establish the media-use or organism-specific nutritional claim. Inspect the actual lineage and source-context role evidence.		false
data/ingredients/mapped/Sialyllacto-N-tetraose_C.yaml	19f8a16b62a31dc225cee99511cf92f3b77d650ea50f8875d580debf7a7108b4	4ea628be52149f9b81f39b2e78a409a172515bc4ad5c8e5c6fb4eba7014f1b6e	MIM.assertion:89e12ee32dc2836ee9e7b5f936dcb00f3fad8d7fb73d8685347b193ed0b547a3	nutritional_roles	0	CARBON_SOURCE	ANCESTRY	OPEN_REQUIRES_ORIGINAL_SOURCE	Ontology ancestry identifies a chemical class or general chemical role; it does not establish the media-use or organism-specific nutritional claim. Inspect the actual lineage and source-context role evidence.		false
data/ingredients/mapped/Sialyllacto-N-tetraose_D.yaml	e69b97faa37600d48b65806a9eee8d965f85ecb9d33189651babc8e7068e102a	df2072c00c03ccac74a186fad08ecce37b665354626058d581fd7b3f601cd30f	MIM.assertion:ea1fc98fe7859d2e39b10c7d32e40a682dc32004ad85f4214cb9d743f9eb48f3	nutritional_roles	0	CARBON_SOURCE	NAME_PATTERN	OPEN_REQUIRES_ORIGINAL_SOURCE	Name-pattern matching does not establish the ingredient-specific biological or formulation role. Inspect a preparation manual, original culture method, or direct utilization study.		false
data/ingredients/mapped/Siderophore.yaml	bd1a1c002069e81d5c10478e4f5c1db7791a06766531ded5c9ecf1573df8a43a	6a341bc3251a64e58a46cdfa02fe2125b7ceb31fb3dd6c04b9ff4a4fc1046e33	MIM.assertion:1de759aeb73c545f2dc4f47ad8bea1e5581f8aa3bac470ac5cbf0580636aa545	physicochemical_roles	0	CHELATOR	ANCESTRY	OPEN_REQUIRES_ORIGINAL_SOURCE	Ontology ancestry identifies a chemical class or general chemical role; it does not establish the media-use or organism-specific nutritional claim. Inspect the actual lineage and source-context role evidence.		false
data/ingredients/mapped/Sisomicin_Sulfate_Salt.yaml	207d61d45697967cb3c373ec430a2f7c35005ac702457bd3024f70a6efc93fe2	f8022e7f4b0dc2d5ac8bfee6907fef9eff7506632cd4a11eac620af6777da28b	MIM.assertion:969e318a7093b88240387cf20b674273eea26f584e71fc40710810a7968ffc55	physicochemical_roles	0	SELECTIVE_AGENT	NAME_PATTERN	OPEN_REQUIRES_ORIGINAL_SOURCE	Name-pattern matching does not establish the ingredient-specific biological or formulation role. Inspect a preparation manual, original culture method, or direct utilization study.		false
data/ingredients/mapped/Sn-Glycerol_3-phosphate_Lithium_Salt.yaml	67ccdc054e9653131dc7f80beed6b6763edbb22b7ce799eebfdfcfa651018e0c	df2072c00c03ccac74a186fad08ecce37b665354626058d581fd7b3f601cd30f	MIM.assertion:d814ece810e5690e7ca0f86db91ecac38b75204210064e2015ce2883d653f683	nutritional_roles	0	CARBON_SOURCE	NAME_PATTERN	OPEN_REQUIRES_ORIGINAL_SOURCE	Name-pattern matching does not establish the ingredient-specific biological or formulation role. Inspect a preparation manual, original culture method, or direct utilization study.		false
data/ingredients/mapped/Sn-glycerol_3-phosphate_Bis_Cyclohexylammonium_Salt.yaml	b1f78b81519a0ba3363001a8f98ff3f4ee76b3643178be76af5d0ce83984b007	df2072c00c03ccac74a186fad08ecce37b665354626058d581fd7b3f601cd30f	MIM.assertion:2aee2a2fdaf1ac8659d6dab643a1305be4e612bc54529d9cc065d76085f8d371	nutritional_roles	0	CARBON_SOURCE	NAME_PATTERN	OPEN_REQUIRES_ORIGINAL_SOURCE	Name-pattern matching does not establish the ingredient-specific biological or formulation role. Inspect a preparation manual, original culture method, or direct utilization study.		false
data/ingredients/mapped/Sodium_D-Lactate.yaml	5b9a8ec9f0371556ec5e88ab9e10ad5a6ad91407a7f608f16b33e3afd58bcbdb	df2072c00c03ccac74a186fad08ecce37b665354626058d581fd7b3f601cd30f	MIM.assertion:eb1122f40b61da51e82b9bf35a0f64575b49bc3e96637f4ee3815805d0f39ded	nutritional_roles	0	CARBON_SOURCE	NAME_PATTERN	OPEN_REQUIRES_ORIGINAL_SOURCE	Name-pattern matching does not establish the ingredient-specific biological or formulation role. Inspect a preparation manual, original culture method, or direct utilization study.		false
data/ingredients/mapped/Sodium_D-Lactate.yaml	5b9a8ec9f0371556ec5e88ab9e10ad5a6ad91407a7f608f16b33e3afd58bcbdb	05797c833ce5f55a4f9deb8713e7b56bc9b4c8e4920aeed310903d0418be101f	MIM.assertion:e46f470b0ae5e025680f71bb1cacf5f5ca2b51c5e46eff0ea112c601f9e7a9f6	nutritional_roles	1	ENERGY_SOURCE	ENERGY_TEMPLATE	OPEN_REQUIRES_ORIGINAL_SOURCE	A generic energy-substrate template does not record a supporting organism, culture condition, or utilization experiment. Source-confirm this precise stereochemical and supplied form.		false
data/ingredients/mapped/Sodium_Dithionite.yaml	5ca626463094c6d84a610a408f11b7c904421bc9c421aac4b8507c271c7bb1d1	1ebc231952c7b26c84f5098a04ce280ae03d92c47ec1430a34eb139b88a5b9a2	MIM.assertion:133b2123dac0827d83ebf0d419e0397c7cf15332bcd6ae3791dd5050766d1f71	physicochemical_roles	0	REDUCING_AGENT	NAME_PATTERN	OPEN_REQUIRES_ORIGINAL_SOURCE	Name-pattern matching does not establish the ingredient-specific biological or formulation role. Inspect a preparation manual, original culture method, or direct utilization study.		false
data/ingredients/mapped/Sodium_Dodecyl_Sulfate.yaml	0d32474dddfc4ef67d0932b9d586e27293d71ccef3c0ed68dd8f2bca225b0aa7	15642c0ff7088d75bc88144e153f7a5d62a83b6cf7cc8dfb9cf5f52576b84dd4	MIM.assertion:1c7cd9f63d9b840ec71042956c46b6b522d82dd7eb3406788c084efb34fcff8c	physicochemical_roles	0	SURFACTANT	ANCESTRY	OPEN_REQUIRES_ORIGINAL_SOURCE	Ontology ancestry identifies a chemical class or general chemical role; it does not establish the media-use or organism-specific nutritional claim. Inspect the actual lineage and source-context role evidence.		false
data/ingredients/mapped/Sodium_Gluconate.yaml	a39a644eb65c55b6f99c47e098938a736bea805c4236f89e7e9dd1e6f3cdabc4	df2072c00c03ccac74a186fad08ecce37b665354626058d581fd7b3f601cd30f	MIM.assertion:1d11f5188ccaa6619079467ba1a4855f0de7aa38f1d02b9ea4b1897dabdd72ca	nutritional_roles	0	CARBON_SOURCE	NAME_PATTERN	OPEN_REQUIRES_ORIGINAL_SOURCE	Name-pattern matching does not establish the ingredient-specific biological or formulation role. Inspect a preparation manual, original culture method, or direct utilization study.		false
data/ingredients/mapped/Sodium_Gluconate.yaml	a39a644eb65c55b6f99c47e098938a736bea805c4236f89e7e9dd1e6f3cdabc4	05797c833ce5f55a4f9deb8713e7b56bc9b4c8e4920aeed310903d0418be101f	MIM.assertion:bcd7c49f03b39fc51b088161f51156cdc9101007be53d8acff392eb88debce70	nutritional_roles	1	ENERGY_SOURCE	ENERGY_TEMPLATE	OPEN_REQUIRES_ORIGINAL_SOURCE	A generic energy-substrate template does not record a supporting organism, culture condition, or utilization experiment. Source-confirm this precise stereochemical and supplied form.		false
data/ingredients/mapped/Sodium_Lactate.yaml	56bf2419bf87002c162021c48c4a2c97392a0f97243bd2013d78a4a62e5f69a6	05797c833ce5f55a4f9deb8713e7b56bc9b4c8e4920aeed310903d0418be101f	MIM.assertion:d91a79882b1c3cfced3fa47bf9eaa0e2f41c9c09f2639ccc3229329b79b7c4a5	nutritional_roles	1	ENERGY_SOURCE	ENERGY_TEMPLATE	OPEN_REQUIRES_ORIGINAL_SOURCE	A generic energy-substrate template does not record a supporting organism, culture condition, or utilization experiment. Source-confirm this precise stereochemical and supplied form.		false
data/ingredients/mapped/Sodium_Malate.yaml	74c793a6b15bd968d4c07253c171530894bac9e8116e86d3cb0878b5c3562ee9	df2072c00c03ccac74a186fad08ecce37b665354626058d581fd7b3f601cd30f	MIM.assertion:3b29aec35373382267723a3bf5a4ab80dfb6493a78e4c7a8676bafd9ac97b1a9	nutritional_roles	0	CARBON_SOURCE	NAME_PATTERN	OPEN_REQUIRES_ORIGINAL_SOURCE	Name-pattern matching does not establish the ingredient-specific biological or formulation role. Inspect a preparation manual, original culture method, or direct utilization study.		false
data/ingredients/mapped/Sodium_Malate.yaml	74c793a6b15bd968d4c07253c171530894bac9e8116e86d3cb0878b5c3562ee9	05797c833ce5f55a4f9deb8713e7b56bc9b4c8e4920aeed310903d0418be101f	MIM.assertion:c8066f304a23037e11aae760fda5417e3f4d4445afbbe1922aacb8ade4bfbcb0	nutritional_roles	1	ENERGY_SOURCE	ENERGY_TEMPLATE	OPEN_REQUIRES_ORIGINAL_SOURCE	A generic energy-substrate template does not record a supporting organism, culture condition, or utilization experiment. Source-confirm this precise stereochemical and supplied form.		false
data/ingredients/mapped/Sodium_Maleate.yaml	395ed38b57a7bfb13ebc38c82ac7a88d45f75458cdc5b72c44c4216c49f7f005	592ae8aa21a10ac056d06766057dd237bc1add8aab55c49fda1cea2a5601e6f3	MIM.assertion:16402cc651f2dc2e767885ad4d4c1c7858a271fa01f5f36a12d610fa0dc7f4c3	physicochemical_roles	0	BUFFER	LLM_PREDICTION	OPEN_REQUIRES_ORIGINAL_SOURCE	Uncited in-session reasoning supplies no independent observation. Obtain a source supporting the exact role for the specified ingredient.		false
data/ingredients/mapped/Sodium_Octanoate.yaml	7e7f554bbb26400281ae30180749cbbe9a9ec579c3f33525d7ef018ff1988df2	df2072c00c03ccac74a186fad08ecce37b665354626058d581fd7b3f601cd30f	MIM.assertion:ed4c8e718062faeeb96894ec37d496cac0603dbb2da87e7d996e7412b20a47b0	nutritional_roles	0	CARBON_SOURCE	NAME_PATTERN	OPEN_REQUIRES_ORIGINAL_SOURCE	Name-pattern matching does not establish the ingredient-specific biological or formulation role. Inspect a preparation manual, original culture method, or direct utilization study.		false
data/ingredients/mapped/Sodium_Perchlorate.yaml	d1c9ae50b76e36da7622c4228f7020d2f4d24dd6f97db7cd979ab7643897140b	b23909bd20185dc3845333061117163f2e601c128ff90bd7bf25151c8eb28206	MIM.assertion:0e2d8d7feb9aedf2680538547bad90aef63e5a5baa5ac46438d05305c62c21b6	cellular_metabolic_roles	0	ELECTRON_ACCEPTOR	LLM_PREDICTION	SUPPORTED_IN_STATED_CONTEXT	The methods supply sodium perchlorate as acceptor. Results demonstrate oxygen and nitrate effects; this role is restricted to the described perchlorate-respiring organisms and anoxic conditions.	https://pmc.ncbi.nlm.nih.gov/articles/PMC124121/	true
data/ingredients/mapped/Sodium_Perchlorate_Monohydrate.yaml	83a5b1cf514bd048c0e253a3ec7e4b99710b732587286dd370dfb27e6012de24	b23909bd20185dc3845333061117163f2e601c128ff90bd7bf25151c8eb28206	MIM.assertion:9ece9ee9c1065278b2e3b223539b3789136463ecb054f2d8663f02484909c85a	cellular_metabolic_roles	0	ELECTRON_ACCEPTOR	LLM_PREDICTION	SUPPORTED_IN_STATED_CONTEXT	Extending the demonstrated sodium-perchlorate role to the dissolved monohydrate is a chemical inference about perchlorate supply. The paper does not identify the monohydrate reagent or establish solid-form identity.	https://pmc.ncbi.nlm.nih.gov/articles/PMC124121/	true
data/ingredients/mapped/Sodium_Phosphate_Buffer.yaml	ce046dc294a3b03325e251676ea7f5e3c978dd81a122d187a110a35c58df5c29	a082d38abdfabb7975cb49a5c3f3a8fab98f87de4d0a2b2f26605015d18a793a	MIM.assertion:d830b3e207af741a90a8741ab02bdf6c421bc798de0b26fccca906d21c4e6e52	physicochemical_roles	0	BUFFER	NAME_PATTERN	OPEN_REQUIRES_ORIGINAL_SOURCE	Name-pattern matching does not establish the ingredient-specific biological or formulation role. Inspect a preparation manual, original culture method, or direct utilization study.		false
data/ingredients/mapped/Sodium_Potassium_Phosphate_Buffer.yaml	344cddfb85f088be99aff9cf75731b2c5fcdeb926f022a0f5633451816fb2c7a	a082d38abdfabb7975cb49a5c3f3a8fab98f87de4d0a2b2f26605015d18a793a	MIM.assertion:b2392b9e61560577aac5e7a9f32e439ae5fa60af8acfd4becf7f1e5c45cef11e	physicochemical_roles	0	BUFFER	NAME_PATTERN	OPEN_REQUIRES_ORIGINAL_SOURCE	Name-pattern matching does not establish the ingredient-specific biological or formulation role. Inspect a preparation manual, original culture method, or direct utilization study.		false
data/ingredients/mapped/Sodium_Pyrophosphate.yaml	0cd88f3772c3f6c284b5087118f8861c1336a66d9157cd38b285308165b918f6	6a341bc3251a64e58a46cdfa02fe2125b7ceb31fb3dd6c04b9ff4a4fc1046e33	MIM.assertion:b06e7f4427eadf8e43d4c0baed8ac6f17848d63593d0e20cd1e0ce7256b71ee2	physicochemical_roles	0	CHELATOR	ANCESTRY	OPEN_REQUIRES_ORIGINAL_SOURCE	Ontology ancestry identifies a chemical class or general chemical role; it does not establish the media-use or organism-specific nutritional claim. Inspect the actual lineage and source-context role evidence.		false
data/ingredients/mapped/Sodium_Succinate.yaml	c8981c5bb57554636e2eec0fc2f209cc7cd24ca61df1039a1c7bd028402ba743	df2072c00c03ccac74a186fad08ecce37b665354626058d581fd7b3f601cd30f	MIM.assertion:0886b6d8ebdf6fc7bc7529928a95bd66afe1a0fdab9f9fe093e10425af89cf47	nutritional_roles	0	CARBON_SOURCE	NAME_PATTERN	OPEN_REQUIRES_ORIGINAL_SOURCE	Name-pattern matching does not establish the ingredient-specific biological or formulation role. Inspect a preparation manual, original culture method, or direct utilization study.		false
data/ingredients/mapped/Sodium_Succinate.yaml	c8981c5bb57554636e2eec0fc2f209cc7cd24ca61df1039a1c7bd028402ba743	05797c833ce5f55a4f9deb8713e7b56bc9b4c8e4920aeed310903d0418be101f	MIM.assertion:4fc870435e64e6e8794927f6979b51685cda8eca98b422e3fd4189d699de5be5	nutritional_roles	1	ENERGY_SOURCE	ENERGY_TEMPLATE	OPEN_REQUIRES_ORIGINAL_SOURCE	A generic energy-substrate template does not record a supporting organism, culture condition, or utilization experiment. Source-confirm this precise stereochemical and supplied form.		false
data/ingredients/mapped/Sodium_Succinate_Dibasic.yaml	79ed1bee5feb79154020816ebb98eac852a870cd28ca0d4b81fcad05d052287d	4ea628be52149f9b81f39b2e78a409a172515bc4ad5c8e5c6fb4eba7014f1b6e	MIM.assertion:18c2793de18ef8fe308c6ceebfbd830a8c2c03c277a87ce6dfa5d474ff0f279c	nutritional_roles	0	CARBON_SOURCE	ANCESTRY	OPEN_REQUIRES_ORIGINAL_SOURCE	Ontology ancestry identifies a chemical class or general chemical role; it does not establish the media-use or organism-specific nutritional claim. Inspect the actual lineage and source-context role evidence.		false
data/ingredients/mapped/Sodium_Succinate_Dibasic.yaml	79ed1bee5feb79154020816ebb98eac852a870cd28ca0d4b81fcad05d052287d	05797c833ce5f55a4f9deb8713e7b56bc9b4c8e4920aeed310903d0418be101f	MIM.assertion:6eb7db2c86fbbf83edc75f28f0860bd952279608faa0591dffb521dbf85457b3	nutritional_roles	1	ENERGY_SOURCE	ENERGY_TEMPLATE	OPEN_REQUIRES_ORIGINAL_SOURCE	A generic energy-substrate template does not record a supporting organism, culture condition, or utilization experiment. Source-confirm this precise stereochemical and supplied form.		false
data/ingredients/mapped/Sodium_phosphate_monobasic_monohydrate.yaml	03a04c1897d54a7d57a924d99d4f8411a87c990a4e02b5405ee4d26608a885e0	592ae8aa21a10ac056d06766057dd237bc1add8aab55c49fda1cea2a5601e6f3	MIM.assertion:f713196182b70b84afbe6f28f0540d0fdb385a53fed9e9da43ce09531e582589	physicochemical_roles	0	BUFFER	LLM_PREDICTION	OPEN_REQUIRES_ORIGINAL_SOURCE	Uncited in-session reasoning supplies no independent observation. Obtain a source supporting the exact role for the specified ingredient.		false
data/ingredients/mapped/Sodium_succinate_dibasic_hexahydrate.yaml	9888deb6a45d6f8199878e9711ffc0d24b03a46d8f41fcf1aaf7830b5c035507	df2072c00c03ccac74a186fad08ecce37b665354626058d581fd7b3f601cd30f	MIM.assertion:fe7930a038f83d13bdc23d0f92068ad93f7d10bb5765c0f2a220a840f3daba13	nutritional_roles	0	CARBON_SOURCE	NAME_PATTERN	OPEN_REQUIRES_ORIGINAL_SOURCE	Name-pattern matching does not establish the ingredient-specific biological or formulation role. Inspect a preparation manual, original culture method, or direct utilization study.		false
data/ingredients/mapped/Sodium_succinate_dibasic_hexahydrate.yaml	9888deb6a45d6f8199878e9711ffc0d24b03a46d8f41fcf1aaf7830b5c035507	05797c833ce5f55a4f9deb8713e7b56bc9b4c8e4920aeed310903d0418be101f	MIM.assertion:04cba58dee6be6fe568b241e9497d9b8eff863ee9dd281cdf0fc2eb61ad8c3bb	nutritional_roles	1	ENERGY_SOURCE	ENERGY_TEMPLATE	OPEN_REQUIRES_ORIGINAL_SOURCE	A generic energy-substrate template does not record a supporting organism, culture condition, or utilization experiment. Source-confirm this precise stereochemical and supplied form.		false
data/ingredients/mapped/Soya_Peptone.yaml	4002653e0decfd0e7821b4bdec8b5868f4d812225a294da510599b4497f06743	7fbde1a92491632faf80d3bf87c4cab5bf4e772e70454374b86dd833f81f0ae8	MIM.assertion:41e9cfbc75e380105f95565fa3a1520c270203ca5ccf97a709045afac4cdbcc4	nutritional_roles	0	PROTEIN_SOURCE	NAME_PATTERN	OPEN_REQUIRES_ORIGINAL_SOURCE	Name-pattern matching does not establish the ingredient-specific biological or formulation role. Inspect a preparation manual, original culture method, or direct utilization study.		false
data/ingredients/mapped/Spectinomycin_Dihydrochloride_Pentahydrate.yaml	1b05f89b24790d65f1318b4499e5aa93ad57d2acc52facdaa1e70cd2cfb012da	f8022e7f4b0dc2d5ac8bfee6907fef9eff7506632cd4a11eac620af6777da28b	MIM.assertion:245f2f0c67f4ad4dd6b456f6ec8eb26b7d9472afca8c659fa16dd43d95ea5c19	physicochemical_roles	0	SELECTIVE_AGENT	NAME_PATTERN	OPEN_REQUIRES_ORIGINAL_SOURCE	Name-pattern matching does not establish the ingredient-specific biological or formulation role. Inspect a preparation manual, original culture method, or direct utilization study.		false
data/ingredients/mapped/Spiramycin.yaml	9cbe557f6b1b7f0bc51fdb778bececaf9578facef3104aead044b84a7b46aecc	f8022e7f4b0dc2d5ac8bfee6907fef9eff7506632cd4a11eac620af6777da28b	MIM.assertion:edf88cf4d3a9b7cb58911a9431c52cbe23a0e2d61cd8cb864266a6dce4ea3e98	physicochemical_roles	0	SELECTIVE_AGENT	NAME_PATTERN	OPEN_REQUIRES_ORIGINAL_SOURCE	Name-pattern matching does not establish the ingredient-specific biological or formulation role. Inspect a preparation manual, original culture method, or direct utilization study.		false
data/ingredients/mapped/Sporangiomycin.yaml	5e72445459f2a6190d5d0a087b2da5faa9e182d7d02468179d62f218304143ea	f8022e7f4b0dc2d5ac8bfee6907fef9eff7506632cd4a11eac620af6777da28b	MIM.assertion:df2f20146d780e4ba58b48a14697e295d919852d866f459d441996894ec0061a	physicochemical_roles	0	SELECTIVE_AGENT	NAME_PATTERN	OPEN_REQUIRES_ORIGINAL_SOURCE	Name-pattern matching does not establish the ingredient-specific biological or formulation role. Inspect a preparation manual, original culture method, or direct utilization study.		false
data/ingredients/mapped/Stachyose_-_70.yaml	1a8a006b5d391e6b72f240c7e38e59491976b19d65f91216620bb2935d4d5605	4ea628be52149f9b81f39b2e78a409a172515bc4ad5c8e5c6fb4eba7014f1b6e	MIM.assertion:72e4645f9a296bbd10ed7c8cf3a4c8d3f267c1d8b95ecd501fb5b6f9254c0905	nutritional_roles	0	CARBON_SOURCE	ANCESTRY	OPEN_REQUIRES_ORIGINAL_SOURCE	Ontology ancestry identifies a chemical class or general chemical role; it does not establish the media-use or organism-specific nutritional claim. Inspect the actual lineage and source-context role evidence.		false
data/ingredients/mapped/Stachyose_Hydrate.yaml	c8bd702022c2f571b9bbcb446d2abe1cda6b69568d2b0bea257be86540305682	df2072c00c03ccac74a186fad08ecce37b665354626058d581fd7b3f601cd30f	MIM.assertion:fe7d9653d8ed89fd3d82e3ade45b7e98149bf6df34d701b928645a7dd75a6094	nutritional_roles	0	CARBON_SOURCE	NAME_PATTERN	OPEN_REQUIRES_ORIGINAL_SOURCE	Name-pattern matching does not establish the ingredient-specific biological or formulation role. Inspect a preparation manual, original culture method, or direct utilization study.		false
data/ingredients/mapped/Stallimycin.yaml	d9700409a71c30aaebecd7d1ab88ae494dfdb094e6cfe6d0e358e245fc9a6853	f8022e7f4b0dc2d5ac8bfee6907fef9eff7506632cd4a11eac620af6777da28b	MIM.assertion:66976c9e42a164ce418f4344038a6c0d78e4d60f487a45054a716c149e035559	physicochemical_roles	0	SELECTIVE_AGENT	NAME_PATTERN	OPEN_REQUIRES_ORIGINAL_SOURCE	Name-pattern matching does not establish the ingredient-specific biological or formulation role. Inspect a preparation manual, original culture method, or direct utilization study.		false
data/ingredients/mapped/Staphylomycin_M1.yaml	04785e91917d2e9a1a1e670e3dd871cc6745b43eed0f75d32c41f1e83061a431	f8022e7f4b0dc2d5ac8bfee6907fef9eff7506632cd4a11eac620af6777da28b	MIM.assertion:ddd8220ed7c04b7e272641e568a5052c10e93a4ea34d92d77b00031ec6184789	physicochemical_roles	0	SELECTIVE_AGENT	NAME_PATTERN	OPEN_REQUIRES_ORIGINAL_SOURCE	Name-pattern matching does not establish the ingredient-specific biological or formulation role. Inspect a preparation manual, original culture method, or direct utilization study.		false
data/ingredients/mapped/Steffimycin.yaml	ab55f3bada1b86513f24c4ab3ce55fb8f400785709509fdba0acaed781196601	f8022e7f4b0dc2d5ac8bfee6907fef9eff7506632cd4a11eac620af6777da28b	MIM.assertion:1f81484bb265d6228574f1c05c5c0174f6e602e5dd5f06962860244bbf5900d0	physicochemical_roles	0	SELECTIVE_AGENT	NAME_PATTERN	OPEN_REQUIRES_ORIGINAL_SOURCE	Name-pattern matching does not establish the ingredient-specific biological or formulation role. Inspect a preparation manual, original culture method, or direct utilization study.		false
data/ingredients/mapped/Streptomycin_Sulfate_Salt.yaml	d2a1728eed516fdd0280e1005896d8952497be0e7fdb41af3c50cd8bb78681bb	f8022e7f4b0dc2d5ac8bfee6907fef9eff7506632cd4a11eac620af6777da28b	MIM.assertion:785e887db5476c96d16dffe95a552cae363670e7e26007a808889700b7560603	physicochemical_roles	0	SELECTIVE_AGENT	NAME_PATTERN	OPEN_REQUIRES_ORIGINAL_SOURCE	Name-pattern matching does not establish the ingredient-specific biological or formulation role. Inspect a preparation manual, original culture method, or direct utilization study.		false
data/ingredients/mapped/Succinate.yaml	346f46e1a132bfa853f83b0742412721982ec60b5d53107c818e21a61d10341e	df2072c00c03ccac74a186fad08ecce37b665354626058d581fd7b3f601cd30f	MIM.assertion:d294863dd0f7bbc81febe9e53524a757c79700d93cb7eb54bf249730d1491975	nutritional_roles	0	CARBON_SOURCE	NAME_PATTERN	OPEN_REQUIRES_ORIGINAL_SOURCE	Name-pattern matching does not establish the ingredient-specific biological or formulation role. Inspect a preparation manual, original culture method, or direct utilization study.		false
data/ingredients/mapped/Succinate.yaml	346f46e1a132bfa853f83b0742412721982ec60b5d53107c818e21a61d10341e	05797c833ce5f55a4f9deb8713e7b56bc9b4c8e4920aeed310903d0418be101f	MIM.assertion:f36d34377b5d3a71fad342f75fb7597e3727f32fcfd977924d95e0293ff54311	nutritional_roles	1	ENERGY_SOURCE	ENERGY_TEMPLATE	OPEN_REQUIRES_ORIGINAL_SOURCE	A generic energy-substrate template does not record a supporting organism, culture condition, or utilization experiment. Source-confirm this precise stereochemical and supplied form.		false
data/ingredients/mapped/Succinic_Acid.yaml	eb67f0d82fa4c400905625bc6638673db27639ace55ffc06440b1429dfc2d158	df2072c00c03ccac74a186fad08ecce37b665354626058d581fd7b3f601cd30f	MIM.assertion:eead726ca46aba9316e36a57f93ab7626780ffdbbed66a3a00c28c74ebf787d2	nutritional_roles	0	CARBON_SOURCE	NAME_PATTERN	OPEN_REQUIRES_ORIGINAL_SOURCE	Name-pattern matching does not establish the ingredient-specific biological or formulation role. Inspect a preparation manual, original culture method, or direct utilization study.		false
data/ingredients/mapped/Succinic_Acid.yaml	eb67f0d82fa4c400905625bc6638673db27639ace55ffc06440b1429dfc2d158	05797c833ce5f55a4f9deb8713e7b56bc9b4c8e4920aeed310903d0418be101f	MIM.assertion:3f14497aa3103f01926e371ef5fc1b82ca4b1a4b2f7663a7e9787cf7c990c66d	nutritional_roles	1	ENERGY_SOURCE	ENERGY_TEMPLATE	OPEN_REQUIRES_ORIGINAL_SOURCE	A generic energy-substrate template does not record a supporting organism, culture condition, or utilization experiment. Source-confirm this precise stereochemical and supplied form.		false
data/ingredients/mapped/Sucrose-6-monophosphate_Dipotassium_Salt.yaml	c6dd378cb6b1bdeffadb13a56c6d14928e8b78e999cceedef195f4feb04bf5c8	df2072c00c03ccac74a186fad08ecce37b665354626058d581fd7b3f601cd30f	MIM.assertion:1e5bcbda7f20b296386a27ccd0c1f3938b34c9a7f92049aeade5fedee530c8ab	nutritional_roles	0	CARBON_SOURCE	NAME_PATTERN	OPEN_REQUIRES_ORIGINAL_SOURCE	Name-pattern matching does not establish the ingredient-specific biological or formulation role. Inspect a preparation manual, original culture method, or direct utilization study.		false
data/ingredients/mapped/Sucrose.yaml	36d3205ecc78e87cb9e258f55e7e85c7a6e0daab32ae7a916c674acc327189e1	05797c833ce5f55a4f9deb8713e7b56bc9b4c8e4920aeed310903d0418be101f	MIM.assertion:0fa75392e54ed5a88e8b8bea449b0d5ecf28c037b35882c9957aa861e0a3d5b0	nutritional_roles	1	ENERGY_SOURCE	ENERGY_TEMPLATE	OPEN_REQUIRES_ORIGINAL_SOURCE	A generic energy-substrate template does not record a supporting organism, culture condition, or utilization experiment. Source-confirm this precise stereochemical and supplied form.		false
data/ingredients/mapped/Sucrose.yaml	36d3205ecc78e87cb9e258f55e7e85c7a6e0daab32ae7a916c674acc327189e1	4ea628be52149f9b81f39b2e78a409a172515bc4ad5c8e5c6fb4eba7014f1b6e	MIM.assertion:c3a1450b1ce1408e9987d9d6b6d717c33d25b810c87df1ca70f5d41fba644092	nutritional_roles	2	CARBON_SOURCE	ANCESTRY	OPEN_REQUIRES_ORIGINAL_SOURCE	Ontology ancestry identifies a chemical class or general chemical role; it does not establish the media-use or organism-specific nutritional claim. Inspect the actual lineage and source-context role evidence.		false
data/ingredients/mapped/Sulfamethoxazole.yaml	0bafce5adeed80defa31c832e03fd2c6b47b539a4e4b546ce20429ec664a7165	f8022e7f4b0dc2d5ac8bfee6907fef9eff7506632cd4a11eac620af6777da28b	MIM.assertion:d2787d732c559565ffad9d88cb0ce18930e43e903d6cc83b1aa3939a959d4c50	physicochemical_roles	0	SELECTIVE_AGENT	NAME_PATTERN	OPEN_REQUIRES_ORIGINAL_SOURCE	Name-pattern matching does not establish the ingredient-specific biological or formulation role. Inspect a preparation manual, original culture method, or direct utilization study.		false
data/ingredients/mapped/Surfactant.yaml	4ae85133118ce09bc36ea6b188ddb559b61f13e9a35b5a57bbed451d726a5666	15642c0ff7088d75bc88144e153f7a5d62a83b6cf7cc8dfb9cf5f52576b84dd4	MIM.assertion:bb800b831aba52007786d59023519dd17cc2c62029b2419f90a26a9692656460	physicochemical_roles	0	SURFACTANT	ANCESTRY	OPEN_REQUIRES_ORIGINAL_SOURCE	Ontology ancestry identifies a chemical class or general chemical role; it does not establish the media-use or organism-specific nutritional claim. Inspect the actual lineage and source-context role evidence.		false
data/ingredients/mapped/TAPS_Sodium_Salt.yaml	8f9e70c3f7d5c78d740187ab86dbc001a1b8fbbdf11898f79546f7bf5f23fda6	a082d38abdfabb7975cb49a5c3f3a8fab98f87de4d0a2b2f26605015d18a793a	MIM.assertion:b49b9baa684ce460e0a1a50d57289f3efd25617ba698abe12383da14f5c1ca54	physicochemical_roles	0	BUFFER	NAME_PATTERN	OPEN_REQUIRES_ORIGINAL_SOURCE	Name-pattern matching does not establish the ingredient-specific biological or formulation role. Inspect a preparation manual, original culture method, or direct utilization study.		false
data/ingredients/mapped/Tertiomycin_A.yaml	78cc4f58e50f0be6af20f18852d731e266842ed24373ecbf285265349a62d57a	f8022e7f4b0dc2d5ac8bfee6907fef9eff7506632cd4a11eac620af6777da28b	MIM.assertion:71fa3f4db482b1ab65c05b27e14fa5fa493062ed64393d06b35c04a9f3ed312c	physicochemical_roles	0	SELECTIVE_AGENT	NAME_PATTERN	OPEN_REQUIRES_ORIGINAL_SOURCE	Name-pattern matching does not establish the ingredient-specific biological or formulation role. Inspect a preparation manual, original culture method, or direct utilization study.		false
data/ingredients/mapped/Tertiomycin_B.yaml	6cbbacf9154ff6e15904bf5699216815b3a652f35b0e6f62f8f46b0b71eeb1f4	f8022e7f4b0dc2d5ac8bfee6907fef9eff7506632cd4a11eac620af6777da28b	MIM.assertion:4130f92ff9aaadb7f745243a64a65d65bd5aa80cca9d4e8d88bbf4c6b5310ccd	physicochemical_roles	0	SELECTIVE_AGENT	NAME_PATTERN	OPEN_REQUIRES_ORIGINAL_SOURCE	Name-pattern matching does not establish the ingredient-specific biological or formulation role. Inspect a preparation manual, original culture method, or direct utilization study.		false
data/ingredients/mapped/Tes.yaml	a14ca054460e6ede69aaea67d8e48fa507ff619393aabb6e75ff414fe2e0ba2b	a082d38abdfabb7975cb49a5c3f3a8fab98f87de4d0a2b2f26605015d18a793a	MIM.assertion:8e83416f64ab8a5853469f9db98ac54eb243c1c9aa6b808e2d96ed2a1fb7afdc	physicochemical_roles	0	BUFFER	NAME_PATTERN	OPEN_REQUIRES_ORIGINAL_SOURCE	Name-pattern matching does not establish the ingredient-specific biological or formulation role. Inspect a preparation manual, original culture method, or direct utilization study.		false
data/ingredients/mapped/Tetrachloroethene.yaml	e13bca32bdfc597091a6ee6458eab2c0d50f3140514ef5eac0fbdb24bbbbab7a	b23909bd20185dc3845333061117163f2e601c128ff90bd7bf25151c8eb28206	MIM.assertion:24fe40fb720c295512b4963e2c01058d03c05e97a5d3d4a1faf98383ebc162e4	cellular_metabolic_roles	0	ELECTRON_ACCEPTOR	LLM_PREDICTION	SUPPORTED_IN_STATED_CONTEXT	The study demonstrates growth-linked tetrachloroethene dechlorination by strain 195 with hydrogen supplying electrons. It does not imply equivalent utilization by other Dehalococcoides strains or other microbes.	https://pmc.ncbi.nlm.nih.gov/articles/PMC91463/	true
data/ingredients/mapped/Tetracycline.yaml	48a0f106a49f0b33faa49697b5c79377b2e7f92ce63327594f903ee0ab316429	f8022e7f4b0dc2d5ac8bfee6907fef9eff7506632cd4a11eac620af6777da28b	MIM.assertion:350bddd90bddc9ba0497d352d7842c310f5952a8b6d4453e306f28b45e05dd53	physicochemical_roles	0	SELECTIVE_AGENT	NAME_PATTERN	OPEN_REQUIRES_ORIGINAL_SOURCE	Name-pattern matching does not establish the ingredient-specific biological or formulation role. Inspect a preparation manual, original culture method, or direct utilization study.		false
data/ingredients/mapped/Tetracycline_Hydrochloride.yaml	1c65b35e3fe29bf2211a458a339c7cade9e4f6de2d3ad02066d2abef6753f409	f8022e7f4b0dc2d5ac8bfee6907fef9eff7506632cd4a11eac620af6777da28b	MIM.assertion:83a639b58fc2324e4f9bf38d7c8d6040e1def7efb9f4313d3dfe9ba1fe8f7391	physicochemical_roles	0	SELECTIVE_AGENT	NAME_PATTERN	OPEN_REQUIRES_ORIGINAL_SOURCE	Name-pattern matching does not establish the ingredient-specific biological or formulation role. Inspect a preparation manual, original culture method, or direct utilization study.		false
data/ingredients/mapped/Thiamin_Pyrophosphate.yaml	db23730b8e0c69f8f3711697b971f39a2203f5105ba91610992f925df8bc07bf	918bac91021e5325378db6c9197e2049db1e9666b75775490a91df6567ef66da	MIM.assertion:5d59514a9a92de373686a0855e04735d73160e22a658982477443a1181fe7fd4	nutritional_roles	0	VITAMIN_SOURCE	ANCESTRY	OPEN_REQUIRES_ORIGINAL_SOURCE	Ontology ancestry identifies a chemical class or general chemical role; it does not establish the media-use or organism-specific nutritional claim. Inspect the actual lineage and source-context role evidence.		false
data/ingredients/mapped/Thiamine_Vitamin_Solution.yaml	4c48be23fcd0f01a354028889258574c342481c16d92fa546d3d10eb9bab6d8c	586a11e57ecf2eb1b36dbe62db7838c2787da19292dbb0c8a15e9944b2a97610	MIM.assertion:f74202c7a0120e424f4df7bcf86927a481c777bbc0899cc5b9cd5fc112aa1435	nutritional_roles	0	VITAMIN_SOURCE	NAME_PATTERN	OPEN_REQUIRES_ORIGINAL_SOURCE	Name-pattern matching does not establish the ingredient-specific biological or formulation role. Inspect a preparation manual, original culture method, or direct utilization study.		false
data/ingredients/mapped/Thiosulfate.yaml	797cee9ca283c5cebb88d1cc1193d9fa9e75783bdf15be2930992abf14b53736	533ac399c37e5522727529f0731bc65714eb1c2c7d27ee14999daf8395050977	MIM.assertion:1a3fcb5b1beb8310282e9817898fe7d67209b6071f357d12975996fab855e043	cellular_metabolic_roles	0	ELECTRON_DONOR	LLM_PREDICTION	SUPPORTED_IN_STATED_CONTEXT	The study varies thiosulfate as an electron donor and measures growth responses. This is organism-scoped evidence, not an assertion that all microbes use thiosulfate.	https://pmc.ncbi.nlm.nih.gov/articles/PMC5066360/	true
data/ingredients/mapped/Ticarcillin_Disodium_Salt.yaml	5f9c695108a6ccc66fed42d5463bd5eb850bded263056467ae5f61c583d07ce1	f8022e7f4b0dc2d5ac8bfee6907fef9eff7506632cd4a11eac620af6777da28b	MIM.assertion:0a6f6cb045a339531c3e89df4c3d1acef9014de15d03e4783bbc1dc62e36bf2b	physicochemical_roles	0	SELECTIVE_AGENT	NAME_PATTERN	OPEN_REQUIRES_ORIGINAL_SOURCE	Name-pattern matching does not establish the ingredient-specific biological or formulation role. Inspect a preparation manual, original culture method, or direct utilization study.		false
data/ingredients/mapped/Tobramycin_Sulfate_Salt.yaml	083a5b4efa6055f37c630bec23b31a5b1ec52bf018132f98a64c95817019d164	f8022e7f4b0dc2d5ac8bfee6907fef9eff7506632cd4a11eac620af6777da28b	MIM.assertion:0aa551d55b9c4598c5397ad4e9d72f31e258e422177c083bfb2028b01d82a7b9	physicochemical_roles	0	SELECTIVE_AGENT	NAME_PATTERN	OPEN_REQUIRES_ORIGINAL_SOURCE	Name-pattern matching does not establish the ingredient-specific biological or formulation role. Inspect a preparation manual, original culture method, or direct utilization study.		false
data/ingredients/mapped/Trace_Metal_Mix_A5.yaml	5982838d016b9e668006fa6cd8108c3930358970b2156b2a1596425af3ab4ef2	bd2e2b4f6e9ac2aab180a7d3f143fa9bb9f71a8140db8da2244c0efb52e3877e	MIM.assertion:2ddcf4b7f244f5e1744c26d67991eb9a416e573f9ae48b9d41b9eba50e3ba5a7	nutritional_roles	0	TRACE_ELEMENT	LLM_PREDICTION	OPEN_REQUIRES_ORIGINAL_SOURCE	Uncited in-session reasoning supplies no independent observation. Obtain a source supporting the exact role for the specified ingredient.		false
data/ingredients/mapped/Trans-aconitic_Acid.yaml	548d1d9d2bada99a9e82d9e5e8849cb7dce0685adde7c847ea393b33b5e15ab7	df2072c00c03ccac74a186fad08ecce37b665354626058d581fd7b3f601cd30f	MIM.assertion:cabec1b9bd78ee160b0650fd0ad38e99b3838281d9d9165c69bf196e2651c082	nutritional_roles	0	CARBON_SOURCE	NAME_PATTERN	OPEN_REQUIRES_ORIGINAL_SOURCE	Name-pattern matching does not establish the ingredient-specific biological or formulation role. Inspect a preparation manual, original culture method, or direct utilization study.		false
data/ingredients/mapped/Trans-cinnamic_Acid.yaml	a47a4dad1bd7204ee15edc4307a9491b6da91d3b51d0586e6018982e416f1003	e59eee7cf5387857dcf375c761bc4588088393fe88064c16b7be945209733418	MIM.assertion:6d600e61c6268149b9220b93571f43fb45e58d1599c3be27e1802b4fe62ae90d	nutritional_roles	0	CARBON_SOURCE	LLM_PREDICTION	OPEN_REQUIRES_ORIGINAL_SOURCE	Uncited in-session reasoning supplies no independent observation. Obtain a source supporting the exact role for the specified ingredient.		false
data/ingredients/mapped/Trehalose.yaml	fdcc28ac5e51833fee167b42f4cfa3ffd3bfdb34a1e53fb78c1718eaf2a5c015	05797c833ce5f55a4f9deb8713e7b56bc9b4c8e4920aeed310903d0418be101f	MIM.assertion:5f8167e7db13b9087080097013702e420ec48d36af25c5cce7e47207330a8112	nutritional_roles	1	ENERGY_SOURCE	ENERGY_TEMPLATE	OPEN_REQUIRES_ORIGINAL_SOURCE	A generic energy-substrate template does not record a supporting organism, culture condition, or utilization experiment. Source-confirm this precise stereochemical and supplied form.		false
data/ingredients/mapped/Tricine.yaml	fcfadeeb55acce26cd71ac7a804ec6f42be4d472fef3f81cb9ca771a8722588c	a082d38abdfabb7975cb49a5c3f3a8fab98f87de4d0a2b2f26605015d18a793a	MIM.assertion:d7b67a5863aa805128c3af75c06baeef5f1b08a4d3ffb2c4848732e0a9f46b19	physicochemical_roles	0	BUFFER	NAME_PATTERN	OPEN_REQUIRES_ORIGINAL_SOURCE	Name-pattern matching does not establish the ingredient-specific biological or formulation role. Inspect a preparation manual, original culture method, or direct utilization study.		false
data/ingredients/mapped/Trimethoprim.yaml	400b9a0abbf55d4ef09f1ab881a5eee26f37dbecd722a972b6fde0b10e1f8fc2	f8022e7f4b0dc2d5ac8bfee6907fef9eff7506632cd4a11eac620af6777da28b	MIM.assertion:cad95c28cfc8841d04374537a57d65b2f94319ad9a2e3cb91200674573a17740	physicochemical_roles	0	SELECTIVE_AGENT	NAME_PATTERN	OPEN_REQUIRES_ORIGINAL_SOURCE	Name-pattern matching does not establish the ingredient-specific biological or formulation role. Inspect a preparation manual, original culture method, or direct utilization study.		false
data/ingredients/mapped/Trimethylamine.yaml	0b2b5972faa7d1596ab3abfea5ffdc4ca08ef008907ff7eb18c4becb35e2a84f	e59eee7cf5387857dcf375c761bc4588088393fe88064c16b7be945209733418	MIM.assertion:716785854339baaf90318c3fa7908c330e11d8a6236691e6a20edfe6ad7fa376	nutritional_roles	0	CARBON_SOURCE	LLM_PREDICTION	OPEN_REQUIRES_ORIGINAL_SOURCE	Uncited in-session reasoning supplies no independent observation. Obtain a source supporting the exact role for the specified ingredient.		false
data/ingredients/mapped/Tris_Acetate_Stock_Solution.yaml	d9b484587a586f8d8eda402402f819361092f2edca57bf7cc2fc2c4c63d68d67	a082d38abdfabb7975cb49a5c3f3a8fab98f87de4d0a2b2f26605015d18a793a	MIM.assertion:ce819a41f446ec5b2a01e9592d6d15c634c0406e0c737a6e9b40e8729192aff4	physicochemical_roles	0	BUFFER	NAME_PATTERN	OPEN_REQUIRES_ORIGINAL_SOURCE	Name-pattern matching does not establish the ingredient-specific biological or formulation role. Inspect a preparation manual, original culture method, or direct utilization study.		false
data/ingredients/mapped/Trisodium_Citrate_X_H2O.yaml	47480b3cdddc63a9b7685533ad4c5f20884a34655ec6b76d880ec2178bddbd8d	df2072c00c03ccac74a186fad08ecce37b665354626058d581fd7b3f601cd30f	MIM.assertion:4faf300c9aabde8c9fd9940baa1ca94bacadefe51f1a212dd56af37c8482d75c	nutritional_roles	0	CARBON_SOURCE	NAME_PATTERN	OPEN_REQUIRES_ORIGINAL_SOURCE	Name-pattern matching does not establish the ingredient-specific biological or formulation role. Inspect a preparation manual, original culture method, or direct utilization study.		false
data/ingredients/mapped/Trisodium_Citrate_X_H2O.yaml	47480b3cdddc63a9b7685533ad4c5f20884a34655ec6b76d880ec2178bddbd8d	05797c833ce5f55a4f9deb8713e7b56bc9b4c8e4920aeed310903d0418be101f	MIM.assertion:ad08c9c66925ad384dc8f6879fb8bd3a0b292c3bcedac9306a40cdc0ea0a859a	nutritional_roles	1	ENERGY_SOURCE	ENERGY_TEMPLATE	OPEN_REQUIRES_ORIGINAL_SOURCE	A generic energy-substrate template does not record a supporting organism, culture condition, or utilization experiment. Source-confirm this precise stereochemical and supplied form.		false
data/ingredients/mapped/Triton_X-100.yaml	b61474baea2bb074a9b489521c27559b33a0ae35acda531b6dd6b0bcb9cec3aa	15642c0ff7088d75bc88144e153f7a5d62a83b6cf7cc8dfb9cf5f52576b84dd4	MIM.assertion:e94e73e2ce71b7b8a8ab2924058e2f38f22f7687cd519a2c86712d90fd34187b	physicochemical_roles	0	SURFACTANT	ANCESTRY	OPEN_REQUIRES_ORIGINAL_SOURCE	Ontology ancestry identifies a chemical class or general chemical role; it does not establish the media-use or organism-specific nutritional claim. Inspect the actual lineage and source-context role evidence.		false
data/ingredients/mapped/Trypticase.yaml	ced9ce2808f4e36f73e5a5aa7b2626efa2a85efd67ca1d39b4e15a61d4c454ef	7fbde1a92491632faf80d3bf87c4cab5bf4e772e70454374b86dd833f81f0ae8	MIM.assertion:c8e737c4053792b653c06979ec72acea0f55d72cb29f68739bd41af93ff9ffb5	nutritional_roles	0	PROTEIN_SOURCE	NAME_PATTERN	OPEN_REQUIRES_ORIGINAL_SOURCE	Name-pattern matching does not establish the ingredient-specific biological or formulation role. Inspect a preparation manual, original culture method, or direct utilization study.		false
data/ingredients/mapped/Trypticase_Peptone.yaml	88e513d4f6e6fa153ae508047b9a654922dad2bab84d4624cca2a17ade2b742c	7fbde1a92491632faf80d3bf87c4cab5bf4e772e70454374b86dd833f81f0ae8	MIM.assertion:e44d710bb318f39f34eafecea256e14b3839fe52763e70f8e1f5789bd47235d4	nutritional_roles	0	PROTEIN_SOURCE	NAME_PATTERN	OPEN_REQUIRES_ORIGINAL_SOURCE	Name-pattern matching does not establish the ingredient-specific biological or formulation role. Inspect a preparation manual, original culture method, or direct utilization study.		false
data/ingredients/mapped/Tryptone.yaml	2d4142f88d854838da86fa3f81a34d5d40c302627cf127adc0b50006e5b21356	7fbde1a92491632faf80d3bf87c4cab5bf4e772e70454374b86dd833f81f0ae8	MIM.assertion:adc9af9324325e53bc02a4d0ecb98e70bdfa0d0bc9c69c02b933acdd195a99a6	nutritional_roles	0	PROTEIN_SOURCE	NAME_PATTERN	OPEN_REQUIRES_ORIGINAL_SOURCE	Name-pattern matching does not establish the ingredient-specific biological or formulation role. Inspect a preparation manual, original culture method, or direct utilization study.		false
data/ingredients/mapped/Tryptose.yaml	6f2175ad4c3a9a65128a17cf32375598b7ca2a16e9de686c298203d931108b6f	7fbde1a92491632faf80d3bf87c4cab5bf4e772e70454374b86dd833f81f0ae8	MIM.assertion:2a00ea273daaf70db395d05464c15e966d9a5eda3a670e7c6d6e531ff54cb680	nutritional_roles	0	PROTEIN_SOURCE	NAME_PATTERN	OPEN_REQUIRES_ORIGINAL_SOURCE	Name-pattern matching does not establish the ingredient-specific biological or formulation role. Inspect a preparation manual, original culture method, or direct utilization study.		false
data/ingredients/mapped/Tuberactinomycin.yaml	1c818cbf1c39960029853fadc7f742eaf392c0d8529f711510cd2ad4e20724ee	f8022e7f4b0dc2d5ac8bfee6907fef9eff7506632cd4a11eac620af6777da28b	MIM.assertion:8dbe846a5e7f7cd83bfbb87e9125e5036aebea8caa66c18af799ff19bc546554	physicochemical_roles	0	SELECTIVE_AGENT	NAME_PATTERN	OPEN_REQUIRES_ORIGINAL_SOURCE	Name-pattern matching does not establish the ingredient-specific biological or formulation role. Inspect a preparation manual, original culture method, or direct utilization study.		false
data/ingredients/mapped/Tungstate.yaml	6e8a3fd17004e527f23f3e2f86ad2d9feefb28ef1d8b122377db7b9d31363443	bd2e2b4f6e9ac2aab180a7d3f143fa9bb9f71a8140db8da2244c0efb52e3877e	MIM.assertion:fdd1cbf82360ffad19c4523a7cdbed5d9ce750d1ae10620b2eda30a0373e27ab	nutritional_roles	0	TRACE_ELEMENT	LLM_PREDICTION	OPEN_REQUIRES_ORIGINAL_SOURCE	Uncited in-session reasoning supplies no independent observation. Obtain a source supporting the exact role for the specified ingredient.		false
data/ingredients/mapped/Tunicamycin.yaml	d6c1f7324d1f1fb0b60cd89c54e2b81950fdd873f6b32c76d3f2388a9092fe7b	f8022e7f4b0dc2d5ac8bfee6907fef9eff7506632cd4a11eac620af6777da28b	MIM.assertion:95eb8544ca426e8ce59027ef31a8de38e40585fb291de869380b9b43312e12b9	physicochemical_roles	0	SELECTIVE_AGENT	NAME_PATTERN	OPEN_REQUIRES_ORIGINAL_SOURCE	Name-pattern matching does not establish the ingredient-specific biological or formulation role. Inspect a preparation manual, original culture method, or direct utilization study.		false
data/ingredients/mapped/Tween_40.yaml	05356b8c9222b7d8142f97e8a87913c473630b502e6801036afb0553ea1d0ff1	95c1e7ddef685199a519a3a79ae988d41d13894622f6362eb7b147beb9950e1d	MIM.assertion:611e348cc1502334a828f2fe15d1904bcbcbb20ae76ae9e5de75693618bcf6e8	physicochemical_roles	0	SURFACTANT	LLM_PREDICTION	OPEN_REQUIRES_ORIGINAL_SOURCE	Uncited in-session reasoning supplies no independent observation. Obtain a source supporting the exact role for the specified ingredient.		false
data/ingredients/mapped/Tween_60.yaml	d6784eead1df18b60aef5e8514f81d2685a008195c055125d44c0e9f8bfc251e	95c1e7ddef685199a519a3a79ae988d41d13894622f6362eb7b147beb9950e1d	MIM.assertion:53be2d7125be98e0ca92f5bdf5b84744fcd4f94dc7d1be62ae9233eebf411c8a	physicochemical_roles	0	SURFACTANT	LLM_PREDICTION	OPEN_REQUIRES_ORIGINAL_SOURCE	Uncited in-session reasoning supplies no independent observation. Obtain a source supporting the exact role for the specified ingredient.		false
data/ingredients/mapped/Tyloxapol.yaml	50a3e3c7569c8497308a61b1014826b8a0ae728667020d8534218b6b1e6f96a8	95c1e7ddef685199a519a3a79ae988d41d13894622f6362eb7b147beb9950e1d	MIM.assertion:cef5d6967283745ad649827f29df6489c8e76693e2dc95936fbb18eed55a15cd	physicochemical_roles	0	SURFACTANT	LLM_PREDICTION	OPEN_REQUIRES_ORIGINAL_SOURCE	Uncited in-session reasoning supplies no independent observation. Obtain a source supporting the exact role for the specified ingredient.		false
data/ingredients/mapped/Urea.yaml	5f780acdf16ce14dda581cda79fe876de3b05a18efed77b1f44181ca8a1fb7c1	7c992a69daf1ed4adf50d5e9391fe00df79a26a753b3415a27988254701f4b0f	MIM.assertion:4b94331db93f663baca376d32cfcf155a7791f9d68e3aff0de94a06a5ac8a1db	nutritional_roles	0	NITROGEN_SOURCE	LLM_PREDICTION	OPEN_REQUIRES_ORIGINAL_SOURCE	Uncited in-session reasoning supplies no independent observation. Obtain a source supporting the exact role for the specified ingredient.		false
data/ingredients/mapped/Vanadium_Chloride.yaml	c8aea81224aa456d3adaba2c0b09192b067bb612d45878774d3d6cab981aaa36	bd2e2b4f6e9ac2aab180a7d3f143fa9bb9f71a8140db8da2244c0efb52e3877e	MIM.assertion:a6783f569b8804ec4fa9e4b2400fcdee0654c1a312850f50d898ad4872aa0845	nutritional_roles	0	TRACE_ELEMENT	LLM_PREDICTION	OPEN_REQUIRES_ORIGINAL_SOURCE	Uncited in-session reasoning supplies no independent observation. Obtain a source supporting the exact role for the specified ingredient.		false
data/ingredients/mapped/Vancomycin_Hydrochloride_From_Streptomyces_Orientalis.yaml	1ec3918aaaebfd97d87d712c6539cbdad0a1f063169aed25e7fd0778a438692b	f8022e7f4b0dc2d5ac8bfee6907fef9eff7506632cd4a11eac620af6777da28b	MIM.assertion:bcee863287b451cb1a00257cda2d6e163639c0365a45949b08965bd2382b7990	physicochemical_roles	0	SELECTIVE_AGENT	NAME_PATTERN	OPEN_REQUIRES_ORIGINAL_SOURCE	Name-pattern matching does not establish the ingredient-specific biological or formulation role. Inspect a preparation manual, original culture method, or direct utilization study.		false
data/ingredients/mapped/Vancomycin_Hydrochloride_Hydrate.yaml	7b2a0d9439f1922307397b1470b9bf6d1052129aa298e3fac572188935e240f5	f8022e7f4b0dc2d5ac8bfee6907fef9eff7506632cd4a11eac620af6777da28b	MIM.assertion:fae275d5f0f3130bc3956507d630f21a321a7a0076c6236915b0f8bc6b8f8879	physicochemical_roles	0	SELECTIVE_AGENT	NAME_PATTERN	OPEN_REQUIRES_ORIGINAL_SOURCE	Name-pattern matching does not establish the ingredient-specific biological or formulation role. Inspect a preparation manual, original culture method, or direct utilization study.		false
data/ingredients/mapped/Verbascose.yaml	74418126fd006d67a5df15cbdde780f2394bc8f3115fa04f082668c30a11451b	4ea628be52149f9b81f39b2e78a409a172515bc4ad5c8e5c6fb4eba7014f1b6e	MIM.assertion:3256f91da44769a92443f488994e35be3b20fa4154a7dc51f6fa8aa77eb1d74f	nutritional_roles	0	CARBON_SOURCE	ANCESTRY	OPEN_REQUIRES_ORIGINAL_SOURCE	Ontology ancestry identifies a chemical class or general chemical role; it does not establish the media-use or organism-specific nutritional claim. Inspect the actual lineage and source-context role evidence.		false
data/ingredients/mapped/Vitamin_Solution.yaml	305d7f69b9a02684450fd10df96c558cc1d7828a306bc661a9d3887fb4e57d7e	586a11e57ecf2eb1b36dbe62db7838c2787da19292dbb0c8a15e9944b2a97610	MIM.assertion:5b00f014964bd08f71e3231288fa0de263daedf1c5be1b13762c7ab7beec736d	nutritional_roles	0	VITAMIN_SOURCE	NAME_PATTERN	OPEN_REQUIRES_ORIGINAL_SOURCE	Name-pattern matching does not establish the ingredient-specific biological or formulation role. Inspect a preparation manual, original culture method, or direct utilization study.		false
data/ingredients/mapped/Vitamin_Solution_See_Medium_No_403.yaml	32345a69b68f891ceae2da28db7a4840648823327726b4ad3bb645569060ca48	586a11e57ecf2eb1b36dbe62db7838c2787da19292dbb0c8a15e9944b2a97610	MIM.assertion:2675bcb04896227448e0368f5787c0da9ed7a5cee9f178d93e239fde8921a86c	nutritional_roles	0	VITAMIN_SOURCE	NAME_PATTERN	OPEN_REQUIRES_ORIGINAL_SOURCE	Name-pattern matching does not establish the ingredient-specific biological or formulation role. Inspect a preparation manual, original culture method, or direct utilization study.		false
data/ingredients/mapped/Vitamin_Solution_Thermophilic_Formulation.yaml	5c1ff126d499e61de9ee263e569b9c967994ced7f604fbbc5cade893dc2c6ab2	586a11e57ecf2eb1b36dbe62db7838c2787da19292dbb0c8a15e9944b2a97610	MIM.assertion:20b5d77924ed7c08b9d4b4c9776d0810db6afdcac5397d9751efae676fde5bd6	nutritional_roles	0	VITAMIN_SOURCE	NAME_PATTERN	OPEN_REQUIRES_ORIGINAL_SOURCE	Name-pattern matching does not establish the ingredient-specific biological or formulation role. Inspect a preparation manual, original culture method, or direct utilization study.		false
data/ingredients/mapped/Vulgamycin.yaml	a602884e4b0ada6c719c9fb22b0e8163ead1943ff7c5abbd9ebdb4cfe2b50dbe	f8022e7f4b0dc2d5ac8bfee6907fef9eff7506632cd4a11eac620af6777da28b	MIM.assertion:14c13c0694e073bdc0be38c79405e7df356430b192bcee8773be7a1c65070dfd	physicochemical_roles	0	SELECTIVE_AGENT	NAME_PATTERN	OPEN_REQUIRES_ORIGINAL_SOURCE	Name-pattern matching does not establish the ingredient-specific biological or formulation role. Inspect a preparation manual, original culture method, or direct utilization study.		false
data/ingredients/mapped/Wc_Trace_Elements_Solution.yaml	692af797eb0d2e1a83938dbdd111e8ddcadcc9d881f03696358cede40a126aee	bd2e2b4f6e9ac2aab180a7d3f143fa9bb9f71a8140db8da2244c0efb52e3877e	MIM.assertion:db6d4d45ebb630cd449f7f902ed92fd7f25c858c6dba09689261500911d5ada7	nutritional_roles	0	TRACE_ELEMENT	LLM_PREDICTION	OPEN_REQUIRES_ORIGINAL_SOURCE	Uncited in-session reasoning supplies no independent observation. Obtain a source supporting the exact role for the specified ingredient.		false
data/ingredients/mapped/Wheat_Arabinoxylan.yaml	a0b9c5f85a746d5fd48f030e181dacb8455c0373e00a9b8f1616bd61ed5cc35a	4ea628be52149f9b81f39b2e78a409a172515bc4ad5c8e5c6fb4eba7014f1b6e	MIM.assertion:ff7710317fb913048ba2c20f989e7c924304586f99b419632ba52eecf17b0383	nutritional_roles	0	CARBON_SOURCE	ANCESTRY	OPEN_REQUIRES_ORIGINAL_SOURCE	Ontology ancestry identifies a chemical class or general chemical role; it does not establish the media-use or organism-specific nutritional claim. Inspect the actual lineage and source-context role evidence.		false
data/ingredients/mapped/Xylan_From_Beechwood.yaml	8743b1a3eb5e0364d14550adf7f1a3251b5e369d417749d7d4e0e4993b521a71	4ea628be52149f9b81f39b2e78a409a172515bc4ad5c8e5c6fb4eba7014f1b6e	MIM.assertion:2c4e9dec3b41ea360b3b101c61804bf902b17ddabe36f366935c29b472e155b1	nutritional_roles	0	CARBON_SOURCE	ANCESTRY	OPEN_REQUIRES_ORIGINAL_SOURCE	Ontology ancestry identifies a chemical class or general chemical role; it does not establish the media-use or organism-specific nutritional claim. Inspect the actual lineage and source-context role evidence.		false
data/ingredients/mapped/Xylitol.yaml	b189074cd106009c3dce08bfc71b9ae8ecc1c4f01da8c2733979c31be992d636	4ea628be52149f9b81f39b2e78a409a172515bc4ad5c8e5c6fb4eba7014f1b6e	MIM.assertion:fb66b4ee3fcff7fa5b33dd7e51d915d4390346e7e374dba656febb5d667310fe	nutritional_roles	0	CARBON_SOURCE	ANCESTRY	OPEN_REQUIRES_ORIGINAL_SOURCE	Ontology ancestry identifies a chemical class or general chemical role; it does not establish the media-use or organism-specific nutritional claim. Inspect the actual lineage and source-context role evidence.		false
data/ingredients/mapped/Xylobiose.yaml	c0329daf6d1496687c90f0c8c1c4d27fec6629a14e2e86ca21127cb488a26e0e	4ea628be52149f9b81f39b2e78a409a172515bc4ad5c8e5c6fb4eba7014f1b6e	MIM.assertion:ec70b4e7512da3f02cb94cc45af32e5f9359560d666be933797ccbe2a0335035	nutritional_roles	0	CARBON_SOURCE	ANCESTRY	OPEN_REQUIRES_ORIGINAL_SOURCE	Ontology ancestry identifies a chemical class or general chemical role; it does not establish the media-use or organism-specific nutritional claim. Inspect the actual lineage and source-context role evidence.		false
data/ingredients/mapped/Xyloglucan_From_Tamarind.yaml	ebdee635b622b919002c63f63e40766a35932b68fba92448b49efce3b2266d41	df2072c00c03ccac74a186fad08ecce37b665354626058d581fd7b3f601cd30f	MIM.assertion:914d79756bd8b896105cd6e1405796ff2684fb376ef87ba2f370936d419c7904	nutritional_roles	0	CARBON_SOURCE	NAME_PATTERN	OPEN_REQUIRES_ORIGINAL_SOURCE	Name-pattern matching does not establish the ingredient-specific biological or formulation role. Inspect a preparation manual, original culture method, or direct utilization study.		false
data/ingredients/mapped/Xylose.yaml	7ab6e9db5d436e4c42b39acb608931301d88ea13b75d04e4a8453e1afd0432b2	05797c833ce5f55a4f9deb8713e7b56bc9b4c8e4920aeed310903d0418be101f	MIM.assertion:5f41709db7c695569044dc9558664c096e02d44fc9bc2cf42348327b05a166a4	nutritional_roles	1	ENERGY_SOURCE	ENERGY_TEMPLATE	OPEN_REQUIRES_ORIGINAL_SOURCE	A generic energy-substrate template does not record a supporting organism, culture condition, or utilization experiment. Source-confirm this precise stereochemical and supplied form.		false
data/ingredients/mapped/Xylotetraose.yaml	3b8a12f4212c4d43d4080f6165180714de5e896c5d028b18c0a4361d95dfba6d	4ea628be52149f9b81f39b2e78a409a172515bc4ad5c8e5c6fb4eba7014f1b6e	MIM.assertion:ea7a4f48c87220818430de8d5c37c93c7f3cd4e46f8aa5b7319554b92f34b2d9	nutritional_roles	0	CARBON_SOURCE	ANCESTRY	OPEN_REQUIRES_ORIGINAL_SOURCE	Ontology ancestry identifies a chemical class or general chemical role; it does not establish the media-use or organism-specific nutritional claim. Inspect the actual lineage and source-context role evidence.		false
data/ingredients/mapped/Xylotriose.yaml	a1caaf842fb5fe5245ce724cd23f9b68b00026599641cc94dba47ecadd5b5ae0	4ea628be52149f9b81f39b2e78a409a172515bc4ad5c8e5c6fb4eba7014f1b6e	MIM.assertion:eafbc48d14aa24653c2b27f7fe36bb58d575a1a43101d5476b24386af926f20a	nutritional_roles	0	CARBON_SOURCE	ANCESTRY	OPEN_REQUIRES_ORIGINAL_SOURCE	Ontology ancestry identifies a chemical class or general chemical role; it does not establish the media-use or organism-specific nutritional claim. Inspect the actual lineage and source-context role evidence.		false
data/ingredients/mapped/Yeast_Extract.yaml	e7cdc5aa92020487a97c08814514fa48b852ff48c78a1d1890b69afaaf372d28	7fbde1a92491632faf80d3bf87c4cab5bf4e772e70454374b86dd833f81f0ae8	MIM.assertion:c25c8509819c8dba285c85c507161a1e71a52a78eba274b3ce9eae8febf79f33	nutritional_roles	0	PROTEIN_SOURCE	NAME_PATTERN	OPEN_REQUIRES_ORIGINAL_SOURCE	Name-pattern matching does not establish the ingredient-specific biological or formulation role. Inspect a preparation manual, original culture method, or direct utilization study.		false
data/ingredients/mapped/Znso4_X_6_H2o.yaml	aa1fbbd60156312d8858cf52a265aad27fd57a754634f015297650a67ff79066	4887eaa3ca0939e5a2422fa0757cc61c8c4d5c2ec6119ded3a43ae4a1acb2a93	MIM.assertion:ebcc36c5610261e96804c9addcc3c287d5734eb3c96e8566de0d3cb0bc2d6089	nutritional_roles	0	TRACE_ELEMENT	NAME_PATTERN	OPEN_REQUIRES_ORIGINAL_SOURCE	Name-pattern matching does not establish the ingredient-specific biological or formulation role. Inspect a preparation manual, original culture method, or direct utilization study.		false
