bucket	label	occurrences	recipes	folded	mim_identifier	mim_label	culturemech_reason
ALIAS	Agar (if needed)	288	288	agar	CHEBI:2509	Agar	label not found in pinned MIM index and no usable local identity
ALIAS	HCl (25%; 7.7 M)	72	72	hcl	CHEBI:17883	[HCl]	label not found in pinned MIM index and no usable local identity
ALIAS	Horse blood	68	68	horse blood	MICRO:0001234	Horse blood	label not found in pinned MIM index and no usable local identity
ALIAS	[1,1′-Biphenyl]-2-ol	60	60	1 1 biphenyl 2 ol	CHEBI:17043	[1,1′-Biphenyl]-2-ol	label not found in pinned MIM index and no usable local identity
ALIAS	Skim milk	24	24	skim milk	FOODON:03301484	Skim milk	label not found in pinned MIM index and no usable local identity
ALIAS	Sheep blood	20	19	sheep blood	MICRO:0001230	Sheep blood	label not found in pinned MIM index and no usable local identity
ALIAS	Artificial seawater	19	19	artificial seawater	MICRO:0001715	Artificial seawater	label not found in pinned MIM index and no usable local identity
ALIAS	Sodium resazurin (0.1% w/v)	18	18	sodium resazurin	CHEBI:8806	Sodium resazurin	label not found in pinned MIM index and no usable local identity
ALIAS	L-Cysteine . HCl	16	16	l cysteine hcl	CHEBI:91247	L--cysteine・HCl	label not found in pinned MIM index and no usable local identity
ALIAS	MnSO4·xH2O	15	15	mnso4 xh2o	CHEBI:86360	MnSO4・xH2O	label not found in pinned MIM index and no usable local identity
ALIAS	VOSO4・xH2O	14	14	voso4 xh2o	CHEBI:87020	VOSO4.xH2O	label not found in pinned MIM index and no usable local identity
ALIAS	HCl (25%)	13	13	hcl	CHEBI:17883	[HCl]	label not found in pinned MIM index and no usable local identity
ALIAS	L-Cysteine·HCl·H2O	13	13	l cysteine hcl h2o	CHEBI:91248	L--Cysteine HCl H2O	label not found in pinned MIM index and no usable local identity
ALIAS	Air	12	12	air	ENVO:00002005	Air	label not found in pinned MIM index and no usable local identity
ALIAS	Ferric citrate (0.1%, w/v)	11	11	ferric citrate	CHEBI:144421	Ferric citrate	label not found in pinned MIM index and no usable local identity
ALIAS	HCl (35%)	11	11	hcl	CHEBI:17883	[HCl]	label not found in pinned MIM index and no usable local identity
ALIAS	Oat flakes	11	11	oat flakes	FOODON:03306272	Oat flakes	label not found in pinned MIM index and no usable local identity
ALIAS	Trace element solution (see Medium No. 187 )	11	11	trace element solution	NCIT:C896	Trace element solution	label not found in pinned MIM index and no usable local identity
ALIAS	Sodium phosphate buffer (10 mM; pH7.1)	10	10	sodium phosphate buffer	kgmicrobe.ingredient:sodium_phosphate_buffer	Sodium phosphate buffer	label not found in pinned MIM index and no usable local identity
ALIAS	Thiamine . HCl	10	10	thiamine hcl	CHEBI:49105	Thiamine . HCl	label not found in pinned MIM index and no usable local identity
ALIAS	Sodium phosphate buffer (25 mM; pH 3.4)	9	9	sodium phosphate buffer	kgmicrobe.ingredient:sodium_phosphate_buffer	Sodium phosphate buffer	label not found in pinned MIM index and no usable local identity
ALIAS	Ammonium phosphate	8	8	ammonium phosphate	CHEBI:63051	Ammonium phosphate	label not found in pinned MIM index and no usable local identity
ALIAS	Marine broth 2216 (BD-Difco)	8	8	marine broth 2216	kgmicrobe.ingredient:marine_broth_2216	Marine Broth  (MB) 2216  (Difco)	label not found in pinned MIM index and no usable local identity
ALIAS	Nickel Sulfate	8	8	nickel sulfate	CHEBI:53001	Nickel Sulfate	label not found in pinned MIM index and no usable local identity
ALIAS	Starch (soluble)	8	8	starch soluble	CHEBI:28017	Starch (soluble)	label not found in pinned MIM index and no usable local identity
ALIAS	Thiamine・HCl・2H2O	8	8	thiamine hcl 2h2o	CHEBI:132751	Thiamine-HCl·2H2O	label not found in pinned MIM index and no usable local identity
ALIAS	Artificial seawater (see below)	7	7	artificial seawater	MICRO:0001715	Artificial seawater	label not found in pinned MIM index and no usable local identity
ALIAS	Olive oil	7	7	olive oil	FOODON:03301826	Olive oil	label not found in pinned MIM index and no usable local identity
ALIAS	Zinc Acetate	7	7	zinc acetate	CHEBI:62984	Zinc Acetate	label not found in pinned MIM index and no usable local identity
ALIAS	Clarified rumen fluid	6	6	clarified rumen fluid	MICRO:0000520	Clarified rumen fluid	label not found in pinned MIM index and no usable local identity
ALIAS	Ferrous ammonium sulfate	6	6	ferrous ammonium sulfate	CHEBI:76243	Ferrous ammonium sulfate	label not found in pinned MIM index and no usable local identity
ALIAS	Marine agar 2216 (BD-Difco)	6	6	marine agar 2216	kgmicrobe.ingredient:marine_agar_2216	Marine agar 2216	label not found in pinned MIM index and no usable local identity
ALIAS	MnCl2·4H2O	6	6	mncl2 4h2o	CHEBI:86368	MnCl2 . 4H2O	label not found in pinned MIM index and no usable local identity
ALIAS	NaHCO3 (10% (w/v))	6	6	nahco3	CHEBI:32139	NaHCO3	label not found in pinned MIM index and no usable local identity
ALIAS	sheep blood	6	6	sheep blood	MICRO:0001230	Sheep blood	label not found in pinned MIM index and no usable local identity
ALIAS	2,4-Dihydroxybenzoic acid	5	5	2 4 dihydroxybenzoic acid	CHEBI:42094	2,4-Dihydroxybenzoic acid	label not found in pinned MIM index and no usable local identity
ALIAS	Casamino acids, vitamin assay (BD-Difco)	5	5	casamino acids vitamin assay	mesh:C017721	Casamino acids (vitamin assay)	label not found in pinned MIM index and no usable local identity
ALIAS	Cl-	5	5	cl	CHEBI:17996	Cl-	label not found in pinned MIM index and no usable local identity
ALIAS	HCl (25%, v/v)	5	5	hcl	CHEBI:17883	[HCl]	label not found in pinned MIM index and no usable local identity
ALIAS	NAD	5	5	nad	CHEBI:15846	NAD	label not found in pinned MIM index and no usable local identity
ALIAS	Na-caseinate	5	5	na caseinate	MICRO:0001611	Na-caseinate	label not found in pinned MIM index and no usable local identity
ALIAS	NaHCO3 (10%, w/v)	5	5	nahco3	CHEBI:32139	NaHCO3	label not found in pinned MIM index and no usable local identity
ALIAS	R2A agar (BD-Difco)	5	5	r2a agar	MICRO:0000543	R2A agar	label not found in pinned MIM index and no usable local identity
ALIAS	Trace element solution (see Medium No. 1079 )	5	5	trace element solution	NCIT:C896	Trace element solution	label not found in pinned MIM index and no usable local identity
ALIAS	Trace element solution (see Medium No. 439 )	5	5	trace element solution	NCIT:C896	Trace element solution	label not found in pinned MIM index and no usable local identity
ALIAS	Trypticase (BBL)	5	5	trypticase	MICRO:0000175	Trypticase	label not found in pinned MIM index and no usable local identity
ALIAS	VOSO4·nH2O	5	5	voso4 nh2o	CHEBI:87020	VOSO4.nH2O	label not found in pinned MIM index and no usable local identity
ALIAS	air	5	5	air	ENVO:00002005	Air	label not found in pinned MIM index and no usable local identity
ALIAS	1-Butanol	4	4	1 butanol	CHEBI:28885	1-Butanol	label not found in pinned MIM index and no usable local identity
ALIAS	3,4,5-Trimethoxycinnamic acid	4	4	3 4 5 trimethoxycinnamic acid	CHEBI:566519	3,4,5-Trimethoxycinnamic acid	label not found in pinned MIM index and no usable local identity
ALIAS	Bicarbonate	4	4	bicarbonate	CHEBI:17544	Bicarbonate	label not found in pinned MIM index and no usable local identity
ALIAS	D-Gluconic acid	4	4	d gluconic acid	CHEBI:33198	D-Gluconic acid	label not found in pinned MIM index and no usable local identity
ALIAS	Gellan gum (if needed)	4	4	gellan gum	CHEBI:85248	Gellan Gum	label not found in pinned MIM index and no usable local identity
ALIAS	Gelrite (if needed)	4	4	gelrite	CHEBI:85248	Gelrite	label not found in pinned MIM index and no usable local identity
ALIAS	Hipolypepton*	4	4	hipolypepton	FOODON:03315306	Hipolypepton	label not found in pinned MIM index and no usable local identity
ALIAS	Nutrient Broth (OXOID)	4	4	nutrient broth	MICRO:0000082	nutrient broth	label not found in pinned MIM index and no usable local identity
ALIAS	Pyridoxine-HCl (VitaminB6)	4	4	pyridoxine hcl	CHEBI:30961	Pyridoxine . HCl	label not found in pinned MIM index and no usable local identity
ALIAS	Riboflavin (Vitamine B2)	4	4	riboflavin	CHEBI:17015	Riboflavin	label not found in pinned MIM index and no usable local identity
ALIAS	Seawater (2% salinity)	4	4	seawater	ENVO:00002149	Seawater	label not found in pinned MIM index and no usable local identity
ALIAS	Trace elements solution*	4	4	trace elements solution	MICRO:0000455	trace elements solution	label not found in pinned MIM index and no usable local identity
ALIAS	Tris (hydroxymethyl) aminomethane	4	4	tris hydroxymethyl aminomethane	CHEBI:9754	Tris (hydroxymethyl aminomethane)	label not found in pinned MIM index and no usable local identity
ALIAS	Yeastolate (BD; 2%, autoclaved)	4	4	yeastolate	MICRO:0000522	Yeastolate	label not found in pinned MIM index and no usable local identity
ALIAS	agar (BD-Difco)	4	4	agar	CHEBI:2509	Agar	label not found in pinned MIM index and no usable local identity
ALIAS	3,5-Dihydroxybenzoic acid	3	3	3 5 dihydroxybenzoic acid	CHEBI:39912	3,5-Dihydroxybenzoic acid	label not found in pinned MIM index and no usable local identity
ALIAS	Agar (Molecular Genetics)	3	3	agar	CHEBI:2509	Agar	label not found in pinned MIM index and no usable local identity
ALIAS	Calcium malate	3	3	calcium malate	FOODON:03413045	Calcium malate	label not found in pinned MIM index and no usable local identity
ALIAS	Casamino acids, vitamin assay (Difco)	3	3	casamino acids vitamin assay	mesh:C017721	Casamino acids (vitamin assay)	label not found in pinned MIM index and no usable local identity
ALIAS	Cresol	3	3	cresol	CHEBI:25399	Cresol	label not found in pinned MIM index and no usable local identity
ALIAS	Dextrose (BD 215530)	3	3	dextrose	CHEBI:17634	Dextrose	label not found in pinned MIM index and no usable local identity
ALIAS	Fe(III)・EDTA	3	3	fe iii edta	CHEBI:30729	Fe(III)-EDTA	label not found in pinned MIM index and no usable local identity
ALIAS	Fe2+	3	3	fe2	CHEBI:29033	Fe2+	label not found in pinned MIM index and no usable local identity
ALIAS	L-cysteine . HCl	3	3	l cysteine hcl	CHEBI:91247	L--cysteine・HCl	label not found in pinned MIM index and no usable local identity
ALIAS	Magnesium	3	3	magnesium	CHEBI:25107	Magnesium	label not found in pinned MIM index and no usable local identity
ALIAS	Maize meal	3	3	maize meal	FOODON:03310257	Maize meal	label not found in pinned MIM index and no usable local identity
ALIAS	Methanol*	3	3	methanol	CHEBI:17790	Methanol	label not found in pinned MIM index and no usable local identity
ALIAS	MgO	3	3	mgo	CHEBI:31794	MgO	label not found in pinned MIM index and no usable local identity
ALIAS	NH4+	3	3	nh4	CHEBI:28938	NH4+	label not found in pinned MIM index and no usable local identity
ALIAS	Orotate	3	3	orotate	CHEBI:30839	Orotate	label not found in pinned MIM index and no usable local identity
ALIAS	Orthophosphate	3	3	orthophosphate	CHEBI:18367	Orthophosphate	label not found in pinned MIM index and no usable local identity
ALIAS	Ox-bile	3	3	ox bile	MICRO:0000610	ox bile	MIM explicitly leaves this label unmapped; local grounding suppressed
ALIAS	Potassium Aspartate	3	3	potassium aspartate	NCIT:C87343	Potassium Aspartate	label not found in pinned MIM index and no usable local identity
ALIAS	Resazurin (0,1%)	3	3	resazurin	CHEBI:8806	Resazurin	label not found in pinned MIM index and no usable local identity
ALIAS	Sake	3	3	sake	FOODON:03301670	Sake	label not found in pinned MIM index and no usable local identity
ALIAS	Sodium	3	3	sodium	CHEBI:29101	Sodium	label not found in pinned MIM index and no usable local identity
ALIAS	Starch, soluble	3	3	starch soluble	CHEBI:28017	Starch (soluble)	label not found in pinned MIM index and no usable local identity
ALIAS	Trace element solution (see Medium No. 899 )	3	3	trace element solution	NCIT:C896	Trace element solution	label not found in pinned MIM index and no usable local identity
ALIAS	Trace element solution*	3	3	trace element solution	NCIT:C896	Trace element solution	label not found in pinned MIM index and no usable local identity
ALIAS	Trace element solution**	3	3	trace element solution	NCIT:C896	Trace element solution	label not found in pinned MIM index and no usable local identity
ALIAS	Trace elements solution**	3	3	trace elements solution	MICRO:0000455	trace elements solution	label not found in pinned MIM index and no usable local identity
ALIAS	Tryptose (BD-Difco)	3	3	tryptose	MICRO:0000183	Tryptose	label not found in pinned MIM index and no usable local identity
ALIAS	Vitamins	3	3	vitamins	CHEBI:33229	Vitamins	label not found in pinned MIM index and no usable local identity
ALIAS	Yeast	3	3	yeast	FOODON:03411345	Yeast	label not found in pinned MIM index and no usable local identity
ALIAS	bicarbonate	3	3	bicarbonate	CHEBI:17544	Bicarbonate	label not found in pinned MIM index and no usable local identity
ALIAS	clarified rumen fluid	3	3	clarified rumen fluid	MICRO:0000520	Clarified rumen fluid	label not found in pinned MIM index and no usable local identity
ALIAS	sodium	3	3	sodium	CHEBI:29101	Sodium	label not found in pinned MIM index and no usable local identity
ALIAS	2-Mercaptoethanesulfonic acid (Coenzyme M)	2	2	2 mercaptoethanesulfonic acid	CHEBI:17905	2-Mercaptoethanesulfonic acid	label not found in pinned MIM index and no usable local identity
ALIAS	4-Amino-5-hydroxymethyl-2-methylpyrimidine	2	2	4 amino 5 hydroxymethyl 2 methylpyrimidine	CHEBI:16892	4-Amino-5-hydroxymethyl-2-methylpyrimidine	label not found in pinned MIM index and no usable local identity
ALIAS	4-Cresol	2	2	4 cresol	CHEBI:17847	4-Cresol	label not found in pinned MIM index and no usable local identity
ALIAS	Agar  (if needed)	2	2	agar	CHEBI:2509	Agar	label not found in pinned MIM index and no usable local identity
ALIAS	Ampicillin (50 mg/ml)	2	2	ampicillin	CHEBI:28971	Ampicillin	label not found in pinned MIM index and no usable local identity
ALIAS	Anaerobic water	2	2	anaerobic water	ENVO:01000173	Anaerobic water	label not found in pinned MIM index and no usable local identity
ALIAS	Benzaldehyde	2	2	benzaldehyde	CHEBI:17169	Benzaldehyde	label not found in pinned MIM index and no usable local identity
ALIAS	Borate	2	2	borate	CHEBI:22908	Borate	label not found in pinned MIM index and no usable local identity
ALIAS	Calcium	2	2	calcium	CHEBI:22984	Calcium	label not found in pinned MIM index and no usable local identity
ALIAS	Cellulose (Avicel or MN 300)	2	2	cellulose	CHEBI:18246	Cellulose	label not found in pinned MIM index and no usable local identity
ALIAS	Copper	2	2	copper	CHEBI:28694	Copper	label not found in pinned MIM index and no usable local identity
ALIAS	DL-Dithiothreitol (DTT)	2	2	dl dithiothreitol	CHEBI:18320	DL-Dithiothreitol	label not found in pinned MIM index and no usable local identity
ALIAS	Diethyl phosphonate	2	2	diethyl phosphonate	CHEBI:41962	Diethyl phosphonate	label not found in pinned MIM index and no usable local identity
ALIAS	Dried Bovine Hemoglobin (BD 212392)	2	2	dried bovine hemoglobin	MICRO:0001599	dried bovine hemoglobin	label not found in pinned MIM index and no usable local identity
ALIAS	Fatty acid mixture	2	2	fatty acid mixture	CHEBI:35366	Fatty acid mixture	label not found in pinned MIM index and no usable local identity
ALIAS	FeNa.EDTA	2	2	fena edta	CHEBI:78292	FeNa-EDTA	label not found in pinned MIM index and no usable local identity
ALIAS	Ferric nitrilotriacetate	2	2	ferric nitrilotriacetate	CHEBI:132238	Ferric nitrilotriacetate	label not found in pinned MIM index and no usable local identity
ALIAS	H3PO4	2	2	h3po4	CHEBI:26078	H3PO4	label not found in pinned MIM index and no usable local identity
ALIAS	HCl (32%)	2	2	hcl	CHEBI:17883	[HCl]	label not found in pinned MIM index and no usable local identity
ALIAS	IsoVitaleX (BD 211876)	2	2	isovitalex	kgmicrobe.ingredient:isovitalex	Isovitalex	label not found in pinned MIM index and no usable local identity
ALIAS	L--cysteine・HCl	2	2	l cysteine hcl	CHEBI:91247	L--cysteine・HCl	label not found in pinned MIM index and no usable local identity
ALIAS	Liver extract concentrate (NBCo)	2	2	liver extract concentrate	MICRO:0001363	Liver extract concentrate	label not found in pinned MIM index and no usable local identity
ALIAS	Molybdenum	2	2	molybdenum	CHEBI:28685	Molybdenum	label not found in pinned MIM index and no usable local identity
ALIAS	N--Acetyl--D--glucosamine (Sigma)	2	2	n acetyl d glucosamine	CHEBI:8006	N--Acetyl--D--glucosamine (Sigma)	label not found in pinned MIM index and no usable local identity
ALIAS	Na2CO3 (5% w/v)	2	2	na2co3	CHEBI:29377	Na2CO3	label not found in pinned MIM index and no usable local identity
ALIAS	Na2S2O3 (if needed)	2	2	na2s2o3	CHEBI:132112	Na2S2O3	label not found in pinned MIM index and no usable local identity
ALIAS	NaOH (1N)	2	2	naoh	CHEBI:32145	NaOH	label not found in pinned MIM index and no usable local identity
ALIAS	Natural seawater	2	2	natural seawater	MICRO:0001773	Natural seawater	label not found in pinned MIM index and no usable local identity
ALIAS	Oatmeal (Quaker White Oats)	2	2	oatmeal	NCIT:C29298	Oatmeal	label not found in pinned MIM index and no usable local identity
ALIAS	PPLO medium	2	2	pplo medium	MICRO:0000094	PPLO medium	label not found in pinned MIM index and no usable local identity
ALIAS	Phenol red (0.04%)	2	2	phenol red	CHEBI:31991	Phenol red	label not found in pinned MIM index and no usable local identity
ALIAS	Polyvinyl alcohol	2	2	polyvinyl alcohol	CHEBI:17246	Polyvinyl alcohol	label not found in pinned MIM index and no usable local identity
ALIAS	Potassium dibasic phosphate trihydrate	2	2	potassium dibasic phosphate trihydrate	CHEBI:131527	Potassium dibasic phosphate trihydrate	label not found in pinned MIM index and no usable local identity
ALIAS	Propane-1-ol	2	2	propane 1 ol	CHEBI:28831	Propane-1-ol	label not found in pinned MIM index and no usable local identity
ALIAS	Propanoate	2	2	propanoate	CHEBI:17272	Propanoate	label not found in pinned MIM index and no usable local identity
ALIAS	Pyridoxine-HCl (Vitamin B6)	2	2	pyridoxine hcl	CHEBI:30961	Pyridoxine . HCl	label not found in pinned MIM index and no usable local identity
ALIAS	R2A agar (DB-Difco)	2	2	r2a agar	MICRO:0000543	R2A agar	label not found in pinned MIM index and no usable local identity
ALIAS	Resazurin (0.1%)	2	2	resazurin	CHEBI:8806	Resazurin	label not found in pinned MIM index and no usable local identity
ALIAS	Riboflavin (Vitamin B2)	2	2	riboflavin	CHEBI:17015	Riboflavin	label not found in pinned MIM index and no usable local identity
ALIAS	Rye-bran	2	2	rye bran	FOODON:03311582	rye bran	label not found in pinned MIM index and no usable local identity
ALIAS	Sludge fluid	2	2	sludge fluid	MICRO:0000521	Sludge fluid	label not found in pinned MIM index and no usable local identity
ALIAS	Sodium Pantothenate	2	2	sodium pantothenate	NCIT:C220851	Sodium Pantothenate	label not found in pinned MIM index and no usable local identity
ALIAS	Sodium acetate 3H2O	2	2	sodium acetate 3h2o	CHEBI:32138	Sodium acetate·3H2O	label not found in pinned MIM index and no usable local identity
ALIAS	Sodium phosphate buffer (10 mM, pH 7.1)	2	2	sodium phosphate buffer	kgmicrobe.ingredient:sodium_phosphate_buffer	Sodium phosphate buffer	label not found in pinned MIM index and no usable local identity
ALIAS	Soil extract (see below)	2	2	soil extract	MICRO:0000457	Soil extract	label not found in pinned MIM index and no usable local identity
ALIAS	Soluble starch (BD-Difco)	2	2	soluble starch	CHEBI:28017	Soluble starch	label not found in pinned MIM index and no usable local identity
ALIAS	Sorbitan Monooleate	2	2	sorbitan monooleate	NCIT:C75654	Sorbitan Monooleate	label not found in pinned MIM index and no usable local identity
ALIAS	Tea	2	2	tea	FOODON:03315081	Tea	label not found in pinned MIM index and no usable local identity
ALIAS	Titanium chloride	2	2	titanium chloride	CHEBI:231499	Titanium chloride	label not found in pinned MIM index and no usable local identity
ALIAS	Trace element solution (see below)	2	2	trace element solution	NCIT:C896	Trace element solution	label not found in pinned MIM index and no usable local identity
ALIAS	Trace mineral solution (see Medium No. 151 )	2	2	trace mineral solution	kgmicrobe.ingredient:trace_mineral_solution	Trace mineral solution	label not found in pinned MIM index and no usable local identity
ALIAS	Trace minerals (see below)	2	2	trace minerals	kgmicrobe.ingredient:trace_minerals	Trace minerals	label not found in pinned MIM index and no usable local identity
ALIAS	Tween 80 (BD)	2	2	tween 80	CHEBI:53426	Tween 80	label not found in pinned MIM index and no usable local identity
ALIAS	chocolate agar	2	2	chocolate agar	MICRO:0000591	chocolate agar	label not found in pinned MIM index and no usable local identity
ALIAS	ciprofloxacin (if needed)	2	2	ciprofloxacin	CHEBI:100241	Ciprofloxacin	label not found in pinned MIM index and no usable local identity
ALIAS	nicotinamide adenine dinucleotide (NAD)	2	2	nicotinamide adenine dinucleotide	CHEBI:15846	Nicotinamide adenine dinucleotide	label not found in pinned MIM index and no usable local identity
ALIAS	p-Hydroxybenzyl alcohol	2	2	p hydroxybenzyl alcohol	CHEBI:67410	p-Hydroxybenzyl alcohol	label not found in pinned MIM index and no usable local identity
ALIAS	(-)-Chloramphenicol	1	1	chloramphenicol	CHEBI:17698	(-)-Chloramphenicol	label not found in pinned MIM index and no usable local identity
ALIAS	1,2--Dichloropropane (10 mg/ml in methanol)	1	1	1 2 dichloropropane	CHEBI:82163	1,2--Dichloropropane (10 mg/ml in methanol)	label not found in pinned MIM index and no usable local identity
ALIAS	1,4--dithiothreitol (DTT)	1	1	1 4 dithiothreitol	CHEBI:18320	1,4--dithiothreitol (DTT)	label not found in pinned MIM index and no usable local identity
ALIAS	2,4-Dichlorophenoxyacetic acid	1	1	2 4 dichlorophenoxyacetic acid	CHEBI:28854	2,4-Dichlorophenoxyacetic acid	label not found in pinned MIM index and no usable local identity
ALIAS	2-Aminoethylphosphonate	1	1	2 aminoethylphosphonate	CHEBI:15573	2-Aminoethylphosphonate	label not found in pinned MIM index and no usable local identity
ALIAS	2-Chlorobenzoic acid	1	1	2 chlorobenzoic acid	CHEBI:30793	2-Chlorobenzoic acid	label not found in pinned MIM index and no usable local identity
ALIAS	2-Nitrophenol	1	1	2 nitrophenol	CHEBI:16260	2-Nitrophenol	label not found in pinned MIM index and no usable local identity
ALIAS	2-chloro-4(ethylamino)-6-(isopropylamino)-1,3,5-triazine	1	1	2 chloro 4 ethylamino 6 isopropylamino 1 3 5 triazine	CHEBI:15930	2-chloro-4(ethylamino)-6-(isopropylamino)-1,3,5-triazine	label not found in pinned MIM index and no usable local identity
ALIAS	3,4-Dihydroxyphenylacetate	1	1	3 4 dihydroxyphenylacetate	CHEBI:17612	3,4-Dihydroxyphenylacetate	label not found in pinned MIM index and no usable local identity
ALIAS	3-Aminophenol	1	1	3 aminophenol	CHEBI:28924	3-Aminophenol	label not found in pinned MIM index and no usable local identity
ALIAS	3-Chloro-4-hydroxyphenylacetic acid	1	1	3 chloro 4 hydroxyphenylacetic acid	CHEBI:47106	3-Chloro-4-hydroxyphenylacetic acid	label not found in pinned MIM index and no usable local identity
ALIAS	3-Chloroacrylic acid	1	1	3 chloroacrylic acid	CHEBI:19982	3-Chloroacrylic acid	label not found in pinned MIM index and no usable local identity
ALIAS	3-Hydroxypropanal	1	1	3 hydroxypropanal	CHEBI:17871	3-Hydroxypropanal	label not found in pinned MIM index and no usable local identity
ALIAS	4-(2-hydroxyethyl)-1-piperazineethanesulfonic acid	1	1	4 2 hydroxyethyl 1 piperazineethanesulfonic acid	CHEBI:42334	4-(2-hydroxyethyl)-1-piperazineethanesulfonic acid	label not found in pinned MIM index and no usable local identity
ALIAS	Agar (BD)	1	1	agar	CHEBI:2509	Agar	label not found in pinned MIM index and no usable local identity
ALIAS	Agar (Difco)	1	1	agar	CHEBI:2509	Agar	label not found in pinned MIM index and no usable local identity
ALIAS	Agar (If needed)	1	1	agar	CHEBI:2509	Agar	label not found in pinned MIM index and no usable local identity
ALIAS	Agar (Purified)	1	1	agar	CHEBI:2509	Agar	label not found in pinned MIM index and no usable local identity
ALIAS	Agar (if needed)*	1	1	agar	CHEBI:2509	Agar	label not found in pinned MIM index and no usable local identity
ALIAS	Agar* (if needed)	1	1	agar	CHEBI:2509	Agar	label not found in pinned MIM index and no usable local identity
ALIAS	Amphotericin B (5 mg/ml DMSO)	1	1	amphotericin b	CHEBI:2682	Amphotericin B	label not found in pinned MIM index and no usable local identity
ALIAS	Apple Juice	1	1	apple juice	FOODON:00001059	Apple Juice	label not found in pinned MIM index and no usable local identity
ALIAS	Artificial Seawater	1	1	artificial seawater	MICRO:0001715	Artificial seawater	label not found in pinned MIM index and no usable local identity
ALIAS	Artificial seawater (see Medium No. 736 )	1	1	artificial seawater	MICRO:0001715	Artificial seawater	label not found in pinned MIM index and no usable local identity
ALIAS	Ascorbic acid (Sigma)	1	1	ascorbic acid	CHEBI:22652	Ascorbic acid	label not found in pinned MIM index and no usable local identity
ALIAS	Benzothiazole	1	1	benzothiazole	CHEBI:45993	Benzothiazole	label not found in pinned MIM index and no usable local identity
ALIAS	Blood	1	1	blood	UBERON:0000178	Blood	label not found in pinned MIM index and no usable local identity
ALIAS	Brain heart infusion (BD Difico)	1	1	brain heart infusion	MICRO:0000193	Brain heart infusion	label not found in pinned MIM index and no usable local identity
ALIAS	Bromophenol blue	1	1	bromophenol blue	CHEBI:59424	Bromophenol blue	label not found in pinned MIM index and no usable local identity
ALIAS	Bromophenol blue (0.5% in 0.2N KOH)	1	1	bromophenol blue	CHEBI:59424	Bromophenol blue	label not found in pinned MIM index and no usable local identity
ALIAS	Brucella agar (BD-BBL)	1	1	brucella agar	MICRO:0000595	Brucella agar	label not found in pinned MIM index and no usable local identity
ALIAS	Ca(NO3)2•4H2O	1	1	ca no3 2 4h2o	CHEBI:86159	Ca(NO3)2 · 4H2O	label not found in pinned MIM index and no usable local identity
ALIAS	Ca3(PO4)2	1	1	ca3 po4 2	CHEBI:9679	Ca3(PO4)2	label not found in pinned MIM index and no usable local identity
ALIAS	CaCl2 (100 mM)	1	1	cacl2	CHEBI:3312	[CaCl2]	label not found in pinned MIM index and no usable local identity
ALIAS	Calcium lactate	1	1	calcium lactate	FOODON:03413044	Calcium lactate	label not found in pinned MIM index and no usable local identity
ALIAS	Calf serum (Gibco)	1	1	calf serum	MICRO:0001709	calf serum	label not found in pinned MIM index and no usable local identity
ALIAS	Carboxymethyl cellulose, sodium salt	1	1	carboxymethyl cellulose sodium salt	CHEBI:234035	Carboxymethyl cellulose (sodium salt)	label not found in pinned MIM index and no usable local identity
ALIAS	Catalase (Sigma C--10)	1	1	catalase	NCIT:C61062	Catalase	label not found in pinned MIM index and no usable local identity
ALIAS	Cellulose powder	1	1	cellulose powder	FOODON:03310367	Cellulose powder	label not found in pinned MIM index and no usable local identity
ALIAS	Cobalt sulfate heptahydrate	1	1	cobalt sulfate heptahydrate	CHEBI:91244	Cobalt sulfate heptahydrate	label not found in pinned MIM index and no usable local identity
ALIAS	Cooked meat medium (Oxoid)	1	1	cooked meat medium	FOODON:03305103	Cooked meat medium	label not found in pinned MIM index and no usable local identity
ALIAS	Crotonic acid (ALDRICH 113018)	1	1	crotonic acid	CHEBI:41131	Crotonic acid	label not found in pinned MIM index and no usable local identity
ALIAS	Cyanuric acid	1	1	cyanuric acid	CHEBI:38028	Cyanuric acid	label not found in pinned MIM index and no usable local identity
ALIAS	Cysteine.HCl	1	1	cysteine hcl	CHEBI:91247	cysteine . HCl	label not found in pinned MIM index and no usable local identity
ALIAS	DL vitamins (see below)	1	1	dl vitamins	kgmicrobe.ingredient:dl_vitamins	DL vitamins	label not found in pinned MIM index and no usable local identity
ALIAS	DTT (DL-Dithiothreitol)	1	1	dtt	CHEBI:18320	DTT	label not found in pinned MIM index and no usable local identity
ALIAS	Deoxyribose	1	1	deoxyribose	CHEBI:28816	Deoxyribose	label not found in pinned MIM index and no usable local identity
ALIAS	Diammonium tartrate	1	1	diammonium tartrate	CHEBI:63075	Diammonium tartrate	label not found in pinned MIM index and no usable local identity
ALIAS	Distilled water (for liquid medium)	1	1	distilled water	CHEBI:15377	Distilled water	label not found in pinned MIM index and no usable local identity
ALIAS	Distilled water (for solid medium)	1	1	distilled water	CHEBI:15377	Distilled water	label not found in pinned MIM index and no usable local identity
ALIAS	Dithiothreitol (0.25 M)	1	1	dithiothreitol	CHEBI:18320	Dithiothreitol	label not found in pinned MIM index and no usable local identity
ALIAS	Dithiothreitol (DTT)	1	1	dithiothreitol	CHEBI:18320	Dithiothreitol	label not found in pinned MIM index and no usable local identity
ALIAS	EDTA(Disodium salt)	1	1	edta disodium salt	CHEBI:64734	EDTA (disodium salt)	label not found in pinned MIM index and no usable local identity
ALIAS	EDTA•2Na	1	1	edta 2na	CHEBI:64734	EDTA 2Na	label not found in pinned MIM index and no usable local identity
ALIAS	Ethyl octanoate	1	1	ethyl octanoate	CHEBI:87426	Ethyl octanoate	label not found in pinned MIM index and no usable local identity
ALIAS	Eugon agar (BD-Difco)	1	1	eugon agar	MICRO:0001358	Eugon agar	label not found in pinned MIM index and no usable local identity
ALIAS	Fatty acid mixture (see below)	1	1	fatty acid mixture	CHEBI:35366	Fatty acid mixture	label not found in pinned MIM index and no usable local identity
ALIAS	Fe(III)-EDTA (0.66% [wt/vol] in water)	1	1	fe iii edta	CHEBI:30729	Fe(III)-EDTA	label not found in pinned MIM index and no usable local identity
ALIAS	Fe(III)-citrate (19% Fe)	1	1	fe iii citrate	CHEBI:144421	Fe(III) citrate	label not found in pinned MIM index and no usable local identity
ALIAS	Fe(NH4)2(SO4)2.6H2O	1	1	fe nh4 2 so4 2 6h2o	CHEBI:76181	Fe(NH4)2(SO4)2 . 6H2O	label not found in pinned MIM index and no usable local identity
ALIAS	Fe3+	1	1	fe3	CHEBI:29034	Fe3+	label not found in pinned MIM index and no usable local identity
ALIAS	FeCl3 (25mM)	1	1	fecl3	CHEBI:30808	[FeCl3]	label not found in pinned MIM index and no usable local identity
ALIAS	FeSO4 (0.02 M)	1	1	feso4	CHEBI:75832	FeSO4	label not found in pinned MIM index and no usable local identity
ALIAS	Fetal Bovine Serum (ATCC 30-2020)	1	1	fetal bovine serum	NCIT:C113696	Fetal bovine serum	label not found in pinned MIM index and no usable local identity
ALIAS	Fe·EDTA	1	1	fe edta	CHEBI:30729	FE EDTA	label not found in pinned MIM index and no usable local identity
ALIAS	Fresh Baker’s Yeast Extract	1	1	fresh baker s yeast extract	FOODON:03315426	Fresh Baker's Yeast Extract	label not found in pinned MIM index and no usable local identity
ALIAS	Gellan Gum (Phytagel)	1	1	gellan gum	CHEBI:85248	Gellan Gum	label not found in pinned MIM index and no usable local identity
ALIAS	Gellan Gum (if needed)	1	1	gellan gum	CHEBI:85248	Gellan Gum	label not found in pinned MIM index and no usable local identity
ALIAS	Glucose (50%)	1	1	glucose	CHEBI:17234	Glucose	label not found in pinned MIM index and no usable local identity
ALIAS	Glycerol (anhydrous)	1	1	glycerol anhydrous	CHEBI:17754	Glycerol anhydrous	label not found in pinned MIM index and no usable local identity
ALIAS	H2SO4 (0.1 N)	1	1	h2so4	CHEBI:26836	H2SO4	label not found in pinned MIM index and no usable local identity
ALIAS	HCl (25% or 7.7 M)	1	1	hcl	CHEBI:17883	[HCl]	label not found in pinned MIM index and no usable local identity
ALIAS	HCl (25% v/ v)	1	1	hcl	CHEBI:17883	[HCl]	label not found in pinned MIM index and no usable local identity
ALIAS	HCl (25%, 7.7 M)	1	1	hcl	CHEBI:17883	[HCl]	label not found in pinned MIM index and no usable local identity
ALIAS	HEPES (10mM)	1	1	hepes	CHEBI:42334	HEPES	label not found in pinned MIM index and no usable local identity
ALIAS	Heart Infusion Agar (BD 211065)	1	1	heart infusion agar	MICRO:0000567	heart infusion agar	label not found in pinned MIM index and no usable local identity
ALIAS	Heart Infusion Agar (Difco)	1	1	heart infusion agar	MICRO:0000567	heart infusion agar	label not found in pinned MIM index and no usable local identity
ALIAS	Heart infusion agar (Eiken)	1	1	heart infusion agar	MICRO:0000567	heart infusion agar	label not found in pinned MIM index and no usable local identity
ALIAS	Hemin (0.1% in 0.05 N NaOH)	1	1	hemin	CHEBI:50385	Hemin	label not found in pinned MIM index and no usable local identity
ALIAS	Hemin solution (see below)	1	1	hemin solution	MICRO:0001598	hemin solution	label not found in pinned MIM index and no usable local identity
ALIAS	Hemoglobin	1	1	hemoglobin	CHEBI:5656	Hemoglobin	label not found in pinned MIM index and no usable local identity
ALIAS	Horse Serum (Gibco)*	1	1	horse serum	MICRO:0001235	Horse serum	label not found in pinned MIM index and no usable local identity
ALIAS	Horse Serum (RM1239)	1	1	horse serum	MICRO:0001235	Horse serum	label not found in pinned MIM index and no usable local identity
ALIAS	Horse Serum (not inactivated)	1	1	horse serum	MICRO:0001235	Horse serum	label not found in pinned MIM index and no usable local identity
ALIAS	Horse serum (Invitrogen)	1	1	horse serum	MICRO:0001235	Horse serum	label not found in pinned MIM index and no usable local identity
ALIAS	Horse serum (Oxoid)	1	1	horse serum	MICRO:0001235	Horse serum	label not found in pinned MIM index and no usable local identity
ALIAS	IPTG	1	1	iptg	CHEBI:61448	IPTG	label not found in pinned MIM index and no usable local identity
ALIAS	KH2PO4 (0.4 g/l)	1	1	kh2po4	CHEBI:63036	KH2PO4	label not found in pinned MIM index and no usable local identity
ALIAS	KH2PO4 (7% w/v)	1	1	kh2po4	CHEBI:63036	KH2PO4	label not found in pinned MIM index and no usable local identity
ALIAS	KI (0.01% w/v)	1	1	ki	CHEBI:8346	KI	label not found in pinned MIM index and no usable local identity
ALIAS	L-Cysteine . HCl . H2O	1	1	l cysteine hcl h2o	CHEBI:91248	L--Cysteine HCl H2O	label not found in pinned MIM index and no usable local identity
ALIAS	L-Cysteine•HCl•H2O	1	1	l cysteine hcl h2o	CHEBI:91248	L--Cysteine HCl H2O	label not found in pinned MIM index and no usable local identity
ALIAS	L-cysteine (Sigma)	1	1	l cysteine	CHEBI:17561	L-Cysteine	label not found in pinned MIM index and no usable local identity
ALIAS	L-cysteine · HCl	1	1	l cysteine hcl	CHEBI:91247	L--cysteine・HCl	label not found in pinned MIM index and no usable local identity
ALIAS	Legionella agar enrichment (BD-Difco)	1	1	legionella agar enrichment	kgmicrobe.ingredient:legionella_agar_enrichment	Legionella agar enrichment	label not found in pinned MIM index and no usable local identity
ALIAS	Liver extract (see below)	1	1	liver extract	MICRO:0001363	Liver extract	label not found in pinned MIM index and no usable local identity
ALIAS	MH agar	1	1	mh agar	MICRO:0001328	MH agar	label not found in pinned MIM index and no usable local identity
ALIAS	MOPS buffer (SIGMA)	1	1	mops buffer	CHEBI:44115	MOPS buffer	label not found in pinned MIM index and no usable local identity
ALIAS	MRS agar (Oxoid)	1	1	mrs agar	MICRO:0000554	MRS agar	label not found in pinned MIM index and no usable local identity
ALIAS	Marine Broth  (MB) 2216  (Difco)	1	1	marine broth 2216	kgmicrobe.ingredient:marine_broth_2216	Marine Broth  (MB) 2216  (Difco)	label not found in pinned MIM index and no usable local identity
ALIAS	Marine Broth 2216 (BD 279110)	1	1	marine broth 2216	kgmicrobe.ingredient:marine_broth_2216	Marine Broth  (MB) 2216  (Difco)	label not found in pinned MIM index and no usable local identity
ALIAS	Marine Broth 2216 (BD--Difco)	1	1	marine broth 2216	kgmicrobe.ingredient:marine_broth_2216	Marine Broth  (MB) 2216  (Difco)	label not found in pinned MIM index and no usable local identity
ALIAS	Marine Broth 2216 (BD-Difco)	1	1	marine broth 2216	kgmicrobe.ingredient:marine_broth_2216	Marine Broth  (MB) 2216  (Difco)	label not found in pinned MIM index and no usable local identity
ALIAS	Metals ''44'' (see below)	1	1	metals 44	MICRO:0000456	"\""Metals 44\"""	label not found in pinned MIM index and no usable local identity
ALIAS	Methanol (10%)	1	1	methanol	CHEBI:17790	Methanol	label not found in pinned MIM index and no usable local identity
ALIAS	Methanol**	1	1	methanol	CHEBI:17790	Methanol	label not found in pinned MIM index and no usable local identity
ALIAS	Methylphosphonic acid	1	1	methylphosphonic acid	CHEBI:45129	Methylphosphonic acid	label not found in pinned MIM index and no usable local identity
ALIAS	Meticillin	1	1	meticillin	CHEBI:6827	Meticillin	label not found in pinned MIM index and no usable local identity
ALIAS	MgCl2•6H2O	1	1	mgcl2 6h2o	CHEBI:86345	MgCl2 . 6H2O	label not found in pinned MIM index and no usable local identity
ALIAS	MgSO 7H O	1	1	mgso 7h o	CHEBI:32599	MgSO .7H O	label not found in pinned MIM index and no usable local identity
ALIAS	Micronutrients	1	1	micronutrients	CHEBI:27027	Micronutrients	label not found in pinned MIM index and no usable local identity
ALIAS	Middlebrook 7H10 Agar (Difco)	1	1	middlebrook 7h10 agar	NCIT:C85509	Middlebrook 7H10 agar	label not found in pinned MIM index and no usable local identity
ALIAS	Mineral solution (see Medium No. 976	1	1	mineral solution see medium no 976	kgmicrobe.ingredient:mineral_solution_see_medium_no_976	Mineral solution (see Medium No. 976	label not found in pinned MIM index and no usable local identity
ALIAS	Minerals	1	1	minerals	CHEBI:46662	Minerals	label not found in pinned MIM index and no usable local identity
ALIAS	MnSO4 (0.01 M)	1	1	mnso4	CHEBI:86360	MnSO4	label not found in pinned MIM index and no usable local identity
ALIAS	MnSO4・xH2O	1	1	mnso4 xh2o	CHEBI:86360	MnSO4・xH2O	MIM label is chemically ambiguous; failed closed
ALIAS	Modified trace vitamins (see below)	1	1	modified trace vitamins	kgmicrobe.ingredient:modified_trace_vitamins	Modified trace vitamins	label not found in pinned MIM index and no usable local identity
ALIAS	Mycobactin J	1	1	mycobactin j	CHEBI:205364	Mycobactin J	label not found in pinned MIM index and no usable local identity
ALIAS	N-acetylglucosamine (Sigma)	1	1	n acetylglucosamine	CHEBI:59640	N-Acetylglucosamine	label not found in pinned MIM index and no usable local identity
ALIAS	NAD (Sigma)	1	1	nad	CHEBI:15846	NAD	label not found in pinned MIM index and no usable local identity
ALIAS	NH4Cl (1 M)	1	1	nh4cl	CHEBI:31206	NH4Cl	label not found in pinned MIM index and no usable local identity
ALIAS	NH4Cl (14% w/v)	1	1	nh4cl	CHEBI:31206	NH4Cl	label not found in pinned MIM index and no usable local identity
ALIAS	NH4OH	1	1	nh4oh	CHEBI:18219	NH4OH	label not found in pinned MIM index and no usable local identity
ALIAS	Na-ampicillin (may be omitted for pure cultures)	1	1	na ampicillin	CHEBI:34535	Na-ampicillin	label not found in pinned MIM index and no usable local identity
ALIAS	Na2CO3 (4 g/L)	1	1	na2co3	CHEBI:29377	Na2CO3	label not found in pinned MIM index and no usable local identity
ALIAS	Na2CO3 (anhydrous)	1	1	na2co3 anhydrous	CHEBI:29377	Na2CO3 anhydrous	label not found in pinned MIM index and no usable local identity
ALIAS	Na2MoO4 (0.01 M)	1	1	na2moo4	CHEBI:75215	Na2MoO4	label not found in pinned MIM index and no usable local identity
ALIAS	Na2S-9H2O	1	1	na2s 9h2o	CHEBI:76209	Na2S . 9H2O	label not found in pinned MIM index and no usable local identity
ALIAS	Na2WO4 (10 mM)	1	1	na2wo4	CHEBI:63940	Na2WO4	label not found in pinned MIM index and no usable local identity
ALIAS	Na2WO4•2H2O	1	1	na2wo4 2h2o	CHEBI:63939	Na2WO4 . 2H2O	label not found in pinned MIM index and no usable local identity
ALIAS	NaHCO3 (1 M)	1	1	nahco3	CHEBI:32139	NaHCO3	label not found in pinned MIM index and no usable local identity
ALIAS	NaHCO3 (3% (w/v))	1	1	nahco3	CHEBI:32139	NaHCO3	label not found in pinned MIM index and no usable local identity
ALIAS	NaHCO3 (5%, w/v)	1	1	nahco3	CHEBI:32139	NaHCO3	label not found in pinned MIM index and no usable local identity
ALIAS	NaHCO3 (7.5% w/v in water)	1	1	nahco3	CHEBI:32139	NaHCO3	label not found in pinned MIM index and no usable local identity
ALIAS	NaOH (0.38 M)	1	1	naoh	CHEBI:32145	NaOH	label not found in pinned MIM index and no usable local identity
ALIAS	Nicotinamide (Niacinamide)	1	1	nicotinamide	CHEBI:17154	Nicotinamide	label not found in pinned MIM index and no usable local identity
ALIAS	Nicotine (Fluka)	1	1	nicotine	CHEBI:18723	nicotine	label not found in pinned MIM index and no usable local identity
ALIAS	Nutrient Broth (BD cat 234000)	1	1	nutrient broth	MICRO:0000082	nutrient broth	label not found in pinned MIM index and no usable local identity
ALIAS	Nutrient Broth (Difco)	1	1	nutrient broth	MICRO:0000082	nutrient broth	label not found in pinned MIM index and no usable local identity
ALIAS	Nutrient broth (BD Difco)	1	1	nutrient broth	MICRO:0000082	nutrient broth	label not found in pinned MIM index and no usable local identity
ALIAS	Nutrient broth (BD-Difco)	1	1	nutrient broth	MICRO:0000082	nutrient broth	label not found in pinned MIM index and no usable local identity
ALIAS	Nutrient broth (NB) (Difco)	1	1	nutrient broth	MICRO:0000082	nutrient broth	label not found in pinned MIM index and no usable local identity
ALIAS	O-Phospho-L-serine	1	1	o phospho l serine	CHEBI:15811	O-Phospho-L-serine	label not found in pinned MIM index and no usable local identity
ALIAS	OADC Enrichment (Difco)	1	1	oadc enrichment	kgmicrobe.ingredient:oadc_enrichment	OADC Enrichment	label not found in pinned MIM index and no usable local identity
ALIAS	PIPES buffer (Sigma)	1	1	pipes buffer	kgmicrobe.ingredient:pipes_buffer	PIPES buffer	label not found in pinned MIM index and no usable local identity
ALIAS	Pancreatic Digest of Gelatin (Hardy C6540)	1	1	pancreatic digest of gelatin	MICRO:0000466	pancreatic digest of gelatin	label not found in pinned MIM index and no usable local identity
ALIAS	Penicillin G (Parke)	1	1	penicillin g	CHEBI:51765	Penicillin g	label not found in pinned MIM index and no usable local identity
ALIAS	Peptone (BBL)	1	1	peptone	MICRO:0000178	Peptone	label not found in pinned MIM index and no usable local identity
ALIAS	Phenol red (0.1% aqueous)	1	1	phenol red	CHEBI:31991	Phenol red	label not found in pinned MIM index and no usable local identity
ALIAS	Phenyl acetate	1	1	phenyl acetate	CHEBI:8082	Phenyl acetate	label not found in pinned MIM index and no usable local identity
ALIAS	Phytone peptone (BBL)	1	1	phytone peptone	FOODON:03315720	Phytone peptone	label not found in pinned MIM index and no usable local identity
ALIAS	Phytone peptone (BD-Difco)	1	1	phytone peptone	FOODON:03315720	Phytone peptone	label not found in pinned MIM index and no usable local identity
ALIAS	Polyethylene glycol (Mw 106-20000)	1	1	polyethylene glycol	CHEBI:46793	Polyethylene glycol	label not found in pinned MIM index and no usable local identity
ALIAS	Polypepton (Nihon Seiyaku)	1	1	polypepton	FOODON:03315306	Polypepton	label not found in pinned MIM index and no usable local identity
ALIAS	Polypeptone (BBL)	1	1	polypeptone	FOODON:03315306	Polypeptone	label not found in pinned MIM index and no usable local identity
ALIAS	Potassium phosphate buffer (0.01 M, pH 7.2)	1	1	potassium phosphate buffer	kgmicrobe.ingredient:potassium_phosphate_buffer	Potassium phosphate buffer	label not found in pinned MIM index and no usable local identity
ALIAS	Potassium phosphate buffer (0.02 M, pH 7.0)	1	1	potassium phosphate buffer	kgmicrobe.ingredient:potassium_phosphate_buffer	Potassium phosphate buffer	label not found in pinned MIM index and no usable local identity
ALIAS	Potassium phosphate buffer (1 M, pH 7.1)	1	1	potassium phosphate buffer	kgmicrobe.ingredient:potassium_phosphate_buffer	Potassium phosphate buffer	label not found in pinned MIM index and no usable local identity
ALIAS	Potassium phosphate buffer* (see below)	1	1	potassium phosphate buffer	kgmicrobe.ingredient:potassium_phosphate_buffer	Potassium phosphate buffer	label not found in pinned MIM index and no usable local identity
ALIAS	Proteose peptone (BD Difico)	1	1	proteose peptone	MICRO:0000180	Proteose Peptone	label not found in pinned MIM index and no usable local identity
ALIAS	Pyridoxal・HCl	1	1	pyridoxal hcl	CHEBI:131529	Pyridoxal HCl	label not found in pinned MIM index and no usable local identity
ALIAS	Pyridoxamine . 2HCl	1	1	pyridoxamine 2hcl	CHEBI:131532	Pyridoxamine . 2HCl	label not found in pinned MIM index and no usable local identity
ALIAS	Pyridoxamine・2HCl	1	1	pyridoxamine 2hcl	CHEBI:131532	Pyridoxamine . 2HCl	label not found in pinned MIM index and no usable local identity
ALIAS	Pyridoxamine・HCl	1	1	pyridoxamine hcl	CHEBI:131531	Pyridoxamine HCl	label not found in pinned MIM index and no usable local identity
ALIAS	Pyridoxine . HCl	1	1	pyridoxine hcl	CHEBI:30961	Pyridoxine . HCl	label not found in pinned MIM index and no usable local identity
ALIAS	Pyridoxine.HCL	1	1	pyridoxine hcl	CHEBI:30961	Pyridoxine . HCl	label not found in pinned MIM index and no usable local identity
ALIAS	Quinoline	1	1	quinoline	CHEBI:17362	Quinoline	label not found in pinned MIM index and no usable local identity
ALIAS	R2A agar (BD--Difco)	1	1	r2a agar	MICRO:0000543	R2A agar	label not found in pinned MIM index and no usable local identity
ALIAS	Reducing Agent	1	1	reducing agent	CHEBI:63247	Reducing Agent	label not found in pinned MIM index and no usable local identity
ALIAS	Resazurin (0.02%)	1	1	resazurin	CHEBI:8806	Resazurin	label not found in pinned MIM index and no usable local identity
ALIAS	Resazurin (0.025%)	1	1	resazurin	CHEBI:8806	Resazurin	label not found in pinned MIM index and no usable local identity
ALIAS	Resazurin (0.1% w/v in water)	1	1	resazurin	CHEBI:8806	Resazurin	label not found in pinned MIM index and no usable local identity
ALIAS	Resazurin (1 mg/L)	1	1	resazurin	CHEBI:8806	Resazurin	label not found in pinned MIM index and no usable local identity
ALIAS	Riboflavin (0.2 mg/ml)	1	1	riboflavin	CHEBI:17015	Riboflavin	label not found in pinned MIM index and no usable local identity
ALIAS	Riboflavin (see below)	1	1	riboflavin	CHEBI:17015	Riboflavin	label not found in pinned MIM index and no usable local identity
ALIAS	Rye--bran	1	1	rye bran	FOODON:03311582	rye bran	label not found in pinned MIM index and no usable local identity
ALIAS	Salicylate	1	1	salicylate	CHEBI:30762	Salicylate	label not found in pinned MIM index and no usable local identity
ALIAS	Salts solution***	1	1	salts solution	kgmicrobe.ingredient:salts_solution	Salts solution	label not found in pinned MIM index and no usable local identity
ALIAS	Sea salts (Sigma-Aldrich)	1	1	sea salts	NCIT:C75874	Sea salts	label not found in pinned MIM index and no usable local identity
ALIAS	Seawater (1.75 % salinity)	1	1	seawater	ENVO:00002149	Seawater	label not found in pinned MIM index and no usable local identity
ALIAS	Seawater (2% Salinity)	1	1	seawater	ENVO:00002149	Seawater	label not found in pinned MIM index and no usable local identity
ALIAS	Seawater (2% Salinity)*	1	1	seawater	ENVO:00002149	Seawater	label not found in pinned MIM index and no usable local identity
ALIAS	Seawater (3 % salinity)	1	1	seawater	ENVO:00002149	Seawater	label not found in pinned MIM index and no usable local identity
ALIAS	Seawater**	1	1	seawater	ENVO:00002149	Seawater	label not found in pinned MIM index and no usable local identity
ALIAS	Skim milk (BD-Difco)	1	1	skim milk	FOODON:03301484	Skim milk	label not found in pinned MIM index and no usable local identity
ALIAS	Skim milk powder	1	1	skim milk powder	MICRO:0001241	Skim milk powder	label not found in pinned MIM index and no usable local identity
ALIAS	Sludge fluid (see below)	1	1	sludge fluid	MICRO:0000521	Sludge fluid	label not found in pinned MIM index and no usable local identity
ALIAS	Sodium formate (Wako)	1	1	sodium formate	CHEBI:62965	Sodium Formate	label not found in pinned MIM index and no usable local identity
ALIAS	Sodium phosphate buffer (25 mM, pH 3.4)	1	1	sodium phosphate buffer	kgmicrobe.ingredient:sodium_phosphate_buffer	Sodium phosphate buffer	label not found in pinned MIM index and no usable local identity
ALIAS	Soil extract (SE1)	1	1	soil extract	MICRO:0000457	Soil extract	label not found in pinned MIM index and no usable local identity
ALIAS	Soil extract (See below)	1	1	soil extract	MICRO:0000457	Soil extract	label not found in pinned MIM index and no usable local identity
ALIAS	Soluble starch (Sigma)	1	1	soluble starch	CHEBI:28017	Soluble starch	label not found in pinned MIM index and no usable local identity
ALIAS	Soytone (BD 243620)	1	1	soytone	FOODON:03315720	Soytone	label not found in pinned MIM index and no usable local identity
ALIAS	Soytone (Difco)	1	1	soytone	FOODON:03315720	Soytone	label not found in pinned MIM index and no usable local identity
ALIAS	Sucrose (20%, w/v)	1	1	sucrose	CHEBI:17992	Sucrose	label not found in pinned MIM index and no usable local identity
ALIAS	TES (Dry Buffer)	1	1	tes	CHEBI:39035	TES	label not found in pinned MIM index and no usable local identity
ALIAS	Table wine	1	1	table wine	FOODON:00004062	Table wine	label not found in pinned MIM index and no usable local identity
ALIAS	Thallium acetate	1	1	thallium acetate	CHEBI:75192	Thallium acetate	label not found in pinned MIM index and no usable local identity
ALIAS	Thiamine·HCl·2H2O	1	1	thiamine hcl 2h2o	CHEBI:132751	Thiamine-HCl·2H2O	label not found in pinned MIM index and no usable local identity
ALIAS	Thiamine・HCl (see below)	1	1	thiamine hcl	CHEBI:49105	Thiamine . HCl	label not found in pinned MIM index and no usable local identity
ALIAS	Tomato juice (Del Monte)	1	1	tomato juice	FOODON:03301454	Tomato juice	label not found in pinned MIM index and no usable local identity
ALIAS	Trace Metal Mix A5 (see below)	1	1	trace metal mix a5	MICRO:0001349	Trace metal mix A5	label not found in pinned MIM index and no usable local identity
ALIAS	Trace element solution (see Medium No. 187	1	1	trace element solution see medium no 187	kgmicrobe.ingredient:trace_element_solution_see_medium_no_187	Trace element solution (see Medium No. 187	label not found in pinned MIM index and no usable local identity
ALIAS	Trace element solution (see Medium No. 284 )	1	1	trace element solution	NCIT:C896	Trace element solution	label not found in pinned MIM index and no usable local identity
ALIAS	Trace element solution* (see Medium No. 899 )	1	1	trace element solution	NCIT:C896	Trace element solution	label not found in pinned MIM index and no usable local identity
ALIAS	Trace element solution****	1	1	trace element solution	NCIT:C896	Trace element solution	label not found in pinned MIM index and no usable local identity
ALIAS	Trace elements (see below)	1	1	trace elements	mesh:D014131	Trace Elements	label not found in pinned MIM index and no usable local identity
ALIAS	Trace metal solution*	1	1	trace metal solution	kgmicrobe.ingredient:trace_metal_solution	Trace metal solution	label not found in pinned MIM index and no usable local identity
ALIAS	Trace mineral solution (see Medium No. 852 )	1	1	trace mineral solution	kgmicrobe.ingredient:trace_mineral_solution	Trace mineral solution	label not found in pinned MIM index and no usable local identity
ALIAS	Trace mineral solution (see Medium No.852)	1	1	trace mineral solution	kgmicrobe.ingredient:trace_mineral_solution	Trace mineral solution	label not found in pinned MIM index and no usable local identity
ALIAS	Trace mineral solution (see below)	1	1	trace mineral solution	kgmicrobe.ingredient:trace_mineral_solution	Trace mineral solution	label not found in pinned MIM index and no usable local identity
ALIAS	Trace mineral solution**	1	1	trace mineral solution	kgmicrobe.ingredient:trace_mineral_solution	Trace mineral solution	label not found in pinned MIM index and no usable local identity
ALIAS	Trace minerals*	1	1	trace minerals	kgmicrobe.ingredient:trace_minerals	Trace minerals	label not found in pinned MIM index and no usable local identity
ALIAS	Trichloroethylene (10 mg/ml in methanol)	1	1	trichloroethylene	CHEBI:16602	Trichloroethylene	label not found in pinned MIM index and no usable local identity
ALIAS	Trimethylamine . HCl	1	1	trimethylamine hcl	CHEBI:64700	Trimethylamine . HCl	label not found in pinned MIM index and no usable local identity
ALIAS	Trimethylamine・HCl	1	1	trimethylamine hcl	CHEBI:64700	Trimethylamine . HCl	label not found in pinned MIM index and no usable local identity
ALIAS	Tris・HCl	1	1	tris hcl	CHEBI:9754	Tris HCl	label not found in pinned MIM index and no usable local identity
ALIAS	Tryptone (BD-Difico)	1	1	tryptone	MICRO:0000182	Tryptone	label not found in pinned MIM index and no usable local identity
ALIAS	Tween 80 (pH 8.0)	1	1	tween 80	CHEBI:53426	Tween 80	label not found in pinned MIM index and no usable local identity
ALIAS	Urea (Sigma U5218)	1	1	urea	CHEBI:16199	Urea	label not found in pinned MIM index and no usable local identity
ALIAS	Vitamin D3	1	1	vitamin d3	CHEBI:28940	Vitamin D3	label not found in pinned MIM index and no usable local identity
ALIAS	Vitamin K	1	1	vitamin k	CHEBI:28384	Vitamin K	label not found in pinned MIM index and no usable local identity
ALIAS	Vitamin K1 (1 mg/ml)	1	1	vitamin k1	CHEBI:18067	Vitamin K1	label not found in pinned MIM index and no usable local identity
ALIAS	Vitamins (ATCC)	1	1	vitamins	CHEBI:33229	Vitamins	label not found in pinned MIM index and no usable local identity
ALIAS	Xylan (Tokyo Kasei or Sigma)	1	1	xylan	CHEBI:37166	Xylan	label not found in pinned MIM index and no usable local identity
ALIAS	Yeastolate (Difco)	1	1	yeastolate	MICRO:0000522	Yeastolate	label not found in pinned MIM index and no usable local identity
ALIAS	"\""Metals 44\"""	1	1	metals 44	MICRO:0000456	"\""Metals 44\"""	label not found in pinned MIM index and no usable local identity
ALIAS	alpha,alpha-Trehalose	1	1	alpha alpha trehalose	CHEBI:16551	alpha,alpha-Trehalose	label not found in pinned MIM index and no usable local identity
ALIAS	alpha-Tocopherol	1	1	alpha tocopherol	CHEBI:18145	alpha-Tocopherol	label not found in pinned MIM index and no usable local identity
ALIAS	alpha-ketoglutaric acid (100 mM).	1	1	alpha ketoglutaric acid	CHEBI:30915	alpha-ketoglutaric acid	label not found in pinned MIM index and no usable local identity
ALIAS	azlocillin	1	1	azlocillin	CHEBI:2956	azlocillin	label not found in pinned MIM index and no usable local identity
ALIAS	brain-heart infusion broth (Difco Laboratories)	1	1	brain heart infusion broth	MICRO:0000193	Brain heart infusion broth	label not found in pinned MIM index and no usable local identity
ALIAS	brain-heart infusion broth (Difco)	1	1	brain heart infusion broth	MICRO:0000193	Brain heart infusion broth	label not found in pinned MIM index and no usable local identity
ALIAS	brain–heart infusion agar	1	1	brain heart infusion agar	MICRO:0000566	brain heart infusion agar	label not found in pinned MIM index and no usable local identity
ALIAS	casamino acid (BD Difco)	1	1	casamino acid	FOODON:03315719	Casamino Acid	label not found in pinned MIM index and no usable local identity
ALIAS	chloramphenicol (if needed)	1	1	chloramphenicol	CHEBI:17698	(-)-Chloramphenicol	label not found in pinned MIM index and no usable local identity
ALIAS	cysteine . HCl	1	1	cysteine hcl	CHEBI:91247	cysteine . HCl	label not found in pinned MIM index and no usable local identity
ALIAS	defibrinated horse blood (TCS Biologicals)	1	1	defibrinated horse blood	MICRO:0001572	Defibrinated horse blood	label not found in pinned MIM index and no usable local identity
ALIAS	dimethyl sulfoxide (DMSO)	1	1	dimethyl sulfoxide	CHEBI:28262	Dimethyl sulfoxide	label not found in pinned MIM index and no usable local identity
ALIAS	farm soil	1	1	farm soil	ENVO:00005749	farm soil	label not found in pinned MIM index and no usable local identity
ALIAS	fatty acid mixture	1	1	fatty acid mixture	CHEBI:35366	Fatty acid mixture	label not found in pinned MIM index and no usable local identity
ALIAS	flucloxacillin	1	1	flucloxacillin	CHEBI:5098	flucloxacillin	label not found in pinned MIM index and no usable local identity
ALIAS	gelrite (Gellan Gum)	1	1	gelrite	CHEBI:85248	Gelrite	label not found in pinned MIM index and no usable local identity
ALIAS	gentamicin (if needed)	1	1	gentamicin	CHEBI:17833	Gentamicin	label not found in pinned MIM index and no usable local identity
ALIAS	hemin (ICN)	1	1	hemin	CHEBI:50385	Hemin	label not found in pinned MIM index and no usable local identity
ALIAS	horse blood	1	1	horse blood	MICRO:0001234	Horse blood	label not found in pinned MIM index and no usable local identity
ALIAS	isovitalex (BD Biosciences)	1	1	isovitalex	kgmicrobe.ingredient:isovitalex	Isovitalex	label not found in pinned MIM index and no usable local identity
ALIAS	kanamycin (if needed)	1	1	kanamycin	CHEBI:6104	Kanamycin	label not found in pinned MIM index and no usable local identity
ALIAS	liver powder	1	1	liver powder	FOODON:03000441	liver powder	label not found in pinned MIM index and no usable local identity
ALIAS	methylcobalamin	1	1	methylcobalamin	CHEBI:28115	methylcobalamin	label not found in pinned MIM index and no usable local identity
ALIAS	phytone (BBL)	1	1	phytone	FOODON:03315720	Phytone	label not found in pinned MIM index and no usable local identity
ALIAS	pyridoxal-HCl (Sigma Aldrich)	1	1	pyridoxal hcl	CHEBI:131529	Pyridoxal HCl	label not found in pinned MIM index and no usable local identity
ALIAS	pyridoxal-phosphate (Sigma Aldrich)	1	1	pyridoxal phosphate	CHEBI:18405	Pyridoxal phosphate	label not found in pinned MIM index and no usable local identity
ALIAS	rice straw	1	1	rice straw	ENVO:00003870	rice straw	label not found in pinned MIM index and no usable local identity
ALIAS	testosterone	1	1	testosterone	CHEBI:17347	testosterone	label not found in pinned MIM index and no usable local identity
ALIAS	thallium acetate	1	1	thallium acetate	CHEBI:75192	Thallium acetate	label not found in pinned MIM index and no usable local identity
ALIAS	thiamine monophosphate	1	1	thiamine monophosphate	CHEBI:9533	thiamine monophosphate	label not found in pinned MIM index and no usable local identity
ALIAS	trimethoprim (GlaxoSmithKline)	1	1	trimethoprim	CHEBI:45924	Trimethoprim	label not found in pinned MIM index and no usable local identity
ALIAS	trimethylamine・HCl	1	1	trimethylamine hcl	CHEBI:64700	Trimethylamine . HCl	label not found in pinned MIM index and no usable local identity
ALIAS	trypticase (BBL)	1	1	trypticase	MICRO:0000175	Trypticase	label not found in pinned MIM index and no usable local identity
ALIAS	washed agar	1	1	washed agar	MICRO:0001723	washed agar	label not found in pinned MIM index and no usable local identity
ALIAS	“Metals 44” (see below)	1	1	metals 44	MICRO:0000456	"\""Metals 44\"""	label not found in pinned MIM index and no usable local identity
AMBIGUOUS	Sea Salt	140	140	sea salt	MICRO:0001647|NCIT:C75874	sea salt	MIM label is chemically ambiguous; failed closed
AMBIGUOUS	Casamino acids (BD-Difco)	82	82	casamino acids	FOODON:03315719|mesh:C017721	Casamino acids	label not found in pinned MIM index and no usable local identity
AMBIGUOUS	Pancreatic digest of casein	25	25	pancreatic digest of casein	FOODON:03315719|MICRO:0000182	Pancreatic Digest of Casein	MIM label is chemically ambiguous; failed closed
AMBIGUOUS	CaCl2・2H2O	14	14	cacl2 2h2o	CHEBI:3312|CHEBI:86158	CaCl2 . 2H2O	label not found in pinned MIM index and no usable local identity
AMBIGUOUS	L-cysteine hydrochloride	13	13	l cysteine hydrochloride	CHEBI:91247|kgmicrobe.ingredient:l-cysteine_x_hcl_x_h2o_solution	L-(+)-Cysteine hydrochloride	MIM label is chemically ambiguous; failed closed
AMBIGUOUS	Vitamin solution (see Medium No. 403)	11	11	vitamin solution	MICRO:0000460|kgmicrobe.ingredient:biotin_vitamin_solution|kgmicrobe.ingredient:kao_and_michayluk_vitamin_solution|kgmicrobe.ingredient:thiamine_vitamin_solution|kgmicrobe.ingredient:vitamin_solution_see_medium_no_403|kgmicrobe.ingredient:vitamin_solution_~28thermophilic_formulation~29	Vitamin solution	label not found in pinned MIM index and no usable local identity
AMBIGUOUS	Vitamin B12 (0.002% (w/v))	10	10	vitamin b12	CHEBI:17439|CHEBI:176843	Vitamin B12	label not found in pinned MIM index and no usable local identity
AMBIGUOUS	MgSO4・7H2O	8	8	mgso4 7h2o	CHEBI:31795|CHEBI:32599	MgSO4 . 7H2O	label not found in pinned MIM index and no usable local identity
AMBIGUOUS	Vitamin solution**	6	6	vitamin solution	MICRO:0000460|kgmicrobe.ingredient:biotin_vitamin_solution|kgmicrobe.ingredient:kao_and_michayluk_vitamin_solution|kgmicrobe.ingredient:thiamine_vitamin_solution|kgmicrobe.ingredient:vitamin_solution_see_medium_no_403|kgmicrobe.ingredient:vitamin_solution_~28thermophilic_formulation~29	Vitamin solution	label not found in pinned MIM index and no usable local identity
AMBIGUOUS	CoCl2·6H2O	4	4	cocl2 6h2o	CHEBI:35696|kgmicrobe.compound:cocl2_x_2_h2o|kgmicrobe.compound:cocl2_x_4_h2o	CoCl2 . 6H2O	MIM label is chemically ambiguous; failed closed
AMBIGUOUS	Vitamin B12 (2 mg/ml)	4	4	vitamin b12	CHEBI:17439|CHEBI:176843	Vitamin B12	label not found in pinned MIM index and no usable local identity
AMBIGUOUS	Vitamin solution*	4	4	vitamin solution	MICRO:0000460|kgmicrobe.ingredient:biotin_vitamin_solution|kgmicrobe.ingredient:kao_and_michayluk_vitamin_solution|kgmicrobe.ingredient:thiamine_vitamin_solution|kgmicrobe.ingredient:vitamin_solution_see_medium_no_403|kgmicrobe.ingredient:vitamin_solution_~28thermophilic_formulation~29	Vitamin solution	label not found in pinned MIM index and no usable local identity
AMBIGUOUS	Casamino Acids (Difco)	3	3	casamino acids	FOODON:03315719|mesh:C017721	Casamino acids	label not found in pinned MIM index and no usable local identity
AMBIGUOUS	Casamino acids (Difco)	3	3	casamino acids	FOODON:03315719|mesh:C017721	Casamino acids	label not found in pinned MIM index and no usable local identity
AMBIGUOUS	Pancreatic Digest of Casein	3	3	pancreatic digest of casein	FOODON:03315719|MICRO:0000182	Pancreatic Digest of Casein	MIM label is chemically ambiguous; failed closed
AMBIGUOUS	Sulfur, powder	3	3	sulfur	CHEBI:17909|CHEBI:26833	Sulfur	label not found in pinned MIM index and no usable local identity
AMBIGUOUS	Vitamin solution (see Medium No. 898 )	3	3	vitamin solution	MICRO:0000460|kgmicrobe.ingredient:biotin_vitamin_solution|kgmicrobe.ingredient:kao_and_michayluk_vitamin_solution|kgmicrobe.ingredient:thiamine_vitamin_solution|kgmicrobe.ingredient:vitamin_solution_see_medium_no_403|kgmicrobe.ingredient:vitamin_solution_~28thermophilic_formulation~29	Vitamin solution	label not found in pinned MIM index and no usable local identity
AMBIGUOUS	Vitamin solution* (see Medium No. 915 )	3	3	vitamin solution	MICRO:0000460|kgmicrobe.ingredient:biotin_vitamin_solution|kgmicrobe.ingredient:kao_and_michayluk_vitamin_solution|kgmicrobe.ingredient:thiamine_vitamin_solution|kgmicrobe.ingredient:vitamin_solution_see_medium_no_403|kgmicrobe.ingredient:vitamin_solution_~28thermophilic_formulation~29	Vitamin solution	label not found in pinned MIM index and no usable local identity
AMBIGUOUS	Vitamin solution***	3	3	vitamin solution	MICRO:0000460|kgmicrobe.ingredient:biotin_vitamin_solution|kgmicrobe.ingredient:kao_and_michayluk_vitamin_solution|kgmicrobe.ingredient:thiamine_vitamin_solution|kgmicrobe.ingredient:vitamin_solution_see_medium_no_403|kgmicrobe.ingredient:vitamin_solution_~28thermophilic_formulation~29	Vitamin solution	label not found in pinned MIM index and no usable local identity
AMBIGUOUS	2-(N-Morpholino)ethanesulfonic acid (MES)	2	2	2 n morpholino ethanesulfonic acid	CHEBI:39005|cas:145224-94-8	2-(N-morpholino)ethanesulfonic acid	label not found in pinned MIM index and no usable local identity
AMBIGUOUS	Casamino acids (BD BBL)	2	2	casamino acids	FOODON:03315719|mesh:C017721	Casamino acids	label not found in pinned MIM index and no usable local identity
AMBIGUOUS	Casamino acids (BD Difco)	2	2	casamino acids	FOODON:03315719|mesh:C017721	Casamino acids	label not found in pinned MIM index and no usable local identity
AMBIGUOUS	Phosphate buffer (see below)	2	2	phosphate buffer	NCIT:C29321|kgmicrobe.ingredient:phosphate_buffer_stock_solution|kgmicrobe.ingredient:potassium_phosphate_buffer|kgmicrobe.ingredient:sodium_phosphate_buffer|kgmicrobe.ingredient:sodium_potassium_phosphate_buffer	Phosphate buffer	label not found in pinned MIM index and no usable local identity
AMBIGUOUS	Vitamin B12 (0.1 mg/ml, filter sterilized)	2	2	vitamin b12	CHEBI:17439|CHEBI:176843	Vitamin B12	label not found in pinned MIM index and no usable local identity
AMBIGUOUS	Aspartic acid	1	1	aspartic acid	CHEBI:17053|CHEBI:22660|cas:1115-63-5|cas:323194-76-9	(+-)-Aspartic acid	MIM label is chemically ambiguous; failed closed
AMBIGUOUS	Casamino acids (BD Bacto)	1	1	casamino acids	FOODON:03315719|mesh:C017721	Casamino acids	label not found in pinned MIM index and no usable local identity
AMBIGUOUS	Casamino acids (BD--Difco)	1	1	casamino acids	FOODON:03315719|mesh:C017721	Casamino acids	label not found in pinned MIM index and no usable local identity
AMBIGUOUS	Casamino acids (BD-Difico)	1	1	casamino acids	FOODON:03315719|mesh:C017721	Casamino acids	label not found in pinned MIM index and no usable local identity
AMBIGUOUS	Citric acid·H2O (4.8 g/L)	1	1	citric acid h2o	CHEBI:30769|CHEBI:31404	Citric acid . H2O	label not found in pinned MIM index and no usable local identity
AMBIGUOUS	CoCl2-6H2O	1	1	cocl2 6h2o	CHEBI:35696|kgmicrobe.compound:cocl2_x_2_h2o|kgmicrobe.compound:cocl2_x_4_h2o	CoCl2 . 6H2O	label not found in pinned MIM index and no usable local identity
AMBIGUOUS	Cyanocobalamin (Vitamin B12)	1	1	cyanocobalamin	CHEBI:17439|CHEBI:176843	Cyanocobalamin	label not found in pinned MIM index and no usable local identity
AMBIGUOUS	Cysteine HCl.H2O	1	1	cysteine hcl h2o	CHEBI:17561|CHEBI:91248	Cysteine-HCl·H2O	label not found in pinned MIM index and no usable local identity
AMBIGUOUS	L-Cysteine hydrochloride	1	1	l cysteine hydrochloride	CHEBI:91247|kgmicrobe.ingredient:l-cysteine_x_hcl_x_h2o_solution	L-(+)-Cysteine hydrochloride	MIM label is chemically ambiguous; failed closed
AMBIGUOUS	Meat peptone (BD Bacto)	1	1	meat peptone	MICRO:0000176|MICRO:0000178	Meat peptone	label not found in pinned MIM index and no usable local identity
AMBIGUOUS	Menadione (Vitamin K3)	1	1	menadione	CHEBI:28869|kgmicrobe.ingredient:menadione_solution	Menadione	label not found in pinned MIM index and no usable local identity
AMBIGUOUS	MgSO4 7H2O	1	1	mgso4 7h2o	CHEBI:31795|CHEBI:32599	MgSO4 . 7H2O	label not found in pinned MIM index and no usable local identity
AMBIGUOUS	MgSO4-7H2O	1	1	mgso4 7h2o	CHEBI:31795|CHEBI:32599	MgSO4 . 7H2O	label not found in pinned MIM index and no usable local identity
AMBIGUOUS	Na2HPO4·12H2O	1	1	na2hpo4 12h2o	CHEBI:34683|CHEBI:91258|CHEBI:91259|kgmicrobe.compound:na2hpo4_x_3_h2o|kgmicrobe.compound:na2hpo4_x_6_h2o|kgmicrobe.compound:na2hpo4_x_7_h2o	Na2HPO4 . 12H2O	MIM label is chemically ambiguous; failed closed
AMBIGUOUS	Na2HPO4·7H2O	1	1	na2hpo4 7h2o	CHEBI:34683|CHEBI:91258|CHEBI:91259|kgmicrobe.compound:na2hpo4_x_3_h2o|kgmicrobe.compound:na2hpo4_x_6_h2o|kgmicrobe.compound:na2hpo4_x_7_h2o	Na2HPO4.7H2O	label not found in pinned MIM index and no usable local identity
AMBIGUOUS	NiCl2-6H2O	1	1	nicl2 6h2o	CHEBI:34887|kgmicrobe.compound:nicl2_x_2_h2o|kgmicrobe.compound:nicl2_x_5_h2o	NiCl2 . 6H2O	label not found in pinned MIM index and no usable local identity
AMBIGUOUS	Nitrilotriacetic acid (C6H9NO6)	1	1	nitrilotriacetic acid	CHEBI:44557|cas:15467-20-6	Nitrilotriacetic acid	label not found in pinned MIM index and no usable local identity
AMBIGUOUS	PIPES (10 mM)	1	1	pipes	CHEBI:39033|kgmicrobe.ingredient:pipes_buffer	PIPES	label not found in pinned MIM index and no usable local identity
AMBIGUOUS	PIPES (Sigma)	1	1	pipes	CHEBI:39033|kgmicrobe.ingredient:pipes_buffer	PIPES	label not found in pinned MIM index and no usable local identity
AMBIGUOUS	Phosphate buffer (1 M, pH 7.2)	1	1	phosphate buffer	NCIT:C29321|kgmicrobe.ingredient:phosphate_buffer_stock_solution|kgmicrobe.ingredient:potassium_phosphate_buffer|kgmicrobe.ingredient:sodium_phosphate_buffer|kgmicrobe.ingredient:sodium_potassium_phosphate_buffer	Phosphate buffer	label not found in pinned MIM index and no usable local identity
AMBIGUOUS	Sea Salt (SIGMA)	1	1	sea salt	MICRO:0001647|NCIT:C75874	sea salt	label not found in pinned MIM index and no usable local identity
AMBIGUOUS	Sea water*	1	1	sea water	ENVO:00002149|kgmicrobe.ingredient:natural_sea_water|kgmicrobe.ingredient:pasteurized_seawater|kgmicrobe.ingredient:supplemented_seawater	Sea water	label not found in pinned MIM index and no usable local identity
AMBIGUOUS	Thiamine pyrophosphate (0.2% w/v in water)	1	1	thiamine pyrophosphate	CHEBI:9532|kgmicrobe.ingredient:0_2_thiamine_pyrophosphate	Thiamine pyrophosphate	label not found in pinned MIM index and no usable local identity
AMBIGUOUS	Trypsin	1	1	trypsin	CHEBI:9765|MICRO:0000673	Trypsin	label not found in pinned MIM index and no usable local identity
AMBIGUOUS	Trypsin (Sigma--Aldrich)	1	1	trypsin	CHEBI:9765|MICRO:0000673	Trypsin	label not found in pinned MIM index and no usable local identity
AMBIGUOUS	Tyrosine	1	1	tyrosine	CHEBI:17895|CHEBI:18186	TYROSINE	MIM label is chemically ambiguous; failed closed
AMBIGUOUS	Vitamin B12 (2 mg/100 ml)	1	1	vitamin b12	CHEBI:17439|CHEBI:176843	Vitamin B12	label not found in pinned MIM index and no usable local identity
AMBIGUOUS	Vitamin solution (see Medium No. 403 )	1	1	vitamin solution	MICRO:0000460|kgmicrobe.ingredient:biotin_vitamin_solution|kgmicrobe.ingredient:kao_and_michayluk_vitamin_solution|kgmicrobe.ingredient:thiamine_vitamin_solution|kgmicrobe.ingredient:vitamin_solution_see_medium_no_403|kgmicrobe.ingredient:vitamin_solution_~28thermophilic_formulation~29	Vitamin solution	label not found in pinned MIM index and no usable local identity
AMBIGUOUS	Vitamin solution (see Medium No. 403 )*	1	1	vitamin solution	MICRO:0000460|kgmicrobe.ingredient:biotin_vitamin_solution|kgmicrobe.ingredient:kao_and_michayluk_vitamin_solution|kgmicrobe.ingredient:thiamine_vitamin_solution|kgmicrobe.ingredient:vitamin_solution_see_medium_no_403|kgmicrobe.ingredient:vitamin_solution_~28thermophilic_formulation~29	Vitamin solution	label not found in pinned MIM index and no usable local identity
AMBIGUOUS	Vitamin solution* (see Medium No. 403 )	1	1	vitamin solution	MICRO:0000460|kgmicrobe.ingredient:biotin_vitamin_solution|kgmicrobe.ingredient:kao_and_michayluk_vitamin_solution|kgmicrobe.ingredient:thiamine_vitamin_solution|kgmicrobe.ingredient:vitamin_solution_see_medium_no_403|kgmicrobe.ingredient:vitamin_solution_~28thermophilic_formulation~29	Vitamin solution	label not found in pinned MIM index and no usable local identity
AMBIGUOUS	Vitamin solution****	1	1	vitamin solution	MICRO:0000460|kgmicrobe.ingredient:biotin_vitamin_solution|kgmicrobe.ingredient:kao_and_michayluk_vitamin_solution|kgmicrobe.ingredient:thiamine_vitamin_solution|kgmicrobe.ingredient:vitamin_solution_see_medium_no_403|kgmicrobe.ingredient:vitamin_solution_~28thermophilic_formulation~29	Vitamin solution	label not found in pinned MIM index and no usable local identity
AMBIGUOUS	cyanocobalamin (Sigma Aldrich)	1	1	cyanocobalamin	CHEBI:17439|CHEBI:176843	Cyanocobalamin	label not found in pinned MIM index and no usable local identity
AMBIGUOUS	tryptophan (Sigma Aldrich)	1	1	tryptophan	CHEBI:16828|CHEBI:27897	Tryptophan	label not found in pinned MIM index and no usable local identity
NOISE:bare_number	1	99	99	1			label not found in pinned MIM index and no usable local identity
NOISE:bare_number	2	97	97	2			label not found in pinned MIM index and no usable local identity
NOISE:bare_number	3	69	69	3			label not found in pinned MIM index and no usable local identity
NOISE:bare_number	4	58	58	4			label not found in pinned MIM index and no usable local identity
NOISE:bare_number	5	34	34	5			label not found in pinned MIM index and no usable local identity
NOISE:bare_number	6	31	31	6			label not found in pinned MIM index and no usable local identity
NOISE:bare_number	7	27	27	7			label not found in pinned MIM index and no usable local identity
NOISE:bare_number	8	25	25	8			label not found in pinned MIM index and no usable local identity
NOISE:bare_number	9	22	22	9			label not found in pinned MIM index and no usable local identity
NOISE:bare_number	10	16	16	10			label not found in pinned MIM index and no usable local identity
NOISE:bare_number	11	11	11	11			label not found in pinned MIM index and no usable local identity
NOISE:bare_number	12	6	6	12			label not found in pinned MIM index and no usable local identity
NOISE:bare_number	13	2	2	13			label not found in pinned MIM index and no usable local identity
NOISE:truncated_quote	'Iron(III	75	75	iron iii			label not found in pinned MIM index and no usable local identity
NOISE:truncated_quote	'Fe(III	13	13	fe iii			label not found in pinned MIM index and no usable local identity
NOISE:truncated_quote	'Chromium(III	8	8	chromium iii			label not found in pinned MIM index and no usable local identity
NOISE:truncated_quote	'(S	6	6	s			label not found in pinned MIM index and no usable local identity
NOISE:truncated_quote	'(9Z	2	2	9z			label not found in pinned MIM index and no usable local identity
NOISE:truncated_quote	'(R	2	2	r			label not found in pinned MIM index and no usable local identity
NOISE:truncated_quote	'Manganese(IV	2	2	manganese iv			label not found in pinned MIM index and no usable local identity
NOISE:truncated_quote	'(R,R	1	1	r r			label not found in pinned MIM index and no usable local identity
NOISE:truncated_quote	'Cyanocob(III	1	1	cyanocob iii			label not found in pinned MIM index and no usable local identity
NOISE:truncated_quote	'Nickel(II	1	1	nickel ii			label not found in pinned MIM index and no usable local identity
RESIDUAL	DI Water	72	72	di water			label not found in pinned MIM index and no usable local identity
RESIDUAL	N2 gas	71	71	n2 gas			label not found in pinned MIM index and no usable local identity
RESIDUAL	Oxygen gas	42	42	oxygen gas			label not found in pinned MIM index and no usable local identity
RESIDUAL	Trace vitamins (see Medium No. 197)	42	42	trace vitamins			label not found in pinned MIM index and no usable local identity
RESIDUAL	Potato	29	29	potato			label not found in pinned MIM index and no usable local identity
RESIDUAL	Bacto Casamino Acids (Difco)	28	28	bacto casamino acids			label not found in pinned MIM index and no usable local identity
RESIDUAL	Sol. 1	26	26	sol 1			label not found in pinned MIM index and no usable local identity
RESIDUAL	Sodium glycerophosphate	25	25	sodium glycerophosphate			label not found in pinned MIM index and no usable local identity
RESIDUAL	5% Na2S·9H2O solution	21	21	5 na2s 9h2o solution			label not found in pinned MIM index and no usable local identity
RESIDUAL	DL-Serine	21	21	dl serine			label not found in pinned MIM index and no usable local identity
RESIDUAL	H3BO4	21	21	h3bo4			label not found in pinned MIM index and no usable local identity
RESIDUAL	Deionized water	20	20	deionized water			label not found in pinned MIM index and no usable local identity
RESIDUAL	Bacto agar (BD-Difco)	17	17	bacto agar			label not found in pinned MIM index and no usable local identity
RESIDUAL	Sodium ammonium phosphate	17	17	sodium ammonium phosphate			label not found in pinned MIM index and no usable local identity
RESIDUAL	Sodium phosphate dibasic heptahydrate	17	17	sodium phosphate dibasic heptahydrate			label not found in pinned MIM index and no usable local identity
RESIDUAL	B12	16	16	b12			label not found in pinned MIM index and no usable local identity
RESIDUAL	Trace vitamins* (see Medium No. 197 )	16	16	trace vitamins			label not found in pinned MIM index and no usable local identity
RESIDUAL	CO2 gas	15	15	co2 gas			label not found in pinned MIM index and no usable local identity
RESIDUAL	Ground beef (fat free)	15	15	ground beef fat free			label not found in pinned MIM index and no usable local identity
RESIDUAL	Vitamin B12 solution (see Medium No. 403)	14	14	vitamin b12 solution			label not found in pinned MIM index and no usable local identity
RESIDUAL	5% L-Cysteine·HCl·H2O solution	13	13	5 l cysteine hcl h2o solution			label not found in pinned MIM index and no usable local identity
RESIDUAL	Bacto Marine Broth 2216 (Difco)	13	13	bacto marine broth 2216			label not found in pinned MIM index and no usable local identity
RESIDUAL	NaOH 1 N	13	13	naoh 1 n			label not found in pinned MIM index and no usable local identity
RESIDUAL	Fe2(SO4)3・xH2O	12	12	fe2 so4 3 xh2o			label not found in pinned MIM index and no usable local identity
RESIDUAL	95% ethanol	11	11	95 ethanol			label not found in pinned MIM index and no usable local identity
RESIDUAL	Absolute ethanol	11	11	absolute ethanol			label not found in pinned MIM index and no usable local identity
RESIDUAL	FeCl2 solution (see Medium No. 187 )	11	11	fecl2 solution			label not found in pinned MIM index and no usable local identity
RESIDUAL	NaHSeO3	11	11	nahseo3			label not found in pinned MIM index and no usable local identity
RESIDUAL	Thiamine solution (see Medium No. 403)	11	11	thiamine solution			label not found in pinned MIM index and no usable local identity
RESIDUAL	8% NaHCO3 solution*	10	10	8 nahco3 solution			label not found in pinned MIM index and no usable local identity
RESIDUAL	Agar, if necessary	10	10	agar if necessary			label not found in pinned MIM index and no usable local identity
RESIDUAL	Fe(III)NH4-EDTA	10	10	fe iii nh4 edta			label not found in pinned MIM index and no usable local identity
RESIDUAL	Methane gas	10	10	methane gas			label not found in pinned MIM index and no usable local identity
RESIDUAL	O2	10	10	o2			label not found in pinned MIM index and no usable local identity
RESIDUAL	Sol. 2	10	10	sol 2			label not found in pinned MIM index and no usable local identity
RESIDUAL	Sulfur, powdered	10	10	sulfur powdered			label not found in pinned MIM index and no usable local identity
RESIDUAL	2 N NaOH	9	9	2 n naoh			label not found in pinned MIM index and no usable local identity
RESIDUAL	Defibrinated Blood	9	9	defibrinated blood			label not found in pinned MIM index and no usable local identity
RESIDUAL	Na-aspartate	9	9	na aspartate			label not found in pinned MIM index and no usable local identity
RESIDUAL	5% Na2S・9H2O	8	8	5 na2s 9h2o			label not found in pinned MIM index and no usable local identity
RESIDUAL	Bacto Agar (Difco)	8	8	bacto agar			label not found in pinned MIM index and no usable local identity
RESIDUAL	Lysine-HCl	8	8	lysine hcl			label not found in pinned MIM index and no usable local identity
RESIDUAL	Mg(SO4) x 7 H2O	8	8	mg so4 x 7 h2o			label not found in pinned MIM index and no usable local identity
RESIDUAL	N NaOH	8	8	n naoh			label not found in pinned MIM index and no usable local identity
RESIDUAL	Na2SiO3	8	8	na2sio3			label not found in pinned MIM index and no usable local identity
RESIDUAL	Sodium EDTA	8	8	sodium edta			label not found in pinned MIM index and no usable local identity
RESIDUAL	Sodium borate	8	8	sodium borate			label not found in pinned MIM index and no usable local identity
RESIDUAL	5% L--Cysteine・HCl・H2O	7	7	5 l cysteine hcl h2o			label not found in pinned MIM index and no usable local identity
RESIDUAL	Ammonium citrate	7	7	ammonium citrate			label not found in pinned MIM index and no usable local identity
RESIDUAL	Filtered natural seawater	7	7	filtered natural seawater			label not found in pinned MIM index and no usable local identity
RESIDUAL	Glacial acetic acid	7	7	glacial acetic acid			label not found in pinned MIM index and no usable local identity
RESIDUAL	Selenite-tungstate solution (see Medium No. 431 )	7	7	selenite tungstate solution			label not found in pinned MIM index and no usable local identity
RESIDUAL	Trace vitamins (see Medium No. 197 )	7	7	trace vitamins			label not found in pinned MIM index and no usable local identity
RESIDUAL	(NH4)2CO3	6	6	nh4 2co3			label not found in pinned MIM index and no usable local identity
RESIDUAL	1 N HCl	6	6	1 n hcl			label not found in pinned MIM index and no usable local identity
RESIDUAL	50% (v/v) Methanol	6	6	50 methanol			label not found in pinned MIM index and no usable local identity
RESIDUAL	AIK(SO4)2 x 12 H2O	6	6	aik so4 2 x 12 h2o			label not found in pinned MIM index and no usable local identity
RESIDUAL	Air-dried sieved calcareous soil	6	6	air dried sieved calcareous soil			label not found in pinned MIM index and no usable local identity
RESIDUAL	Cheese whey	6	6	cheese whey			label not found in pinned MIM index and no usable local identity
RESIDUAL	Concentrated HCl	6	6	concentrated hcl			label not found in pinned MIM index and no usable local identity
RESIDUAL	Fe2(SO4)3 x H2O	6	6	fe2 so4 3 x h2o			label not found in pinned MIM index and no usable local identity
RESIDUAL	Fetal bovine serum (heat-inactivated)	6	6	fetal bovine serum heat inactivated			label not found in pinned MIM index and no usable local identity
RESIDUAL	L--Cysteine・H2O・HCl	6	6	l cysteine h2o hcl			label not found in pinned MIM index and no usable local identity
RESIDUAL	N--Z amine, type A (Sheffield)	6	6	n z amine type a			label not found in pinned MIM index and no usable local identity
RESIDUAL	Na	6	6	na			label not found in pinned MIM index and no usable local identity
RESIDUAL	Na-meta silicate	6	6	na meta silicate			label not found in pinned MIM index and no usable local identity
RESIDUAL	Nitrilotriacetic acid trisodium salt monohydrate	6	6	nitrilotriacetic acid trisodium salt monohydrate			label not found in pinned MIM index and no usable local identity
RESIDUAL	Yeast Nitrogen Base	6	6	yeast nitrogen base			label not found in pinned MIM index and no usable local identity
RESIDUAL	10 N H2SO4	5	5	10 n h2so4			label not found in pinned MIM index and no usable local identity
RESIDUAL	10 N NaOH	5	5	10 n naoh			label not found in pinned MIM index and no usable local identity
RESIDUAL	2 M H2SO4	5	5	2 m h2so4			label not found in pinned MIM index and no usable local identity
RESIDUAL	95% Ethanol	5	5	95 ethanol			label not found in pinned MIM index and no usable local identity
RESIDUAL	Agar (if necessary)	5	5	agar if necessary			label not found in pinned MIM index and no usable local identity
RESIDUAL	CaCl2 (anhydrous)	5	5	cacl2 anhydrous			label not found in pinned MIM index and no usable local identity
RESIDUAL	Ce(NO3)3 x 6 H2O	5	5	ce no3 3 x 6 h2o			label not found in pinned MIM index and no usable local identity
RESIDUAL	Cellobiose or Cellulose MN 300	5	5	cellobiose or cellulose mn 300			label not found in pinned MIM index and no usable local identity
RESIDUAL	Charcoal-filtered, natural seawater	5	5	charcoal filtered natural seawater			label not found in pinned MIM index and no usable local identity
RESIDUAL	CrK(SO4)2 x 12 H2O	5	5	crk so4 2 x 12 h2o			label not found in pinned MIM index and no usable local identity
RESIDUAL	Distilled deionized water	5	5	distilled deionized water			label not found in pinned MIM index and no usable local identity
RESIDUAL	Distilled water, make up to	5	5	distilled water make up to			label not found in pinned MIM index and no usable local identity
RESIDUAL	Fe(NH4)2(SO4)2	5	5	fe nh4 2 so4 2			label not found in pinned MIM index and no usable local identity
RESIDUAL	Fe(NH4)2(SO4)2 x 12 H2O	5	5	fe nh4 2 so4 2 x 12 h2o			label not found in pinned MIM index and no usable local identity
RESIDUAL	Fe-citrate	5	5	fe citrate			label not found in pinned MIM index and no usable local identity
RESIDUAL	La(NO3)3 x 6 H2O	5	5	la no3 3 x 6 h2o			label not found in pinned MIM index and no usable local identity
RESIDUAL	Leibovitz's L-15 medium	5	5	leibovitz s l 15 medium			label not found in pinned MIM index and no usable local identity
RESIDUAL	Na3-citrate x 3 H2O	5	5	na3 citrate x 3 h2o			label not found in pinned MIM index and no usable local identity
RESIDUAL	Potato, peeled and cut	5	5	potato peeled and cut			label not found in pinned MIM index and no usable local identity
RESIDUAL	SrSO4	5	5	srso4			label not found in pinned MIM index and no usable local identity
RESIDUAL	Thiamine-HCl·H2O (Vitamin B1)	5	5	thiamine hcl h2o			label not found in pinned MIM index and no usable local identity
RESIDUAL	0.025% Resazurin	4	4	0 025 resazurin			label not found in pinned MIM index and no usable local identity
RESIDUAL	0.5 M Potassium phosphate buffer (pH 7.0)	4	4	0 5 m potassium phosphate buffer			label not found in pinned MIM index and no usable local identity
RESIDUAL	1N NaOH	4	4	1n naoh			label not found in pinned MIM index and no usable local identity
RESIDUAL	25% HCl (7.7 M)	4	4	25 hcl			label not found in pinned MIM index and no usable local identity
RESIDUAL	5-Hydroxyectoine	4	4	5 hydroxyectoine			label not found in pinned MIM index and no usable local identity
RESIDUAL	8% NaHCO3 solution	4	4	8 nahco3 solution			label not found in pinned MIM index and no usable local identity
RESIDUAL	Agar, Noble (BD-Difco)	4	4	agar noble			label not found in pinned MIM index and no usable local identity
RESIDUAL	AlK(SO4)2 (anhydrous)	4	4	alk so4 2 anhydrous			label not found in pinned MIM index and no usable local identity
RESIDUAL	Bacto agar	4	4	bacto agar			label not found in pinned MIM index and no usable local identity
RESIDUAL	Bring	4	4	bring			label not found in pinned MIM index and no usable local identity
RESIDUAL	CMRL-1066 medium (10x concentrated; GIBCO)	4	4	cmrl 1066 medium 10x concentrated gibco			label not found in pinned MIM index and no usable local identity
RESIDUAL	Corn steep liquor	4	4	corn steep liquor			label not found in pinned MIM index and no usable local identity
RESIDUAL	Cornmeal extract	4	4	cornmeal extract			label not found in pinned MIM index and no usable local identity
RESIDUAL	Cystein-HCl x 2 H2O	4	4	cystein hcl x 2 h2o			label not found in pinned MIM index and no usable local identity
RESIDUAL	DNA (fish sperm; SERVA)	4	4	dna fish sperm serva			label not found in pinned MIM index and no usable local identity
RESIDUAL	EDTA (disodium magnesium salt)	4	4	edta disodium magnesium salt			label not found in pinned MIM index and no usable local identity
RESIDUAL	Fe2(SO4)3	4	4	fe2 so4 3			label not found in pinned MIM index and no usable local identity
RESIDUAL	K2HPO4 (anhydrous base)	4	4	k2hpo4 anhydrous base			label not found in pinned MIM index and no usable local identity
RESIDUAL	K2HSO4	4	4	k2hso4			label not found in pinned MIM index and no usable local identity
RESIDUAL	MgCl2 (anhydrous)	4	4	mgcl2 anhydrous			label not found in pinned MIM index and no usable local identity
RESIDUAL	MnCl2 x 6 H2O	4	4	mncl2 x 6 h2o			label not found in pinned MIM index and no usable local identity
RESIDUAL	Na2-ß-glycerophosphate x 5 H2O	4	4	na2 ß glycerophosphate x 5 h2o			label not found in pinned MIM index and no usable local identity
RESIDUAL	Na2MoO3·2H2O	4	4	na2moo3 2h2o			label not found in pinned MIM index and no usable local identity
RESIDUAL	Na2SeO3 (anhydrous)	4	4	na2seo3 anhydrous			label not found in pinned MIM index and no usable local identity
RESIDUAL	Natural seawater (filtrated)	4	4	natural seawater filtrated			label not found in pinned MIM index and no usable local identity
RESIDUAL	Prepared dried soil	4	4	prepared dried soil			label not found in pinned MIM index and no usable local identity
RESIDUAL	Propenoate	4	4	propenoate			label not found in pinned MIM index and no usable local identity
RESIDUAL	R2A Broth	4	4	r2a broth			label not found in pinned MIM index and no usable local identity
RESIDUAL	Rumen fluid, clarified (see below)	4	4	rumen fluid clarified			label not found in pinned MIM index and no usable local identity
RESIDUAL	Selenite-tungstate solution	4	4	selenite tungstate solution			label not found in pinned MIM index and no usable local identity
RESIDUAL	Sheep Blood (defibrinated)	4	4	sheep blood defibrinated			label not found in pinned MIM index and no usable local identity
RESIDUAL	Sodium glutamate・H2O	4	4	sodium glutamate h2o			label not found in pinned MIM index and no usable local identity
RESIDUAL	Sorbitan mono-oleate	4	4	sorbitan mono oleate			label not found in pinned MIM index and no usable local identity
RESIDUAL	Sulfur (powdered)	4	4	sulfur powdered			label not found in pinned MIM index and no usable local identity
RESIDUAL	Swine serum (heat-inactivated)	4	4	swine serum heat inactivated			label not found in pinned MIM index and no usable local identity
RESIDUAL	Tryptic Digest of beef heart	4	4	tryptic digest of beef heart			label not found in pinned MIM index and no usable local identity
RESIDUAL	Wolfe's mineral elixir	4	4	wolfe s mineral elixir			label not found in pinned MIM index and no usable local identity
RESIDUAL	ZnCl2 x 6 H2O	4	4	zncl2 x 6 h2o			label not found in pinned MIM index and no usable local identity
RESIDUAL	(NH4)6MoO7O24·4H2O	3	3	nh4 6moo7o24 4h2o			label not found in pinned MIM index and no usable local identity
RESIDUAL	(NH4)Mo7O24・4H2O	3	3	nh4 mo7o24 4h2o			label not found in pinned MIM index and no usable local identity
RESIDUAL	0.1 M Dithiothreitol solution	3	3	0 1 m dithiothreitol solution			label not found in pinned MIM index and no usable local identity
RESIDUAL	0.1 M Tris--HCl buffer (pH 7.5)	3	3	0 1 m tris hcl buffer			label not found in pinned MIM index and no usable local identity
RESIDUAL	0.1 N NaOH	3	3	0 1 n naoh			label not found in pinned MIM index and no usable local identity
RESIDUAL	0.2 N NaOH	3	3	0 2 n naoh			label not found in pinned MIM index and no usable local identity
RESIDUAL	1 M NH4Cl	3	3	1 m nh4cl			label not found in pinned MIM index and no usable local identity
RESIDUAL	1 M NH4Cl solution	3	3	1 m nh4cl solution			label not found in pinned MIM index and no usable local identity
RESIDUAL	1.0 M Sodium acetate solution	3	3	1 0 m sodium acetate solution			label not found in pinned MIM index and no usable local identity
RESIDUAL	1.0 M Sodium thiosulfate solution	3	3	1 0 m sodium thiosulfate solution			label not found in pinned MIM index and no usable local identity
RESIDUAL	2 M HEPES buffer (pH 7.0)	3	3	2 m hepes buffer			label not found in pinned MIM index and no usable local identity
RESIDUAL	2 N H2SO4	3	3	2 n h2so4			label not found in pinned MIM index and no usable local identity
RESIDUAL	3Na-EDTA	3	3	3na edta			label not found in pinned MIM index and no usable local identity
RESIDUAL	AIK(SO4)2	3	3	aik so4 2			label not found in pinned MIM index and no usable local identity
RESIDUAL	Activated carbon	3	3	activated carbon			label not found in pinned MIM index and no usable local identity
RESIDUAL	Agar, if required	3	3	agar if required			label not found in pinned MIM index and no usable local identity
RESIDUAL	Aged seawater	3	3	aged seawater			label not found in pinned MIM index and no usable local identity
RESIDUAL	Ammonium Fe(III) citrate	3	3	ammonium fe iii citrate			label not found in pinned MIM index and no usable local identity
RESIDUAL	Aseptically add the foetal calf serum to a final concentration of	3	3	aseptically add the foetal calf serum to a final concentration of			label not found in pinned MIM index and no usable local identity
RESIDUAL	Bacto Casamino acids (Difco)	3	3	bacto casamino acids			label not found in pinned MIM index and no usable local identity
RESIDUAL	Bacto Tyrptone (Difco)	3	3	bacto tyrptone			label not found in pinned MIM index and no usable local identity
RESIDUAL	Bacto-Yeast Nitrogen Base w/o Amino acids (Difco)	3	3	bacto yeast nitrogen base w o amino acids			label not found in pinned MIM index and no usable local identity
RESIDUAL	Bis Tris Propane	3	3	bis tris propane			label not found in pinned MIM index and no usable local identity
RESIDUAL	Bottom layer	3	3	bottom layer			label not found in pinned MIM index and no usable local identity
RESIDUAL	CH3COONa.3H2O	3	3	ch3coona 3h2o			label not found in pinned MIM index and no usable local identity
RESIDUAL	Catalase (beef)	3	3	catalase beef			label not found in pinned MIM index and no usable local identity
RESIDUAL	Catalase (beef) (Sigma C-9322)	3	3	catalase beef			label not found in pinned MIM index and no usable local identity
RESIDUAL	CoSO4·7H20	3	3	coso4 7h20			label not found in pinned MIM index and no usable local identity
RESIDUAL	Columbia agar	3	3	columbia agar			label not found in pinned MIM index and no usable local identity
RESIDUAL	D-Glutamate	3	3	d glutamate			label not found in pinned MIM index and no usable local identity
RESIDUAL	Diammonium hydrogencitrate	3	3	diammonium hydrogencitrate			label not found in pinned MIM index and no usable local identity
RESIDUAL	Difco Marine Broth 2216	3	3	difco marine broth 2216			label not found in pinned MIM index and no usable local identity
RESIDUAL	Dung extract	3	3	dung extract			label not found in pinned MIM index and no usable local identity
RESIDUAL	EDTA・Fe(III)	3	3	edta fe iii			label not found in pinned MIM index and no usable local identity
RESIDUAL	Fe(III) ammonium citrate	3	3	fe iii ammonium citrate			label not found in pinned MIM index and no usable local identity
RESIDUAL	Fish meat extract	3	3	fish meat extract			label not found in pinned MIM index and no usable local identity
RESIDUAL	Ground beef (fat-free)	3	3	ground beef fat free			label not found in pinned MIM index and no usable local identity
RESIDUAL	Ground beef (free of fat)	3	3	ground beef free of fat			label not found in pinned MIM index and no usable local identity
RESIDUAL	H2SO4 (concentrated)	3	3	h2so4 concentrated			label not found in pinned MIM index and no usable local identity
RESIDUAL	Lab-Lemco (Oxoid)	3	3	lab lemco			label not found in pinned MIM index and no usable local identity
RESIDUAL	Leptospira Enrichment EMJH	3	3	leptospira enrichment emjh			label not found in pinned MIM index and no usable local identity
RESIDUAL	Maize extract	3	3	maize extract			label not found in pinned MIM index and no usable local identity
RESIDUAL	Malted wheat meal	3	3	malted wheat meal			label not found in pinned MIM index and no usable local identity
RESIDUAL	MgCl2 x 4 H2O	3	3	mgcl2 x 4 h2o			label not found in pinned MIM index and no usable local identity
RESIDUAL	MgSO .7H 0	3	3	mgso 7h 0			label not found in pinned MIM index and no usable local identity
RESIDUAL	MnCI2.4H2O	3	3	mnci2 4h2o			label not found in pinned MIM index and no usable local identity
RESIDUAL	Modified Wolfe’s mineral solution (see Medium No. 915 )	3	3	modified wolfe s mineral solution			label not found in pinned MIM index and no usable local identity
RESIDUAL	Na-glycerophosphate	3	3	na glycerophosphate			label not found in pinned MIM index and no usable local identity
RESIDUAL	Na2O4W x 2 H2O	3	3	na2o4w x 2 h2o			label not found in pinned MIM index and no usable local identity
RESIDUAL	Na2S・9H2O (final conc.)	3	3	na2s 9h2o final conc			label not found in pinned MIM index and no usable local identity
RESIDUAL	Na2WO2・2H2O	3	3	na2wo2 2h2o			label not found in pinned MIM index and no usable local identity
RESIDUAL	Na2WO4·H2O	3	3	na2wo4 h2o			label not found in pinned MIM index and no usable local identity
RESIDUAL	NaNH4HPO4 x 4 H2O	3	3	nanh4hpo4 x 4 h2o			label not found in pinned MIM index and no usable local identity
RESIDUAL	Oleic Acid (Sigma Cat # O-1008)	3	3	oleic acid sigma cat o 1008			label not found in pinned MIM index and no usable local identity
RESIDUAL	Pennassay Broth	3	3	pennassay broth			label not found in pinned MIM index and no usable local identity
RESIDUAL	Potassium Glutamate	3	3	potassium glutamate			label not found in pinned MIM index and no usable local identity
RESIDUAL	Proteose Peptone #3	3	3	proteose peptone 3			label not found in pinned MIM index and no usable local identity
RESIDUAL	R2A	3	3	r2a			label not found in pinned MIM index and no usable local identity
RESIDUAL	Rumen fluid, clarified	3	3	rumen fluid clarified			label not found in pinned MIM index and no usable local identity
RESIDUAL	Sigma Sea salts	3	3	sigma sea salts			label not found in pinned MIM index and no usable local identity
RESIDUAL	Small dried sardine	3	3	small dried sardine			label not found in pinned MIM index and no usable local identity
RESIDUAL	Sodium polygalacturonate	3	3	sodium polygalacturonate			label not found in pinned MIM index and no usable local identity
RESIDUAL	Tomato juice, filtered	3	3	tomato juice filtered			label not found in pinned MIM index and no usable local identity
RESIDUAL	Top layer	3	3	top layer			label not found in pinned MIM index and no usable local identity
RESIDUAL	Trypton	3	3	trypton			label not found in pinned MIM index and no usable local identity
RESIDUAL	Vitamin-free casamino acids	3	3	vitamin free casamino acids			label not found in pinned MIM index and no usable local identity
RESIDUAL	Yeast autolysate	3	3	yeast autolysate			label not found in pinned MIM index and no usable local identity
RESIDUAL	polyoxyethylene sorbitan mono-oleate (Tween 80)	3	3	polyoxyethylene sorbitan mono oleate			label not found in pinned MIM index and no usable local identity
RESIDUAL	α-Ketoglutarate	3	3	α ketoglutarate			label not found in pinned MIM index and no usable local identity
RESIDUAL	β-NAD	3	3	β nad			label not found in pinned MIM index and no usable local identity
RESIDUAL	(NH4)2Fe(SO4)2·6H2O	2	2	nh4 2fe so4 2 6h2o			label not found in pinned MIM index and no usable local identity
RESIDUAL	(NH4)2Fe(SO4)2・6H2O	2	2	nh4 2fe so4 2 6h2o			label not found in pinned MIM index and no usable local identity
RESIDUAL	(NH4)2SO4·7H2O	2	2	nh4 2so4 7h2o			label not found in pinned MIM index and no usable local identity
RESIDUAL	(NH4)6MoO7O24 x 4 H2O	2	2	nh4 6moo7o24 x 4 h2o			label not found in pinned MIM index and no usable local identity
RESIDUAL	0.01 M Fe citrate	2	2	0 01 m fe citrate			label not found in pinned MIM index and no usable local identity
RESIDUAL	0.01 M FeSO4·7H2O solution (in 0.02 N HCl)	2	2	0 01 m feso4 7h2o solution in 0 02 n hcl			label not found in pinned MIM index and no usable local identity
RESIDUAL	0.1N HCl	2	2	0 1n hcl			label not found in pinned MIM index and no usable local identity
RESIDUAL	0.1N NaOH	2	2	0 1n naoh			label not found in pinned MIM index and no usable local identity
RESIDUAL	0.2% Fe(NH4)2(SO4)・6H2O (in 0.037% HCl)	2	2	0 2 fe nh4 2 so4 6h2o in 0 037 hcl			label not found in pinned MIM index and no usable local identity
RESIDUAL	0.5 M Crotonic acid (pH 7.0)	2	2	0 5 m crotonic acid			label not found in pinned MIM index and no usable local identity
RESIDUAL	0.5 M Glycine--NaOH buffer (pH 10.0)	2	2	0 5 m glycine naoh buffer			label not found in pinned MIM index and no usable local identity
RESIDUAL	0.5 M Na2HPO4--NaH2PO4 buffer (pH 7.3)	2	2	0 5 m na2hpo4 nah2po4 buffer			label not found in pinned MIM index and no usable local identity
RESIDUAL	0.5 N NaOH	2	2	0 5 n naoh			label not found in pinned MIM index and no usable local identity
RESIDUAL	1 M Glucose	2	2	1 m glucose			label not found in pinned MIM index and no usable local identity
RESIDUAL	1 M MgCl2 solution	2	2	1 m mgcl2 solution			label not found in pinned MIM index and no usable local identity
RESIDUAL	1 M MgSO4 solution	2	2	1 m mgso4 solution			label not found in pinned MIM index and no usable local identity
RESIDUAL	1 M Sodium acetate solution	2	2	1 m sodium acetate solution			label not found in pinned MIM index and no usable local identity
RESIDUAL	1 N NaOH	2	2	1 n naoh			label not found in pinned MIM index and no usable local identity
RESIDUAL	1.0 M Sodium formate solution	2	2	1 0 m sodium formate solution			label not found in pinned MIM index and no usable local identity
RESIDUAL	10% Glucose solution	2	2	10 glucose solution			label not found in pinned MIM index and no usable local identity
RESIDUAL	10% Yeast extract solution	2	2	10 yeast extract solution			label not found in pinned MIM index and no usable local identity
RESIDUAL	1M HEPES-KOH	2	2	1m hepes koh			label not found in pinned MIM index and no usable local identity
RESIDUAL	1M MgSO4	2	2	1m mgso4			label not found in pinned MIM index and no usable local identity
RESIDUAL	1M Na2CO3	2	2	1m na2co3			label not found in pinned MIM index and no usable local identity
RESIDUAL	2 M trimethylammonium chloride solution*	2	2	2 m trimethylammonium chloride solution			label not found in pinned MIM index and no usable local identity
RESIDUAL	2-3 N KOH	2	2	2 3 n koh			label not found in pinned MIM index and no usable local identity
RESIDUAL	25% HCl	2	2	25 hcl			label not found in pinned MIM index and no usable local identity
RESIDUAL	2N H2SO4	2	2	2n h2so4			label not found in pinned MIM index and no usable local identity
RESIDUAL	2N NaOH	2	2	2n naoh			label not found in pinned MIM index and no usable local identity
RESIDUAL	50% Sodium lactate	2	2	50 sodium lactate			label not found in pinned MIM index and no usable local identity
RESIDUAL	8% (w/v) Na2CO3	2	2	8 na2co3			label not found in pinned MIM index and no usable local identity
RESIDUAL	ACES buffer	2	2	aces buffer			label not found in pinned MIM index and no usable local identity
RESIDUAL	ADC Enrichment	2	2	adc enrichment			label not found in pinned MIM index and no usable local identity
RESIDUAL	ATCC Medium 1490	2	2	atcc medium 1490			label not found in pinned MIM index and no usable local identity
RESIDUAL	Add NaSiO .5H O	2	2	add nasio 5h o			label not found in pinned MIM index and no usable local identity
RESIDUAL	Adenine sulfate	2	2	adenine sulfate			label not found in pinned MIM index and no usable local identity
RESIDUAL	Agar (alternative)	2	2	agar alternative			label not found in pinned MIM index and no usable local identity
RESIDUAL	Agar Noble (Difco)	2	2	agar noble			label not found in pinned MIM index and no usable local identity
RESIDUAL	Agar, Noble (BD 214230)	2	2	agar noble			label not found in pinned MIM index and no usable local identity
RESIDUAL	Ammonium Citrate	2	2	ammonium citrate			label not found in pinned MIM index and no usable local identity
RESIDUAL	Antifoam SI (Wako)	2	2	antifoam si			label not found in pinned MIM index and no usable local identity
RESIDUAL	Artificial marine water	2	2	artificial marine water			label not found in pinned MIM index and no usable local identity
RESIDUAL	Artificial sea water	2	2	artificial sea water			label not found in pinned MIM index and no usable local identity
RESIDUAL	Bacto Agar	2	2	bacto agar			label not found in pinned MIM index and no usable local identity
RESIDUAL	Bacto Casamino Acid (Difco)	2	2	bacto casamino acid			label not found in pinned MIM index and no usable local identity
RESIDUAL	Bacto PPLO Broth (Difco)	2	2	bacto pplo broth			label not found in pinned MIM index and no usable local identity
RESIDUAL	Bacto Todd Hewitt Broth (Difco)	2	2	bacto todd hewitt broth			label not found in pinned MIM index and no usable local identity
RESIDUAL	Bacto Vitamin Assay Casamino Acids (Difco)	2	2	bacto vitamin assay casamino acids			label not found in pinned MIM index and no usable local identity
RESIDUAL	Bacto agar(BD-Difco)	2	2	bacto agar bd difco			label not found in pinned MIM index and no usable local identity
RESIDUAL	Basal Medium	2	2	basal medium			label not found in pinned MIM index and no usable local identity
RESIDUAL	Basal medium (see below)	2	2	basal medium			label not found in pinned MIM index and no usable local identity
RESIDUAL	CH3COONa	2	2	ch3coona			label not found in pinned MIM index and no usable local identity
RESIDUAL	Calcium D(+)-panthothenate	2	2	calcium d panthothenate			label not found in pinned MIM index and no usable local identity
RESIDUAL	Calcium chloride dehydrate	2	2	calcium chloride dehydrate			label not found in pinned MIM index and no usable local identity
RESIDUAL	Carrot, peeled and cut	2	2	carrot peeled and cut			label not found in pinned MIM index and no usable local identity
RESIDUAL	Castenholz Salts, 2x	2	2	castenholz salts 2x			label not found in pinned MIM index and no usable local identity
RESIDUAL	Charcoal activated	2	2	charcoal activated			label not found in pinned MIM index and no usable local identity
RESIDUAL	CoCl2・6H2O (8.0 g/L in 0.01 N H2SO4)	2	2	cocl2 6h2o 8 0 g l in 0 01 n h2so4			label not found in pinned MIM index and no usable local identity
RESIDUAL	CoSO .7H2O	2	2	coso 7h2o			label not found in pinned MIM index and no usable local identity
RESIDUAL	Cobalt ion	2	2	cobalt ion			label not found in pinned MIM index and no usable local identity
RESIDUAL	CuSO4・5H2O (0.15 g/L in 0.01 N H2SO4)	2	2	cuso4 5h2o 0 15 g l in 0 01 n h2so4			label not found in pinned MIM index and no usable local identity
RESIDUAL	Cysteine-Sulfide Reducing Agent	2	2	cysteine sulfide reducing agent			label not found in pinned MIM index and no usable local identity
RESIDUAL	DI water	2	2	di water			label not found in pinned MIM index and no usable local identity
RESIDUAL	DW	2	2	dw			label not found in pinned MIM index and no usable local identity
RESIDUAL	Dissolve	2	1	dissolve			label not found in pinned MIM index and no usable local identity
RESIDUAL	Distilled water make up to	2	2	distilled water make up to			label not found in pinned MIM index and no usable local identity
RESIDUAL	Distilled water to	2	2	distilled water to			label not found in pinned MIM index and no usable local identity
RESIDUAL	Dry yeast	2	2	dry yeast			label not found in pinned MIM index and no usable local identity
RESIDUAL	EDDHA	2	2	eddha			label not found in pinned MIM index and no usable local identity
RESIDUAL	EDTA, sodium salt	2	2	edta sodium salt			label not found in pinned MIM index and no usable local identity
RESIDUAL	EDTA・Na2	2	2	edta na2			label not found in pinned MIM index and no usable local identity
RESIDUAL	Fe(III)NH4-Citrate	2	2	fe iii nh4 citrate			label not found in pinned MIM index and no usable local identity
RESIDUAL	Fe2(SO4)3·nH2O	2	2	fe2 so4 3 nh2o			label not found in pinned MIM index and no usable local identity
RESIDUAL	FeSO2·7H2O	2	2	feso2 7h2o			label not found in pinned MIM index and no usable local identity
RESIDUAL	First, add to 50 ml of deionised water and pH to 7.2 with	2	2	first add to 50 ml of deionised water and ph to 7 2 with			label not found in pinned MIM index and no usable local identity
RESIDUAL	GAM agar, modified (Nissui)	2	2	gam agar modified			label not found in pinned MIM index and no usable local identity
RESIDUAL	Ground Beef (fat-free)	2	2	ground beef fat free			label not found in pinned MIM index and no usable local identity
RESIDUAL	Heart, Infusion from 500 g	2	2	heart infusion from 500 g			label not found in pinned MIM index and no usable local identity
RESIDUAL	Heat inactivated fetal bovine serum	2	2	heat inactivated fetal bovine serum			label not found in pinned MIM index and no usable local identity
RESIDUAL	Horse serum (heat-inactivated)	2	2	horse serum heat inactivated			label not found in pinned MIM index and no usable local identity
RESIDUAL	Hydrochloric acid, 25%	2	2	hydrochloric acid 25			label not found in pinned MIM index and no usable local identity
RESIDUAL	K2HPO4 (anhydrous)	2	2	k2hpo4 anhydrous			label not found in pinned MIM index and no usable local identity
RESIDUAL	KH2PO4 x 2 H2O	2	2	kh2po4 x 2 h2o			label not found in pinned MIM index and no usable local identity
RESIDUAL	KH2PO4 x 7 H2O	2	2	kh2po4 x 7 h2o			label not found in pinned MIM index and no usable local identity
RESIDUAL	KP buffer*	2	2	kp buffer			label not found in pinned MIM index and no usable local identity
RESIDUAL	LB broth powder	2	2	lb broth powder			label not found in pinned MIM index and no usable local identity
RESIDUAL	Lactobacilli MRS	2	2	lactobacilli mrs			label not found in pinned MIM index and no usable local identity
RESIDUAL	Li2B4O7	2	2	li2b4o7			label not found in pinned MIM index and no usable local identity
RESIDUAL	M17 broth	2	2	m17 broth			label not found in pinned MIM index and no usable local identity
RESIDUAL	M17 broth (Oxoid)	2	2	m17 broth			label not found in pinned MIM index and no usable local identity
RESIDUAL	Magnesium sulphate 7H2O	2	2	magnesium sulphate 7h2o			label not found in pinned MIM index and no usable local identity
RESIDUAL	Manganese sulphate 4H2O	2	2	manganese sulphate 4h2o			label not found in pinned MIM index and no usable local identity
RESIDUAL	Mercaptoethanesulfonic acid	2	2	mercaptoethanesulfonic acid			label not found in pinned MIM index and no usable local identity
RESIDUAL	Methanol(filter sterilized)	2	2	methanol filter sterilized			label not found in pinned MIM index and no usable local identity
RESIDUAL	Middlebrook 7H9 Broth	2	2	middlebrook 7h9 broth			label not found in pinned MIM index and no usable local identity
RESIDUAL	Middlebrook 7H9 broth	2	2	middlebrook 7h9 broth			label not found in pinned MIM index and no usable local identity
RESIDUAL	Middlebrook 7H9 broth (Difco)	2	2	middlebrook 7h9 broth			label not found in pinned MIM index and no usable local identity
RESIDUAL	Middlebrook ADC Growth Supplement	2	2	middlebrook adc growth supplement			label not found in pinned MIM index and no usable local identity
RESIDUAL	Mn(II) x EDTA	2	2	mn ii x edta			label not found in pinned MIM index and no usable local identity
RESIDUAL	MnCl2・4H2O (5.0 g/L in 0.01 N H2SO4)	2	2	mncl2 4h2o 5 0 g l in 0 01 n h2so4			label not found in pinned MIM index and no usable local identity
RESIDUAL	NH4VO3	2	2	nh4vo3			label not found in pinned MIM index and no usable local identity
RESIDUAL	Na-glycerol phosphate	2	2	na glycerol phosphate			label not found in pinned MIM index and no usable local identity
RESIDUAL	Na-terephthalate	2	2	na terephthalate			label not found in pinned MIM index and no usable local identity
RESIDUAL	Na2-tartrate x 2 H2O	2	2	na2 tartrate x 2 h2o			label not found in pinned MIM index and no usable local identity
RESIDUAL	Na2MoO4・2H2O (12 g/L)	2	2	na2moo4 2h2o 12 g l			label not found in pinned MIM index and no usable local identity
RESIDUAL	Na2S2O3・5H2O(final conc.)	2	2	na2s2o3 5h2o final conc			label not found in pinned MIM index and no usable local identity
RESIDUAL	Na3-citrate x 5 H2O	2	2	na3 citrate x 5 h2o			label not found in pinned MIM index and no usable local identity
RESIDUAL	NaS2・9H2O	2	2	nas2 9h2o			label not found in pinned MIM index and no usable local identity
RESIDUAL	Ni-Se-W solution (see below)	2	2	ni se w solution			label not found in pinned MIM index and no usable local identity
RESIDUAL	NiCl2・6H2O (0.2 g/L in 0.01 N H2SO4)	2	2	nicl2 6h2o 0 2 g l in 0 01 n h2so4			label not found in pinned MIM index and no usable local identity
RESIDUAL	Niacine	2	2	niacine			label not found in pinned MIM index and no usable local identity
RESIDUAL	Ox bile, desiccated	2	2	ox bile desiccated			label not found in pinned MIM index and no usable local identity
RESIDUAL	Pantothenic acid calcium salt	2	2	pantothenic acid calcium salt			label not found in pinned MIM index and no usable local identity
RESIDUAL	Paraamino benzoic acid	2	2	paraamino benzoic acid			label not found in pinned MIM index and no usable local identity
RESIDUAL	Pepton	2	2	pepton			label not found in pinned MIM index and no usable local identity
RESIDUAL	Press yeast	2	2	press yeast			label not found in pinned MIM index and no usable local identity
RESIDUAL	R2A Broth (DAIGO)	2	2	r2a broth			label not found in pinned MIM index and no usable local identity
RESIDUAL	Resazurin solution****	2	2	resazurin solution			label not found in pinned MIM index and no usable local identity
RESIDUAL	Rumen fluid, clarified (see Medium No. 266)	2	2	rumen fluid clarified			label not found in pinned MIM index and no usable local identity
RESIDUAL	SL10	2	2	sl10			label not found in pinned MIM index and no usable local identity
RESIDUAL	Salt Solution I	2	2	salt solution i			label not found in pinned MIM index and no usable local identity
RESIDUAL	Se/W solution* (see Medium No. 852 )	2	2	se w solution			label not found in pinned MIM index and no usable local identity
RESIDUAL	Se/W solution***	2	2	se w solution			label not found in pinned MIM index and no usable local identity
RESIDUAL	Selenite tungstate solution (see Medium No. 431 )	2	2	selenite tungstate solution			label not found in pinned MIM index and no usable local identity
RESIDUAL	Selenite-tungstate solution**	2	2	selenite tungstate solution			label not found in pinned MIM index and no usable local identity
RESIDUAL	Sodium citrate・2H2O	2	2	sodium citrate 2h2o			label not found in pinned MIM index and no usable local identity
RESIDUAL	Solution A	2	2	solution a			label not found in pinned MIM index and no usable local identity
RESIDUAL	Solution A*	2	2	solution a			label not found in pinned MIM index and no usable local identity
RESIDUAL	Solution B**	2	2	solution b			label not found in pinned MIM index and no usable local identity
RESIDUAL	SrCl2・H2O	2	2	srcl2 h2o			label not found in pinned MIM index and no usable local identity
RESIDUAL	Sterile Defibrinated Rabbit Blood	2	2	sterile defibrinated rabbit blood			label not found in pinned MIM index and no usable local identity
RESIDUAL	Thioglycollate medium (Sigma)	2	2	thioglycollate medium			label not found in pinned MIM index and no usable local identity
RESIDUAL	Titanium(III) chloride	2	2	titanium iii chloride			label not found in pinned MIM index and no usable local identity
RESIDUAL	Tomato juice, filtered, pH 7.0	2	2	tomato juice filtered ph 7 0			label not found in pinned MIM index and no usable local identity
RESIDUAL	Trace element mixture*	2	2	trace element mixture			label not found in pinned MIM index and no usable local identity
RESIDUAL	Trace vitamins (see below)	2	2	trace vitamins			label not found in pinned MIM index and no usable local identity
RESIDUAL	Tropic Marine salt	2	2	tropic marine salt			label not found in pinned MIM index and no usable local identity
RESIDUAL	Trypticase Soy (BBL)	2	2	trypticase soy			label not found in pinned MIM index and no usable local identity
RESIDUAL	VFA mix (see below)	2	2	vfa mix			label not found in pinned MIM index and no usable local identity
RESIDUAL	VOSO4・xH2O (1 g/L)	2	2	voso4 xh2o 1 g l			label not found in pinned MIM index and no usable local identity
RESIDUAL	Vitamin B12 solution* (see Medium No. 403 )	2	2	vitamin b12 solution			label not found in pinned MIM index and no usable local identity
RESIDUAL	Vitamin mixture (see below)	2	2	vitamin mixture			label not found in pinned MIM index and no usable local identity
RESIDUAL	Volvic mineral water	2	2	volvic mineral water			label not found in pinned MIM index and no usable local identity
RESIDUAL	Whatman #1 filter paper	2	2	whatman 1 filter paper			label not found in pinned MIM index and no usable local identity
RESIDUAL	Wolfe's Modified Mineral Elixir	2	2	wolfe s modified mineral elixir			label not found in pinned MIM index and no usable local identity
RESIDUAL	Wolfe's mineral solution (see Medium No. 265 )	2	2	wolfe s mineral solution			label not found in pinned MIM index and no usable local identity
RESIDUAL	YE	2	2	ye			label not found in pinned MIM index and no usable local identity
RESIDUAL	Yeast extrakt	2	2	yeast extrakt			label not found in pinned MIM index and no usable local identity
RESIDUAL	Zinc	2	2	zinc			label not found in pinned MIM index and no usable local identity
RESIDUAL	ZnSO4・7H2O (0.6 g/L in 0.01 N H2SO4)	2	2	znso4 7h2o 0 6 g l in 0 01 n h2so4			label not found in pinned MIM index and no usable local identity
RESIDUAL	clarified tomato juice	2	2	clarified tomato juice			label not found in pinned MIM index and no usable local identity
RESIDUAL	dTMP	2	2	dtmp			label not found in pinned MIM index and no usable local identity
RESIDUAL	dried baker's yeast	2	2	dried baker s yeast			label not found in pinned MIM index and no usable local identity
RESIDUAL	hopped beer	2	2	hopped beer			label not found in pinned MIM index and no usable local identity
RESIDUAL	sterile bovine serum (heat inactivated at 56°C for 45 min)	2	2	sterile bovine serum heat inactivated at 56 c for 45 min			label not found in pinned MIM index and no usable local identity
RESIDUAL	sterile defibrinated horse blood	2	2	sterile defibrinated horse blood			label not found in pinned MIM index and no usable local identity
RESIDUAL	sterile defibrinated rabbit blood	2	2	sterile defibrinated rabbit blood			label not found in pinned MIM index and no usable local identity
RESIDUAL	β-glycerophosphate-2Na	2	2	β glycerophosphate 2na			label not found in pinned MIM index and no usable local identity
RESIDUAL	(NH2)2CO	1	1	nh2 2co			label not found in pinned MIM index and no usable local identity
RESIDUAL	(NH4)2SO4FeSO4 × 6H2O	1	1	nh4 2so4feso4 x 6h2o			label not found in pinned MIM index and no usable local identity
RESIDUAL	(NH4)2SO4NiSO4 × 6H2O	1	1	nh4 2so4niso4 x 6h2o			label not found in pinned MIM index and no usable local identity
RESIDUAL	(NH4)6(MO7)24	1	1	nh4 6 mo7 24			label not found in pinned MIM index and no usable local identity
RESIDUAL	(NH4)6Mo7O4·4H2O	1	1	nh4 6mo7o4 4h2o			label not found in pinned MIM index and no usable local identity
RESIDUAL	(NH4)6Mo7O7・4H2O	1	1	nh4 6mo7o7 4h2o			label not found in pinned MIM index and no usable local identity
RESIDUAL	(NH4)6MoO24·4H2O	1	1	nh4 6moo24 4h2o			label not found in pinned MIM index and no usable local identity
RESIDUAL	(NH4)6MoO24・4H2O	1	1	nh4 6moo24 4h2o			label not found in pinned MIM index and no usable local identity
RESIDUAL	(NH4)MgPO4	1	1	nh4 mgpo4			label not found in pinned MIM index and no usable local identity
RESIDUAL	(NH4)MoO7O24 x 4H2O	1	1	nh4 moo7o24 x 4h2o			label not found in pinned MIM index and no usable local identity
RESIDUAL	(NH4)SO4	1	1	nh4 so4			label not found in pinned MIM index and no usable local identity
RESIDUAL	0.002% CuCl2·2H2O solution	1	1	0 002 cucl2 2h2o solution			label not found in pinned MIM index and no usable local identity
RESIDUAL	0.01 M H2SO4	1	1	0 01 m h2so4			label not found in pinned MIM index and no usable local identity
RESIDUAL	0.01% Vitamin B12 solution	1	1	0 01 vitamin b12 solution			label not found in pinned MIM index and no usable local identity
RESIDUAL	0.025% Resazurin, aqueous	1	1	0 025 resazurin aqueous			label not found in pinned MIM index and no usable local identity
RESIDUAL	0.04% Phenol red	1	1	0 04 phenol red			label not found in pinned MIM index and no usable local identity
RESIDUAL	0.1 M H2SO4	1	1	0 1 m h2so4			label not found in pinned MIM index and no usable local identity
RESIDUAL	0.1 M HCl	1	1	0 1 m hcl			label not found in pinned MIM index and no usable local identity
RESIDUAL	0.1 M KH2PO4 solution	1	1	0 1 m kh2po4 solution			label not found in pinned MIM index and no usable local identity
RESIDUAL	0.1 M L--Cysteine・HCl・H2O	1	1	0 1 m l cysteine hcl h2o			label not found in pinned MIM index and no usable local identity
RESIDUAL	0.1 M M FeCl2 solution	1	1	0 1 m m fecl2 solution			label not found in pinned MIM index and no usable local identity
RESIDUAL	0.1 M NaOH	1	1	0 1 m naoh			label not found in pinned MIM index and no usable local identity
RESIDUAL	0.1 M Potassium phosphate buffer, pH 7.5	1	1	0 1 m potassium phosphate buffer ph 7 5			label not found in pinned MIM index and no usable local identity
RESIDUAL	0.1 M Tris-HCl (pH 7.5)	1	1	0 1 m tris hcl			label not found in pinned MIM index and no usable local identity
RESIDUAL	0.1 M Tris-HCl buffer (pH 7.5)	1	1	0 1 m tris hcl buffer			label not found in pinned MIM index and no usable local identity
RESIDUAL	0.1 M Tris/HCl (pH7.5)	1	1	0 1 m tris hcl			label not found in pinned MIM index and no usable local identity
RESIDUAL	0.1 N H2SO4	1	1	0 1 n h2so4			label not found in pinned MIM index and no usable local identity
RESIDUAL	0.1 x Artificial seawater	1	1	0 1 x artificial seawater			label not found in pinned MIM index and no usable local identity
RESIDUAL	0.1% (w/v) resazurin--Na	1	1	0 1 resazurin na			label not found in pinned MIM index and no usable local identity
RESIDUAL	0.1% (w/v) resazurin-Na	1	1	0 1 resazurin na			label not found in pinned MIM index and no usable local identity
RESIDUAL	0.1% Fe(III) citrate solution	1	1	0 1 fe iii citrate solution			label not found in pinned MIM index and no usable local identity
RESIDUAL	0.1% Fe(NH4) citrate	1	1	0 1 fe nh4 citrate			label not found in pinned MIM index and no usable local identity
RESIDUAL	0.1% FeSO4·7H2O solution (in 0.1 N H2SO4)	1	1	0 1 feso4 7h2o solution in 0 1 n h2so4			label not found in pinned MIM index and no usable local identity
RESIDUAL	0.1% Resazurin	1	1	0 1 resazurin			label not found in pinned MIM index and no usable local identity
RESIDUAL	0.1% Vitamin K1	1	1	0 1 vitamin k1			label not found in pinned MIM index and no usable local identity
RESIDUAL	0.17 mM FeCl3 x 6 H2O	1	1	0 17 mm fecl3 x 6 h2o			label not found in pinned MIM index and no usable local identity
RESIDUAL	0.1M HCl	1	1	0 1m hcl			label not found in pinned MIM index and no usable local identity
RESIDUAL	0.1M L-arginine	1	1	0 1m l arginine			label not found in pinned MIM index and no usable local identity
RESIDUAL	0.1M Tris/HCl buffer pH 7.5	1	1	0 1m tris hcl buffer ph 7 5			label not found in pinned MIM index and no usable local identity
RESIDUAL	0.2 M Sodium citrate	1	1	0 2 m sodium citrate			label not found in pinned MIM index and no usable local identity
RESIDUAL	0.2% Fe(NH4)2(SO4)2・6H2O (in 0.037% HCl)	1	1	0 2 fe nh4 2 so4 2 6h2o in 0 037 hcl			label not found in pinned MIM index and no usable local identity
RESIDUAL	0.2% FeSO4 . 7H2O	1	1	0 2 feso4 7h2o			label not found in pinned MIM index and no usable local identity
RESIDUAL	0.25 M Potassium phosphate buffer (pH 7.0)	1	1	0 25 m potassium phosphate buffer			label not found in pinned MIM index and no usable local identity
RESIDUAL	0.25 N H2SO4	1	1	0 25 n h2so4			label not found in pinned MIM index and no usable local identity
RESIDUAL	0.2NKOH	1	1	0 2nkoh			label not found in pinned MIM index and no usable local identity
RESIDUAL	0.4% CaCl2・2H2O	1	1	0 4 cacl2 2h2o			label not found in pinned MIM index and no usable local identity
RESIDUAL	0.5 M Na2HPO4 solution (pH 8.0)	1	1	0 5 m na2hpo4 solution			label not found in pinned MIM index and no usable local identity
RESIDUAL	0.5 x Artificial seawater (see below)	1	1	0 5 x artificial seawater			label not found in pinned MIM index and no usable local identity
RESIDUAL	0.5% Dithiothreitol (DTT)	1	1	0 5 dithiothreitol			label not found in pinned MIM index and no usable local identity
RESIDUAL	0.5% Phenol red (Flow)	1	1	0 5 phenol red			label not found in pinned MIM index and no usable local identity
RESIDUAL	0.5% phenol red (Flow)	1	1	0 5 phenol red			label not found in pinned MIM index and no usable local identity
RESIDUAL	1 M CaCl2·2H2O solution	1	1	1 m cacl2 2h2o solution			label not found in pinned MIM index and no usable local identity
RESIDUAL	1 M Coenzyme M solution	1	1	1 m coenzyme m solution			label not found in pinned MIM index and no usable local identity
RESIDUAL	1 M Glucose solution	1	1	1 m glucose solution			label not found in pinned MIM index and no usable local identity
RESIDUAL	1 M K2HPO4	1	1	1 m k2hpo4			label not found in pinned MIM index and no usable local identity
RESIDUAL	1 M KH2PO4	1	1	1 m kh2po4			label not found in pinned MIM index and no usable local identity
RESIDUAL	1 M MgCl2·6H2O solution	1	1	1 m mgcl2 6h2o solution			label not found in pinned MIM index and no usable local identity
RESIDUAL	1 M MgSO4solution	1	1	1 m mgso4solution			label not found in pinned MIM index and no usable local identity
RESIDUAL	1 M Na2HPO4--KH2PO4 buffer (pH 6.8)	1	1	1 m na2hpo4 kh2po4 buffer			label not found in pinned MIM index and no usable local identity
RESIDUAL	1 M NaHCO3 solution	1	1	1 m nahco3 solution			label not found in pinned MIM index and no usable local identity
RESIDUAL	1 M NaOH	1	1	1 m naoh			label not found in pinned MIM index and no usable local identity
RESIDUAL	1 M Phosphate buffer	1	1	1 m phosphate buffer			label not found in pinned MIM index and no usable local identity
RESIDUAL	1 M Phosphate buffer (pH 7.2, see below)	1	1	1 m phosphate buffer			label not found in pinned MIM index and no usable local identity
RESIDUAL	1 M Sodium formate solution	1	1	1 m sodium formate solution			label not found in pinned MIM index and no usable local identity
RESIDUAL	1 M Tris base (pH 8)	1	1	1 m tris base			label not found in pinned MIM index and no usable local identity
RESIDUAL	1 N H2SO4	1	1	1 n h2so4			label not found in pinned MIM index and no usable local identity
RESIDUAL	1 mM Na2SeO4	1	1	1 mm na2seo4			label not found in pinned MIM index and no usable local identity
RESIDUAL	1% (w/v) Phenol red	1	1	1 phenol red			label not found in pinned MIM index and no usable local identity
RESIDUAL	1% Sodium fumarate	1	1	1 sodium fumarate			label not found in pinned MIM index and no usable local identity
RESIDUAL	1% Yeast extract solution	1	1	1 yeast extract solution			label not found in pinned MIM index and no usable local identity
RESIDUAL	1.0 M Glucose solution	1	1	1 0 m glucose solution			label not found in pinned MIM index and no usable local identity
RESIDUAL	1.0 M HEPES solution (pH 7.2)	1	1	1 0 m hepes solution			label not found in pinned MIM index and no usable local identity
RESIDUAL	1.0 M HEPES solution (pH 7.7)	1	1	1 0 m hepes solution			label not found in pinned MIM index and no usable local identity
RESIDUAL	1.0 M MgSO4.7H2O (May and Baker)	1	1	1 0 m mgso4 7h2o may and baker			label not found in pinned MIM index and no usable local identity
RESIDUAL	1.0 M NH4Cl solution	1	1	1 0 m nh4cl solution			label not found in pinned MIM index and no usable local identity
RESIDUAL	1.0 M Na2S2O3 solution	1	1	1 0 m na2s2o3 solution			label not found in pinned MIM index and no usable local identity
RESIDUAL	1.0 M NaOH	1	1	1 0 m naoh			label not found in pinned MIM index and no usable local identity
RESIDUAL	1.0 M Phosphate buffer (see below)	1	1	1 0 m phosphate buffer			label not found in pinned MIM index and no usable local identity
RESIDUAL	1.0 M Sodium acetate (filter--sterilized)	1	1	1 0 m sodium acetate filter sterilized			label not found in pinned MIM index and no usable local identity
RESIDUAL	1.0 M Sodium fumarate solution	1	1	1 0 m sodium fumarate solution			label not found in pinned MIM index and no usable local identity
RESIDUAL	1.0 M Sodium lactate	1	1	1 0 m sodium lactate			label not found in pinned MIM index and no usable local identity
RESIDUAL	1.0 M Sodium lactate solution	1	1	1 0 m sodium lactate solution			label not found in pinned MIM index and no usable local identity
RESIDUAL	1.0 M Sodium pyruvate solution	1	1	1 0 m sodium pyruvate solution			label not found in pinned MIM index and no usable local identity
RESIDUAL	1.0 N H2SO4 solution*	1	1	1 0 n h2so4 solution			label not found in pinned MIM index and no usable local identity
RESIDUAL	1.0 mM CeCl3 solution*	1	1	1 0 mm cecl3 solution			label not found in pinned MIM index and no usable local identity
RESIDUAL	1.0 x Artificial seawater (see below)	1	1	1 0 x artificial seawater			label not found in pinned MIM index and no usable local identity
RESIDUAL	10 mM Potassium phosphate buffer (pH 7.2)	1	1	10 mm potassium phosphate buffer			label not found in pinned MIM index and no usable local identity
RESIDUAL	10 mM Sodium acetate	1	1	10 mm sodium acetate			label not found in pinned MIM index and no usable local identity
RESIDUAL	10 mM Spermidine solution* (freshly prepared)	1	1	10 mm spermidine solution freshly prepared			label not found in pinned MIM index and no usable local identity
RESIDUAL	10 x Korthof's basal medium (see below)	1	1	10 x korthof s basal medium			label not found in pinned MIM index and no usable local identity
RESIDUAL	10% Casein peptone solution	1	1	10 casein peptone solution			label not found in pinned MIM index and no usable local identity
RESIDUAL	10% Cellobiose solution*	1	1	10 cellobiose solution			label not found in pinned MIM index and no usable local identity
RESIDUAL	10% Cysteine	1	1	10 cysteine			label not found in pinned MIM index and no usable local identity
RESIDUAL	10% Glucose	1	1	10 glucose			label not found in pinned MIM index and no usable local identity
RESIDUAL	10% MgSO4・7H2O	1	1	10 mgso4 7h2o			label not found in pinned MIM index and no usable local identity
RESIDUAL	10% Na2CO3 solution	1	1	10 na2co3 solution			label not found in pinned MIM index and no usable local identity
RESIDUAL	10% Soluble starch solution	1	1	10 soluble starch solution			label not found in pinned MIM index and no usable local identity
RESIDUAL	10% Yeast extract (Oxoid) solution	1	1	10 yeast extract solution			label not found in pinned MIM index and no usable local identity
RESIDUAL	10-M NaOH	1	1	10 m naoh			label not found in pinned MIM index and no usable local identity
RESIDUAL	100 mg/ml azlocillin	1	1	100 mg ml azlocillin			label not found in pinned MIM index and no usable local identity
RESIDUAL	100 mg/ml flucloxacillin	1	1	100 mg ml flucloxacillin			label not found in pinned MIM index and no usable local identity
RESIDUAL	100 x Vitamin mixture (see below)	1	1	100 x vitamin mixture			label not found in pinned MIM index and no usable local identity
RESIDUAL	10N H2SO4	1	1	10n h2so4			label not found in pinned MIM index and no usable local identity
RESIDUAL	10X CMRL 1066 Medium (ATCC 20-2207)	1	1	10x cmrl 1066 medium			label not found in pinned MIM index and no usable local identity
RESIDUAL	10X concentrate of CMRL 1066 without glutamine (Gibco Laboratories, GrandIsland, NY, No.330-1540)	1	1	10x concentrate of cmrl 1066 without glutamine gibco laboratories grandisland ny no 330 1540			label not found in pinned MIM index and no usable local identity
RESIDUAL	10xM9 solution**	1	1	10xm9 solution			label not found in pinned MIM index and no usable local identity
RESIDUAL	130 mM FeCl2	1	1	130 mm fecl2			label not found in pinned MIM index and no usable local identity
RESIDUAL	15% Na2CO3 solution	1	1	15 na2co3 solution			label not found in pinned MIM index and no usable local identity
RESIDUAL	17β-Estradiol	1	1	17β estradiol			label not found in pinned MIM index and no usable local identity
RESIDUAL	1M CaCl2	1	1	1m cacl2			label not found in pinned MIM index and no usable local identity
RESIDUAL	1M Glycerin solution	1	1	1m glycerin solution			label not found in pinned MIM index and no usable local identity
RESIDUAL	1M HCl	1	1	1m hcl			label not found in pinned MIM index and no usable local identity
RESIDUAL	1M KH2PO4	1	1	1m kh2po4			label not found in pinned MIM index and no usable local identity
RESIDUAL	1M Na2HPO4	1	1	1m na2hpo4			label not found in pinned MIM index and no usable local identity
RESIDUAL	1M NaOH	1	1	1m naoh			label not found in pinned MIM index and no usable local identity
RESIDUAL	1M Potassium Phosphate (pH 7.0)	1	1	1m potassium phosphate			label not found in pinned MIM index and no usable local identity
RESIDUAL	2 M HCl	1	1	2 m hcl			label not found in pinned MIM index and no usable local identity
RESIDUAL	2 M Sodium acetate (pH 7.0)	1	1	2 m sodium acetate			label not found in pinned MIM index and no usable local identity
RESIDUAL	2 M Sodium thiosulfate solution*	1	1	2 m sodium thiosulfate solution			label not found in pinned MIM index and no usable local identity
RESIDUAL	2 g/L Resazurin	1	1	2 g l resazurin			label not found in pinned MIM index and no usable local identity
RESIDUAL	2% casamino acid	1	1	2 casamino acid			label not found in pinned MIM index and no usable local identity
RESIDUAL	2-Mercaptoethanesulfonate (coenzyme M)	1	1	2 mercaptoethanesulfonate coenzyme m			label not found in pinned MIM index and no usable local identity
RESIDUAL	2.5% L-Cysteine . HCl	1	1	2 5 l cysteine hcl			label not found in pinned MIM index and no usable local identity
RESIDUAL	2.5% Na2S . 9H2O	1	1	2 5 na2s 9h2o			label not found in pinned MIM index and no usable local identity
RESIDUAL	20 mM Potassium phosphate buffer	1	1	20 mm potassium phosphate buffer			label not found in pinned MIM index and no usable local identity
RESIDUAL	20 mM Potassium phosphate buffer (pH 7.8)	1	1	20 mm potassium phosphate buffer			label not found in pinned MIM index and no usable local identity
RESIDUAL	20 mM Sodium acetate	1	1	20 mm sodium acetate			label not found in pinned MIM index and no usable local identity
RESIDUAL	20% (w/v) Glucose	1	1	20 glucose			label not found in pinned MIM index and no usable local identity
RESIDUAL	20% (wt/vol) TiCl3	1	1	20 wt vol ticl3			label not found in pinned MIM index and no usable local identity
RESIDUAL	20% Glucose	1	1	20 glucose			label not found in pinned MIM index and no usable local identity
RESIDUAL	20% NaCl solution	1	1	20 nacl solution			label not found in pinned MIM index and no usable local identity
RESIDUAL	20% Sodium formate	1	1	20 sodium formate			label not found in pinned MIM index and no usable local identity
RESIDUAL	20% glucose	1	1	20 glucose			label not found in pinned MIM index and no usable local identity
RESIDUAL	24% Na2S・9H2O	1	1	24 na2s 9h2o			label not found in pinned MIM index and no usable local identity
RESIDUAL	25% (w/v) Glucose	1	1	25 glucose			label not found in pinned MIM index and no usable local identity
RESIDUAL	25% Sodium acetate	1	1	25 sodium acetate			label not found in pinned MIM index and no usable local identity
RESIDUAL	2m HCl	1	1	2m hcl			label not found in pinned MIM index and no usable local identity
RESIDUAL	2x Yeast Extract Tryptone (2xYT)	1	1	2x yeast extract tryptone 2xyt			label not found in pinned MIM index and no usable local identity
RESIDUAL	3 M HCl	1	1	3 m hcl			label not found in pinned MIM index and no usable local identity
RESIDUAL	3% Trimethylamine solution*	1	1	3 trimethylamine solution			label not found in pinned MIM index and no usable local identity
RESIDUAL	3-Sulfolactate	1	1	3 sulfolactate			label not found in pinned MIM index and no usable local identity
RESIDUAL	3-[N-morpho- lino] propanesulfonic acid (MOPS)	1	1	3 n morpho lino propanesulfonic acid			label not found in pinned MIM index and no usable local identity
RESIDUAL	32% HCl	1	1	32 hcl			label not found in pinned MIM index and no usable local identity
RESIDUAL	35% HCl	1	1	35 hcl			label not found in pinned MIM index and no usable local identity
RESIDUAL	3N NaOH	1	1	3n naoh			label not found in pinned MIM index and no usable local identity
RESIDUAL	4 N KOH	1	1	4 n koh			label not found in pinned MIM index and no usable local identity
RESIDUAL	4% Glycogen solution	1	1	4 glycogen solution			label not found in pinned MIM index and no usable local identity
RESIDUAL	4% L-Cysteine . HCl	1	1	4 l cysteine hcl			label not found in pinned MIM index and no usable local identity
RESIDUAL	4% Na2CO3	1	1	4 na2co3			label not found in pinned MIM index and no usable local identity
RESIDUAL	4% Na2CO3--CO2 buffer	1	1	4 na2co3 co2 buffer			label not found in pinned MIM index and no usable local identity
RESIDUAL	4% horse blood	1	1	4 horse blood			label not found in pinned MIM index and no usable local identity
RESIDUAL	4.98% FeSO4	1	1	4 98 feso4			label not found in pinned MIM index and no usable local identity
RESIDUAL	40% Na2S2O3·5H2O solution	1	1	40 na2s2o3 5h2o solution			label not found in pinned MIM index and no usable local identity
RESIDUAL	42% L-Arginine HCl	1	1	42 l arginine hcl			label not found in pinned MIM index and no usable local identity
RESIDUAL	5 mM Quinic acid	1	1	5 mm quinic acid			label not found in pinned MIM index and no usable local identity
RESIDUAL	5% Fe(III) citrate	1	1	5 fe iii citrate			label not found in pinned MIM index and no usable local identity
RESIDUAL	5% KH2PO4 solution	1	1	5 kh2po4 solution			label not found in pinned MIM index and no usable local identity
RESIDUAL	5% L-Cysteine·HCl·H2O solution (pH 7.0)	1	1	5 l cysteine hcl h2o solution			label not found in pinned MIM index and no usable local identity
RESIDUAL	5% L-Cysteine•HCl•H2O solution	1	1	5 l cysteine hcl h2o solution			label not found in pinned MIM index and no usable local identity
RESIDUAL	5% Na2CO3	1	1	5 na2co3			label not found in pinned MIM index and no usable local identity
RESIDUAL	5% Na2HPO4 solution	1	1	5 na2hpo4 solution			label not found in pinned MIM index and no usable local identity
RESIDUAL	5% Na2S . 9H2O	1	1	5 na2s 9h2o			label not found in pinned MIM index and no usable local identity
RESIDUAL	5% Na2S·9H2O	1	1	5 na2s 9h2o			label not found in pinned MIM index and no usable local identity
RESIDUAL	5% Na2S•9H2O solution	1	1	5 na2s 9h2o solution			label not found in pinned MIM index and no usable local identity
RESIDUAL	5% Na2S・9H2O (autoclaved)	1	1	5 na2s 9h2o autoclaved			label not found in pinned MIM index and no usable local identity
RESIDUAL	5% Sodium lactate (autoclaved)	1	1	5 sodium lactate autoclaved			label not found in pinned MIM index and no usable local identity
RESIDUAL	5.0 mM Toluene (water--saturated)	1	1	5 0 mm toluene water saturated			label not found in pinned MIM index and no usable local identity
RESIDUAL	50% Glucose	1	1	50 glucose			label not found in pinned MIM index and no usable local identity
RESIDUAL	50% Methanol	1	1	50 methanol			label not found in pinned MIM index and no usable local identity
RESIDUAL	50mM Na2HPO4	1	1	50mm na2hpo4			label not found in pinned MIM index and no usable local identity
RESIDUAL	50mM NaH2PO4	1	1	50mm nah2po4			label not found in pinned MIM index and no usable local identity
RESIDUAL	50x Vogel-Bonner salts	1	1	50x vogel bonner salts			label not found in pinned MIM index and no usable local identity
RESIDUAL	50xPYE	1	1	50xpye			label not found in pinned MIM index and no usable local identity
RESIDUAL	6 N HCl	1	1	6 n hcl			label not found in pinned MIM index and no usable local identity
RESIDUAL	6N HCl	1	1	6n hcl			label not found in pinned MIM index and no usable local identity
RESIDUAL	6N NaOH	1	1	6n naoh			label not found in pinned MIM index and no usable local identity
RESIDUAL	8 N NaOH	1	1	8 n naoh			label not found in pinned MIM index and no usable local identity
RESIDUAL	8% (wt/vol) Na2CO3	1	1	8 wt vol na2co3			label not found in pinned MIM index and no usable local identity
RESIDUAL	8% NaHCO3 soluiton*	1	1	8 nahco3 soluiton			label not found in pinned MIM index and no usable local identity
RESIDUAL	8% NaHCO3solution*	1	1	8 nahco3solution			label not found in pinned MIM index and no usable local identity
RESIDUAL	8.0 % NaHCO3 solution*	1	1	8 0 nahco3 solution			label not found in pinned MIM index and no usable local identity
RESIDUAL	8.0% NaHCO3 solution*	1	1	8 0 nahco3 solution			label not found in pinned MIM index and no usable local identity
RESIDUAL	ACES (N-(2-Acetamido)-2-aminoethanesulfonic acid)	1	1	aces 2 aminoethanesulfonic acid			label not found in pinned MIM index and no usable local identity
RESIDUAL	ACES Buffer	1	1	aces buffer			label not found in pinned MIM index and no usable local identity
RESIDUAL	AKI(SO4)2	1	1	aki so4 2			label not found in pinned MIM index and no usable local identity
RESIDUAL	API 50 CHB/E Medium	1	1	api 50 chb e medium			label not found in pinned MIM index and no usable local identity
RESIDUAL	ATCC Medium 1256	1	1	atcc medium 1256			label not found in pinned MIM index and no usable local identity
RESIDUAL	Acetate (final concentration)	1	1	acetate final concentration			label not found in pinned MIM index and no usable local identity
RESIDUAL	Active horse serum	1	1	active horse serum			label not found in pinned MIM index and no usable local identity
RESIDUAL	Adenosine sulfate	1	1	adenosine sulfate			label not found in pinned MIM index and no usable local identity
RESIDUAL	Agar Noble	1	1	agar noble			label not found in pinned MIM index and no usable local identity
RESIDUAL	Agar Noble (Difco 0142) (if needed)	1	1	agar noble			label not found in pinned MIM index and no usable local identity
RESIDUAL	Agar Noble (if required)	1	1	agar noble			label not found in pinned MIM index and no usable local identity
RESIDUAL	Agar if required	1	1	agar if required			label not found in pinned MIM index and no usable local identity
RESIDUAL	Agar powder	1	1	agar powder			label not found in pinned MIM index and no usable local identity
RESIDUAL	Agar solution*	1	1	agar solution			label not found in pinned MIM index and no usable local identity
RESIDUAL	Agar, Noble (BD 214050), if needed	1	1	agar noble if needed			label not found in pinned MIM index and no usable local identity
RESIDUAL	Agar-agar (Difco)	1	1	agar agar			label not found in pinned MIM index and no usable local identity
RESIDUAL	Agarose (Electrophoresis grade,  if needed)	1	1	agarose electrophoresis grade if needed			label not found in pinned MIM index and no usable local identity
RESIDUAL	Ager	1	1	ager			label not found in pinned MIM index and no usable local identity
RESIDUAL	AlK(SO4)	1	1	alk so4			label not found in pinned MIM index and no usable local identity
RESIDUAL	Ammonium tartrate	1	1	ammonium tartrate			label not found in pinned MIM index and no usable local identity
RESIDUAL	Amonium phosphate-dibasic	1	1	amonium phosphate dibasic			label not found in pinned MIM index and no usable local identity
RESIDUAL	Anaerobic digestor sludge supernatant (SS)	1	1	anaerobic digestor sludge supernatant			label not found in pinned MIM index and no usable local identity
RESIDUAL	Antifoam (Union Carbide Corp., SAG-471)	1	1	antifoam union carbide corp sag 471			label not found in pinned MIM index and no usable local identity
RESIDUAL	Antifoam C	1	1	antifoam c			label not found in pinned MIM index and no usable local identity
RESIDUAL	Arginine HCl	1	1	arginine hcl			label not found in pinned MIM index and no usable local identity
RESIDUAL	Artifical sea water	1	1	artifical sea water			label not found in pinned MIM index and no usable local identity
RESIDUAL	Artificial saltwater (see below)	1	1	artificial saltwater			label not found in pinned MIM index and no usable local identity
RESIDUAL	Artificial seawater (4x, see below)	1	1	artificial seawater 4x see below			label not found in pinned MIM index and no usable local identity
RESIDUAL	BG-FPC (see below)	1	1	bg fpc			label not found in pinned MIM index and no usable local identity
RESIDUAL	Bacto Agar (Difco, if needed)	1	1	bacto agar difco if needed			label not found in pinned MIM index and no usable local identity
RESIDUAL	Bacto Blood Agar Base (Difco)	1	1	bacto blood agar base			label not found in pinned MIM index and no usable local identity
RESIDUAL	Bacto Marine Agar 2216 (Difco)	1	1	bacto marine agar 2216			label not found in pinned MIM index and no usable local identity
RESIDUAL	Bacto Middlebrook OADC enrichment	1	1	bacto middlebrook oadc enrichment			label not found in pinned MIM index and no usable local identity
RESIDUAL	Bacto Nutrient Broth (Difco)	1	1	bacto nutrient broth			label not found in pinned MIM index and no usable local identity
RESIDUAL	Bacto PPLO Broth w/o CV (Difco)	1	1	bacto pplo broth w o cv			label not found in pinned MIM index and no usable local identity
RESIDUAL	Bacto agar (BD-Difco) (for solid medium)	1	1	bacto agar			label not found in pinned MIM index and no usable local identity
RESIDUAL	Bacto pleuropneumonia-like organisms (PPLO) broth without crystal violet	1	1	bacto pleuropneumonia like organisms broth without crystal violet			label not found in pinned MIM index and no usable local identity
RESIDUAL	Bacto-Yeast Nitrogen Base w/o Amino Acids and Ammonium Sulfate (Difco)	1	1	bacto yeast nitrogen base w o amino acids and ammonium sulfate			label not found in pinned MIM index and no usable local identity
RESIDUAL	Bacto-yeast	1	1	bacto yeast			label not found in pinned MIM index and no usable local identity
RESIDUAL	Bactp-Yeast Nitrogen Base w/o Amino Acids	1	1	bactp yeast nitrogen base w o amino acids			label not found in pinned MIM index and no usable local identity
RESIDUAL	Bakers’ yeast (live, pressed, starch-free)	1	1	bakers yeast live pressed starch free			label not found in pinned MIM index and no usable local identity
RESIDUAL	Barley grain	1	1	barley grain			label not found in pinned MIM index and no usable local identity
RESIDUAL	Basal broth	1	1	basal broth			label not found in pinned MIM index and no usable local identity
RESIDUAL	Basal medium 2 (see below)	1	1	basal medium 2			label not found in pinned MIM index and no usable local identity
RESIDUAL	Basal salts medium (BSM)	1	1	basal salts medium			label not found in pinned MIM index and no usable local identity
RESIDUAL	Basal salts solution	1	1	basal salts solution			label not found in pinned MIM index and no usable local identity
RESIDUAL	Base Medium	1	1	base medium			label not found in pinned MIM index and no usable local identity
RESIDUAL	Base soda medium (see Medium No. 1207 )	1	1	base soda medium			label not found in pinned MIM index and no usable local identity
RESIDUAL	Basic mineral salt medium 1 (see below)	1	1	basic mineral salt medium 1			label not found in pinned MIM index and no usable local identity
RESIDUAL	Beef heart infusion solids	1	1	beef heart infusion solids			label not found in pinned MIM index and no usable local identity
RESIDUAL	Bicarbonate solution (1.0 M)***	1	1	bicarbonate solution			label not found in pinned MIM index and no usable local identity
RESIDUAL	Bicarbonate solution***	1	1	bicarbonate solution			label not found in pinned MIM index and no usable local identity
RESIDUAL	Bicarbonate-buffered basal medium (BBM)	1	1	bicarbonate buffered basal medium			label not found in pinned MIM index and no usable local identity
RESIDUAL	Biotin (1 μg/μL)	1	1	biotin 1 μg μl			label not found in pinned MIM index and no usable local identity
RESIDUAL	Biotin solution*	1	1	biotin solution			label not found in pinned MIM index and no usable local identity
RESIDUAL	Blood agar medium	1	1	blood agar medium			label not found in pinned MIM index and no usable local identity
RESIDUAL	Bordet Gengou agar (Difco)	1	1	bordet gengou agar			label not found in pinned MIM index and no usable local identity
RESIDUAL	Bordet-Gengou Broth Base (see below)	1	1	bordet gengou broth base			label not found in pinned MIM index and no usable local identity
RESIDUAL	Bordet-Gengou agar	1	1	bordet gengou agar			label not found in pinned MIM index and no usable local identity
RESIDUAL	Bovine blood	1	1	bovine blood			label not found in pinned MIM index and no usable local identity
RESIDUAL	Bovine calf serum (heat-inactivated)	1	1	bovine calf serum heat inactivated			label not found in pinned MIM index and no usable local identity
RESIDUAL	Brain infusion solids	1	1	brain infusion solids			label not found in pinned MIM index and no usable local identity
RESIDUAL	Bring 500 ml of	1	1	bring 500 ml of			label not found in pinned MIM index and no usable local identity
RESIDUAL	Broth Medium Marine Broth 2216 (BD 279110)	1	1	broth medium marine broth 2216			label not found in pinned MIM index and no usable local identity
RESIDUAL	C solution****	1	1	c solution			label not found in pinned MIM index and no usable local identity
RESIDUAL	C. difficile supplement	1	1	c difficile supplement			label not found in pinned MIM index and no usable local identity
RESIDUAL	CAS amino acids	1	1	cas amino acids			label not found in pinned MIM index and no usable local identity
RESIDUAL	CM-Cellulose	1	1	cm cellulose			label not found in pinned MIM index and no usable local identity
RESIDUAL	CM0149 Broth (OXOID)	1	1	cm0149 broth			label not found in pinned MIM index and no usable local identity
RESIDUAL	CMRL 1066 tissue culture supplement- (10x)(with glutamine)	1	1	cmrl 1066 tissue culture supplement 10x with glutamine			label not found in pinned MIM index and no usable local identity
RESIDUAL	CO	1	1	co			label not found in pinned MIM index and no usable local identity
RESIDUAL	CO2  gas	1	1	co2 gas			label not found in pinned MIM index and no usable local identity
RESIDUAL	Ca(NO3)2 x 5 H2O	1	1	ca no3 2 x 5 h2o			label not found in pinned MIM index and no usable local identity
RESIDUAL	Ca(NO3)2 x 6 H2O	1	1	ca no3 2 x 6 h2o			label not found in pinned MIM index and no usable local identity
RESIDUAL	Ca(NO3)2・6H2O	1	1	ca no3 2 6h2o			label not found in pinned MIM index and no usable local identity
RESIDUAL	Ca-panthothenate	1	1	ca panthothenate			label not found in pinned MIM index and no usable local identity
RESIDUAL	CaCO3 (reagent grade)	1	1	caco3 reagent grade			label not found in pinned MIM index and no usable local identity
RESIDUAL	CaCl	1	1	cacl			label not found in pinned MIM index and no usable local identity
RESIDUAL	CaCl 2H O	1	1	cacl 2h o			label not found in pinned MIM index and no usable local identity
RESIDUAL	CaCl2 solution (0.1 M)***	1	1	cacl2 solution			label not found in pinned MIM index and no usable local identity
RESIDUAL	CaCl2·2H20	1	1	cacl2 2h20			label not found in pinned MIM index and no usable local identity
RESIDUAL	CaCl2·2H2O (2.5 g/L)	1	1	cacl2 2h2o 2 5 g l			label not found in pinned MIM index and no usable local identity
RESIDUAL	CaCl・2H2O	1	1	cacl 2h2o			label not found in pinned MIM index and no usable local identity
RESIDUAL	Calcium folinic acid	1	1	calcium folinic acid			label not found in pinned MIM index and no usable local identity
RESIDUAL	Carbon source (i.e. cellobiose)	1	1	carbon source i e cellobiose			label not found in pinned MIM index and no usable local identity
RESIDUAL	Casein sodium	1	1	casein sodium			label not found in pinned MIM index and no usable local identity
RESIDUAL	Cd(NO3).4H2O	1	1	cd no3 4h2o			label not found in pinned MIM index and no usable local identity
RESIDUAL	Cellobiose or Cellulose (MN 300)	1	1	cellobiose or cellulose			label not found in pinned MIM index and no usable local identity
RESIDUAL	Cellulose (or Cellobiose)	1	1	cellulose or cellobiose			label not found in pinned MIM index and no usable local identity
RESIDUAL	Chopped Meat Broth	1	1	chopped meat broth			label not found in pinned MIM index and no usable local identity
RESIDUAL	Chrysalis extract	1	1	chrysalis extract			label not found in pinned MIM index and no usable local identity
RESIDUAL	Clarified tomato juice	1	1	clarified tomato juice			label not found in pinned MIM index and no usable local identity
RESIDUAL	Co(NO )2.6H O	1	1	co no 2 6h o			label not found in pinned MIM index and no usable local identity
RESIDUAL	Co-enzyme M (mercaptoethanesulfonic acid)	1	1	co enzyme m			label not found in pinned MIM index and no usable local identity
RESIDUAL	CoCI2.6H2O	1	1	coci2 6h2o			label not found in pinned MIM index and no usable local identity
RESIDUAL	CoSO4 x7H2O (1 mg/ml)	1	1	coso4 x7h2o 1 mg ml			label not found in pinned MIM index and no usable local identity
RESIDUAL	CoSO4・7H2	1	1	coso4 7h2			label not found in pinned MIM index and no usable local identity
RESIDUAL	Cobalamin (1 μg/μL)	1	1	cobalamin 1 μg μl			label not found in pinned MIM index and no usable local identity
RESIDUAL	Coenzyme M (2-mercaptoethanesulfonic acid)	1	1	coenzyme m 2 mercaptoethanesulfonic acid			label not found in pinned MIM index and no usable local identity
RESIDUAL	Columbia Agar Plates with 5% sheep blood (BBL 4354005)	1	1	columbia agar plates with 5 sheep blood			label not found in pinned MIM index and no usable local identity
RESIDUAL	Columbia Agar with 5% Sheep Blood (BD-BBL)	1	1	columbia agar with 5 sheep blood			label not found in pinned MIM index and no usable local identity
RESIDUAL	Columbia blood agar (Difco Laboratories, Detroit, Mich.)	1	1	columbia blood agar difco laboratories detroit mich			label not found in pinned MIM index and no usable local identity
RESIDUAL	Columbia blood agar (Oxoid)	1	1	columbia blood agar			label not found in pinned MIM index and no usable local identity
RESIDUAL	Columbia broth	1	1	columbia broth			label not found in pinned MIM index and no usable local identity
RESIDUAL	Component I	1	1	component i			label not found in pinned MIM index and no usable local identity
RESIDUAL	Component II	1	1	component ii			label not found in pinned MIM index and no usable local identity
RESIDUAL	Component III	1	1	component iii			label not found in pinned MIM index and no usable local identity
RESIDUAL	Concentrated H2SO4	1	1	concentrated h2so4			label not found in pinned MIM index and no usable local identity
RESIDUAL	Concentrated hydrochloric acid	1	1	concentrated hydrochloric acid			label not found in pinned MIM index and no usable local identity
RESIDUAL	Copper(II) Nitrate Trihydrate	1	1	copper ii nitrate trihydrate			label not found in pinned MIM index and no usable local identity
RESIDUAL	Corn and fish meal mixture (feed for birds)	1	1	corn and fish meal mixture feed for birds			label not found in pinned MIM index and no usable local identity
RESIDUAL	Cow's milk (whole fat)	1	1	cow s milk whole fat			label not found in pinned MIM index and no usable local identity
RESIDUAL	Cr(NO3)3.9H2O	1	1	cr no3 3 9h2o			label not found in pinned MIM index and no usable local identity
RESIDUAL	Cr2(SO4)3・xH2O	1	1	cr2 so4 3 xh2o			label not found in pinned MIM index and no usable local identity
RESIDUAL	CrCl3.6H2O	1	1	crcl3 6h2o			label not found in pinned MIM index and no usable local identity
RESIDUAL	CrK(SO4)2·12H2O	1	1	crk so4 2 12h2o			label not found in pinned MIM index and no usable local identity
RESIDUAL	CrystalSea Marine Mix (Marine Enterprises International, Inc.)	1	1	crystalsea marine mix			label not found in pinned MIM index and no usable local identity
RESIDUAL	CuCl2 x2H2O (10 mg/ml)	1	1	cucl2 x2h2o 10 mg ml			label not found in pinned MIM index and no usable local identity
RESIDUAL	CuCl2⋅4H2O	1	1	cucl2 4h2o			label not found in pinned MIM index and no usable local identity
RESIDUAL	CuSO2・5H2O	1	1	cuso2 5h2o			label not found in pinned MIM index and no usable local identity
RESIDUAL	CuSO4･7H2O	1	1	cuso4 7h2o			label not found in pinned MIM index and no usable local identity
RESIDUAL	Culture supernatant (see below)	1	1	culture supernatant			label not found in pinned MIM index and no usable local identity
RESIDUAL	Cyanocobalamine (vitamin B12)	1	1	cyanocobalamine vitamin b12			label not found in pinned MIM index and no usable local identity
RESIDUAL	Cystein-HCl	1	1	cystein hcl			label not found in pinned MIM index and no usable local identity
RESIDUAL	Cysteine hydrochloride hydrate	1	1	cysteine hydrochloride hydrate			label not found in pinned MIM index and no usable local identity
RESIDUAL	CysteineHCl	1	1	cysteinehcl			label not found in pinned MIM index and no usable local identity
RESIDUAL	Czapek concentrate (see below)	1	1	czapek concentrate			label not found in pinned MIM index and no usable local identity
RESIDUAL	Czapek--Dox liquid medium, modified (Oxoid)	1	1	czapek dox liquid medium modified			label not found in pinned MIM index and no usable local identity
RESIDUAL	Czapek-Dox Liquid Medium, Modified (OXOID)	1	1	czapek dox liquid medium modified			label not found in pinned MIM index and no usable local identity
RESIDUAL	Czapek-Dox liquid medium, modified (Oxoid)	1	1	czapek dox liquid medium modified			label not found in pinned MIM index and no usable local identity
RESIDUAL	D-(+)-Glucose anhydrous	1	1	d glucose anhydrous			label not found in pinned MIM index and no usable local identity
RESIDUAL	D-Ribose 5-phosphate	1	1	d ribose 5 phosphate			label not found in pinned MIM index and no usable local identity
RESIDUAL	DI WATER	1	1	di water			label not found in pinned MIM index and no usable local identity
RESIDUAL	DL minerals (see below)	1	1	dl minerals			label not found in pinned MIM index and no usable local identity
RESIDUAL	DL-Ca-pantothenate	1	1	dl ca pantothenate			label not found in pinned MIM index and no usable local identity
RESIDUAL	DNA sodium salt (Sigma, D1501)	1	1	dna sodium salt sigma d1501			label not found in pinned MIM index and no usable local identity
RESIDUAL	De Man-Rogosa-Sharpe (MRS) broth (Biokar Diagnostic)	1	1	de man rogosa sharpe broth			label not found in pinned MIM index and no usable local identity
RESIDUAL	De-ionized water	1	1	de ionized water			label not found in pinned MIM index and no usable local identity
RESIDUAL	Deferoxamine mesylate salt	1	1	deferoxamine mesylate salt			label not found in pinned MIM index and no usable local identity
RESIDUAL	Dehydrated Wilkins-Chalgren medium (Oxoid CM0643)	1	1	dehydrated wilkins chalgren medium oxoid cm0643			label not found in pinned MIM index and no usable local identity
RESIDUAL	Desiccated ox bile	1	1	desiccated ox bile			label not found in pinned MIM index and no usable local identity
RESIDUAL	Destilled water	1	1	destilled water			label not found in pinned MIM index and no usable local identity
RESIDUAL	Dichloran (0.2% in ethanol)	1	1	dichloran			label not found in pinned MIM index and no usable local identity
RESIDUAL	Difco Bacto Marine Broth (DIFCO 2216)	1	1	difco bacto marine broth			label not found in pinned MIM index and no usable local identity
RESIDUAL	Difco Marine Agar 2216	1	1	difco marine agar 2216			label not found in pinned MIM index and no usable local identity
RESIDUAL	Difco Yeast Carbon Base	1	1	difco yeast carbon base			label not found in pinned MIM index and no usable local identity
RESIDUAL	Difco brain-heart infusion broth (BD Biosciences)	1	1	difco brain heart infusion broth			label not found in pinned MIM index and no usable local identity
RESIDUAL	Disrilled water	1	1	disrilled water			label not found in pinned MIM index and no usable local identity
RESIDUAL	Distilled H2O	1	1	distilled h2o			label not found in pinned MIM index and no usable local identity
RESIDUAL	Distilled water 100.00 ml	1	1	distilled water 100 00 ml			label not found in pinned MIM index and no usable local identity
RESIDUAL	Distilled water 960.00	1	1	distilled water 960 00			label not found in pinned MIM index and no usable local identity
RESIDUAL	Distilled waterv	1	1	distilled waterv			label not found in pinned MIM index and no usable local identity
RESIDUAL	Dithionite (ca.)	1	1	dithionite ca			label not found in pinned MIM index and no usable local identity
RESIDUAL	Double-distilled water	1	1	double distilled water			label not found in pinned MIM index and no usable local identity
RESIDUAL	Dried shrimp	1	1	dried shrimp			label not found in pinned MIM index and no usable local identity
RESIDUAL	EBIOS* (dried yeast tablets)	1	1	ebios dried yeast tablets			label not found in pinned MIM index and no usable local identity
RESIDUAL	EDTA·Na2	1	1	edta na2			label not found in pinned MIM index and no usable local identity
RESIDUAL	EDTA・2Na・2H2O	1	1	edta 2na 2h2o			label not found in pinned MIM index and no usable local identity
RESIDUAL	EZMix-N-Z-amine A	1	1	ezmix n z amine a			label not found in pinned MIM index and no usable local identity
RESIDUAL	Eagle's  minimum  essential  medium  (MEM) (Nissui  Co.,  Tokyo)	1	1	eagle s minimum essential medium			label not found in pinned MIM index and no usable local identity
RESIDUAL	Ebios (tablets)*	1	1	ebios tablets			label not found in pinned MIM index and no usable local identity
RESIDUAL	Elemental sulfer	1	1	elemental sulfer			label not found in pinned MIM index and no usable local identity
RESIDUAL	Ethlyene Diamine Tetraacetate	1	1	ethlyene diamine tetraacetate			label not found in pinned MIM index and no usable local identity
RESIDUAL	Ethylenediamine-tetraacetate-di-Na-salt	1	1	ethylenediamine tetraacetate di na salt			label not found in pinned MIM index and no usable local identity
RESIDUAL	Fastidious Anaerobe Agar (acumedia)	1	1	fastidious anaerobe agar acumedia			label not found in pinned MIM index and no usable local identity
RESIDUAL	Fe(NH4)2(SO4)2 x 7 H2O (0.1% w/v)	1	1	fe nh4 2 so4 2 x 7 h2o 0 1 w v			label not found in pinned MIM index and no usable local identity
RESIDUAL	Fe(NH4)2SO4·6H2O	1	1	fe nh4 2so4 6h2o			label not found in pinned MIM index and no usable local identity
RESIDUAL	Fe(SO4)2(NH4)2 . 6H2O	1	1	fe so4 2 nh4 2 6h2o			label not found in pinned MIM index and no usable local identity
RESIDUAL	Fe(SO4)2(NH4)2·6H2O	1	1	fe so4 2 nh4 2 6h2o			label not found in pinned MIM index and no usable local identity
RESIDUAL	Fe(SO4)2(NH4Cl)2⋅6H2O	1	1	fe so4 2 nh4cl 2 6h2o			label not found in pinned MIM index and no usable local identity
RESIDUAL	Fe(SO4)3・xH2O	1	1	fe so4 3 xh2o			label not found in pinned MIM index and no usable local identity
RESIDUAL	Fe(SO4)·7H2O	1	1	fe so4 7h2o			label not found in pinned MIM index and no usable local identity
RESIDUAL	Fe-Citrate	1	1	fe citrate			label not found in pinned MIM index and no usable local identity
RESIDUAL	Fe-EDTA(III)	1	1	fe edta iii			label not found in pinned MIM index and no usable local identity
RESIDUAL	Fe2(SO4)3·(NH4)2SO4·24H2O	1	1	fe2 so4 3 nh4 2so4 24h2o			label not found in pinned MIM index and no usable local identity
RESIDUAL	Fe2(SO4)3·6H2O	1	1	fe2 so4 3 6h2o			label not found in pinned MIM index and no usable local identity
RESIDUAL	Fe2(SO4)3·xH2O	1	1	fe2 so4 3 xh2o			label not found in pinned MIM index and no usable local identity
RESIDUAL	Fe2(SO4)3・nH2O	1	1	fe2 so4 3 nh2o			label not found in pinned MIM index and no usable local identity
RESIDUAL	FeCl .6H 0	1	1	fecl 6h 0			label not found in pinned MIM index and no usable local identity
RESIDUAL	FeCl2·2H2O	1	1	fecl2 2h2o			label not found in pinned MIM index and no usable local identity
RESIDUAL	FeNaEDTA	1	1	fenaedta			label not found in pinned MIM index and no usable local identity
RESIDUAL	FeS slurry solution*****	1	1	fes slurry solution			label not found in pinned MIM index and no usable local identity
RESIDUAL	FeSO4 . 7H2O (2%, w/v, in N HCl)	1	1	feso4 7h2o 2 w v in n hcl			label not found in pinned MIM index and no usable local identity
RESIDUAL	FeSO4 x 7 H2O (0.2% w/v)	1	1	feso4 x 7 h2o 0 2 w v			label not found in pinned MIM index and no usable local identity
RESIDUAL	FeSO4(NH4)2SO4.6H2O	1	1	feso4 nh4 2so4 6h2o			label not found in pinned MIM index and no usable local identity
RESIDUAL	FeSO4·4H2O	1	1	feso4 4h2o			label not found in pinned MIM index and no usable local identity
RESIDUAL	Ferric citrate solution* (0.1%)	1	1	ferric citrate solution			label not found in pinned MIM index and no usable local identity
RESIDUAL	Ferric nitrate	1	1	ferric nitrate			label not found in pinned MIM index and no usable local identity
RESIDUAL	Ferrihydrite suspension (see below)	1	1	ferrihydrite suspension			label not found in pinned MIM index and no usable local identity
RESIDUAL	Fetal bovine serum (Biowest; heat inactivated)	1	1	fetal bovine serum biowest heat inactivated			label not found in pinned MIM index and no usable local identity
RESIDUAL	Fetal bovine serum (Flow), heat-inactivated	1	1	fetal bovine serum heat inactivated			label not found in pinned MIM index and no usable local identity
RESIDUAL	Fetal bovine serum (heated 56°C- I hour)	1	1	fetal bovine serum heated 56 c i hour			label not found in pinned MIM index and no usable local identity
RESIDUAL	Fluid thioglycolate (BD-BBL)	1	1	fluid thioglycolate			label not found in pinned MIM index and no usable local identity
RESIDUAL	Folic acid (5 μg/μL)	1	1	folic acid 5 μg μl			label not found in pinned MIM index and no usable local identity
RESIDUAL	Fungizone (Bristol-Myers Squibb Co.)	1	1	fungizone			label not found in pinned MIM index and no usable local identity
RESIDUAL	GAM broth, modified (Nissui)	1	1	gam broth modified			label not found in pinned MIM index and no usable local identity
RESIDUAL	GC agar base (BD 228950)	1	1	gc agar base			label not found in pinned MIM index and no usable local identity
RESIDUAL	GDP	1	1	gdp			label not found in pinned MIM index and no usable local identity
RESIDUAL	Gellangum	1	1	gellangum			label not found in pinned MIM index and no usable local identity
RESIDUAL	Glucose (0.1981 g/mL)	1	1	glucose 0 1981 g ml			label not found in pinned MIM index and no usable local identity
RESIDUAL	Glucose (sterilized separately)	1	1	glucose sterilized separately			label not found in pinned MIM index and no usable local identity
RESIDUAL	Glucosev	1	1	glucosev			label not found in pinned MIM index and no usable local identity
RESIDUAL	Ground sulfur powder	1	1	ground sulfur powder			label not found in pinned MIM index and no usable local identity
RESIDUAL	Growth stimulating factors (see below)	1	1	growth stimulating factors			label not found in pinned MIM index and no usable local identity
RESIDUAL	Growth-stimulating factors	1	1	growth stimulating factors			label not found in pinned MIM index and no usable local identity
RESIDUAL	Guanine HCl	1	1	guanine hcl			label not found in pinned MIM index and no usable local identity
RESIDUAL	H2O (deionized)	1	1	h2o deionized			label not found in pinned MIM index and no usable local identity
RESIDUAL	H2SO4 (conc.)	1	1	h2so4 conc			label not found in pinned MIM index and no usable local identity
RESIDUAL	H2SO4 (concd)	1	1	h2so4 concd			label not found in pinned MIM index and no usable local identity
RESIDUAL	H2SeO3(selenous acid)	1	1	h2seo3 selenous acid			label not found in pinned MIM index and no usable local identity
RESIDUAL	H4MoNa2O6·2H2O	1	1	h4mona2o6 2h2o			label not found in pinned MIM index and no usable local identity
RESIDUAL	HCl (conc.)	1	1	hcl conc			label not found in pinned MIM index and no usable local identity
RESIDUAL	HCl (concentrated)	1	1	hcl concentrated			label not found in pinned MIM index and no usable local identity
RESIDUAL	HCl(conc)	1	1	hcl conc			label not found in pinned MIM index and no usable local identity
RESIDUAL	HEPES (free acid)	1	1	hepes free acid			label not found in pinned MIM index and no usable local identity
RESIDUAL	HEPES-NaOH (pH 7.5)	1	1	hepes naoh			label not found in pinned MIM index and no usable local identity
RESIDUAL	HS medium	1	1	hs medium			label not found in pinned MIM index and no usable local identity
RESIDUAL	Heart Infusion from (solids)	1	1	heart infusion from solids			label not found in pinned MIM index and no usable local identity
RESIDUAL	Heart muscle infusion solids	1	1	heart muscle infusion solids			label not found in pinned MIM index and no usable local identity
RESIDUAL	Hemin (dissolved separately in 10 mM NaOH)	1	1	hemin dissolved separately in 10 mm naoh			label not found in pinned MIM index and no usable local identity
RESIDUAL	Histidine HCl	1	1	histidine hcl			label not found in pinned MIM index and no usable local identity
RESIDUAL	Horse serum (heat--inactivated)	1	1	horse serum heat inactivated			label not found in pinned MIM index and no usable local identity
RESIDUAL	Hunter's basal salts (see below)	1	1	hunter s basal salts			label not found in pinned MIM index and no usable local identity
RESIDUAL	Hutner's basal salts	1	1	hutner s basal salts			label not found in pinned MIM index and no usable local identity
RESIDUAL	Hutner's basal salts (see below)	1	1	hutner s basal salts			label not found in pinned MIM index and no usable local identity
RESIDUAL	Hutner's vitamin free mineral base (see below)	1	1	hutner s vitamin free mineral base			label not found in pinned MIM index and no usable local identity
RESIDUAL	Hutners basal salts (see below)	1	1	hutners basal salts			label not found in pinned MIM index and no usable local identity
RESIDUAL	ISP Medium 1 (Difco)	1	1	isp medium 1			label not found in pinned MIM index and no usable local identity
RESIDUAL	Inactivated horse serum (Hyclone)	1	1	inactivated horse serum			label not found in pinned MIM index and no usable local identity
RESIDUAL	Iron (powder, 20 - 60 mesh, Nacalai)	1	1	iron powder 20 60 mesh nacalai			label not found in pinned MIM index and no usable local identity
RESIDUAL	K solution**	1	1	k solution			label not found in pinned MIM index and no usable local identity
RESIDUAL	K2HPO4·7H2O	1	1	k2hpo4 7h2o			label not found in pinned MIM index and no usable local identity
RESIDUAL	K2HPO4·7H2O (6 g/L)	1	1	k2hpo4 7h2o 6 g l			label not found in pinned MIM index and no usable local identity
RESIDUAL	K2PO4	1	1	k2po4			label not found in pinned MIM index and no usable local identity
RESIDUAL	KAI(SO4)2.12H2O	1	1	kai so4 2 12h2o			label not found in pinned MIM index and no usable local identity
RESIDUAL	KAl(SO4)2·2H2O	1	1	kal so4 2 2h2o			label not found in pinned MIM index and no usable local identity
RESIDUAL	KH2PO4 (dissolve first, adjust pH to 7.0)	1	1	kh2po4 dissolve first adjust ph to 7 0			label not found in pinned MIM index and no usable local identity
RESIDUAL	KH2PO4・2H2O	1	1	kh2po4 2h2o			label not found in pinned MIM index and no usable local identity
RESIDUAL	KOH solusion	1	1	koh solusion			label not found in pinned MIM index and no usable local identity
RESIDUAL	Kanamycin sulfate (dissolved in distilled water)	1	1	kanamycin sulfate dissolved in distilled water			label not found in pinned MIM index and no usable local identity
RESIDUAL	L-Cysteine x HCl	1	1	l cysteine x hcl			label not found in pinned MIM index and no usable local identity
RESIDUAL	L-Ornithine HCl	1	1	l ornithine hcl			label not found in pinned MIM index and no usable local identity
RESIDUAL	L-glutamic acid monosodium salt monohydrate	1	1	l glutamic acid monosodium salt monohydrate			label not found in pinned MIM index and no usable local identity
RESIDUAL	LB Broth	1	1	lb broth			label not found in pinned MIM index and no usable local identity
RESIDUAL	LaCl3 x 7 H2O	1	1	lacl3 x 7 h2o			label not found in pinned MIM index and no usable local identity
RESIDUAL	Lab-Lemco Broth (OXOID)	1	1	lab lemco broth			label not found in pinned MIM index and no usable local identity
RESIDUAL	Lactobacilli MRS Agar (BD288210)	1	1	lactobacilli mrs agar			label not found in pinned MIM index and no usable local identity
RESIDUAL	Lecithine	1	1	lecithine			label not found in pinned MIM index and no usable local identity
RESIDUAL	Leibovitz's L--15 medium	1	1	leibovitz s l 15 medium			label not found in pinned MIM index and no usable local identity
RESIDUAL	Leibovitz's L-15 medium powder	1	1	leibovitz s l 15 medium powder			label not found in pinned MIM index and no usable local identity
RESIDUAL	LiCl/Na2WO4/NaSeO3/Ni(NH4)2(SO4) (1 mg/ml each)	1	1	licl na2wo4 naseo3 ni nh4 2 so4			label not found in pinned MIM index and no usable local identity
RESIDUAL	Lowenstein--Jensen medium slants (BD 220908)	1	1	lowenstein jensen medium slants			label not found in pinned MIM index and no usable local identity
RESIDUAL	M solution***	1	1	m solution			label not found in pinned MIM index and no usable local identity
RESIDUAL	M17 broth (Difco)	1	1	m17 broth			label not found in pinned MIM index and no usable local identity
RESIDUAL	M17 media (Oxoid LOT2216165)	1	1	m17 media			label not found in pinned MIM index and no usable local identity
RESIDUAL	M17 medium (Scharlau)	1	1	m17 medium			label not found in pinned MIM index and no usable local identity
RESIDUAL	M2SGC medium	1	1	m2sgc medium			label not found in pinned MIM index and no usable local identity
RESIDUAL	MDS salt water (see below)	1	1	mds salt water			label not found in pinned MIM index and no usable local identity
RESIDUAL	MJ synthetic seawater	1	1	mj synthetic seawater			label not found in pinned MIM index and no usable local identity
RESIDUAL	MJ(-N) synthetic seawater (see below)	1	1	mj n synthetic seawater			label not found in pinned MIM index and no usable local identity
RESIDUAL	MQ H2O	1	1	mq h2o			label not found in pinned MIM index and no usable local identity
RESIDUAL	Magnesium Sulfate (anhydrous)	1	1	magnesium sulfate anhydrous			label not found in pinned MIM index and no usable local identity
RESIDUAL	Magnesium glycerophosphate	1	1	magnesium glycerophosphate			label not found in pinned MIM index and no usable local identity
RESIDUAL	Magnesium sulphate	1	1	magnesium sulphate			label not found in pinned MIM index and no usable local identity
RESIDUAL	Major metals (see below)	1	1	major metals			label not found in pinned MIM index and no usable local identity
RESIDUAL	Man-Rogosa-Sharpe (MRS) (Beijing Land Bridge Technology Co., Ltd. CM187)	1	1	man rogosa sharpe beijing land bridge technology co ltd cm187			label not found in pinned MIM index and no usable local identity
RESIDUAL	Man-Rogosa-Sharpe (MRS) broth	1	1	man rogosa sharpe broth			label not found in pinned MIM index and no usable local identity
RESIDUAL	Man-Rogosa-Sharpe (MRS) broth (Biokar Diagnostic, Beauvais, France)	1	1	man rogosa sharpe broth biokar diagnostic beauvais france			label not found in pinned MIM index and no usable local identity
RESIDUAL	Manganous sulfate tetrahydrate	1	1	manganous sulfate tetrahydrate			label not found in pinned MIM index and no usable local identity
RESIDUAL	Meat filtrate	1	1	meat filtrate			label not found in pinned MIM index and no usable local identity
RESIDUAL	Medium 29	1	1	medium 29			label not found in pinned MIM index and no usable local identity
RESIDUAL	Medium 535	1	1	medium 535			label not found in pinned MIM index and no usable local identity
RESIDUAL	Medium 87	1	1	medium 87			label not found in pinned MIM index and no usable local identity
RESIDUAL	Medium D	1	1	medium d			label not found in pinned MIM index and no usable local identity
RESIDUAL	Metal mixture (see below)	1	1	metal mixture			label not found in pinned MIM index and no usable local identity
RESIDUAL	Methanol solution (see below)	1	1	methanol solution			label not found in pinned MIM index and no usable local identity
RESIDUAL	Mg(NO3)·6H2O	1	1	mg no3 6h2o			label not found in pinned MIM index and no usable local identity
RESIDUAL	Mg2SO4.7H2O	1	1	mg2so4 7h2o			label not found in pinned MIM index and no usable local identity
RESIDUAL	MgCl2 x 6 H2O (200.0 g/l)	1	1	mgcl2 x 6 h2o 200 0 g l			label not found in pinned MIM index and no usable local identity
RESIDUAL	MgSO4 . 2H2O	1	1	mgso4 2h2o			label not found in pinned MIM index and no usable local identity
RESIDUAL	MgSO4 solution (1 M)***	1	1	mgso4 solution			label not found in pinned MIM index and no usable local identity
RESIDUAL	MgSO4·7H2O (6 g/L)	1	1	mgso4 7h2o 6 g l			label not found in pinned MIM index and no usable local identity
RESIDUAL	Middlebrook 7H10	1	1	middlebrook 7h10			label not found in pinned MIM index and no usable local identity
RESIDUAL	Middlebrook 7H11 solid medium	1	1	middlebrook 7h11 solid medium			label not found in pinned MIM index and no usable local identity
RESIDUAL	Middlebrook 7H9 Broth Base	1	1	middlebrook 7h9 broth base			label not found in pinned MIM index and no usable local identity
RESIDUAL	Mineral base 1*	1	1	mineral base 1			label not found in pinned MIM index and no usable local identity
RESIDUAL	Mineral base 2**	1	1	mineral base 2			label not found in pinned MIM index and no usable local identity
RESIDUAL	Mineral base A	1	1	mineral base a			label not found in pinned MIM index and no usable local identity
RESIDUAL	Mineral base B	1	1	mineral base b			label not found in pinned MIM index and no usable local identity
RESIDUAL	Mineral base C	1	1	mineral base c			label not found in pinned MIM index and no usable local identity
RESIDUAL	Mineral base D	1	1	mineral base d			label not found in pinned MIM index and no usable local identity
RESIDUAL	Mineral medium	1	1	mineral medium			label not found in pinned MIM index and no usable local identity
RESIDUAL	Mineral solution A (see Medium No. 1353 )	1	1	mineral solution a			label not found in pinned MIM index and no usable local identity
RESIDUAL	Mineral solution A (see below)	1	1	mineral solution a			label not found in pinned MIM index and no usable local identity
RESIDUAL	Mineral solution B* (see below)	1	1	mineral solution b			label not found in pinned MIM index and no usable local identity
RESIDUAL	Mineral solution I (see below)	1	1	mineral solution i			label not found in pinned MIM index and no usable local identity
RESIDUAL	Mineral solution II (see below)	1	1	mineral solution ii			label not found in pinned MIM index and no usable local identity
RESIDUAL	Mn(II)・EDTA	1	1	mn ii edta			label not found in pinned MIM index and no usable local identity
RESIDUAL	MnCl .4H 0	1	1	mncl 4h 0			label not found in pinned MIM index and no usable local identity
RESIDUAL	MnCl2 x4H2O (10 mg/ml)	1	1	mncl2 x4h2o 10 mg ml			label not found in pinned MIM index and no usable local identity
RESIDUAL	MnCl2・6H2O	1	1	mncl2 6h2o			label not found in pinned MIM index and no usable local identity
RESIDUAL	MnCl3 . 4H2O	1	1	mncl3 4h2o			label not found in pinned MIM index and no usable local identity
RESIDUAL	MnCl3·4H2O	1	1	mncl3 4h2o			label not found in pinned MIM index and no usable local identity
RESIDUAL	MnCl4・4H2O	1	1	mncl4 4h2o			label not found in pinned MIM index and no usable local identity
RESIDUAL	MnSO .7H O	1	1	mnso 7h o			label not found in pinned MIM index and no usable local identity
RESIDUAL	MnSO4 · 5H2O 1 )	1	1	mnso4 5h2o 1			label not found in pinned MIM index and no usable local identity
RESIDUAL	MoO	1	1	moo			label not found in pinned MIM index and no usable local identity
RESIDUAL	Modified A5 solution (see below)	1	1	modified a5 solution			label not found in pinned MIM index and no usable local identity
RESIDUAL	Modified Hutner's basal salts (see Medium No. 900 )	1	1	modified hutner s basal salts			label not found in pinned MIM index and no usable local identity
RESIDUAL	Modified Hutner's basal salts (see below)	1	1	modified hutner s basal salts			label not found in pinned MIM index and no usable local identity
RESIDUAL	Modified MJ synthetic seawater (see below)	1	1	modified mj synthetic seawater			label not found in pinned MIM index and no usable local identity
RESIDUAL	Modified MJ synthetic seawater B (see below)	1	1	modified mj synthetic seawater b			label not found in pinned MIM index and no usable local identity
RESIDUAL	Modified MJ synthetic seawater C	1	1	modified mj synthetic seawater c			label not found in pinned MIM index and no usable local identity
RESIDUAL	Modified MJ synthetic seawater C (see below)	1	1	modified mj synthetic seawater c			label not found in pinned MIM index and no usable local identity
RESIDUAL	Modified trace minerals (see below)	1	1	modified trace minerals			label not found in pinned MIM index and no usable local identity
RESIDUAL	Morpholinoethanesulfonic acid (MES)	1	1	morpholinoethanesulfonic acid			label not found in pinned MIM index and no usable local identity
RESIDUAL	Mueller Hinton (MH) agar	1	1	mueller hinton agar			label not found in pinned MIM index and no usable local identity
RESIDUAL	Mueller Hinton Broth (BD 211443)	1	1	mueller hinton broth			label not found in pinned MIM index and no usable local identity
RESIDUAL	Mueller-Hinton broth	1	1	mueller hinton broth			label not found in pinned MIM index and no usable local identity
RESIDUAL	Mueller–Hinton (MH) broth	1	1	mueller hinton broth			label not found in pinned MIM index and no usable local identity
RESIDUAL	Mycoplasma Broth Base	1	1	mycoplasma broth base			label not found in pinned MIM index and no usable local identity
RESIDUAL	Mycoplasma Growth Supplement (CMRL 1066)(10X)	1	1	mycoplasma growth supplement 10x			label not found in pinned MIM index and no usable local identity
RESIDUAL	N--Z Amine, type A (Sheffield)	1	1	n z amine type a			label not found in pinned MIM index and no usable local identity
RESIDUAL	N-2-hydroxy- ethylpiperazine-N'-2-ethanesulfonic acid [HEPES; pH 7.2])	1	1	n 2 hydroxy ethylpiperazine n 2 ethanesulfonic acid hepes ph 7 2			label not found in pinned MIM index and no usable local identity
RESIDUAL	N-2-hydroxyethylpiperazine-N-2-ethanesulfonic acid (HEPES, Sigma Chemical Co., St. Louis, MO)	1	1	n 2 hydroxyethylpiperazine n 2 ethanesulfonic acid hepes sigma chemical co st louis mo			label not found in pinned MIM index and no usable local identity
RESIDUAL	N-Z Amine, type B (Sheffield)	1	1	n z amine type b			label not found in pinned MIM index and no usable local identity
RESIDUAL	NH VO	1	1	nh vo			label not found in pinned MIM index and no usable local identity
RESIDUAL	NH4-tartrate	1	1	nh4 tartrate			label not found in pinned MIM index and no usable local identity
RESIDUAL	NH4CI	1	1	nh4ci			label not found in pinned MIM index and no usable local identity
RESIDUAL	NTA (sodium nitrilotriacetate)	1	1	nta sodium nitrilotriacetate			label not found in pinned MIM index and no usable local identity
RESIDUAL	NZ amine	1	1	nz amine			label not found in pinned MIM index and no usable local identity
RESIDUAL	Na EDTA.2H O	1	1	na edta 2h o			label not found in pinned MIM index and no usable local identity
RESIDUAL	Na EDTA.2H2O	1	1	na edta 2h2o			label not found in pinned MIM index and no usable local identity
RESIDUAL	Na HPO .12H O	1	1	na hpo 12h o			label not found in pinned MIM index and no usable local identity
RESIDUAL	Na HPO .7H O	1	1	na hpo 7h o			label not found in pinned MIM index and no usable local identity
RESIDUAL	Na VO	1	1	na vo			label not found in pinned MIM index and no usable local identity
RESIDUAL	Na selenite	1	1	na selenite			label not found in pinned MIM index and no usable local identity
RESIDUAL	Na-PO4 (pH 7.5)	1	1	na po4			label not found in pinned MIM index and no usable local identity
RESIDUAL	Na2-EDTA/FeCl3	1	1	na2 edta fecl3			label not found in pinned MIM index and no usable local identity
RESIDUAL	Na2B4O7 x 10 H2O (25 mg/ml)	1	1	na2b4o7 x 10 h2o 25 mg ml			label not found in pinned MIM index and no usable local identity
RESIDUAL	Na2MO4.2H2O	1	1	na2mo4 2h2o			label not found in pinned MIM index and no usable local identity
RESIDUAL	Na2MnO4·2H2O	1	1	na2mno4 2h2o			label not found in pinned MIM index and no usable local identity
RESIDUAL	Na2Mo4O4	1	1	na2mo4o4			label not found in pinned MIM index and no usable local identity
RESIDUAL	Na2MoO3	1	1	na2moo3			label not found in pinned MIM index and no usable local identity
RESIDUAL	Na2MoO4 x2H2O (1 mg/ml)	1	1	na2moo4 x2h2o 1 mg ml			label not found in pinned MIM index and no usable local identity
RESIDUAL	Na2MoO4·4H2O	1	1	na2moo4 4h2o			label not found in pinned MIM index and no usable local identity
RESIDUAL	Na2MoO7・2H2O	1	1	na2moo7 2h2o			label not found in pinned MIM index and no usable local identity
RESIDUAL	Na2NPO4	1	1	na2npo4			label not found in pinned MIM index and no usable local identity
RESIDUAL	Na2S . 9H2O (2.5%)	1	1	na2s 9h2o 2 5			label not found in pinned MIM index and no usable local identity
RESIDUAL	Na2S x 9 H2O 3.00 g	1	1	na2s x 9 h2o 3 00 g			label not found in pinned MIM index and no usable local identity
RESIDUAL	Na2S2O3・5H2O (final conc.)	1	1	na2s2o3 5h2o final conc			label not found in pinned MIM index and no usable local identity
RESIDUAL	Na2S2O4 (sodium dithionite)	1	1	na2s2o4 sodium dithionite			label not found in pinned MIM index and no usable local identity
RESIDUAL	Na2S2O4 x 2 H2O	1	1	na2s2o4 x 2 h2o			label not found in pinned MIM index and no usable local identity
RESIDUAL	Na2S2O4・2H2O	1	1	na2s2o4 2h2o			label not found in pinned MIM index and no usable local identity
RESIDUAL	Na2SeO4 . 6H2O	1	1	na2seo4 6h2o			label not found in pinned MIM index and no usable local identity
RESIDUAL	Na2SeO4 × 5H2O	1	1	na2seo4 x 5h2o			label not found in pinned MIM index and no usable local identity
RESIDUAL	Na2SiO3·9H2O (4.64 g/L)	1	1	na2sio3 9h2o 4 64 g l			label not found in pinned MIM index and no usable local identity
RESIDUAL	Na2Sx6H2O	1	1	na2sx6h2o			label not found in pinned MIM index and no usable local identity
RESIDUAL	Na2S・9H2O (10%, w/v)	1	1	na2s 9h2o 10 w v			label not found in pinned MIM index and no usable local identity
RESIDUAL	Na2S・9H2O (final concentration)	1	1	na2s 9h2o final concentration			label not found in pinned MIM index and no usable local identity
RESIDUAL	Na2S・9H2O(final conc.)	1	1	na2s 9h2o final conc			label not found in pinned MIM index and no usable local identity
RESIDUAL	Na2WO2.2H2O	1	1	na2wo2 2h2o			label not found in pinned MIM index and no usable local identity
RESIDUAL	Na2WO2·2H2O	1	1	na2wo2 2h2o			label not found in pinned MIM index and no usable local identity
RESIDUAL	Na2WO4 x 6 H2O	1	1	na2wo4 x 6 h2o			label not found in pinned MIM index and no usable local identity
RESIDUAL	Na3-NTA	1	1	na3 nta			label not found in pinned MIM index and no usable local identity
RESIDUAL	Na3EDTA	1	1	na3edta			label not found in pinned MIM index and no usable local identity
RESIDUAL	NaCI	1	1	naci			label not found in pinned MIM index and no usable local identity
RESIDUAL	NaCOOH	1	1	nacooh			label not found in pinned MIM index and no usable local identity
RESIDUAL	NaCl (VWR, X190-1KG)	1	1	nacl vwr x190 1kg			label not found in pinned MIM index and no usable local identity
RESIDUAL	NaHPO4・12H2O	1	1	nahpo4 12h2o			label not found in pinned MIM index and no usable local identity
RESIDUAL	NaII CO3	1	1	naii co3			label not found in pinned MIM index and no usable local identity
RESIDUAL	NaNH4HPO4 . 4H2O	1	1	nanh4hpo4 4h2o			label not found in pinned MIM index and no usable local identity
RESIDUAL	NaOAc	1	1	naoac			label not found in pinned MIM index and no usable local identity
RESIDUAL	NaSeO3	1	1	naseo3			label not found in pinned MIM index and no usable local identity
RESIDUAL	NaVO3 . nH2O (meta)	1	1	navo3 nh2o meta			label not found in pinned MIM index and no usable local identity
RESIDUAL	Neutral base salt medium (see below)	1	1	neutral base salt medium			label not found in pinned MIM index and no usable local identity
RESIDUAL	Neutralized Na2S·9H2O	1	1	neutralized na2s 9h2o			label not found in pinned MIM index and no usable local identity
RESIDUAL	Ni(NH4)2(SO4)	1	1	ni nh4 2 so4			label not found in pinned MIM index and no usable local identity
RESIDUAL	Ni(NH4)2(SO4)2·6H2O	1	1	ni nh4 2 so4 2 6h2o			label not found in pinned MIM index and no usable local identity
RESIDUAL	Ni2SO4 ⋅ 6H2O	1	1	ni2so4 6h2o			label not found in pinned MIM index and no usable local identity
RESIDUAL	Ni2SO4x 6 H2O	1	1	ni2so4x 6 h2o			label not found in pinned MIM index and no usable local identity
RESIDUAL	NiCI2.6H2O	1	1	nici2 6h2o			label not found in pinned MIM index and no usable local identity
RESIDUAL	NiCl3 . 6H2O	1	1	nicl3 6h2o			label not found in pinned MIM index and no usable local identity
RESIDUAL	NiCl3.6H2O	1	1	nicl3 6h2o			label not found in pinned MIM index and no usable local identity
RESIDUAL	Nissui Potato Dextrose Agar	1	1	nissui potato dextrose agar			label not found in pinned MIM index and no usable local identity
RESIDUAL	Noble Agar (BD-Difco)	1	1	noble agar			label not found in pinned MIM index and no usable local identity
RESIDUAL	Oatmeal (powder, Quaker White Oats)	1	1	oatmeal powder quaker white oats			label not found in pinned MIM index and no usable local identity
RESIDUAL	Oatmeal, powdered (Quaker White Oats)	1	1	oatmeal powdered			label not found in pinned MIM index and no usable local identity
RESIDUAL	Oxoid Lab-Lemco Powder	1	1	oxoid lab lemco powder			label not found in pinned MIM index and no usable local identity
RESIDUAL	PPLO	1	1	pplo			label not found in pinned MIM index and no usable local identity
RESIDUAL	PPLO (Difco)	1	1	pplo			label not found in pinned MIM index and no usable local identity
RESIDUAL	PPLO (pleuropneumonia-like organism) medium	1	1	pplo pleuropneumonia like organism medium			label not found in pinned MIM index and no usable local identity
RESIDUAL	PPLO Broth Base w/o CV (Mycoplasma Broth Base) (BD 211458)	1	1	pplo broth base w o cv			label not found in pinned MIM index and no usable local identity
RESIDUAL	PPLO Broth w/o  Crystal Violet (Difco)	1	1	pplo broth w o crystal violet			label not found in pinned MIM index and no usable local identity
RESIDUAL	PPLO Broth w/o CV	1	1	pplo broth w o cv			label not found in pinned MIM index and no usable local identity
RESIDUAL	PPLO Broth w/o CV (Mycoplasma Broth) (BD 255420)	1	1	pplo broth w o cv			label not found in pinned MIM index and no usable local identity
RESIDUAL	PPLO Broth w/o Crystal Violet (BD 255420)	1	1	pplo broth w o crystal violet			label not found in pinned MIM index and no usable local identity
RESIDUAL	PPLO broth base without crystal violet (Difco)	1	1	pplo broth base without crystal violet			label not found in pinned MIM index and no usable local identity
RESIDUAL	PPLO broth base without crystal violet (Difco）	1	1	pplo broth base without crystal violet			label not found in pinned MIM index and no usable local identity
RESIDUAL	PPLO broth powder (Difco)	1	1	pplo broth powder			label not found in pinned MIM index and no usable local identity
RESIDUAL	PPLO broth w/o Crystal Violet (BD-Difco 255420)	1	1	pplo broth w o crystal violet			label not found in pinned MIM index and no usable local identity
RESIDUAL	Papaic digest of soyabean meal	1	1	papaic digest of soyabean meal			label not found in pinned MIM index and no usable local identity
RESIDUAL	Pectin (from citrus)	1	1	pectin from citrus			label not found in pinned MIM index and no usable local identity
RESIDUAL	Penicillin G (100,000 U/ml)	1	1	penicillin g 100 000 u ml			label not found in pinned MIM index and no usable local identity
RESIDUAL	Penicillin G (100,000 units/ml)	1	1	penicillin g 100 000 units ml			label not found in pinned MIM index and no usable local identity
RESIDUAL	Penicillin G (Parke, Davis & Co)	1	1	penicillin g parke davis co			label not found in pinned MIM index and no usable local identity
RESIDUAL	Penicillin G** (20,000 U/ml)	1	1	penicillin g 20 000 u ml			label not found in pinned MIM index and no usable local identity
RESIDUAL	Peptic Pepton (USB)	1	1	peptic pepton			label not found in pinned MIM index and no usable local identity
RESIDUAL	Peptone from gelatine	1	1	peptone from gelatine			label not found in pinned MIM index and no usable local identity
RESIDUAL	Peptone proteose	1	1	peptone proteose			label not found in pinned MIM index and no usable local identity
RESIDUAL	Peptone(Difco)	1	1	peptone difco			label not found in pinned MIM index and no usable local identity
RESIDUAL	Peptonen	1	1	peptonen			label not found in pinned MIM index and no usable local identity
RESIDUAL	Peptonized Milk (Oxoid)	1	1	peptonized milk			label not found in pinned MIM index and no usable local identity
RESIDUAL	Phenanthrene solution (250 mM) in dimethyl sulfoxide (DMSO)****	1	1	phenanthrene solution in dimethyl sulfoxide			label not found in pinned MIM index and no usable local identity
RESIDUAL	Phenol Red powder	1	1	phenol red powder			label not found in pinned MIM index and no usable local identity
RESIDUAL	Phenol red 0.5% (see below)	1	1	phenol red 0 5			label not found in pinned MIM index and no usable local identity
RESIDUAL	Phosphates solution	1	1	phosphates solution			label not found in pinned MIM index and no usable local identity
RESIDUAL	Pig serum (Invitrogen)	1	1	pig serum			label not found in pinned MIM index and no usable local identity
RESIDUAL	PolyViteX	1	1	polyvitex			label not found in pinned MIM index and no usable local identity
RESIDUAL	Polymyxin B (100,000 units/ml) (optional)	1	1	polymyxin b 100 000 units ml			label not found in pinned MIM index and no usable local identity
RESIDUAL	Polypropylene glycol 2000 (PPG 2000)	1	1	polypropylene glycol 2000			label not found in pinned MIM index and no usable local identity
RESIDUAL	Polypropylene glycol 4000 (PEG 4000)	1	1	polypropylene glycol 4000			label not found in pinned MIM index and no usable local identity
RESIDUAL	Poorly crystalline iron(III) oxide (see below)	1	1	poorly crystalline iron iii oxide			label not found in pinned MIM index and no usable local identity
RESIDUAL	Potassium Phosphate monobasic crystal	1	1	potassium phosphate monobasic crystal			label not found in pinned MIM index and no usable local identity
RESIDUAL	Potato Extract	1	1	potato extract			label not found in pinned MIM index and no usable local identity
RESIDUAL	Powdered sulfur	1	1	powdered sulfur			label not found in pinned MIM index and no usable local identity
RESIDUAL	Purified Agar (e.g., Oxoid L28)	1	1	purified agar e g oxoid l28			label not found in pinned MIM index and no usable local identity
RESIDUAL	Pyridoxamine (15 μg/μL)	1	1	pyridoxamine 15 μg μl			label not found in pinned MIM index and no usable local identity
RESIDUAL	Pyridoxine x HCl	1	1	pyridoxine x hcl			label not found in pinned MIM index and no usable local identity
RESIDUAL	Pyrodoxamine HCl	1	1	pyrodoxamine hcl			label not found in pinned MIM index and no usable local identity
RESIDUAL	Pyroroquinoline quinone (PQQ)	1	1	pyroroquinoline quinone			label not found in pinned MIM index and no usable local identity
RESIDUAL	R2A (Difco)	1	1	r2a			label not found in pinned MIM index and no usable local identity
RESIDUAL	R2A broth (DAIGO) (Nihon Pharm. Co.)	1	1	r2a broth			label not found in pinned MIM index and no usable local identity
RESIDUAL	R2A broth (Daigo)	1	1	r2a broth			label not found in pinned MIM index and no usable local identity
RESIDUAL	RPMI medium (Invitrogen, Carlsbad, CA)	1	1	rpmi medium invitrogen carlsbad ca			label not found in pinned MIM index and no usable local identity
RESIDUAL	RST trace elements (see Medium No. 933 )	1	1	rst trace elements			label not found in pinned MIM index and no usable local identity
RESIDUAL	RST vitamin solution* (see Medium No. 1097 )	1	1	rst vitamin solution			label not found in pinned MIM index and no usable local identity
RESIDUAL	Rabbit serum heat--inactivated at 56&#8451; for 30 min	1	1	rabbit serum heat inactivated at 56 8451 for 30 min			label not found in pinned MIM index and no usable local identity
RESIDUAL	Rabbit serum heat--inactivated at 56C for 1 hr	1	1	rabbit serum heat inactivated at 56c for 1 hr			label not found in pinned MIM index and no usable local identity
RESIDUAL	Rabbit serum sterile non--hemolyzed young (Pel--Freez code No. 31125)	1	1	rabbit serum sterile non hemolyzed young			label not found in pinned MIM index and no usable local identity
RESIDUAL	Reducing agent (100×)	1	1	reducing agent 100x			label not found in pinned MIM index and no usable local identity
RESIDUAL	Reducing agent solution (see Medium No. 521 )	1	1	reducing agent solution			label not found in pinned MIM index and no usable local identity
RESIDUAL	Reinforced clostridial agar (Sigma)	1	1	reinforced clostridial agar			label not found in pinned MIM index and no usable local identity
RESIDUAL	Resazurin Soln (0.025%)	1	1	resazurin soln			label not found in pinned MIM index and no usable local identity
RESIDUAL	Retinol	1	1	retinol			label not found in pinned MIM index and no usable local identity
RESIDUAL	RibofIavin	1	1	ribofiavin			label not found in pinned MIM index and no usable local identity
RESIDUAL	Riboflavin (0.05 μg/mL)	1	1	riboflavin 0 05 μg ml			label not found in pinned MIM index and no usable local identity
RESIDUAL	Riboflavin solution (see Medium No. 462)	1	1	riboflavin solution			label not found in pinned MIM index and no usable local identity
RESIDUAL	Rice Extract	1	1	rice extract			label not found in pinned MIM index and no usable local identity
RESIDUAL	Rifampicin (dissolved in methanol)	1	1	rifampicin dissolved in methanol			label not found in pinned MIM index and no usable local identity
RESIDUAL	Robertson cooked meat medium	1	1	robertson cooked meat medium			label not found in pinned MIM index and no usable local identity
RESIDUAL	Rumen fluid, clarified (see Medium No. 266 )	1	1	rumen fluid clarified			label not found in pinned MIM index and no usable local identity
RESIDUAL	Rye--bran extract (see below)	1	1	rye bran extract			label not found in pinned MIM index and no usable local identity
RESIDUAL	SL-6 Trace element solution (see Medium No. 167 )	1	1	sl 6 trace element solution			label not found in pinned MIM index and no usable local identity
RESIDUAL	SL10 elements (see below)	1	1	sl10 elements			label not found in pinned MIM index and no usable local identity
RESIDUAL	Salmon sperm DNA (Sigma)	1	1	salmon sperm dna			label not found in pinned MIM index and no usable local identity
RESIDUAL	Salt solution stock	1	1	salt solution stock			label not found in pinned MIM index and no usable local identity
RESIDUAL	Schneider's Drosophila medium (Invitorogen, Gibco)	1	1	schneider s drosophila medium invitorogen gibco			label not found in pinned MIM index and no usable local identity
RESIDUAL	Se/W solution (Medium No.852)	1	1	se w solution			label not found in pinned MIM index and no usable local identity
RESIDUAL	Se/W solution (see Medium No. 317 )	1	1	se w solution			label not found in pinned MIM index and no usable local identity
RESIDUAL	Se/W solution (see Medium No. 852 )	1	1	se w solution			label not found in pinned MIM index and no usable local identity
RESIDUAL	Se/W solution (see below)	1	1	se w solution			label not found in pinned MIM index and no usable local identity
RESIDUAL	SeO2	1	1	seo2			label not found in pinned MIM index and no usable local identity
RESIDUAL	Seawater (autoclaved)	1	1	seawater autoclaved			label not found in pinned MIM index and no usable local identity
RESIDUAL	Selenite-tungstate	1	1	selenite tungstate			label not found in pinned MIM index and no usable local identity
RESIDUAL	Selenite-tungstate solution (see Medium No. 431)	1	1	selenite tungstate solution			label not found in pinned MIM index and no usable local identity
RESIDUAL	Selenite-tungstate solution* (see Medium No. 431 )	1	1	selenite tungstate solution			label not found in pinned MIM index and no usable local identity
RESIDUAL	Selenite-tungustate solution (see below)	1	1	selenite tungustate solution			label not found in pinned MIM index and no usable local identity
RESIDUAL	Sheep Blood, defibrinated	1	1	sheep blood defibrinated			label not found in pinned MIM index and no usable local identity
RESIDUAL	Skirrow supplement (Oxoid) (1 vial/2 ml of sterile, purified water)	1	1	skirrow supplement 1 vial 2 ml of sterile purified water			label not found in pinned MIM index and no usable local identity
RESIDUAL	Skirrow's selective medium (Oxoid)	1	1	skirrow s selective medium			label not found in pinned MIM index and no usable local identity
RESIDUAL	So(Sulfur Powder)	1	1	so sulfur powder			label not found in pinned MIM index and no usable local identity
RESIDUAL	Soda based mineral medium (sterilized, see below)	1	1	soda based mineral medium sterilized see below			label not found in pinned MIM index and no usable local identity
RESIDUAL	Sodium Phosphite	1	1	sodium phosphite			label not found in pinned MIM index and no usable local identity
RESIDUAL	Sodium aceate•3H2O	1	1	sodium aceate 3h2o			label not found in pinned MIM index and no usable local identity
RESIDUAL	Sodium acetate·6H2O	1	1	sodium acetate 6h2o			label not found in pinned MIM index and no usable local identity
RESIDUAL	Sodium alpha-ketoglutamate	1	1	sodium alpha ketoglutamate			label not found in pinned MIM index and no usable local identity
RESIDUAL	Sodium aspartate	1	1	sodium aspartate			label not found in pinned MIM index and no usable local identity
RESIDUAL	Sodium citrate tribasic dihydrate	1	1	sodium citrate tribasic dihydrate			label not found in pinned MIM index and no usable local identity
RESIDUAL	Sodium citrate·2H2O	1	1	sodium citrate 2h2o			label not found in pinned MIM index and no usable local identity
RESIDUAL	Sodium dihydrogen orthophosphate monohydrate	1	1	sodium dihydrogen orthophosphate monohydrate			label not found in pinned MIM index and no usable local identity
RESIDUAL	Sodium fumarate (adjust pH to 7.0)	1	1	sodium fumarate adjust ph to 7 0			label not found in pinned MIM index and no usable local identity
RESIDUAL	Sodium lactate, 60% syrup	1	1	sodium lactate 60 syrup			label not found in pinned MIM index and no usable local identity
RESIDUAL	Sodium monobasic phosphate	1	1	sodium monobasic phosphate			label not found in pinned MIM index and no usable local identity
RESIDUAL	Sodium n-hexanoate	1	1	sodium n hexanoate			label not found in pinned MIM index and no usable local identity
RESIDUAL	Sodium tetrathionate	1	1	sodium tetrathionate			label not found in pinned MIM index and no usable local identity
RESIDUAL	Sodium β--glycerophosphate	1	1	sodium β glycerophosphate			label not found in pinned MIM index and no usable local identity
RESIDUAL	Sodium-β-glycerophosphate	1	1	sodium β glycerophosphate			label not found in pinned MIM index and no usable local identity
RESIDUAL	Sol. 3	1	1	sol 3			label not found in pinned MIM index and no usable local identity
RESIDUAL	Sol.1	1	1	sol 1			label not found in pinned MIM index and no usable local identity
RESIDUAL	Soluble iron pyrophosphate	1	1	soluble iron pyrophosphate			label not found in pinned MIM index and no usable local identity
RESIDUAL	Soybean protein isolate (SPI) or Skim milk	1	1	soybean protein isolate or skim milk			label not found in pinned MIM index and no usable local identity
RESIDUAL	Soytone Peptone (Difco)	1	1	soytone peptone			label not found in pinned MIM index and no usable local identity
RESIDUAL	Special peptone	1	1	special peptone			label not found in pinned MIM index and no usable local identity
RESIDUAL	Spermine phosphate	1	1	spermine phosphate			label not found in pinned MIM index and no usable local identity
RESIDUAL	SrCl 6H O	1	1	srcl 6h o			label not found in pinned MIM index and no usable local identity
RESIDUAL	Standard mineral base (see below)	1	1	standard mineral base			label not found in pinned MIM index and no usable local identity
RESIDUAL	Starch from corn (SIGMA)	1	1	starch from corn			label not found in pinned MIM index and no usable local identity
RESIDUAL	Sterile	1	1	sterile			label not found in pinned MIM index and no usable local identity
RESIDUAL	Sterile Rabbit Serum	1	1	sterile rabbit serum			label not found in pinned MIM index and no usable local identity
RESIDUAL	Sterile air	1	1	sterile air			label not found in pinned MIM index and no usable local identity
RESIDUAL	Sterile horse serum	1	1	sterile horse serum			label not found in pinned MIM index and no usable local identity
RESIDUAL	Sterile human urine	1	1	sterile human urine			label not found in pinned MIM index and no usable local identity
RESIDUAL	Stock A	1	1	stock a			label not found in pinned MIM index and no usable local identity
RESIDUAL	Stock B	1	1	stock b			label not found in pinned MIM index and no usable local identity
RESIDUAL	Substrates*	1	1	substrates			label not found in pinned MIM index and no usable local identity
RESIDUAL	Sulfide solution (1.0 M)*******	1	1	sulfide solution			label not found in pinned MIM index and no usable local identity
RESIDUAL	Sulfide solution****	1	1	sulfide solution			label not found in pinned MIM index and no usable local identity
RESIDUAL	Supplement A	1	1	supplement a			label not found in pinned MIM index and no usable local identity
RESIDUAL	Synthetic seawater (2 x conc.)	1	1	synthetic seawater 2 x conc			label not found in pinned MIM index and no usable local identity
RESIDUAL	Synthetic seawater (2 x, see below)	1	1	synthetic seawater 2 x see below			label not found in pinned MIM index and no usable local identity
RESIDUAL	Synthetic seawater mix	1	1	synthetic seawater mix			label not found in pinned MIM index and no usable local identity
RESIDUAL	TC Yeastolate (2% soln.) (BD 255772)	1	1	tc yeastolate			label not found in pinned MIM index and no usable local identity
RESIDUAL	TC Yeastolate (BD-Difco)	1	1	tc yeastolate			label not found in pinned MIM index and no usable local identity
RESIDUAL	TPGY broth	1	1	tpgy broth			label not found in pinned MIM index and no usable local identity
RESIDUAL	TPP/VFA mixture (see below)	1	1	tpp vfa mixture			label not found in pinned MIM index and no usable local identity
RESIDUAL	TRIS x HCl	1	1	tris x hcl			label not found in pinned MIM index and no usable local identity
RESIDUAL	Thauers vitamins	1	1	thauers vitamins			label not found in pinned MIM index and no usable local identity
RESIDUAL	Thiamine (0.05 μg/mL)	1	1	thiamine 0 05 μg ml			label not found in pinned MIM index and no usable local identity
RESIDUAL	Thiamine solution (see Medium No. 403 )	1	1	thiamine solution			label not found in pinned MIM index and no usable local identity
RESIDUAL	Thiamine solution (see Medium No. 403 )*	1	1	thiamine solution			label not found in pinned MIM index and no usable local identity
RESIDUAL	Thiamine solution* (see Medium No. 403 )	1	1	thiamine solution			label not found in pinned MIM index and no usable local identity
RESIDUAL	Thiamine solution*****	1	1	thiamine solution			label not found in pinned MIM index and no usable local identity
RESIDUAL	Thiamine x HCl	1	1	thiamine x hcl			label not found in pinned MIM index and no usable local identity
RESIDUAL	Thiamine-HCl⋅H2O (Vitamin B1)	1	1	thiamine hcl h2o			label not found in pinned MIM index and no usable local identity
RESIDUAL	Thioctic acid (lipoic acid)	1	1	thioctic acid lipoic acid			label not found in pinned MIM index and no usable local identity
RESIDUAL	Thiosulfate (final concentration)	1	1	thiosulfate final concentration			label not found in pinned MIM index and no usable local identity
RESIDUAL	Thoroughly disperse the agar in cold	1	1	thoroughly disperse the agar in cold			label not found in pinned MIM index and no usable local identity
RESIDUAL	TiCl2	1	1	ticl2			label not found in pinned MIM index and no usable local identity
RESIDUAL	Titanium (III) citrate, neutralized	1	1	titanium citrate neutralized			label not found in pinned MIM index and no usable local identity
RESIDUAL	Titanium citrate	1	1	titanium citrate			label not found in pinned MIM index and no usable local identity
RESIDUAL	Todd Hewitt broth (Becton, Dickinson and Company, Franklin Lakes, NJ, USA)	1	1	todd hewitt broth becton dickinson and company franklin lakes nj usa			label not found in pinned MIM index and no usable local identity
RESIDUAL	Tomato Juice (filtered)	1	1	tomato juice filtered			label not found in pinned MIM index and no usable local identity
RESIDUAL	Trace Metals	1	1	trace metals			label not found in pinned MIM index and no usable local identity
RESIDUAL	Trace Metals A-5 (see below)	1	1	trace metals a 5			label not found in pinned MIM index and no usable local identity
RESIDUAL	Trace Mineral Supplement (ATCC)	1	1	trace mineral supplement			label not found in pinned MIM index and no usable local identity
RESIDUAL	Trace Mineral Supplement, ATCC MD-TMS	1	1	trace mineral supplement atcc md tms			label not found in pinned MIM index and no usable local identity
RESIDUAL	Trace Mineral Supplement, Catalog No. MD-TMS	1	1	trace mineral supplement catalog no md tms			label not found in pinned MIM index and no usable local identity
RESIDUAL	Trace element solution SL12	1	1	trace element solution sl12			label not found in pinned MIM index and no usable local identity
RESIDUAL	Trace element solution SL7**	1	1	trace element solution sl7			label not found in pinned MIM index and no usable local identity
RESIDUAL	Trace metal mix A5 + Co	1	1	trace metal mix a5 co			label not found in pinned MIM index and no usable local identity
RESIDUAL	Trace metals	1	1	trace metals			label not found in pinned MIM index and no usable local identity
RESIDUAL	Trace metals 'Gaffron­+Se'	1	1	trace metals gaffron se			label not found in pinned MIM index and no usable local identity
RESIDUAL	Trace mineral	1	1	trace mineral			label not found in pinned MIM index and no usable local identity
RESIDUAL	Trace salts solution*	1	1	trace salts solution			label not found in pinned MIM index and no usable local identity
RESIDUAL	Trace vitamins	1	1	trace vitamins			label not found in pinned MIM index and no usable local identity
RESIDUAL	Trace vitamins solution (see Medium No. 284 )	1	1	trace vitamins solution			label not found in pinned MIM index and no usable local identity
RESIDUAL	Trace vitamins solution (see Medium No. 284)	1	1	trace vitamins solution			label not found in pinned MIM index and no usable local identity
RESIDUAL	Trace vitamins solution (see Medium No.284)	1	1	trace vitamins solution			label not found in pinned MIM index and no usable local identity
RESIDUAL	Trace vitamins solution* (see Medium No. 284 )	1	1	trace vitamins solution			label not found in pinned MIM index and no usable local identity
RESIDUAL	Trace vitamins solution* (see below)	1	1	trace vitamins solution			label not found in pinned MIM index and no usable local identity
RESIDUAL	Trace vitamins***	1	1	trace vitamins			label not found in pinned MIM index and no usable local identity
RESIDUAL	Tri-ammonium citrate	1	1	tri ammonium citrate			label not found in pinned MIM index and no usable local identity
RESIDUAL	Trimethylamine x HCl	1	1	trimethylamine x hcl			label not found in pinned MIM index and no usable local identity
RESIDUAL	Triptone	1	1	triptone			label not found in pinned MIM index and no usable local identity
RESIDUAL	Tris (Hydroxymethyl) Aminomethane	1	1	tris aminomethane			label not found in pinned MIM index and no usable local identity
RESIDUAL	Tris (Hydroxymethyl) Aminomethane HCl	1	1	tris aminomethane hcl			label not found in pinned MIM index and no usable local identity
RESIDUAL	Tris (hydroxymethyl aminomethane) 3.00 g	1	1	tris hydroxymethyl aminomethane 3 00 g			label not found in pinned MIM index and no usable local identity
RESIDUAL	Tris, pH 7.5	1	1	tris ph 7 5			label not found in pinned MIM index and no usable local identity
RESIDUAL	Tris-HC1 (pH 7.6)	1	1	tris hc1			label not found in pinned MIM index and no usable local identity
RESIDUAL	Trisodium citrate・H2O	1	1	trisodium citrate h2o			label not found in pinned MIM index and no usable local identity
RESIDUAL	Tryptic Digest of Beef Heart	1	1	tryptic digest of beef heart			label not found in pinned MIM index and no usable local identity
RESIDUAL	Trypto--soya agar (Nissui)	1	1	trypto soya agar			label not found in pinned MIM index and no usable local identity
RESIDUAL	Tryptose blood agar base (Difco Laboratories, Detroit, MI)	1	1	tryptose blood agar base difco laboratories detroit mi			label not found in pinned MIM index and no usable local identity
RESIDUAL	Turban shell (sazae) meat cut	1	1	turban shell sazae meat cut			label not found in pinned MIM index and no usable local identity
RESIDUAL	Tween 80 solution**	1	1	tween 80 solution			label not found in pinned MIM index and no usable local identity
RESIDUAL	Tween80	1	1	tween80			label not found in pinned MIM index and no usable local identity
RESIDUAL	UPW	1	1	upw			label not found in pinned MIM index and no usable local identity
RESIDUAL	Ultrapure water	1	1	ultrapure water			label not found in pinned MIM index and no usable local identity
RESIDUAL	VOSO4	1	1	voso4			label not found in pinned MIM index and no usable local identity
RESIDUAL	VOSO4 x5H2O (1 mg/ml)	1	1	voso4 x5h2o 1 mg ml			label not found in pinned MIM index and no usable local identity
RESIDUAL	VSO5.5H2O	1	1	vso5 5h2o			label not found in pinned MIM index and no usable local identity
RESIDUAL	Vitamin B12 (20 μg/ml) (filter--sterilized)	1	1	vitamin b12 20 μg ml filter sterilized			label not found in pinned MIM index and no usable local identity
RESIDUAL	Vitamin B12 solution (see Medium No. 403 )	1	1	vitamin b12 solution			label not found in pinned MIM index and no usable local identity
RESIDUAL	Vitamin B12 solution (see Medium No. 403 )*	1	1	vitamin b12 solution			label not found in pinned MIM index and no usable local identity
RESIDUAL	Vitamin B12 solution******	1	1	vitamin b12 solution			label not found in pinned MIM index and no usable local identity
RESIDUAL	Vitamin mixture solution* (see Medium No. 1363 )	1	1	vitamin mixture solution			label not found in pinned MIM index and no usable local identity
RESIDUAL	Vitamin mixture solution* (see below)	1	1	vitamin mixture solution			label not found in pinned MIM index and no usable local identity
RESIDUAL	Vitamin mixture(see below)	1	1	vitamin mixture see below			label not found in pinned MIM index and no usable local identity
RESIDUAL	Vitamin solution I (see below)	1	1	vitamin solution i			label not found in pinned MIM index and no usable local identity
RESIDUAL	Vitamin supplement (ATCC)	1	1	vitamin supplement			label not found in pinned MIM index and no usable local identity
RESIDUAL	Vitox (Oxoid) (1 vial/10 ml of rehydration fluid)	1	1	vitox oxoid 1 vial 10 ml of rehydration fluid			label not found in pinned MIM index and no usable local identity
RESIDUAL	Volvic water	1	1	volvic water			label not found in pinned MIM index and no usable local identity
RESIDUAL	Whole-fat cow's milk	1	1	whole fat cow s milk			label not found in pinned MIM index and no usable local identity
RESIDUAL	Wilkins-Chalgren agar plates (Oxoid Ltd., Hampshire, UK)	1	1	wilkins chalgren agar plates oxoid ltd hampshire uk			label not found in pinned MIM index and no usable local identity
RESIDUAL	Wilkins-Chalgren medium (Oxoid CM0643)	1	1	wilkins chalgren medium			label not found in pinned MIM index and no usable local identity
RESIDUAL	Wolfe's mineral elixier	1	1	wolfe s mineral elixier			label not found in pinned MIM index and no usable local identity
RESIDUAL	Wolfe's mineral elixir (see below)	1	1	wolfe s mineral elixir			label not found in pinned MIM index and no usable local identity
RESIDUAL	Wolfe's modified mineral elixir (see below)	1	1	wolfe s modified mineral elixir			label not found in pinned MIM index and no usable local identity
RESIDUAL	Wolfe’s mineral solution (see Medium No. 265 )	1	1	wolfe s mineral solution			label not found in pinned MIM index and no usable local identity
RESIDUAL	YEM broth	1	1	yem broth			label not found in pinned MIM index and no usable local identity
RESIDUAL	Yeast (Store bought Fleischmann’s yeast)	1	1	yeast store bought fleischmann s yeast			label not found in pinned MIM index and no usable local identity
RESIDUAL	Yeast Extract #3	1	1	yeast extract 3			label not found in pinned MIM index and no usable local identity
RESIDUAL	Yeast Extract #3 (ATCC 9678, see below)	1	1	yeast extract 3 atcc 9678 see below			label not found in pinned MIM index and no usable local identity
RESIDUAL	Yeast cell paste (bakers yeast,washed in deion. water) wet weight	1	1	yeast cell paste bakers yeast washed in deion water wet weight			label not found in pinned MIM index and no usable local identity
RESIDUAL	Yeast dialysate	1	1	yeast dialysate			label not found in pinned MIM index and no usable local identity
RESIDUAL	Yeast extaract	1	1	yeast extaract			label not found in pinned MIM index and no usable local identity
RESIDUAL	Yeast nitrogen base (BD-Difco)	1	1	yeast nitrogen base			label not found in pinned MIM index and no usable local identity
RESIDUAL	ZnCI2	1	1	znci2			label not found in pinned MIM index and no usable local identity
RESIDUAL	ZnCl2·2H2O	1	1	zncl2 2h2o			label not found in pinned MIM index and no usable local identity
RESIDUAL	ZnSO4 x7H2O (10 mg/ml)	1	1	znso4 x7h2o 10 mg ml			label not found in pinned MIM index and no usable local identity
RESIDUAL	add deionized water to	1	1	add deionized water to			label not found in pinned MIM index and no usable local identity
RESIDUAL	alginate (brown algae)	1	1	alginate brown algae			label not found in pinned MIM index and no usable local identity
RESIDUAL	alginic	1	1	alginic			label not found in pinned MIM index and no usable local identity
RESIDUAL	arabinan (sugar beet)	1	1	arabinan sugar beet			label not found in pinned MIM index and no usable local identity
RESIDUAL	arabinogalactan (larch)	1	1	arabinogalactan larch			label not found in pinned MIM index and no usable local identity
RESIDUAL	benzene (water-saturated, autoclaved)	1	1	benzene water saturated autoclaved			label not found in pinned MIM index and no usable local identity
RESIDUAL	beta-Na2glycerophosphate·5H2O	1	1	beta na2glycerophosphate 5h2o			label not found in pinned MIM index and no usable local identity
RESIDUAL	biotin (Sigma Aldrich, St Louis, MO, USA)	1	1	biotin sigma aldrich st louis mo usa			label not found in pinned MIM index and no usable local identity
RESIDUAL	boiled potato	1	1	boiled potato			label not found in pinned MIM index and no usable local identity
RESIDUAL	bovine blood	1	1	bovine blood			label not found in pinned MIM index and no usable local identity
RESIDUAL	calf blood	1	1	calf blood			label not found in pinned MIM index and no usable local identity
RESIDUAL	calf thymus DNA (Sigma, Type I)	1	1	calf thymus dna sigma type i			label not found in pinned MIM index and no usable local identity
RESIDUAL	cefsulodin (Takeda France S.A., Puteaux, France)	1	1	cefsulodin takeda france s a puteaux france			label not found in pinned MIM index and no usable local identity
RESIDUAL	cellobiose (filter-sterilized)	1	1	cellobiose filter sterilized			label not found in pinned MIM index and no usable local identity
RESIDUAL	chitin (shrimp shells)	1	1	chitin shrimp shells			label not found in pinned MIM index and no usable local identity
RESIDUAL	chocolate agar plates	1	1	chocolate agar plates			label not found in pinned MIM index and no usable local identity
RESIDUAL	conc. HCl (~12.5M)	1	1	conc hcl 12 5m			label not found in pinned MIM index and no usable local identity
RESIDUAL	crystallized cane sugar	1	1	crystallized cane sugar			label not found in pinned MIM index and no usable local identity
RESIDUAL	cysteine.HC1	1	1	cysteine hc1			label not found in pinned MIM index and no usable local identity
RESIDUAL	de Man–Rogosa–Sharpe (MRS) broth (LabM)	1	1	de man rogosa sharpe broth			label not found in pinned MIM index and no usable local identity
RESIDUAL	defibrinated ovine blood	1	1	defibrinated ovine blood			label not found in pinned MIM index and no usable local identity
RESIDUAL	di-Na-ß-glycerophosphate	1	1	di na ß glycerophosphate			label not found in pinned MIM index and no usable local identity
RESIDUAL	distilled or deionized water	1	1	distilled or deionized water			label not found in pinned MIM index and no usable local identity
RESIDUAL	di‐Potassium hydrogen orthophosphate trihydrate	1	1	di potassium hydrogen orthophosphate trihydrate			label not found in pinned MIM index and no usable local identity
RESIDUAL	dl-Ca-pantothenate	1	1	dl ca pantothenate			label not found in pinned MIM index and no usable local identity
RESIDUAL	galatcomannan (Ceratonia siliqua)	1	1	galatcomannan			label not found in pinned MIM index and no usable local identity
RESIDUAL	heat-inactivated fetal bovine serum	1	1	heat inactivated fetal bovine serum			label not found in pinned MIM index and no usable local identity
RESIDUAL	heat-inactivated horse serum	1	1	heat inactivated horse serum			label not found in pinned MIM index and no usable local identity
RESIDUAL	horse serum (heat inactivated, 56℃ for 30 minutes)	1	1	horse serum heat inactivated 56 c for 30 minutes			label not found in pinned MIM index and no usable local identity
RESIDUAL	human blood	1	1	human blood			label not found in pinned MIM index and no usable local identity
RESIDUAL	hydroxocobalamin acetate salt	1	1	hydroxocobalamin acetate salt			label not found in pinned MIM index and no usable local identity
RESIDUAL	hydroxocobalamin hydrochloride	1	1	hydroxocobalamin hydrochloride			label not found in pinned MIM index and no usable local identity
RESIDUAL	lactic	1	1	lactic			label not found in pinned MIM index and no usable local identity
RESIDUAL	lactic acid	1	1	lactic acid			label not found in pinned MIM index and no usable local identity
RESIDUAL	laked horse blood (Hema Resource & Supply, Aurora, OR)	1	1	laked horse blood hema resource supply aurora or			label not found in pinned MIM index and no usable local identity
RESIDUAL	laminarin (brown algae)	1	1	laminarin brown algae			label not found in pinned MIM index and no usable local identity
RESIDUAL	leafy soil	1	1	leafy soil			label not found in pinned MIM index and no usable local identity
RESIDUAL	mannan (Saccharomyces cerevisiae)	1	1	mannan			label not found in pinned MIM index and no usable local identity
RESIDUAL	meat extract (Wako Pure Chemical Industries, Osaka, Japan)	1	1	meat extract wako pure chemical industries osaka japan			label not found in pinned MIM index and no usable local identity
RESIDUAL	methane--air (50:50)	1	1	methane air 50 50			label not found in pinned MIM index and no usable local identity
RESIDUAL	o--phthalic acid	1	1	o phthalic acid			label not found in pinned MIM index and no usable local identity
RESIDUAL	p-aminobenzoic acid (0.3 μg/μL)	1	1	p aminobenzoic acid 0 3 μg μl			label not found in pinned MIM index and no usable local identity
RESIDUAL	pectin (apple)	1	1	pectin apple			label not found in pinned MIM index and no usable local identity
RESIDUAL	pectin (citrus peel)	1	1	pectin citrus peel			label not found in pinned MIM index and no usable local identity
RESIDUAL	plant residue extract (see below)	1	1	plant residue extract			label not found in pinned MIM index and no usable local identity
RESIDUAL	powdered sulfur	1	1	powdered sulfur			label not found in pinned MIM index and no usable local identity
RESIDUAL	sheep blood agar	1	1	sheep blood agar			label not found in pinned MIM index and no usable local identity
RESIDUAL	sheep’s blood	1	1	sheep s blood			label not found in pinned MIM index and no usable local identity
RESIDUAL	sodium dithionate	1	1	sodium dithionate			label not found in pinned MIM index and no usable local identity
RESIDUAL	sodium nicotinate	1	1	sodium nicotinate			label not found in pinned MIM index and no usable local identity
RESIDUAL	sterile defibrillated blood	1	1	sterile defibrillated blood			label not found in pinned MIM index and no usable local identity
RESIDUAL	sterile defibrinated horse serum	1	1	sterile defibrinated horse serum			label not found in pinned MIM index and no usable local identity
RESIDUAL	sterile defibrinated sheep blood	1	1	sterile defibrinated sheep blood			label not found in pinned MIM index and no usable local identity
RESIDUAL	sterile rabbit serum	1	1	sterile rabbit serum			label not found in pinned MIM index and no usable local identity
RESIDUAL	sulfide ore	1	1	sulfide ore			label not found in pinned MIM index and no usable local identity
RESIDUAL	sulfidic ore	1	1	sulfidic ore			label not found in pinned MIM index and no usable local identity
RESIDUAL	thioglycolate medium (Wako)	1	1	thioglycolate medium			label not found in pinned MIM index and no usable local identity
RESIDUAL	trypticase soy yeast (TSY) broth	1	1	trypticase soy yeast broth			label not found in pinned MIM index and no usable local identity
RESIDUAL	tryptone yeast extract salt (TYES) broth	1	1	tryptone yeast extract salt broth			label not found in pinned MIM index and no usable local identity
RESIDUAL	tryptose blood agar base (Difco)	1	1	tryptose blood agar base			label not found in pinned MIM index and no usable local identity
RESIDUAL	vancomycin (Lilly France S.A., Fergesheim, France)	1	1	vancomycin lilly france s a fergesheim france			label not found in pinned MIM index and no usable local identity
RESIDUAL	x5 M9 salt (Sigma)	1	1	x5 m9 salt			label not found in pinned MIM index and no usable local identity
RESIDUAL	xylan (oat spelts)	1	1	xylan oat spelts			label not found in pinned MIM index and no usable local identity
RESIDUAL	yeast autolysate	1	1	yeast autolysate			label not found in pinned MIM index and no usable local identity
RESIDUAL	yeast extaract	1	1	yeast extaract			label not found in pinned MIM index and no usable local identity
RESIDUAL	yeast nitrogen base (BD Difco, Franklin Lakes, NJ, USA)	1	1	yeast nitrogen base bd difco franklin lakes nj usa			label not found in pinned MIM index and no usable local identity
RESIDUAL	α-Ketoglutarate potassium	1	1	α ketoglutarate potassium			label not found in pinned MIM index and no usable local identity
RESIDUAL	β--NAD	1	1	β nad			label not found in pinned MIM index and no usable local identity
RESIDUAL	β-Disodium glycerophosphate (grade II, Sigma)	1	1	β disodium glycerophosphate grade ii sigma			label not found in pinned MIM index and no usable local identity
RESIDUAL	β-Na2glycerophosphate· 5H2O	1	1	β na2glycerophosphate 5h2o			label not found in pinned MIM index and no usable local identity
UNMAPPED	Calf brains	164	164	calf brains	UNMAPPED_0170	Calf brains	MIM explicitly leaves this label unmapped; local grounding suppressed
UNMAPPED	PPLO broth	92	92	pplo broth	UNMAPPED_0497	PPLO broth	MIM explicitly leaves this label unmapped; local grounding suppressed
UNMAPPED	CMRL 1066	79	79	cmrl 1066	UNMAPPED_0359	CMRL 1066	MIM explicitly leaves this label unmapped; local grounding suppressed
UNMAPPED	Trypticase soy broth	38	38	trypticase soy broth	UNMAPPED_0252	Trypticase soy broth	MIM explicitly leaves this label unmapped; local grounding suppressed
UNMAPPED	ZMB_ALS	33	33	zmb_als	UNMAPPED_0272	ZMB_ALS	MIM explicitly leaves this label unmapped; local grounding suppressed
UNMAPPED	N-Z amine	26	26	n z amine	UNMAPPED_0457	N-Z amine	MIM explicitly leaves this label unmapped; local grounding suppressed
UNMAPPED	Marine Broth	22	22	marine broth	UNMAPPED_0433	Marine Broth	MIM explicitly leaves this label unmapped; local grounding suppressed
UNMAPPED	Lactobacilli MRS broth	20	20	lactobacilli mrs broth	UNMAPPED_0421	Lactobacilli MRS broth	MIM explicitly leaves this label unmapped; local grounding suppressed
UNMAPPED	Heart Infusion Broth	18	18	heart infusion broth	UNMAPPED_0399	Heart Infusion Broth	MIM explicitly leaves this label unmapped; local grounding suppressed
UNMAPPED	Corn meal agar	17	17	corn meal agar	UNMAPPED_0130	Corn meal agar	MIM explicitly leaves this label unmapped; local grounding suppressed
UNMAPPED	MoLS4	17	17	mols4	UNMAPPED_0292	MoLS4	MIM explicitly leaves this label unmapped; local grounding suppressed
UNMAPPED	dehydrated Wilkins-Chalgren medium	15	15	dehydrated wilkins chalgren medium	UNMAPPED_0373	dehydrated Wilkins-Chalgren medium	MIM explicitly leaves this label unmapped; local grounding suppressed
UNMAPPED	Bacto Middlebrook 7H10 agar	12	12	bacto middlebrook 7h10 agar	UNMAPPED_0115	Bacto Middlebrook 7H10 agar	MIM explicitly leaves this label unmapped; local grounding suppressed
UNMAPPED	GAM broth	12	12	gam broth	UNMAPPED_0388	GAM broth	MIM explicitly leaves this label unmapped; local grounding suppressed
UNMAPPED	Meat infusion	12	12	meat infusion	UNMAPPED_0436	Meat infusion	MIM explicitly leaves this label unmapped; local grounding suppressed
UNMAPPED	Poly[(R)-3-hydroxybutyric acid]	11	11	poly r 3 hydroxybutyric acid	UNMAPPED_0494	Poly[(R)-3-hydroxybutyric acid]	label not found in pinned MIM index and no usable local identity
UNMAPPED	dehydrated RCM medium	11	11	dehydrated rcm medium	UNMAPPED_0372	dehydrated RCM medium	MIM explicitly leaves this label unmapped; local grounding suppressed
UNMAPPED	Bovine serum	10	10	bovine serum	UNMAPPED_0345	Bovine serum	MIM explicitly leaves this label unmapped; local grounding suppressed
UNMAPPED	Cereal leaves	10	10	cereal leaves	UNMAPPED_0356	Cereal leaves	MIM explicitly leaves this label unmapped; local grounding suppressed
UNMAPPED	Lactobacilli MRS broth (BD-Difco)	10	10	lactobacilli mrs broth	UNMAPPED_0421	Lactobacilli MRS broth	label not found in pinned MIM index and no usable local identity
UNMAPPED	Rye grass	10	10	rye grass	UNMAPPED_0511	Rye grass	MIM explicitly leaves this label unmapped; local grounding suppressed
UNMAPPED	N-Z-Case	9	9	n z case	UNMAPPED_0459	N-Z-Case	MIM explicitly leaves this label unmapped; local grounding suppressed
UNMAPPED	Tryptose-phosphate	9	9	tryptose phosphate	UNMAPPED_0560	Tryptose-phosphate	MIM explicitly leaves this label unmapped; local grounding suppressed
UNMAPPED	Horikoshi-I medium	8	8	horikoshi i medium	UNMAPPED_0402	Horikoshi-I medium	MIM explicitly leaves this label unmapped; local grounding suppressed
UNMAPPED	Inorganic salts-starch agar	8	8	inorganic salts starch agar	UNMAPPED_0123	Inorganic salts-starch agar	MIM explicitly leaves this label unmapped; local grounding suppressed
UNMAPPED	Lab Lemco powder	8	8	lab lemco powder	UNMAPPED_0419	`Lab-Lemco’ powder	MIM explicitly leaves this label unmapped; local grounding suppressed
UNMAPPED	R agar	8	8	r agar	UNMAPPED_0132	R agar	MIM explicitly leaves this label unmapped; local grounding suppressed
UNMAPPED	Trypticase soy agar	7	7	trypticase soy agar	UNMAPPED_0557	Trypticase soy agar	MIM explicitly leaves this label unmapped; local grounding suppressed
UNMAPPED	Complan	6	6	complan	UNMAPPED_0363	Complan	MIM explicitly leaves this label unmapped; local grounding suppressed
UNMAPPED	MEM-Medium	6	6	mem medium	UNMAPPED_0438	MEM-Medium	MIM explicitly leaves this label unmapped; local grounding suppressed
UNMAPPED	N-Z-Amine A	6	6	n z amine a	UNMAPPED_0458	N-Z-Amine A	label not found in pinned MIM index and no usable local identity
UNMAPPED	Na-Nitrilotriacetat	6	6	na nitrilotriacetat	UNMAPPED_0460	Na-Nitrilotriacetat	MIM explicitly leaves this label unmapped; local grounding suppressed
UNMAPPED	Reinforced clostridial medium	6	6	reinforced clostridial medium	UNMAPPED_0507	Reinforced clostridial medium	MIM explicitly leaves this label unmapped; local grounding suppressed
UNMAPPED	Czapek-Dox liquid medium	5	5	czapek dox liquid medium	UNMAPPED_0370	Czapek-Dox liquid medium	MIM explicitly leaves this label unmapped; local grounding suppressed
UNMAPPED	Difco marine broth	5	5	difco marine broth	UNMAPPED_0378	Difco marine broth	MIM explicitly leaves this label unmapped; local grounding suppressed
UNMAPPED	Fresh egg mixture	5	5	fresh egg mixture	UNMAPPED_0387	Fresh egg mixture	MIM explicitly leaves this label unmapped; local grounding suppressed
UNMAPPED	GAM broth (Nissui)	5	5	gam broth	UNMAPPED_0388	GAM broth	label not found in pinned MIM index and no usable local identity
UNMAPPED	Heart infusion broth (BD-Difco)	5	5	heart infusion broth	UNMAPPED_0399	Heart Infusion Broth	label not found in pinned MIM index and no usable local identity
UNMAPPED	Lab-Lemco powder	5	5	lab lemco powder	UNMAPPED_0419	`Lab-Lemco’ powder	MIM explicitly leaves this label unmapped; local grounding suppressed
UNMAPPED	NaSiO3 x 9 H2O	5	5	nasio3 x 9 h2o	UNMAPPED_0477	NaSiO3 x 9 H2O	MIM explicitly leaves this label unmapped; local grounding suppressed
UNMAPPED	OXOID Legionella CYE-Agar base	5	5	oxoid legionella cye agar base	UNMAPPED_0487	OXOID Legionella CYE-Agar base	MIM explicitly leaves this label unmapped; local grounding suppressed
UNMAPPED	Basal mineral NaCl medium	4	4	basal mineral nacl medium	UNMAPPED_0336	Basal mineral NaCl medium	MIM explicitly leaves this label unmapped; local grounding suppressed
UNMAPPED	Blood agar No 2	4	4	blood agar no 2	UNMAPPED_0340	Blood agar No 2	MIM explicitly leaves this label unmapped; local grounding suppressed
UNMAPPED	Brucella Broth	4	4	brucella broth	UNMAPPED_0348	Brucella Broth	MIM explicitly leaves this label unmapped; local grounding suppressed
UNMAPPED	Colloidal chitin	4	4	colloidal chitin	UNMAPPED_0361	Colloidal chitin	MIM explicitly leaves this label unmapped; local grounding suppressed
UNMAPPED	Columbia blood agar base (Oxoid CM331)	4	4	columbia blood agar base	UNMAPPED_0118	Columbia blood agar base	label not found in pinned MIM index and no usable local identity
UNMAPPED	Czapek Dox agar	4	4	czapek dox agar	UNMAPPED_0119	Czapek Dox agar	MIM explicitly leaves this label unmapped; local grounding suppressed
UNMAPPED	Dv_base_medium	4	4	dv_base_medium	UNMAPPED_0305	Dv_base_medium	MIM explicitly leaves this label unmapped; local grounding suppressed
UNMAPPED	Fastidious Anaerobe Agar	4	4	fastidious anaerobe agar	UNMAPPED_0120	Fastidious Anaerobe Agar	MIM explicitly leaves this label unmapped; local grounding suppressed
UNMAPPED	IMDM-Medium	4	4	imdm medium	UNMAPPED_0405	IMDM-Medium	MIM explicitly leaves this label unmapped; local grounding suppressed
UNMAPPED	Lab--Lemco powder (Oxoid)	4	4	lab lemco powder	UNMAPPED_0419	`Lab-Lemco’ powder	label not found in pinned MIM index and no usable local identity
UNMAPPED	MEM alpha Modification	4	4	mem alpha modification	UNMAPPED_0437	MEM alpha Modification	MIM explicitly leaves this label unmapped; local grounding suppressed
UNMAPPED	Mycobactine J	4	4	mycobactine j	UNMAPPED_0456	Mycobactine J	MIM explicitly leaves this label unmapped; local grounding suppressed
UNMAPPED	Na3-NTA x H2O	4	4	na3 nta x h2o	UNMAPPED_0475	Na3-NTA x H2O	MIM explicitly leaves this label unmapped; local grounding suppressed
UNMAPPED	Oatmeal agar	4	4	oatmeal agar	UNMAPPED_0129	Oatmeal agar	MIM explicitly leaves this label unmapped; local grounding suppressed
UNMAPPED	Whole egg	4	4	whole egg	UNMAPPED_0577	Whole egg	MIM explicitly leaves this label unmapped; local grounding suppressed
UNMAPPED	α-D-Glucose monohydrate	4	4	α d glucose monohydrate	UNMAPPED_0587	α-D-Glucose monohydrate	MIM explicitly leaves this label unmapped; local grounding suppressed
UNMAPPED	BCYE agar	3	3	bcye agar	UNMAPPED_0113	BCYE agar	MIM explicitly leaves this label unmapped; local grounding suppressed
UNMAPPED	Bacto Heart Infusion Broth (Difco)	3	3	bacto heart infusion broth	UNMAPPED_0332	Bacto Heart Infusion Broth	label not found in pinned MIM index and no usable local identity
UNMAPPED	Bacto m TGE broth	3	3	bacto m tge broth	UNMAPPED_0333	Bacto m TGE broth	MIM explicitly leaves this label unmapped; local grounding suppressed
UNMAPPED	Blood Agar Base	3	3	blood agar base	UNMAPPED_0339	Blood Agar Base	MIM explicitly leaves this label unmapped; local grounding suppressed
UNMAPPED	Bordet-Gengou-Agar-Base	3	3	bordet gengou agar base	UNMAPPED_0341	Bordet-Gengou Agar Base (BD 248200)	MIM explicitly leaves this label unmapped; local grounding suppressed
UNMAPPED	Casman-Agar-Base	3	3	casman agar base	UNMAPPED_0353	Casman-Agar-Base	MIM explicitly leaves this label unmapped; local grounding suppressed
UNMAPPED	Cellulose MN 300	3	3	cellulose mn 300	UNMAPPED_0354	Cellulose MN 300	MIM explicitly leaves this label unmapped; local grounding suppressed
UNMAPPED	Cerophyll	3	3	cerophyll	UNMAPPED_0357	Cerophyll	MIM explicitly leaves this label unmapped; local grounding suppressed
UNMAPPED	Corn meal agar (BD-Difco)	3	3	corn meal agar	UNMAPPED_0130	Corn meal agar	label not found in pinned MIM index and no usable local identity
UNMAPPED	Corn steep powder	3	3	corn steep powder	UNMAPPED_0366	Corn steep powder	MIM explicitly leaves this label unmapped; local grounding suppressed
UNMAPPED	Diced potato	3	3	diced potato	UNMAPPED_0375	Diced potato	MIM explicitly leaves this label unmapped; local grounding suppressed
UNMAPPED	Difco 0001	3	3	difco 0001	UNMAPPED_0377	Difco 0001	MIM explicitly leaves this label unmapped; local grounding suppressed
UNMAPPED	HBO3	3	3	hbo3	UNMAPPED_0398	HBO3	MIM explicitly leaves this label unmapped; local grounding suppressed
UNMAPPED	Homo-PIPES	3	3	homo pipes	UNMAPPED_0401	Homo-PIPES	MIM explicitly leaves this label unmapped; local grounding suppressed
UNMAPPED	Infusion Broth	3	3	infusion broth	UNMAPPED_0406	Infusion Broth	MIM explicitly leaves this label unmapped; local grounding suppressed
UNMAPPED	Liver Concentrate	3	3	liver concentrate	UNMAPPED_0429	Liver Concentrate	MIM explicitly leaves this label unmapped; local grounding suppressed
UNMAPPED	MRS broth	3	3	mrs broth	UNMAPPED_0453	MRS broth	MIM explicitly leaves this label unmapped; local grounding suppressed
UNMAPPED	MRS broth (Difco)	3	3	mrs broth	UNMAPPED_0453	MRS broth	label not found in pinned MIM index and no usable local identity
UNMAPPED	Polar lipid fraction	3	3	polar lipid fraction	UNMAPPED_0491	Polar lipid fraction	MIM explicitly leaves this label unmapped; local grounding suppressed
UNMAPPED	Poly hexamethylene carbonate	3	3	poly hexamethylene carbonate	UNMAPPED_0492	Poly hexamethylene carbonate	MIM explicitly leaves this label unmapped; local grounding suppressed
UNMAPPED	Proteose yeastolate	3	3	proteose yeastolate	UNMAPPED_0500	Proteose yeastolate	MIM explicitly leaves this label unmapped; local grounding suppressed
UNMAPPED	Reinforced clostridial medium (BD-Difco)	3	3	reinforced clostridial medium	UNMAPPED_0507	Reinforced clostridial medium	label not found in pinned MIM index and no usable local identity
UNMAPPED	SABOURAUD- Glucose-Bouillon	3	3	sabouraud glucose bouillon	UNMAPPED_0513	SABOURAUD- Glucose-Bouillon	MIM explicitly leaves this label unmapped; local grounding suppressed
UNMAPPED	Se-acid	3	3	se acid	UNMAPPED_0517	Se-acid	MIM explicitly leaves this label unmapped; local grounding suppressed
UNMAPPED	Spring sampling GW821 filtered with 0.2uM filter	3	3	spring sampling gw821 filtered with 0 2um filter	UNMAPPED_0275	Spring sampling GW821 filtered with 0.2uM filter	MIM explicitly leaves this label unmapped; local grounding suppressed
UNMAPPED	Standard I Broth	3	3	standard i broth	UNMAPPED_0532	Standard I Broth	MIM explicitly leaves this label unmapped; local grounding suppressed
UNMAPPED	Sterile serum	3	3	sterile serum	UNMAPPED_0534	Sterile serum	MIM explicitly leaves this label unmapped; local grounding suppressed
UNMAPPED	Swine serum	3	3	swine serum	UNMAPPED_0536	Swine serum	MIM explicitly leaves this label unmapped; local grounding suppressed
UNMAPPED	Todd Hewitt Broth	3	3	todd hewitt broth	UNMAPPED_0544	Todd Hewitt Broth	MIM explicitly leaves this label unmapped; local grounding suppressed
UNMAPPED	Trace minerals (see Medium No. 151	3	3	trace minerals see medium no 151	UNMAPPED_0553	Trace minerals (see Medium No. 151	label not found in pinned MIM index and no usable local identity
UNMAPPED	Tryptone soya broth (Oxoid)	3	3	tryptone soya broth	UNMAPPED_0138	Tryptone soya broth (Oxoid)	MIM explicitly leaves this label unmapped; local grounding suppressed
UNMAPPED	Wilkins-Chalgren-Anaerobe-Broth	3	3	wilkins chalgren anaerobe broth	UNMAPPED_0579	Wilkins-Chalgren Anaerobe Broth (Oxoid CM0643)	MIM explicitly leaves this label unmapped; local grounding suppressed
UNMAPPED	Yeast cell paste	3	3	yeast cell paste	UNMAPPED_0581	Yeast cell paste	MIM explicitly leaves this label unmapped; local grounding suppressed
UNMAPPED	poly-ß-hydroxybutyric acid	3	3	poly ß hydroxybutyric acid	UNMAPPED_0493	poly-ß-hydroxybutyric acid	MIM explicitly leaves this label unmapped; local grounding suppressed
UNMAPPED	6-methylnicotinate	2	2	6 methylnicotinate	UNMAPPED_0320	6-methylnicotinate	MIM explicitly leaves this label unmapped; local grounding suppressed
UNMAPPED	Amphotericin	2	2	amphotericin	UNMAPPED_0325	Amphotericin	MIM explicitly leaves this label unmapped; local grounding suppressed
UNMAPPED	Anaerobe Basal Broth CM0957	2	2	anaerobe basal broth cm0957	UNMAPPED_0327	Anaerobe Basal Broth CM0957	MIM explicitly leaves this label unmapped; local grounding suppressed
UNMAPPED	BL Agar	2	2	bl agar	UNMAPPED_0114	BL Agar	MIM explicitly leaves this label unmapped; local grounding suppressed
UNMAPPED	Bacto Bitone	2	2	bacto bitone	UNMAPPED_0330	Bacto Bitone	MIM explicitly leaves this label unmapped; local grounding suppressed
UNMAPPED	Bacto Heart Infusion Broth	2	2	bacto heart infusion broth	UNMAPPED_0332	Bacto Heart Infusion Broth	MIM explicitly leaves this label unmapped; local grounding suppressed
UNMAPPED	Bacto Panton	2	2	bacto panton	UNMAPPED_0334	Bacto Panton	MIM explicitly leaves this label unmapped; local grounding suppressed
UNMAPPED	Bacto m TGE broth (BD-Difco)	2	2	bacto m tge broth	UNMAPPED_0333	Bacto m TGE broth	label not found in pinned MIM index and no usable local identity
UNMAPPED	Bovine horn meal	2	2	bovine horn meal	UNMAPPED_0344	Bovine horn meal	MIM explicitly leaves this label unmapped; local grounding suppressed
UNMAPPED	Brewer anaerobic agar	2	2	brewer anaerobic agar	UNMAPPED_0116	Brewer anaerobic agar	MIM explicitly leaves this label unmapped; local grounding suppressed
UNMAPPED	Brucella Broth (BD 211088)	2	2	brucella broth	UNMAPPED_0348	Brucella Broth	label not found in pinned MIM index and no usable local identity
UNMAPPED	Columbia blood agar base	2	2	columbia blood agar base	UNMAPPED_0118	Columbia blood agar base	MIM explicitly leaves this label unmapped; local grounding suppressed
UNMAPPED	Desicatted Ox-bile	2	2	desicatted ox bile	UNMAPPED_0374	Desicatted Ox-bile	MIM explicitly leaves this label unmapped; local grounding suppressed
UNMAPPED	Dichloran-Glycerol-agar base	2	2	dichloran glycerol agar base	UNMAPPED_0376	Dichloran-Glycerol-agar base	MIM explicitly leaves this label unmapped; local grounding suppressed
UNMAPPED	EBIOS	2	2	ebios	UNMAPPED_0380	EBIOS	MIM explicitly leaves this label unmapped; local grounding suppressed
UNMAPPED	Fastidious Anaerobe Basal Broth	2	2	fastidious anaerobe basal broth	UNMAPPED_0381	Fastidious Anaerobe Basal Broth	MIM explicitly leaves this label unmapped; local grounding suppressed
UNMAPPED	GAM Broth mod. powder	2	2	gam broth mod powder	UNMAPPED_0389	GAM Broth mod. powder	MIM explicitly leaves this label unmapped; local grounding suppressed
UNMAPPED	GAM Broth powder	2	2	gam broth powder	UNMAPPED_0390	GAM Broth powder	MIM explicitly leaves this label unmapped; local grounding suppressed
UNMAPPED	GAM agar	2	2	gam agar	UNMAPPED_0121	GAM agar	MIM explicitly leaves this label unmapped; local grounding suppressed
UNMAPPED	GYP-sodium acetate-mineral salts broth	2	2	gyp sodium acetate mineral salts broth	UNMAPPED_0397	GYP-sodium acetate-mineral salts broth	MIM explicitly leaves this label unmapped; local grounding suppressed
UNMAPPED	Glycerol-asparagine agar	2	2	glycerol asparagine agar	UNMAPPED_0122	Glycerol-asparagine agar	MIM explicitly leaves this label unmapped; local grounding suppressed
UNMAPPED	Grace's Insect Medium	2	2	grace s insect medium	UNMAPPED_0395	Grace's Insect Medium	MIM explicitly leaves this label unmapped; local grounding suppressed
UNMAPPED	Heart Infusion Broth (BD 238400)	2	2	heart infusion broth	UNMAPPED_0399	Heart Infusion Broth	label not found in pinned MIM index and no usable local identity
UNMAPPED	Hy-Case Amino	2	2	hy case amino	UNMAPPED_0404	Hy--Case Amino (Sigma)	MIM explicitly leaves this label unmapped; local grounding suppressed
UNMAPPED	ISP 7 Medium	2	2	isp 7 medium	UNMAPPED_0408	ISP 7 Medium	MIM explicitly leaves this label unmapped; local grounding suppressed
UNMAPPED	Iron-EDTA	2	2	iron edta	UNMAPPED_0606	Iron-EDTA	MIM explicitly leaves this label unmapped; local grounding suppressed
UNMAPPED	L-15 medium	2	2	l 15 medium	UNMAPPED_0414	L-15 medium	MIM explicitly leaves this label unmapped; local grounding suppressed
UNMAPPED	L-15 powder	2	2	l 15 powder	UNMAPPED_0415	L-15 powder	MIM explicitly leaves this label unmapped; local grounding suppressed
UNMAPPED	Lactobacillus MRS broth	2	2	lactobacillus mrs broth	UNMAPPED_0422	Lactobacillus MRS broth	MIM explicitly leaves this label unmapped; local grounding suppressed
UNMAPPED	Larchwood xylan	2	2	larchwood xylan	UNMAPPED_0424	Larchwood xylan	MIM explicitly leaves this label unmapped; local grounding suppressed
UNMAPPED	Leptospira Medium Base EMJH	2	2	leptospira medium base emjh	UNMAPPED_0426	Leptospira Medium Base EMJH	MIM explicitly leaves this label unmapped; local grounding suppressed
UNMAPPED	MRS broth (Oxoid)	2	2	mrs broth	UNMAPPED_0453	MRS broth	label not found in pinned MIM index and no usable local identity
UNMAPPED	MRS medium	2	2	mrs medium	UNMAPPED_0454	MRS medium	MIM explicitly leaves this label unmapped; local grounding suppressed
UNMAPPED	Man Rogosa Sharp broth	2	2	man rogosa sharp broth	UNMAPPED_0432	Man Rogosa Sharp broth	MIM explicitly leaves this label unmapped; local grounding suppressed
UNMAPPED	Methanol-utilizing bacteria medium B	2	2	methanol utilizing bacteria medium b	UNMAPPED_0443	Methanol-utilizing bacteria medium B	MIM explicitly leaves this label unmapped; local grounding suppressed
UNMAPPED	MnCl4 x 6 H2O	2	2	mncl4 x 6 h2o	UNMAPPED_0450	MnCl4 x 6 H2O	MIM explicitly leaves this label unmapped; local grounding suppressed
UNMAPPED	Mueller Hinton II agar	2	2	mueller hinton ii agar	UNMAPPED_0128	Mueller Hinton II agar	MIM explicitly leaves this label unmapped; local grounding suppressed
UNMAPPED	N-Z-Case (Wako)	2	2	n z case	UNMAPPED_0459	N-Z-Case	label not found in pinned MIM index and no usable local identity
UNMAPPED	Na-tetrathionate	2	2	na tetrathionate	UNMAPPED_0463	Na-tetrathionate	MIM explicitly leaves this label unmapped; local grounding suppressed
UNMAPPED	Na2 beta-glycerol PO4 x 5 H2O	2	2	na2 beta glycerol po4 x 5 h2o	UNMAPPED_0465	Na2 beta-glycerol PO4 x 5 H2O	MIM explicitly leaves this label unmapped; local grounding suppressed
UNMAPPED	NdCl3 x 6 H2O	2	2	ndcl3 x 6 h2o	UNMAPPED_0479	NdCl3 x 6 H2O	MIM explicitly leaves this label unmapped; local grounding suppressed
UNMAPPED	Nutrient agar	2	2	nutrient agar	UNMAPPED_0481	Nutrient agar	MIM explicitly leaves this label unmapped; local grounding suppressed
UNMAPPED	Oxgall	2	2	oxgall	UNMAPPED_0486	Oxgall	MIM explicitly leaves this label unmapped; local grounding suppressed
UNMAPPED	Plain flour	2	2	plain flour	UNMAPPED_0490	Plain flour	MIM explicitly leaves this label unmapped; local grounding suppressed
UNMAPPED	PrCl3 x H2O	2	2	prcl3 x h2o	UNMAPPED_0498	PrCl3 x H2O	MIM explicitly leaves this label unmapped; local grounding suppressed
UNMAPPED	Probumin Universal Grade	2	2	probumin universal grade	UNMAPPED_0499	Probumin Universal Grade	MIM explicitly leaves this label unmapped; local grounding suppressed
UNMAPPED	Pulp of sour stone cherries	2	2	pulp of sour stone cherries	UNMAPPED_0501	Pulp of sour stone cherries	MIM explicitly leaves this label unmapped; local grounding suppressed
UNMAPPED	S6 medium	2	2	s6 medium	UNMAPPED_0512	S6 medium	MIM explicitly leaves this label unmapped; local grounding suppressed
UNMAPPED	Sodium crotonate	2	2	sodium crotonate	UNMAPPED_0524	Sodium crotonate	MIM explicitly leaves this label unmapped; local grounding suppressed
UNMAPPED	TNM-FH Medium	2	2	tnm fh medium	UNMAPPED_0543	TNM-FH Medium	MIM explicitly leaves this label unmapped; local grounding suppressed
UNMAPPED	Titriplex1	2	2	titriplex1	UNMAPPED_0542	Titriplex1	MIM explicitly leaves this label unmapped; local grounding suppressed
UNMAPPED	Tomato extract	2	2	tomato extract	UNMAPPED_0545	Tomato extract	MIM explicitly leaves this label unmapped; local grounding suppressed
UNMAPPED	Trace minerals (see Medium No. 197	2	2	trace minerals see medium no 197	UNMAPPED_0554	Trace minerals (see Medium No. 197	label not found in pinned MIM index and no usable local identity
UNMAPPED	Tryptose-phosphate broth	2	2	tryptose phosphate broth	UNMAPPED_0561	Tryptose phosphate broth (BD-Difco)	MIM explicitly leaves this label unmapped; local grounding suppressed
UNMAPPED	V8 canned vegetable juice	2	2	v8 canned vegetable juice	UNMAPPED_0564	V8 canned vegetable juice	MIM explicitly leaves this label unmapped; local grounding suppressed
UNMAPPED	Veal infusion broth	2	2	veal infusion broth	UNMAPPED_0566	Veal infusion broth	MIM explicitly leaves this label unmapped; local grounding suppressed
UNMAPPED	Wheat Grains	2	2	wheat grains	UNMAPPED_0576	Wheat Grains	MIM explicitly leaves this label unmapped; local grounding suppressed
UNMAPPED	Wilkins Chalgrene Anaerobe Broth	2	2	wilkins chalgrene anaerobe broth	UNMAPPED_0578	Wilkins Chalgrene Anaerobe Broth	MIM explicitly leaves this label unmapped; local grounding suppressed
UNMAPPED	YM broth	2	2	ym broth	UNMAPPED_0583	YM broth	MIM explicitly leaves this label unmapped; local grounding suppressed
UNMAPPED	`Lab-Lemco’ powder	2	2	lab lemco powder	UNMAPPED_0419	`Lab-Lemco’ powder	label not found in pinned MIM index and no usable local identity
UNMAPPED	bovine serum	2	2	bovine serum	UNMAPPED_0345	Bovine serum	MIM explicitly leaves this label unmapped; local grounding suppressed
UNMAPPED	lipoprotein concentrate	2	2	lipoprotein concentrate	UNMAPPED_0428	lipoprotein concentrate	MIM explicitly leaves this label unmapped; local grounding suppressed
UNMAPPED	water (distilled or tapwater)	2	2	water distilled or tapwater	UNMAPPED_0575	water (distilled or tapwater)	label not found in pinned MIM index and no usable local identity
UNMAPPED	BCYE agar (BD-Difco)	1	1	bcye agar	UNMAPPED_0113	BCYE agar	label not found in pinned MIM index and no usable local identity
UNMAPPED	Bacto Middlebrook 7H10 agar (Difco 262710)	1	1	bacto middlebrook 7h10 agar	UNMAPPED_0115	Bacto Middlebrook 7H10 agar	label not found in pinned MIM index and no usable local identity
UNMAPPED	Blood agar base (BD-Difco)	1	1	blood agar base	UNMAPPED_0339	Blood Agar Base	label not found in pinned MIM index and no usable local identity
UNMAPPED	Bordet-Gengou Agar Base (BD 248200)	1	1	bordet gengou agar base	UNMAPPED_0341	Bordet-Gengou Agar Base (BD 248200)	label not found in pinned MIM index and no usable local identity
UNMAPPED	Brewer anaerobic agar (BD-Difco)	1	1	brewer anaerobic agar	UNMAPPED_0116	Brewer anaerobic agar	label not found in pinned MIM index and no usable local identity
UNMAPPED	Brucella broth (BD-BBL)	1	1	brucella broth	UNMAPPED_0348	Brucella Broth	label not found in pinned MIM index and no usable local identity
UNMAPPED	CMRL 1066 (Gibco 330--1540)	1	1	cmrl 1066	UNMAPPED_0359	CMRL 1066	label not found in pinned MIM index and no usable local identity
UNMAPPED	CMRL-1066 (ATCC 20-2206)	1	1	cmrl 1066	UNMAPPED_0359	CMRL 1066	label not found in pinned MIM index and no usable local identity
UNMAPPED	Columbia blood agar base (BD-Difco)	1	1	columbia blood agar base	UNMAPPED_0118	Columbia blood agar base	label not found in pinned MIM index and no usable local identity
UNMAPPED	Corn meal agar (Nissui)	1	1	corn meal agar	UNMAPPED_0130	Corn meal agar	label not found in pinned MIM index and no usable local identity
UNMAPPED	Dv_base_Y_medium	1	1	dv_base_y_medium	UNMAPPED_0278	Dv_base_Y_medium	MIM explicitly leaves this label unmapped; local grounding suppressed
UNMAPPED	GAM agar (Nissui)	1	1	gam agar	UNMAPPED_0121	GAM agar	label not found in pinned MIM index and no usable local identity
UNMAPPED	Heart infusion broth	1	1	heart infusion broth	UNMAPPED_0399	Heart Infusion Broth	MIM explicitly leaves this label unmapped; local grounding suppressed
UNMAPPED	Heart infusion broth (Eiken)	1	1	heart infusion broth	UNMAPPED_0399	Heart Infusion Broth	label not found in pinned MIM index and no usable local identity
UNMAPPED	Homo-PIPES (SIGMA)	1	1	homo pipes	UNMAPPED_0401	Homo-PIPES	label not found in pinned MIM index and no usable local identity
UNMAPPED	Hy--Case Amino (Sigma)	1	1	hy case amino	UNMAPPED_0404	Hy--Case Amino (Sigma)	label not found in pinned MIM index and no usable local identity
UNMAPPED	Infusion from Potatoes	1	1	infusion from potatoes	UNMAPPED_0251	Infusion from Potatoes	MIM explicitly leaves this label unmapped; local grounding suppressed
UNMAPPED	Lactobacilli MRS Broth (BD 288130)	1	1	lactobacilli mrs broth	UNMAPPED_0421	Lactobacilli MRS broth	label not found in pinned MIM index and no usable local identity
UNMAPPED	Lactobacillus MRS broth (BD-Difco)	1	1	lactobacillus mrs broth	UNMAPPED_0422	Lactobacillus MRS broth	label not found in pinned MIM index and no usable local identity
UNMAPPED	Larchwood xylan (Sigma)	1	1	larchwood xylan	UNMAPPED_0424	Larchwood xylan	label not found in pinned MIM index and no usable local identity
UNMAPPED	Leptospira Medium Base EMJH (Difco)	1	1	leptospira medium base emjh	UNMAPPED_0426	Leptospira Medium Base EMJH	label not found in pinned MIM index and no usable local identity
UNMAPPED	MEM alpha Modification (BioWest)	1	1	mem alpha modification	UNMAPPED_0437	MEM alpha Modification	label not found in pinned MIM index and no usable local identity
UNMAPPED	MRS broth (BD-Difco)	1	1	mrs broth	UNMAPPED_0453	MRS broth	label not found in pinned MIM index and no usable local identity
UNMAPPED	MRS broth (Criterion)	1	1	mrs broth	UNMAPPED_0453	MRS broth	label not found in pinned MIM index and no usable local identity
UNMAPPED	MRS broth (Sigma)	1	1	mrs broth	UNMAPPED_0453	MRS broth	label not found in pinned MIM index and no usable local identity
UNMAPPED	MRS medium (Difco)	1	1	mrs medium	UNMAPPED_0454	MRS medium	label not found in pinned MIM index and no usable local identity
UNMAPPED	MRS medium (Scharlau Chemie)	1	1	mrs medium	UNMAPPED_0454	MRS medium	label not found in pinned MIM index and no usable local identity
UNMAPPED	MoYLS4	1	1	moyls4	UNMAPPED_0264	MoYLS4	MIM explicitly leaves this label unmapped; local grounding suppressed
UNMAPPED	Mueller Hinton II agar (BD-BBL)	1	1	mueller hinton ii agar	UNMAPPED_0128	Mueller Hinton II agar	label not found in pinned MIM index and no usable local identity
UNMAPPED	N-Z-Amine	1	1	n z amine	UNMAPPED_0457	N-Z amine	MIM explicitly leaves this label unmapped; local grounding suppressed
UNMAPPED	Nutrient agar (Oxoid CM3)	1	1	nutrient agar	UNMAPPED_0481	Nutrient agar	label not found in pinned MIM index and no usable local identity
UNMAPPED	Oatmeal agar (BD-Difco)	1	1	oatmeal agar	UNMAPPED_0129	Oatmeal agar	label not found in pinned MIM index and no usable local identity
UNMAPPED	Oxgall (BD-Difco)	1	1	oxgall	UNMAPPED_0486	Oxgall	label not found in pinned MIM index and no usable local identity
UNMAPPED	PPLO broth (BD-Difco)	1	1	pplo broth	UNMAPPED_0497	PPLO broth	label not found in pinned MIM index and no usable local identity
UNMAPPED	PPLO broth (Difco)	1	1	pplo broth	UNMAPPED_0497	PPLO broth	label not found in pinned MIM index and no usable local identity
UNMAPPED	Probumin Universal Grade (Millipore)	1	1	probumin universal grade	UNMAPPED_0499	Probumin Universal Grade	label not found in pinned MIM index and no usable local identity
UNMAPPED	Reinforced Clostridial medium (Oxoid CM149)	1	1	reinforced clostridial medium	UNMAPPED_0507	Reinforced clostridial medium	label not found in pinned MIM index and no usable local identity
UNMAPPED	Reinforced clostridial medium (Oxoid)	1	1	reinforced clostridial medium	UNMAPPED_0507	Reinforced clostridial medium	label not found in pinned MIM index and no usable local identity
UNMAPPED	SDM_noCarbon	1	1	sdm_nocarbon	UNMAPPED_0286	SDM_noCarbon	MIM explicitly leaves this label unmapped; local grounding suppressed
UNMAPPED	See source for composition	1	1	see source for composition	UNMAPPED_0002	See source for composition	MIM explicitly leaves this label unmapped; local grounding suppressed
UNMAPPED	Sigmacell alpha Type 50	1	1	sigmacell alpha type 50	UNMAPPED_0520	Sigmacell alpha Type 50	MIM explicitly leaves this label unmapped; local grounding suppressed
UNMAPPED	Todd Hewitt Broth (BD-Difco)	1	1	todd hewitt broth	UNMAPPED_0544	Todd Hewitt Broth	label not found in pinned MIM index and no usable local identity
UNMAPPED	Todd–Hewitt (TH) broth (Difco)	1	1	todd hewitt broth	UNMAPPED_0544	Todd Hewitt Broth	label not found in pinned MIM index and no usable local identity
UNMAPPED	Todd–Hewitt broth (Oxoid)	1	1	todd hewitt broth	UNMAPPED_0544	Todd Hewitt Broth	label not found in pinned MIM index and no usable local identity
UNMAPPED	Tryptose phosphate broth (BD-Difco)	1	1	tryptose phosphate broth	UNMAPPED_0561	Tryptose phosphate broth (BD-Difco)	label not found in pinned MIM index and no usable local identity
UNMAPPED	V8 canned vegetable juice (Campbell)	1	1	v8 canned vegetable juice	UNMAPPED_0564	V8 canned vegetable juice	label not found in pinned MIM index and no usable local identity
UNMAPPED	Vitamin B (Thiamine.HCl)	1	1	vitamin b	UNMAPPED_0005	Vitamin B	label not found in pinned MIM index and no usable local identity
UNMAPPED	Vitamin B . (Cyanocobalamin)	1	1	vitamin b	UNMAPPED_0005	Vitamin B	label not found in pinned MIM index and no usable local identity
UNMAPPED	Whole Egg	1	1	whole egg	UNMAPPED_0577	Whole egg	MIM explicitly leaves this label unmapped; local grounding suppressed
UNMAPPED	Whole eggs	1	1	whole eggs	UNMAPPED_0577	Whole eggs	MIM explicitly leaves this label unmapped; local grounding suppressed
UNMAPPED	Wilkins-Chalgren Anaerobe Broth (Oxoid CM0643)	1	1	wilkins chalgren anaerobe broth	UNMAPPED_0579	Wilkins-Chalgren Anaerobe Broth (Oxoid CM0643)	label not found in pinned MIM index and no usable local identity
UNMAPPED	YM broth (BD-Difco)	1	1	ym broth	UNMAPPED_0583	YM broth	label not found in pinned MIM index and no usable local identity
UNMAPPED	Yeast cell paste (see below)	1	1	yeast cell paste	UNMAPPED_0581	Yeast cell paste	label not found in pinned MIM index and no usable local identity
UNMAPPED	ZMB	1	1	zmb	UNMAPPED_0290	ZMB	MIM explicitly leaves this label unmapped; local grounding suppressed
UNMAPPED	‘Lab-Lemco’ powder	1	1	lab lemco powder	UNMAPPED_0419	`Lab-Lemco’ powder	label not found in pinned MIM index and no usable local identity
