preferred_term	identifier	ontology_label	occurrences	cas_rn_current	stated_hydration	known_hydrates	hydration_valid	cas_verdict	cas_correct_or_UNKNOWN	grounding_verdict	recommended_target_curie	action	confidence	notes	source_rows_in_culturemech	mediadive_compound_id	sssom_predicate_published	defect_origin
CaCl2 x 2 H2O	CHEBI:86158	calcium chloride dihydrate	4345	10035-04-8	dihydrate	monohydrate; dihydrate; tetrahydrate; hexahydrate	TRUE	MATCHES_HYDRATE	10035-04-8	CORRECT	CHEBI:86158	OK	high	The named dihydrate is an established isolated form and the hydrate-specific ChEBI identity/formula agrees.	4746	7	skos:exactMatch	NONE
MgSO4 x 7 H2O	CHEBI:31795	magnesium sulfate heptahydrate	4050	10034-99-8	heptahydrate	monohydrate; dihydrate; tetrahydrate; pentahydrate; hexahydrate; heptahydrate; undecahydrate	TRUE	MATCHES_HYDRATE	10034-99-8	CORRECT	CHEBI:31795	OK	high	The named heptahydrate is an established isolated form and the hydrate-specific ChEBI identity/formula agrees.	4461	8	skos:closeMatch	NONE
Na2MoO4 x 2 H2O	CHEBI:75213	sodium molybdate dihydrate	3392	10102-40-6	dihydrate	dihydrate; decahydrate	TRUE	MATCHES_HYDRATE	10102-40-6	CORRECT	CHEBI:75213	OK	high	The named dihydrate is an established isolated form and the hydrate-specific ChEBI identity/formula agrees.	3365	9	skos:closeMatch	NONE
Nickel (II) chloride hexahydrate	CHEBI:53542	nickel chloride hexahydrate	2954	7791-20-0	hexahydrate	dihydrate; tetrahydrate; hexahydrate; low-temperature heptahydrate	TRUE	MATCHES_HYDRATE	7791-20-0	CORRECT	CHEBI:53542	OK	high	The named hexahydrate is an established isolated form and the hydrate-specific ChEBI identity/formula agrees.	122	NA	skos:closeMatch	NONE
Cobalt chloride hexahydrate	CHEBI:53503	cobalt chloride hexahydrate	2388	7791-13-1	hexahydrate	monohydrate; dihydrate; tetrahydrate; hexahydrate	TRUE	MATCHES_HYDRATE	7791-13-1	CORRECT	CHEBI:53503	OK	high	The named hexahydrate is an established isolated form and the hydrate-specific ChEBI identity/formula agrees.	123	NA	skos:closeMatch	NONE
MnCl2 x 4 H2O	CHEBI:86368	manganese(II) chloride tetrahydrate	2310	13446-34-9	tetrahydrate	dihydrate; tetrahydrate	TRUE	MATCHES_HYDRATE	13446-34-9	CORRECT	CHEBI:86368	OK	high	The named tetrahydrate is an established isolated form and the hydrate-specific ChEBI identity/formula agrees.	2552	36	skos:exactMatch	NONE
FeSO4 x 7 H2O	CHEBI:75836	iron(2+) sulfate heptahydrate	2296	7782-63-0	heptahydrate	monohydrate; tetrahydrate; pentahydrate; hexahydrate; heptahydrate	TRUE	MATCHES_HYDRATE	7782-63-0	CORRECT	CHEBI:75836	OK	high	The named heptahydrate is an established isolated form and the hydrate-specific ChEBI identity/formula agrees.	2208	12	skos:exactMatch	NONE
MgCl2 x 6 H2O	CHEBI:86345	magnesium dichloride hexahydrate	2292	7791-18-6	hexahydrate	monohydrate; dihydrate; tetrahydrate; hexahydrate; octahydrate; dodecahydrate	TRUE	MATCHES_HYDRATE	7791-18-6	CORRECT	CHEBI:86345	OK	high	The named hexahydrate is an established isolated form and the hydrate-specific ChEBI identity/formula agrees.	3102	79	skos:closeMatch	NONE
CuCl2 x 2 H2O	CHEBI:86318	copper(II) chloride dihydrate	2150	10125-13-0	dihydrate	dihydrate	TRUE	MATCHES_HYDRATE	10125-13-0	CORRECT	CHEBI:86318	OK	high	The named dihydrate is an established isolated form and the hydrate-specific ChEBI identity/formula agrees.	2181	39	skos:exactMatch	NONE
ZnSO4 x 7 H2O	CHEBI:32312	zinc sulfate heptahydrate	2150	7446-20-0	heptahydrate	monohydrate; hexahydrate; heptahydrate	TRUE	MATCHES_HYDRATE	7446-20-0	CORRECT	CHEBI:32312	OK	high	The named heptahydrate is an established isolated form and the hydrate-specific ChEBI identity/formula agrees.	1976	35	skos:exactMatch	NONE
Na2S x 9 H2O	CHEBI:76209	sodium sulfide nonahydrate	1747	1313-84-4	nonahydrate	nonahydrate	TRUE	MATCHES_HYDRATE	1313-84-4	CORRECT	CHEBI:76209	OK	high	The named nonahydrate is an established isolated form and the hydrate-specific ChEBI identity/formula agrees.	2392	54	skos:exactMatch	NONE
Na2SeO3 x 5 H2O	CHEBI:131361	disodium selenite pentahydrate	1458	26970-82-1	pentahydrate	pentahydrate	TRUE	MATCHES_HYDRATE	26970-82-1	CORRECT	CHEBI:131361	OK	high	The named pentahydrate is an established isolated form and the hydrate-specific ChEBI identity/formula agrees.	1394	107	skos:closeMatch	NONE
Na2WO4 x 2 H2O	CHEBI:63939	sodium tungstate dihydrate	1398	10213-10-2	dihydrate	dihydrate	TRUE	MATCHES_HYDRATE	10213-10-2	CORRECT	CHEBI:63939	OK	high	The named dihydrate is an established isolated form and the hydrate-specific ChEBI identity/formula agrees.	1406	249	skos:exactMatch	NONE
FeCl2 x 4 H2O	CHEBI:86249	iron dichloride tetrahydrate	1305	13478-10-9	tetrahydrate	dihydrate; tetrahydrate	TRUE	MATCHES_HYDRATE	13478-10-9	CORRECT	CHEBI:86249	OK	high	The named tetrahydrate is an established isolated form and the hydrate-specific ChEBI identity/formula agrees.	1197	260	skos:exactMatch	NONE
CuSO4 x 5 H2O	CHEBI:31440	copper(II) sulfate pentahydrate	1253	7758-99-8	pentahydrate	monohydrate; trihydrate; pentahydrate; heptahydrate	TRUE	MATCHES_HYDRATE	7758-99-8	CORRECT	CHEBI:31440	OK	high	The named pentahydrate is an established isolated form and the hydrate-specific ChEBI identity/formula agrees.	1176	121	skos:exactMatch	NONE
AlK(SO4)2 x 12 H2O	CHEBI:86465	potassium aluminium sulfate dodecahydrate	750	7784-24-9	dodecahydrate	dodecahydrate	TRUE	MATCHES_HYDRATE	7784-24-9	CORRECT	CHEBI:86465	OK	high	The named dodecahydrate is an established isolated form and the hydrate-specific ChEBI identity/formula agrees.	585	908	skos:exactMatch	NONE
CoSO4 x 7 H2O	CHEBI:91244	cobalt(2+) sulfate heptahydrate	693	10124-43-3	heptahydrate	monohydrate; hexahydrate; heptahydrate	TRUE	MATCHES_ANHYDROUS_WRONGLY	10026-24-1	CORRECT	CHEBI:91244	FIX_CAS	high	The named heptahydrate is an established isolated form and the hydrate-specific ChEBI identity/formula agrees. Hydrate and anhydrous/different-hydrate CAS identities must remain separate. The current CAS is the anhydrous parent, not the stated hydrate.	771	198	skos:exactMatch	MIM
Thiamine-HCl x 2 H2O	CHEBI:132751	thiamine hydrochloride dihydrate	579	13465-05-9	dihydrate	dihydrate	TRUE	MATCHES_HYDRATE	13465-05-9	CORRECT	CHEBI:132751	OK	high	The named dihydrate is an established isolated form and the hydrate-specific ChEBI identity/formula agrees.	442	77	skos:exactMatch	NONE
Na2S2O3 x 5 H2O	CHEBI:32150	sodium thiosulfate pentahydrate	458	10102-17-7	pentahydrate	pentahydrate	TRUE	MATCHES_HYDRATE	10102-17-7	CORRECT	CHEBI:32150	OK	high	The named pentahydrate is an established isolated form and the hydrate-specific ChEBI identity/formula agrees.	574	65	skos:exactMatch	NONE
FeCl3 x 6 H2O	CHEBI:86254	iron trichloride hexahydrate	413	10025-77-1	hexahydrate	hexahydrate	TRUE	MATCHES_HYDRATE	10025-77-1	CORRECT	CHEBI:86254	OK	high	The named hexahydrate is an established isolated form and the hydrate-specific ChEBI identity/formula agrees.	431	82	skos:exactMatch	NONE
Na2HPO4 x 2 H2O	kgmicrobe.compound:na2hpo4_x_2_h2o	disodium hydrogenphosphate dihydrate	231	10028-24-7	dihydrate	dihydrate; heptahydrate; dodecahydrate	TRUE	MATCHES_HYDRATE	10028-24-7	CORRECT	kgmicrobe.compound:na2hpo4_x_2_h2o	OK	medium	The named dihydrate is an established isolable form and the kg-microbe identifier preserves its distinct hydrate identity.	297	181	skos:exactMatch	NONE
Co(NO3)2 x 6 H2O	CHEBI:86214	cobalt dinitrate hexahydrate	192	10026-22-9	hexahydrate	hexahydrate	TRUE	MATCHES_HYDRATE	10026-22-9	CORRECT	CHEBI:86214	OK	high	The named hexahydrate is an established isolated form and the hydrate-specific ChEBI identity/formula agrees.	130	541	skos:exactMatch	NONE
Fe(NH4)2(SO4)2 x 6 H2O	CHEBI:76181	ferrous ammonium sulfate hexahydrate	169		hexahydrate	hexahydrate	TRUE	NO_CAS_PROVIDED	7783-85-9	CORRECT	CHEBI:76181	OK	high	The named hexahydrate is an established isolated form and the hydrate-specific ChEBI identity/formula agrees. Mohr salt hexahydrate is CAS 7783-85-9.	226	247	skos:exactMatch	NONE
Ca(NO3)2 x 4 H2O	CHEBI:86159	calcium nitrate tetrahydrate	146	13477-34-4	tetrahydrate	tetrahydrate	TRUE	MATCHES_HYDRATE	13477-34-4	CORRECT	CHEBI:86159	OK	high	The named tetrahydrate is an established isolated form and the hydrate-specific ChEBI identity/formula agrees.	178	213	skos:exactMatch	NONE
SrCl2 x 6 H2O	CHEBI:36385	strontium dichloride hexahydrate	143	10025-70-4	hexahydrate	dihydrate; hexahydrate	TRUE	MATCHES_HYDRATE	10025-70-4	CORRECT	CHEBI:36385	OK	high	The named hexahydrate is an established isolated form and the hydrate-specific ChEBI identity/formula agrees.	188	176	skos:exactMatch	NONE
K2HPO4 x 3 H2O	kgmicrobe.compound:k2hpo4_x_3_h2o	dipotassium hydrogen phosphate	118	7758-11-4	trihydrate	trihydrate	TRUE	MATCHES_ANHYDROUS_WRONGLY	16788-57-1	CORRECT	kgmicrobe.compound:k2hpo4_x_3_h2o	FIX_CAS	high	The named trihydrate is an established isolable form and the kg-microbe identifier preserves its distinct hydrate identity. Hydrate and anhydrous/different-hydrate CAS identities must remain separate. The current CAS is the anhydrous parent, not the stated hydrate.	179	244	skos:exactMatch	MIM
Na2EDTA·2H2O	CHEBI:64758	EDTA disodium salt dihydrate	113	6381-92-6	dihydrate	dihydrate	TRUE	MATCHES_HYDRATE	6381-92-6	CORRECT	CHEBI:64758	OK	high	The named dihydrate is an established isolated form and the hydrate-specific ChEBI identity/formula agrees.	7	NA	skos:exactMatch	NONE
Na2HPO4 x 12 H2O	kgmicrobe.compound:na2hpo4_x_12_h2o	disodium hydrogenphosphate dodecahydrate	112	10039-32-4	dodecahydrate	dihydrate; heptahydrate; dodecahydrate	TRUE	MATCHES_HYDRATE	10039-32-4	CORRECT	kgmicrobe.compound:na2hpo4_x_12_h2o	OK	medium	The named dodecahydrate is an established isolable form and the kg-microbe identifier preserves its distinct hydrate identity.	159	95	skos:exactMatch	NONE
(NH4)2Ni(SO4)2 x 6 H2O	CHEBI:86149	ammonium nickel sulfate hexahydrate	94	56110-30-6	hexahydrate	hexahydrate	TRUE	MATCHES_HYDRATE	56110-30-6	CORRECT	CHEBI:86149	OK	high	The named hexahydrate is an established isolated form and the hydrate-specific ChEBI identity/formula agrees.	103	739	skos:exactMatch	NONE
CaSO4 x 2 H2O	CHEBI:32583	calcium sulfate dihydrate	86	10101-41-4	dihydrate	hemihydrate; dihydrate	TRUE	MATCHES_HYDRATE	10101-41-4	CORRECT	CHEBI:32583	OK	high	The named dihydrate is an established isolated form and the hydrate-specific ChEBI identity/formula agrees.	117	190	skos:exactMatch	NONE
Na3-citrate x 2 H2O	CHEBI:32142	sodium citrate dihydrate	76	6132-04-3	dihydrate	dihydrate	TRUE	MATCHES_HYDRATE	6132-04-3	CORRECT	CHEBI:32142	OK	high	The named dihydrate is an established isolated form and the hydrate-specific ChEBI identity/formula agrees.	19	2155	skos:exactMatch	NONE
VOSO4 x 2 H2O	CHEBI:87009	vanadyl sulfate dihydrate	65		dihydrate	dihydrate; trihydrate; pentahydrate	TRUE	NO_CAS_PROVIDED	UNKNOWN	CORRECT	CHEBI:87009	OK	high	The named dihydrate is an established isolated form and the hydrate-specific ChEBI identity/formula agrees.	74	197	skos:closeMatch	NONE
MnSO4 x 4 H2O	CHEBI:86358	manganese(II) sulfate tetrahydrate	58	10101-68-5	tetrahydrate	monohydrate; dihydrate; tetrahydrate; pentahydrate; hexahydrate; heptahydrate	TRUE	MATCHES_HYDRATE	10101-68-5	CORRECT	CHEBI:86358	OK	high	The named tetrahydrate is an established isolated form and the hydrate-specific ChEBI identity/formula agrees.	75	272	skos:closeMatch	NONE
Sodium phosphate monobasic monohydrate	CHEBI:114249	sodium dihydrogenphosphate monohydrate	46	10049-21-5	monohydrate	monohydrate; dihydrate	TRUE	MATCHES_HYDRATE	10049-21-5	CORRECT	CHEBI:114249	OK	high	The named monohydrate is an established isolated form and the hydrate-specific ChEBI identity/formula agrees.	46	NA	skos:closeMatch	NONE
L-Glutamic acid monopotassium salt monohydrate	cas:6382-01-0	L-glutamic acid	44	6382-01-0	monohydrate	monohydrate	TRUE	MATCHES_HYDRATE	6382-01-0	CORRECT	cas:6382-01-0	OK	medium	The named monohydrate is a registered commercial crystal form; the CAS identity is hydrate-specific even where the parent ontology label is broader.	16	NA	skos:exactMatch	NONE
CaCl2 x 6 H2O	CHEBI:91243	calcium chloride hexahydrate	42	7774-34-7	hexahydrate	monohydrate; dihydrate; tetrahydrate; hexahydrate	TRUE	MATCHES_HYDRATE	7774-34-7	CORRECT	CHEBI:91243	OK	high	The named hexahydrate is an established isolated form and the hydrate-specific ChEBI identity/formula agrees.	63	173	skos:exactMatch	NONE
Nickel (II) sulfate hexahydrate	CHEBI:53437	nickel sulfate hexahydrate	37	10101-97-0	hexahydrate	hexahydrate; heptahydrate	TRUE	MATCHES_HYDRATE	10101-97-0	CORRECT	CHEBI:53437	OK	high	The named hexahydrate is an established isolated form and the hydrate-specific ChEBI identity/formula agrees.	12	NA	skos:closeMatch	NONE
Adenine hydrochloride hydrate	cas:2922-28-3	adenine	31	2922-28-3	hydrate (unspecified stoichiometry)	hydrate (unspecified stoichiometry)	UNSPECIFIED	OTHER	UNKNOWN	CORRECT	cas:2922-28-3	NEEDS_SOURCE	low	The label says only hydrate; CAS/formula metadata does not securely establish a unique water stoichiometry, so the original recipe or supplier is required.	22	NA	skos:exactMatch	CULTUREMECH
AlCl3 x 6 H2O	CHEBI:30115	aluminium trichloride hexahydrate	31	7784-13-6	hexahydrate	hexahydrate	TRUE	MATCHES_HYDRATE	7784-13-6	CORRECT	CHEBI:30115	OK	high	The named hexahydrate is an established isolated form and the hydrate-specific ChEBI identity/formula agrees.	40	677	skos:exactMatch	NONE
MnSO4 x 5 H2O	CHEBI:131524	manganese(II) sulfate pentahydrate	31	13465-27-5	pentahydrate	monohydrate; dihydrate; tetrahydrate; pentahydrate; hexahydrate; heptahydrate	TRUE	MATCHES_HYDRATE	13465-27-5	CORRECT	CHEBI:131524	OK	high	The named pentahydrate is an established isolated form and the hydrate-specific ChEBI identity/formula agrees.	31	234	skos:closeMatch	NONE
NaH2PO4 x 2 H2O	kgmicrobe.compound:nah2po4_x_2_h2o	sodium dihydrogenphosphate	30	7558-80-7	dihydrate	monohydrate; dihydrate	TRUE	MATCHES_ANHYDROUS_WRONGLY	13472-35-0	CORRECT	kgmicrobe.compound:nah2po4_x_2_h2o	FIX_CAS	high	The named dihydrate is an established isolable form and the kg-microbe identifier preserves its distinct hydrate identity. Hydrate and anhydrous/different-hydrate CAS identities must remain separate. The current CAS is the anhydrous parent, not the stated hydrate.	53	678	skos:exactMatch	MIM
CuCl2 x 5 H2O	CHEBI:91245	copper(II) chloride pentahydrate	29		pentahydrate	dihydrate	FALSE	NO_CAS_PROVIDED	UNKNOWN	CORRECT	CHEBI:91245	NEEDS_SOURCE	medium	Probably CuCl2 x 2 H2O; phase-equilibrium evidence supports anhydrous CuCl2 and the dihydrate, not a stable pentahydrate. The exact label is upstream MediaDive compound 838 and occurs in 39 CultureMech source rows; MIM transcribed it faithfully, so confirmation and correction belong upstream in MediaDive/CultureMech. Published SSSOM skos:exactMatch to CHEBI:91245 (copper(II) chloride pentahydrate) cannot hold under this chemistry verdict; this false identity is already graph-facing. Exact-label downstream presence was confirmed in kg-microbe transformed MediaDive nodes and ingredient-concentration exports; no downstream file was changed.	39	838	skos:exactMatch	MEDIADIVE_UPSTREAM
Na2SiO3 x 9 H2O	CHEBI:132108	sodium silicate nonahydrate	28	13517-24-3	nonahydrate	pentahydrate; nonahydrate	TRUE	MATCHES_HYDRATE	13517-24-3	CORRECT	CHEBI:132108	OK	high	The named nonahydrate is an established isolated form and the hydrate-specific ChEBI identity/formula agrees.	30	903	skos:exactMatch	NONE
MgSO4 x 6 H2O	CHEBI:32599	magnesium sulfate	20	7487-88-9	hexahydrate	monohydrate; dihydrate; tetrahydrate; pentahydrate; hexahydrate; heptahydrate; undecahydrate	TRUE	MATCHES_ANHYDROUS_WRONGLY	UNKNOWN	WRONG_TERM_ANHYDROUS	none exists	MINT	medium	The named hexahydrate is an established isolated form and the hydrate-specific ChEBI identity/formula agrees. An exact external ontology hydrate term is unavailable or unconfirmed, so a dedicated kg-microbe identity is appropriate. The current CAS is the anhydrous parent, not the stated hydrate. Published SSSOM skos:exactMatch to CHEBI:32599 (magnesium sulfate) cannot hold under this chemistry verdict; this false identity is already graph-facing.	31	679	skos:exactMatch	MIM
Na2HPO4 x 7 H2O	kgmicrobe.compound:na2hpo4_x_7_h2o	disodium hydrogenphosphate	19	7782-85-6	heptahydrate	dihydrate; heptahydrate; dodecahydrate	TRUE	MATCHES_HYDRATE	7782-85-6	CORRECT	kgmicrobe.compound:na2hpo4_x_7_h2o	OK	medium	The named heptahydrate is an established isolable form and the kg-microbe identifier preserves its distinct hydrate identity.	26	753	skos:exactMatch	NONE
MgCl2 x 2 H2O	CHEBI:131394	magnesium dichloride dihydrate	18	19098-17-0	dihydrate	monohydrate; dihydrate; tetrahydrate; hexahydrate; octahydrate; dodecahydrate	TRUE	MATCHES_HYDRATE	19098-17-0	CORRECT	CHEBI:131394	OK	high	The named dihydrate is an established isolated form and the hydrate-specific ChEBI identity/formula agrees.	28	651	skos:closeMatch	NONE
Fe(NH4)2(SO4)2 x 7 H2O	CHEBI:131378	ferrous ammonium sulfate heptahydrate	17		heptahydrate	hexahydrate; heptahydrate reported in registries but not established as the standard phase	UNCERTAIN	NO_CAS_PROVIDED	UNKNOWN	CORRECT	CHEBI:131378	NEEDS_SOURCE	medium	Mohr salt is securely established as the hexahydrate; a heptahydrate registry/ChEBI record exists but needs a primary phase or recipe source.	24	456	skos:closeMatch	MEDIADIVE_UPSTREAM
MnSO4 x 2 H2O	CHEBI:86356	manganese(II) sulfate dihydrate	16		dihydrate	monohydrate; dihydrate; tetrahydrate; pentahydrate; hexahydrate; heptahydrate	TRUE	NO_CAS_PROVIDED	UNKNOWN	CORRECT	CHEBI:86356	OK	high	The named dihydrate is an established isolated form and the hydrate-specific ChEBI identity/formula agrees.	24	258	skos:closeMatch	NONE
D-Trehalose dihydrate	CHEBI:232797	trehalose dihydrate	15	6138-23-4	dihydrate	dihydrate	TRUE	MATCHES_HYDRATE	6138-23-4	CORRECT	CHEBI:232797	OK	high	The named dihydrate is an established isolated form and the hydrate-specific ChEBI identity/formula agrees.	15	NA	skos:closeMatch	NONE
a-Ketoglutaric acid disodium salt hydrate	cas:305-72-6	2-oxoglutaric acid	13	305-72-6	hydrate (unspecified stoichiometry)	hydrate (unspecified stoichiometry)	UNSPECIFIED	OTHER	UNKNOWN	CORRECT	cas:305-72-6	NEEDS_SOURCE	low	The label says only hydrate; CAS/formula metadata does not securely establish a unique water stoichiometry, so the original recipe or supplier is required.	11	NA	skos:exactMatch	CULTUREMECH
NiCl2 x 2 H2O	kgmicrobe.compound:nicl2_x_2_h2o	nickel dichloride	13		dihydrate	dihydrate; tetrahydrate; hexahydrate; low-temperature heptahydrate	TRUE	NO_CAS_PROVIDED	17638-48-1	CORRECT	kgmicrobe.compound:nicl2_x_2_h2o	OK	medium	The named dihydrate is an established isolable form and the kg-microbe identifier preserves its distinct hydrate identity.	21	981	skos:exactMatch	NONE
VOSO4 x 5 H2O	CHEBI:132758	vanadyl sulfate pentahydrate	12	14708-82-8	pentahydrate	dihydrate; trihydrate; pentahydrate	TRUE	MATCHES_HYDRATE	14708-82-8	CORRECT	CHEBI:132758	OK	high	The named pentahydrate is an established isolated form and the hydrate-specific ChEBI identity/formula agrees.	15	277	skos:closeMatch	NONE
Aluminum chloride hydrate	cas:10124-27-3	Aluminum Chloride	11	10124-27-3	hydrate (unspecified stoichiometry)	hydrate (unspecified stoichiometry)	UNSPECIFIED	OTHER	UNKNOWN	CORRECT	cas:10124-27-3	NEEDS_SOURCE	low	The label says only hydrate; CAS/formula metadata does not securely establish a unique water stoichiometry, so the original recipe or supplier is required.	6	NA	skos:exactMatch	CULTUREMECH
ammonium molybdate tetrahydrate	cas:12054-85-2	ammonium molybdate	11	12054-85-2	tetrahydrate	tetrahydrate	TRUE	MATCHES_HYDRATE	12054-85-2	CORRECT	cas:12054-85-2	OK	medium	The named tetrahydrate is a registered commercial crystal form; the CAS identity is hydrate-specific even where the parent ontology label is broader.	10	NA	skos:exactMatch	NONE
MgCl2 x 7 H2O	kgmicrobe.compound:mgcl2_x_7_h2o	magnesium dichloride	11	12285-34-6	heptahydrate	monohydrate; dihydrate; tetrahydrate; hexahydrate; octahydrate; dodecahydrate	FALSE	OTHER	UNKNOWN	CORRECT	kgmicrobe.compound:mgcl2_x_7_h2o	NEEDS_SOURCE	high	Probably MgCl2 x 6 H2O; magnesium chloride has several hydrates but no stable heptahydrate. The current CAS denotes a different or unspecified hydration state, not this exact hydrate. The exact label is upstream MediaDive compound 632 and occurs in 19 CultureMech source rows; MIM transcribed it faithfully, so confirmation and correction belong upstream in MediaDive/CultureMech. Published SSSOM skos:exactMatch to kgmicrobe.compound:mgcl2_x_7_h2o (MgCl2 x 7 H2O) cannot hold under this chemistry verdict; this false identity is already graph-facing. Exact-label downstream presence was confirmed in kg-microbe transformed MediaDive nodes and ingredient-concentration exports; no downstream file was changed.	19	632	skos:exactMatch	MEDIADIVE_UPSTREAM
Na2HAsO4 x 7 H2O	CHEBI:91257	disodium hydrogenarsenate heptahydrate	11	10048-95-0	heptahydrate	heptahydrate	TRUE	MATCHES_HYDRATE	10048-95-0	CORRECT	CHEBI:91257	OK	high	The named heptahydrate is an established isolated form and the hydrate-specific ChEBI identity/formula agrees.	14	520	skos:exactMatch	NONE
Sodium glutamate monohydrate	CHEBI:232425	monosodium L-glutamate hydrate	11	6106-04-3	monohydrate	monohydrate	TRUE	MATCHES_HYDRATE	6106-04-3	CORRECT	CHEBI:232425	OK	high	The named monohydrate is an established isolated form and the hydrate-specific ChEBI identity/formula agrees.	16	1291	skos:exactMatch	NONE
Sodium succinate dibasic hexahydrate	CHEBI:63686	sodium succinate hexahydrate	11	6106-21-4	hexahydrate	hexahydrate	TRUE	MATCHES_HYDRATE	6106-21-4	CORRECT	CHEBI:63686	OK	high	The named hexahydrate is an established isolated form and the hydrate-specific ChEBI identity/formula agrees.	11	NA	skos:closeMatch	NONE
FeSO4 x 6 H2O	CHEBI:75832	iron(2+) sulfate (anhydrous)	10	7720-78-7	hexahydrate	monohydrate; tetrahydrate; pentahydrate; hexahydrate; heptahydrate	TRUE	MATCHES_ANHYDROUS_WRONGLY	UNKNOWN	WRONG_TERM_ANHYDROUS	none exists	MINT	medium	The named hexahydrate is an established isolated form and the hydrate-specific ChEBI identity/formula agrees. An exact external ontology hydrate term is unavailable or unconfirmed, so a dedicated kg-microbe identity is appropriate. The current CAS is the anhydrous parent, not the stated hydrate. Published SSSOM skos:exactMatch to CHEBI:75832 (iron(2+) sulfate (anhydrous)) cannot hold under this chemistry verdict; this false identity is already graph-facing.	20	1217	skos:exactMatch	MIM
D-Maltose monohydrate	cas:6363-53-7	maltose	9	6363-53-7	monohydrate	monohydrate	TRUE	MATCHES_HYDRATE	6363-53-7	CORRECT	cas:6363-53-7	OK	medium	The named monohydrate is a registered commercial crystal form; the CAS identity is hydrate-specific even where the parent ontology label is broader.	6	NA	skos:exactMatch	NONE
Sodium acetate trihydrate	CHEBI:32138	sodium acetate trihydrate	8	6131-90-4	trihydrate	trihydrate	TRUE	MATCHES_HYDRATE	6131-90-4	CORRECT	CHEBI:32138	OK	high	The named trihydrate is an established isolated form and the hydrate-specific ChEBI identity/formula agrees.	14	1954	skos:closeMatch	NONE
CaCl2 x 7 H2O	kgmicrobe.compound:cacl2_x_7_h2o	calcium dichloride	7	10043-52-4	heptahydrate	monohydrate; dihydrate; tetrahydrate; hexahydrate	FALSE	MATCHES_ANHYDROUS_WRONGLY	UNKNOWN	CORRECT	kgmicrobe.compound:cacl2_x_7_h2o	NEEDS_SOURCE	high	Probably CaCl2 x 6 H2O; calcium chloride has stable 1-, 2-, 4-, and 6-hydrates, not a heptahydrate. The current CAS is the anhydrous parent, not the stated hydrate. The exact label is upstream MediaDive compound 479 and occurs in 11 CultureMech source rows; MIM transcribed it faithfully, so confirmation and correction belong upstream in MediaDive/CultureMech. Published SSSOM skos:exactMatch to kgmicrobe.compound:cacl2_x_7_h2o (CaCl2 x 7 H2O) cannot hold under this chemistry verdict; this false identity is already graph-facing. Exact-label downstream presence was confirmed in kg-microbe transformed MediaDive nodes and ingredient-concentration exports; no downstream file was changed.	11	479	skos:exactMatch	MEDIADIVE_UPSTREAM
CoCl2 x 4 H2O	kgmicrobe.compound:cocl2_x_4_h2o	cobalt dichloride	7	7646-79-9	tetrahydrate	monohydrate; dihydrate; tetrahydrate; hexahydrate	TRUE	MATCHES_ANHYDROUS_WRONGLY	UNKNOWN	CORRECT	kgmicrobe.compound:cocl2_x_4_h2o	FIX_CAS	high	The named tetrahydrate is an established isolable form and the kg-microbe identifier preserves its distinct hydrate identity. Hydrate and anhydrous/different-hydrate CAS identities must remain separate. The current CAS is the anhydrous parent, not the stated hydrate.	8	626	skos:exactMatch	MIM
FeCl2 x 7 H2O	kgmicrobe.compound:fecl2_x_7_h2o	iron dichloride	7	7758-94-3	heptahydrate	dihydrate; tetrahydrate	FALSE	MATCHES_ANHYDROUS_WRONGLY	UNKNOWN	CORRECT	kgmicrobe.compound:fecl2_x_7_h2o	NEEDS_SOURCE	high	Probably FeCl2 x 4 H2O; no stable iron(II) chloride heptahydrate is established. The current CAS is the anhydrous parent, not the stated hydrate. The exact label is upstream MediaDive compound 840 and occurs in 9 CultureMech source rows; MIM transcribed it faithfully, so confirmation and correction belong upstream in MediaDive/CultureMech. Published SSSOM skos:exactMatch to kgmicrobe.compound:fecl2_x_7_h2o (FeCl2 x 7 H2O) cannot hold under this chemistry verdict; this false identity is already graph-facing. Exact-label downstream presence was confirmed in kg-microbe transformed MediaDive nodes and ingredient-concentration exports; no downstream file was changed.	9	840	skos:exactMatch	MEDIADIVE_UPSTREAM
CuCl2 x 6 H2O	kgmicrobe.compound:cucl2_x_6_h2o	copper(II) chloride	6	7447-39-4	hexahydrate	dihydrate	FALSE	MATCHES_ANHYDROUS_WRONGLY	UNKNOWN	CORRECT	kgmicrobe.compound:cucl2_x_6_h2o	NEEDS_SOURCE	high	Probably CuCl2 x 2 H2O; the established crystalline hydrate of copper(II) chloride is the dihydrate. The current CAS is the anhydrous parent, not the stated hydrate. The exact label is upstream MediaDive compound 1056 and occurs in 8 CultureMech source rows; MIM transcribed it faithfully, so confirmation and correction belong upstream in MediaDive/CultureMech. Published SSSOM skos:exactMatch to kgmicrobe.compound:cucl2_x_6_h2o (CuCl2 x 6 H2O) cannot hold under this chemistry verdict; this false identity is already graph-facing. Exact-label downstream presence was confirmed in kg-microbe transformed MediaDive nodes and ingredient-concentration exports; no downstream file was changed.	8	1056	skos:exactMatch	MEDIADIVE_UPSTREAM
MnSO4 x 7 H2O	CHEBI:86360	manganese(II) sulfate	6	7785-87-7	heptahydrate	monohydrate; dihydrate; tetrahydrate; pentahydrate; hexahydrate; heptahydrate	TRUE	MATCHES_ANHYDROUS_WRONGLY	UNKNOWN	WRONG_TERM_ANHYDROUS	none exists	MINT	medium	The named heptahydrate is an established isolated form and the hydrate-specific ChEBI identity/formula agrees. An exact external ontology hydrate term is unavailable or unconfirmed, so a dedicated kg-microbe identity is appropriate. The current CAS is the anhydrous parent, not the stated hydrate. Published SSSOM skos:exactMatch to CHEBI:86360 (manganese(II) sulfate) cannot hold under this chemistry verdict; this false identity is already graph-facing.	10	543	skos:exactMatch	MIM
NiSO4 x 7 H2O	CHEBI:53504	nickel sulfate heptahydrate	6		heptahydrate	hexahydrate; heptahydrate	TRUE	NO_CAS_PROVIDED	UNKNOWN	CORRECT	CHEBI:53504	OK	high	The named heptahydrate is an established isolated form and the hydrate-specific ChEBI identity/formula agrees.	9	1634	skos:exactMatch	NONE
Potassium phosphate dibasic trihydrate	cas:16788-57-1	potassium phosphate	6	16788-57-1	trihydrate	trihydrate	TRUE	MATCHES_HYDRATE	16788-57-1	CORRECT	cas:16788-57-1	OK	medium	The named trihydrate is a registered commercial crystal form; the CAS identity is hydrate-specific even where the parent ontology label is broader.	3	NA	skos:exactMatch	NONE
BaCl2 x 2 H2O	CHEBI:86153	barium chloride dihydrate	5	10326-27-9	dihydrate	dihydrate	TRUE	MATCHES_HYDRATE	10326-27-9	CORRECT	CHEBI:86153	OK	high	The named dihydrate is an established isolated form and the hydrate-specific ChEBI identity/formula agrees.	10	1251	skos:exactMatch	NONE
CuSO4 x 2 H2O	CHEBI:23414	copper(II) sulfate	4	7758-98-7	dihydrate	monohydrate; trihydrate; pentahydrate; heptahydrate	FALSE	MATCHES_ANHYDROUS_WRONGLY	UNKNOWN	WRONG_TERM_ANHYDROUS	UNKNOWN	NEEDS_SOURCE	high	Probably CuSO4 x 5 H2O; phase studies establish the 1-, 3-, and 5-hydrates (and boothite is a rare 7-hydrate), not a stable dihydrate. The current CAS is the anhydrous parent, not the stated hydrate. The exact label is upstream MediaDive compound 719 and occurs in 7 CultureMech source rows; MIM transcribed it faithfully, so confirmation and correction belong upstream in MediaDive/CultureMech. Published SSSOM skos:exactMatch to CHEBI:23414 (copper(II) sulfate) cannot hold under this chemistry verdict; this false identity is already graph-facing. Exact-label downstream presence was confirmed in kg-microbe transformed MediaDive nodes and ingredient-concentration exports; no downstream file was changed.	7	719	skos:exactMatch	MEDIADIVE_UPSTREAM
EDTA tetrasodium tetrahydrate salt	cas:13235-36-4	ethylenediaminetetraacetic acid	4	13235-36-4	tetrahydrate	tetrahydrate	TRUE	MATCHES_HYDRATE	13235-36-4	CORRECT	cas:13235-36-4	OK	medium	The named tetrahydrate is a registered commercial crystal form; the CAS identity is hydrate-specific even where the parent ontology label is broader.	3	NA	skos:exactMatch	NONE
Fe(III)PO4 x 4 H2O	CHEBI:131372	iron(3+) phosphate tetrahydrate	4	31096-47-6	tetrahydrate	dihydrate; tetrahydrate	TRUE	MATCHES_HYDRATE	31096-47-6	CORRECT	CHEBI:131372	OK	high	The named tetrahydrate is an established isolated form and the hydrate-specific ChEBI identity/formula agrees.	5	179	skos:exactMatch	NONE
FeCl3 x 4 H2O	kgmicrobe.compound:fecl3_x_4_h2o	iron trichloride	4	7705-08-0	tetrahydrate	hexahydrate	FALSE	MATCHES_ANHYDROUS_WRONGLY	UNKNOWN	CORRECT	kgmicrobe.compound:fecl3_x_4_h2o	NEEDS_SOURCE	high	Probably FeCl3 x 6 H2O; ferric chloride is ordered as the stable hexahydrate, not a tetrahydrate. The current CAS is the anhydrous parent, not the stated hydrate. The exact label is upstream MediaDive compound 922 and occurs in 6 CultureMech source rows; MIM transcribed it faithfully, so confirmation and correction belong upstream in MediaDive/CultureMech. Published SSSOM skos:exactMatch to kgmicrobe.compound:fecl3_x_4_h2o (FeCl3 x 4 H2O) cannot hold under this chemistry verdict; this false identity is already graph-facing. Exact-label downstream presence was confirmed in kg-microbe transformed MediaDive nodes and ingredient-concentration exports; no downstream file was changed.	6	922	skos:exactMatch	MEDIADIVE_UPSTREAM
Na2MoO4 x 7 H2O	CHEBI:86473	sodium molybdate heptahydrate	4		heptahydrate	dihydrate; decahydrate	FALSE	NO_CAS_PROVIDED	UNKNOWN	CORRECT	CHEBI:86473	NEEDS_SOURCE	high	Probably Na2MoO4 x 2 H2O; the Na2MoO4-water phase system gives the dihydrate above about 10 C and decahydrate below, not a stable heptahydrate. The exact label is upstream MediaDive compound 950 and occurs in 6 CultureMech source rows; MIM transcribed it faithfully, so confirmation and correction belong upstream in MediaDive/CultureMech. Published SSSOM skos:exactMatch to CHEBI:86473 (sodium molybdate heptahydrate) cannot hold under this chemistry verdict; this false identity is already graph-facing. Exact-label downstream presence was confirmed in kg-microbe transformed MediaDive nodes and ingredient-concentration exports; no downstream file was changed.	6	950	skos:exactMatch	MEDIADIVE_UPSTREAM
Na2SO4 x 10 H2O	CHEBI:32586	sodium sulfate decahydrate	4	7727-73-3	decahydrate	metastable heptahydrate; decahydrate	TRUE	MATCHES_HYDRATE	7727-73-3	CORRECT	CHEBI:32586	OK	high	The named decahydrate is an established isolated form and the hydrate-specific ChEBI identity/formula agrees.	5	1065	skos:closeMatch	NONE
SnCl2 x 2 H2O	CHEBI:78074	tin(II) chloride dihydrate	4		dihydrate	dihydrate	TRUE	NO_CAS_PROVIDED	UNKNOWN	CORRECT	CHEBI:78074	OK	high	The named dihydrate is an established isolated form and the hydrate-specific ChEBI identity/formula agrees.	4	1361	skos:exactMatch	NONE
CoCl2 x 2 H2O	kgmicrobe.compound:cocl2_x_2_h2o	cobalt dichloride	3	7646-79-9	dihydrate	monohydrate; dihydrate; tetrahydrate; hexahydrate	TRUE	MATCHES_ANHYDROUS_WRONGLY	16544-92-6	CORRECT	kgmicrobe.compound:cocl2_x_2_h2o	FIX_CAS	high	The named dihydrate is an established isolable form and the kg-microbe identifier preserves its distinct hydrate identity. Hydrate and anhydrous/different-hydrate CAS identities must remain separate. The current CAS is the anhydrous parent, not the stated hydrate.	5	578	skos:exactMatch	MIM
CuSO4 x 6 H2O	CHEBI:91246	copper(II) sulfate hexahydrate	3		hexahydrate	monohydrate; trihydrate; pentahydrate; heptahydrate	FALSE	NO_CAS_PROVIDED	UNKNOWN	CORRECT	CHEBI:91246	NEEDS_SOURCE	high	Probably CuSO4 x 5 H2O; no stable copper(II) sulfate hexahydrate phase is established despite the matching ChEBI label. The exact label is upstream MediaDive compound 218 and occurs in 5 CultureMech source rows; MIM transcribed it faithfully, so confirmation and correction belong upstream in MediaDive/CultureMech. Published SSSOM skos:exactMatch to CHEBI:91246 (copper(II) sulfate hexahydrate) cannot hold under this chemistry verdict; this false identity is already graph-facing. Exact-label downstream presence was confirmed in kg-microbe transformed MediaDive nodes and ingredient-concentration exports; no downstream file was changed.	5	218	skos:exactMatch	MEDIADIVE_UPSTREAM
Na2HPO4 x 3 H2O	kgmicrobe.compound:na2hpo4_x_3_h2o	disodium hydrogenphosphate	3	7782-85-6	trihydrate	dihydrate; heptahydrate; dodecahydrate	FALSE	OTHER	UNKNOWN	CORRECT	kgmicrobe.compound:na2hpo4_x_3_h2o	NEEDS_SOURCE	high	Probably Na2HPO4 x 7 H2O because the attached CAS is the heptahydrate; the stable phase series is 2, 7, and 12 waters. The current CAS denotes a different or unspecified hydration state, not this exact hydrate. The exact label is upstream MediaDive compound 525 and occurs in 4 CultureMech source rows; MIM transcribed it faithfully, so confirmation and correction belong upstream in MediaDive/CultureMech. Published SSSOM skos:exactMatch to kgmicrobe.compound:na2hpo4_x_3_h2o (Na2HPO4 x 3 H2O) cannot hold under this chemistry verdict; this false identity is already graph-facing. Exact-label downstream presence was confirmed in kg-microbe transformed MediaDive nodes and ingredient-concentration exports; no downstream file was changed.	4	525	skos:exactMatch	MEDIADIVE_UPSTREAM
CaSO4 x 7 H2O	CHEBI:31346	calcium sulfate	2	7778-18-9	heptahydrate	hemihydrate; dihydrate	FALSE	MATCHES_ANHYDROUS_WRONGLY	UNKNOWN	WRONG_TERM_ANHYDROUS	UNKNOWN	NEEDS_SOURCE	high	Probably CaSO4 x 2 H2O; calcium sulfate forms bassanite (hemihydrate) and gypsum (dihydrate), not a heptahydrate. The current CAS is the anhydrous parent, not the stated hydrate. The exact label is upstream MediaDive compound 2000 and occurs in 4 CultureMech source rows; MIM transcribed it faithfully, so confirmation and correction belong upstream in MediaDive/CultureMech. Published SSSOM skos:exactMatch to CHEBI:31346 (calcium sulfate) cannot hold under this chemistry verdict; notably, the chemically valid plain CaSO4 row is published only as skos:closeMatch to the same target, so the impossible hydrate currently makes the stronger identity claim. Exact-label downstream presence was confirmed in kg-microbe transformed MediaDive nodes and ingredient-concentration exports; no downstream file was changed.	4	2000	skos:exactMatch	MEDIADIVE_UPSTREAM
CeCl3 x 7 H2O	kgmicrobe.compound:cecl3_x_7_h2o	cerium trichloride	2	7790-86-5	heptahydrate	heptahydrate	TRUE	MATCHES_ANHYDROUS_WRONGLY	18618-55-8	CORRECT	kgmicrobe.compound:cecl3_x_7_h2o	FIX_CAS	high	Cerium(III) chloride heptahydrate is an established crystalline form. The current CAS 7790-86-5 is anhydrous CeCl3; the heptahydrate is CAS 18618-55-8.	4	1444	skos:exactMatch	MIM
FeCl2 x 6 H2O	kgmicrobe.compound:fecl2_x_6_h2o	iron dichloride	2	7758-94-3	hexahydrate	dihydrate; tetrahydrate	FALSE	MATCHES_ANHYDROUS_WRONGLY	UNKNOWN	CORRECT	kgmicrobe.compound:fecl2_x_6_h2o	NEEDS_SOURCE	high	Probably FeCl2 x 4 H2O; iron(II) chloride has established di- and tetrahydrates, not a stable hexahydrate. The current CAS is the anhydrous parent, not the stated hydrate. The exact label is upstream MediaDive compound 555 and occurs in 4 CultureMech source rows; MIM transcribed it faithfully, so confirmation and correction belong upstream in MediaDive/CultureMech. Published SSSOM skos:exactMatch to kgmicrobe.compound:fecl2_x_6_h2o (FeCl2 x 6 H2O) cannot hold under this chemistry verdict; this false identity is already graph-facing. Exact-label downstream presence was confirmed in kg-microbe transformed MediaDive nodes and ingredient-concentration exports; no downstream file was changed.	4	555	skos:exactMatch	MEDIADIVE_UPSTREAM
Ferric citrate monohydrate	CHEBI:144434	iron(III) citrate monohydrate	2	153531-98-7	monohydrate	monohydrate	TRUE	MATCHES_HYDRATE	153531-98-7	CORRECT	CHEBI:144434	OK	high	The named monohydrate is an established isolated form and the hydrate-specific ChEBI identity/formula agrees.	4	2378	skos:exactMatch	NONE
FeSO4 x 5 H2O	CHEBI:75832	iron(2+) sulfate (anhydrous)	2	7720-78-7	pentahydrate	monohydrate; tetrahydrate; pentahydrate; hexahydrate; heptahydrate	TRUE	MATCHES_ANHYDROUS_WRONGLY	UNKNOWN	WRONG_TERM_ANHYDROUS	none exists	MINT	medium	The named pentahydrate is an established isolated form and the hydrate-specific ChEBI identity/formula agrees. An exact external ontology hydrate term is unavailable or unconfirmed, so a dedicated kg-microbe identity is appropriate. The current CAS is the anhydrous parent, not the stated hydrate. Published SSSOM skos:exactMatch to CHEBI:75832 (iron(2+) sulfate (anhydrous)) cannot hold under this chemistry verdict; this false identity is already graph-facing.	4	1933	skos:exactMatch	MIM
MgSO4·H2O	CHEBI:31795	magnesium sulfate heptahydrate	2	10034-99-8	monohydrate	monohydrate; dihydrate; tetrahydrate; pentahydrate; hexahydrate; heptahydrate; undecahydrate	TRUE	OTHER	UNKNOWN	WRONG_TERM_OTHER	none exists	MINT	medium	The named monohydrate is an established isolated form and the hydrate-specific ChEBI identity/formula agrees. The current CAS denotes a different or unspecified hydration state, not this exact hydrate. An exact external ontology hydrate term is unavailable or unconfirmed, so a dedicated kg-microbe identity is appropriate. Published SSSOM skos:exactMatch to CHEBI:31795 (magnesium sulfate heptahydrate) cannot hold under this chemistry verdict; this false identity is already graph-facing.	2	NA	skos:exactMatch	MIM
MnSO4 x 6 H2O	CHEBI:131523	manganese(II) sulfate hexahydrate	2		hexahydrate	monohydrate; dihydrate; tetrahydrate; pentahydrate; hexahydrate; heptahydrate	TRUE	NO_CAS_PROVIDED	UNKNOWN	CORRECT	CHEBI:131523	OK	high	The named hexahydrate is an established isolated form and the hydrate-specific ChEBI identity/formula agrees.	3	216	skos:closeMatch	NONE
Na2HPO4 x 6 H2O	kgmicrobe.compound:na2hpo4_x_6_h2o	disodium hydrogenphosphate	2	7782-85-6	hexahydrate	dihydrate; heptahydrate; dodecahydrate	FALSE	OTHER	UNKNOWN	CORRECT	kgmicrobe.compound:na2hpo4_x_6_h2o	NEEDS_SOURCE	high	Probably Na2HPO4 x 7 H2O because the attached CAS is the heptahydrate; no stable hexahydrate is established. The current CAS denotes a different or unspecified hydration state, not this exact hydrate. The exact label is upstream MediaDive compound 1580 and occurs in 5 CultureMech source rows; MIM transcribed it faithfully, so confirmation and correction belong upstream in MediaDive/CultureMech. Published SSSOM skos:exactMatch to kgmicrobe.compound:na2hpo4_x_6_h2o (Na2HPO4 x 6 H2O) cannot hold under this chemistry verdict; this false identity is already graph-facing. Exact-label downstream presence was confirmed in kg-microbe transformed MediaDive nodes and ingredient-concentration exports; no downstream file was changed.	5	1580	skos:exactMatch	MEDIADIVE_UPSTREAM
Sodium perchlorate monohydrate	cas:7791-07-3	sodium perchlorate	2	7791-07-3	monohydrate	monohydrate	TRUE	MATCHES_HYDRATE	7791-07-3	CORRECT	cas:7791-07-3	OK	medium	The named monohydrate is a registered commercial crystal form; the CAS identity is hydrate-specific even where the parent ontology label is broader.	1	NA	skos:exactMatch	NONE
ZnSO4 x 6 H2O	CHEBI:132762	zinc sulfate hexahydrate	2	13986-24-8	hexahydrate	monohydrate; hexahydrate; heptahydrate	TRUE	MATCHES_HYDRATE	13986-24-8	CORRECT	CHEBI:132762	OK	high	The named hexahydrate is an established isolated form and the hydrate-specific ChEBI identity/formula agrees.	3	217	skos:exactMatch	NONE
Al2(SO4)3 x 18 H2O	CHEBI:74779	aluminium sulfate octadecahydrate	1	7784-31-8	octadecahydrate	hexadecahydrate; heptadecahydrate; octadecahydrate	TRUE	MATCHES_HYDRATE	7784-31-8	CORRECT	CHEBI:74779	OK	high	The named octadecahydrate is an established isolated form and the hydrate-specific ChEBI identity/formula agrees.	2	2070	skos:exactMatch	NONE
beryllium sulfate tetrahydrate	CHEBI:53502	beryllium sulfate tetrahydrate	1	7787-56-6	tetrahydrate	tetrahydrate	TRUE	MATCHES_HYDRATE	7787-56-6	CORRECT	CHEBI:53502	OK	high	The named tetrahydrate is an established isolated form and the hydrate-specific ChEBI identity/formula agrees.	NA	NA	skos:exactMatch	NONE
Cadmium acetate dihydrate	cas:5743-04-4	cadmium acetate	1	5743-04-4	dihydrate	dihydrate	TRUE	MATCHES_HYDRATE	5743-04-4	CORRECT	cas:5743-04-4	OK	medium	The named dihydrate is a registered commercial crystal form; the CAS identity is hydrate-specific even where the parent ontology label is broader.	NA	NA	skos:exactMatch	NONE
Cd(NO3)2 x 4 H2O	CHEBI:86156	cadmium nitrate tetrahydrate	1	10022-68-1	tetrahydrate	tetrahydrate	TRUE	MATCHES_HYDRATE	10022-68-1	CORRECT	CHEBI:86156	OK	high	The named tetrahydrate is an established isolated form and the hydrate-specific ChEBI identity/formula agrees.	2	1573	skos:exactMatch	NONE
Cr(NO3)3 x 7 H2O	CHEBI:86206	chromium trinitrate heptahydrate	1		heptahydrate	7.5-hydrate commercial material; nonahydrate	UNCERTAIN	NO_CAS_PROVIDED	UNKNOWN	CORRECT	CHEBI:86206	NEEDS_SOURCE	medium	Chromium(III) nitrate is established as the nonahydrate and as variable 7.5-9 hydrate material; an exact stable heptahydrate is not securely established.	2	1574	skos:exactMatch	MEDIADIVE_UPSTREAM
Cu(NO3)2 x 3 H2O	kgmicrobe.compound:cu_no32_x_3_h2o	copper(II) nitrate	1	10031-43-3	trihydrate	trihydrate	TRUE	MATCHES_HYDRATE	10031-43-3	CORRECT	kgmicrobe.compound:cu_no32_x_3_h2o	OK	medium	The named trihydrate is an established isolable form and the kg-microbe identifier preserves its distinct hydrate identity.	2	1489	skos:exactMatch	NONE
CuSO4 x 4 H2O	CHEBI:23414	copper(II) sulfate	1	7758-98-7	tetrahydrate	monohydrate; trihydrate; pentahydrate; heptahydrate	FALSE	MATCHES_ANHYDROUS_WRONGLY	UNKNOWN	WRONG_TERM_ANHYDROUS	UNKNOWN	NEEDS_SOURCE	high	Probably CuSO4 x 5 H2O; no stable copper(II) sulfate tetrahydrate is established. The current CAS is the anhydrous parent, not the stated hydrate. The exact label is upstream MediaDive compound 1456 and occurs in 2 CultureMech source rows; MIM transcribed it faithfully, so confirmation and correction belong upstream in MediaDive/CultureMech. Published SSSOM skos:exactMatch to CHEBI:23414 (copper(II) sulfate) cannot hold under this chemistry verdict; this false identity is already graph-facing. Exact-label downstream presence was confirmed in kg-microbe transformed MediaDive nodes and ingredient-concentration exports; no downstream file was changed.	2	1456	skos:exactMatch	MEDIADIVE_UPSTREAM
K2SO4 x 7 H2O	CHEBI:32036	potassium sulfate	1	7778-80-5	heptahydrate	none known	FALSE	MATCHES_ANHYDROUS_WRONGLY	UNKNOWN	WRONG_TERM_ANHYDROUS	UNKNOWN	NEEDS_SOURCE	high	Probably anhydrous K2SO4; potassium sulfate has no known stable hydrate, including no heptahydrate. The current CAS is the anhydrous parent, not the stated hydrate. The exact label is upstream MediaDive compound 1920 and occurs in 2 CultureMech source rows; MIM transcribed it faithfully, so confirmation and correction belong upstream in MediaDive/CultureMech. Published SSSOM skos:exactMatch to CHEBI:32036 (potassium sulfate) cannot hold under this chemistry verdict; this false identity is already graph-facing. Exact-label downstream presence was confirmed in kg-microbe transformed MediaDive nodes and ingredient-concentration exports; no downstream file was changed.	2	1920	skos:exactMatch	MEDIADIVE_UPSTREAM
Na2SO3 x 5 H2O	CHEBI:86477	sodium sulfite	1	7757-83-7	pentahydrate	heptahydrate	FALSE	MATCHES_ANHYDROUS_WRONGLY	UNKNOWN	WRONG_TERM_ANHYDROUS	UNKNOWN	NEEDS_SOURCE	high	Probably anhydrous Na2SO3 or Na2SO3 x 7 H2O; structural evidence identifies only the anhydrous salt and heptahydrate, not a pentahydrate. The current CAS is the anhydrous parent, not the stated hydrate. The exact label is upstream MediaDive compound 1201 and occurs in 2 CultureMech source rows; MIM transcribed it faithfully, so confirmation and correction belong upstream in MediaDive/CultureMech. Published SSSOM skos:exactMatch to CHEBI:86477 (sodium sulfite) cannot hold under this chemistry verdict; this false identity is already graph-facing. Exact-label downstream presence was confirmed in kg-microbe transformed MediaDive nodes and ingredient-concentration exports; no downstream file was changed.	2	1201	skos:exactMatch	MEDIADIVE_UPSTREAM
NiCl2 x 5 H2O	kgmicrobe.compound:nicl2_x_5_h2o	nickel dichloride	1		pentahydrate	dihydrate; tetrahydrate; hexahydrate; low-temperature heptahydrate	FALSE	NO_CAS_PROVIDED	UNKNOWN	CORRECT	kgmicrobe.compound:nicl2_x_5_h2o	NEEDS_SOURCE	high	Probably NiCl2 x 6 H2O; nickel chloride has established 2-, 4-, and 6-hydrates but not a stable pentahydrate. The exact label is upstream MediaDive compound 2037 and occurs in 2 CultureMech source rows; MIM transcribed it faithfully, so confirmation and correction belong upstream in MediaDive/CultureMech. Published SSSOM skos:exactMatch to kgmicrobe.compound:nicl2_x_5_h2o (NiCl2 x 5 H2O) cannot hold under this chemistry verdict; this false identity is already graph-facing. Exact-label downstream presence was confirmed in kg-microbe transformed MediaDive nodes and ingredient-concentration exports; no downstream file was changed.	2	2037	skos:exactMatch	MEDIADIVE_UPSTREAM
CrKSO42 x 12 H2O	cas:7788-99-0	chromium(III) sulfate	0	7788-99-0	dodecahydrate	dodecahydrate	TRUE	MATCHES_HYDRATE	7788-99-0	CORRECT	cas:7788-99-0	OK	medium	The named dodecahydrate is a registered commercial crystal form; the CAS identity is hydrate-specific even where the parent ontology label is broader.	NA	NA	skos:exactMatch	NONE
Maltose Hydrate	kgmicrobe.compound:maltose_hydrate	maltose	0		hydrate (unspecified stoichiometry)	hydrate (unspecified stoichiometry)	UNSPECIFIED	NO_CAS_PROVIDED	UNKNOWN	CORRECT	kgmicrobe.compound:maltose_hydrate	NEEDS_SOURCE	low	The label says only hydrate; CAS/formula metadata does not securely establish a unique water stoichiometry, so the original recipe or supplier is required.	NA	NA	skos:exactMatch	MIM
magnesium nitrate hexahydrate	cas:13446-18-9	magnesium nitrate	0		hexahydrate	hexahydrate	TRUE	NO_CAS_PROVIDED	13446-18-9	CORRECT	cas:13446-18-9	OK	medium	The named hexahydrate is a registered commercial crystal form; the CAS identity is hydrate-specific even where the parent ontology label is broader. Its identifier supplies CAS 13446-18-9 even though cas_rn_current is blank.	NA	NA	skos:exactMatch	NONE
2-Deoxyadenosine monohydrate	cas:16373-93-6	2'-deoxyadenosine	0	16373-93-6	monohydrate	monohydrate	TRUE	MATCHES_HYDRATE	16373-93-6	CORRECT	cas:16373-93-6	OK	medium	The named monohydrate is a registered commercial crystal form; the CAS identity is hydrate-specific even where the parent ontology label is broader.	NA	NA	skos:exactMatch	NONE
2-Keto-D-gluconic acid hemicalcium salt hydrate	cas:1040352-40-6	2-dehydro-D-gluconic acid	0	1040352-40-6	hydrate (unspecified stoichiometry)	hydrate (unspecified stoichiometry)	UNSPECIFIED	OTHER	UNKNOWN	CORRECT	cas:1040352-40-6	NEEDS_SOURCE	low	The label says only hydrate; CAS/formula metadata does not securely establish a unique water stoichiometry, so the original recipe or supplier is required.	NA	NA	skos:exactMatch	MIM
2-Keto-D-gluconic acid hemicalcium salt monohydrate	cas:3470-37-9	2-dehydro-D-gluconic acid	0	3470-37-9	monohydrate	monohydrate	TRUE	MATCHES_HYDRATE	3470-37-9	CORRECT	cas:3470-37-9	OK	medium	The named monohydrate is a registered commercial crystal form; the CAS identity is hydrate-specific even where the parent ontology label is broader.	NA	NA	skos:exactMatch	NONE
4-Hydroxymandelic acid monohydrate	cas:184901-84-6	4-hydroxymandelic acid	0	184901-84-6	monohydrate	monohydrate	TRUE	MATCHES_HYDRATE	184901-84-6	CORRECT	cas:184901-84-6	OK	medium	The named monohydrate is a registered commercial crystal form; the CAS identity is hydrate-specific even where the parent ontology label is broader.	NA	NA	skos:exactMatch	NONE
5-Fluoroorotic acid hydrate	cas:207291-81-4	5-fluoroorotic acid	0	207291-81-4	hydrate (unspecified stoichiometry)	hydrate (unspecified stoichiometry)	UNSPECIFIED	OTHER	UNKNOWN	CORRECT	cas:207291-81-4	NEEDS_SOURCE	low	The label says only hydrate; CAS/formula metadata does not securely establish a unique water stoichiometry, so the original recipe or supplier is required.	NA	NA	skos:exactMatch	MIM
Ammonium sulfite monohydrate	cas:7783-11-1	ammonium sulfite	0	7783-11-1	monohydrate	monohydrate	TRUE	MATCHES_HYDRATE	7783-11-1	CORRECT	cas:7783-11-1	OK	medium	The named monohydrate is a registered commercial crystal form; the CAS identity is hydrate-specific even where the parent ontology label is broader.	NA	NA	skos:exactMatch	NONE
Atorvastatin calcium salt trihydrate	CHEBI:2911	atorvastatin calcium trihydrate	0	344423-98-9	trihydrate	trihydrate	TRUE	MATCHES_HYDRATE	344423-98-9	CORRECT	CHEBI:2911	OK	high	The named trihydrate is an established isolated form and the hydrate-specific ChEBI identity/formula agrees.	NA	NA	skos:exactMatch	NONE
Bathophenanthrolinedisulfonic acid disodium salt hydrate	kgmicrobe.compound:bathophenanthrolinedisulfonic_acid_disodium_salt_hydrate	disodium 4,7-diphenyl-1,10-phenanthroline 4',4''-disulfonate	0	52746-49-3	hydrate (unspecified stoichiometry)	hydrate (unspecified stoichiometry)	UNSPECIFIED	OTHER	UNKNOWN	CORRECT	kgmicrobe.compound:bathophenanthrolinedisulfonic_acid_disodium_salt_hydrate	NEEDS_SOURCE	low	The label says only hydrate; CAS/formula metadata does not securely establish a unique water stoichiometry, so the original recipe or supplier is required.	NA	NA	skos:exactMatch	MIM
Beta-Glycerophosphate disodium salt hydrate	cas:154804-51-0	glycerol 2-phosphate	0	154804-51-0	hydrate (unspecified stoichiometry)	hydrate (unspecified stoichiometry)	UNSPECIFIED	OTHER	UNKNOWN	CORRECT	cas:154804-51-0	NEEDS_SOURCE	low	The label says only hydrate; CAS/formula metadata does not securely establish a unique water stoichiometry, so the original recipe or supplier is required.	NA	NA	skos:exactMatch	MIM
Cadmium chloride hemipentahydrate	CHEBI:63938	cadmium dichloride hemipentahydrate	0	7790-78-5	hemipentahydrate (2.5 H2O)	hemipentahydrate	TRUE	MATCHES_HYDRATE	7790-78-5	CORRECT	CHEBI:63938	OK	high	The named hemipentahydrate (2.5 H2O) is an established isolated form and the hydrate-specific ChEBI identity/formula agrees.	NA	NA	skos:exactMatch	NONE
Cefsulodin sodium salt hydrate	kgmicrobe.compound:cefsulodin_sodium_salt_hydrate	Cefsulodin sodium	0	52152-93-9	hydrate (unspecified stoichiometry)	hydrate (unspecified stoichiometry)	UNSPECIFIED	OTHER	UNKNOWN	CORRECT	kgmicrobe.compound:cefsulodin_sodium_salt_hydrate	NEEDS_SOURCE	low	The label says only hydrate; CAS/formula metadata does not securely establish a unique water stoichiometry, so the original recipe or supplier is required.	NA	NA	skos:exactMatch	MIM
Ceftazidime hydrate	cas:120618-65-7	ceftazidime	0	120618-65-7	hydrate (unspecified stoichiometry)	hydrate (unspecified stoichiometry)	UNSPECIFIED	OTHER	UNKNOWN	CORRECT	cas:120618-65-7	NEEDS_SOURCE	low	The label says only hydrate; CAS/formula metadata does not securely establish a unique water stoichiometry, so the original recipe or supplier is required.	NA	NA	skos:exactMatch	MIM
Ceftriaxone disodium salt hemi(heptahydrate)	CHEBI:3514	Ceftriaxone disodium salt hemiheptahydrate	0	104376-79-6	hemiheptahydrate (3.5 H2O per formula unit)	hemiheptahydrate (3.5 H2O per formula unit)	TRUE	MATCHES_HYDRATE	104376-79-6	CORRECT	CHEBI:3514	OK	high	The named hemiheptahydrate (3.5 H2O per formula unit) is an established isolated form and the hydrate-specific ChEBI identity/formula agrees.	NA	NA	skos:exactMatch	NONE
Chlorhexidine diacetate salt hydrate	kgmicrobe.compound:chlorhexidine_diacetate_salt_hydrate	chlorhexidine acetate	0	56-95-1	hydrate (unspecified stoichiometry)	hydrate (unspecified stoichiometry)	UNSPECIFIED	MATCHES_ANHYDROUS_WRONGLY	UNKNOWN	CORRECT	kgmicrobe.compound:chlorhexidine_diacetate_salt_hydrate	NEEDS_SOURCE	low	The label says only hydrate; CAS/formula metadata does not securely establish a unique water stoichiometry, so the original recipe or supplier is required. The current CAS is the anhydrous parent, not the stated hydrate.	NA	NA	skos:exactMatch	MIM
Chromium(III) Chloride Hexahydrate	CHEBI:53442	chromium(3+) trichloride hexahydrate	0	10025-73-7	hexahydrate	hexahydrate	TRUE	MATCHES_HYDRATE	10025-73-7	CORRECT	CHEBI:53442	OK	high	The named hexahydrate is an established isolated form and the hydrate-specific ChEBI identity/formula agrees.	NA	NA	skos:exactMatch	NONE
Cloxacillin sodium salt monohydrate	CHEBI:34978	cloxacillin sodium monohydrate	0	7081-44-9	monohydrate	monohydrate	TRUE	MATCHES_HYDRATE	7081-44-9	CORRECT	CHEBI:34978	OK	high	The named monohydrate is an established isolated form and the hydrate-specific ChEBI identity/formula agrees.	NA	NA	skos:exactMatch	NONE
CoCl2 x 6 H2O	CHEBI:53503	cobalt chloride hexahydrate	0	7646-79-9	hexahydrate	monohydrate; dihydrate; tetrahydrate; hexahydrate	TRUE	MATCHES_ANHYDROUS_WRONGLY	7791-13-1	CORRECT	CHEBI:53503	FIX_CAS	high	The named hexahydrate is an established isolated form and the hydrate-specific ChEBI identity/formula agrees. Hydrate and anhydrous/different-hydrate CAS identities must remain separate. The current CAS is the anhydrous parent, not the stated hydrate.	2527	38	NOT_FOUND	MIM
D-(+)-Melezitose hydrate	cas:207511-10-2	melezitose	0	207511-10-2	hydrate (unspecified stoichiometry)	hydrate (unspecified stoichiometry)	UNSPECIFIED	OTHER	UNKNOWN	CORRECT	cas:207511-10-2	NEEDS_SOURCE	low	The label says only hydrate; CAS/formula metadata does not securely establish a unique water stoichiometry, so the original recipe or supplier is required.	NA	NA	skos:exactMatch	MIM
D-(+)-melezitose monohydrate	cas:10030-67-8	melezitose	0	10030-67-8	monohydrate	monohydrate	TRUE	MATCHES_HYDRATE	10030-67-8	CORRECT	cas:10030-67-8	OK	medium	The named monohydrate is a registered commercial crystal form; the CAS identity is hydrate-specific even where the parent ontology label is broader.	NA	NA	skos:exactMatch	NONE
D-Fructose 6-phosphate disodium salt hydrate	cas:26177-86-6	D-Fructose 6-Phosphate-Disodium Salt	0	26177-86-6	hydrate (unspecified stoichiometry)	hydrate (unspecified stoichiometry)	UNSPECIFIED	OTHER	UNKNOWN	CORRECT	cas:26177-86-6	NEEDS_SOURCE	low	The label says only hydrate; CAS/formula metadata does not securely establish a unique water stoichiometry, so the original recipe or supplier is required.	NA	NA	skos:exactMatch	MIM
D-Galacturonic Acid monohydrate	cas:91510-62-2	D-galacturonic acid	0	91510-62-2	monohydrate	monohydrate	TRUE	MATCHES_HYDRATE	91510-62-2	CORRECT	cas:91510-62-2	OK	medium	The named monohydrate is a registered commercial crystal form; the CAS identity is hydrate-specific even where the parent ontology label is broader.	NA	NA	skos:exactMatch	NONE
D-Glucuronic acid sodium salt monohydrate	cas:207300-70-7	D-glucuronic acid	0	207300-70-7	monohydrate	monohydrate	TRUE	MATCHES_HYDRATE	207300-70-7	CORRECT	cas:207300-70-7	OK	medium	The named monohydrate is a registered commercial crystal form; the CAS identity is hydrate-specific even where the parent ontology label is broader.	NA	NA	skos:exactMatch	NONE
D-Raffinose pentahydrate	cas:17629-30-0	Raffinose Pentahydrate	0	17629-30-0	pentahydrate	pentahydrate	TRUE	MATCHES_HYDRATE	17629-30-0	CORRECT	cas:17629-30-0	OK	medium	The named pentahydrate is a registered commercial crystal form; the CAS identity is hydrate-specific even where the parent ontology label is broader.	NA	NA	skos:exactMatch	NONE
DL-Glycerol 1-phosphate sodium salt hydrate	cas:17603-42-8	glycerol 1-phosphate	0	17603-42-8	hydrate (unspecified stoichiometry)	hydrate (unspecified stoichiometry)	UNSPECIFIED	OTHER	UNKNOWN	CORRECT	cas:17603-42-8	NEEDS_SOURCE	low	The label says only hydrate; CAS/formula metadata does not securely establish a unique water stoichiometry, so the original recipe or supplier is required.	NA	NA	skos:exactMatch	MIM
DL-Histidine monohydrochloride monohydrate	cas:123333-71-1	Histidine Monohydrochloride Monohydrate	0	123333-71-1	monohydrate	monohydrate	TRUE	MATCHES_HYDRATE	123333-71-1	CORRECT	cas:123333-71-1	OK	medium	The named monohydrate is a registered commercial crystal form; the CAS identity is hydrate-specific even where the parent ontology label is broader.	NA	NA	skos:exactMatch	NONE
DL-Isocitric acid trisodium salt hydrate	kgmicrobe.compound:dl-isocitric_acid_trisodium_salt_hydrate	Isocitric acid, DL-	0	1637-73-6	hydrate (unspecified stoichiometry)	hydrate (unspecified stoichiometry)	UNSPECIFIED	OTHER	UNKNOWN	CORRECT	kgmicrobe.compound:dl-isocitric_acid_trisodium_salt_hydrate	NEEDS_SOURCE	low	The label says only hydrate; CAS/formula metadata does not securely establish a unique water stoichiometry, so the original recipe or supplier is required.	NA	NA	skos:exactMatch	MIM
Dicloxacillin sodium salt monohydrate	CHEBI:52019	dicloxacillin sodium monohydrate	0	13412-64-1	monohydrate	monohydrate	TRUE	MATCHES_HYDRATE	13412-64-1	CORRECT	CHEBI:52019	OK	high	The named monohydrate is an established isolated form and the hydrate-specific ChEBI identity/formula agrees.	NA	NA	skos:exactMatch	NONE
Disodium phosphate heptahydrate (0.02 M stock)	kgmicrobe.ingredient:disodium_phosphate_heptahydrate_~28002_m_stock~29	disodium hydrogenphosphate	0		heptahydrate	dihydrate; heptahydrate; dodecahydrate	TRUE	NO_CAS_PROVIDED	UNKNOWN	CORRECT	kgmicrobe.ingredient:disodium_phosphate_heptahydrate_~28002_m_stock~29	OK	medium	The named heptahydrate is an established isolable form and the kg-microbe identifier preserves its distinct hydrate identity.	1	NA	skos:exactMatch	NONE
Esculin Monohydrate	CHEBI:4853	esculin	0	531-75-9	monohydrate	monohydrate	TRUE	MATCHES_HYDRATE	UNKNOWN	WRONG_TERM_OTHER	CHEBI:73111	REGROUND	high	The named monohydrate is an established isolated form and the hydrate-specific ChEBI identity/formula agrees. ChEBI:73111 explicitly denotes esculin monohydrate. Current CHEBI:4853 is anhydrous esculin; CHEBI:73111 has formula C15H16O9.H2O. Published SSSOM skos:exactMatch to CHEBI:4853 (esculin) cannot hold under this chemistry verdict; this false identity is already graph-facing.	NA	NA	skos:exactMatch	MIM
FeSO4 x 7H2O	CHEBI:75836	iron(2+) sulfate heptahydrate	0	7720-78-7	heptahydrate	monohydrate; tetrahydrate; pentahydrate; hexahydrate; heptahydrate	TRUE	MATCHES_ANHYDROUS_WRONGLY	7782-63-0	CORRECT	CHEBI:75836	FIX_CAS	high	The named heptahydrate is an established isolated form and the hydrate-specific ChEBI identity/formula agrees. Hydrate and anhydrous/different-hydrate CAS identities must remain separate. The current CAS is the anhydrous parent, not the stated hydrate.	10	NA	NOT_FOUND	MIM
Fosmidomycin sodium salt hydrate	cas:66508-37-0	Fosmidomycin sodium salt	0	66508-37-0	hydrate (unspecified stoichiometry)	hydrate (unspecified stoichiometry)	UNSPECIFIED	OTHER	UNKNOWN	CORRECT	cas:66508-37-0	NEEDS_SOURCE	low	The label says only hydrate; CAS/formula metadata does not securely establish a unique water stoichiometry, so the original recipe or supplier is required.	NA	NA	skos:exactMatch	MIM
Galactose 1-phosphate dipotassium salt pentahydrate	cas:19046-60-7	alpha-D-galactose 1-phosphate	0	19046-60-7	pentahydrate	pentahydrate	TRUE	MATCHES_HYDRATE	19046-60-7	CORRECT	cas:19046-60-7	OK	medium	The named pentahydrate is a registered commercial crystal form; the CAS identity is hydrate-specific even where the parent ontology label is broader.	NA	NA	skos:exactMatch	NONE
Gly-Gln monohydrate	cas:172669-64-6	Gly-Gln	0	172669-64-6	monohydrate	monohydrate	TRUE	MATCHES_HYDRATE	172669-64-6	CORRECT	cas:172669-64-6	OK	medium	The named monohydrate is a registered commercial crystal form; the CAS identity is hydrate-specific even where the parent ontology label is broader.	NA	NA	skos:exactMatch	NONE
Glycerol phosphate disodium salt hydrate	cas:55073-41-1	glycerol phosphate	0	55073-41-1	hydrate (unspecified stoichiometry)	hydrate (unspecified stoichiometry)	UNSPECIFIED	OTHER	UNKNOWN	CORRECT	cas:55073-41-1	NEEDS_SOURCE	low	The label says only hydrate; CAS/formula metadata does not securely establish a unique water stoichiometry, so the original recipe or supplier is required.	NA	NA	skos:exactMatch	MIM
Glycocholic acid hydrate	CHEBI:182320	Glycocholic acid hydrate	0	1192657-83-2	hydrate (unspecified stoichiometry)	hydrate (unspecified stoichiometry)	UNSPECIFIED	OTHER	UNKNOWN	CORRECT	CHEBI:182320	NEEDS_SOURCE	low	The label says only hydrate; CAS/formula metadata does not securely establish a unique water stoichiometry, so the original recipe or supplier is required.	NA	NA	skos:exactMatch	MIM
gold (III) chloride hydrate	cas:27988-77-8	gold trichloride	0	27988-77-8	hydrate (unspecified stoichiometry)	hydrate (unspecified stoichiometry)	UNSPECIFIED	OTHER	UNKNOWN	CORRECT	cas:27988-77-8	NEEDS_SOURCE	low	The label says only hydrate; CAS/formula metadata does not securely establish a unique water stoichiometry, so the original recipe or supplier is required.	NA	NA	skos:exactMatch	MIM
Impenum monohydrate	CHEBI:51799	imipenem hydrate	0	74431-23-5	monohydrate	monohydrate	TRUE	MATCHES_HYDRATE	74431-23-5	CORRECT	CHEBI:51799	OK	high	The named monohydrate is an established isolated form and the hydrate-specific ChEBI identity/formula agrees.	NA	NA	skos:exactMatch	NONE
L-Asparagine monohydrate	cas:5794-13-8	Asparagine Monohydrate	0	5794-13-8	monohydrate	monohydrate	TRUE	MATCHES_HYDRATE	5794-13-8	CORRECT	cas:5794-13-8	OK	medium	The named monohydrate is a registered commercial crystal form; the CAS identity is hydrate-specific even where the parent ontology label is broader.	NA	NA	skos:exactMatch	NONE
L-Aspartic acid sodium salt monohydrate	cas:323194-76-9	L-aspartic acid	0	323194-76-9	monohydrate	monohydrate	TRUE	MATCHES_HYDRATE	323194-76-9	CORRECT	cas:323194-76-9	OK	medium	The named monohydrate is a registered commercial crystal form; the CAS identity is hydrate-specific even where the parent ontology label is broader.	NA	NA	skos:exactMatch	NONE
L-Cysteic acid monohydrate	cas:23537-25-9	L-cysteic acid	0	23537-25-9	monohydrate	monohydrate	TRUE	MATCHES_HYDRATE	23537-25-9	CORRECT	cas:23537-25-9	OK	medium	The named monohydrate is a registered commercial crystal form; the CAS identity is hydrate-specific even where the parent ontology label is broader.	NA	NA	skos:exactMatch	NONE
L-Histidine monohydrochloride monohydrate	cas:5934-29-2	Histidine Monohydrochloride Monohydrate	0	5934-29-2	monohydrate	monohydrate	TRUE	MATCHES_HYDRATE	5934-29-2	CORRECT	cas:5934-29-2	OK	medium	The named monohydrate is a registered commercial crystal form; the CAS identity is hydrate-specific even where the parent ontology label is broader.	NA	NA	skos:exactMatch	NONE
L-Malic acid disodium salt monohydrate	cas:207511-06-6	Malic Acid	0	207511-06-6	monohydrate	monohydrate	TRUE	MATCHES_HYDRATE	207511-06-6	CORRECT	cas:207511-06-6	OK	medium	The named monohydrate is a registered commercial crystal form; the CAS identity is hydrate-specific even where the parent ontology label is broader.	NA	NA	skos:exactMatch	NONE
L-Rhamnose monohydrate	cas:10030-85-0	L-rhamnose	0	10030-85-0	monohydrate	monohydrate	TRUE	MATCHES_HYDRATE	10030-85-0	CORRECT	cas:10030-85-0	OK	medium	The named monohydrate is a registered commercial crystal form; the CAS identity is hydrate-specific even where the parent ontology label is broader.	NA	NA	skos:exactMatch	NONE
L-Cysteine hydrochloride monohydrate	CHEBI:91248	L-cysteine hydrochloride hydrate	0	7048-04-6	monohydrate	monohydrate	TRUE	MATCHES_HYDRATE	7048-04-6	CORRECT	CHEBI:91248	OK	high	The named monohydrate is an established isolated form and the hydrate-specific ChEBI identity/formula agrees.	13	NA	NOT_FOUND	NONE
Lithium chloride hydrate	cas:85144-11-2	lithium chloride	0	85144-11-2	hydrate (unspecified stoichiometry)	hydrate (unspecified stoichiometry)	UNSPECIFIED	OTHER	UNKNOWN	CORRECT	cas:85144-11-2	NEEDS_SOURCE	low	The label says only hydrate; CAS/formula metadata does not securely establish a unique water stoichiometry, so the original recipe or supplier is required.	NA	NA	skos:exactMatch	MIM
Maltotriose hydrate	cas:312693-63-3	maltotriose	0	312693-63-3	hydrate (unspecified stoichiometry)	hydrate (unspecified stoichiometry)	UNSPECIFIED	OTHER	UNKNOWN	CORRECT	cas:312693-63-3	NEEDS_SOURCE	low	The label says only hydrate; CAS/formula metadata does not securely establish a unique water stoichiometry, so the original recipe or supplier is required.	NA	NA	skos:exactMatch	MIM
MgCl2x 6 H2O	CHEBI:86345	magnesium dichloride	0	12285-34-6	hexahydrate	monohydrate; dihydrate; tetrahydrate; hexahydrate; octahydrate; dodecahydrate	TRUE	OTHER	7791-18-6	CORRECT	CHEBI:86345	FIX_CAS	high	The named hexahydrate is an established isolated form and the hydrate-specific ChEBI identity/formula agrees. The current CAS denotes a different or unspecified hydration state, not this exact hydrate. Hydrate and anhydrous/different-hydrate CAS identities must remain separate.	4	NA	NOT_FOUND	MIM
MgSO4·7H2O	CHEBI:31795	magnesium sulfate heptahydrate	0	7487-88-9	heptahydrate	monohydrate; dihydrate; tetrahydrate; pentahydrate; hexahydrate; heptahydrate; undecahydrate	TRUE	MATCHES_ANHYDROUS_WRONGLY	10034-99-8	CORRECT	CHEBI:31795	FIX_CAS	high	The named heptahydrate is an established isolated form and the hydrate-specific ChEBI identity/formula agrees. Hydrate and anhydrous/different-hydrate CAS identities must remain separate. The current CAS is the anhydrous parent, not the stated hydrate.	443	NA	NOT_FOUND	MIM
MnCl2 x 2 H2O	CHEBI:131395	manganese(II) chloride dihydrate	0		dihydrate	dihydrate; tetrahydrate	TRUE	NO_CAS_PROVIDED	UNKNOWN	CORRECT	CHEBI:131395	OK	high	The named dihydrate is an established isolated form and the hydrate-specific ChEBI identity/formula agrees.	33	63	skos:exactMatch	NONE
MnSO4 x 1 H2O	CHEBI:86364	manganese(II) sulfate monohydrate	0	7785-87-7	monohydrate	monohydrate; dihydrate; tetrahydrate; pentahydrate; hexahydrate; heptahydrate	TRUE	MATCHES_ANHYDROUS_WRONGLY	10034-96-5	CORRECT	CHEBI:86364	FIX_CAS	high	The named monohydrate is an established isolated form and the hydrate-specific ChEBI identity/formula agrees. Hydrate and anhydrous/different-hydrate CAS identities must remain separate. The current CAS is the anhydrous parent, not the stated hydrate.	10	608	NOT_FOUND	MIM
Na2-EDTA x 2 H2O	CHEBI:64758	EDTA disodium salt dihydrate	0	7487-55-0	dihydrate	dihydrate	TRUE	OTHER	6381-92-6	CORRECT	CHEBI:64758	FIX_CAS	high	The named dihydrate is an established isolated form and the hydrate-specific ChEBI identity/formula agrees. The current CAS denotes a different or unspecified hydration state, not this exact hydrate. Hydrate and anhydrous/different-hydrate CAS identities must remain separate. The standard disodium EDTA dihydrate CAS is 6381-92-6.	104	676	NOT_FOUND	MIM
Na2B4O7 x 10 H2O	CHEBI:131366	disodium tetraborate decahydrate	0		decahydrate	decahydrate	TRUE	NO_CAS_PROVIDED	1303-96-4	CORRECT	CHEBI:131366	OK	high	The named decahydrate is an established isolated form and the hydrate-specific ChEBI identity/formula agrees.	209	196	skos:exactMatch	NONE
Na2MoO4·2H2O	CHEBI:75213	sodium molybdate dihydrate	0	10102-40-6	dihydrate	dihydrate; decahydrate	TRUE	MATCHES_HYDRATE	10102-40-6	CORRECT	CHEBI:75213	OK	high	The named dihydrate is an established isolated form and the hydrate-specific ChEBI identity/formula agrees.	258	NA	NOT_FOUND	NONE
Na2SeO3·5H2O	CHEBI:131361	disodium selenite pentahydrate	0	10102-18-8	pentahydrate	pentahydrate	TRUE	MATCHES_ANHYDROUS_WRONGLY	26970-82-1	CORRECT	CHEBI:131361	FIX_CAS	high	The named pentahydrate is an established isolated form and the hydrate-specific ChEBI identity/formula agrees. Hydrate and anhydrous/different-hydrate CAS identities must remain separate. The current CAS is the anhydrous parent, not the stated hydrate.	46	NA	NOT_FOUND	MIM
Nafcillin sodium salt monohydrate	CHEBI:51919	nafcillin sodium monohydrate	0	7177-50-6	monohydrate	monohydrate	TRUE	MATCHES_HYDRATE	7177-50-6	CORRECT	CHEBI:51919	OK	high	The named monohydrate is an established isolated form and the hydrate-specific ChEBI identity/formula agrees.	NA	NA	skos:exactMatch	NONE
Neomycin trisulfate salt hydrate	kgmicrobe.compound:neomycin_trisulfate_salt_hydrate	neomycin sulfate	0	1405-10-3	hydrate (unspecified stoichiometry)	hydrate (unspecified stoichiometry)	UNSPECIFIED	OTHER	UNKNOWN	CORRECT	kgmicrobe.compound:neomycin_trisulfate_salt_hydrate	NEEDS_SOURCE	low	The label says only hydrate; CAS/formula metadata does not securely establish a unique water stoichiometry, so the original recipe or supplier is required.	NA	NA	skos:exactMatch	MIM
NiCl2 x 6 H2O	CHEBI:53542	nickel chloride hexahydrate	0	7718-54-9	hexahydrate	dihydrate; tetrahydrate; hexahydrate; low-temperature heptahydrate	TRUE	MATCHES_ANHYDROUS_WRONGLY	7791-20-0	CORRECT	CHEBI:53542	FIX_CAS	high	The named hexahydrate is an established isolated form and the hydrate-specific ChEBI identity/formula agrees. Hydrate and anhydrous/different-hydrate CAS identities must remain separate. The current CAS is the anhydrous parent, not the stated hydrate.	2855	40	NOT_FOUND	MIM
NiSO4 x 6 H2O	CHEBI:53437	nickel sulfate hexahydrate	0	10101-97-0	hexahydrate	hexahydrate; heptahydrate	TRUE	MATCHES_HYDRATE	10101-97-0	CORRECT	CHEBI:53437	OK	high	The named hexahydrate is an established isolated form and the hydrate-specific ChEBI identity/formula agrees.	42	1030	NOT_FOUND	NONE
palatinose hydrate	cas:343336-76-5	6-O-alpha-D-glucopyranosyl-D-fructofuranose	0	343336-76-5	hydrate (unspecified stoichiometry)	hydrate (unspecified stoichiometry)	UNSPECIFIED	OTHER	UNKNOWN	CORRECT	cas:343336-76-5	NEEDS_SOURCE	low	The label says only hydrate; CAS/formula metadata does not securely establish a unique water stoichiometry, so the original recipe or supplier is required.	NA	NA	skos:exactMatch	MIM
Pentasodium tripolyphosphate hexahydrate	cas:15091-98-2	sodium tripolyphosphate	0	15091-98-2	hexahydrate	hexahydrate	TRUE	MATCHES_HYDRATE	15091-98-2	CORRECT	cas:15091-98-2	OK	medium	The named hexahydrate is a registered commercial crystal form; the CAS identity is hydrate-specific even where the parent ontology label is broader.	NA	NA	skos:exactMatch	NONE
potassium citramalate monohydrate	cas:1030365-02-6	citramalic acid	0	1030365-02-6	monohydrate	monohydrate	TRUE	MATCHES_HYDRATE	1030365-02-6	CORRECT	cas:1030365-02-6	OK	medium	The named monohydrate is a registered commercial crystal form; the CAS identity is hydrate-specific even where the parent ontology label is broader.	NA	NA	skos:exactMatch	NONE
Potassium oxalate monohydrate	cas:6487-48-5	Potassium Oxalate	0	6487-48-5	monohydrate	monohydrate	TRUE	MATCHES_HYDRATE	6487-48-5	CORRECT	cas:6487-48-5	OK	medium	The named monohydrate is a registered commercial crystal form; the CAS identity is hydrate-specific even where the parent ontology label is broader.	NA	NA	skos:exactMatch	NONE
potassium tellurate hydrate	cas:314041-10-6	telluric acid	0	314041-10-6	hydrate (unspecified stoichiometry)	hydrate (unspecified stoichiometry)	UNSPECIFIED	OTHER	UNKNOWN	CORRECT	cas:314041-10-6	NEEDS_SOURCE	low	The label says only hydrate; CAS/formula metadata does not securely establish a unique water stoichiometry, so the original recipe or supplier is required.	NA	NA	skos:exactMatch	MIM
Potassium tellurite hydrate	cas:123333-66-4	potassium tellurite	0	123333-66-4	hydrate (unspecified stoichiometry)	hydrate (unspecified stoichiometry)	UNSPECIFIED	OTHER	UNKNOWN	CORRECT	cas:123333-66-4	NEEDS_SOURCE	low	The label says only hydrate; CAS/formula metadata does not securely establish a unique water stoichiometry, so the original recipe or supplier is required.	NA	NA	skos:exactMatch	MIM
Sodium acetate·3H2O	CHEBI:32138	sodium acetate trihydrate	0	127-09-3	trihydrate	trihydrate	TRUE	MATCHES_ANHYDROUS_WRONGLY	6131-90-4	CORRECT	CHEBI:32138	FIX_CAS	high	The named trihydrate is an established isolated form and the hydrate-specific ChEBI identity/formula agrees. Hydrate and anhydrous/different-hydrate CAS identities must remain separate. The current CAS is the anhydrous parent, not the stated hydrate.	2	NA	NOT_FOUND	MIM
sodium carbonate monohydrate	cas:5968-11-6	sodium carbonate	0	5968-11-6	monohydrate	monohydrate	TRUE	MATCHES_HYDRATE	5968-11-6	CORRECT	cas:5968-11-6	OK	medium	The named monohydrate is a registered commercial crystal form; the CAS identity is hydrate-specific even where the parent ontology label is broader.	NA	NA	skos:exactMatch	NONE
Sodium cholate hydrate	cas:206986-87-0	sodium cholate	0	206986-87-0	hydrate (unspecified stoichiometry)	hydrate (unspecified stoichiometry)	UNSPECIFIED	OTHER	UNKNOWN	CORRECT	cas:206986-87-0	NEEDS_SOURCE	low	The label says only hydrate; CAS/formula metadata does not securely establish a unique water stoichiometry, so the original recipe or supplier is required.	NA	NA	skos:exactMatch	MIM
Sodium deoxycholate monohydrate	cas:145224-92-6	sodium deoxycholate	0	145224-92-6	monohydrate	monohydrate	TRUE	MATCHES_HYDRATE	145224-92-6	CORRECT	cas:145224-92-6	OK	medium	The named monohydrate is a registered commercial crystal form; the CAS identity is hydrate-specific even where the parent ontology label is broader.	NA	NA	skos:exactMatch	NONE
Sodium hypophosphite monohydrate	cas:10039-56-2	sodium hypophosphite	0	10039-56-2	monohydrate	monohydrate	TRUE	MATCHES_HYDRATE	10039-56-2	CORRECT	cas:10039-56-2	OK	medium	The named monohydrate is a registered commercial crystal form; the CAS identity is hydrate-specific even where the parent ontology label is broader.	NA	NA	skos:exactMatch	NONE
Sodium phosphite dibasic pentahydrate	cas:13517-23-2	phosphorous acid	0	13517-23-2	pentahydrate	pentahydrate	TRUE	MATCHES_HYDRATE	13517-23-2	CORRECT	cas:13517-23-2	OK	medium	The named pentahydrate is a registered commercial crystal form; the CAS identity is hydrate-specific even where the parent ontology label is broader.	NA	NA	skos:exactMatch	NONE
Sodium thiophosphate tribasic hydrate	cas:10489-48-2	phosphorothioic acid	0	10489-48-2	hydrate (unspecified stoichiometry)	hydrate (unspecified stoichiometry)	UNSPECIFIED	OTHER	UNKNOWN	CORRECT	cas:10489-48-2	NEEDS_SOURCE	low	The label says only hydrate; CAS/formula metadata does not securely establish a unique water stoichiometry, so the original recipe or supplier is required.	NA	NA	skos:exactMatch	MIM
Sodium Thiosulfate Pentahydrate	CHEBI:32150	sodium thiosulfate pentahydrate	0	10102-17-7	pentahydrate	pentahydrate	TRUE	MATCHES_HYDRATE	10102-17-7	CORRECT	CHEBI:32150	OK	high	The named pentahydrate is an established isolated form and the hydrate-specific ChEBI identity/formula agrees.	NA	NA	NOT_FOUND	NONE
Spectinomycin dihydrochloride pentahydrate	CHEBI:9217	spectinomycin hydrochloride hydrate	0	22189-32-8	pentahydrate	pentahydrate	TRUE	MATCHES_HYDRATE	22189-32-8	CORRECT	CHEBI:9217	OK	high	The named pentahydrate is an established isolated form and the hydrate-specific ChEBI identity/formula agrees.	NA	NA	skos:exactMatch	NONE
Stachyose hydrate	cas:54261-98-2	stachyose	0	54261-98-2	hydrate (unspecified stoichiometry)	hydrate (unspecified stoichiometry)	UNSPECIFIED	OTHER	UNKNOWN	CORRECT	cas:54261-98-2	NEEDS_SOURCE	low	The label says only hydrate; CAS/formula metadata does not securely establish a unique water stoichiometry, so the original recipe or supplier is required.	NA	NA	skos:exactMatch	MIM
Taurocholic acid sodium salt hydrate	CHEBI:181226	Taurocholic acid sodium salt hydrate	0	345909-26-4	hydrate (unspecified stoichiometry)	hydrate (unspecified stoichiometry)	UNSPECIFIED	OTHER	UNKNOWN	CORRECT	CHEBI:181226	NEEDS_SOURCE	low	The label says only hydrate; CAS/formula metadata does not securely establish a unique water stoichiometry, so the original recipe or supplier is required.	NA	NA	skos:exactMatch	MIM
Terpene hydrate	cas:2451-01-6	terpin	0	2451-01-6	monohydrate (terpin hydrate)	monohydrate (terpin hydrate)	TRUE	MATCHES_HYDRATE	2451-01-6	CORRECT	cas:2451-01-6	LABEL_SUSPECT	medium	Probably terpin hydrate, the conventional monohydrate substance identified by CAS 2451-01-6; “terpene hydrate” appears to be a transcription or naming error.	NA	NA	skos:exactMatch	MIM
Trisodium citrate x 2 H2O	CHEBI:32142	sodium citrate dihydrate	0	6132-04-3	dihydrate	dihydrate	TRUE	MATCHES_HYDRATE	6132-04-3	CORRECT	CHEBI:32142	OK	high	The named dihydrate is an established isolated form and the hydrate-specific ChEBI identity/formula agrees.	85	1249	NOT_FOUND	NONE
Uranyl Acetate Dihydrate	cas:6159-44-0	uranyl acetate	0	6159-44-0	dihydrate	dihydrate	TRUE	MATCHES_HYDRATE	6159-44-0	CORRECT	cas:6159-44-0	OK	medium	The named dihydrate is a registered commercial crystal form; the CAS identity is hydrate-specific even where the parent ontology label is broader.	NA	NA	skos:exactMatch	NONE
Vancomycin Hydrochloride Hydrate	cas:123409-00-7	Vancomycin hydrochloride	0	123409-00-7	hydrate (unspecified stoichiometry)	hydrate (unspecified stoichiometry)	UNSPECIFIED	OTHER	UNKNOWN	CORRECT	cas:123409-00-7	NEEDS_SOURCE	low	The label says only hydrate; CAS/formula metadata does not securely establish a unique water stoichiometry, so the original recipe or supplier is required.	NA	NA	skos:exactMatch	MIM
CeNO33 x 6 H2O	UNMAPPED_0355		0		hexahydrate	hexahydrate	TRUE	NO_CAS_PROVIDED	10294-41-4	NOT_APPLICABLE(unmapped)	none exists	MINT	medium	Interpreted as Ce(NO3)3 x 6 H2O: cerium(III) nitrate hexahydrate is established as CAS 10294-41-4, but no exact ChEBI term was found with confidence; a dedicated kg-microbe identity is appropriate.	NA	NA	NOT_FOUND	MIM
LaNO33 x 6 H2O	UNMAPPED_0423		0		hexahydrate	hexahydrate	TRUE	NO_CAS_PROVIDED	10277-43-7	NOT_APPLICABLE(unmapped)	none exists	MINT	medium	Interpreted as La(NO3)3 x 6 H2O: lanthanum(III) nitrate hexahydrate is established as CAS 10277-43-7, but no exact ChEBI term was found with confidence; a dedicated kg-microbe identity is appropriate.	NA	NA	NOT_FOUND	MIM
MnCl4 x 6 H2O	UNMAPPED_0450		0		hexahydrate	none known	FALSE	NO_CAS_PROVIDED	UNKNOWN	NOT_APPLICABLE(unmapped)	UNKNOWN	NEEDS_SOURCE	high	Probably MnCl2 x 4 H2O; neutral MnCl4 is not a stable bulk salt and manganese(II) chloride tetrahydrate is the standard media reagent. The exact label is upstream MediaDive compound 2071 and occurs in 2 CultureMech source rows; MIM transcribed it faithfully, so confirmation and correction belong upstream in MediaDive/CultureMech. Exact-label downstream presence was confirmed in kg-microbe transformed MediaDive nodes and ingredient-concentration exports; no downstream file was changed.	2	2071	NOT_FOUND	MEDIADIVE_UPSTREAM
Na2 beta-glycerol PO4 x 5 H2O	UNMAPPED_0465		0		pentahydrate	pentahydrate	TRUE	NO_CAS_PROVIDED	UNKNOWN	NOT_APPLICABLE(unmapped)	none exists	MINT	medium	The named pentahydrate is a known isolable form, but no exact ChEBI term was found with confidence. An exact external ontology hydrate term is unavailable or unconfirmed, so a dedicated kg-microbe identity is appropriate.	2	2358	NOT_FOUND	MIM
NaSiO3 x 9 H2O	UNMAPPED_0477		0		nonahydrate	pentahydrate; nonahydrate	FALSE	NO_CAS_PROVIDED	UNKNOWN	NOT_APPLICABLE(unmapped)	UNKNOWN	NEEDS_SOURCE	high	Probably Na2SiO3 x 9 H2O; NaSiO3 is charge-imbalanced, while sodium metasilicate nonahydrate is established. The exact label is upstream MediaDive compound 175 and occurs in 5 CultureMech source rows; MIM transcribed it faithfully, so confirmation and correction belong upstream in MediaDive/CultureMech. Exact-label downstream presence was confirmed in kg-microbe transformed MediaDive nodes and ingredient-concentration exports; no downstream file was changed.	5	175	NOT_FOUND	MEDIADIVE_UPSTREAM
NdCl3 x 6 H2O	UNMAPPED_0479		0		hexahydrate	hexahydrate	TRUE	NO_CAS_PROVIDED	13477-89-9	NOT_APPLICABLE(unmapped)	none exists	MINT	medium	Neodymium(III) chloride hexahydrate is an established isolated form, CAS 13477-89-9, but no exact ChEBI term was found with confidence; a dedicated kg-microbe identity is appropriate.	2	1462	NOT_FOUND	MIM
α-D-Glucose monohydrate	UNMAPPED_0587		0		monohydrate	monohydrate	TRUE	NO_CAS_PROVIDED	14431-43-7	NOT_APPLICABLE(unmapped)	none exists	MINT	medium	Alpha-D-glucose monohydrate is an established crystalline form, CAS 14431-43-7, but no exact ChEBI hydrate term was found with confidence; a dedicated kg-microbe identity is appropriate.	4	2202	NOT_FOUND	MIM
L-Cysteine HCl x H2O	CHEBI:91248	L-cysteine hydrochloride hydrate	1040	7048-04-6	monohydrate	monohydrate	TRUE	MATCHES_HYDRATE	7048-04-6	CORRECT	CHEBI:91248	OK	high	Bare x H2O is the conventional 1:1 monohydrate notation here; CHEBI:91248, CAS 7048-04-6, and formula C3H7NO2S.H2O.HCl consistently identify L-cysteine hydrochloride monohydrate. MIM source fields: mapping_status=MAPPED; mapping_quality=EXACT_MATCH; molecular_formula=C3H7NO2S.H2O.HCl.	1477	770	skos:exactMatch	NONE
MnSO4 x H2O	CHEBI:86364	manganese(II) sulfate monohydrate	952	10034-96-5	hydrate count omitted; conventional monohydrate reading	monohydrate; dihydrate; tetrahydrate; pentahydrate; hexahydrate; heptahydrate	UNSPECIFIED	MATCHES_HYDRATE	10034-96-5	CORRECT	CHEBI:86364	OK	high	The label omits a numeric coefficient, but bare x H2O conventionally reads as the monohydrate; CHEBI:86364 manganese(II) sulfate monohydrate, CAS 10034-96-5, and H2O.Mn.O4S are the chemically correct and mutually consistent reading. MIM source fields: mapping_status=MAPPED; mapping_quality=EXACT_MATCH; molecular_formula=H2O.Mn.O4S.	841	14	skos:exactMatch	NONE
CaCl2・2H2O	NOT_IN_MIM	NA	0	UNKNOWN	dihydrate	monohydrate; dihydrate; tetrahydrate; hexahydrate	TRUE	NO_CAS_PROVIDED	10035-04-8	NOT_APPLICABLE(unmapped)	CHEBI:86158	OK	high	The stated dihydrate is an established form of calcium chloride; known hydrates are monohydrate; dihydrate; tetrahydrate; hexahydrate. No exact MIM preferred-term row exists; this CultureMech-only label should be checked against its source recipe before ingestion.	571	NA	NOT_FOUND	NONE
MgSO4・7H2O	NOT_IN_MIM	NA	0	UNKNOWN	heptahydrate	monohydrate; dihydrate; tetrahydrate; pentahydrate; hexahydrate; heptahydrate; undecahydrate	TRUE	NO_CAS_PROVIDED	10034-99-8	NOT_APPLICABLE(unmapped)	CHEBI:31795	OK	high	The stated heptahydrate is an established form of magnesium sulfate; known hydrates are monohydrate; dihydrate; tetrahydrate; pentahydrate; hexahydrate; heptahydrate; undecahydrate. No exact MIM preferred-term row exists; this CultureMech-only label should be checked against its source recipe before ingestion.	454	NA	NOT_FOUND	NONE
MgCl2・6H2O	NOT_IN_MIM	NA	0	UNKNOWN	hexahydrate	monohydrate; dihydrate; tetrahydrate; hexahydrate; octahydrate; dodecahydrate	TRUE	NO_CAS_PROVIDED	7791-18-6	NOT_APPLICABLE(unmapped)	CHEBI:86345	OK	high	The stated hexahydrate is an established form of magnesium chloride; known hydrates are monohydrate; dihydrate; tetrahydrate; hexahydrate; octahydrate; dodecahydrate. No exact MIM preferred-term row exists; this CultureMech-only label should be checked against its source recipe before ingestion.	440	NA	NOT_FOUND	NONE
CaCl2·2H2O	NOT_IN_MIM	NA	0	UNKNOWN	dihydrate	monohydrate; dihydrate; tetrahydrate; hexahydrate	TRUE	NO_CAS_PROVIDED	10035-04-8	NOT_APPLICABLE(unmapped)	CHEBI:86158	OK	high	The stated dihydrate is an established form of calcium chloride; known hydrates are monohydrate; dihydrate; tetrahydrate; hexahydrate. No exact MIM preferred-term row exists; this CultureMech-only label should be checked against its source recipe before ingestion.	407	NA	NOT_FOUND	NONE
MnSO4 x n H2O	mediadive.compound:1000	NA	0	UNKNOWN	hydrate (unspecified stoichiometry)	monohydrate; dihydrate; tetrahydrate; pentahydrate; hexahydrate; heptahydrate	UNSPECIFIED	NO_CAS_PROVIDED	UNKNOWN	NOT_APPLICABLE(unmapped)	UNKNOWN	NEEDS_SOURCE	low	The label does not establish a unique water stoichiometry for manganese(II) sulfate; the original recipe or registry record is required. This is MediaDive compound 1000 and the fix or confirmation belongs upstream before MIM ingestion.	272	1000	NOT_FOUND	MEDIADIVE_UPSTREAM
MgCl2·6H2O	NOT_IN_MIM	NA	0	UNKNOWN	hexahydrate	monohydrate; dihydrate; tetrahydrate; hexahydrate; octahydrate; dodecahydrate	TRUE	NO_CAS_PROVIDED	7791-18-6	NOT_APPLICABLE(unmapped)	CHEBI:86345	OK	high	The stated hexahydrate is an established form of magnesium chloride; known hydrates are monohydrate; dihydrate; tetrahydrate; hexahydrate; octahydrate; dodecahydrate. No exact MIM preferred-term row exists; this CultureMech-only label should be checked against its source recipe before ingestion.	242	NA	NOT_FOUND	NONE
MnCl2·4H2O	NOT_IN_MIM	NA	0	UNKNOWN	tetrahydrate	monohydrate; dihydrate; tetrahydrate	TRUE	NO_CAS_PROVIDED	13446-34-9	NOT_APPLICABLE(unmapped)	CHEBI:86368	OK	high	The stated tetrahydrate is an established form of manganese(II) chloride; known hydrates are monohydrate; dihydrate; tetrahydrate. No exact MIM preferred-term row exists; this CultureMech-only label should be checked against its source recipe before ingestion.	240	NA	NOT_FOUND	NONE
CoCl2·6H2O	NOT_IN_MIM	NA	0	UNKNOWN	hexahydrate	monohydrate; dihydrate; tetrahydrate; hexahydrate	TRUE	NO_CAS_PROVIDED	7791-13-1	NOT_APPLICABLE(unmapped)	CHEBI:53503	OK	high	The stated hexahydrate is an established form of cobalt(II) chloride; known hydrates are monohydrate; dihydrate; tetrahydrate; hexahydrate. No exact MIM preferred-term row exists; this CultureMech-only label should be checked against its source recipe before ingestion.	232	NA	NOT_FOUND	NONE
NiCl2·6H2O	NOT_IN_MIM	NA	0	UNKNOWN	hexahydrate	monohydrate; dihydrate; tetrahydrate; hexahydrate; low-temperature heptahydrate	TRUE	NO_CAS_PROVIDED	7791-20-0	NOT_APPLICABLE(unmapped)	CHEBI:53542	OK	high	The stated hexahydrate is an established form of nickel(II) chloride; known hydrates are monohydrate; dihydrate; tetrahydrate; hexahydrate; low-temperature heptahydrate. No exact MIM preferred-term row exists; this CultureMech-only label should be checked against its source recipe before ingestion.	203	NA	NOT_FOUND	NONE
CuCl2·2H2O	NOT_IN_MIM	NA	0	UNKNOWN	dihydrate	monohydrate (reported); dihydrate	TRUE	NO_CAS_PROVIDED	10125-13-0	NOT_APPLICABLE(unmapped)	CHEBI:86318	OK	high	The stated dihydrate is an established form of copper(II) chloride; known hydrates are monohydrate (reported); dihydrate. No exact MIM preferred-term row exists; this CultureMech-only label should be checked against its source recipe before ingestion.	184	NA	NOT_FOUND	NONE
Iron (II) sulfate heptahydrate	NOT_IN_MIM	NA	0	UNKNOWN	heptahydrate	monohydrate; tetrahydrate; pentahydrate; hexahydrate; heptahydrate	TRUE	NO_CAS_PROVIDED	7782-63-0	NOT_APPLICABLE(unmapped)	CHEBI:75836	OK	high	The stated heptahydrate is an established form of iron(II) sulfate; known hydrates are monohydrate; tetrahydrate; pentahydrate; hexahydrate; heptahydrate. No exact MIM preferred-term row exists; this CultureMech-only label should be checked against its source recipe before ingestion.	173	NA	NOT_FOUND	NONE
FeSO4·7H2O	NOT_IN_MIM	NA	0	UNKNOWN	heptahydrate	monohydrate; tetrahydrate; pentahydrate; hexahydrate; heptahydrate	TRUE	NO_CAS_PROVIDED	7782-63-0	NOT_APPLICABLE(unmapped)	CHEBI:75836	OK	high	The stated heptahydrate is an established form of iron(II) sulfate; known hydrates are monohydrate; tetrahydrate; pentahydrate; hexahydrate; heptahydrate. No exact MIM preferred-term row exists; this CultureMech-only label should be checked against its source recipe before ingestion.	168	NA	NOT_FOUND	NONE
Zinc sulfate heptahydrate	NOT_IN_MIM	NA	0	UNKNOWN	heptahydrate	monohydrate; tetrahydrate; hexahydrate; heptahydrate	TRUE	NO_CAS_PROVIDED	7446-20-0	NOT_APPLICABLE(unmapped)	CHEBI:32312	OK	high	The stated heptahydrate is an established form of zinc sulfate; known hydrates are monohydrate; tetrahydrate; hexahydrate; heptahydrate. No exact MIM preferred-term row exists; this CultureMech-only label should be checked against its source recipe before ingestion.	167	NA	NOT_FOUND	NONE
Magnesium Sulfate Heptahydrate	NOT_IN_MIM	NA	0	UNKNOWN	heptahydrate	monohydrate; dihydrate; tetrahydrate; pentahydrate; hexahydrate; heptahydrate; undecahydrate	TRUE	NO_CAS_PROVIDED	10034-99-8	NOT_APPLICABLE(unmapped)	CHEBI:31795	OK	high	The stated heptahydrate is an established form of magnesium sulfate; known hydrates are monohydrate; dihydrate; tetrahydrate; pentahydrate; hexahydrate; heptahydrate; undecahydrate. No exact MIM preferred-term row exists; this CultureMech-only label should be checked against its source recipe before ingestion.	166	NA	NOT_FOUND	NONE
5% Na2S・9H2O solution	NOT_IN_MIM	NA	0	UNKNOWN	nonahydrate	dihydrate; pentahydrate; nonahydrate	TRUE	NO_CAS_PROVIDED	1313-84-4	NOT_APPLICABLE(unmapped)	CHEBI:76209	OK	high	The stated nonahydrate is an established form of sodium sulfide; known hydrates are dihydrate; pentahydrate; nonahydrate. No exact MIM preferred-term row exists; this CultureMech-only label should be checked against its source recipe before ingestion.	163	NA	NOT_FOUND	NONE
Na2S·9H2O	NOT_IN_MIM	NA	0	UNKNOWN	nonahydrate	dihydrate; pentahydrate; nonahydrate	TRUE	NO_CAS_PROVIDED	1313-84-4	NOT_APPLICABLE(unmapped)	CHEBI:76209	OK	high	The stated nonahydrate is an established form of sodium sulfide; known hydrates are dihydrate; pentahydrate; nonahydrate. No exact MIM preferred-term row exists; this CultureMech-only label should be checked against its source recipe before ingestion.	160	NA	NOT_FOUND	NONE
Copper (II) sulfate pentahydrate	NOT_IN_MIM	NA	0	UNKNOWN	pentahydrate	monohydrate; trihydrate; pentahydrate; heptahydrate	TRUE	NO_CAS_PROVIDED	7758-99-8	NOT_APPLICABLE(unmapped)	CHEBI:31440	OK	high	The stated pentahydrate is an established form of copper(II) sulfate; known hydrates are monohydrate; trihydrate; pentahydrate; heptahydrate. No exact MIM preferred-term row exists; this CultureMech-only label should be checked against its source recipe before ingestion.	154	NA	NOT_FOUND	NONE
FeSO4・7H2O	NOT_IN_MIM	NA	0	UNKNOWN	heptahydrate	monohydrate; tetrahydrate; pentahydrate; hexahydrate; heptahydrate	TRUE	NO_CAS_PROVIDED	7782-63-0	NOT_APPLICABLE(unmapped)	CHEBI:75836	OK	high	The stated heptahydrate is an established form of iron(II) sulfate; known hydrates are monohydrate; tetrahydrate; pentahydrate; hexahydrate; heptahydrate. No exact MIM preferred-term row exists; this CultureMech-only label should be checked against its source recipe before ingestion.	153	NA	NOT_FOUND	NONE
Sodium Molybdate Dihydrate	NOT_IN_MIM	NA	0	UNKNOWN	dihydrate	dihydrate; decahydrate	TRUE	NO_CAS_PROVIDED	10102-40-6	NOT_APPLICABLE(unmapped)	CHEBI:75213	OK	high	The stated dihydrate is an established form of sodium molybdate; known hydrates are dihydrate; decahydrate. No exact MIM preferred-term row exists; this CultureMech-only label should be checked against its source recipe before ingestion.	147	NA	NOT_FOUND	NONE
FeCl3·6H2O	NOT_IN_MIM	NA	0	UNKNOWN	hexahydrate	hexahydrate	TRUE	NO_CAS_PROVIDED	10025-77-1	NOT_APPLICABLE(unmapped)	CHEBI:86254	OK	high	The stated hexahydrate is an established form of iron(III) chloride; known hydrates are hexahydrate. No exact MIM preferred-term row exists; this CultureMech-only label should be checked against its source recipe before ingestion.	142	NA	NOT_FOUND	NONE
(NH4)6Mo7O24 x 4 H2O	mediadive.compound:120	NA	0	UNKNOWN	tetrahydrate	tetrahydrate	TRUE	NO_CAS_PROVIDED	12054-85-2	NOT_APPLICABLE(unmapped)	cas:12054-85-2	OK	high	The stated tetrahydrate is an established form of ammonium heptamolybdate; known hydrates are tetrahydrate. This is MediaDive compound 120 and the fix or confirmation belongs upstream before MIM ingestion.	137	120	NOT_FOUND	NONE
Manganese (II) sulfate monohydrate	NOT_IN_MIM	NA	0	UNKNOWN	monohydrate	monohydrate; dihydrate; tetrahydrate; pentahydrate; hexahydrate; heptahydrate	TRUE	NO_CAS_PROVIDED	10034-96-5	NOT_APPLICABLE(unmapped)	CHEBI:86364	OK	high	The stated monohydrate is an established form of manganese(II) sulfate; known hydrates are monohydrate; dihydrate; tetrahydrate; pentahydrate; hexahydrate; heptahydrate. No exact MIM preferred-term row exists; this CultureMech-only label should be checked against its source recipe before ingestion.	136	NA	NOT_FOUND	NONE
Na2S・9H2O	NOT_IN_MIM	NA	0	UNKNOWN	nonahydrate	dihydrate; pentahydrate; nonahydrate	TRUE	NO_CAS_PROVIDED	1313-84-4	NOT_APPLICABLE(unmapped)	CHEBI:76209	OK	high	The stated nonahydrate is an established form of sodium sulfide; known hydrates are dihydrate; pentahydrate; nonahydrate. No exact MIM preferred-term row exists; this CultureMech-only label should be checked against its source recipe before ingestion.	134	NA	NOT_FOUND	NONE
ZnSO4·7H2O	NOT_IN_MIM	NA	0	UNKNOWN	heptahydrate	monohydrate; tetrahydrate; hexahydrate; heptahydrate	TRUE	NO_CAS_PROVIDED	7446-20-0	NOT_APPLICABLE(unmapped)	CHEBI:32312	OK	high	The stated heptahydrate is an established form of zinc sulfate; known hydrates are monohydrate; tetrahydrate; hexahydrate; heptahydrate. No exact MIM preferred-term row exists; this CultureMech-only label should be checked against its source recipe before ingestion.	132	NA	NOT_FOUND	NONE
Calcium Chloride Dihydrate	NOT_IN_MIM	NA	0	UNKNOWN	dihydrate	monohydrate; dihydrate; tetrahydrate; hexahydrate	TRUE	NO_CAS_PROVIDED	10035-04-8	NOT_APPLICABLE(unmapped)	CHEBI:86158	OK	high	The stated dihydrate is an established form of calcium chloride; known hydrates are monohydrate; dihydrate; tetrahydrate; hexahydrate. No exact MIM preferred-term row exists; this CultureMech-only label should be checked against its source recipe before ingestion.	131	NA	NOT_FOUND	NONE
L--Cysteine・HCl・H2O	NOT_IN_MIM	NA	0	UNKNOWN	monohydrate	monohydrate	TRUE	NO_CAS_PROVIDED	7048-04-6	NOT_APPLICABLE(unmapped)	CHEBI:91248	OK	high	The stated monohydrate is an established form of L-cysteine hydrochloride; known hydrates are monohydrate. No exact MIM preferred-term row exists; this CultureMech-only label should be checked against its source recipe before ingestion.	126	NA	NOT_FOUND	NONE
Sodium selenite pentahydrate	NOT_IN_MIM	NA	0	UNKNOWN	pentahydrate	pentahydrate	TRUE	NO_CAS_PROVIDED	26970-82-1	NOT_APPLICABLE(unmapped)	CHEBI:131361	OK	high	The stated pentahydrate is an established form of sodium selenite; known hydrates are pentahydrate. No exact MIM preferred-term row exists; this CultureMech-only label should be checked against its source recipe before ingestion.	124	NA	NOT_FOUND	NONE
Aluminum potassium sulfate dodecahydrate	NOT_IN_MIM	NA	0	UNKNOWN	dodecahydrate	dodecahydrate	TRUE	NO_CAS_PROVIDED	7784-24-9	NOT_APPLICABLE(unmapped)	CHEBI:86465	OK	high	The stated dodecahydrate is an established form of potassium aluminium sulfate; known hydrates are dodecahydrate. No exact MIM preferred-term row exists; this CultureMech-only label should be checked against its source recipe before ingestion.	117	NA	NOT_FOUND	NONE
Na2MoO4・2H2O	NOT_IN_MIM	NA	0	UNKNOWN	dihydrate	dihydrate; decahydrate	TRUE	NO_CAS_PROVIDED	10102-40-6	NOT_APPLICABLE(unmapped)	CHEBI:75213	OK	high	The stated dihydrate is an established form of sodium molybdate; known hydrates are dihydrate; decahydrate. No exact MIM preferred-term row exists; this CultureMech-only label should be checked against its source recipe before ingestion.	114	NA	NOT_FOUND	NONE
MnCl2・4H2O	NOT_IN_MIM	NA	0	UNKNOWN	tetrahydrate	monohydrate; dihydrate; tetrahydrate	TRUE	NO_CAS_PROVIDED	13446-34-9	NOT_APPLICABLE(unmapped)	CHEBI:86368	OK	high	The stated tetrahydrate is an established form of manganese(II) chloride; known hydrates are monohydrate; dihydrate; tetrahydrate. No exact MIM preferred-term row exists; this CultureMech-only label should be checked against its source recipe before ingestion.	108	NA	NOT_FOUND	NONE
NiCl2・6H2O	NOT_IN_MIM	NA	0	UNKNOWN	hexahydrate	monohydrate; dihydrate; tetrahydrate; hexahydrate; low-temperature heptahydrate	TRUE	NO_CAS_PROVIDED	7791-20-0	NOT_APPLICABLE(unmapped)	CHEBI:53542	OK	high	The stated hexahydrate is an established form of nickel(II) chloride; known hydrates are monohydrate; dihydrate; tetrahydrate; hexahydrate; low-temperature heptahydrate. No exact MIM preferred-term row exists; this CultureMech-only label should be checked against its source recipe before ingestion.	100	NA	NOT_FOUND	NONE
Calcium chloride dihydrate	mediadive.compound:1584	NA	0	UNKNOWN	dihydrate	monohydrate; dihydrate; tetrahydrate; hexahydrate	TRUE	NO_CAS_PROVIDED	10035-04-8	NOT_APPLICABLE(unmapped)	CHEBI:86158	OK	high	The stated dihydrate is an established form of calcium chloride; known hydrates are monohydrate; dihydrate; tetrahydrate; hexahydrate. This is MediaDive compound 1584 and the fix or confirmation belongs upstream before MIM ingestion.	98	1584	NOT_FOUND	NONE
CoCl2・6H2O	NOT_IN_MIM	NA	0	UNKNOWN	hexahydrate	monohydrate; dihydrate; tetrahydrate; hexahydrate	TRUE	NO_CAS_PROVIDED	7791-13-1	NOT_APPLICABLE(unmapped)	CHEBI:53503	OK	high	The stated hexahydrate is an established form of cobalt(II) chloride; known hydrates are monohydrate; dihydrate; tetrahydrate; hexahydrate. No exact MIM preferred-term row exists; this CultureMech-only label should be checked against its source recipe before ingestion.	87	NA	NOT_FOUND	NONE
ZnSO4・7H2O	NOT_IN_MIM	NA	0	UNKNOWN	heptahydrate	monohydrate; tetrahydrate; hexahydrate; heptahydrate	TRUE	NO_CAS_PROVIDED	7446-20-0	NOT_APPLICABLE(unmapped)	CHEBI:32312	OK	high	The stated heptahydrate is an established form of zinc sulfate; known hydrates are monohydrate; tetrahydrate; hexahydrate; heptahydrate. No exact MIM preferred-term row exists; this CultureMech-only label should be checked against its source recipe before ingestion.	85	NA	NOT_FOUND	NONE
Cobalt(II) nitrate hexahydrate	NOT_IN_MIM	NA	0	UNKNOWN	hexahydrate	hexahydrate	TRUE	NO_CAS_PROVIDED	10026-22-9	NOT_APPLICABLE(unmapped)	CHEBI:86214	OK	high	The stated hexahydrate is an established form of cobalt(II) nitrate; known hydrates are hexahydrate. No exact MIM preferred-term row exists; this CultureMech-only label should be checked against its source recipe before ingestion.	69	NA	NOT_FOUND	NONE
Sodium tungstate dihydrate	NOT_IN_MIM	NA	0	UNKNOWN	dihydrate	monohydrate; dihydrate	TRUE	NO_CAS_PROVIDED	10213-10-2	NOT_APPLICABLE(unmapped)	CHEBI:63939	OK	high	The stated dihydrate is an established form of sodium tungstate; known hydrates are monohydrate; dihydrate. No exact MIM preferred-term row exists; this CultureMech-only label should be checked against its source recipe before ingestion.	69	NA	NOT_FOUND	NONE
CuSO4·5H2O	NOT_IN_MIM	NA	0	UNKNOWN	pentahydrate	monohydrate; trihydrate; pentahydrate; heptahydrate	TRUE	NO_CAS_PROVIDED	7758-99-8	NOT_APPLICABLE(unmapped)	CHEBI:31440	OK	high	The stated pentahydrate is an established form of copper(II) sulfate; known hydrates are monohydrate; trihydrate; pentahydrate; heptahydrate. No exact MIM preferred-term row exists; this CultureMech-only label should be checked against its source recipe before ingestion.	67	NA	NOT_FOUND	NONE
CuCl2・2H2O	NOT_IN_MIM	NA	0	UNKNOWN	dihydrate	monohydrate (reported); dihydrate	TRUE	NO_CAS_PROVIDED	10125-13-0	NOT_APPLICABLE(unmapped)	CHEBI:86318	OK	high	The stated dihydrate is an established form of copper(II) chloride; known hydrates are monohydrate (reported); dihydrate. No exact MIM preferred-term row exists; this CultureMech-only label should be checked against its source recipe before ingestion.	65	NA	NOT_FOUND	NONE
MnSO4・xH2O	NOT_IN_MIM	NA	0	UNKNOWN	hydrate (unspecified stoichiometry)	monohydrate; dihydrate; tetrahydrate; pentahydrate; hexahydrate; heptahydrate	UNSPECIFIED	NO_CAS_PROVIDED	UNKNOWN	NOT_APPLICABLE(unmapped)	UNKNOWN	NEEDS_SOURCE	low	The label does not establish a unique water stoichiometry for manganese(II) sulfate; the original recipe or registry record is required. No exact MIM preferred-term row exists; this CultureMech-only label should be checked against its source recipe before ingestion.	62	NA	NOT_FOUND	CULTUREMECH
Na2WO4・2H2O	NOT_IN_MIM	NA	0	UNKNOWN	dihydrate	monohydrate; dihydrate	TRUE	NO_CAS_PROVIDED	10213-10-2	NOT_APPLICABLE(unmapped)	CHEBI:63939	OK	high	The stated dihydrate is an established form of sodium tungstate; known hydrates are monohydrate; dihydrate. No exact MIM preferred-term row exists; this CultureMech-only label should be checked against its source recipe before ingestion.	58	NA	NOT_FOUND	NONE
CuSO4・5H2O	NOT_IN_MIM	NA	0	UNKNOWN	pentahydrate	monohydrate; trihydrate; pentahydrate; heptahydrate	TRUE	NO_CAS_PROVIDED	7758-99-8	NOT_APPLICABLE(unmapped)	CHEBI:31440	OK	high	The stated pentahydrate is an established form of copper(II) sulfate; known hydrates are monohydrate; trihydrate; pentahydrate; heptahydrate. No exact MIM preferred-term row exists; this CultureMech-only label should be checked against its source recipe before ingestion.	58	NA	NOT_FOUND	NONE
KAl(SO4)2·12H2O	NOT_IN_MIM	NA	0	UNKNOWN	dodecahydrate	dodecahydrate	TRUE	NO_CAS_PROVIDED	7784-24-9	NOT_APPLICABLE(unmapped)	CHEBI:86465	OK	high	The stated dodecahydrate is an established form of potassium aluminium sulfate; known hydrates are dodecahydrate. No exact MIM preferred-term row exists; this CultureMech-only label should be checked against its source recipe before ingestion.	57	NA	NOT_FOUND	NONE
Manganese (II) chloride tetrahydrate	NOT_IN_MIM	NA	0	UNKNOWN	tetrahydrate	monohydrate; dihydrate; tetrahydrate	TRUE	NO_CAS_PROVIDED	13446-34-9	NOT_APPLICABLE(unmapped)	CHEBI:86368	OK	high	The stated tetrahydrate is an established form of manganese(II) chloride; known hydrates are monohydrate; dihydrate; tetrahydrate. No exact MIM preferred-term row exists; this CultureMech-only label should be checked against its source recipe before ingestion.	57	NA	NOT_FOUND	NONE
Na-acetate x 3 H2O	mediadive.compound:294	NA	0	UNKNOWN	trihydrate	trihydrate	TRUE	NO_CAS_PROVIDED	6131-90-4	NOT_APPLICABLE(unmapped)	CHEBI:32138	OK	high	The stated trihydrate is an established form of sodium acetate; known hydrates are trihydrate. This is MediaDive compound 294 and the fix or confirmation belongs upstream before MIM ingestion.	55	294	NOT_FOUND	NONE
Na2SeO3・5H2O	NOT_IN_MIM	NA	0	UNKNOWN	pentahydrate	pentahydrate	TRUE	NO_CAS_PROVIDED	26970-82-1	NOT_APPLICABLE(unmapped)	CHEBI:131361	OK	high	The stated pentahydrate is an established form of sodium selenite; known hydrates are pentahydrate. No exact MIM preferred-term row exists; this CultureMech-only label should be checked against its source recipe before ingestion.	55	NA	NOT_FOUND	NONE
Na2S2O3・5H2O	NOT_IN_MIM	NA	0	UNKNOWN	pentahydrate	pentahydrate	TRUE	NO_CAS_PROVIDED	10102-17-7	NOT_APPLICABLE(unmapped)	CHEBI:32150	OK	high	The stated pentahydrate is an established form of sodium thiosulfate; known hydrates are pentahydrate. No exact MIM preferred-term row exists; this CultureMech-only label should be checked against its source recipe before ingestion.	54	NA	NOT_FOUND	NONE
VOSO4 x n H2O	CHEBI:87020	vanadyl sulfate hydrate	32	123334-20-3	hydrate (unspecified stoichiometry)	monohydrate; dihydrate; trihydrate; pentahydrate	UNSPECIFIED	MATCHES_HYDRATE	123334-20-3	CORRECT	CHEBI:87020	OK	high	Variable n intentionally leaves stoichiometry open; CHEBI:87020, CAS 123334-20-3, and (H2O)n.O5SV consistently represent vanadyl sulfate hydrate. MIM source fields: mapping_status=MAPPED; mapping_quality=SYNONYM_MATCH; molecular_formula=(H2O)n.O5SV.	53	1062	skos:exactMatch	NONE
Na2WO4·2H2O	NOT_IN_MIM	NA	0	UNKNOWN	dihydrate	monohydrate; dihydrate	TRUE	NO_CAS_PROVIDED	10213-10-2	NOT_APPLICABLE(unmapped)	CHEBI:63939	OK	high	The stated dihydrate is an established form of sodium tungstate; known hydrates are monohydrate; dihydrate. No exact MIM preferred-term row exists; this CultureMech-only label should be checked against its source recipe before ingestion.	51	NA	NOT_FOUND	NONE
Magnesium sulfate heptahydrate	mediadive.compound:1583	NA	0	UNKNOWN	heptahydrate	monohydrate; dihydrate; tetrahydrate; pentahydrate; hexahydrate; heptahydrate; undecahydrate	TRUE	NO_CAS_PROVIDED	10034-99-8	NOT_APPLICABLE(unmapped)	CHEBI:31795	OK	high	The stated heptahydrate is an established form of magnesium sulfate; known hydrates are monohydrate; dihydrate; tetrahydrate; pentahydrate; hexahydrate; heptahydrate; undecahydrate. This is MediaDive compound 1583 and the fix or confirmation belongs upstream before MIM ingestion.	51	1583	NOT_FOUND	NONE
Magnesium chloride hexahydrate	NOT_IN_MIM	NA	0	UNKNOWN	hexahydrate	monohydrate; dihydrate; tetrahydrate; hexahydrate; octahydrate; dodecahydrate	TRUE	NO_CAS_PROVIDED	7791-18-6	NOT_APPLICABLE(unmapped)	CHEBI:86345	OK	high	The stated hexahydrate is an established form of magnesium chloride; known hydrates are monohydrate; dihydrate; tetrahydrate; hexahydrate; octahydrate; dodecahydrate. No exact MIM preferred-term row exists; this CultureMech-only label should be checked against its source recipe before ingestion.	51	NA	NOT_FOUND	NONE
FeCl2・4H2O	NOT_IN_MIM	NA	0	UNKNOWN	tetrahydrate	dihydrate; tetrahydrate	TRUE	NO_CAS_PROVIDED	13478-10-9	NOT_APPLICABLE(unmapped)	CHEBI:86249	OK	high	The stated tetrahydrate is an established form of iron(II) chloride; known hydrates are dihydrate; tetrahydrate. No exact MIM preferred-term row exists; this CultureMech-only label should be checked against its source recipe before ingestion.	49	NA	NOT_FOUND	NONE
L-Cysteine-HCl x H2O	NOT_IN_MIM	NA	0	UNKNOWN	monohydrate	monohydrate	TRUE	NO_CAS_PROVIDED	7048-04-6	NOT_APPLICABLE(unmapped)	CHEBI:91248	OK	high	The stated monohydrate is an established form of L-cysteine hydrochloride; known hydrates are monohydrate. No exact MIM preferred-term row exists; this CultureMech-only label should be checked against its source recipe before ingestion.	46	NA	NOT_FOUND	NONE
Na2S2O3·5H2O	NOT_IN_MIM	NA	0	UNKNOWN	pentahydrate	pentahydrate	TRUE	NO_CAS_PROVIDED	10102-17-7	NOT_APPLICABLE(unmapped)	CHEBI:32150	OK	high	The stated pentahydrate is an established form of sodium thiosulfate; known hydrates are pentahydrate. No exact MIM preferred-term row exists; this CultureMech-only label should be checked against its source recipe before ingestion.	43	NA	NOT_FOUND	NONE
FeCl2·4H2O	NOT_IN_MIM	NA	0	UNKNOWN	tetrahydrate	dihydrate; tetrahydrate	TRUE	NO_CAS_PROVIDED	13478-10-9	NOT_APPLICABLE(unmapped)	CHEBI:86249	OK	high	The stated tetrahydrate is an established form of iron(II) chloride; known hydrates are dihydrate; tetrahydrate. No exact MIM preferred-term row exists; this CultureMech-only label should be checked against its source recipe before ingestion.	43	NA	NOT_FOUND	NONE
copper (II) chloride dihydrate	NOT_IN_MIM	NA	0	UNKNOWN	dihydrate	monohydrate (reported); dihydrate	TRUE	NO_CAS_PROVIDED	10125-13-0	NOT_APPLICABLE(unmapped)	CHEBI:86318	OK	high	The stated dihydrate is an established form of copper(II) chloride; known hydrates are monohydrate (reported); dihydrate. No exact MIM preferred-term row exists; this CultureMech-only label should be checked against its source recipe before ingestion.	43	NA	NOT_FOUND	NONE
5% Na2S·9H2O solution	NOT_IN_MIM	NA	0	UNKNOWN	nonahydrate	dihydrate; pentahydrate; nonahydrate	TRUE	NO_CAS_PROVIDED	1313-84-4	NOT_APPLICABLE(unmapped)	CHEBI:76209	OK	high	The stated nonahydrate is an established form of sodium sulfide; known hydrates are dihydrate; pentahydrate; nonahydrate. No exact MIM preferred-term row exists; this CultureMech-only label should be checked against its source recipe before ingestion.	39	NA	NOT_FOUND	NONE
Molybdic acid ammonium salt tetrahydrate	NOT_IN_MIM	NA	0	UNKNOWN	tetrahydrate	tetrahydrate	TRUE	NO_CAS_PROVIDED	12054-85-2	NOT_APPLICABLE(unmapped)	cas:12054-85-2	OK	high	The stated tetrahydrate is an established form of ammonium heptamolybdate; known hydrates are tetrahydrate. No exact MIM preferred-term row exists; this CultureMech-only label should be checked against its source recipe before ingestion.	38	NA	NOT_FOUND	NONE
FeCl3・6H2O	NOT_IN_MIM	NA	0	UNKNOWN	hexahydrate	hexahydrate	TRUE	NO_CAS_PROVIDED	10025-77-1	NOT_APPLICABLE(unmapped)	CHEBI:86254	OK	high	The stated hexahydrate is an established form of iron(III) chloride; known hydrates are hexahydrate. No exact MIM preferred-term row exists; this CultureMech-only label should be checked against its source recipe before ingestion.	38	NA	NOT_FOUND	NONE
Fe2(SO4)3 x n H2O	CHEBI:53438	iron(3+) sulfate	20	10028-22-5	hydrate (unspecified stoichiometry)	trihydrate; hexahydrate; heptahydrate; nonahydrate; decahydrate; dodecahydrate	UNSPECIFIED	MATCHES_ANHYDROUS_WRONGLY	UNKNOWN	WRONG_TERM_ANHYDROUS	none exists	MINT	high	Variable n is admissible, but CHEBI:53438, CAS 10028-22-5, and 2Fe.3O4S are anhydrous iron(III) sulfate and inconsistent with the hydrate label; no exact ChEBI hydrate term is asserted. Published SSSOM skos:exactMatch to CHEBI:53438 therefore asserts a false hydrate-to-anhydrous identity. MIM source fields: mapping_status=MAPPED; mapping_quality=EXACT_MATCH; molecular_formula=2Fe.3O4S.	38	1265	skos:exactMatch	MIM
Sodium sulfide nonahydrate	NOT_IN_MIM	NA	0	UNKNOWN	nonahydrate	dihydrate; pentahydrate; nonahydrate	TRUE	NO_CAS_PROVIDED	1313-84-4	NOT_APPLICABLE(unmapped)	CHEBI:76209	OK	high	The stated nonahydrate is an established form of sodium sulfide; known hydrates are dihydrate; pentahydrate; nonahydrate. No exact MIM preferred-term row exists; this CultureMech-only label should be checked against its source recipe before ingestion.	36	NA	NOT_FOUND	NONE
L--cysteine・HCl・H2O	NOT_IN_MIM	NA	0	UNKNOWN	monohydrate	monohydrate	TRUE	NO_CAS_PROVIDED	7048-04-6	NOT_APPLICABLE(unmapped)	CHEBI:91248	OK	high	The stated monohydrate is an established form of L-cysteine hydrochloride; known hydrates are monohydrate. No exact MIM preferred-term row exists; this CultureMech-only label should be checked against its source recipe before ingestion.	35	NA	NOT_FOUND	NONE
5% L--Cysteine・HCl・H2O solution	NOT_IN_MIM	NA	0	UNKNOWN	monohydrate	monohydrate	TRUE	NO_CAS_PROVIDED	7048-04-6	NOT_APPLICABLE(unmapped)	CHEBI:91248	OK	high	The stated monohydrate is an established form of L-cysteine hydrochloride; known hydrates are monohydrate. No exact MIM preferred-term row exists; this CultureMech-only label should be checked against its source recipe before ingestion.	33	NA	NOT_FOUND	NONE
NaH2PO4 x H2O	mediadive.compound:282	NA	0	UNKNOWN	monohydrate	monohydrate; dihydrate	TRUE	NO_CAS_PROVIDED	10049-21-5	NOT_APPLICABLE(unmapped)	CHEBI:114249	OK	high	The stated monohydrate is an established form of sodium dihydrogenphosphate; known hydrates are monohydrate; dihydrate. This is MediaDive compound 282 and the fix or confirmation belongs upstream before MIM ingestion.	33	282	NOT_FOUND	NONE
MgSO4 . 7H2O	NOT_IN_MIM	NA	0	UNKNOWN	heptahydrate	monohydrate; dihydrate; tetrahydrate; pentahydrate; hexahydrate; heptahydrate; undecahydrate	TRUE	NO_CAS_PROVIDED	10034-99-8	NOT_APPLICABLE(unmapped)	CHEBI:31795	OK	high	The stated heptahydrate is an established form of magnesium sulfate; known hydrates are monohydrate; dihydrate; tetrahydrate; pentahydrate; hexahydrate; heptahydrate; undecahydrate. No exact MIM preferred-term row exists; this CultureMech-only label should be checked against its source recipe before ingestion.	32	NA	NOT_FOUND	NONE
Sodium acetate x 3 H2O	mediadive.compound:1817	NA	0	UNKNOWN	trihydrate	trihydrate	TRUE	NO_CAS_PROVIDED	6131-90-4	NOT_APPLICABLE(unmapped)	CHEBI:32138	OK	high	The stated trihydrate is an established form of sodium acetate; known hydrates are trihydrate. This is MediaDive compound 1817 and the fix or confirmation belongs upstream before MIM ingestion.	32	1817	NOT_FOUND	NONE
KAl(SO4)2 x 12 H2O	NOT_IN_MIM	NA	0	UNKNOWN	dodecahydrate	dodecahydrate	TRUE	NO_CAS_PROVIDED	7784-24-9	NOT_APPLICABLE(unmapped)	CHEBI:86465	OK	high	The stated dodecahydrate is an established form of potassium aluminium sulfate; known hydrates are dodecahydrate. No exact MIM preferred-term row exists; this CultureMech-only label should be checked against its source recipe before ingestion.	31	NA	NOT_FOUND	NONE
Na2MoO4 . 2H2O	NOT_IN_MIM	NA	0	UNKNOWN	dihydrate	dihydrate; decahydrate	TRUE	NO_CAS_PROVIDED	10102-40-6	NOT_APPLICABLE(unmapped)	CHEBI:75213	OK	high	The stated dihydrate is an established form of sodium molybdate; known hydrates are dihydrate; decahydrate. No exact MIM preferred-term row exists; this CultureMech-only label should be checked against its source recipe before ingestion.	29	NA	NOT_FOUND	NONE
CoSO4·7H2O	NOT_IN_MIM	NA	0	UNKNOWN	heptahydrate	monohydrate; hexahydrate; heptahydrate	TRUE	NO_CAS_PROVIDED	10026-24-1	NOT_APPLICABLE(unmapped)	CHEBI:91244	OK	high	The stated heptahydrate is an established form of cobalt(II) sulfate; known hydrates are monohydrate; hexahydrate; heptahydrate. No exact MIM preferred-term row exists; this CultureMech-only label should be checked against its source recipe before ingestion.	29	NA	NOT_FOUND	NONE
L-Cysteine・HCl・H2O	NOT_IN_MIM	NA	0	UNKNOWN	monohydrate	monohydrate	TRUE	NO_CAS_PROVIDED	7048-04-6	NOT_APPLICABLE(unmapped)	CHEBI:91248	OK	high	The stated monohydrate is an established form of L-cysteine hydrochloride; known hydrates are monohydrate. No exact MIM preferred-term row exists; this CultureMech-only label should be checked against its source recipe before ingestion.	28	NA	NOT_FOUND	NONE
Na2 MoO4 x 2 H2O	mediadive.compound:1503	NA	0	UNKNOWN	dihydrate	dihydrate; decahydrate	TRUE	NO_CAS_PROVIDED	10102-40-6	NOT_APPLICABLE(unmapped)	CHEBI:75213	OK	high	The stated dihydrate is an established form of sodium molybdate; known hydrates are dihydrate; decahydrate. This is MediaDive compound 1503 and the fix or confirmation belongs upstream before MIM ingestion.	28	1503	NOT_FOUND	NONE
5% L-Cysteine・HCl・H2O solution	NOT_IN_MIM	NA	0	UNKNOWN	monohydrate	monohydrate	TRUE	NO_CAS_PROVIDED	7048-04-6	NOT_APPLICABLE(unmapped)	CHEBI:91248	OK	high	The stated monohydrate is an established form of L-cysteine hydrochloride; known hydrates are monohydrate. No exact MIM preferred-term row exists; this CultureMech-only label should be checked against its source recipe before ingestion.	28	NA	NOT_FOUND	NONE
Sodium thiosulfate pentahydrate	mediadive.compound:1092	NA	0	UNKNOWN	pentahydrate	pentahydrate	TRUE	NO_CAS_PROVIDED	10102-17-7	NOT_APPLICABLE(unmapped)	CHEBI:32150	OK	high	The stated pentahydrate is an established form of sodium thiosulfate; known hydrates are pentahydrate. This is MediaDive compound 1092 and the fix or confirmation belongs upstream before MIM ingestion.	27	1092	NOT_FOUND	NONE
FeSO4 . 7H2O	NOT_IN_MIM	NA	0	UNKNOWN	heptahydrate	monohydrate; tetrahydrate; pentahydrate; hexahydrate; heptahydrate	TRUE	NO_CAS_PROVIDED	7782-63-0	NOT_APPLICABLE(unmapped)	CHEBI:75836	OK	high	The stated heptahydrate is an established form of iron(II) sulfate; known hydrates are monohydrate; tetrahydrate; pentahydrate; hexahydrate; heptahydrate. No exact MIM preferred-term row exists; this CultureMech-only label should be checked against its source recipe before ingestion.	26	NA	NOT_FOUND	NONE
Fe(NH4)2(SO4)2・6H2O	NOT_IN_MIM	NA	0	UNKNOWN	hexahydrate	hexahydrate; heptahydrate reported but uncertain	TRUE	NO_CAS_PROVIDED	7783-85-9	NOT_APPLICABLE(unmapped)	CHEBI:76181	OK	high	The stated hexahydrate is an established form of ferrous ammonium sulfate; known hydrates are hexahydrate; heptahydrate reported but uncertain. No exact MIM preferred-term row exists; this CultureMech-only label should be checked against its source recipe before ingestion.	26	NA	NOT_FOUND	NONE
ZnSO4 . 7H2O	NOT_IN_MIM	NA	0	UNKNOWN	heptahydrate	monohydrate; tetrahydrate; hexahydrate; heptahydrate	TRUE	NO_CAS_PROVIDED	7446-20-0	NOT_APPLICABLE(unmapped)	CHEBI:32312	OK	high	The stated heptahydrate is an established form of zinc sulfate; known hydrates are monohydrate; tetrahydrate; hexahydrate; heptahydrate. No exact MIM preferred-term row exists; this CultureMech-only label should be checked against its source recipe before ingestion.	25	NA	NOT_FOUND	NONE
Trisodium citrate・2H2O	NOT_IN_MIM	NA	0	UNKNOWN	dihydrate	dihydrate	TRUE	NO_CAS_PROVIDED	6132-04-3	NOT_APPLICABLE(unmapped)	CHEBI:32142	OK	high	The stated dihydrate is an established form of trisodium citrate; known hydrates are dihydrate. No exact MIM preferred-term row exists; this CultureMech-only label should be checked against its source recipe before ingestion.	25	NA	NOT_FOUND	NONE
magnesium chloride hexahydrate	NOT_IN_MIM	NA	0	UNKNOWN	hexahydrate	monohydrate; dihydrate; tetrahydrate; hexahydrate; octahydrate; dodecahydrate	TRUE	NO_CAS_PROVIDED	7791-18-6	NOT_APPLICABLE(unmapped)	CHEBI:86345	OK	high	The stated hexahydrate is an established form of magnesium chloride; known hydrates are monohydrate; dihydrate; tetrahydrate; hexahydrate; octahydrate; dodecahydrate. No exact MIM preferred-term row exists; this CultureMech-only label should be checked against its source recipe before ingestion.	25	NA	NOT_FOUND	NONE
sodium citrate dihydrate	NOT_IN_MIM	NA	0	UNKNOWN	dihydrate	dihydrate	TRUE	NO_CAS_PROVIDED	6132-04-3	NOT_APPLICABLE(unmapped)	CHEBI:32142	OK	high	The stated dihydrate is an established form of trisodium citrate; known hydrates are dihydrate. No exact MIM preferred-term row exists; this CultureMech-only label should be checked against its source recipe before ingestion.	25	NA	NOT_FOUND	NONE
sodium molybdate dihydrate	NOT_IN_MIM	NA	0	UNKNOWN	dihydrate	dihydrate; decahydrate	TRUE	NO_CAS_PROVIDED	10102-40-6	NOT_APPLICABLE(unmapped)	CHEBI:75213	OK	high	The stated dihydrate is an established form of sodium molybdate; known hydrates are dihydrate; decahydrate. No exact MIM preferred-term row exists; this CultureMech-only label should be checked against its source recipe before ingestion.	25	NA	NOT_FOUND	NONE
nickel (II) chloride hexahydrate	NOT_IN_MIM	NA	0	UNKNOWN	hexahydrate	monohydrate; dihydrate; tetrahydrate; hexahydrate; low-temperature heptahydrate	TRUE	NO_CAS_PROVIDED	7791-20-0	NOT_APPLICABLE(unmapped)	CHEBI:53542	OK	high	The stated hexahydrate is an established form of nickel(II) chloride; known hydrates are monohydrate; dihydrate; tetrahydrate; hexahydrate; low-temperature heptahydrate. No exact MIM preferred-term row exists; this CultureMech-only label should be checked against its source recipe before ingestion.	25	NA	NOT_FOUND	NONE
sodium tungstate dihydrate	NOT_IN_MIM	NA	0	UNKNOWN	dihydrate	monohydrate; dihydrate	TRUE	NO_CAS_PROVIDED	10213-10-2	NOT_APPLICABLE(unmapped)	CHEBI:63939	OK	high	The stated dihydrate is an established form of sodium tungstate; known hydrates are monohydrate; dihydrate. No exact MIM preferred-term row exists; this CultureMech-only label should be checked against its source recipe before ingestion.	25	NA	NOT_FOUND	NONE
MnSO4·nH2O	NOT_IN_MIM	NA	0	UNKNOWN	hydrate (unspecified stoichiometry)	monohydrate; dihydrate; tetrahydrate; pentahydrate; hexahydrate; heptahydrate	UNSPECIFIED	NO_CAS_PROVIDED	UNKNOWN	NOT_APPLICABLE(unmapped)	UNKNOWN	NEEDS_SOURCE	low	The label does not establish a unique water stoichiometry for manganese(II) sulfate; the original recipe or registry record is required. No exact MIM preferred-term row exists; this CultureMech-only label should be checked against its source recipe before ingestion.	24	NA	NOT_FOUND	CULTUREMECH
H2O	mediadive.compound:56	NA	0	UNKNOWN	not applicable (not a hydrate label)	not applicable	TRUE	NO_CAS_PROVIDED	UNKNOWN	NOT_APPLICABLE(unmapped)	UNKNOWN	OK	high	Corpus-screening false positive: this is water or a dehydrated-medium product name, not a salt hydrate; no hydrate identity should be inferred. This is MediaDive compound 56 and the fix or confirmation belongs upstream before MIM ingestion.	23	56	NOT_FOUND	NONE
Na-EDTA x 2 H2O	mediadive.compound:890	NA	0	UNKNOWN	dihydrate	dihydrate	TRUE	NO_CAS_PROVIDED	6381-92-6	NOT_APPLICABLE(unmapped)	CHEBI:64758	OK	high	The stated dihydrate is an established form of disodium EDTA; known hydrates are dihydrate. This is MediaDive compound 890 and the fix or confirmation belongs upstream before MIM ingestion.	23	890	NOT_FOUND	NONE
MgSO4.7H2O	NOT_IN_MIM	NA	0	UNKNOWN	heptahydrate	monohydrate; dihydrate; tetrahydrate; pentahydrate; hexahydrate; heptahydrate; undecahydrate	TRUE	NO_CAS_PROVIDED	10034-99-8	NOT_APPLICABLE(unmapped)	CHEBI:31795	OK	high	The stated heptahydrate is an established form of magnesium sulfate; known hydrates are monohydrate; dihydrate; tetrahydrate; pentahydrate; hexahydrate; heptahydrate; undecahydrate. No exact MIM preferred-term row exists; this CultureMech-only label should be checked against its source recipe before ingestion.	23	NA	NOT_FOUND	NONE
CoSO4・7H2O	NOT_IN_MIM	NA	0	UNKNOWN	heptahydrate	monohydrate; hexahydrate; heptahydrate	TRUE	NO_CAS_PROVIDED	10026-24-1	NOT_APPLICABLE(unmapped)	CHEBI:91244	OK	high	The stated heptahydrate is an established form of cobalt(II) sulfate; known hydrates are monohydrate; hexahydrate; heptahydrate. No exact MIM preferred-term row exists; this CultureMech-only label should be checked against its source recipe before ingestion.	23	NA	NOT_FOUND	NONE
MnSO4·4H2O	NOT_IN_MIM	NA	0	UNKNOWN	tetrahydrate	monohydrate; dihydrate; tetrahydrate; pentahydrate; hexahydrate; heptahydrate	TRUE	NO_CAS_PROVIDED	10101-68-5	NOT_APPLICABLE(unmapped)	CHEBI:86358	OK	high	The stated tetrahydrate is an established form of manganese(II) sulfate; known hydrates are monohydrate; dihydrate; tetrahydrate; pentahydrate; hexahydrate; heptahydrate. No exact MIM preferred-term row exists; this CultureMech-only label should be checked against its source recipe before ingestion.	22	NA	NOT_FOUND	NONE
SrCl2・6H2O	NOT_IN_MIM	NA	0	UNKNOWN	hexahydrate	hemihydrate; monohydrate; dihydrate; hexahydrate	TRUE	NO_CAS_PROVIDED	10025-70-4	NOT_APPLICABLE(unmapped)	CHEBI:36385	OK	high	The stated hexahydrate is an established form of strontium chloride; known hydrates are hemihydrate; monohydrate; dihydrate; hexahydrate. No exact MIM preferred-term row exists; this CultureMech-only label should be checked against its source recipe before ingestion.	22	NA	NOT_FOUND	NONE
5% L-Cysteine·HCl·H2O solution	NOT_IN_MIM	NA	0	UNKNOWN	monohydrate	monohydrate	TRUE	NO_CAS_PROVIDED	7048-04-6	NOT_APPLICABLE(unmapped)	CHEBI:91248	OK	high	The stated monohydrate is an established form of L-cysteine hydrochloride; known hydrates are monohydrate. No exact MIM preferred-term row exists; this CultureMech-only label should be checked against its source recipe before ingestion.	22	NA	NOT_FOUND	NONE
CoCl2 . 6H2O	NOT_IN_MIM	NA	0	UNKNOWN	hexahydrate	monohydrate; dihydrate; tetrahydrate; hexahydrate	TRUE	NO_CAS_PROVIDED	7791-13-1	NOT_APPLICABLE(unmapped)	CHEBI:53503	OK	high	The stated hexahydrate is an established form of cobalt(II) chloride; known hydrates are monohydrate; dihydrate; tetrahydrate; hexahydrate. No exact MIM preferred-term row exists; this CultureMech-only label should be checked against its source recipe before ingestion.	22	NA	NOT_FOUND	NONE
manganese(II) chloride tetrahydrate	NOT_IN_MIM	NA	0	UNKNOWN	tetrahydrate	monohydrate; dihydrate; tetrahydrate	TRUE	NO_CAS_PROVIDED	13446-34-9	NOT_APPLICABLE(unmapped)	CHEBI:86368	OK	high	The stated tetrahydrate is an established form of manganese(II) chloride; known hydrates are monohydrate; dihydrate; tetrahydrate. No exact MIM preferred-term row exists; this CultureMech-only label should be checked against its source recipe before ingestion.	22	NA	NOT_FOUND	NONE
aluminum chloride hydrate	NOT_IN_MIM	NA	0	UNKNOWN	hydrate (unspecified stoichiometry)	hexahydrate	UNSPECIFIED	NO_CAS_PROVIDED	UNKNOWN	NOT_APPLICABLE(unmapped)	UNKNOWN	NEEDS_SOURCE	low	The label does not establish a unique water stoichiometry for aluminium chloride; the original recipe or registry record is required. No exact MIM preferred-term row exists; this CultureMech-only label should be checked against its source recipe before ingestion.	22	NA	NOT_FOUND	CULTUREMECH
FeCl2 4H2O	NOT_IN_MIM	NA	0	UNKNOWN	tetrahydrate	dihydrate; tetrahydrate	TRUE	NO_CAS_PROVIDED	13478-10-9	NOT_APPLICABLE(unmapped)	CHEBI:86249	OK	high	The stated tetrahydrate is an established form of iron(II) chloride; known hydrates are dihydrate; tetrahydrate. No exact MIM preferred-term row exists; this CultureMech-only label should be checked against its source recipe before ingestion.	21	NA	NOT_FOUND	NONE
Na2S・9H2O solutions	NOT_IN_MIM	NA	0	UNKNOWN	nonahydrate	dihydrate; pentahydrate; nonahydrate	TRUE	NO_CAS_PROVIDED	1313-84-4	NOT_APPLICABLE(unmapped)	CHEBI:76209	OK	high	The stated nonahydrate is an established form of sodium sulfide; known hydrates are dihydrate; pentahydrate; nonahydrate. No exact MIM preferred-term row exists; this CultureMech-only label should be checked against its source recipe before ingestion.	20	NA	NOT_FOUND	NONE
Fe SO4 x 7 H2O	mediadive.compound:1418	NA	0	UNKNOWN	heptahydrate	monohydrate; tetrahydrate; pentahydrate; hexahydrate; heptahydrate	TRUE	NO_CAS_PROVIDED	7782-63-0	NOT_APPLICABLE(unmapped)	CHEBI:75836	OK	high	The stated heptahydrate is an established form of iron(II) sulfate; known hydrates are monohydrate; tetrahydrate; pentahydrate; hexahydrate; heptahydrate. This is MediaDive compound 1418 and the fix or confirmation belongs upstream before MIM ingestion.	20	1418	NOT_FOUND	NONE
MnSO4·H2O	NOT_IN_MIM	NA	0	UNKNOWN	monohydrate	monohydrate; dihydrate; tetrahydrate; pentahydrate; hexahydrate; heptahydrate	TRUE	NO_CAS_PROVIDED	10034-96-5	NOT_APPLICABLE(unmapped)	CHEBI:86364	OK	high	The stated monohydrate is an established form of manganese(II) sulfate; known hydrates are monohydrate; dihydrate; tetrahydrate; pentahydrate; hexahydrate; heptahydrate. No exact MIM preferred-term row exists; this CultureMech-only label should be checked against its source recipe before ingestion.	19	NA	NOT_FOUND	NONE
Na2HPO4・2H2O	NOT_IN_MIM	NA	0	UNKNOWN	dihydrate	dihydrate; heptahydrate; dodecahydrate	TRUE	NO_CAS_PROVIDED	10028-24-7	NOT_APPLICABLE(unmapped)	kgmicrobe.compound:na2hpo4_x_2_h2o	OK	high	The stated dihydrate is an established form of disodium hydrogenphosphate; known hydrates are dihydrate; heptahydrate; dodecahydrate. No exact MIM preferred-term row exists; this CultureMech-only label should be checked against its source recipe before ingestion.	19	NA	NOT_FOUND	NONE
CaSO4・2H2O	NOT_IN_MIM	NA	0	UNKNOWN	dihydrate	hemihydrate; dihydrate	TRUE	NO_CAS_PROVIDED	10101-41-4	NOT_APPLICABLE(unmapped)	CHEBI:32583	OK	high	The stated dihydrate is an established form of calcium sulfate; known hydrates are hemihydrate; dihydrate. No exact MIM preferred-term row exists; this CultureMech-only label should be checked against its source recipe before ingestion.	19	NA	NOT_FOUND	NONE
Na2B4O7・10H2O	NOT_IN_MIM	NA	0	UNKNOWN	decahydrate	decahydrate	TRUE	NO_CAS_PROVIDED	1303-96-4	NOT_APPLICABLE(unmapped)	CHEBI:131366	OK	high	The stated decahydrate is an established form of disodium tetraborate; known hydrates are decahydrate. No exact MIM preferred-term row exists; this CultureMech-only label should be checked against its source recipe before ingestion.	19	NA	NOT_FOUND	NONE
Fe(NH4)2(SO4)2·6H2O	NOT_IN_MIM	NA	0	UNKNOWN	hexahydrate	hexahydrate; heptahydrate reported but uncertain	TRUE	NO_CAS_PROVIDED	7783-85-9	NOT_APPLICABLE(unmapped)	CHEBI:76181	OK	high	The stated hexahydrate is an established form of ferrous ammonium sulfate; known hydrates are hexahydrate; heptahydrate reported but uncertain. No exact MIM preferred-term row exists; this CultureMech-only label should be checked against its source recipe before ingestion.	19	NA	NOT_FOUND	NONE
CaCl2 . 2H2O	NOT_IN_MIM	NA	0	UNKNOWN	dihydrate	monohydrate; dihydrate; tetrahydrate; hexahydrate	TRUE	NO_CAS_PROVIDED	10035-04-8	NOT_APPLICABLE(unmapped)	CHEBI:86158	OK	high	The stated dihydrate is an established form of calcium chloride; known hydrates are monohydrate; dihydrate; tetrahydrate; hexahydrate. No exact MIM preferred-term row exists; this CultureMech-only label should be checked against its source recipe before ingestion.	19	NA	NOT_FOUND	NONE
Iron (II) chloride tetrahydrate	NOT_IN_MIM	NA	0	UNKNOWN	tetrahydrate	dihydrate; tetrahydrate	TRUE	NO_CAS_PROVIDED	13478-10-9	NOT_APPLICABLE(unmapped)	CHEBI:86249	OK	high	The stated tetrahydrate is an established form of iron(II) chloride; known hydrates are dihydrate; tetrahydrate. No exact MIM preferred-term row exists; this CultureMech-only label should be checked against its source recipe before ingestion.	19	NA	NOT_FOUND	NONE
Betaine x H2O	kgmicrobe.compound:betaine_x_h2o	glycine betaine	20	107-43-7	hydrate count omitted; monohydrate-like formula	monohydrate	UNSPECIFIED	MATCHES_ANHYDROUS_WRONGLY	UNKNOWN	CORRECT	kgmicrobe.compound:betaine_x_h2o	FIX_CAS	high	The local hydrate identifier and C5H11NO2.H2O consistently preserve a monohydrate reading, but CAS 107-43-7 and the parent label glycine betaine denote anhydrous betaine; no hydrate CAS is asserted without secure evidence. MIM source fields: mapping_status=MAPPED; mapping_quality=CLOSE_MATCH; molecular_formula=C5H11NO2.H2O.	18	212	skos:exactMatch	MIM
MgSO4 · 7H2O	NOT_IN_MIM	NA	0	UNKNOWN	heptahydrate	monohydrate; dihydrate; tetrahydrate; pentahydrate; hexahydrate; heptahydrate; undecahydrate	TRUE	NO_CAS_PROVIDED	10034-99-8	NOT_APPLICABLE(unmapped)	CHEBI:31795	OK	high	The stated heptahydrate is an established form of magnesium sulfate; known hydrates are monohydrate; dihydrate; tetrahydrate; pentahydrate; hexahydrate; heptahydrate; undecahydrate. No exact MIM preferred-term row exists; this CultureMech-only label should be checked against its source recipe before ingestion.	18	NA	NOT_FOUND	NONE
NaVO3 x H2O	CHEBI:132095	sodium metavanadate hydrate	16	20740-98-1	hydrate count omitted; conventional monohydrate reading	monohydrate	UNSPECIFIED	MATCHES_HYDRATE	20740-98-1	CORRECT	CHEBI:132095	OK	high	The conventional monohydrate reading is consistent with CHEBI:132095, CAS 20740-98-1, and H2O.Na.O3V. MIM source fields: mapping_status=MAPPED; mapping_quality=EXACT_MATCH; molecular_formula=H2O.Na.O3V.	18	182	skos:exactMatch	NONE
CaCl2 x H2O	mediadive.compound:356	NA	0	UNKNOWN	monohydrate	monohydrate; dihydrate; tetrahydrate; hexahydrate	TRUE	NO_CAS_PROVIDED	UNKNOWN	NOT_APPLICABLE(unmapped)	UNKNOWN	OK	high	The stated monohydrate is an established form of calcium chloride; known hydrates are monohydrate; dihydrate; tetrahydrate; hexahydrate. This is MediaDive compound 356 and the fix or confirmation belongs upstream before MIM ingestion.	18	356	NOT_FOUND	NONE
CuSO4 . 5H2O	NOT_IN_MIM	NA	0	UNKNOWN	pentahydrate	monohydrate; trihydrate; pentahydrate; heptahydrate	TRUE	NO_CAS_PROVIDED	7758-99-8	NOT_APPLICABLE(unmapped)	CHEBI:31440	OK	high	The stated pentahydrate is an established form of copper(II) sulfate; known hydrates are monohydrate; trihydrate; pentahydrate; heptahydrate. No exact MIM preferred-term row exists; this CultureMech-only label should be checked against its source recipe before ingestion.	17	NA	NOT_FOUND	NONE
Na2HPO4 x H2O	mediadive.compound:607	NA	0	UNKNOWN	monohydrate	dihydrate; heptahydrate; dodecahydrate	FALSE	NO_CAS_PROVIDED	UNKNOWN	NOT_APPLICABLE(unmapped)	UNKNOWN	NEEDS_SOURCE	high	No stable monohydrate of disodium hydrogenphosphate is established; known hydrate forms are dihydrate; heptahydrate; dodecahydrate. This is MediaDive compound 607 and the fix or confirmation belongs upstream before MIM ingestion. Exact-label downstream presence was confirmed in kg-microbe transformed MediaDive exports; no downstream file was changed.	17	607	NOT_FOUND	MEDIADIVE_UPSTREAM
Na2B4O7·10H2O	NOT_IN_MIM	NA	0	UNKNOWN	decahydrate	decahydrate	TRUE	NO_CAS_PROVIDED	1303-96-4	NOT_APPLICABLE(unmapped)	CHEBI:131366	OK	high	The stated decahydrate is an established form of disodium tetraborate; known hydrates are decahydrate. No exact MIM preferred-term row exists; this CultureMech-only label should be checked against its source recipe before ingestion.	17	NA	NOT_FOUND	NONE
Na2S . 9H2O	NOT_IN_MIM	NA	0	UNKNOWN	nonahydrate	dihydrate; pentahydrate; nonahydrate	TRUE	NO_CAS_PROVIDED	1313-84-4	NOT_APPLICABLE(unmapped)	CHEBI:76209	OK	high	The stated nonahydrate is an established form of sodium sulfide; known hydrates are dihydrate; pentahydrate; nonahydrate. No exact MIM preferred-term row exists; this CultureMech-only label should be checked against its source recipe before ingestion.	17	NA	NOT_FOUND	NONE
Sodium phosphate dibasic heptahydrate	NOT_IN_MIM	NA	0	UNKNOWN	heptahydrate	dihydrate; heptahydrate; dodecahydrate	TRUE	NO_CAS_PROVIDED	7782-85-6	NOT_APPLICABLE(unmapped)	kgmicrobe.compound:na2hpo4_x_7_h2o	OK	high	The stated heptahydrate is an established form of disodium hydrogenphosphate; known hydrates are dihydrate; heptahydrate; dodecahydrate. No exact MIM preferred-term row exists; this CultureMech-only label should be checked against its source recipe before ingestion.	17	NA	NOT_FOUND	NONE
MnSO4 . H2O	NOT_IN_MIM	NA	0	UNKNOWN	monohydrate	monohydrate; dihydrate; tetrahydrate; pentahydrate; hexahydrate; heptahydrate	TRUE	NO_CAS_PROVIDED	10034-96-5	NOT_APPLICABLE(unmapped)	CHEBI:86364	OK	high	The stated monohydrate is an established form of manganese(II) sulfate; known hydrates are monohydrate; dihydrate; tetrahydrate; pentahydrate; hexahydrate; heptahydrate. No exact MIM preferred-term row exists; this CultureMech-only label should be checked against its source recipe before ingestion.	16	NA	NOT_FOUND	NONE
Mg(SO4) x 7 H2O	mediadive.compound:2154	NA	0	UNKNOWN	heptahydrate	monohydrate; dihydrate; tetrahydrate; pentahydrate; hexahydrate; heptahydrate; undecahydrate	TRUE	NO_CAS_PROVIDED	10034-99-8	NOT_APPLICABLE(unmapped)	CHEBI:31795	OK	high	The stated heptahydrate is an established form of magnesium sulfate; known hydrates are monohydrate; dihydrate; tetrahydrate; pentahydrate; hexahydrate; heptahydrate; undecahydrate. This is MediaDive compound 2154 and the fix or confirmation belongs upstream before MIM ingestion.	16	2154	NOT_FOUND	NONE
NiCl2 . 6H2O	NOT_IN_MIM	NA	0	UNKNOWN	hexahydrate	monohydrate; dihydrate; tetrahydrate; hexahydrate; low-temperature heptahydrate	TRUE	NO_CAS_PROVIDED	7791-20-0	NOT_APPLICABLE(unmapped)	CHEBI:53542	OK	high	The stated hexahydrate is an established form of nickel(II) chloride; known hydrates are monohydrate; dihydrate; tetrahydrate; hexahydrate; low-temperature heptahydrate. No exact MIM preferred-term row exists; this CultureMech-only label should be checked against its source recipe before ingestion.	15	NA	NOT_FOUND	NONE
MnSO4·xH2O	NOT_IN_MIM	NA	0	UNKNOWN	hydrate (unspecified stoichiometry)	monohydrate; dihydrate; tetrahydrate; pentahydrate; hexahydrate; heptahydrate	UNSPECIFIED	NO_CAS_PROVIDED	UNKNOWN	NOT_APPLICABLE(unmapped)	UNKNOWN	NEEDS_SOURCE	low	The label does not establish a unique water stoichiometry for manganese(II) sulfate; the original recipe or registry record is required. No exact MIM preferred-term row exists; this CultureMech-only label should be checked against its source recipe before ingestion.	15	NA	NOT_FOUND	CULTUREMECH
(NH4)2Ni(SO4)2・6H2O	NOT_IN_MIM	NA	0	UNKNOWN	hexahydrate	hexahydrate	TRUE	NO_CAS_PROVIDED	56110-30-6	NOT_APPLICABLE(unmapped)	CHEBI:86149	OK	high	The stated hexahydrate is an established form of ammonium nickel sulfate; known hydrates are hexahydrate. No exact MIM preferred-term row exists; this CultureMech-only label should be checked against its source recipe before ingestion.	15	NA	NOT_FOUND	NONE
dehydrated Wilkins-Chalgren medium	UNMAPPED_0373	NA	0	UNKNOWN	not applicable (not a hydrate label)	not applicable	TRUE	NO_CAS_PROVIDED	UNKNOWN	NOT_APPLICABLE(unmapped)	UNKNOWN	OK	high	Screening false positive: dehydrated describes a dry formulated medium, not a crystalline hydrate. MIM source fields: mapping_status=UNMAPPED; mapping_quality=NA; molecular_formula=NA.	15	2095	NOT_FOUND	NONE
CaCl2.2H2O	NOT_IN_MIM	NA	0	UNKNOWN	dihydrate	monohydrate; dihydrate; tetrahydrate; hexahydrate	TRUE	NO_CAS_PROVIDED	10035-04-8	NOT_APPLICABLE(unmapped)	CHEBI:86158	OK	high	The stated dihydrate is an established form of calcium chloride; known hydrates are monohydrate; dihydrate; tetrahydrate; hexahydrate. No exact MIM preferred-term row exists; this CultureMech-only label should be checked against its source recipe before ingestion.	15	NA	NOT_FOUND	NONE
FeSO4.7H2O	NOT_IN_MIM	NA	0	UNKNOWN	heptahydrate	monohydrate; tetrahydrate; pentahydrate; hexahydrate; heptahydrate	TRUE	NO_CAS_PROVIDED	7782-63-0	NOT_APPLICABLE(unmapped)	CHEBI:75836	OK	high	The stated heptahydrate is an established form of iron(II) sulfate; known hydrates are monohydrate; tetrahydrate; pentahydrate; hexahydrate; heptahydrate. No exact MIM preferred-term row exists; this CultureMech-only label should be checked against its source recipe before ingestion.	15	NA	NOT_FOUND	NONE
3% Na2S・9H2O solution	NOT_IN_MIM	NA	0	UNKNOWN	nonahydrate	dihydrate; pentahydrate; nonahydrate	TRUE	NO_CAS_PROVIDED	1313-84-4	NOT_APPLICABLE(unmapped)	CHEBI:76209	OK	high	The stated nonahydrate is an established form of sodium sulfide; known hydrates are dihydrate; pentahydrate; nonahydrate. No exact MIM preferred-term row exists; this CultureMech-only label should be checked against its source recipe before ingestion.	15	NA	NOT_FOUND	NONE
SrCl2·6H2O	NOT_IN_MIM	NA	0	UNKNOWN	hexahydrate	hemihydrate; monohydrate; dihydrate; hexahydrate	TRUE	NO_CAS_PROVIDED	10025-70-4	NOT_APPLICABLE(unmapped)	CHEBI:36385	OK	high	The stated hexahydrate is an established form of strontium chloride; known hydrates are hemihydrate; monohydrate; dihydrate; hexahydrate. No exact MIM preferred-term row exists; this CultureMech-only label should be checked against its source recipe before ingestion.	14	NA	NOT_FOUND	NONE
CaSO4·2H2O	NOT_IN_MIM	NA	0	UNKNOWN	dihydrate	hemihydrate; dihydrate	TRUE	NO_CAS_PROVIDED	10101-41-4	NOT_APPLICABLE(unmapped)	CHEBI:32583	OK	high	The stated dihydrate is an established form of calcium sulfate; known hydrates are hemihydrate; dihydrate. No exact MIM preferred-term row exists; this CultureMech-only label should be checked against its source recipe before ingestion.	14	NA	NOT_FOUND	NONE
Maltose monohydrate	mediadive.compound:1081	NA	0	UNKNOWN	monohydrate	monohydrate	TRUE	NO_CAS_PROVIDED	6363-53-7	NOT_APPLICABLE(unmapped)	cas:6363-53-7	OK	high	The stated monohydrate is an established form of maltose; known hydrates are monohydrate. This is MediaDive compound 1081 and the fix or confirmation belongs upstream before MIM ingestion.	14	1081	NOT_FOUND	NONE
MgCl2 . 6H2O	NOT_IN_MIM	NA	0	UNKNOWN	hexahydrate	monohydrate; dihydrate; tetrahydrate; hexahydrate; octahydrate; dodecahydrate	TRUE	NO_CAS_PROVIDED	7791-18-6	NOT_APPLICABLE(unmapped)	CHEBI:86345	OK	high	The stated hexahydrate is an established form of magnesium chloride; known hydrates are monohydrate; dihydrate; tetrahydrate; hexahydrate; octahydrate; dodecahydrate. No exact MIM preferred-term row exists; this CultureMech-only label should be checked against its source recipe before ingestion.	14	NA	NOT_FOUND	NONE
MnCl2 . 4H2O	NOT_IN_MIM	NA	0	UNKNOWN	tetrahydrate	monohydrate; dihydrate; tetrahydrate	TRUE	NO_CAS_PROVIDED	13446-34-9	NOT_APPLICABLE(unmapped)	CHEBI:86368	OK	high	The stated tetrahydrate is an established form of manganese(II) chloride; known hydrates are monohydrate; dihydrate; tetrahydrate. No exact MIM preferred-term row exists; this CultureMech-only label should be checked against its source recipe before ingestion.	14	NA	NOT_FOUND	NONE
VOSO4・xH2O	NOT_IN_MIM	NA	0	UNKNOWN	hydrate (unspecified stoichiometry)	monohydrate; dihydrate; trihydrate; pentahydrate	UNSPECIFIED	NO_CAS_PROVIDED	UNKNOWN	NOT_APPLICABLE(unmapped)	UNKNOWN	NEEDS_SOURCE	low	The label does not establish a unique water stoichiometry for vanadyl sulfate; the original recipe or registry record is required. No exact MIM preferred-term row exists; this CultureMech-only label should be checked against its source recipe before ingestion.	14	NA	NOT_FOUND	CULTUREMECH
sodium tetraborate decahydrate	NOT_IN_MIM	NA	0	UNKNOWN	decahydrate	decahydrate	TRUE	NO_CAS_PROVIDED	1303-96-4	NOT_APPLICABLE(unmapped)	CHEBI:131366	OK	high	The stated decahydrate is an established form of disodium tetraborate; known hydrates are decahydrate. No exact MIM preferred-term row exists; this CultureMech-only label should be checked against its source recipe before ingestion.	14	NA	NOT_FOUND	NONE
Na2HPO4·12H2O	NOT_IN_MIM	NA	0	UNKNOWN	dodecahydrate	dihydrate; heptahydrate; dodecahydrate	TRUE	NO_CAS_PROVIDED	10039-32-4	NOT_APPLICABLE(unmapped)	kgmicrobe.compound:na2hpo4_x_12_h2o	OK	high	The stated dodecahydrate is an established form of disodium hydrogenphosphate; known hydrates are dihydrate; heptahydrate; dodecahydrate. No exact MIM preferred-term row exists; this CultureMech-only label should be checked against its source recipe before ingestion.	13	NA	NOT_FOUND	NONE
NaS2O3 x 5 H2O	mediadive.compound:1018	NA	0	UNKNOWN	pentahydrate	none known for formula as written	FALSE	NO_CAS_PROVIDED	UNKNOWN	NOT_APPLICABLE(unmapped)	UNKNOWN	NEEDS_SOURCE	high	NaS2 is not the standard sodium sulfide stoichiometry; Na2S nonahydrate is likely intended. This is MediaDive compound 1018 and the fix or confirmation belongs upstream before MIM ingestion. Exact-label downstream presence was confirmed in kg-microbe transformed MediaDive exports; no downstream file was changed.	13	1018	NOT_FOUND	MEDIADIVE_UPSTREAM
(NH4)2Ni(SO4)2·6H2O	NOT_IN_MIM	NA	0	UNKNOWN	hexahydrate	hexahydrate	TRUE	NO_CAS_PROVIDED	56110-30-6	NOT_APPLICABLE(unmapped)	CHEBI:86149	OK	high	The stated hexahydrate is an established form of ammonium nickel sulfate; known hydrates are hexahydrate. No exact MIM preferred-term row exists; this CultureMech-only label should be checked against its source recipe before ingestion.	13	NA	NOT_FOUND	NONE
Na2WO2 x 2 H2O	mediadive.compound:1743	NA	0	UNKNOWN	dihydrate	none known for formula as written	FALSE	NO_CAS_PROVIDED	UNKNOWN	NOT_APPLICABLE(unmapped)	UNKNOWN	NEEDS_SOURCE	high	The tungstate formula is missing oxygen or sodium; Na2WO4 dihydrate is likely intended. This is MediaDive compound 1743 and the fix or confirmation belongs upstream before MIM ingestion. Exact-label downstream presence was confirmed in kg-microbe transformed MediaDive exports; no downstream file was changed.	13	1743	NOT_FOUND	MEDIADIVE_UPSTREAM
L-Cysteine·HCl·H2O	NOT_IN_MIM	NA	0	UNKNOWN	monohydrate	monohydrate	TRUE	NO_CAS_PROVIDED	7048-04-6	NOT_APPLICABLE(unmapped)	CHEBI:91248	OK	high	The stated monohydrate is an established form of L-cysteine hydrochloride; known hydrates are monohydrate. No exact MIM preferred-term row exists; this CultureMech-only label should be checked against its source recipe before ingestion.	13	NA	NOT_FOUND	NONE
Ammonium heptamolybdate tetrahydrate	NOT_IN_MIM	NA	0	UNKNOWN	tetrahydrate	tetrahydrate	TRUE	NO_CAS_PROVIDED	12054-85-2	NOT_APPLICABLE(unmapped)	cas:12054-85-2	OK	high	The stated tetrahydrate is an established form of ammonium heptamolybdate; known hydrates are tetrahydrate. No exact MIM preferred-term row exists; this CultureMech-only label should be checked against its source recipe before ingestion.	13	NA	NOT_FOUND	NONE
Sodium acetate・3H2O	NOT_IN_MIM	NA	0	UNKNOWN	trihydrate	trihydrate	TRUE	NO_CAS_PROVIDED	6131-90-4	NOT_APPLICABLE(unmapped)	CHEBI:32138	OK	high	The stated trihydrate is an established form of sodium acetate; known hydrates are trihydrate. No exact MIM preferred-term row exists; this CultureMech-only label should be checked against its source recipe before ingestion.	12	NA	NOT_FOUND	NONE
Fe2(SO4)3・xH2O	NOT_IN_MIM	NA	0	UNKNOWN	hydrate (unspecified stoichiometry)	trihydrate; hexahydrate; heptahydrate; nonahydrate; decahydrate; dodecahydrate	UNSPECIFIED	NO_CAS_PROVIDED	UNKNOWN	NOT_APPLICABLE(unmapped)	UNKNOWN	NEEDS_SOURCE	low	The label does not establish a unique water stoichiometry for iron(III) sulfate; the original recipe or registry record is required. No exact MIM preferred-term row exists; this CultureMech-only label should be checked against its source recipe before ingestion.	12	NA	NOT_FOUND	CULTUREMECH
Na2HPO4・12H2O	NOT_IN_MIM	NA	0	UNKNOWN	dodecahydrate	dihydrate; heptahydrate; dodecahydrate	TRUE	NO_CAS_PROVIDED	10039-32-4	NOT_APPLICABLE(unmapped)	kgmicrobe.compound:na2hpo4_x_12_h2o	OK	high	The stated dodecahydrate is an established form of disodium hydrogenphosphate; known hydrates are dihydrate; heptahydrate; dodecahydrate. No exact MIM preferred-term row exists; this CultureMech-only label should be checked against its source recipe before ingestion.	12	NA	NOT_FOUND	NONE
MgSO4 x H2O	mediadive.compound:1640	NA	0	UNKNOWN	monohydrate	monohydrate; dihydrate; tetrahydrate; pentahydrate; hexahydrate; heptahydrate; undecahydrate	TRUE	NO_CAS_PROVIDED	UNKNOWN	NOT_APPLICABLE(unmapped)	none exists	MINT	high	The stated monohydrate is an established form of magnesium sulfate; known hydrates are monohydrate; dihydrate; tetrahydrate; pentahydrate; hexahydrate; heptahydrate; undecahydrate. This is MediaDive compound 1640 and the fix or confirmation belongs upstream before MIM ingestion.	12	1640	NOT_FOUND	MIM
ZnSO4.7H2O	NOT_IN_MIM	NA	0	UNKNOWN	heptahydrate	monohydrate; tetrahydrate; hexahydrate; heptahydrate	TRUE	NO_CAS_PROVIDED	7446-20-0	NOT_APPLICABLE(unmapped)	CHEBI:32312	OK	high	The stated heptahydrate is an established form of zinc sulfate; known hydrates are monohydrate; tetrahydrate; hexahydrate; heptahydrate. No exact MIM preferred-term row exists; this CultureMech-only label should be checked against its source recipe before ingestion.	12	NA	NOT_FOUND	NONE
CuCl2 . 2H2O	NOT_IN_MIM	NA	0	UNKNOWN	dihydrate	monohydrate (reported); dihydrate	TRUE	NO_CAS_PROVIDED	10125-13-0	NOT_APPLICABLE(unmapped)	CHEBI:86318	OK	high	The stated dihydrate is an established form of copper(II) chloride; known hydrates are monohydrate (reported); dihydrate. No exact MIM preferred-term row exists; this CultureMech-only label should be checked against its source recipe before ingestion.	12	NA	NOT_FOUND	NONE
CaCl2 · 2H2O	NOT_IN_MIM	NA	0	UNKNOWN	dihydrate	monohydrate; dihydrate; tetrahydrate; hexahydrate	TRUE	NO_CAS_PROVIDED	10035-04-8	NOT_APPLICABLE(unmapped)	CHEBI:86158	OK	high	The stated dihydrate is an established form of calcium chloride; known hydrates are monohydrate; dihydrate; tetrahydrate; hexahydrate. No exact MIM preferred-term row exists; this CultureMech-only label should be checked against its source recipe before ingestion.	11	NA	NOT_FOUND	NONE
dehydrated RCM medium	UNMAPPED_0372	NA	0	UNKNOWN	not applicable (not a hydrate label)	not applicable	TRUE	NO_CAS_PROVIDED	UNKNOWN	NOT_APPLICABLE(unmapped)	UNKNOWN	OK	high	Screening false positive: dehydrated describes a dry formulated medium, not a crystalline hydrate. MIM source fields: mapping_status=UNMAPPED; mapping_quality=NA; molecular_formula=NA.	11	2126	NOT_FOUND	NONE
MnSO4.H2O	NOT_IN_MIM	NA	0	UNKNOWN	monohydrate	monohydrate; dihydrate; tetrahydrate; pentahydrate; hexahydrate; heptahydrate	TRUE	NO_CAS_PROVIDED	10034-96-5	NOT_APPLICABLE(unmapped)	CHEBI:86364	OK	high	The stated monohydrate is an established form of manganese(II) sulfate; known hydrates are monohydrate; dihydrate; tetrahydrate; pentahydrate; hexahydrate; heptahydrate. No exact MIM preferred-term row exists; this CultureMech-only label should be checked against its source recipe before ingestion.	11	NA	NOT_FOUND	NONE
MnSO4·2H2O	NOT_IN_MIM	NA	0	UNKNOWN	dihydrate	monohydrate; dihydrate; tetrahydrate; pentahydrate; hexahydrate; heptahydrate	TRUE	NO_CAS_PROVIDED	UNKNOWN	NOT_APPLICABLE(unmapped)	CHEBI:86356	OK	high	The stated dihydrate is an established form of manganese(II) sulfate; known hydrates are monohydrate; dihydrate; tetrahydrate; pentahydrate; hexahydrate; heptahydrate. No exact MIM preferred-term row exists; this CultureMech-only label should be checked against its source recipe before ingestion.	11	NA	NOT_FOUND	NONE
Na2MoO4.2H2O	NOT_IN_MIM	NA	0	UNKNOWN	dihydrate	dihydrate; decahydrate	TRUE	NO_CAS_PROVIDED	10102-40-6	NOT_APPLICABLE(unmapped)	CHEBI:75213	OK	high	The stated dihydrate is an established form of sodium molybdate; known hydrates are dihydrate; decahydrate. No exact MIM preferred-term row exists; this CultureMech-only label should be checked against its source recipe before ingestion.	11	NA	NOT_FOUND	NONE
Co(NO3)2·6H2O	NOT_IN_MIM	NA	0	UNKNOWN	hexahydrate	hexahydrate	TRUE	NO_CAS_PROVIDED	10026-22-9	NOT_APPLICABLE(unmapped)	CHEBI:86214	OK	high	The stated hexahydrate is an established form of cobalt(II) nitrate; known hydrates are hexahydrate. No exact MIM preferred-term row exists; this CultureMech-only label should be checked against its source recipe before ingestion.	10	NA	NOT_FOUND	NONE
NiSO4·6H2O	NOT_IN_MIM	NA	0	UNKNOWN	hexahydrate	hexahydrate; heptahydrate	TRUE	NO_CAS_PROVIDED	10101-97-0	NOT_APPLICABLE(unmapped)	CHEBI:53437	OK	high	The stated hexahydrate is an established form of nickel(II) sulfate; known hydrates are hexahydrate; heptahydrate. No exact MIM preferred-term row exists; this CultureMech-only label should be checked against its source recipe before ingestion.	10	NA	NOT_FOUND	NONE
K2HPO4·3H2O	NOT_IN_MIM	NA	0	UNKNOWN	trihydrate	trihydrate; hexahydrate	TRUE	NO_CAS_PROVIDED	16788-57-1	NOT_APPLICABLE(unmapped)	cas:16788-57-1	OK	high	The stated trihydrate is an established form of dipotassium hydrogenphosphate; known hydrates are trihydrate; hexahydrate. No exact MIM preferred-term row exists; this CultureMech-only label should be checked against its source recipe before ingestion.	10	NA	NOT_FOUND	NONE
15% MgCl2・6H2O solution	NOT_IN_MIM	NA	0	UNKNOWN	hexahydrate	monohydrate; dihydrate; tetrahydrate; hexahydrate; octahydrate; dodecahydrate	TRUE	NO_CAS_PROVIDED	7791-18-6	NOT_APPLICABLE(unmapped)	CHEBI:86345	OK	high	The stated hexahydrate is an established form of magnesium chloride; known hydrates are monohydrate; dihydrate; tetrahydrate; hexahydrate; octahydrate; dodecahydrate. No exact MIM preferred-term row exists; this CultureMech-only label should be checked against its source recipe before ingestion.	10	NA	NOT_FOUND	NONE
Cysteine-HCl x H2O	NOT_IN_MIM	NA	0	UNKNOWN	monohydrate	monohydrate	TRUE	NO_CAS_PROVIDED	7048-04-6	NOT_APPLICABLE(unmapped)	CHEBI:91248	OK	high	The stated monohydrate is an established form of L-cysteine hydrochloride; known hydrates are monohydrate. No exact MIM preferred-term row exists; this CultureMech-only label should be checked against its source recipe before ingestion.	10	NA	NOT_FOUND	NONE
Fe2(SO4)3 x H2O	mediadive.compound:291	NA	0	UNKNOWN	monohydrate	trihydrate; hexahydrate; heptahydrate; nonahydrate; decahydrate; dodecahydrate	FALSE	NO_CAS_PROVIDED	UNKNOWN	NOT_APPLICABLE(unmapped)	UNKNOWN	NEEDS_SOURCE	high	No stable monohydrate of iron(III) sulfate is established; known hydrate forms are trihydrate; hexahydrate; heptahydrate; nonahydrate; decahydrate; dodecahydrate. This is MediaDive compound 291 and the fix or confirmation belongs upstream before MIM ingestion. Exact-label downstream presence was confirmed in kg-microbe transformed MediaDive exports; no downstream file was changed.	9	291	NOT_FOUND	MEDIADIVE_UPSTREAM
10% MgCl2・6H2O solution	NOT_IN_MIM	NA	0	UNKNOWN	hexahydrate	monohydrate; dihydrate; tetrahydrate; hexahydrate; octahydrate; dodecahydrate	TRUE	NO_CAS_PROVIDED	7791-18-6	NOT_APPLICABLE(unmapped)	CHEBI:86345	OK	high	The stated hexahydrate is an established form of magnesium chloride; known hydrates are monohydrate; dihydrate; tetrahydrate; hexahydrate; octahydrate; dodecahydrate. No exact MIM preferred-term row exists; this CultureMech-only label should be checked against its source recipe before ingestion.	9	NA	NOT_FOUND	NONE
CoCl2.6H2O	NOT_IN_MIM	NA	0	UNKNOWN	hexahydrate	monohydrate; dihydrate; tetrahydrate; hexahydrate	TRUE	NO_CAS_PROVIDED	7791-13-1	NOT_APPLICABLE(unmapped)	CHEBI:53503	OK	high	The stated hexahydrate is an established form of cobalt(II) chloride; known hydrates are monohydrate; dihydrate; tetrahydrate; hexahydrate. No exact MIM preferred-term row exists; this CultureMech-only label should be checked against its source recipe before ingestion.	9	NA	NOT_FOUND	NONE
CuSO4.5H2O	NOT_IN_MIM	NA	0	UNKNOWN	pentahydrate	monohydrate; trihydrate; pentahydrate; heptahydrate	TRUE	NO_CAS_PROVIDED	7758-99-8	NOT_APPLICABLE(unmapped)	CHEBI:31440	OK	high	The stated pentahydrate is an established form of copper(II) sulfate; known hydrates are monohydrate; trihydrate; pentahydrate; heptahydrate. No exact MIM preferred-term row exists; this CultureMech-only label should be checked against its source recipe before ingestion.	9	NA	NOT_FOUND	NONE
Ca(NO3)2・4H2O	NOT_IN_MIM	NA	0	UNKNOWN	tetrahydrate	dihydrate; trihydrate; tetrahydrate	TRUE	NO_CAS_PROVIDED	13477-34-4	NOT_APPLICABLE(unmapped)	CHEBI:86159	OK	high	The stated tetrahydrate is an established form of calcium nitrate; known hydrates are dihydrate; trihydrate; tetrahydrate. No exact MIM preferred-term row exists; this CultureMech-only label should be checked against its source recipe before ingestion.	9	NA	NOT_FOUND	NONE
FeSO4 x H2O	CHEBI:75834	iron(2+) sulfate monohydrate	6	17375-41-6	hydrate count omitted; conventional monohydrate reading	monohydrate; tetrahydrate; pentahydrate; hexahydrate; heptahydrate	UNSPECIFIED	MATCHES_HYDRATE	17375-41-6	CORRECT	CHEBI:75834	OK	high	The conventional monohydrate reading is consistent with CHEBI:75834, CAS 17375-41-6, and Fe.H2O.O4S. MIM source fields: mapping_status=MAPPED; mapping_quality=EXACT_MATCH; molecular_formula=Fe.H2O.O4S.	9	1735	skos:exactMatch	NONE
Na2S・9H2O solution	NOT_IN_MIM	NA	0	UNKNOWN	nonahydrate	dihydrate; pentahydrate; nonahydrate	TRUE	NO_CAS_PROVIDED	1313-84-4	NOT_APPLICABLE(unmapped)	CHEBI:76209	OK	high	The stated nonahydrate is an established form of sodium sulfide; known hydrates are dihydrate; pentahydrate; nonahydrate. No exact MIM preferred-term row exists; this CultureMech-only label should be checked against its source recipe before ingestion.	9	NA	NOT_FOUND	NONE
FeSO4 x 7 H2O solution (0.1% w/v in 0.1 N H2SO4)	NOT_IN_MIM	NA	0	UNKNOWN	heptahydrate	monohydrate; tetrahydrate; pentahydrate; hexahydrate; heptahydrate	TRUE	NO_CAS_PROVIDED	7782-63-0	NOT_APPLICABLE(unmapped)	CHEBI:75836	OK	high	The stated heptahydrate is an established form of iron(II) sulfate; known hydrates are monohydrate; tetrahydrate; pentahydrate; hexahydrate; heptahydrate. No exact MIM preferred-term row exists; this CultureMech-only label should be checked against its source recipe before ingestion.	9	NA	NOT_FOUND	NONE
MnSO4·5H2O	NOT_IN_MIM	NA	0	UNKNOWN	pentahydrate	monohydrate; dihydrate; tetrahydrate; pentahydrate; hexahydrate; heptahydrate	TRUE	NO_CAS_PROVIDED	13465-27-5	NOT_APPLICABLE(unmapped)	CHEBI:131524	OK	high	The stated pentahydrate is an established form of manganese(II) sulfate; known hydrates are monohydrate; dihydrate; tetrahydrate; pentahydrate; hexahydrate; heptahydrate. No exact MIM preferred-term row exists; this CultureMech-only label should be checked against its source recipe before ingestion.	8	NA	NOT_FOUND	NONE
Thiamine・HCl・2H2O	NOT_IN_MIM	NA	0	UNKNOWN	dihydrate	hemihydrate; monohydrate; nonstoichiometric hydrate; dihydrate	TRUE	NO_CAS_PROVIDED	13465-05-9	NOT_APPLICABLE(unmapped)	CHEBI:132751	OK	high	The stated dihydrate is an established form of thiamine hydrochloride; known hydrates are hemihydrate; monohydrate; nonstoichiometric hydrate; dihydrate. No exact MIM preferred-term row exists; this CultureMech-only label should be checked against its source recipe before ingestion.	8	NA	NOT_FOUND	NONE
AlK(SO4)2 . 12H2O	NOT_IN_MIM	NA	0	UNKNOWN	dodecahydrate	dodecahydrate	TRUE	NO_CAS_PROVIDED	7784-24-9	NOT_APPLICABLE(unmapped)	CHEBI:86465	OK	high	The stated dodecahydrate is an established form of potassium aluminium sulfate; known hydrates are dodecahydrate. No exact MIM preferred-term row exists; this CultureMech-only label should be checked against its source recipe before ingestion.	8	NA	NOT_FOUND	NONE
5% Na2S・9H2O	NOT_IN_MIM	NA	0	UNKNOWN	nonahydrate	dihydrate; pentahydrate; nonahydrate	TRUE	NO_CAS_PROVIDED	1313-84-4	NOT_APPLICABLE(unmapped)	CHEBI:76209	OK	high	The stated nonahydrate is an established form of sodium sulfide; known hydrates are dihydrate; pentahydrate; nonahydrate. No exact MIM preferred-term row exists; this CultureMech-only label should be checked against its source recipe before ingestion.	8	NA	NOT_FOUND	NONE
Na2Mo4 x 2 H2O	mediadive.compound:736	NA	0	UNKNOWN	dihydrate	none known for formula as written	FALSE	NO_CAS_PROVIDED	UNKNOWN	NOT_APPLICABLE(unmapped)	UNKNOWN	NEEDS_SOURCE	high	The molybdate formula is malformed; Na2MoO4 dihydrate is likely intended. This is MediaDive compound 736 and the fix or confirmation belongs upstream before MIM ingestion. Exact-label downstream presence was confirmed in kg-microbe transformed MediaDive exports; no downstream file was changed.	8	736	NOT_FOUND	MEDIADIVE_UPSTREAM
VOSO4 x H2O	mediadive.compound:988	NA	0	UNKNOWN	monohydrate	monohydrate; dihydrate; trihydrate; pentahydrate	TRUE	NO_CAS_PROVIDED	UNKNOWN	NOT_APPLICABLE(unmapped)	UNKNOWN	OK	high	The stated monohydrate is an established form of vanadyl sulfate; known hydrates are monohydrate; dihydrate; trihydrate; pentahydrate. This is MediaDive compound 988 and the fix or confirmation belongs upstream before MIM ingestion.	8	988	NOT_FOUND	NONE
Co(NO3)2.6H2O	NOT_IN_MIM	NA	0	UNKNOWN	hexahydrate	hexahydrate	TRUE	NO_CAS_PROVIDED	10026-22-9	NOT_APPLICABLE(unmapped)	CHEBI:86214	OK	high	The stated hexahydrate is an established form of cobalt(II) nitrate; known hydrates are hexahydrate. No exact MIM preferred-term row exists; this CultureMech-only label should be checked against its source recipe before ingestion.	8	NA	NOT_FOUND	NONE
Fe(NH4)2(SO4)2·7H2O	NOT_IN_MIM	NA	0	UNKNOWN	heptahydrate	hexahydrate; heptahydrate reported but uncertain	UNCERTAIN	NO_CAS_PROVIDED	UNKNOWN	NOT_APPLICABLE(unmapped)	UNKNOWN	NEEDS_SOURCE	medium	The exact heptahydrate of ferrous ammonium sulfate could not be settled confidently from established phase evidence; retain UNKNOWN pending the source. No exact MIM preferred-term row exists; this CultureMech-only label should be checked against its source recipe before ingestion.	8	NA	NOT_FOUND	CULTUREMECH
MnCl2·2H2O	NOT_IN_MIM	NA	0	UNKNOWN	dihydrate	monohydrate; dihydrate; tetrahydrate	TRUE	NO_CAS_PROVIDED	UNKNOWN	NOT_APPLICABLE(unmapped)	CHEBI:131395	OK	high	The stated dihydrate is an established form of manganese(II) chloride; known hydrates are monohydrate; dihydrate; tetrahydrate. No exact MIM preferred-term row exists; this CultureMech-only label should be checked against its source recipe before ingestion.	7	NA	NOT_FOUND	NONE
Na2MoO4 · 2H2O	NOT_IN_MIM	NA	0	UNKNOWN	dihydrate	dihydrate; decahydrate	TRUE	NO_CAS_PROVIDED	10102-40-6	NOT_APPLICABLE(unmapped)	CHEBI:75213	OK	high	The stated dihydrate is an established form of sodium molybdate; known hydrates are dihydrate; decahydrate. No exact MIM preferred-term row exists; this CultureMech-only label should be checked against its source recipe before ingestion.	7	NA	NOT_FOUND	NONE
Maltose x H2O	mediadive.compound:776	NA	0	UNKNOWN	monohydrate	monohydrate	TRUE	NO_CAS_PROVIDED	6363-53-7	NOT_APPLICABLE(unmapped)	cas:6363-53-7	OK	high	The stated monohydrate is an established form of maltose; known hydrates are monohydrate. This is MediaDive compound 776 and the fix or confirmation belongs upstream before MIM ingestion.	7	776	NOT_FOUND	NONE
Co(NO3)2・6H2O	NOT_IN_MIM	NA	0	UNKNOWN	hexahydrate	hexahydrate	TRUE	NO_CAS_PROVIDED	10026-22-9	NOT_APPLICABLE(unmapped)	CHEBI:86214	OK	high	The stated hexahydrate is an established form of cobalt(II) nitrate; known hydrates are hexahydrate. No exact MIM preferred-term row exists; this CultureMech-only label should be checked against its source recipe before ingestion.	7	NA	NOT_FOUND	NONE
NiCl2.6H2O	NOT_IN_MIM	NA	0	UNKNOWN	hexahydrate	monohydrate; dihydrate; tetrahydrate; hexahydrate; low-temperature heptahydrate	TRUE	NO_CAS_PROVIDED	7791-20-0	NOT_APPLICABLE(unmapped)	CHEBI:53542	OK	high	The stated hexahydrate is an established form of nickel(II) chloride; known hydrates are monohydrate; dihydrate; tetrahydrate; hexahydrate; low-temperature heptahydrate. No exact MIM preferred-term row exists; this CultureMech-only label should be checked against its source recipe before ingestion.	7	NA	NOT_FOUND	NONE
Na2WO4.2H2O	NOT_IN_MIM	NA	0	UNKNOWN	dihydrate	monohydrate; dihydrate	TRUE	NO_CAS_PROVIDED	10213-10-2	NOT_APPLICABLE(unmapped)	CHEBI:63939	OK	high	The stated dihydrate is an established form of sodium tungstate; known hydrates are monohydrate; dihydrate. No exact MIM preferred-term row exists; this CultureMech-only label should be checked against its source recipe before ingestion.	7	NA	NOT_FOUND	NONE
5% L--Cysteine・HCl・H2O	NOT_IN_MIM	NA	0	UNKNOWN	monohydrate	monohydrate	TRUE	NO_CAS_PROVIDED	7048-04-6	NOT_APPLICABLE(unmapped)	CHEBI:91248	OK	high	The stated monohydrate is an established form of L-cysteine hydrochloride; known hydrates are monohydrate. No exact MIM preferred-term row exists; this CultureMech-only label should be checked against its source recipe before ingestion.	7	NA	NOT_FOUND	NONE
MnCl2 · 4H2O	NOT_IN_MIM	NA	0	UNKNOWN	tetrahydrate	monohydrate; dihydrate; tetrahydrate	TRUE	NO_CAS_PROVIDED	13446-34-9	NOT_APPLICABLE(unmapped)	CHEBI:86368	OK	high	The stated tetrahydrate is an established form of manganese(II) chloride; known hydrates are monohydrate; dihydrate; tetrahydrate. No exact MIM preferred-term row exists; this CultureMech-only label should be checked against its source recipe before ingestion.	6	NA	NOT_FOUND	NONE
Na2WO4 . 2H2O	NOT_IN_MIM	NA	0	UNKNOWN	dihydrate	monohydrate; dihydrate	TRUE	NO_CAS_PROVIDED	10213-10-2	NOT_APPLICABLE(unmapped)	CHEBI:63939	OK	high	The stated dihydrate is an established form of sodium tungstate; known hydrates are monohydrate; dihydrate. No exact MIM preferred-term row exists; this CultureMech-only label should be checked against its source recipe before ingestion.	6	NA	NOT_FOUND	NONE
Co(NO3)2 . 6H2O	NOT_IN_MIM	NA	0	UNKNOWN	hexahydrate	hexahydrate	TRUE	NO_CAS_PROVIDED	10026-22-9	NOT_APPLICABLE(unmapped)	CHEBI:86214	OK	high	The stated hexahydrate is an established form of cobalt(II) nitrate; known hydrates are hexahydrate. No exact MIM preferred-term row exists; this CultureMech-only label should be checked against its source recipe before ingestion.	6	NA	NOT_FOUND	NONE
L--Cysteine・H2O・HCl	NOT_IN_MIM	NA	0	UNKNOWN	monohydrate	monohydrate	TRUE	NO_CAS_PROVIDED	7048-04-6	NOT_APPLICABLE(unmapped)	CHEBI:91248	OK	high	The stated monohydrate is an established form of L-cysteine hydrochloride; known hydrates are monohydrate. No exact MIM preferred-term row exists; this CultureMech-only label should be checked against its source recipe before ingestion.	6	NA	NOT_FOUND	NONE
ZnCl2 x 6 H2O	mediadive.compound:2351	NA	0	UNKNOWN	hexahydrate	several hydrates reported; exact stable stoichiometry unresolved here	UNCERTAIN	NO_CAS_PROVIDED	UNKNOWN	NOT_APPLICABLE(unmapped)	UNKNOWN	NEEDS_SOURCE	medium	The exact hexahydrate of zinc chloride could not be settled confidently from established phase evidence; retain UNKNOWN pending the source. This is MediaDive compound 2351 and the fix or confirmation belongs upstream before MIM ingestion.	6	2351	NOT_FOUND	MEDIADIVE_UPSTREAM
1 M MgCl2・6H2O solution	NOT_IN_MIM	NA	0	UNKNOWN	hexahydrate	monohydrate; dihydrate; tetrahydrate; hexahydrate; octahydrate; dodecahydrate	TRUE	NO_CAS_PROVIDED	7791-18-6	NOT_APPLICABLE(unmapped)	CHEBI:86345	OK	high	The stated hexahydrate is an established form of magnesium chloride; known hydrates are monohydrate; dihydrate; tetrahydrate; hexahydrate; octahydrate; dodecahydrate. No exact MIM preferred-term row exists; this CultureMech-only label should be checked against its source recipe before ingestion.	6	NA	NOT_FOUND	NONE
Nitrilotriacetic acid trisodium salt monohydrate	mediadive.compound:1930	NA	0	UNKNOWN	monohydrate	monohydrate	TRUE	NO_CAS_PROVIDED	UNKNOWN	NOT_APPLICABLE(unmapped)	UNKNOWN	OK	high	The stated monohydrate is an established form of trisodium nitrilotriacetate; known hydrates are monohydrate. This is MediaDive compound 1930 and the fix or confirmation belongs upstream before MIM ingestion.	6	1930	NOT_FOUND	NONE
AIK(SO4)2 x 12 H2O	NOT_IN_MIM	NA	0	UNKNOWN	dodecahydrate	dodecahydrate	TRUE	NO_CAS_PROVIDED	7784-24-9	NOT_APPLICABLE(unmapped)	CHEBI:86465	OK	high	The stated dodecahydrate is an established form of potassium aluminium sulfate; known hydrates are dodecahydrate. No exact MIM preferred-term row exists; this CultureMech-only label should be checked against its source recipe before ingestion.	6	NA	NOT_FOUND	NONE
2% Na2S・9H2O solution	NOT_IN_MIM	NA	0	UNKNOWN	nonahydrate	dihydrate; pentahydrate; nonahydrate	TRUE	NO_CAS_PROVIDED	1313-84-4	NOT_APPLICABLE(unmapped)	CHEBI:76209	OK	high	The stated nonahydrate is an established form of sodium sulfide; known hydrates are dihydrate; pentahydrate; nonahydrate. No exact MIM preferred-term row exists; this CultureMech-only label should be checked against its source recipe before ingestion.	6	NA	NOT_FOUND	NONE
MgCl2.6H2O	NOT_IN_MIM	NA	0	UNKNOWN	hexahydrate	monohydrate; dihydrate; tetrahydrate; hexahydrate; octahydrate; dodecahydrate	TRUE	NO_CAS_PROVIDED	7791-18-6	NOT_APPLICABLE(unmapped)	CHEBI:86345	OK	high	The stated hexahydrate is an established form of magnesium chloride; known hydrates are monohydrate; dihydrate; tetrahydrate; hexahydrate; octahydrate; dodecahydrate. No exact MIM preferred-term row exists; this CultureMech-only label should be checked against its source recipe before ingestion.	6	NA	NOT_FOUND	NONE
MgCl2 · 6H2O	NOT_IN_MIM	NA	0	UNKNOWN	hexahydrate	monohydrate; dihydrate; tetrahydrate; hexahydrate; octahydrate; dodecahydrate	TRUE	NO_CAS_PROVIDED	7791-18-6	NOT_APPLICABLE(unmapped)	CHEBI:86345	OK	high	The stated hexahydrate is an established form of magnesium chloride; known hydrates are monohydrate; dihydrate; tetrahydrate; hexahydrate; octahydrate; dodecahydrate. No exact MIM preferred-term row exists; this CultureMech-only label should be checked against its source recipe before ingestion.	6	NA	NOT_FOUND	NONE
Na-tungstate x 2 H2O	mediadive.compound:913	NA	0	UNKNOWN	dihydrate	monohydrate; dihydrate	TRUE	NO_CAS_PROVIDED	10213-10-2	NOT_APPLICABLE(unmapped)	CHEBI:63939	OK	high	The stated dihydrate is an established form of sodium tungstate; known hydrates are monohydrate; dihydrate. This is MediaDive compound 913 and the fix or confirmation belongs upstream before MIM ingestion.	6	913	NOT_FOUND	NONE
Ca(NO3)2·4H2O	NOT_IN_MIM	NA	0	UNKNOWN	tetrahydrate	dihydrate; trihydrate; tetrahydrate	TRUE	NO_CAS_PROVIDED	13477-34-4	NOT_APPLICABLE(unmapped)	CHEBI:86159	OK	high	The stated tetrahydrate is an established form of calcium nitrate; known hydrates are dihydrate; trihydrate; tetrahydrate. No exact MIM preferred-term row exists; this CultureMech-only label should be checked against its source recipe before ingestion.	6	NA	NOT_FOUND	NONE
Na2HPO4·2H2O	NOT_IN_MIM	NA	0	UNKNOWN	dihydrate	dihydrate; heptahydrate; dodecahydrate	TRUE	NO_CAS_PROVIDED	10028-24-7	NOT_APPLICABLE(unmapped)	kgmicrobe.compound:na2hpo4_x_2_h2o	OK	high	The stated dihydrate is an established form of disodium hydrogenphosphate; known hydrates are dihydrate; heptahydrate; dodecahydrate. No exact MIM preferred-term row exists; this CultureMech-only label should be checked against its source recipe before ingestion.	6	NA	NOT_FOUND	NONE
Cystein-HCl x 2 H2O	mediadive.compound:983	NA	0	UNKNOWN	dihydrate	monohydrate	FALSE	NO_CAS_PROVIDED	UNKNOWN	NOT_APPLICABLE(unmapped)	UNKNOWN	NEEDS_SOURCE	high	No stable dihydrate of L-cysteine hydrochloride is established; known hydrate forms are monohydrate. This is MediaDive compound 983 and the fix or confirmation belongs upstream before MIM ingestion. Exact-label downstream presence was confirmed in kg-microbe transformed MediaDive exports; no downstream file was changed.	6	983	NOT_FOUND	MEDIADIVE_UPSTREAM
CuCl2.2H2O	NOT_IN_MIM	NA	0	UNKNOWN	dihydrate	monohydrate (reported); dihydrate	TRUE	NO_CAS_PROVIDED	10125-13-0	NOT_APPLICABLE(unmapped)	CHEBI:86318	OK	high	The stated dihydrate is an established form of copper(II) chloride; known hydrates are monohydrate (reported); dihydrate. No exact MIM preferred-term row exists; this CultureMech-only label should be checked against its source recipe before ingestion.	6	NA	NOT_FOUND	NONE
Na2MoSO4 x 2 H2O	mediadive.compound:696	NA	0	UNKNOWN	dihydrate	none known for formula as written	FALSE	NO_CAS_PROVIDED	UNKNOWN	NOT_APPLICABLE(unmapped)	UNKNOWN	NEEDS_SOURCE	high	The molybdate formula is malformed; Na2MoO4 dihydrate is likely intended. This is MediaDive compound 696 and the fix or confirmation belongs upstream before MIM ingestion. Exact-label downstream presence was confirmed in kg-microbe transformed MediaDive exports; no downstream file was changed.	6	696	NOT_FOUND	MEDIADIVE_UPSTREAM
Disodium succinate x 6 H2O	mediadive.compound:2042	NA	0	UNKNOWN	hexahydrate	hexahydrate	TRUE	NO_CAS_PROVIDED	6106-21-4	NOT_APPLICABLE(unmapped)	CHEBI:63686	OK	high	The stated hexahydrate is an established form of disodium succinate; known hydrates are hexahydrate. This is MediaDive compound 2042 and the fix or confirmation belongs upstream before MIM ingestion.	6	2042	NOT_FOUND	NONE
Na2MoO7O4 x 2 H2O	mediadive.compound:1416	NA	0	UNKNOWN	dihydrate	none known for formula as written	FALSE	NO_CAS_PROVIDED	UNKNOWN	NOT_APPLICABLE(unmapped)	UNKNOWN	NEEDS_SOURCE	high	The molybdate formula is malformed; Na2MoO4 dihydrate is likely intended. This is MediaDive compound 1416 and the fix or confirmation belongs upstream before MIM ingestion. Exact-label downstream presence was confirmed in kg-microbe transformed MediaDive exports; no downstream file was changed.	6	1416	NOT_FOUND	MEDIADIVE_UPSTREAM
CaCl2·6H2O	NOT_IN_MIM	NA	0	UNKNOWN	hexahydrate	monohydrate; dihydrate; tetrahydrate; hexahydrate	TRUE	NO_CAS_PROVIDED	7774-34-7	NOT_APPLICABLE(unmapped)	CHEBI:91243	OK	high	The stated hexahydrate is an established form of calcium chloride; known hydrates are monohydrate; dihydrate; tetrahydrate; hexahydrate. No exact MIM preferred-term row exists; this CultureMech-only label should be checked against its source recipe before ingestion.	5	NA	NOT_FOUND	NONE
Thiamine-HCl·H2O (Vitamin B1)	NOT_IN_MIM	NA	0	UNKNOWN	monohydrate	hemihydrate; monohydrate; nonstoichiometric hydrate; dihydrate	TRUE	NO_CAS_PROVIDED	UNKNOWN	NOT_APPLICABLE(unmapped)	UNKNOWN	OK	high	The stated monohydrate is an established form of thiamine hydrochloride; known hydrates are hemihydrate; monohydrate; nonstoichiometric hydrate; dihydrate. No exact MIM preferred-term row exists; this CultureMech-only label should be checked against its source recipe before ingestion.	5	NA	NOT_FOUND	NONE
10% CaCl2・2H2O solution	NOT_IN_MIM	NA	0	UNKNOWN	dihydrate	monohydrate; dihydrate; tetrahydrate; hexahydrate	TRUE	NO_CAS_PROVIDED	10035-04-8	NOT_APPLICABLE(unmapped)	CHEBI:86158	OK	high	The stated dihydrate is an established form of calcium chloride; known hydrates are monohydrate; dihydrate; tetrahydrate; hexahydrate. No exact MIM preferred-term row exists; this CultureMech-only label should be checked against its source recipe before ingestion.	5	NA	NOT_FOUND	NONE
CrK(SO4)2 x 12 H2O	mediadive.compound:1977	NA	0	UNKNOWN	dodecahydrate	dodecahydrate	TRUE	NO_CAS_PROVIDED	7788-99-0	NOT_APPLICABLE(unmapped)	cas:7788-99-0	OK	high	The stated dodecahydrate is an established form of potassium chromium sulfate; known hydrates are dodecahydrate. This is MediaDive compound 1977 and the fix or confirmation belongs upstream before MIM ingestion.	5	1977	NOT_FOUND	NONE
Fe(NH4)2(SO4)2 x 12 H2O	mediadive.compound:1036	NA	0	UNKNOWN	dodecahydrate	hexahydrate; heptahydrate reported but uncertain	FALSE	NO_CAS_PROVIDED	UNKNOWN	NOT_APPLICABLE(unmapped)	UNKNOWN	NEEDS_SOURCE	high	No stable dodecahydrate of ferrous ammonium sulfate is established; known hydrate forms are hexahydrate; heptahydrate reported but uncertain. This is MediaDive compound 1036 and the fix or confirmation belongs upstream before MIM ingestion.	5	1036	NOT_FOUND	MEDIADIVE_UPSTREAM
1 M CaCl2・2H2O solution	NOT_IN_MIM	NA	0	UNKNOWN	dihydrate	monohydrate; dihydrate; tetrahydrate; hexahydrate	TRUE	NO_CAS_PROVIDED	10035-04-8	NOT_APPLICABLE(unmapped)	CHEBI:86158	OK	high	The stated dihydrate is an established form of calcium chloride; known hydrates are monohydrate; dihydrate; tetrahydrate; hexahydrate. No exact MIM preferred-term row exists; this CultureMech-only label should be checked against its source recipe before ingestion.	5	NA	NOT_FOUND	NONE
KAl(SO4)2・12H2O	NOT_IN_MIM	NA	0	UNKNOWN	dodecahydrate	dodecahydrate	TRUE	NO_CAS_PROVIDED	7784-24-9	NOT_APPLICABLE(unmapped)	CHEBI:86465	OK	high	The stated dodecahydrate is an established form of potassium aluminium sulfate; known hydrates are dodecahydrate. No exact MIM preferred-term row exists; this CultureMech-only label should be checked against its source recipe before ingestion.	5	NA	NOT_FOUND	NONE
NiSO4・6H2O	NOT_IN_MIM	NA	0	UNKNOWN	hexahydrate	hexahydrate; heptahydrate	TRUE	NO_CAS_PROVIDED	10101-97-0	NOT_APPLICABLE(unmapped)	CHEBI:53437	OK	high	The stated hexahydrate is an established form of nickel(II) sulfate; known hydrates are hexahydrate; heptahydrate. No exact MIM preferred-term row exists; this CultureMech-only label should be checked against its source recipe before ingestion.	5	NA	NOT_FOUND	NONE
CaCl2・H2O	NOT_IN_MIM	NA	0	UNKNOWN	monohydrate	monohydrate; dihydrate; tetrahydrate; hexahydrate	TRUE	NO_CAS_PROVIDED	UNKNOWN	NOT_APPLICABLE(unmapped)	UNKNOWN	OK	high	The stated monohydrate is an established form of calcium chloride; known hydrates are monohydrate; dihydrate; tetrahydrate; hexahydrate. No exact MIM preferred-term row exists; this CultureMech-only label should be checked against its source recipe before ingestion.	5	NA	NOT_FOUND	NONE
CaCl2 x 2H2O	NOT_IN_MIM	NA	0	UNKNOWN	dihydrate	monohydrate; dihydrate; tetrahydrate; hexahydrate	TRUE	NO_CAS_PROVIDED	10035-04-8	NOT_APPLICABLE(unmapped)	CHEBI:86158	OK	high	The stated dihydrate is an established form of calcium chloride; known hydrates are monohydrate; dihydrate; tetrahydrate; hexahydrate. No exact MIM preferred-term row exists; this CultureMech-only label should be checked against its source recipe before ingestion.	5	NA	NOT_FOUND	NONE
CoCl2 · 6H2O	NOT_IN_MIM	NA	0	UNKNOWN	hexahydrate	monohydrate; dihydrate; tetrahydrate; hexahydrate	TRUE	NO_CAS_PROVIDED	7791-13-1	NOT_APPLICABLE(unmapped)	CHEBI:53503	OK	high	The stated hexahydrate is an established form of cobalt(II) chloride; known hydrates are monohydrate; dihydrate; tetrahydrate; hexahydrate. No exact MIM preferred-term row exists; this CultureMech-only label should be checked against its source recipe before ingestion.	5	NA	NOT_FOUND	NONE
3% L--Cysteine・HCl・H2O solution	NOT_IN_MIM	NA	0	UNKNOWN	monohydrate	monohydrate	TRUE	NO_CAS_PROVIDED	7048-04-6	NOT_APPLICABLE(unmapped)	CHEBI:91248	OK	high	The stated monohydrate is an established form of L-cysteine hydrochloride; known hydrates are monohydrate. No exact MIM preferred-term row exists; this CultureMech-only label should be checked against its source recipe before ingestion.	5	NA	NOT_FOUND	NONE
20% MgCl2・6H2O solution	NOT_IN_MIM	NA	0	UNKNOWN	hexahydrate	monohydrate; dihydrate; tetrahydrate; hexahydrate; octahydrate; dodecahydrate	TRUE	NO_CAS_PROVIDED	7791-18-6	NOT_APPLICABLE(unmapped)	CHEBI:86345	OK	high	The stated hexahydrate is an established form of magnesium chloride; known hydrates are monohydrate; dihydrate; tetrahydrate; hexahydrate; octahydrate; dodecahydrate. No exact MIM preferred-term row exists; this CultureMech-only label should be checked against its source recipe before ingestion.	5	NA	NOT_FOUND	NONE
La(NO3)3 x 6 H2O	mediadive.compound:1586	NA	0	UNKNOWN	hexahydrate	hexahydrate	TRUE	NO_CAS_PROVIDED	10277-43-7	NOT_APPLICABLE(unmapped)	none exists	MINT	high	The stated hexahydrate is an established form of lanthanum(III) nitrate; known hydrates are hexahydrate. This is MediaDive compound 1586 and the fix or confirmation belongs upstream before MIM ingestion.	5	1586	NOT_FOUND	MIM
Ce(NO3)3 x 6 H2O	mediadive.compound:1587	NA	0	UNKNOWN	hexahydrate	hexahydrate	TRUE	NO_CAS_PROVIDED	10294-41-4	NOT_APPLICABLE(unmapped)	none exists	MINT	high	The stated hexahydrate is an established form of cerium(III) nitrate; known hydrates are hexahydrate. This is MediaDive compound 1587 and the fix or confirmation belongs upstream before MIM ingestion.	5	1587	NOT_FOUND	MIM
Na3-citrate x 3 H2O	mediadive.compound:650	NA	0	UNKNOWN	trihydrate	dihydrate	UNCERTAIN	NO_CAS_PROVIDED	UNKNOWN	NOT_APPLICABLE(unmapped)	UNKNOWN	NEEDS_SOURCE	medium	The exact trihydrate of trisodium citrate could not be settled confidently from established phase evidence; retain UNKNOWN pending the source. This is MediaDive compound 650 and the fix or confirmation belongs upstream before MIM ingestion.	5	650	NOT_FOUND	MEDIADIVE_UPSTREAM
Na2S x H2O	mediadive.compound:1075	NA	0	UNKNOWN	monohydrate	dihydrate; pentahydrate; nonahydrate	FALSE	NO_CAS_PROVIDED	UNKNOWN	NOT_APPLICABLE(unmapped)	UNKNOWN	NEEDS_SOURCE	high	No stable monohydrate of sodium sulfide is established; known hydrate forms are dihydrate; pentahydrate; nonahydrate. This is MediaDive compound 1075 and the fix or confirmation belongs upstream before MIM ingestion. Exact-label downstream presence was confirmed in kg-microbe transformed MediaDive exports; no downstream file was changed.	5	1075	NOT_FOUND	MEDIADIVE_UPSTREAM
AlK(SO4)2・12H2O	NOT_IN_MIM	NA	0	UNKNOWN	dodecahydrate	dodecahydrate	TRUE	NO_CAS_PROVIDED	7784-24-9	NOT_APPLICABLE(unmapped)	CHEBI:86465	OK	high	The stated dodecahydrate is an established form of potassium aluminium sulfate; known hydrates are dodecahydrate. No exact MIM preferred-term row exists; this CultureMech-only label should be checked against its source recipe before ingestion.	5	NA	NOT_FOUND	NONE
VOSO4·nH2O	NOT_IN_MIM	NA	0	UNKNOWN	hydrate (unspecified stoichiometry)	monohydrate; dihydrate; trihydrate; pentahydrate	UNSPECIFIED	NO_CAS_PROVIDED	UNKNOWN	NOT_APPLICABLE(unmapped)	UNKNOWN	NEEDS_SOURCE	low	The label does not establish a unique water stoichiometry for vanadyl sulfate; the original recipe or registry record is required. No exact MIM preferred-term row exists; this CultureMech-only label should be checked against its source recipe before ingestion.	5	NA	NOT_FOUND	CULTUREMECH
0.2% FeSO4・6H2O solution	NOT_IN_MIM	NA	0	UNKNOWN	hexahydrate	monohydrate; tetrahydrate; pentahydrate; hexahydrate; heptahydrate	TRUE	NO_CAS_PROVIDED	UNKNOWN	NOT_APPLICABLE(unmapped)	none exists	MINT	high	The stated hexahydrate is an established form of iron(II) sulfate; known hydrates are monohydrate; tetrahydrate; pentahydrate; hexahydrate; heptahydrate. No exact MIM preferred-term row exists; this CultureMech-only label should be checked against its source recipe before ingestion.	5	NA	NOT_FOUND	MIM
NiCl2 x 6 H2O solution (0.1% w/v)	NOT_IN_MIM	NA	0	UNKNOWN	hexahydrate	monohydrate; dihydrate; tetrahydrate; hexahydrate; low-temperature heptahydrate	TRUE	NO_CAS_PROVIDED	7791-20-0	NOT_APPLICABLE(unmapped)	CHEBI:53542	OK	high	The stated hexahydrate is an established form of nickel(II) chloride; known hydrates are monohydrate; dihydrate; tetrahydrate; hexahydrate; low-temperature heptahydrate. No exact MIM preferred-term row exists; this CultureMech-only label should be checked against its source recipe before ingestion.	5	NA	NOT_FOUND	NONE
MgSO4・H2O	NOT_IN_MIM	NA	0	UNKNOWN	monohydrate	monohydrate; dihydrate; tetrahydrate; pentahydrate; hexahydrate; heptahydrate; undecahydrate	TRUE	NO_CAS_PROVIDED	UNKNOWN	NOT_APPLICABLE(unmapped)	none exists	MINT	high	The stated monohydrate is an established form of magnesium sulfate; known hydrates are monohydrate; dihydrate; tetrahydrate; pentahydrate; hexahydrate; heptahydrate; undecahydrate. No exact MIM preferred-term row exists; this CultureMech-only label should be checked against its source recipe before ingestion.	4	NA	NOT_FOUND	MIM
Na2S.9H2O	NOT_IN_MIM	NA	0	UNKNOWN	nonahydrate	dihydrate; pentahydrate; nonahydrate	TRUE	NO_CAS_PROVIDED	1313-84-4	NOT_APPLICABLE(unmapped)	CHEBI:76209	OK	high	The stated nonahydrate is an established form of sodium sulfide; known hydrates are dihydrate; pentahydrate; nonahydrate. No exact MIM preferred-term row exists; this CultureMech-only label should be checked against its source recipe before ingestion.	4	NA	NOT_FOUND	NONE
Citric acid·H2O	NOT_IN_MIM	NA	0	UNKNOWN	monohydrate	monohydrate	TRUE	NO_CAS_PROVIDED	UNKNOWN	NOT_APPLICABLE(unmapped)	UNKNOWN	OK	high	The stated monohydrate is an established form of citric acid; known hydrates are monohydrate. No exact MIM preferred-term row exists; this CultureMech-only label should be checked against its source recipe before ingestion.	4	NA	NOT_FOUND	NONE
1% CaCl2・2H2O solution	NOT_IN_MIM	NA	0	UNKNOWN	dihydrate	monohydrate; dihydrate; tetrahydrate; hexahydrate	TRUE	NO_CAS_PROVIDED	10035-04-8	NOT_APPLICABLE(unmapped)	CHEBI:86158	OK	high	The stated dihydrate is an established form of calcium chloride; known hydrates are monohydrate; dihydrate; tetrahydrate; hexahydrate. No exact MIM preferred-term row exists; this CultureMech-only label should be checked against its source recipe before ingestion.	4	NA	NOT_FOUND	NONE
Sodium citrate dihydrate	mediadive.compound:1375	NA	0	UNKNOWN	dihydrate	dihydrate	TRUE	NO_CAS_PROVIDED	6132-04-3	NOT_APPLICABLE(unmapped)	CHEBI:32142	OK	high	The stated dihydrate is an established form of trisodium citrate; known hydrates are dihydrate. This is MediaDive compound 1375 and the fix or confirmation belongs upstream before MIM ingestion.	4	1375	NOT_FOUND	NONE
MnCl2 x 6 H2O	mediadive.compound:2003	NA	0	UNKNOWN	hexahydrate	monohydrate; dihydrate; tetrahydrate	FALSE	NO_CAS_PROVIDED	UNKNOWN	NOT_APPLICABLE(unmapped)	UNKNOWN	NEEDS_SOURCE	high	No stable hexahydrate of manganese(II) chloride is established; known hydrate forms are monohydrate; dihydrate; tetrahydrate. This is MediaDive compound 2003 and the fix or confirmation belongs upstream before MIM ingestion. Exact-label downstream presence was confirmed in kg-microbe transformed MediaDive exports; no downstream file was changed.	4	2003	NOT_FOUND	MEDIADIVE_UPSTREAM
MnSO4 · 4 H2O	NOT_IN_MIM	NA	0	UNKNOWN	tetrahydrate	monohydrate; dihydrate; tetrahydrate; pentahydrate; hexahydrate; heptahydrate	TRUE	NO_CAS_PROVIDED	10101-68-5	NOT_APPLICABLE(unmapped)	CHEBI:86358	OK	high	The stated tetrahydrate is an established form of manganese(II) sulfate; known hydrates are monohydrate; dihydrate; tetrahydrate; pentahydrate; hexahydrate; heptahydrate. No exact MIM preferred-term row exists; this CultureMech-only label should be checked against its source recipe before ingestion.	4	NA	NOT_FOUND	NONE
Na2MoO4 x H2O	mediadive.compound:641	NA	0	UNKNOWN	monohydrate	dihydrate; decahydrate	FALSE	NO_CAS_PROVIDED	UNKNOWN	NOT_APPLICABLE(unmapped)	UNKNOWN	NEEDS_SOURCE	high	No stable monohydrate of sodium molybdate is established; known hydrate forms are dihydrate; decahydrate. This is MediaDive compound 641 and the fix or confirmation belongs upstream before MIM ingestion. Exact-label downstream presence was confirmed in kg-microbe transformed MediaDive exports; no downstream file was changed.	4	641	NOT_FOUND	MEDIADIVE_UPSTREAM
MnCl2 x 4H2O	NOT_IN_MIM	NA	0	UNKNOWN	tetrahydrate	monohydrate; dihydrate; tetrahydrate	TRUE	NO_CAS_PROVIDED	13446-34-9	NOT_APPLICABLE(unmapped)	CHEBI:86368	OK	high	The stated tetrahydrate is an established form of manganese(II) chloride; known hydrates are monohydrate; dihydrate; tetrahydrate. No exact MIM preferred-term row exists; this CultureMech-only label should be checked against its source recipe before ingestion.	4	NA	NOT_FOUND	NONE
ZnSO4 x 7H2O	NOT_IN_MIM	NA	0	UNKNOWN	heptahydrate	monohydrate; tetrahydrate; hexahydrate; heptahydrate	TRUE	NO_CAS_PROVIDED	7446-20-0	NOT_APPLICABLE(unmapped)	CHEBI:32312	OK	high	The stated heptahydrate is an established form of zinc sulfate; known hydrates are monohydrate; tetrahydrate; hexahydrate; heptahydrate. No exact MIM preferred-term row exists; this CultureMech-only label should be checked against its source recipe before ingestion.	4	NA	NOT_FOUND	NONE
NiCl2 x H2O	mediadive.compound:1892	NA	0	UNKNOWN	monohydrate	monohydrate; dihydrate; tetrahydrate; hexahydrate; low-temperature heptahydrate	TRUE	NO_CAS_PROVIDED	UNKNOWN	NOT_APPLICABLE(unmapped)	UNKNOWN	OK	high	The stated monohydrate is an established form of nickel(II) chloride; known hydrates are monohydrate; dihydrate; tetrahydrate; hexahydrate; low-temperature heptahydrate. This is MediaDive compound 1892 and the fix or confirmation belongs upstream before MIM ingestion.	4	1892	NOT_FOUND	NONE
Na2MoO3·2H2O	NOT_IN_MIM	NA	0	UNKNOWN	dihydrate	none known for formula as written	FALSE	NO_CAS_PROVIDED	UNKNOWN	NOT_APPLICABLE(unmapped)	UNKNOWN	NEEDS_SOURCE	high	The molybdate formula is malformed; Na2MoO4 dihydrate is likely intended. No exact MIM preferred-term row exists; this CultureMech-only label should be checked against its source recipe before ingestion.	4	NA	NOT_FOUND	CULTUREMECH
Lactose monohydrate	NOT_IN_MIM	NA	0	UNKNOWN	monohydrate	monohydrate	TRUE	NO_CAS_PROVIDED	UNKNOWN	NOT_APPLICABLE(unmapped)	UNKNOWN	OK	high	The stated monohydrate is an established form of lactose; known hydrates are monohydrate. No exact MIM preferred-term row exists; this CultureMech-only label should be checked against its source recipe before ingestion.	4	NA	NOT_FOUND	NONE
Na2O4W x 2 H2O	mediadive.compound:891	NA	0	UNKNOWN	dihydrate	monohydrate; dihydrate	TRUE	NO_CAS_PROVIDED	10213-10-2	NOT_APPLICABLE(unmapped)	CHEBI:63939	OK	high	The stated dihydrate is an established form of sodium tungstate; known hydrates are monohydrate; dihydrate. This is MediaDive compound 891 and the fix or confirmation belongs upstream before MIM ingestion.	4	891	NOT_FOUND	NONE
Na2Se3 x 5 H2O	mediadive.compound:870	NA	0	UNKNOWN	pentahydrate	none known for formula as written	FALSE	NO_CAS_PROVIDED	UNKNOWN	NOT_APPLICABLE(unmapped)	UNKNOWN	NEEDS_SOURCE	high	The selenite formula is malformed; Na2SeO3 pentahydrate is likely intended. This is MediaDive compound 870 and the fix or confirmation belongs upstream before MIM ingestion. Exact-label downstream presence was confirmed in kg-microbe transformed MediaDive exports; no downstream file was changed.	4	870	NOT_FOUND	MEDIADIVE_UPSTREAM
Cysteine-HCl·H2O	NOT_IN_MIM	NA	0	UNKNOWN	monohydrate	monohydrate	TRUE	NO_CAS_PROVIDED	7048-04-6	NOT_APPLICABLE(unmapped)	CHEBI:91248	OK	high	The stated monohydrate is an established form of L-cysteine hydrochloride; known hydrates are monohydrate. No exact MIM preferred-term row exists; this CultureMech-only label should be checked against its source recipe before ingestion.	4	NA	NOT_FOUND	NONE
Na2SiO3 x 5 H2O	mediadive.compound:2160	NA	0	UNKNOWN	pentahydrate	pentahydrate; hexahydrate; octahydrate; nonahydrate	TRUE	NO_CAS_PROVIDED	UNKNOWN	NOT_APPLICABLE(unmapped)	UNKNOWN	OK	high	The stated pentahydrate is an established form of sodium metasilicate; known hydrates are pentahydrate; hexahydrate; octahydrate; nonahydrate. This is MediaDive compound 2160 and the fix or confirmation belongs upstream before MIM ingestion.	4	2160	NOT_FOUND	NONE
NaMoO4·2H2O	NOT_IN_MIM	NA	0	UNKNOWN	dihydrate	none known for formula as written	FALSE	NO_CAS_PROVIDED	UNKNOWN	NOT_APPLICABLE(unmapped)	UNKNOWN	NEEDS_SOURCE	high	The molybdate formula is malformed; Na2MoO4 dihydrate is likely intended. No exact MIM preferred-term row exists; this CultureMech-only label should be checked against its source recipe before ingestion.	4	NA	NOT_FOUND	CULTUREMECH
Sodium glutamate・H2O	NOT_IN_MIM	NA	0	UNKNOWN	monohydrate	monohydrate	TRUE	NO_CAS_PROVIDED	6382-01-0	NOT_APPLICABLE(unmapped)	cas:6382-01-0	OK	high	The stated monohydrate is an established form of glutamate salt; known hydrates are monohydrate. No exact MIM preferred-term row exists; this CultureMech-only label should be checked against its source recipe before ingestion.	4	NA	NOT_FOUND	NONE
Na2HPO4 . 12H2O	NOT_IN_MIM	NA	0	UNKNOWN	dodecahydrate	dihydrate; heptahydrate; dodecahydrate	TRUE	NO_CAS_PROVIDED	10039-32-4	NOT_APPLICABLE(unmapped)	kgmicrobe.compound:na2hpo4_x_12_h2o	OK	high	The stated dodecahydrate is an established form of disodium hydrogenphosphate; known hydrates are dihydrate; heptahydrate; dodecahydrate. No exact MIM preferred-term row exists; this CultureMech-only label should be checked against its source recipe before ingestion.	4	NA	NOT_FOUND	NONE
MnSO4.4H2O	NOT_IN_MIM	NA	0	UNKNOWN	tetrahydrate	monohydrate; dihydrate; tetrahydrate; pentahydrate; hexahydrate; heptahydrate	TRUE	NO_CAS_PROVIDED	10101-68-5	NOT_APPLICABLE(unmapped)	CHEBI:86358	OK	high	The stated tetrahydrate is an established form of manganese(II) sulfate; known hydrates are monohydrate; dihydrate; tetrahydrate; pentahydrate; hexahydrate; heptahydrate. No exact MIM preferred-term row exists; this CultureMech-only label should be checked against its source recipe before ingestion.	4	NA	NOT_FOUND	NONE
Na2-ß-glycerophosphate x 5 H2O	mediadive.compound:230	NA	0	UNKNOWN	pentahydrate	pentahydrate	TRUE	NO_CAS_PROVIDED	UNKNOWN	NOT_APPLICABLE(unmapped)	none exists	MINT	high	The stated pentahydrate is an established form of disodium beta-glycerophosphate; known hydrates are pentahydrate. This is MediaDive compound 230 and the fix or confirmation belongs upstream before MIM ingestion.	4	230	NOT_FOUND	MIM
Na2SiO3・9H2O	NOT_IN_MIM	NA	0	UNKNOWN	nonahydrate	pentahydrate; hexahydrate; octahydrate; nonahydrate	TRUE	NO_CAS_PROVIDED	13517-24-3	NOT_APPLICABLE(unmapped)	CHEBI:132108	OK	high	The stated nonahydrate is an established form of sodium metasilicate; known hydrates are pentahydrate; hexahydrate; octahydrate; nonahydrate. No exact MIM preferred-term row exists; this CultureMech-only label should be checked against its source recipe before ingestion.	4	NA	NOT_FOUND	NONE
ZnSO4 · 7H2O	NOT_IN_MIM	NA	0	UNKNOWN	heptahydrate	monohydrate; tetrahydrate; hexahydrate; heptahydrate	TRUE	NO_CAS_PROVIDED	7446-20-0	NOT_APPLICABLE(unmapped)	CHEBI:32312	OK	high	The stated heptahydrate is an established form of zinc sulfate; known hydrates are monohydrate; tetrahydrate; hexahydrate; heptahydrate. No exact MIM preferred-term row exists; this CultureMech-only label should be checked against its source recipe before ingestion.	4	NA	NOT_FOUND	NONE
Na3-NTA x H2O	UNMAPPED_0475	NA	0	UNKNOWN	monohydrate	monohydrate	TRUE	NO_CAS_PROVIDED	UNKNOWN	NOT_APPLICABLE(unmapped)	none exists	MINT	medium	Bare x H2O conventionally reads as trisodium nitrilotriacetate monohydrate, but this record lacks CAS, formula, and ontology grounding and no exact ChEBI term is asserted. MIM source fields: mapping_status=UNMAPPED; mapping_quality=NA; molecular_formula=NA.	4	1482	NOT_FOUND	MIM
K2HPO4.3H2O	NOT_IN_MIM	NA	0	UNKNOWN	trihydrate	trihydrate; hexahydrate	TRUE	NO_CAS_PROVIDED	16788-57-1	NOT_APPLICABLE(unmapped)	cas:16788-57-1	OK	high	The stated trihydrate is an established form of dipotassium hydrogenphosphate; known hydrates are trihydrate; hexahydrate. No exact MIM preferred-term row exists; this CultureMech-only label should be checked against its source recipe before ingestion.	4	NA	NOT_FOUND	NONE
(NH4)6Mo7O24・4H2O	NOT_IN_MIM	NA	0	UNKNOWN	tetrahydrate	tetrahydrate	TRUE	NO_CAS_PROVIDED	12054-85-2	NOT_APPLICABLE(unmapped)	cas:12054-85-2	OK	high	The stated tetrahydrate is an established form of ammonium heptamolybdate; known hydrates are tetrahydrate. No exact MIM preferred-term row exists; this CultureMech-only label should be checked against its source recipe before ingestion.	4	NA	NOT_FOUND	NONE
NaMoO4.2H2O	NOT_IN_MIM	NA	0	UNKNOWN	dihydrate	none known for formula as written	FALSE	NO_CAS_PROVIDED	UNKNOWN	NOT_APPLICABLE(unmapped)	UNKNOWN	NEEDS_SOURCE	high	The molybdate formula is malformed; Na2MoO4 dihydrate is likely intended. No exact MIM preferred-term row exists; this CultureMech-only label should be checked against its source recipe before ingestion. Exact-label downstream presence was confirmed in kg-microbe transformed MediaDive exports; no downstream file was changed.	4	NA	NOT_FOUND	CULTUREMECH
Trisodium citrate·2H2O	NOT_IN_MIM	NA	0	UNKNOWN	dihydrate	dihydrate	TRUE	NO_CAS_PROVIDED	6132-04-3	NOT_APPLICABLE(unmapped)	CHEBI:32142	OK	high	The stated dihydrate is an established form of trisodium citrate; known hydrates are dihydrate. No exact MIM preferred-term row exists; this CultureMech-only label should be checked against its source recipe before ingestion.	4	NA	NOT_FOUND	NONE
FeSO4 7H2O	NOT_IN_MIM	NA	0	UNKNOWN	heptahydrate	monohydrate; tetrahydrate; pentahydrate; hexahydrate; heptahydrate	TRUE	NO_CAS_PROVIDED	7782-63-0	NOT_APPLICABLE(unmapped)	CHEBI:75836	OK	high	The stated heptahydrate is an established form of iron(II) sulfate; known hydrates are monohydrate; tetrahydrate; pentahydrate; hexahydrate; heptahydrate. No exact MIM preferred-term row exists; this CultureMech-only label should be checked against its source recipe before ingestion.	4	NA	NOT_FOUND	NONE
5% Na2S·9H2O solution (pH 7.0)	NOT_IN_MIM	NA	0	UNKNOWN	nonahydrate	dihydrate; pentahydrate; nonahydrate	TRUE	NO_CAS_PROVIDED	1313-84-4	NOT_APPLICABLE(unmapped)	CHEBI:76209	OK	high	The stated nonahydrate is an established form of sodium sulfide; known hydrates are dihydrate; pentahydrate; nonahydrate. No exact MIM preferred-term row exists; this CultureMech-only label should be checked against its source recipe before ingestion.	4	NA	NOT_FOUND	NONE
VOSO4·xH2O	NOT_IN_MIM	NA	0	UNKNOWN	hydrate (unspecified stoichiometry)	monohydrate; dihydrate; trihydrate; pentahydrate	UNSPECIFIED	NO_CAS_PROVIDED	UNKNOWN	NOT_APPLICABLE(unmapped)	UNKNOWN	NEEDS_SOURCE	low	The label does not establish a unique water stoichiometry for vanadyl sulfate; the original recipe or registry record is required. No exact MIM preferred-term row exists; this CultureMech-only label should be checked against its source recipe before ingestion.	4	NA	NOT_FOUND	CULTUREMECH
Co(NO3)2 · 6H2O	NOT_IN_MIM	NA	0	UNKNOWN	hexahydrate	hexahydrate	TRUE	NO_CAS_PROVIDED	10026-22-9	NOT_APPLICABLE(unmapped)	CHEBI:86214	OK	high	The stated hexahydrate is an established form of cobalt(II) nitrate; known hydrates are hexahydrate. No exact MIM preferred-term row exists; this CultureMech-only label should be checked against its source recipe before ingestion.	3	NA	NOT_FOUND	NONE
MnSO4 · H2O	NOT_IN_MIM	NA	0	UNKNOWN	monohydrate	monohydrate; dihydrate; tetrahydrate; pentahydrate; hexahydrate; heptahydrate	TRUE	NO_CAS_PROVIDED	10034-96-5	NOT_APPLICABLE(unmapped)	CHEBI:86364	OK	high	The stated monohydrate is an established form of manganese(II) sulfate; known hydrates are monohydrate; dihydrate; tetrahydrate; pentahydrate; hexahydrate; heptahydrate. No exact MIM preferred-term row exists; this CultureMech-only label should be checked against its source recipe before ingestion.	3	NA	NOT_FOUND	NONE
Na2S・9H2O (final conc.)	NOT_IN_MIM	NA	0	UNKNOWN	nonahydrate	dihydrate; pentahydrate; nonahydrate	TRUE	NO_CAS_PROVIDED	1313-84-4	NOT_APPLICABLE(unmapped)	CHEBI:76209	OK	high	The stated nonahydrate is an established form of sodium sulfide; known hydrates are dihydrate; pentahydrate; nonahydrate. No exact MIM preferred-term row exists; this CultureMech-only label should be checked against its source recipe before ingestion.	3	NA	NOT_FOUND	NONE
Cobalt nitrate hexahydrate	NOT_IN_MIM	NA	0	UNKNOWN	hexahydrate	hexahydrate	TRUE	NO_CAS_PROVIDED	10026-22-9	NOT_APPLICABLE(unmapped)	CHEBI:86214	OK	high	The stated hexahydrate is an established form of cobalt(II) nitrate; known hydrates are hexahydrate. No exact MIM preferred-term row exists; this CultureMech-only label should be checked against its source recipe before ingestion.	3	NA	NOT_FOUND	NONE
(NH4)6MoO7O24·4H2O	NOT_IN_MIM	NA	0	UNKNOWN	tetrahydrate	none known for formula as written	FALSE	NO_CAS_PROVIDED	UNKNOWN	NOT_APPLICABLE(unmapped)	UNKNOWN	NEEDS_SOURCE	high	The ammonium heptamolybdate formula is malformed; (NH4)6Mo7O24 tetrahydrate is likely intended. No exact MIM preferred-term row exists; this CultureMech-only label should be checked against its source recipe before ingestion.	3	NA	NOT_FOUND	CULTUREMECH
10% Na2S2O3・5H2O solution	NOT_IN_MIM	NA	0	UNKNOWN	pentahydrate	pentahydrate	TRUE	NO_CAS_PROVIDED	10102-17-7	NOT_APPLICABLE(unmapped)	CHEBI:32150	OK	high	The stated pentahydrate is an established form of sodium thiosulfate; known hydrates are pentahydrate. No exact MIM preferred-term row exists; this CultureMech-only label should be checked against its source recipe before ingestion.	3	NA	NOT_FOUND	NONE
CuSO4 x H2O	mediadive.compound:509	NA	0	UNKNOWN	monohydrate	monohydrate; trihydrate; pentahydrate; heptahydrate	TRUE	NO_CAS_PROVIDED	UNKNOWN	NOT_APPLICABLE(unmapped)	UNKNOWN	OK	high	The stated monohydrate is an established form of copper(II) sulfate; known hydrates are monohydrate; trihydrate; pentahydrate; heptahydrate. This is MediaDive compound 509 and the fix or confirmation belongs upstream before MIM ingestion.	3	509	NOT_FOUND	NONE
NaWO4・2H2O	NOT_IN_MIM	NA	0	UNKNOWN	dihydrate	none known for formula as written	FALSE	NO_CAS_PROVIDED	UNKNOWN	NOT_APPLICABLE(unmapped)	UNKNOWN	NEEDS_SOURCE	high	The tungstate formula is missing oxygen or sodium; Na2WO4 dihydrate is likely intended. No exact MIM preferred-term row exists; this CultureMech-only label should be checked against its source recipe before ingestion.	3	NA	NOT_FOUND	CULTUREMECH
FeCl2 . 4H2O	NOT_IN_MIM	NA	0	UNKNOWN	tetrahydrate	dihydrate; tetrahydrate	TRUE	NO_CAS_PROVIDED	13478-10-9	NOT_APPLICABLE(unmapped)	CHEBI:86249	OK	high	The stated tetrahydrate is an established form of iron(II) chloride; known hydrates are dihydrate; tetrahydrate. No exact MIM preferred-term row exists; this CultureMech-only label should be checked against its source recipe before ingestion.	3	NA	NOT_FOUND	NONE
MnSO4·7H2O	NOT_IN_MIM	NA	0	UNKNOWN	heptahydrate	monohydrate; dihydrate; tetrahydrate; pentahydrate; hexahydrate; heptahydrate	TRUE	NO_CAS_PROVIDED	UNKNOWN	NOT_APPLICABLE(unmapped)	none exists	MINT	high	The stated heptahydrate is an established form of manganese(II) sulfate; known hydrates are monohydrate; dihydrate; tetrahydrate; pentahydrate; hexahydrate; heptahydrate. No exact MIM preferred-term row exists; this CultureMech-only label should be checked against its source recipe before ingestion.	3	NA	NOT_FOUND	MIM
Na3-citrate x 5 H2O	mediadive.compound:825	NA	0	UNKNOWN	pentahydrate	dihydrate	UNCERTAIN	NO_CAS_PROVIDED	UNKNOWN	NOT_APPLICABLE(unmapped)	UNKNOWN	NEEDS_SOURCE	medium	The exact pentahydrate of trisodium citrate could not be settled confidently from established phase evidence; retain UNKNOWN pending the source. This is MediaDive compound 825 and the fix or confirmation belongs upstream before MIM ingestion.	3	825	NOT_FOUND	MEDIADIVE_UPSTREAM
MgCl2 x 6H2O	NOT_IN_MIM	NA	0	UNKNOWN	hexahydrate	monohydrate; dihydrate; tetrahydrate; hexahydrate; octahydrate; dodecahydrate	TRUE	NO_CAS_PROVIDED	7791-18-6	NOT_APPLICABLE(unmapped)	CHEBI:86345	OK	high	The stated hexahydrate is an established form of magnesium chloride; known hydrates are monohydrate; dihydrate; tetrahydrate; hexahydrate; octahydrate; dodecahydrate. No exact MIM preferred-term row exists; this CultureMech-only label should be checked against its source recipe before ingestion.	3	NA	NOT_FOUND	NONE
Na2S x 9H2O	NOT_IN_MIM	NA	0	UNKNOWN	nonahydrate	dihydrate; pentahydrate; nonahydrate	TRUE	NO_CAS_PROVIDED	1313-84-4	NOT_APPLICABLE(unmapped)	CHEBI:76209	OK	high	The stated nonahydrate is an established form of sodium sulfide; known hydrates are dihydrate; pentahydrate; nonahydrate. No exact MIM preferred-term row exists; this CultureMech-only label should be checked against its source recipe before ingestion.	3	NA	NOT_FOUND	NONE
CuCl2 x H2O	mediadive.compound:591	NA	0	UNKNOWN	monohydrate	monohydrate (reported); dihydrate	TRUE	NO_CAS_PROVIDED	UNKNOWN	NOT_APPLICABLE(unmapped)	UNKNOWN	OK	high	The stated monohydrate is an established form of copper(II) chloride; known hydrates are monohydrate (reported); dihydrate. This is MediaDive compound 591 and the fix or confirmation belongs upstream before MIM ingestion.	3	591	NOT_FOUND	NONE
Citric acid x H2O	CHEBI:31404	Citric acid monohydrate	2	5949-29-1	monohydrate	monohydrate	TRUE	MATCHES_HYDRATE	5949-29-1	CORRECT	CHEBI:31404	OK	high	CHEBI:31404, CAS 5949-29-1, and C6H8O7.H2O consistently identify citric acid monohydrate. MIM source fields: mapping_status=MAPPED; mapping_quality=EXACT_MATCH; molecular_formula=C6H8O7.H2O.	3	786	skos:exactMatch	NONE
Na2WO2・2H2O	NOT_IN_MIM	NA	0	UNKNOWN	dihydrate	none known for formula as written	FALSE	NO_CAS_PROVIDED	UNKNOWN	NOT_APPLICABLE(unmapped)	UNKNOWN	NEEDS_SOURCE	high	The tungstate formula is missing oxygen or sodium; Na2WO4 dihydrate is likely intended. No exact MIM preferred-term row exists; this CultureMech-only label should be checked against its source recipe before ingestion.	3	NA	NOT_FOUND	CULTUREMECH
MgCl2 x 4 H2O	mediadive.compound:871	NA	0	UNKNOWN	tetrahydrate	monohydrate; dihydrate; tetrahydrate; hexahydrate; octahydrate; dodecahydrate	TRUE	NO_CAS_PROVIDED	UNKNOWN	NOT_APPLICABLE(unmapped)	UNKNOWN	OK	high	The stated tetrahydrate is an established form of magnesium chloride; known hydrates are monohydrate; dihydrate; tetrahydrate; hexahydrate; octahydrate; dodecahydrate. This is MediaDive compound 871 and the fix or confirmation belongs upstream before MIM ingestion.	3	871	NOT_FOUND	NONE
NaNH4HPO4 x 4 H2O	mediadive.compound:665	NA	0	UNKNOWN	tetrahydrate	tetrahydrate	TRUE	NO_CAS_PROVIDED	UNKNOWN	NOT_APPLICABLE(unmapped)	UNKNOWN	OK	high	The stated tetrahydrate is an established form of sodium ammonium hydrogenphosphate; known hydrates are tetrahydrate. This is MediaDive compound 665 and the fix or confirmation belongs upstream before MIM ingestion.	3	665	NOT_FOUND	NONE
NiSO4・7H2O	NOT_IN_MIM	NA	0	UNKNOWN	heptahydrate	hexahydrate; heptahydrate	TRUE	NO_CAS_PROVIDED	UNKNOWN	NOT_APPLICABLE(unmapped)	CHEBI:53504	OK	high	The stated heptahydrate is an established form of nickel(II) sulfate; known hydrates are hexahydrate; heptahydrate. No exact MIM preferred-term row exists; this CultureMech-only label should be checked against its source recipe before ingestion.	3	NA	NOT_FOUND	NONE
AlK(SO4)2.12H2O	NOT_IN_MIM	NA	0	UNKNOWN	dodecahydrate	dodecahydrate	TRUE	NO_CAS_PROVIDED	7784-24-9	NOT_APPLICABLE(unmapped)	CHEBI:86465	OK	high	The stated dodecahydrate is an established form of potassium aluminium sulfate; known hydrates are dodecahydrate. No exact MIM preferred-term row exists; this CultureMech-only label should be checked against its source recipe before ingestion.	3	NA	NOT_FOUND	NONE
CH3COONa.3H2O	NOT_IN_MIM	NA	0	UNKNOWN	trihydrate	trihydrate	TRUE	NO_CAS_PROVIDED	6131-90-4	NOT_APPLICABLE(unmapped)	CHEBI:32138	OK	high	The stated trihydrate is an established form of sodium acetate; known hydrates are trihydrate. No exact MIM preferred-term row exists; this CultureMech-only label should be checked against its source recipe before ingestion.	3	NA	NOT_FOUND	NONE
Manganese sulfate monohydrate	NOT_IN_MIM	NA	0	UNKNOWN	monohydrate	monohydrate; dihydrate; tetrahydrate; pentahydrate; hexahydrate; heptahydrate	TRUE	NO_CAS_PROVIDED	10034-96-5	NOT_APPLICABLE(unmapped)	CHEBI:86364	OK	high	The stated monohydrate is an established form of manganese(II) sulfate; known hydrates are monohydrate; dihydrate; tetrahydrate; pentahydrate; hexahydrate; heptahydrate. No exact MIM preferred-term row exists; this CultureMech-only label should be checked against its source recipe before ingestion.	3	NA	NOT_FOUND	NONE
Thiamine-HCl·2H2O	NOT_IN_MIM	NA	0	UNKNOWN	dihydrate	hemihydrate; monohydrate; nonstoichiometric hydrate; dihydrate	TRUE	NO_CAS_PROVIDED	13465-05-9	NOT_APPLICABLE(unmapped)	CHEBI:132751	OK	high	The stated dihydrate is an established form of thiamine hydrochloride; known hydrates are hemihydrate; monohydrate; nonstoichiometric hydrate; dihydrate. No exact MIM preferred-term row exists; this CultureMech-only label should be checked against its source recipe before ingestion.	3	NA	NOT_FOUND	NONE
CaSO4 · 2H2O	NOT_IN_MIM	NA	0	UNKNOWN	dihydrate	hemihydrate; dihydrate	TRUE	NO_CAS_PROVIDED	10101-41-4	NOT_APPLICABLE(unmapped)	CHEBI:32583	OK	high	The stated dihydrate is an established form of calcium sulfate; known hydrates are hemihydrate; dihydrate. No exact MIM preferred-term row exists; this CultureMech-only label should be checked against its source recipe before ingestion.	3	NA	NOT_FOUND	NONE
AlCl3·6H2O	NOT_IN_MIM	NA	0	UNKNOWN	hexahydrate	hexahydrate	TRUE	NO_CAS_PROVIDED	7784-13-6	NOT_APPLICABLE(unmapped)	CHEBI:30115	OK	high	The stated hexahydrate is an established form of aluminium chloride; known hydrates are hexahydrate. No exact MIM preferred-term row exists; this CultureMech-only label should be checked against its source recipe before ingestion.	3	NA	NOT_FOUND	NONE
Na2HPO4.7H2O	NOT_IN_MIM	NA	0	UNKNOWN	heptahydrate	dihydrate; heptahydrate; dodecahydrate	TRUE	NO_CAS_PROVIDED	7782-85-6	NOT_APPLICABLE(unmapped)	kgmicrobe.compound:na2hpo4_x_7_h2o	OK	high	The stated heptahydrate is an established form of disodium hydrogenphosphate; known hydrates are dihydrate; heptahydrate; dodecahydrate. No exact MIM preferred-term row exists; this CultureMech-only label should be checked against its source recipe before ingestion.	3	NA	NOT_FOUND	NONE
5.0% Na2S・9H2O solution	NOT_IN_MIM	NA	0	UNKNOWN	nonahydrate	dihydrate; pentahydrate; nonahydrate	TRUE	NO_CAS_PROVIDED	1313-84-4	NOT_APPLICABLE(unmapped)	CHEBI:76209	OK	high	The stated nonahydrate is an established form of sodium sulfide; known hydrates are dihydrate; pentahydrate; nonahydrate. No exact MIM preferred-term row exists; this CultureMech-only label should be checked against its source recipe before ingestion.	3	NA	NOT_FOUND	NONE
Na2WO4·H2O	NOT_IN_MIM	NA	0	UNKNOWN	monohydrate	monohydrate; dihydrate	TRUE	NO_CAS_PROVIDED	UNKNOWN	NOT_APPLICABLE(unmapped)	UNKNOWN	OK	high	The stated monohydrate is an established form of sodium tungstate; known hydrates are monohydrate; dihydrate. No exact MIM preferred-term row exists; this CultureMech-only label should be checked against its source recipe before ingestion.	3	NA	NOT_FOUND	NONE
MgCl2 x H2O	CHEBI:86355	magnesium dichloride monohydrate	2	22756-14-5	monohydrate	monohydrate; dihydrate; tetrahydrate; hexahydrate; octahydrate; dodecahydrate	TRUE	MATCHES_HYDRATE	22756-14-5	CORRECT	CHEBI:86355	OK	high	CHEBI:86355, CAS 22756-14-5, and 2Cl.H2O.Mg consistently identify magnesium chloride monohydrate. MIM source fields: mapping_status=MAPPED; mapping_quality=EXACT_MATCH; molecular_formula=2Cl.H2O.Mg.	3	912	skos:exactMatch	NONE
MgSO4·6H2O	NOT_IN_MIM	NA	0	UNKNOWN	hexahydrate	monohydrate; dihydrate; tetrahydrate; pentahydrate; hexahydrate; heptahydrate; undecahydrate	TRUE	NO_CAS_PROVIDED	UNKNOWN	NOT_APPLICABLE(unmapped)	none exists	MINT	high	The stated hexahydrate is an established form of magnesium sulfate; known hydrates are monohydrate; dihydrate; tetrahydrate; pentahydrate; hexahydrate; heptahydrate; undecahydrate. No exact MIM preferred-term row exists; this CultureMech-only label should be checked against its source recipe before ingestion.	3	NA	NOT_FOUND	MIM
FeSO4・H2O	NOT_IN_MIM	NA	0	UNKNOWN	monohydrate	monohydrate; tetrahydrate; pentahydrate; hexahydrate; heptahydrate	TRUE	NO_CAS_PROVIDED	UNKNOWN	NOT_APPLICABLE(unmapped)	UNKNOWN	OK	high	The stated monohydrate is an established form of iron(II) sulfate; known hydrates are monohydrate; tetrahydrate; pentahydrate; hexahydrate; heptahydrate. No exact MIM preferred-term row exists; this CultureMech-only label should be checked against its source recipe before ingestion.	3	NA	NOT_FOUND	NONE
MnCl2.4H2O	NOT_IN_MIM	NA	0	UNKNOWN	tetrahydrate	monohydrate; dihydrate; tetrahydrate	TRUE	NO_CAS_PROVIDED	13446-34-9	NOT_APPLICABLE(unmapped)	CHEBI:86368	OK	high	The stated tetrahydrate is an established form of manganese(II) chloride; known hydrates are monohydrate; dihydrate; tetrahydrate. No exact MIM preferred-term row exists; this CultureMech-only label should be checked against its source recipe before ingestion.	3	NA	NOT_FOUND	NONE
FeCl3 . 6H2O	NOT_IN_MIM	NA	0	UNKNOWN	hexahydrate	hexahydrate	TRUE	NO_CAS_PROVIDED	10025-77-1	NOT_APPLICABLE(unmapped)	CHEBI:86254	OK	high	The stated hexahydrate is an established form of iron(III) chloride; known hydrates are hexahydrate. No exact MIM preferred-term row exists; this CultureMech-only label should be checked against its source recipe before ingestion.	3	NA	NOT_FOUND	NONE
VOSO4 . 2H2O	NOT_IN_MIM	NA	0	UNKNOWN	dihydrate	monohydrate; dihydrate; trihydrate; pentahydrate	TRUE	NO_CAS_PROVIDED	UNKNOWN	NOT_APPLICABLE(unmapped)	CHEBI:87009	OK	high	The stated dihydrate is an established form of vanadyl sulfate; known hydrates are monohydrate; dihydrate; trihydrate; pentahydrate. No exact MIM preferred-term row exists; this CultureMech-only label should be checked against its source recipe before ingestion.	3	NA	NOT_FOUND	NONE
Na2B4O7 . 10H2O	NOT_IN_MIM	NA	0	UNKNOWN	decahydrate	decahydrate	TRUE	NO_CAS_PROVIDED	1303-96-4	NOT_APPLICABLE(unmapped)	CHEBI:131366	OK	high	The stated decahydrate is an established form of disodium tetraborate; known hydrates are decahydrate. No exact MIM preferred-term row exists; this CultureMech-only label should be checked against its source recipe before ingestion.	3	NA	NOT_FOUND	NONE
KH2PO4 x 2 H2O	mediadive.compound:1810	NA	0	UNKNOWN	dihydrate	none known	FALSE	NO_CAS_PROVIDED	UNKNOWN	NOT_APPLICABLE(unmapped)	UNKNOWN	NEEDS_SOURCE	high	No stable dihydrate of potassium dihydrogenphosphate is established; known hydrate forms are none known. This is MediaDive compound 1810 and the fix or confirmation belongs upstream before MIM ingestion. Exact-label downstream presence was confirmed in kg-microbe transformed MediaDive exports; no downstream file was changed.	3	1810	NOT_FOUND	MEDIADIVE_UPSTREAM
KH2PO4 x 7 H2O	mediadive.compound:1161	NA	0	UNKNOWN	heptahydrate	none known	FALSE	NO_CAS_PROVIDED	UNKNOWN	NOT_APPLICABLE(unmapped)	UNKNOWN	NEEDS_SOURCE	high	No stable heptahydrate of potassium dihydrogenphosphate is established; known hydrate forms are none known. This is MediaDive compound 1161 and the fix or confirmation belongs upstream before MIM ingestion. Exact-label downstream presence was confirmed in kg-microbe transformed MediaDive exports; no downstream file was changed.	3	1161	NOT_FOUND	MEDIADIVE_UPSTREAM
CuCl2 · 2H2O	NOT_IN_MIM	NA	0	UNKNOWN	dihydrate	monohydrate (reported); dihydrate	TRUE	NO_CAS_PROVIDED	10125-13-0	NOT_APPLICABLE(unmapped)	CHEBI:86318	OK	high	The stated dihydrate is an established form of copper(II) chloride; known hydrates are monohydrate (reported); dihydrate. No exact MIM preferred-term row exists; this CultureMech-only label should be checked against its source recipe before ingestion.	3	NA	NOT_FOUND	NONE
DL-Asparagine x H2O	mediadive.compound:1128	NA	0	UNKNOWN	monohydrate	monohydrate	TRUE	NO_CAS_PROVIDED	5794-13-8	NOT_APPLICABLE(unmapped)	cas:5794-13-8	OK	high	The stated monohydrate is an established form of asparagine; known hydrates are monohydrate. This is MediaDive compound 1128 and the fix or confirmation belongs upstream before MIM ingestion.	3	1128	NOT_FOUND	NONE
Disodium succinate・6H2O	NOT_IN_MIM	NA	0	UNKNOWN	hexahydrate	hexahydrate	TRUE	NO_CAS_PROVIDED	6106-21-4	NOT_APPLICABLE(unmapped)	CHEBI:63686	OK	high	The stated hexahydrate is an established form of disodium succinate; known hydrates are hexahydrate. No exact MIM preferred-term row exists; this CultureMech-only label should be checked against its source recipe before ingestion.	3	NA	NOT_FOUND	NONE
CuSO4 · 5H2O	NOT_IN_MIM	NA	0	UNKNOWN	pentahydrate	monohydrate; trihydrate; pentahydrate; heptahydrate	TRUE	NO_CAS_PROVIDED	7758-99-8	NOT_APPLICABLE(unmapped)	CHEBI:31440	OK	high	The stated pentahydrate is an established form of copper(II) sulfate; known hydrates are monohydrate; trihydrate; pentahydrate; heptahydrate. No exact MIM preferred-term row exists; this CultureMech-only label should be checked against its source recipe before ingestion.	3	NA	NOT_FOUND	NONE
Na2SeO3.5H2O	NOT_IN_MIM	NA	0	UNKNOWN	pentahydrate	pentahydrate	TRUE	NO_CAS_PROVIDED	26970-82-1	NOT_APPLICABLE(unmapped)	CHEBI:131361	OK	high	The stated pentahydrate is an established form of sodium selenite; known hydrates are pentahydrate. No exact MIM preferred-term row exists; this CultureMech-only label should be checked against its source recipe before ingestion.	3	NA	NOT_FOUND	NONE
Cr2(SO4)3 x n H2O	CHEBI:53471	chromium(III) sulfate	2	10101-53-8	hydrate (unspecified stoichiometry)	multiple nonstoichiometric hydrates reported	UNSPECIFIED	MATCHES_ANHYDROUS_WRONGLY	UNKNOWN	WRONG_TERM_ANHYDROUS	none exists	MINT	high	Variable n leaves hydration open, but CHEBI:53471, CAS 10101-53-8, and 2Cr.3O4S encode anhydrous chromium(III) sulfate; no exact ChEBI hydrate term is asserted. Published SSSOM skos:exactMatch to CHEBI:53471 therefore asserts a false hydrate-to-anhydrous identity. MIM source fields: mapping_status=MAPPED; mapping_quality=EXACT_MATCH; molecular_formula=2Cr.3O4S.	3	2024	skos:exactMatch	MIM
(NH4)Mo7O24・4H2O	NOT_IN_MIM	NA	0	UNKNOWN	tetrahydrate	none known for formula as written	FALSE	NO_CAS_PROVIDED	UNKNOWN	NOT_APPLICABLE(unmapped)	UNKNOWN	NEEDS_SOURCE	high	The ammonium heptamolybdate formula is malformed; (NH4)6Mo7O24 tetrahydrate is likely intended. No exact MIM preferred-term row exists; this CultureMech-only label should be checked against its source recipe before ingestion.	3	NA	NOT_FOUND	CULTUREMECH
MnCI2.4H2O	NOT_IN_MIM	NA	0	UNKNOWN	tetrahydrate	monohydrate; dihydrate; tetrahydrate	TRUE	NO_CAS_PROVIDED	13446-34-9	NOT_APPLICABLE(unmapped)	CHEBI:86368	OK	high	The stated tetrahydrate is an established form of manganese(II) chloride; known hydrates are monohydrate; dihydrate; tetrahydrate. No exact MIM preferred-term row exists; this CultureMech-only label should be checked against its source recipe before ingestion.	3	NA	NOT_FOUND	NONE
Na2SeO4 x 10 H2O	mediadive.compound:1325	NA	0	UNKNOWN	decahydrate	sesquihydrate; heptahydrate; decahydrate	TRUE	NO_CAS_PROVIDED	UNKNOWN	NOT_APPLICABLE(unmapped)	UNKNOWN	OK	high	The stated decahydrate is an established form of sodium selenate; known hydrates are sesquihydrate; heptahydrate; decahydrate. This is MediaDive compound 1325 and the fix or confirmation belongs upstream before MIM ingestion.	3	1325	NOT_FOUND	NONE
(NH4)6Mo7O24·4H2O	NOT_IN_MIM	NA	0	UNKNOWN	tetrahydrate	tetrahydrate	TRUE	NO_CAS_PROVIDED	12054-85-2	NOT_APPLICABLE(unmapped)	cas:12054-85-2	OK	high	The stated tetrahydrate is an established form of ammonium heptamolybdate; known hydrates are tetrahydrate. No exact MIM preferred-term row exists; this CultureMech-only label should be checked against its source recipe before ingestion.	3	NA	NOT_FOUND	NONE
NaVO3 x n H2O	mediadive.compound:700	NA	0	UNKNOWN	hydrate (unspecified stoichiometry)	monohydrate	UNSPECIFIED	NO_CAS_PROVIDED	UNKNOWN	NOT_APPLICABLE(unmapped)	UNKNOWN	NEEDS_SOURCE	low	The label does not establish a unique water stoichiometry for sodium metavanadate; the original recipe or registry record is required. This is MediaDive compound 700 and the fix or confirmation belongs upstream before MIM ingestion.	3	700	NOT_FOUND	MEDIADIVE_UPSTREAM
Na2S2O3 . 5H2O	NOT_IN_MIM	NA	0	UNKNOWN	pentahydrate	pentahydrate	TRUE	NO_CAS_PROVIDED	10102-17-7	NOT_APPLICABLE(unmapped)	CHEBI:32150	OK	high	The stated pentahydrate is an established form of sodium thiosulfate; known hydrates are pentahydrate. No exact MIM preferred-term row exists; this CultureMech-only label should be checked against its source recipe before ingestion.	3	NA	NOT_FOUND	NONE
Na2SeO3 . 5H2O	NOT_IN_MIM	NA	0	UNKNOWN	pentahydrate	pentahydrate	TRUE	NO_CAS_PROVIDED	26970-82-1	NOT_APPLICABLE(unmapped)	CHEBI:131361	OK	high	The stated pentahydrate is an established form of sodium selenite; known hydrates are pentahydrate. No exact MIM preferred-term row exists; this CultureMech-only label should be checked against its source recipe before ingestion.	3	NA	NOT_FOUND	NONE
Calcium nitrate tetrahydrate	NOT_IN_MIM	NA	0	UNKNOWN	tetrahydrate	dihydrate; trihydrate; tetrahydrate	TRUE	NO_CAS_PROVIDED	13477-34-4	NOT_APPLICABLE(unmapped)	CHEBI:86159	OK	high	The stated tetrahydrate is an established form of calcium nitrate; known hydrates are dihydrate; trihydrate; tetrahydrate. No exact MIM preferred-term row exists; this CultureMech-only label should be checked against its source recipe before ingestion.	3	NA	NOT_FOUND	NONE
magnesium sulfate heptahydrate	NOT_IN_MIM	NA	0	UNKNOWN	heptahydrate	monohydrate; dihydrate; tetrahydrate; pentahydrate; hexahydrate; heptahydrate; undecahydrate	TRUE	NO_CAS_PROVIDED	10034-99-8	NOT_APPLICABLE(unmapped)	CHEBI:31795	OK	high	The stated heptahydrate is an established form of magnesium sulfate; known hydrates are monohydrate; dihydrate; tetrahydrate; pentahydrate; hexahydrate; heptahydrate; undecahydrate. No exact MIM preferred-term row exists; this CultureMech-only label should be checked against its source recipe before ingestion.	3	NA	NOT_FOUND	NONE
manganese(II) sulfate dihydrate	NOT_IN_MIM	NA	0	UNKNOWN	dihydrate	monohydrate; dihydrate; tetrahydrate; pentahydrate; hexahydrate; heptahydrate	TRUE	NO_CAS_PROVIDED	UNKNOWN	NOT_APPLICABLE(unmapped)	CHEBI:86356	OK	high	The stated dihydrate is an established form of manganese(II) sulfate; known hydrates are monohydrate; dihydrate; tetrahydrate; pentahydrate; hexahydrate; heptahydrate. No exact MIM preferred-term row exists; this CultureMech-only label should be checked against its source recipe before ingestion.	3	NA	NOT_FOUND	NONE
zinc sulfate heptahydrate	NOT_IN_MIM	NA	0	UNKNOWN	heptahydrate	monohydrate; tetrahydrate; hexahydrate; heptahydrate	TRUE	NO_CAS_PROVIDED	7446-20-0	NOT_APPLICABLE(unmapped)	CHEBI:32312	OK	high	The stated heptahydrate is an established form of zinc sulfate; known hydrates are monohydrate; tetrahydrate; hexahydrate; heptahydrate. No exact MIM preferred-term row exists; this CultureMech-only label should be checked against its source recipe before ingestion.	3	NA	NOT_FOUND	NONE
copper sulfate pentahydrate	NOT_IN_MIM	NA	0	UNKNOWN	pentahydrate	monohydrate; trihydrate; pentahydrate; heptahydrate	TRUE	NO_CAS_PROVIDED	7758-99-8	NOT_APPLICABLE(unmapped)	CHEBI:31440	OK	high	The stated pentahydrate is an established form of copper(II) sulfate; known hydrates are monohydrate; trihydrate; pentahydrate; heptahydrate. No exact MIM preferred-term row exists; this CultureMech-only label should be checked against its source recipe before ingestion.	3	NA	NOT_FOUND	NONE
CoSO4 . 7H2O	NOT_IN_MIM	NA	0	UNKNOWN	heptahydrate	monohydrate; hexahydrate; heptahydrate	TRUE	NO_CAS_PROVIDED	10026-24-1	NOT_APPLICABLE(unmapped)	CHEBI:91244	OK	high	The stated heptahydrate is an established form of cobalt(II) sulfate; known hydrates are monohydrate; hexahydrate; heptahydrate. No exact MIM preferred-term row exists; this CultureMech-only label should be checked against its source recipe before ingestion.	3	NA	NOT_FOUND	NONE
SrCl2 x 6 H2O solution (0.1% w/v)	NOT_IN_MIM	NA	0	UNKNOWN	hexahydrate	hemihydrate; monohydrate; dihydrate; hexahydrate	TRUE	NO_CAS_PROVIDED	10025-70-4	NOT_APPLICABLE(unmapped)	CHEBI:36385	OK	high	The stated hexahydrate is an established form of strontium chloride; known hydrates are hemihydrate; monohydrate; dihydrate; hexahydrate. No exact MIM preferred-term row exists; this CultureMech-only label should be checked against its source recipe before ingestion.	3	NA	NOT_FOUND	NONE
0.2% Fe(NH4)2(SO4)・6H2O (in 0.037% HCl)	NOT_IN_MIM	NA	0	UNKNOWN	hexahydrate	none known for formula as written	FALSE	NO_CAS_PROVIDED	UNKNOWN	NOT_APPLICABLE(unmapped)	UNKNOWN	NEEDS_SOURCE	high	The Mohr-salt formula is malformed; (NH4)2Fe(SO4)2 hexahydrate is likely intended. No exact MIM preferred-term row exists; this CultureMech-only label should be checked against its source recipe before ingestion.	2	NA	NOT_FOUND	CULTUREMECH
LiCl.H2O	NOT_IN_MIM	NA	0	UNKNOWN	monohydrate	monohydrate; trihydrate	TRUE	NO_CAS_PROVIDED	UNKNOWN	NOT_APPLICABLE(unmapped)	UNKNOWN	OK	high	The stated monohydrate is an established form of lithium chloride; known hydrates are monohydrate; trihydrate. No exact MIM preferred-term row exists; this CultureMech-only label should be checked against its source recipe before ingestion.	2	NA	NOT_FOUND	NONE
MnCl2・4H2O (5.0 g/L in 0.01 N H2SO4)	NOT_IN_MIM	NA	0	UNKNOWN	tetrahydrate	monohydrate; dihydrate; tetrahydrate	TRUE	NO_CAS_PROVIDED	13446-34-9	NOT_APPLICABLE(unmapped)	CHEBI:86368	OK	high	The stated tetrahydrate is an established form of manganese(II) chloride; known hydrates are monohydrate; dihydrate; tetrahydrate. No exact MIM preferred-term row exists; this CultureMech-only label should be checked against its source recipe before ingestion.	2	NA	NOT_FOUND	NONE
ZnSO4・7H2O (0.6 g/L in 0.01 N H2SO4)	NOT_IN_MIM	NA	0	UNKNOWN	heptahydrate	monohydrate; tetrahydrate; hexahydrate; heptahydrate	TRUE	NO_CAS_PROVIDED	7446-20-0	NOT_APPLICABLE(unmapped)	CHEBI:32312	OK	high	The stated heptahydrate is an established form of zinc sulfate; known hydrates are monohydrate; tetrahydrate; hexahydrate; heptahydrate. No exact MIM preferred-term row exists; this CultureMech-only label should be checked against its source recipe before ingestion.	2	NA	NOT_FOUND	NONE
CuSO4・5H2O (0.15 g/L in 0.01 N H2SO4)	NOT_IN_MIM	NA	0	UNKNOWN	pentahydrate	monohydrate; trihydrate; pentahydrate; heptahydrate	TRUE	NO_CAS_PROVIDED	7758-99-8	NOT_APPLICABLE(unmapped)	CHEBI:31440	OK	high	The stated pentahydrate is an established form of copper(II) sulfate; known hydrates are monohydrate; trihydrate; pentahydrate; heptahydrate. No exact MIM preferred-term row exists; this CultureMech-only label should be checked against its source recipe before ingestion.	2	NA	NOT_FOUND	NONE
VOSO4・xH2O (1 g/L)	NOT_IN_MIM	NA	0	UNKNOWN	hydrate (unspecified stoichiometry)	monohydrate; dihydrate; trihydrate; pentahydrate	UNSPECIFIED	NO_CAS_PROVIDED	UNKNOWN	NOT_APPLICABLE(unmapped)	UNKNOWN	NEEDS_SOURCE	low	The label does not establish a unique water stoichiometry for vanadyl sulfate; the original recipe or registry record is required. No exact MIM preferred-term row exists; this CultureMech-only label should be checked against its source recipe before ingestion.	2	NA	NOT_FOUND	CULTUREMECH
Na2MoO4・2H2O (12 g/L)	NOT_IN_MIM	NA	0	UNKNOWN	dihydrate	dihydrate; decahydrate	TRUE	NO_CAS_PROVIDED	10102-40-6	NOT_APPLICABLE(unmapped)	CHEBI:75213	OK	high	The stated dihydrate is an established form of sodium molybdate; known hydrates are dihydrate; decahydrate. No exact MIM preferred-term row exists; this CultureMech-only label should be checked against its source recipe before ingestion.	2	NA	NOT_FOUND	NONE
CoCl2・6H2O (8.0 g/L in 0.01 N H2SO4)	NOT_IN_MIM	NA	0	UNKNOWN	hexahydrate	monohydrate; dihydrate; tetrahydrate; hexahydrate	TRUE	NO_CAS_PROVIDED	7791-13-1	NOT_APPLICABLE(unmapped)	CHEBI:53503	OK	high	The stated hexahydrate is an established form of cobalt(II) chloride; known hydrates are monohydrate; dihydrate; tetrahydrate; hexahydrate. No exact MIM preferred-term row exists; this CultureMech-only label should be checked against its source recipe before ingestion.	2	NA	NOT_FOUND	NONE
NiCl2・6H2O (0.2 g/L in 0.01 N H2SO4)	NOT_IN_MIM	NA	0	UNKNOWN	hexahydrate	monohydrate; dihydrate; tetrahydrate; hexahydrate; low-temperature heptahydrate	TRUE	NO_CAS_PROVIDED	7791-20-0	NOT_APPLICABLE(unmapped)	CHEBI:53542	OK	high	The stated hexahydrate is an established form of nickel(II) chloride; known hydrates are monohydrate; dihydrate; tetrahydrate; hexahydrate; low-temperature heptahydrate. No exact MIM preferred-term row exists; this CultureMech-only label should be checked against its source recipe before ingestion.	2	NA	NOT_FOUND	NONE
2% MgCl2・6H2O solution	NOT_IN_MIM	NA	0	UNKNOWN	hexahydrate	monohydrate; dihydrate; tetrahydrate; hexahydrate; octahydrate; dodecahydrate	TRUE	NO_CAS_PROVIDED	7791-18-6	NOT_APPLICABLE(unmapped)	CHEBI:86345	OK	high	The stated hexahydrate is an established form of magnesium chloride; known hydrates are monohydrate; dihydrate; tetrahydrate; hexahydrate; octahydrate; dodecahydrate. No exact MIM preferred-term row exists; this CultureMech-only label should be checked against its source recipe before ingestion.	2	NA	NOT_FOUND	NONE
3% (w/v) Na2S・9H2O solution	NOT_IN_MIM	NA	0	UNKNOWN	nonahydrate	dihydrate; pentahydrate; nonahydrate	TRUE	NO_CAS_PROVIDED	1313-84-4	NOT_APPLICABLE(unmapped)	CHEBI:76209	OK	high	The stated nonahydrate is an established form of sodium sulfide; known hydrates are dihydrate; pentahydrate; nonahydrate. No exact MIM preferred-term row exists; this CultureMech-only label should be checked against its source recipe before ingestion.	2	NA	NOT_FOUND	NONE
FeSO4 · 7H2O	NOT_IN_MIM	NA	0	UNKNOWN	heptahydrate	monohydrate; tetrahydrate; pentahydrate; hexahydrate; heptahydrate	TRUE	NO_CAS_PROVIDED	7782-63-0	NOT_APPLICABLE(unmapped)	CHEBI:75836	OK	high	The stated heptahydrate is an established form of iron(II) sulfate; known hydrates are monohydrate; tetrahydrate; pentahydrate; hexahydrate; heptahydrate. No exact MIM preferred-term row exists; this CultureMech-only label should be checked against its source recipe before ingestion.	2	NA	NOT_FOUND	NONE
12.5% Na2S2O3・5H2O solution*	NOT_IN_MIM	NA	0	UNKNOWN	pentahydrate	pentahydrate	TRUE	NO_CAS_PROVIDED	10102-17-7	NOT_APPLICABLE(unmapped)	CHEBI:32150	OK	high	The stated pentahydrate is an established form of sodium thiosulfate; known hydrates are pentahydrate. No exact MIM preferred-term row exists; this CultureMech-only label should be checked against its source recipe before ingestion.	2	NA	NOT_FOUND	NONE
Trisodium citrate・3H2O	NOT_IN_MIM	NA	0	UNKNOWN	trihydrate	dihydrate	UNCERTAIN	NO_CAS_PROVIDED	UNKNOWN	NOT_APPLICABLE(unmapped)	UNKNOWN	NEEDS_SOURCE	medium	The exact trihydrate of trisodium citrate could not be settled confidently from established phase evidence; retain UNKNOWN pending the source. No exact MIM preferred-term row exists; this CultureMech-only label should be checked against its source recipe before ingestion.	2	NA	NOT_FOUND	CULTUREMECH
Copper sulfate pentahydrate	NOT_IN_MIM	NA	0	UNKNOWN	pentahydrate	monohydrate; trihydrate; pentahydrate; heptahydrate	TRUE	NO_CAS_PROVIDED	7758-99-8	NOT_APPLICABLE(unmapped)	CHEBI:31440	OK	high	The stated pentahydrate is an established form of copper(II) sulfate; known hydrates are monohydrate; trihydrate; pentahydrate; heptahydrate. No exact MIM preferred-term row exists; this CultureMech-only label should be checked against its source recipe before ingestion.	2	NA	NOT_FOUND	NONE
(NH4)6MoO7O24 x 4 H2O	NOT_IN_MIM	NA	0	UNKNOWN	tetrahydrate	none known for formula as written	FALSE	NO_CAS_PROVIDED	UNKNOWN	NOT_APPLICABLE(unmapped)	UNKNOWN	NEEDS_SOURCE	high	The ammonium heptamolybdate formula is malformed; (NH4)6Mo7O24 tetrahydrate is likely intended. No exact MIM preferred-term row exists; this CultureMech-only label should be checked against its source recipe before ingestion.	2	NA	NOT_FOUND	CULTUREMECH
Ca(NO3)2 x 6 H2O	mediadive.compound:2013	NA	0	UNKNOWN	hexahydrate	dihydrate; trihydrate; tetrahydrate	FALSE	NO_CAS_PROVIDED	UNKNOWN	NOT_APPLICABLE(unmapped)	UNKNOWN	NEEDS_SOURCE	high	No stable hexahydrate of calcium nitrate is established; known hydrate forms are dihydrate; trihydrate; tetrahydrate. This is MediaDive compound 2013 and the fix or confirmation belongs upstream before MIM ingestion.	2	2013	NOT_FOUND	MEDIADIVE_UPSTREAM
L-Cysteine x HCl x H2O solution	kgmicrobe.ingredient:l-cysteine_x_hcl_x_h2o_solution	L-cysteine hydrochloride	0	UNKNOWN	monohydrate solute in solution	monohydrate	TRUE	NO_CAS_PROVIDED	UNKNOWN	CORRECT	kgmicrobe.ingredient:l-cysteine_x_hcl_x_h2o_solution	OK	high	The label names L-cysteine hydrochloride monohydrate as solute and the local ingredient CURIE preserves solution identity; a pure-hydrate CAS is not assigned to the solution. MIM source fields: mapping_status=MAPPED; mapping_quality=CLOSE_MATCH; molecular_formula=NA.	2	1860	skos:exactMatch	NONE
Sodium citrate・2H2O	NOT_IN_MIM	NA	0	UNKNOWN	dihydrate	dihydrate	TRUE	NO_CAS_PROVIDED	6132-04-3	NOT_APPLICABLE(unmapped)	CHEBI:32142	OK	high	The stated dihydrate is an established form of trisodium citrate; known hydrates are dihydrate. No exact MIM preferred-term row exists; this CultureMech-only label should be checked against its source recipe before ingestion.	2	NA	NOT_FOUND	NONE
CoCl2 x 6H2O	NOT_IN_MIM	NA	0	UNKNOWN	hexahydrate	monohydrate; dihydrate; tetrahydrate; hexahydrate	TRUE	NO_CAS_PROVIDED	7791-13-1	NOT_APPLICABLE(unmapped)	CHEBI:53503	OK	high	The stated hexahydrate is an established form of cobalt(II) chloride; known hydrates are monohydrate; dihydrate; tetrahydrate; hexahydrate. No exact MIM preferred-term row exists; this CultureMech-only label should be checked against its source recipe before ingestion.	2	NA	NOT_FOUND	NONE
CuCl2 x 2H2O	NOT_IN_MIM	NA	0	UNKNOWN	dihydrate	monohydrate (reported); dihydrate	TRUE	NO_CAS_PROVIDED	10125-13-0	NOT_APPLICABLE(unmapped)	CHEBI:86318	OK	high	The stated dihydrate is an established form of copper(II) chloride; known hydrates are monohydrate (reported); dihydrate. No exact MIM preferred-term row exists; this CultureMech-only label should be checked against its source recipe before ingestion.	2	NA	NOT_FOUND	NONE
CaCl2·H2O	NOT_IN_MIM	NA	0	UNKNOWN	monohydrate	monohydrate; dihydrate; tetrahydrate; hexahydrate	TRUE	NO_CAS_PROVIDED	UNKNOWN	NOT_APPLICABLE(unmapped)	UNKNOWN	OK	high	The stated monohydrate is an established form of calcium chloride; known hydrates are monohydrate; dihydrate; tetrahydrate; hexahydrate. No exact MIM preferred-term row exists; this CultureMech-only label should be checked against its source recipe before ingestion.	2	NA	NOT_FOUND	NONE
SrCl2・H2O	NOT_IN_MIM	NA	0	UNKNOWN	monohydrate	hemihydrate; monohydrate; dihydrate; hexahydrate	TRUE	NO_CAS_PROVIDED	UNKNOWN	NOT_APPLICABLE(unmapped)	UNKNOWN	OK	high	The stated monohydrate is an established form of strontium chloride; known hydrates are hemihydrate; monohydrate; dihydrate; hexahydrate. No exact MIM preferred-term row exists; this CultureMech-only label should be checked against its source recipe before ingestion.	2	NA	NOT_FOUND	NONE
FeSO4・6H2O	NOT_IN_MIM	NA	0	UNKNOWN	hexahydrate	monohydrate; tetrahydrate; pentahydrate; hexahydrate; heptahydrate	TRUE	NO_CAS_PROVIDED	UNKNOWN	NOT_APPLICABLE(unmapped)	none exists	MINT	high	The stated hexahydrate is an established form of iron(II) sulfate; known hydrates are monohydrate; tetrahydrate; pentahydrate; hexahydrate; heptahydrate. No exact MIM preferred-term row exists; this CultureMech-only label should be checked against its source recipe before ingestion.	2	NA	NOT_FOUND	MIM
CaCl2 x 2 H2O solution (0.1% w/v)	NOT_IN_MIM	NA	0	UNKNOWN	dihydrate	monohydrate; dihydrate; tetrahydrate; hexahydrate	TRUE	NO_CAS_PROVIDED	10035-04-8	NOT_APPLICABLE(unmapped)	CHEBI:86158	OK	high	The stated dihydrate is an established form of calcium chloride; known hydrates are monohydrate; dihydrate; tetrahydrate; hexahydrate. No exact MIM preferred-term row exists; this CultureMech-only label should be checked against its source recipe before ingestion.	2	NA	NOT_FOUND	NONE
Ammonium molybdate tetrahydrate	NOT_IN_MIM	NA	0	UNKNOWN	tetrahydrate	tetrahydrate	TRUE	NO_CAS_PROVIDED	12054-85-2	NOT_APPLICABLE(unmapped)	cas:12054-85-2	OK	high	The stated tetrahydrate is an established form of ammonium heptamolybdate; known hydrates are tetrahydrate. No exact MIM preferred-term row exists; this CultureMech-only label should be checked against its source recipe before ingestion.	2	NA	NOT_FOUND	NONE
SrCl2.6H2O	NOT_IN_MIM	NA	0	UNKNOWN	hexahydrate	hemihydrate; monohydrate; dihydrate; hexahydrate	TRUE	NO_CAS_PROVIDED	10025-70-4	NOT_APPLICABLE(unmapped)	CHEBI:36385	OK	high	The stated hexahydrate is an established form of strontium chloride; known hydrates are hemihydrate; monohydrate; dihydrate; hexahydrate. No exact MIM preferred-term row exists; this CultureMech-only label should be checked against its source recipe before ingestion.	2	NA	NOT_FOUND	NONE
Magnesium sulphate 7H2O	NOT_IN_MIM	NA	0	UNKNOWN	heptahydrate	monohydrate; dihydrate; tetrahydrate; pentahydrate; hexahydrate; heptahydrate; undecahydrate	TRUE	NO_CAS_PROVIDED	10034-99-8	NOT_APPLICABLE(unmapped)	CHEBI:31795	OK	high	The stated heptahydrate is an established form of magnesium sulfate; known hydrates are monohydrate; dihydrate; tetrahydrate; pentahydrate; hexahydrate; heptahydrate; undecahydrate. No exact MIM preferred-term row exists; this CultureMech-only label should be checked against its source recipe before ingestion.	2	NA	NOT_FOUND	NONE
Manganese sulphate 4H2O	NOT_IN_MIM	NA	0	UNKNOWN	tetrahydrate	monohydrate; dihydrate; tetrahydrate; pentahydrate; hexahydrate; heptahydrate	TRUE	NO_CAS_PROVIDED	10101-68-5	NOT_APPLICABLE(unmapped)	CHEBI:86358	OK	high	The stated tetrahydrate is an established form of manganese(II) sulfate; known hydrates are monohydrate; dihydrate; tetrahydrate; pentahydrate; hexahydrate; heptahydrate. No exact MIM preferred-term row exists; this CultureMech-only label should be checked against its source recipe before ingestion.	2	NA	NOT_FOUND	NONE
Sodium acetate 3H2O	NOT_IN_MIM	NA	0	UNKNOWN	trihydrate	trihydrate	TRUE	NO_CAS_PROVIDED	6131-90-4	NOT_APPLICABLE(unmapped)	CHEBI:32138	OK	high	The stated trihydrate is an established form of sodium acetate; known hydrates are trihydrate. No exact MIM preferred-term row exists; this CultureMech-only label should be checked against its source recipe before ingestion.	2	NA	NOT_FOUND	NONE
(NH4)2Fe(SO4)2·6H2O	NOT_IN_MIM	NA	0	UNKNOWN	hexahydrate	hexahydrate; heptahydrate reported but uncertain	TRUE	NO_CAS_PROVIDED	7783-85-9	NOT_APPLICABLE(unmapped)	CHEBI:76181	OK	high	The stated hexahydrate is an established form of ferrous ammonium sulfate; known hydrates are hexahydrate; heptahydrate reported but uncertain. No exact MIM preferred-term row exists; this CultureMech-only label should be checked against its source recipe before ingestion.	2	NA	NOT_FOUND	NONE
Na2SiO3·9H2O	NOT_IN_MIM	NA	0	UNKNOWN	nonahydrate	pentahydrate; hexahydrate; octahydrate; nonahydrate	TRUE	NO_CAS_PROVIDED	13517-24-3	NOT_APPLICABLE(unmapped)	CHEBI:132108	OK	high	The stated nonahydrate is an established form of sodium metasilicate; known hydrates are pentahydrate; hexahydrate; octahydrate; nonahydrate. No exact MIM preferred-term row exists; this CultureMech-only label should be checked against its source recipe before ingestion.	2	NA	NOT_FOUND	NONE
15% MgCl2・6H2O solution*	NOT_IN_MIM	NA	0	UNKNOWN	hexahydrate	monohydrate; dihydrate; tetrahydrate; hexahydrate; octahydrate; dodecahydrate	TRUE	NO_CAS_PROVIDED	7791-18-6	NOT_APPLICABLE(unmapped)	CHEBI:86345	OK	high	The stated hexahydrate is an established form of magnesium chloride; known hydrates are monohydrate; dihydrate; tetrahydrate; hexahydrate; octahydrate; dodecahydrate. No exact MIM preferred-term row exists; this CultureMech-only label should be checked against its source recipe before ingestion.	2	NA	NOT_FOUND	NONE
AlCl3・6H2O	NOT_IN_MIM	NA	0	UNKNOWN	hexahydrate	hexahydrate	TRUE	NO_CAS_PROVIDED	7784-13-6	NOT_APPLICABLE(unmapped)	CHEBI:30115	OK	high	The stated hexahydrate is an established form of aluminium chloride; known hydrates are hexahydrate. No exact MIM preferred-term row exists; this CultureMech-only label should be checked against its source recipe before ingestion.	2	NA	NOT_FOUND	NONE
0.01 M FeSO4·7H2O solution (in 0.02 N HCl)	NOT_IN_MIM	NA	0	UNKNOWN	heptahydrate	monohydrate; tetrahydrate; pentahydrate; hexahydrate; heptahydrate	TRUE	NO_CAS_PROVIDED	7782-63-0	NOT_APPLICABLE(unmapped)	CHEBI:75836	OK	high	The stated heptahydrate is an established form of iron(II) sulfate; known hydrates are monohydrate; tetrahydrate; pentahydrate; hexahydrate; heptahydrate. No exact MIM preferred-term row exists; this CultureMech-only label should be checked against its source recipe before ingestion.	2	NA	NOT_FOUND	NONE
40% Na2S2O3·5H2O solution	NOT_IN_MIM	NA	0	UNKNOWN	pentahydrate	pentahydrate	TRUE	NO_CAS_PROVIDED	10102-17-7	NOT_APPLICABLE(unmapped)	CHEBI:32150	OK	high	The stated pentahydrate is an established form of sodium thiosulfate; known hydrates are pentahydrate. No exact MIM preferred-term row exists; this CultureMech-only label should be checked against its source recipe before ingestion.	2	NA	NOT_FOUND	NONE
L-cysteine HCl.H2O	NOT_IN_MIM	NA	0	UNKNOWN	monohydrate	monohydrate	TRUE	NO_CAS_PROVIDED	7048-04-6	NOT_APPLICABLE(unmapped)	CHEBI:91248	OK	high	The stated monohydrate is an established form of L-cysteine hydrochloride; known hydrates are monohydrate. No exact MIM preferred-term row exists; this CultureMech-only label should be checked against its source recipe before ingestion.	2	NA	NOT_FOUND	NONE
Thioglycolate Medium Dehydrated**	NOT_IN_MIM	NA	0	UNKNOWN	not applicable (not a hydrate label)	not applicable	TRUE	NO_CAS_PROVIDED	UNKNOWN	NOT_APPLICABLE(unmapped)	UNKNOWN	OK	high	Corpus-screening false positive: this is water or a dehydrated-medium product name, not a salt hydrate; no hydrate identity should be inferred. No exact MIM preferred-term row exists; this CultureMech-only label should be checked against its source recipe before ingestion.	2	NA	NOT_FOUND	NONE
Na2S2O4 x 2 H2O	mediadive.compound:1946	NA	0	UNKNOWN	dihydrate	no securely established dihydrate located	UNCERTAIN	NO_CAS_PROVIDED	UNKNOWN	NOT_APPLICABLE(unmapped)	UNKNOWN	NEEDS_SOURCE	medium	The exact dihydrate of sodium dithionite could not be settled confidently from established phase evidence; retain UNKNOWN pending the source. This is MediaDive compound 1946 and the fix or confirmation belongs upstream before MIM ingestion.	2	1946	NOT_FOUND	MEDIADIVE_UPSTREAM
K2HPO4 x 3H2O	NOT_IN_MIM	NA	0	UNKNOWN	trihydrate	trihydrate; hexahydrate	TRUE	NO_CAS_PROVIDED	16788-57-1	NOT_APPLICABLE(unmapped)	cas:16788-57-1	OK	high	The stated trihydrate is an established form of dipotassium hydrogenphosphate; known hydrates are trihydrate; hexahydrate. No exact MIM preferred-term row exists; this CultureMech-only label should be checked against its source recipe before ingestion.	2	NA	NOT_FOUND	NONE
Trisodium citrate x 3 H2O	mediadive.compound:1997	NA	0	UNKNOWN	trihydrate	dihydrate	UNCERTAIN	NO_CAS_PROVIDED	UNKNOWN	NOT_APPLICABLE(unmapped)	UNKNOWN	NEEDS_SOURCE	medium	The exact trihydrate of trisodium citrate could not be settled confidently from established phase evidence; retain UNKNOWN pending the source. This is MediaDive compound 1997 and the fix or confirmation belongs upstream before MIM ingestion.	2	1997	NOT_FOUND	MEDIADIVE_UPSTREAM
Fe(SO4)3 x n H2O	mediadive.compound:1742	NA	0	UNKNOWN	hydrate (unspecified stoichiometry)	none known for formula as written	FALSE	NO_CAS_PROVIDED	UNKNOWN	NOT_APPLICABLE(unmapped)	UNKNOWN	NEEDS_SOURCE	high	Fe(SO4)3 is charge-imbalanced; Fe2(SO4)3 hydrate is likely intended. This is MediaDive compound 1742 and the fix or confirmation belongs upstream before MIM ingestion. Exact-label downstream presence was confirmed in kg-microbe transformed MediaDive exports; no downstream file was changed.	2	1742	NOT_FOUND	MEDIADIVE_UPSTREAM
(NH4)2Fe(SO4)2・6H2O	NOT_IN_MIM	NA	0	UNKNOWN	hexahydrate	hexahydrate; heptahydrate reported but uncertain	TRUE	NO_CAS_PROVIDED	7783-85-9	NOT_APPLICABLE(unmapped)	CHEBI:76181	OK	high	The stated hexahydrate is an established form of ferrous ammonium sulfate; known hydrates are hexahydrate; heptahydrate reported but uncertain. No exact MIM preferred-term row exists; this CultureMech-only label should be checked against its source recipe before ingestion.	2	NA	NOT_FOUND	NONE
Na2WO4 x 6 H2O	mediadive.compound:803	NA	0	UNKNOWN	hexahydrate	monohydrate; dihydrate	FALSE	NO_CAS_PROVIDED	UNKNOWN	NOT_APPLICABLE(unmapped)	UNKNOWN	NEEDS_SOURCE	high	No stable hexahydrate of sodium tungstate is established; known hydrate forms are monohydrate; dihydrate. This is MediaDive compound 803 and the fix or confirmation belongs upstream before MIM ingestion. Exact-label downstream presence was confirmed in kg-microbe transformed MediaDive exports; no downstream file was changed.	2	803	NOT_FOUND	MEDIADIVE_UPSTREAM
Na acetate x 3 H2O	mediadive.compound:1315	NA	0	UNKNOWN	trihydrate	trihydrate	TRUE	NO_CAS_PROVIDED	6131-90-4	NOT_APPLICABLE(unmapped)	CHEBI:32138	OK	high	The stated trihydrate is an established form of sodium acetate; known hydrates are trihydrate. This is MediaDive compound 1315 and the fix or confirmation belongs upstream before MIM ingestion.	2	1315	NOT_FOUND	NONE
LaCl3 x 7 H2O	mediadive.compound:1461	NA	0	UNKNOWN	heptahydrate	heptahydrate	TRUE	NO_CAS_PROVIDED	UNKNOWN	NOT_APPLICABLE(unmapped)	UNKNOWN	OK	high	The stated heptahydrate is an established form of lanthanum(III) chloride; known hydrates are heptahydrate. This is MediaDive compound 1461 and the fix or confirmation belongs upstream before MIM ingestion.	2	1461	NOT_FOUND	NONE
PrCl3 x H2O	UNMAPPED_0498	NA	0	UNKNOWN	hydrate count omitted; exact stoichiometry unresolved	hydrated forms reported; stoichiometry source-dependent	UNSPECIFIED	NO_CAS_PROVIDED	UNKNOWN	NOT_APPLICABLE(unmapped)	UNKNOWN	NEEDS_SOURCE	medium	Bare x H2O does not securely establish a unique praseodymium(III) chloride hydrate; CAS and grounding are absent, so neither supports a specific-hydrate reading. MIM source fields: mapping_status=UNMAPPED; mapping_quality=NA; molecular_formula=NA.	2	1463	NOT_FOUND	MEDIADIVE_UPSTREAM
Na2S2O3・5H2O(final conc.)	NOT_IN_MIM	NA	0	UNKNOWN	pentahydrate	pentahydrate	TRUE	NO_CAS_PROVIDED	10102-17-7	NOT_APPLICABLE(unmapped)	CHEBI:32150	OK	high	The stated pentahydrate is an established form of sodium thiosulfate; known hydrates are pentahydrate. No exact MIM preferred-term row exists; this CultureMech-only label should be checked against its source recipe before ingestion.	2	NA	NOT_FOUND	NONE
Fe2(SO4)3·nH2O	NOT_IN_MIM	NA	0	UNKNOWN	hydrate (unspecified stoichiometry)	trihydrate; hexahydrate; heptahydrate; nonahydrate; decahydrate; dodecahydrate	UNSPECIFIED	NO_CAS_PROVIDED	UNKNOWN	NOT_APPLICABLE(unmapped)	UNKNOWN	NEEDS_SOURCE	low	The label does not establish a unique water stoichiometry for iron(III) sulfate; the original recipe or registry record is required. No exact MIM preferred-term row exists; this CultureMech-only label should be checked against its source recipe before ingestion.	2	NA	NOT_FOUND	CULTUREMECH
FeCl3 · 6H2O	NOT_IN_MIM	NA	0	UNKNOWN	hexahydrate	hexahydrate	TRUE	NO_CAS_PROVIDED	10025-77-1	NOT_APPLICABLE(unmapped)	CHEBI:86254	OK	high	The stated hexahydrate is an established form of iron(III) chloride; known hydrates are hexahydrate. No exact MIM preferred-term row exists; this CultureMech-only label should be checked against its source recipe before ingestion.	2	NA	NOT_FOUND	NONE
CoSO4.7H2O	NOT_IN_MIM	NA	0	UNKNOWN	heptahydrate	monohydrate; hexahydrate; heptahydrate	TRUE	NO_CAS_PROVIDED	10026-24-1	NOT_APPLICABLE(unmapped)	CHEBI:91244	OK	high	The stated heptahydrate is an established form of cobalt(II) sulfate; known hydrates are monohydrate; hexahydrate; heptahydrate. No exact MIM preferred-term row exists; this CultureMech-only label should be checked against its source recipe before ingestion.	2	NA	NOT_FOUND	NONE
5% L--Cysteine・H2O・HCl solution	NOT_IN_MIM	NA	0	UNKNOWN	monohydrate	monohydrate	TRUE	NO_CAS_PROVIDED	7048-04-6	NOT_APPLICABLE(unmapped)	CHEBI:91248	OK	high	The stated monohydrate is an established form of L-cysteine hydrochloride; known hydrates are monohydrate. No exact MIM preferred-term row exists; this CultureMech-only label should be checked against its source recipe before ingestion.	2	NA	NOT_FOUND	NONE
L-cysteine-HCL x H2O	NOT_IN_MIM	NA	0	UNKNOWN	monohydrate	monohydrate	TRUE	NO_CAS_PROVIDED	7048-04-6	NOT_APPLICABLE(unmapped)	CHEBI:91248	OK	high	The stated monohydrate is an established form of L-cysteine hydrochloride; known hydrates are monohydrate. No exact MIM preferred-term row exists; this CultureMech-only label should be checked against its source recipe before ingestion.	2	NA	NOT_FOUND	NONE
Na2-tartrate x 2 H2O	mediadive.compound:1423	NA	0	UNKNOWN	dihydrate	dihydrate	TRUE	NO_CAS_PROVIDED	UNKNOWN	NOT_APPLICABLE(unmapped)	UNKNOWN	OK	high	The stated dihydrate is an established form of disodium tartrate; known hydrates are dihydrate. This is MediaDive compound 1423 and the fix or confirmation belongs upstream before MIM ingestion.	2	1423	NOT_FOUND	NONE
L--cysteine・HCl・H2O solution	NOT_IN_MIM	NA	0	UNKNOWN	monohydrate	monohydrate	TRUE	NO_CAS_PROVIDED	7048-04-6	NOT_APPLICABLE(unmapped)	CHEBI:91248	OK	high	The stated monohydrate is an established form of L-cysteine hydrochloride; known hydrates are monohydrate. No exact MIM preferred-term row exists; this CultureMech-only label should be checked against its source recipe before ingestion.	2	NA	NOT_FOUND	NONE
Na2HPO4·7H2O	NOT_IN_MIM	NA	0	UNKNOWN	heptahydrate	dihydrate; heptahydrate; dodecahydrate	TRUE	NO_CAS_PROVIDED	7782-85-6	NOT_APPLICABLE(unmapped)	kgmicrobe.compound:na2hpo4_x_7_h2o	OK	high	The stated heptahydrate is an established form of disodium hydrogenphosphate; known hydrates are dihydrate; heptahydrate; dodecahydrate. No exact MIM preferred-term row exists; this CultureMech-only label should be checked against its source recipe before ingestion.	2	NA	NOT_FOUND	NONE
Calcium chloride dehydrate	NOT_IN_MIM	NA	0	UNKNOWN	hydrate (unspecified stoichiometry)	monohydrate; dihydrate; tetrahydrate; hexahydrate	UNCERTAIN	NO_CAS_PROVIDED	UNKNOWN	NOT_APPLICABLE(unmapped)	UNKNOWN	NEEDS_SOURCE	low	The label does not establish a unique water stoichiometry for calcium chloride; the original recipe or registry record is required. No exact MIM preferred-term row exists; this CultureMech-only label should be checked against its source recipe before ingestion.	2	NA	NOT_FOUND	CULTUREMECH
Potassium dibasic phosphate trihydrate	NOT_IN_MIM	NA	0	UNKNOWN	trihydrate	trihydrate; hexahydrate	TRUE	NO_CAS_PROVIDED	16788-57-1	NOT_APPLICABLE(unmapped)	cas:16788-57-1	OK	high	The stated trihydrate is an established form of dipotassium hydrogenphosphate; known hydrates are trihydrate; hexahydrate. No exact MIM preferred-term row exists; this CultureMech-only label should be checked against its source recipe before ingestion.	2	NA	NOT_FOUND	NONE
CaSO4 . 2H2O	NOT_IN_MIM	NA	0	UNKNOWN	dihydrate	hemihydrate; dihydrate	TRUE	NO_CAS_PROVIDED	10101-41-4	NOT_APPLICABLE(unmapped)	CHEBI:32583	OK	high	The stated dihydrate is an established form of calcium sulfate; known hydrates are hemihydrate; dihydrate. No exact MIM preferred-term row exists; this CultureMech-only label should be checked against its source recipe before ingestion.	2	NA	NOT_FOUND	NONE
MnSO4 . 7H2O	NOT_IN_MIM	NA	0	UNKNOWN	heptahydrate	monohydrate; dihydrate; tetrahydrate; pentahydrate; hexahydrate; heptahydrate	TRUE	NO_CAS_PROVIDED	UNKNOWN	NOT_APPLICABLE(unmapped)	none exists	MINT	high	The stated heptahydrate is an established form of manganese(II) sulfate; known hydrates are monohydrate; dihydrate; tetrahydrate; pentahydrate; hexahydrate; heptahydrate. No exact MIM preferred-term row exists; this CultureMech-only label should be checked against its source recipe before ingestion.	2	NA	NOT_FOUND	MIM
CaCl2 × 2 H2O	NOT_IN_MIM	NA	0	UNKNOWN	dihydrate	monohydrate; dihydrate; tetrahydrate; hexahydrate	TRUE	NO_CAS_PROVIDED	10035-04-8	NOT_APPLICABLE(unmapped)	CHEBI:86158	OK	high	The stated dihydrate is an established form of calcium chloride; known hydrates are monohydrate; dihydrate; tetrahydrate; hexahydrate. No exact MIM preferred-term row exists; this CultureMech-only label should be checked against its source recipe before ingestion.	2	NA	NOT_FOUND	NONE
MgSO4 × 7 H2O	NOT_IN_MIM	NA	0	UNKNOWN	heptahydrate	monohydrate; dihydrate; tetrahydrate; pentahydrate; hexahydrate; heptahydrate; undecahydrate	TRUE	NO_CAS_PROVIDED	10034-99-8	NOT_APPLICABLE(unmapped)	CHEBI:31795	OK	high	The stated heptahydrate is an established form of magnesium sulfate; known hydrates are monohydrate; dihydrate; tetrahydrate; pentahydrate; hexahydrate; heptahydrate; undecahydrate. No exact MIM preferred-term row exists; this CultureMech-only label should be checked against its source recipe before ingestion.	2	NA	NOT_FOUND	NONE
Na2HPO4 × 12 H2O	NOT_IN_MIM	NA	0	UNKNOWN	dodecahydrate	dihydrate; heptahydrate; dodecahydrate	TRUE	NO_CAS_PROVIDED	10039-32-4	NOT_APPLICABLE(unmapped)	kgmicrobe.compound:na2hpo4_x_12_h2o	OK	high	The stated dodecahydrate is an established form of disodium hydrogenphosphate; known hydrates are dihydrate; heptahydrate; dodecahydrate. No exact MIM preferred-term row exists; this CultureMech-only label should be checked against its source recipe before ingestion.	2	NA	NOT_FOUND	NONE
MgCl2·H2O	NOT_IN_MIM	NA	0	UNKNOWN	monohydrate	monohydrate; dihydrate; tetrahydrate; hexahydrate; octahydrate; dodecahydrate	TRUE	NO_CAS_PROVIDED	UNKNOWN	NOT_APPLICABLE(unmapped)	UNKNOWN	OK	high	The stated monohydrate is an established form of magnesium chloride; known hydrates are monohydrate; dihydrate; tetrahydrate; hexahydrate; octahydrate; dodecahydrate. No exact MIM preferred-term row exists; this CultureMech-only label should be checked against its source recipe before ingestion.	2	NA	NOT_FOUND	NONE
SnCl2·2H2O	NOT_IN_MIM	NA	0	UNKNOWN	dihydrate	dihydrate	TRUE	NO_CAS_PROVIDED	UNKNOWN	NOT_APPLICABLE(unmapped)	CHEBI:78074	OK	high	The stated dihydrate is an established form of tin(II) chloride; known hydrates are dihydrate. No exact MIM preferred-term row exists; this CultureMech-only label should be checked against its source recipe before ingestion.	2	NA	NOT_FOUND	NONE
Na2Wo4.2H2O	NOT_IN_MIM	NA	0	UNKNOWN	dihydrate	monohydrate; dihydrate	TRUE	NO_CAS_PROVIDED	10213-10-2	NOT_APPLICABLE(unmapped)	CHEBI:63939	OK	high	The stated dihydrate is an established form of sodium tungstate; known hydrates are monohydrate; dihydrate. No exact MIM preferred-term row exists; this CultureMech-only label should be checked against its source recipe before ingestion.	2	NA	NOT_FOUND	NONE
MgCl2 x 7H2O	NOT_IN_MIM	NA	0	UNKNOWN	heptahydrate	monohydrate; dihydrate; tetrahydrate; hexahydrate; octahydrate; dodecahydrate	FALSE	NO_CAS_PROVIDED	UNKNOWN	NOT_APPLICABLE(unmapped)	UNKNOWN	NEEDS_SOURCE	high	No stable heptahydrate of magnesium chloride is established; known hydrate forms are monohydrate; dihydrate; tetrahydrate; hexahydrate; octahydrate; dodecahydrate. No exact MIM preferred-term row exists; this CultureMech-only label should be checked against its source recipe before ingestion. Exact-label downstream presence was confirmed in kg-microbe transformed MediaDive exports; no downstream file was changed.	2	NA	NOT_FOUND	CULTUREMECH
NaS2・9H2O	NOT_IN_MIM	NA	0	UNKNOWN	nonahydrate	none known for formula as written	FALSE	NO_CAS_PROVIDED	UNKNOWN	NOT_APPLICABLE(unmapped)	UNKNOWN	NEEDS_SOURCE	high	NaS2 is not the standard sodium sulfide stoichiometry; Na2S nonahydrate is likely intended. No exact MIM preferred-term row exists; this CultureMech-only label should be checked against its source recipe before ingestion.	2	NA	NOT_FOUND	CULTUREMECH
1 mM CuSO4・5H2O solution	NOT_IN_MIM	NA	0	UNKNOWN	pentahydrate	monohydrate; trihydrate; pentahydrate; heptahydrate	TRUE	NO_CAS_PROVIDED	7758-99-8	NOT_APPLICABLE(unmapped)	CHEBI:31440	OK	high	The stated pentahydrate is an established form of copper(II) sulfate; known hydrates are monohydrate; trihydrate; pentahydrate; heptahydrate. No exact MIM preferred-term row exists; this CultureMech-only label should be checked against its source recipe before ingestion.	2	NA	NOT_FOUND	NONE
NaH2PO4・2H2O	NOT_IN_MIM	NA	0	UNKNOWN	dihydrate	monohydrate; dihydrate	TRUE	NO_CAS_PROVIDED	13472-35-0	NOT_APPLICABLE(unmapped)	kgmicrobe.compound:nah2po4_x_2_h2o	OK	high	The stated dihydrate is an established form of sodium dihydrogenphosphate; known hydrates are monohydrate; dihydrate. No exact MIM preferred-term row exists; this CultureMech-only label should be checked against its source recipe before ingestion.	2	NA	NOT_FOUND	NONE
5% L-Cysteine·HCl·H2O solution (pH 7.0)	NOT_IN_MIM	NA	0	UNKNOWN	monohydrate	monohydrate	TRUE	NO_CAS_PROVIDED	7048-04-6	NOT_APPLICABLE(unmapped)	CHEBI:91248	OK	high	The stated monohydrate is an established form of L-cysteine hydrochloride; known hydrates are monohydrate. No exact MIM preferred-term row exists; this CultureMech-only label should be checked against its source recipe before ingestion.	2	NA	NOT_FOUND	NONE
FeSO4・7H2O solution (see below)	NOT_IN_MIM	NA	0	UNKNOWN	heptahydrate	monohydrate; tetrahydrate; pentahydrate; hexahydrate; heptahydrate	TRUE	NO_CAS_PROVIDED	7782-63-0	NOT_APPLICABLE(unmapped)	CHEBI:75836	OK	high	The stated heptahydrate is an established form of iron(II) sulfate; known hydrates are monohydrate; tetrahydrate; pentahydrate; hexahydrate; heptahydrate. No exact MIM preferred-term row exists; this CultureMech-only label should be checked against its source recipe before ingestion.	2	NA	NOT_FOUND	NONE
Na2S·9H2O (neutralized)****	NOT_IN_MIM	NA	0	UNKNOWN	nonahydrate	dihydrate; pentahydrate; nonahydrate	TRUE	NO_CAS_PROVIDED	1313-84-4	NOT_APPLICABLE(unmapped)	CHEBI:76209	OK	high	The stated nonahydrate is an established form of sodium sulfide; known hydrates are dihydrate; pentahydrate; nonahydrate. No exact MIM preferred-term row exists; this CultureMech-only label should be checked against its source recipe before ingestion.	2	NA	NOT_FOUND	NONE
SrCl2 . 6H2O	NOT_IN_MIM	NA	0	UNKNOWN	hexahydrate	hemihydrate; monohydrate; dihydrate; hexahydrate	TRUE	NO_CAS_PROVIDED	10025-70-4	NOT_APPLICABLE(unmapped)	CHEBI:36385	OK	high	The stated hexahydrate is an established form of strontium chloride; known hydrates are hemihydrate; monohydrate; dihydrate; hexahydrate. No exact MIM preferred-term row exists; this CultureMech-only label should be checked against its source recipe before ingestion.	2	NA	NOT_FOUND	NONE
MnSO4 . 2H2O	NOT_IN_MIM	NA	0	UNKNOWN	dihydrate	monohydrate; dihydrate; tetrahydrate; pentahydrate; hexahydrate; heptahydrate	TRUE	NO_CAS_PROVIDED	UNKNOWN	NOT_APPLICABLE(unmapped)	CHEBI:86356	OK	high	The stated dihydrate is an established form of manganese(II) sulfate; known hydrates are monohydrate; dihydrate; tetrahydrate; pentahydrate; hexahydrate; heptahydrate. No exact MIM preferred-term row exists; this CultureMech-only label should be checked against its source recipe before ingestion.	2	NA	NOT_FOUND	NONE
MnCl4 x 4 H2O	mediadive.compound:1828	NA	0	UNKNOWN	tetrahydrate	none known for formula as written	FALSE	NO_CAS_PROVIDED	UNKNOWN	NOT_APPLICABLE(unmapped)	UNKNOWN	NEEDS_SOURCE	high	MnCl4 is not a stable neutral bulk salt; MnCl2 tetrahydrate is the likely intended reagent. This is MediaDive compound 1828 and the fix or confirmation belongs upstream before MIM ingestion. Exact-label downstream presence was confirmed in kg-microbe transformed MediaDive exports; no downstream file was changed.	2	1828	NOT_FOUND	MEDIADIVE_UPSTREAM
MnSO4.2H2O	NOT_IN_MIM	NA	0	UNKNOWN	dihydrate	monohydrate; dihydrate; tetrahydrate; pentahydrate; hexahydrate; heptahydrate	TRUE	NO_CAS_PROVIDED	UNKNOWN	NOT_APPLICABLE(unmapped)	CHEBI:86356	OK	high	The stated dihydrate is an established form of manganese(II) sulfate; known hydrates are monohydrate; dihydrate; tetrahydrate; pentahydrate; hexahydrate; heptahydrate. No exact MIM preferred-term row exists; this CultureMech-only label should be checked against its source recipe before ingestion.	2	NA	NOT_FOUND	NONE
Trisodium citrate x H2O	mesh:C514290	trisodium citrate	0	UNKNOWN	hydrate count omitted; exact stoichiometry unresolved	dihydrate	UNSPECIFIED	NO_CAS_PROVIDED	UNKNOWN	WRONG_TERM_OTHER	UNKNOWN	NEEDS_SOURCE	medium	Bare x H2O does not securely distinguish a monohydrate claim from generic hydrate notation. The generic mesh:C514290 term and published exactMatch do not establish a hydrate identity. MIM source fields: mapping_status=MAPPED; mapping_quality=EXACT_MATCH; molecular_formula=NA.	2	1888	skos:exactMatch	MIM
FeSO4 x 7H2O solution (0.1% w/v in 0.1 N H2SO4)	NOT_IN_MIM	NA	0	UNKNOWN	heptahydrate	monohydrate; tetrahydrate; pentahydrate; hexahydrate; heptahydrate	TRUE	NO_CAS_PROVIDED	7782-63-0	NOT_APPLICABLE(unmapped)	CHEBI:75836	OK	high	The stated heptahydrate is an established form of iron(II) sulfate; known hydrates are monohydrate; tetrahydrate; pentahydrate; hexahydrate; heptahydrate. No exact MIM preferred-term row exists; this CultureMech-only label should be checked against its source recipe before ingestion.	2	NA	NOT_FOUND	NONE
CaCl2•2H2O	NOT_IN_MIM	NA	0	UNKNOWN	dihydrate	monohydrate; dihydrate; tetrahydrate; hexahydrate	TRUE	NO_CAS_PROVIDED	10035-04-8	NOT_APPLICABLE(unmapped)	CHEBI:86158	OK	high	The stated dihydrate is an established form of calcium chloride; known hydrates are monohydrate; dihydrate; tetrahydrate; hexahydrate. No exact MIM preferred-term row exists; this CultureMech-only label should be checked against its source recipe before ingestion.	2	NA	NOT_FOUND	NONE
(NH4)6Mo7O24.4H2O	NOT_IN_MIM	NA	0	UNKNOWN	tetrahydrate	tetrahydrate	TRUE	NO_CAS_PROVIDED	12054-85-2	NOT_APPLICABLE(unmapped)	cas:12054-85-2	OK	high	The stated tetrahydrate is an established form of ammonium heptamolybdate; known hydrates are tetrahydrate. No exact MIM preferred-term row exists; this CultureMech-only label should be checked against its source recipe before ingestion.	2	NA	NOT_FOUND	NONE
5% Na2S•9H2O solution	NOT_IN_MIM	NA	0	UNKNOWN	nonahydrate	dihydrate; pentahydrate; nonahydrate	TRUE	NO_CAS_PROVIDED	1313-84-4	NOT_APPLICABLE(unmapped)	CHEBI:76209	OK	high	The stated nonahydrate is an established form of sodium sulfide; known hydrates are dihydrate; pentahydrate; nonahydrate. No exact MIM preferred-term row exists; this CultureMech-only label should be checked against its source recipe before ingestion.	2	NA	NOT_FOUND	NONE
Mg(NO3)2 x 6 H2O	mediadive.compound:1763	NA	0	UNKNOWN	hexahydrate	hexahydrate	TRUE	NO_CAS_PROVIDED	UNKNOWN	NOT_APPLICABLE(unmapped)	UNKNOWN	OK	high	The stated hexahydrate is an established form of magnesium nitrate; known hydrates are hexahydrate. This is MediaDive compound 1763 and the fix or confirmation belongs upstream before MIM ingestion.	2	1763	NOT_FOUND	NONE
Na2MoO7 x 2 H2O	mediadive.compound:1678	NA	0	UNKNOWN	dihydrate	none known for formula as written	FALSE	NO_CAS_PROVIDED	UNKNOWN	NOT_APPLICABLE(unmapped)	UNKNOWN	NEEDS_SOURCE	high	The molybdate formula is malformed; Na2MoO4 dihydrate is likely intended. This is MediaDive compound 1678 and the fix or confirmation belongs upstream before MIM ingestion. Exact-label downstream presence was confirmed in kg-microbe transformed MediaDive exports; no downstream file was changed.	2	1678	NOT_FOUND	MEDIADIVE_UPSTREAM
MgSO4 x 7H2O	NOT_IN_MIM	NA	0	UNKNOWN	heptahydrate	monohydrate; dihydrate; tetrahydrate; pentahydrate; hexahydrate; heptahydrate; undecahydrate	TRUE	NO_CAS_PROVIDED	10034-99-8	NOT_APPLICABLE(unmapped)	CHEBI:31795	OK	high	The stated heptahydrate is an established form of magnesium sulfate; known hydrates are monohydrate; dihydrate; tetrahydrate; pentahydrate; hexahydrate; heptahydrate; undecahydrate. No exact MIM preferred-term row exists; this CultureMech-only label should be checked against its source recipe before ingestion.	2	NA	NOT_FOUND	NONE
Na2MoO4 x 2H2O	NOT_IN_MIM	NA	0	UNKNOWN	dihydrate	dihydrate; decahydrate	TRUE	NO_CAS_PROVIDED	10102-40-6	NOT_APPLICABLE(unmapped)	CHEBI:75213	OK	high	The stated dihydrate is an established form of sodium molybdate; known hydrates are dihydrate; decahydrate. No exact MIM preferred-term row exists; this CultureMech-only label should be checked against its source recipe before ingestion.	2	NA	NOT_FOUND	NONE
Manganese(II) sulfate tetrahydrate	NOT_IN_MIM	NA	0	UNKNOWN	tetrahydrate	monohydrate; dihydrate; tetrahydrate; pentahydrate; hexahydrate; heptahydrate	TRUE	NO_CAS_PROVIDED	10101-68-5	NOT_APPLICABLE(unmapped)	CHEBI:86358	OK	high	The stated tetrahydrate is an established form of manganese(II) sulfate; known hydrates are monohydrate; dihydrate; tetrahydrate; pentahydrate; hexahydrate; heptahydrate. No exact MIM preferred-term row exists; this CultureMech-only label should be checked against its source recipe before ingestion.	2	NA	NOT_FOUND	NONE
CaCl2*2H2O	NOT_IN_MIM	NA	0	UNKNOWN	dihydrate	monohydrate; dihydrate; tetrahydrate; hexahydrate	TRUE	NO_CAS_PROVIDED	10035-04-8	NOT_APPLICABLE(unmapped)	CHEBI:86158	OK	high	The stated dihydrate is an established form of calcium chloride; known hydrates are monohydrate; dihydrate; tetrahydrate; hexahydrate. No exact MIM preferred-term row exists; this CultureMech-only label should be checked against its source recipe before ingestion.	2	NA	NOT_FOUND	NONE
MgCl*6H2O	NOT_IN_MIM	NA	0	UNKNOWN	hexahydrate	none known for formula as written	FALSE	NO_CAS_PROVIDED	UNKNOWN	NOT_APPLICABLE(unmapped)	UNKNOWN	NEEDS_SOURCE	high	MgCl is charge-imbalanced; MgCl2 hexahydrate is the likely intended reagent. No exact MIM preferred-term row exists; this CultureMech-only label should be checked against its source recipe before ingestion. Exact-label downstream presence was confirmed in kg-microbe transformed MediaDive exports; no downstream file was changed.	2	NA	NOT_FOUND	CULTUREMECH
FeCl2 tetrahydrate	NOT_IN_MIM	NA	0	UNKNOWN	tetrahydrate	dihydrate; tetrahydrate	TRUE	NO_CAS_PROVIDED	13478-10-9	NOT_APPLICABLE(unmapped)	CHEBI:86249	OK	high	The stated tetrahydrate is an established form of iron(II) chloride; known hydrates are dihydrate; tetrahydrate. No exact MIM preferred-term row exists; this CultureMech-only label should be checked against its source recipe before ingestion.	2	NA	NOT_FOUND	NONE
L-Aspartic Acid sodium salt monohydrate	NOT_IN_MIM	NA	0	UNKNOWN	monohydrate	monohydrate	TRUE	NO_CAS_PROVIDED	323194-76-9	NOT_APPLICABLE(unmapped)	cas:323194-76-9	OK	high	The stated monohydrate is an established form of sodium aspartate; known hydrates are monohydrate. No exact MIM preferred-term row exists; this CultureMech-only label should be checked against its source recipe before ingestion.	2	NA	NOT_FOUND	NONE
CoSO .7H2O	NOT_IN_MIM	NA	0	UNKNOWN	heptahydrate	none known for formula as written	FALSE	NO_CAS_PROVIDED	UNKNOWN	NOT_APPLICABLE(unmapped)	UNKNOWN	NEEDS_SOURCE	high	The cobalt sulfate formula is incomplete; CoSO4 heptahydrate is likely intended. No exact MIM preferred-term row exists; this CultureMech-only label should be checked against its source recipe before ingestion.	2	NA	NOT_FOUND	CULTUREMECH
Fe(NH4)2(SO4)2 x 6 H2O (0.1% w/v)	NOT_IN_MIM	NA	0	UNKNOWN	hexahydrate	hexahydrate; heptahydrate reported but uncertain	TRUE	NO_CAS_PROVIDED	7783-85-9	NOT_APPLICABLE(unmapped)	CHEBI:76181	OK	high	The stated hexahydrate is an established form of ferrous ammonium sulfate; known hydrates are hexahydrate; heptahydrate reported but uncertain. No exact MIM preferred-term row exists; this CultureMech-only label should be checked against its source recipe before ingestion.	2	NA	NOT_FOUND	NONE
K2SO4・7H2O	NOT_IN_MIM	NA	0	UNKNOWN	heptahydrate	none known	FALSE	NO_CAS_PROVIDED	UNKNOWN	NOT_APPLICABLE(unmapped)	UNKNOWN	NEEDS_SOURCE	high	No stable heptahydrate of potassium sulfate is established; known hydrate forms are none known. No exact MIM preferred-term row exists; this CultureMech-only label should be checked against its source recipe before ingestion.	2	NA	NOT_FOUND	CULTUREMECH
MgSO2·7H2O	NOT_IN_MIM	NA	0	UNKNOWN	heptahydrate	none known for formula as written	FALSE	NO_CAS_PROVIDED	UNKNOWN	NOT_APPLICABLE(unmapped)	UNKNOWN	NEEDS_SOURCE	high	The sulfate formula is incomplete; MgSO4 heptahydrate is likely intended. No exact MIM preferred-term row exists; this CultureMech-only label should be checked against its source recipe before ingestion. Exact-label downstream presence was confirmed in kg-microbe transformed MediaDive exports; no downstream file was changed.	2	NA	NOT_FOUND	CULTUREMECH
FeSO2·7H2O	NOT_IN_MIM	NA	0	UNKNOWN	heptahydrate	none known for formula as written	FALSE	NO_CAS_PROVIDED	UNKNOWN	NOT_APPLICABLE(unmapped)	UNKNOWN	NEEDS_SOURCE	high	FeSO2 is not iron(II) sulfate; FeSO4 heptahydrate is likely intended. No exact MIM preferred-term row exists; this CultureMech-only label should be checked against its source recipe before ingestion.	2	NA	NOT_FOUND	CULTUREMECH
Fe(NH4)2(SO4)2 x 6 H2O solution (0.1% w/v)	NOT_IN_MIM	NA	0	UNKNOWN	hexahydrate	hexahydrate; heptahydrate reported but uncertain	TRUE	NO_CAS_PROVIDED	7783-85-9	NOT_APPLICABLE(unmapped)	CHEBI:76181	OK	high	The stated hexahydrate is an established form of ferrous ammonium sulfate; known hydrates are hexahydrate; heptahydrate reported but uncertain. No exact MIM preferred-term row exists; this CultureMech-only label should be checked against its source recipe before ingestion.	2	NA	NOT_FOUND	NONE
(NH4)2SO4·7H2O	NOT_IN_MIM	NA	0	UNKNOWN	heptahydrate	none known	FALSE	NO_CAS_PROVIDED	UNKNOWN	NOT_APPLICABLE(unmapped)	UNKNOWN	NEEDS_SOURCE	high	No stable heptahydrate of ammonium sulfate is established; known hydrate forms are none known. No exact MIM preferred-term row exists; this CultureMech-only label should be checked against its source recipe before ingestion.	2	NA	NOT_FOUND	CULTUREMECH
Neutralized Na2S·9H2O	NOT_IN_MIM	NA	0	UNKNOWN	nonahydrate	dihydrate; pentahydrate; nonahydrate	TRUE	NO_CAS_PROVIDED	1313-84-4	NOT_APPLICABLE(unmapped)	CHEBI:76209	OK	high	The stated nonahydrate is an established form of sodium sulfide; known hydrates are dihydrate; pentahydrate; nonahydrate. No exact MIM preferred-term row exists; this CultureMech-only label should be checked against its source recipe before ingestion.	1	NA	NOT_FOUND	NONE
CuSO2・5H2O	NOT_IN_MIM	NA	0	UNKNOWN	pentahydrate	none known for formula as written	FALSE	NO_CAS_PROVIDED	UNKNOWN	NOT_APPLICABLE(unmapped)	UNKNOWN	NEEDS_SOURCE	high	CuSO2 is not copper(II) sulfate; CuSO4 pentahydrate is likely intended. No exact MIM preferred-term row exists; this CultureMech-only label should be checked against its source recipe before ingestion.	1	NA	NOT_FOUND	CULTUREMECH
Na2HPO4・6H2O	NOT_IN_MIM	NA	0	UNKNOWN	hexahydrate	dihydrate; heptahydrate; dodecahydrate	FALSE	NO_CAS_PROVIDED	UNKNOWN	NOT_APPLICABLE(unmapped)	UNKNOWN	NEEDS_SOURCE	high	No stable hexahydrate of disodium hydrogenphosphate is established; known hydrate forms are dihydrate; heptahydrate; dodecahydrate. No exact MIM preferred-term row exists; this CultureMech-only label should be checked against its source recipe before ingestion.	1	NA	NOT_FOUND	CULTUREMECH
0.5% MgSO4・7H2O solution	NOT_IN_MIM	NA	0	UNKNOWN	heptahydrate	monohydrate; dihydrate; tetrahydrate; pentahydrate; hexahydrate; heptahydrate; undecahydrate	TRUE	NO_CAS_PROVIDED	10034-99-8	NOT_APPLICABLE(unmapped)	CHEBI:31795	OK	high	The stated heptahydrate is an established form of magnesium sulfate; known hydrates are monohydrate; dihydrate; tetrahydrate; pentahydrate; hexahydrate; heptahydrate; undecahydrate. No exact MIM preferred-term row exists; this CultureMech-only label should be checked against its source recipe before ingestion.	1	NA	NOT_FOUND	NONE
Na2MoO4 · H2O	NOT_IN_MIM	NA	0	UNKNOWN	monohydrate	dihydrate; decahydrate	FALSE	NO_CAS_PROVIDED	UNKNOWN	NOT_APPLICABLE(unmapped)	UNKNOWN	NEEDS_SOURCE	high	No stable monohydrate of sodium molybdate is established; known hydrate forms are dihydrate; decahydrate. No exact MIM preferred-term row exists; this CultureMech-only label should be checked against its source recipe before ingestion.	1	NA	NOT_FOUND	CULTUREMECH
CuCl2 · H2O	NOT_IN_MIM	NA	0	UNKNOWN	monohydrate	monohydrate (reported); dihydrate	TRUE	NO_CAS_PROVIDED	UNKNOWN	NOT_APPLICABLE(unmapped)	UNKNOWN	OK	high	The stated monohydrate is an established form of copper(II) chloride; known hydrates are monohydrate (reported); dihydrate. No exact MIM preferred-term row exists; this CultureMech-only label should be checked against its source recipe before ingestion.	1	NA	NOT_FOUND	NONE
Na2S2O3・5H2O (final conc.)	NOT_IN_MIM	NA	0	UNKNOWN	pentahydrate	pentahydrate	TRUE	NO_CAS_PROVIDED	10102-17-7	NOT_APPLICABLE(unmapped)	CHEBI:32150	OK	high	The stated pentahydrate is an established form of sodium thiosulfate; known hydrates are pentahydrate. No exact MIM preferred-term row exists; this CultureMech-only label should be checked against its source recipe before ingestion.	1	NA	NOT_FOUND	NONE
1.0 M MgSO4.7H2O (May and Baker)	NOT_IN_MIM	NA	0	UNKNOWN	heptahydrate	monohydrate; dihydrate; tetrahydrate; pentahydrate; hexahydrate; heptahydrate; undecahydrate	TRUE	NO_CAS_PROVIDED	10034-99-8	NOT_APPLICABLE(unmapped)	CHEBI:31795	OK	high	The stated heptahydrate is an established form of magnesium sulfate; known hydrates are monohydrate; dihydrate; tetrahydrate; pentahydrate; hexahydrate; heptahydrate; undecahydrate. No exact MIM preferred-term row exists; this CultureMech-only label should be checked against its source recipe before ingestion.	1	NA	NOT_FOUND	NONE
(NH4)MoO7O24 x 4H2O	NOT_IN_MIM	NA	0	UNKNOWN	tetrahydrate	none known for formula as written	FALSE	NO_CAS_PROVIDED	UNKNOWN	NOT_APPLICABLE(unmapped)	UNKNOWN	NEEDS_SOURCE	high	The ammonium heptamolybdate formula is malformed; (NH4)6Mo7O24 tetrahydrate is likely intended. No exact MIM preferred-term row exists; this CultureMech-only label should be checked against its source recipe before ingestion.	1	NA	NOT_FOUND	CULTUREMECH
Trisodium citrate・H2O	NOT_IN_MIM	NA	0	UNKNOWN	monohydrate	dihydrate	UNCERTAIN	NO_CAS_PROVIDED	UNKNOWN	NOT_APPLICABLE(unmapped)	UNKNOWN	NEEDS_SOURCE	medium	The exact monohydrate of trisodium citrate could not be settled confidently from established phase evidence; retain UNKNOWN pending the source. No exact MIM preferred-term row exists; this CultureMech-only label should be checked against its source recipe before ingestion.	1	NA	NOT_FOUND	CULTUREMECH
Zn2SO4・7H2O	NOT_IN_MIM	NA	0	UNKNOWN	heptahydrate	none known for formula as written	FALSE	NO_CAS_PROVIDED	UNKNOWN	NOT_APPLICABLE(unmapped)	UNKNOWN	NEEDS_SOURCE	high	Zn2SO4 has incorrect salt stoichiometry; ZnSO4 heptahydrate is likely intended. No exact MIM preferred-term row exists; this CultureMech-only label should be checked against its source recipe before ingestion.	1	NA	NOT_FOUND	CULTUREMECH
0.17 mM FeCl3 x 6 H2O	NOT_IN_MIM	NA	0	UNKNOWN	hexahydrate	hexahydrate	TRUE	NO_CAS_PROVIDED	10025-77-1	NOT_APPLICABLE(unmapped)	CHEBI:86254	OK	high	The stated hexahydrate is an established form of iron(III) chloride; known hydrates are hexahydrate. No exact MIM preferred-term row exists; this CultureMech-only label should be checked against its source recipe before ingestion.	1	NA	NOT_FOUND	NONE
Na2HPO4.12H2O	NOT_IN_MIM	NA	0	UNKNOWN	dodecahydrate	dihydrate; heptahydrate; dodecahydrate	TRUE	NO_CAS_PROVIDED	10039-32-4	NOT_APPLICABLE(unmapped)	kgmicrobe.compound:na2hpo4_x_12_h2o	OK	high	The stated dodecahydrate is an established form of disodium hydrogenphosphate; known hydrates are dihydrate; heptahydrate; dodecahydrate. No exact MIM preferred-term row exists; this CultureMech-only label should be checked against its source recipe before ingestion.	1	NA	NOT_FOUND	NONE
NiCl3.6H2O	NOT_IN_MIM	NA	0	UNKNOWN	hexahydrate	none known for formula as written	FALSE	NO_CAS_PROVIDED	UNKNOWN	NOT_APPLICABLE(unmapped)	UNKNOWN	NEEDS_SOURCE	high	NiCl3 is not the standard stable nickel chloride salt; NiCl2 hexahydrate is the likely intended reagent. No exact MIM preferred-term row exists; this CultureMech-only label should be checked against its source recipe before ingestion.	1	NA	NOT_FOUND	CULTUREMECH
CrCl3.6H2O	NOT_IN_MIM	NA	0	UNKNOWN	hexahydrate	hexahydrate	TRUE	NO_CAS_PROVIDED	UNKNOWN	NOT_APPLICABLE(unmapped)	UNKNOWN	OK	high	The stated hexahydrate is an established form of chromium(III) chloride; known hydrates are hexahydrate. No exact MIM preferred-term row exists; this CultureMech-only label should be checked against its source recipe before ingestion.	1	NA	NOT_FOUND	NONE
5% Na2S・9H2O solution (pH 7.5)	NOT_IN_MIM	NA	0	UNKNOWN	nonahydrate	dihydrate; pentahydrate; nonahydrate	TRUE	NO_CAS_PROVIDED	1313-84-4	NOT_APPLICABLE(unmapped)	CHEBI:76209	OK	high	The stated nonahydrate is an established form of sodium sulfide; known hydrates are dihydrate; pentahydrate; nonahydrate. No exact MIM preferred-term row exists; this CultureMech-only label should be checked against its source recipe before ingestion.	1	NA	NOT_FOUND	NONE
5% L--Cysteine・HCl・H2O solution (separately sterilized)	NOT_IN_MIM	NA	0	UNKNOWN	monohydrate	monohydrate	TRUE	NO_CAS_PROVIDED	7048-04-6	NOT_APPLICABLE(unmapped)	CHEBI:91248	OK	high	The stated monohydrate is an established form of L-cysteine hydrochloride; known hydrates are monohydrate. No exact MIM preferred-term row exists; this CultureMech-only label should be checked against its source recipe before ingestion.	1	NA	NOT_FOUND	NONE
Manganese chloride tetrahydrate	NOT_IN_MIM	NA	0	UNKNOWN	tetrahydrate	monohydrate; dihydrate; tetrahydrate	TRUE	NO_CAS_PROVIDED	13446-34-9	NOT_APPLICABLE(unmapped)	CHEBI:86368	OK	high	The stated tetrahydrate is an established form of manganese(II) chloride; known hydrates are monohydrate; dihydrate; tetrahydrate. No exact MIM preferred-term row exists; this CultureMech-only label should be checked against its source recipe before ingestion.	1	NA	NOT_FOUND	NONE
10% MgSO4・7H2O	NOT_IN_MIM	NA	0	UNKNOWN	heptahydrate	monohydrate; dihydrate; tetrahydrate; pentahydrate; hexahydrate; heptahydrate; undecahydrate	TRUE	NO_CAS_PROVIDED	10034-99-8	NOT_APPLICABLE(unmapped)	CHEBI:31795	OK	high	The stated heptahydrate is an established form of magnesium sulfate; known hydrates are monohydrate; dihydrate; tetrahydrate; pentahydrate; hexahydrate; heptahydrate; undecahydrate. No exact MIM preferred-term row exists; this CultureMech-only label should be checked against its source recipe before ingestion.	1	NA	NOT_FOUND	NONE
FeSO4·4H2O	NOT_IN_MIM	NA	0	UNKNOWN	tetrahydrate	monohydrate; tetrahydrate; pentahydrate; hexahydrate; heptahydrate	TRUE	NO_CAS_PROVIDED	UNKNOWN	NOT_APPLICABLE(unmapped)	UNKNOWN	OK	high	The stated tetrahydrate is an established form of iron(II) sulfate; known hydrates are monohydrate; tetrahydrate; pentahydrate; hexahydrate; heptahydrate. No exact MIM preferred-term row exists; this CultureMech-only label should be checked against its source recipe before ingestion.	1	NA	NOT_FOUND	NONE
CuCl2⋅4H2O	NOT_IN_MIM	NA	0	UNKNOWN	tetrahydrate	monohydrate (reported); dihydrate	FALSE	NO_CAS_PROVIDED	UNKNOWN	NOT_APPLICABLE(unmapped)	UNKNOWN	NEEDS_SOURCE	high	No stable tetrahydrate of copper(II) chloride is established; known hydrate forms are monohydrate (reported); dihydrate. No exact MIM preferred-term row exists; this CultureMech-only label should be checked against its source recipe before ingestion.	1	NA	NOT_FOUND	CULTUREMECH
Thiamine-HCl⋅H2O (Vitamin B1)	NOT_IN_MIM	NA	0	UNKNOWN	monohydrate	hemihydrate; monohydrate; nonstoichiometric hydrate; dihydrate	TRUE	NO_CAS_PROVIDED	UNKNOWN	NOT_APPLICABLE(unmapped)	UNKNOWN	OK	high	The stated monohydrate is an established form of thiamine hydrochloride; known hydrates are hemihydrate; monohydrate; nonstoichiometric hydrate; dihydrate. No exact MIM preferred-term row exists; this CultureMech-only label should be checked against its source recipe before ingestion.	1	NA	NOT_FOUND	NONE
FeCl2. 4H2O	NOT_IN_MIM	NA	0	UNKNOWN	tetrahydrate	dihydrate; tetrahydrate	TRUE	NO_CAS_PROVIDED	13478-10-9	NOT_APPLICABLE(unmapped)	CHEBI:86249	OK	high	The stated tetrahydrate is an established form of iron(II) chloride; known hydrates are dihydrate; tetrahydrate. No exact MIM preferred-term row exists; this CultureMech-only label should be checked against its source recipe before ingestion.	1	NA	NOT_FOUND	NONE
NiCl3 . 6H2O	NOT_IN_MIM	NA	0	UNKNOWN	hexahydrate	none known for formula as written	FALSE	NO_CAS_PROVIDED	UNKNOWN	NOT_APPLICABLE(unmapped)	UNKNOWN	NEEDS_SOURCE	high	NiCl3 is not the standard stable nickel chloride salt; NiCl2 hexahydrate is the likely intended reagent. No exact MIM preferred-term row exists; this CultureMech-only label should be checked against its source recipe before ingestion.	1	NA	NOT_FOUND	CULTUREMECH
MgSO4 7H2O	NOT_IN_MIM	NA	0	UNKNOWN	heptahydrate	monohydrate; dihydrate; tetrahydrate; pentahydrate; hexahydrate; heptahydrate; undecahydrate	TRUE	NO_CAS_PROVIDED	10034-99-8	NOT_APPLICABLE(unmapped)	CHEBI:31795	OK	high	The stated heptahydrate is an established form of magnesium sulfate; known hydrates are monohydrate; dihydrate; tetrahydrate; pentahydrate; hexahydrate; heptahydrate; undecahydrate. No exact MIM preferred-term row exists; this CultureMech-only label should be checked against its source recipe before ingestion.	1	NA	NOT_FOUND	NONE
Na2S·9H2O (neutralized)***	NOT_IN_MIM	NA	0	UNKNOWN	nonahydrate	dihydrate; pentahydrate; nonahydrate	TRUE	NO_CAS_PROVIDED	1313-84-4	NOT_APPLICABLE(unmapped)	CHEBI:76209	OK	high	The stated nonahydrate is an established form of sodium sulfide; known hydrates are dihydrate; pentahydrate; nonahydrate. No exact MIM preferred-term row exists; this CultureMech-only label should be checked against its source recipe before ingestion.	1	NA	NOT_FOUND	NONE
CaCl2 . 7H2O	NOT_IN_MIM	NA	0	UNKNOWN	heptahydrate	monohydrate; dihydrate; tetrahydrate; hexahydrate	FALSE	NO_CAS_PROVIDED	UNKNOWN	NOT_APPLICABLE(unmapped)	UNKNOWN	NEEDS_SOURCE	high	No stable heptahydrate of calcium chloride is established; known hydrate forms are monohydrate; dihydrate; tetrahydrate; hexahydrate. No exact MIM preferred-term row exists; this CultureMech-only label should be checked against its source recipe before ingestion. Exact-label downstream presence was confirmed in kg-microbe transformed MediaDive exports; no downstream file was changed.	1	NA	NOT_FOUND	CULTUREMECH
H4MoNa2O6·2H2O	NOT_IN_MIM	NA	0	UNKNOWN	dihydrate	none known for formula as written	FALSE	NO_CAS_PROVIDED	UNKNOWN	NOT_APPLICABLE(unmapped)	UNKNOWN	NEEDS_SOURCE	high	The molybdate formula is malformed; Na2MoO4 dihydrate is likely intended. No exact MIM preferred-term row exists; this CultureMech-only label should be checked against its source recipe before ingestion.	1	NA	NOT_FOUND	CULTUREMECH
SI Medium Dehydrated*	NOT_IN_MIM	NA	0	UNKNOWN	not applicable (not a hydrate label)	not applicable	TRUE	NO_CAS_PROVIDED	UNKNOWN	NOT_APPLICABLE(unmapped)	UNKNOWN	OK	high	Corpus-screening false positive: this is water or a dehydrated-medium product name, not a salt hydrate; no hydrate identity should be inferred. No exact MIM preferred-term row exists; this CultureMech-only label should be checked against its source recipe before ingestion.	1	NA	NOT_FOUND	NONE
CaCl2.6H2O	NOT_IN_MIM	NA	0	UNKNOWN	hexahydrate	monohydrate; dihydrate; tetrahydrate; hexahydrate	TRUE	NO_CAS_PROVIDED	7774-34-7	NOT_APPLICABLE(unmapped)	CHEBI:91243	OK	high	The stated hexahydrate is an established form of calcium chloride; known hydrates are monohydrate; dihydrate; tetrahydrate; hexahydrate. No exact MIM preferred-term row exists; this CultureMech-only label should be checked against its source recipe before ingestion.	1	NA	NOT_FOUND	NONE
MgCl2.2H2O	NOT_IN_MIM	NA	0	UNKNOWN	dihydrate	monohydrate; dihydrate; tetrahydrate; hexahydrate; octahydrate; dodecahydrate	TRUE	NO_CAS_PROVIDED	19098-17-0	NOT_APPLICABLE(unmapped)	CHEBI:131394	OK	high	The stated dihydrate is an established form of magnesium chloride; known hydrates are monohydrate; dihydrate; tetrahydrate; hexahydrate; octahydrate; dodecahydrate. No exact MIM preferred-term row exists; this CultureMech-only label should be checked against its source recipe before ingestion.	1	NA	NOT_FOUND	NONE
Na2MoO4 × H2O	NOT_IN_MIM	NA	0	UNKNOWN	monohydrate	dihydrate; decahydrate	FALSE	NO_CAS_PROVIDED	UNKNOWN	NOT_APPLICABLE(unmapped)	UNKNOWN	NEEDS_SOURCE	high	No stable monohydrate of sodium molybdate is established; the known hydrate forms are the dihydrate and decahydrate. No exact MIM preferred-term row exists; this CultureMech-only label should be checked against its source recipe before ingestion.	1	NA	NOT_FOUND	CULTUREMECH
MnCl2 × 4H2O	NOT_IN_MIM	NA	0	UNKNOWN	tetrahydrate	monohydrate; dihydrate; tetrahydrate	TRUE	NO_CAS_PROVIDED	13446-34-9	NOT_APPLICABLE(unmapped)	CHEBI:86368	OK	high	The stated tetrahydrate is an established form of manganese(II) chloride; known hydrates are monohydrate; dihydrate; tetrahydrate. No exact MIM preferred-term row exists; this CultureMech-only label should be checked against its source recipe before ingestion.	1	NA	NOT_FOUND	NONE
CoCl2 × 6H2O	NOT_IN_MIM	NA	0	UNKNOWN	hexahydrate	monohydrate; dihydrate; tetrahydrate; hexahydrate	TRUE	NO_CAS_PROVIDED	7791-13-1	NOT_APPLICABLE(unmapped)	CHEBI:53503	OK	high	The stated hexahydrate is an established form of cobalt(II) chloride; known hydrates are monohydrate; dihydrate; tetrahydrate; hexahydrate. No exact MIM preferred-term row exists; this CultureMech-only label should be checked against its source recipe before ingestion.	1	NA	NOT_FOUND	NONE
ZnSO4 × 7H2O	NOT_IN_MIM	NA	0	UNKNOWN	heptahydrate	monohydrate; tetrahydrate; hexahydrate; heptahydrate	TRUE	NO_CAS_PROVIDED	7446-20-0	NOT_APPLICABLE(unmapped)	CHEBI:32312	OK	high	The stated heptahydrate is an established form of zinc sulfate; known hydrates are monohydrate; tetrahydrate; hexahydrate; heptahydrate. No exact MIM preferred-term row exists; this CultureMech-only label should be checked against its source recipe before ingestion.	1	NA	NOT_FOUND	NONE
Na2WO4 × 2H2O	NOT_IN_MIM	NA	0	UNKNOWN	dihydrate	monohydrate; dihydrate	TRUE	NO_CAS_PROVIDED	10213-10-2	NOT_APPLICABLE(unmapped)	CHEBI:63939	OK	high	The stated dihydrate is an established form of sodium tungstate; known hydrates are monohydrate; dihydrate. No exact MIM preferred-term row exists; this CultureMech-only label should be checked against its source recipe before ingestion.	1	NA	NOT_FOUND	NONE
(NH4)2SO4FeSO4 × 6H2O	NOT_IN_MIM	NA	0	UNKNOWN	hexahydrate	hexahydrate; heptahydrate reported but uncertain	TRUE	NO_CAS_PROVIDED	7783-85-9	NOT_APPLICABLE(unmapped)	CHEBI:76181	OK	high	The stated hexahydrate is an established form of ferrous ammonium sulfate; known hydrates are hexahydrate; heptahydrate reported but uncertain. No exact MIM preferred-term row exists; this CultureMech-only label should be checked against its source recipe before ingestion.	1	NA	NOT_FOUND	NONE
(NH4)2SO4NiSO4 × 6H2O	NOT_IN_MIM	NA	0	UNKNOWN	hexahydrate	hexahydrate	TRUE	NO_CAS_PROVIDED	56110-30-6	NOT_APPLICABLE(unmapped)	CHEBI:86149	OK	high	The stated hexahydrate is an established form of ammonium nickel sulfate; known hydrates are hexahydrate. No exact MIM preferred-term row exists; this CultureMech-only label should be checked against its source recipe before ingestion.	1	NA	NOT_FOUND	NONE
Na2SeO4 × 5H2O	NOT_IN_MIM	NA	0	UNKNOWN	pentahydrate	sesquihydrate; heptahydrate; decahydrate	FALSE	NO_CAS_PROVIDED	UNKNOWN	NOT_APPLICABLE(unmapped)	UNKNOWN	NEEDS_SOURCE	high	No stable pentahydrate of sodium selenate is established; known hydrate forms are sesquihydrate; heptahydrate; decahydrate. No exact MIM preferred-term row exists; this CultureMech-only label should be checked against its source recipe before ingestion.	1	NA	NOT_FOUND	CULTUREMECH
CuCl2 × 6H2O	NOT_IN_MIM	NA	0	UNKNOWN	hexahydrate	monohydrate (reported); dihydrate	FALSE	NO_CAS_PROVIDED	UNKNOWN	NOT_APPLICABLE(unmapped)	UNKNOWN	NEEDS_SOURCE	high	No stable hexahydrate of copper(II) chloride is established; known hydrate forms are monohydrate (reported); dihydrate. No exact MIM preferred-term row exists; this CultureMech-only label should be checked against its source recipe before ingestion. Exact-label downstream presence was confirmed in kg-microbe transformed MediaDive exports; no downstream file was changed.	1	NA	NOT_FOUND	CULTUREMECH
SnCl2 x 2H2O	NOT_IN_MIM	NA	0	UNKNOWN	dihydrate	dihydrate	TRUE	NO_CAS_PROVIDED	UNKNOWN	NOT_APPLICABLE(unmapped)	CHEBI:78074	OK	high	The stated dihydrate is an established form of tin(II) chloride; known hydrates are dihydrate. No exact MIM preferred-term row exists; this CultureMech-only label should be checked against its source recipe before ingestion.	1	NA	NOT_FOUND	NONE
Na2S·9H2O solution (see Medium [M3029])	NOT_IN_MIM	NA	0	UNKNOWN	nonahydrate	dihydrate; pentahydrate; nonahydrate	TRUE	NO_CAS_PROVIDED	1313-84-4	NOT_APPLICABLE(unmapped)	CHEBI:76209	OK	high	The stated nonahydrate is an established form of sodium sulfide; known hydrates are dihydrate; pentahydrate; nonahydrate. No exact MIM preferred-term row exists; this CultureMech-only label should be checked against its source recipe before ingestion.	1	NA	NOT_FOUND	NONE
Magnesium sulphate heptahydrate	NOT_IN_MIM	NA	0	UNKNOWN	heptahydrate	monohydrate; dihydrate; tetrahydrate; pentahydrate; hexahydrate; heptahydrate; undecahydrate	TRUE	NO_CAS_PROVIDED	10034-99-8	NOT_APPLICABLE(unmapped)	CHEBI:31795	OK	high	The stated heptahydrate is an established form of magnesium sulfate; known hydrates are monohydrate; dihydrate; tetrahydrate; pentahydrate; hexahydrate; heptahydrate; undecahydrate. No exact MIM preferred-term row exists; this CultureMech-only label should be checked against its source recipe before ingestion.	1	NA	NOT_FOUND	NONE
24% Na2S・9H2O	NOT_IN_MIM	NA	0	UNKNOWN	nonahydrate	dihydrate; pentahydrate; nonahydrate	TRUE	NO_CAS_PROVIDED	1313-84-4	NOT_APPLICABLE(unmapped)	CHEBI:76209	OK	high	The stated nonahydrate is an established form of sodium sulfide; known hydrates are dihydrate; pentahydrate; nonahydrate. No exact MIM preferred-term row exists; this CultureMech-only label should be checked against its source recipe before ingestion.	1	NA	NOT_FOUND	NONE
(NH4)6Mo7O7・4H2O	NOT_IN_MIM	NA	0	UNKNOWN	tetrahydrate	none known for formula as written	FALSE	NO_CAS_PROVIDED	UNKNOWN	NOT_APPLICABLE(unmapped)	UNKNOWN	NEEDS_SOURCE	high	The ammonium heptamolybdate formula is malformed; (NH4)6Mo7O24 tetrahydrate is likely intended. No exact MIM preferred-term row exists; this CultureMech-only label should be checked against its source recipe before ingestion.	1	NA	NOT_FOUND	CULTUREMECH
5% Na2S・9H2O solution*	NOT_IN_MIM	NA	0	UNKNOWN	nonahydrate	dihydrate; pentahydrate; nonahydrate	TRUE	NO_CAS_PROVIDED	1313-84-4	NOT_APPLICABLE(unmapped)	CHEBI:76209	OK	high	The stated nonahydrate is an established form of sodium sulfide; known hydrates are dihydrate; pentahydrate; nonahydrate. No exact MIM preferred-term row exists; this CultureMech-only label should be checked against its source recipe before ingestion.	1	NA	NOT_FOUND	NONE
L--Cysteine・HCl・H2O solution*	NOT_IN_MIM	NA	0	UNKNOWN	monohydrate	monohydrate	TRUE	NO_CAS_PROVIDED	7048-04-6	NOT_APPLICABLE(unmapped)	CHEBI:91248	OK	high	The stated monohydrate is an established form of L-cysteine hydrochloride; known hydrates are monohydrate. No exact MIM preferred-term row exists; this CultureMech-only label should be checked against its source recipe before ingestion.	1	NA	NOT_FOUND	NONE
10% Na2S2O3・5H2O solution*	NOT_IN_MIM	NA	0	UNKNOWN	pentahydrate	pentahydrate	TRUE	NO_CAS_PROVIDED	10102-17-7	NOT_APPLICABLE(unmapped)	CHEBI:32150	OK	high	The stated pentahydrate is an established form of sodium thiosulfate; known hydrates are pentahydrate. No exact MIM preferred-term row exists; this CultureMech-only label should be checked against its source recipe before ingestion.	1	NA	NOT_FOUND	NONE
MnCl3·4H2O	NOT_IN_MIM	NA	0	UNKNOWN	tetrahydrate	none known for formula as written	FALSE	NO_CAS_PROVIDED	UNKNOWN	NOT_APPLICABLE(unmapped)	UNKNOWN	NEEDS_SOURCE	high	MnCl3 is not the standard stable chloride reagent; MnCl2 tetrahydrate is the likely intended substance. No exact MIM preferred-term row exists; this CultureMech-only label should be checked against its source recipe before ingestion.	1	NA	NOT_FOUND	CULTUREMECH
L-glutamic acid monosodium salt monohydrate	NOT_IN_MIM	NA	0	UNKNOWN	monohydrate	monohydrate	TRUE	NO_CAS_PROVIDED	6382-01-0	NOT_APPLICABLE(unmapped)	cas:6382-01-0	OK	high	The stated monohydrate is an established form of glutamate salt; known hydrates are monohydrate. No exact MIM preferred-term row exists; this CultureMech-only label should be checked against its source recipe before ingestion.	1	NA	NOT_FOUND	NONE
Fe(NH4)2(SO4)2 x 7 H2O (0.1% w/v)	NOT_IN_MIM	NA	0	UNKNOWN	heptahydrate	hexahydrate; heptahydrate reported but uncertain	UNCERTAIN	NO_CAS_PROVIDED	UNKNOWN	NOT_APPLICABLE(unmapped)	UNKNOWN	NEEDS_SOURCE	medium	The exact heptahydrate of ferrous ammonium sulfate could not be settled confidently from established phase evidence; retain UNKNOWN pending the source. No exact MIM preferred-term row exists; this CultureMech-only label should be checked against its source recipe before ingestion.	1	NA	NOT_FOUND	CULTUREMECH
5% (w/v) CaCl2・2H2O solution	NOT_IN_MIM	NA	0	UNKNOWN	dihydrate	monohydrate; dihydrate; tetrahydrate; hexahydrate	TRUE	NO_CAS_PROVIDED	10035-04-8	NOT_APPLICABLE(unmapped)	CHEBI:86158	OK	high	The stated dihydrate is an established form of calcium chloride; known hydrates are monohydrate; dihydrate; tetrahydrate; hexahydrate. No exact MIM preferred-term row exists; this CultureMech-only label should be checked against its source recipe before ingestion.	1	NA	NOT_FOUND	NONE
5% (w/v) MgSO4・7H2O solution	NOT_IN_MIM	NA	0	UNKNOWN	heptahydrate	monohydrate; dihydrate; tetrahydrate; pentahydrate; hexahydrate; heptahydrate; undecahydrate	TRUE	NO_CAS_PROVIDED	10034-99-8	NOT_APPLICABLE(unmapped)	CHEBI:31795	OK	high	The stated heptahydrate is an established form of magnesium sulfate; known hydrates are monohydrate; dihydrate; tetrahydrate; pentahydrate; hexahydrate; heptahydrate; undecahydrate. No exact MIM preferred-term row exists; this CultureMech-only label should be checked against its source recipe before ingestion.	1	NA	NOT_FOUND	NONE
MgSO4 · 7H2O	NOT_IN_MIM	NA	0	UNKNOWN	heptahydrate	monohydrate; dihydrate; tetrahydrate; pentahydrate; hexahydrate; heptahydrate; undecahydrate	TRUE	NO_CAS_PROVIDED	10034-99-8	NOT_APPLICABLE(unmapped)	CHEBI:31795	OK	high	The stated heptahydrate is an established form of magnesium sulfate; known hydrates are monohydrate; dihydrate; tetrahydrate; pentahydrate; hexahydrate; heptahydrate; undecahydrate. No exact MIM preferred-term row exists; this CultureMech-only label should be checked against its source recipe before ingestion.	1	NA	NOT_FOUND	NONE
0.5 M Na2S・9H2O solution	NOT_IN_MIM	NA	0	UNKNOWN	nonahydrate	dihydrate; pentahydrate; nonahydrate	TRUE	NO_CAS_PROVIDED	1313-84-4	NOT_APPLICABLE(unmapped)	CHEBI:76209	OK	high	The stated nonahydrate is an established form of sodium sulfide; known hydrates are dihydrate; pentahydrate; nonahydrate. No exact MIM preferred-term row exists; this CultureMech-only label should be checked against its source recipe before ingestion.	1	NA	NOT_FOUND	NONE
Nickel ammonium sulfate hexahydrate	NOT_IN_MIM	NA	0	UNKNOWN	hexahydrate	hexahydrate	TRUE	NO_CAS_PROVIDED	56110-30-6	NOT_APPLICABLE(unmapped)	CHEBI:86149	OK	high	The stated hexahydrate is an established form of ammonium nickel sulfate; known hydrates are hexahydrate. No exact MIM preferred-term row exists; this CultureMech-only label should be checked against its source recipe before ingestion.	1	NA	NOT_FOUND	NONE
Vanadyl sulfate dihydrate	NOT_IN_MIM	NA	0	UNKNOWN	dihydrate	monohydrate; dihydrate; trihydrate; pentahydrate	TRUE	NO_CAS_PROVIDED	UNKNOWN	NOT_APPLICABLE(unmapped)	CHEBI:87009	OK	high	The stated dihydrate is an established form of vanadyl sulfate; known hydrates are monohydrate; dihydrate; trihydrate; pentahydrate. No exact MIM preferred-term row exists; this CultureMech-only label should be checked against its source recipe before ingestion.	1	NA	NOT_FOUND	NONE
5% MgCl2・6H2O solution	NOT_IN_MIM	NA	0	UNKNOWN	hexahydrate	monohydrate; dihydrate; tetrahydrate; hexahydrate; octahydrate; dodecahydrate	TRUE	NO_CAS_PROVIDED	7791-18-6	NOT_APPLICABLE(unmapped)	CHEBI:86345	OK	high	The stated hexahydrate is an established form of magnesium chloride; known hydrates are monohydrate; dihydrate; tetrahydrate; hexahydrate; octahydrate; dodecahydrate. No exact MIM preferred-term row exists; this CultureMech-only label should be checked against its source recipe before ingestion.	1	NA	NOT_FOUND	NONE
KH2PO4・2H2O	NOT_IN_MIM	NA	0	UNKNOWN	dihydrate	none known	FALSE	NO_CAS_PROVIDED	UNKNOWN	NOT_APPLICABLE(unmapped)	UNKNOWN	NEEDS_SOURCE	high	No stable dihydrate of potassium dihydrogenphosphate is established; known hydrate forms are none known. No exact MIM preferred-term row exists; this CultureMech-only label should be checked against its source recipe before ingestion.	1	NA	NOT_FOUND	CULTUREMECH
Fe(SO4)·7H2O	NOT_IN_MIM	NA	0	UNKNOWN	heptahydrate	monohydrate; tetrahydrate; pentahydrate; hexahydrate; heptahydrate	TRUE	NO_CAS_PROVIDED	7782-63-0	NOT_APPLICABLE(unmapped)	CHEBI:75836	OK	high	The stated heptahydrate is an established form of iron(II) sulfate; known hydrates are monohydrate; tetrahydrate; pentahydrate; hexahydrate; heptahydrate. No exact MIM preferred-term row exists; this CultureMech-only label should be checked against its source recipe before ingestion.	1	NA	NOT_FOUND	NONE
Mg(NO3)·6H2O	NOT_IN_MIM	NA	0	UNKNOWN	hexahydrate	none known for formula as written	FALSE	NO_CAS_PROVIDED	UNKNOWN	NOT_APPLICABLE(unmapped)	UNKNOWN	NEEDS_SOURCE	high	Mg(NO3) lacks the second nitrate required for Mg(II); Mg(NO3)2 hexahydrate is likely intended. No exact MIM preferred-term row exists; this CultureMech-only label should be checked against its source recipe before ingestion.	1	NA	NOT_FOUND	CULTUREMECH
CrK(SO4)2·12H2O	NOT_IN_MIM	NA	0	UNKNOWN	dodecahydrate	dodecahydrate	TRUE	NO_CAS_PROVIDED	7788-99-0	NOT_APPLICABLE(unmapped)	cas:7788-99-0	OK	high	The stated dodecahydrate is an established form of potassium chromium sulfate; known hydrates are dodecahydrate. No exact MIM preferred-term row exists; this CultureMech-only label should be checked against its source recipe before ingestion.	1	NA	NOT_FOUND	NONE
CaSO4・7H2O	NOT_IN_MIM	NA	0	UNKNOWN	heptahydrate	hemihydrate; dihydrate	FALSE	NO_CAS_PROVIDED	UNKNOWN	NOT_APPLICABLE(unmapped)	UNKNOWN	NEEDS_SOURCE	high	No stable heptahydrate of calcium sulfate is established; known hydrate forms are hemihydrate; dihydrate. No exact MIM preferred-term row exists; this CultureMech-only label should be checked against its source recipe before ingestion. Exact-label downstream presence was confirmed in kg-microbe transformed MediaDive exports; no downstream file was changed.	1	NA	NOT_FOUND	CULTUREMECH
5% Na2S・9H2Osolution	NOT_IN_MIM	NA	0	UNKNOWN	nonahydrate	dihydrate; pentahydrate; nonahydrate	TRUE	NO_CAS_PROVIDED	1313-84-4	NOT_APPLICABLE(unmapped)	CHEBI:76209	OK	high	The stated nonahydrate is an established form of sodium sulfide; known hydrates are dihydrate; pentahydrate; nonahydrate. No exact MIM preferred-term row exists; this CultureMech-only label should be checked against its source recipe before ingestion.	1	NA	NOT_FOUND	NONE
EDTA・2Na・2H2O	NOT_IN_MIM	NA	0	UNKNOWN	dihydrate	dihydrate	TRUE	NO_CAS_PROVIDED	6381-92-6	NOT_APPLICABLE(unmapped)	CHEBI:64758	OK	high	The stated dihydrate is an established form of disodium EDTA; known hydrates are dihydrate. No exact MIM preferred-term row exists; this CultureMech-only label should be checked against its source recipe before ingestion.	1	NA	NOT_FOUND	NONE
CaSO4.2H2O	NOT_IN_MIM	NA	0	UNKNOWN	dihydrate	hemihydrate; dihydrate	TRUE	NO_CAS_PROVIDED	10101-41-4	NOT_APPLICABLE(unmapped)	CHEBI:32583	OK	high	The stated dihydrate is an established form of calcium sulfate; known hydrates are hemihydrate; dihydrate. No exact MIM preferred-term row exists; this CultureMech-only label should be checked against its source recipe before ingestion.	1	NA	NOT_FOUND	NONE
MgCl2 x 6 H2O (200.0 g/l)	NOT_IN_MIM	NA	0	UNKNOWN	hexahydrate	monohydrate; dihydrate; tetrahydrate; hexahydrate; octahydrate; dodecahydrate	TRUE	NO_CAS_PROVIDED	7791-18-6	NOT_APPLICABLE(unmapped)	CHEBI:86345	OK	high	The stated hexahydrate is an established form of magnesium chloride; known hydrates are monohydrate; dihydrate; tetrahydrate; hexahydrate; octahydrate; dodecahydrate. No exact MIM preferred-term row exists; this CultureMech-only label should be checked against its source recipe before ingestion.	1	NA	NOT_FOUND	NONE
FeCl2·2H2O	NOT_IN_MIM	NA	0	UNKNOWN	dihydrate	dihydrate; tetrahydrate	TRUE	NO_CAS_PROVIDED	UNKNOWN	NOT_APPLICABLE(unmapped)	UNKNOWN	OK	high	The stated dihydrate is an established form of iron(II) chloride; known hydrates are dihydrate; tetrahydrate. No exact MIM preferred-term row exists; this CultureMech-only label should be checked against its source recipe before ingestion.	1	NA	NOT_FOUND	NONE
FeCl2·6H2O	NOT_IN_MIM	NA	0	UNKNOWN	hexahydrate	dihydrate; tetrahydrate	FALSE	NO_CAS_PROVIDED	UNKNOWN	NOT_APPLICABLE(unmapped)	UNKNOWN	NEEDS_SOURCE	high	No stable hexahydrate of iron(II) chloride is established; known hydrate forms are dihydrate; tetrahydrate. No exact MIM preferred-term row exists; this CultureMech-only label should be checked against its source recipe before ingestion. Exact-label downstream presence was confirmed in kg-microbe transformed MediaDive exports; no downstream file was changed.	1	NA	NOT_FOUND	CULTUREMECH
FeCl2.4H2O	NOT_IN_MIM	NA	0	UNKNOWN	tetrahydrate	dihydrate; tetrahydrate	TRUE	NO_CAS_PROVIDED	13478-10-9	NOT_APPLICABLE(unmapped)	CHEBI:86249	OK	high	The stated tetrahydrate is an established form of iron(II) chloride; known hydrates are dihydrate; tetrahydrate. No exact MIM preferred-term row exists; this CultureMech-only label should be checked against its source recipe before ingestion.	1	NA	NOT_FOUND	NONE
VOSO4·2H2O	NOT_IN_MIM	NA	0	UNKNOWN	dihydrate	monohydrate; dihydrate; trihydrate; pentahydrate	TRUE	NO_CAS_PROVIDED	UNKNOWN	NOT_APPLICABLE(unmapped)	CHEBI:87009	OK	high	The stated dihydrate is an established form of vanadyl sulfate; known hydrates are monohydrate; dihydrate; trihydrate; pentahydrate. No exact MIM preferred-term row exists; this CultureMech-only label should be checked against its source recipe before ingestion.	1	NA	NOT_FOUND	NONE
Disodium EDTA dihydrate	NOT_IN_MIM	NA	0	UNKNOWN	dihydrate	dihydrate	TRUE	NO_CAS_PROVIDED	6381-92-6	NOT_APPLICABLE(unmapped)	CHEBI:64758	OK	high	The stated dihydrate is an established form of disodium EDTA; known hydrates are dihydrate. No exact MIM preferred-term row exists; this CultureMech-only label should be checked against its source recipe before ingestion.	1	NA	NOT_FOUND	NONE
Ferric chloride hexahydrate	NOT_IN_MIM	NA	0	UNKNOWN	hexahydrate	hexahydrate	TRUE	NO_CAS_PROVIDED	10025-77-1	NOT_APPLICABLE(unmapped)	CHEBI:86254	OK	high	The stated hexahydrate is an established form of iron(III) chloride; known hydrates are hexahydrate. No exact MIM preferred-term row exists; this CultureMech-only label should be checked against its source recipe before ingestion.	1	NA	NOT_FOUND	NONE
5% Na2S . 9H2O	NOT_IN_MIM	NA	0	UNKNOWN	nonahydrate	dihydrate; pentahydrate; nonahydrate	TRUE	NO_CAS_PROVIDED	1313-84-4	NOT_APPLICABLE(unmapped)	CHEBI:76209	OK	high	The stated nonahydrate is an established form of sodium sulfide; known hydrates are dihydrate; pentahydrate; nonahydrate. No exact MIM preferred-term row exists; this CultureMech-only label should be checked against its source recipe before ingestion.	1	NA	NOT_FOUND	NONE
MgSO4 x 6H2O	NOT_IN_MIM	NA	0	UNKNOWN	hexahydrate	monohydrate; dihydrate; tetrahydrate; pentahydrate; hexahydrate; heptahydrate; undecahydrate	TRUE	NO_CAS_PROVIDED	UNKNOWN	NOT_APPLICABLE(unmapped)	none exists	MINT	high	The stated hexahydrate is an established form of magnesium sulfate; known hydrates are monohydrate; dihydrate; tetrahydrate; pentahydrate; hexahydrate; heptahydrate; undecahydrate. No exact MIM preferred-term row exists; this CultureMech-only label should be checked against its source recipe before ingestion.	1	NA	NOT_FOUND	MIM
NaH2PO4 x 2H2O	NOT_IN_MIM	NA	0	UNKNOWN	dihydrate	monohydrate; dihydrate	TRUE	NO_CAS_PROVIDED	13472-35-0	NOT_APPLICABLE(unmapped)	kgmicrobe.compound:nah2po4_x_2_h2o	OK	high	The stated dihydrate is an established form of sodium dihydrogenphosphate; known hydrates are monohydrate; dihydrate. No exact MIM preferred-term row exists; this CultureMech-only label should be checked against its source recipe before ingestion.	1	NA	NOT_FOUND	NONE
2.5% L--Cysteine・HCl・H2O solution	NOT_IN_MIM	NA	0	UNKNOWN	monohydrate	monohydrate	TRUE	NO_CAS_PROVIDED	7048-04-6	NOT_APPLICABLE(unmapped)	CHEBI:91248	OK	high	The stated monohydrate is an established form of L-cysteine hydrochloride; known hydrates are monohydrate. No exact MIM preferred-term row exists; this CultureMech-only label should be checked against its source recipe before ingestion.	1	NA	NOT_FOUND	NONE
K2HPO4·7H2O (6 g/L)	NOT_IN_MIM	NA	0	UNKNOWN	heptahydrate	trihydrate; hexahydrate	FALSE	NO_CAS_PROVIDED	UNKNOWN	NOT_APPLICABLE(unmapped)	UNKNOWN	NEEDS_SOURCE	high	No stable heptahydrate of dipotassium hydrogenphosphate is established; known hydrate forms are trihydrate; hexahydrate. No exact MIM preferred-term row exists; this CultureMech-only label should be checked against its source recipe before ingestion.	1	NA	NOT_FOUND	CULTUREMECH
MgSO4·7H2O (6 g/L)	NOT_IN_MIM	NA	0	UNKNOWN	heptahydrate	monohydrate; dihydrate; tetrahydrate; pentahydrate; hexahydrate; heptahydrate; undecahydrate	TRUE	NO_CAS_PROVIDED	10034-99-8	NOT_APPLICABLE(unmapped)	CHEBI:31795	OK	high	The stated heptahydrate is an established form of magnesium sulfate; known hydrates are monohydrate; dihydrate; tetrahydrate; pentahydrate; hexahydrate; heptahydrate; undecahydrate. No exact MIM preferred-term row exists; this CultureMech-only label should be checked against its source recipe before ingestion.	1	NA	NOT_FOUND	NONE
CaCl2·2H2O (2.5 g/L)	NOT_IN_MIM	NA	0	UNKNOWN	dihydrate	monohydrate; dihydrate; tetrahydrate; hexahydrate	TRUE	NO_CAS_PROVIDED	10035-04-8	NOT_APPLICABLE(unmapped)	CHEBI:86158	OK	high	The stated dihydrate is an established form of calcium chloride; known hydrates are monohydrate; dihydrate; tetrahydrate; hexahydrate. No exact MIM preferred-term row exists; this CultureMech-only label should be checked against its source recipe before ingestion.	1	NA	NOT_FOUND	NONE
Na2SiO3·9H2O (4.64 g/L)	NOT_IN_MIM	NA	0	UNKNOWN	nonahydrate	pentahydrate; hexahydrate; octahydrate; nonahydrate	TRUE	NO_CAS_PROVIDED	13517-24-3	NOT_APPLICABLE(unmapped)	CHEBI:132108	OK	high	The stated nonahydrate is an established form of sodium metasilicate; known hydrates are pentahydrate; hexahydrate; octahydrate; nonahydrate. No exact MIM preferred-term row exists; this CultureMech-only label should be checked against its source recipe before ingestion.	1	NA	NOT_FOUND	NONE
Citric acid·H2O (4.8 g/L)	NOT_IN_MIM	NA	0	UNKNOWN	monohydrate	monohydrate	TRUE	NO_CAS_PROVIDED	UNKNOWN	NOT_APPLICABLE(unmapped)	UNKNOWN	OK	high	The stated monohydrate is an established form of citric acid; known hydrates are monohydrate. No exact MIM preferred-term row exists; this CultureMech-only label should be checked against its source recipe before ingestion.	1	NA	NOT_FOUND	NONE
K2HPO4·7H2O	NOT_IN_MIM	NA	0	UNKNOWN	heptahydrate	trihydrate; hexahydrate	FALSE	NO_CAS_PROVIDED	UNKNOWN	NOT_APPLICABLE(unmapped)	UNKNOWN	NEEDS_SOURCE	high	No stable heptahydrate of dipotassium hydrogenphosphate is established; known hydrate forms are trihydrate; hexahydrate. No exact MIM preferred-term row exists; this CultureMech-only label should be checked against its source recipe before ingestion.	1	NA	NOT_FOUND	CULTUREMECH
K2HPO4x 3 H2O	NOT_IN_MIM	NA	0	UNKNOWN	trihydrate	trihydrate; hexahydrate	TRUE	NO_CAS_PROVIDED	16788-57-1	NOT_APPLICABLE(unmapped)	cas:16788-57-1	OK	high	The stated trihydrate is an established form of dipotassium hydrogenphosphate; known hydrates are trihydrate; hexahydrate. No exact MIM preferred-term row exists; this CultureMech-only label should be checked against its source recipe before ingestion.	1	NA	NOT_FOUND	NONE
Ni2SO4x 6 H2O	NOT_IN_MIM	NA	0	UNKNOWN	hexahydrate	none known for formula as written	FALSE	NO_CAS_PROVIDED	UNKNOWN	NOT_APPLICABLE(unmapped)	UNKNOWN	NEEDS_SOURCE	high	Ni2SO4 has incorrect salt stoichiometry; NiSO4 hexahydrate is likely intended. No exact MIM preferred-term row exists; this CultureMech-only label should be checked against its source recipe before ingestion.	1	NA	NOT_FOUND	CULTUREMECH
0.1 M L--Cysteine・HCl・H2O	NOT_IN_MIM	NA	0	UNKNOWN	monohydrate	monohydrate	TRUE	NO_CAS_PROVIDED	7048-04-6	NOT_APPLICABLE(unmapped)	CHEBI:91248	OK	high	The stated monohydrate is an established form of L-cysteine hydrochloride; known hydrates are monohydrate. No exact MIM preferred-term row exists; this CultureMech-only label should be checked against its source recipe before ingestion.	1	NA	NOT_FOUND	NONE
FeCl3·4H2O	NOT_IN_MIM	NA	0	UNKNOWN	tetrahydrate	hexahydrate	FALSE	NO_CAS_PROVIDED	UNKNOWN	NOT_APPLICABLE(unmapped)	UNKNOWN	NEEDS_SOURCE	high	No stable tetrahydrate of iron(III) chloride is established; known hydrate forms are hexahydrate. No exact MIM preferred-term row exists; this CultureMech-only label should be checked against its source recipe before ingestion. Exact-label downstream presence was confirmed in kg-microbe transformed MediaDive exports; no downstream file was changed.	1	NA	NOT_FOUND	CULTUREMECH
0.1% FeSO4·7H2O solution (in 0.1 N H2SO4)	NOT_IN_MIM	NA	0	UNKNOWN	heptahydrate	monohydrate; tetrahydrate; pentahydrate; hexahydrate; heptahydrate	TRUE	NO_CAS_PROVIDED	7782-63-0	NOT_APPLICABLE(unmapped)	CHEBI:75836	OK	high	The stated heptahydrate is an established form of iron(II) sulfate; known hydrates are monohydrate; tetrahydrate; pentahydrate; hexahydrate; heptahydrate. No exact MIM preferred-term row exists; this CultureMech-only label should be checked against its source recipe before ingestion.	1	NA	NOT_FOUND	NONE
Cr2(SO4)3・xH2O	NOT_IN_MIM	NA	0	UNKNOWN	hydrate (unspecified stoichiometry)	multiple nonstoichiometric hydrates reported	UNSPECIFIED	NO_CAS_PROVIDED	UNKNOWN	NOT_APPLICABLE(unmapped)	UNKNOWN	NEEDS_SOURCE	low	The label does not establish a unique water stoichiometry for chromium(III) sulfate; the original recipe or registry record is required. No exact MIM preferred-term row exists; this CultureMech-only label should be checked against its source recipe before ingestion.	1	NA	NOT_FOUND	CULTUREMECH
H2O (deionized)	NOT_IN_MIM	NA	0	UNKNOWN	not applicable (not a hydrate label)	not applicable	TRUE	NO_CAS_PROVIDED	UNKNOWN	NOT_APPLICABLE(unmapped)	UNKNOWN	OK	high	Corpus-screening false positive: this is water or a dehydrated-medium product name, not a salt hydrate; no hydrate identity should be inferred. No exact MIM preferred-term row exists; this CultureMech-only label should be checked against its source recipe before ingestion.	1	NA	NOT_FOUND	NONE
FeSO4 x 7 H2O (0.2% w/v)	NOT_IN_MIM	NA	0	UNKNOWN	heptahydrate	monohydrate; tetrahydrate; pentahydrate; hexahydrate; heptahydrate	TRUE	NO_CAS_PROVIDED	7782-63-0	NOT_APPLICABLE(unmapped)	CHEBI:75836	OK	high	The stated heptahydrate is an established form of iron(II) sulfate; known hydrates are monohydrate; tetrahydrate; pentahydrate; hexahydrate; heptahydrate. No exact MIM preferred-term row exists; this CultureMech-only label should be checked against its source recipe before ingestion.	1	NA	NOT_FOUND	NONE
FeCl3 x 6H2O solution (0.1% w/v in 0.2 N HCl)	NOT_IN_MIM	NA	0	UNKNOWN	hexahydrate	hexahydrate	TRUE	NO_CAS_PROVIDED	10025-77-1	NOT_APPLICABLE(unmapped)	CHEBI:86254	OK	high	The stated hexahydrate is an established form of iron(III) chloride; known hydrates are hexahydrate. No exact MIM preferred-term row exists; this CultureMech-only label should be checked against its source recipe before ingestion.	1	NA	NOT_FOUND	NONE
1 M Na2S2O3·5H2O solution*	NOT_IN_MIM	NA	0	UNKNOWN	pentahydrate	pentahydrate	TRUE	NO_CAS_PROVIDED	10102-17-7	NOT_APPLICABLE(unmapped)	CHEBI:32150	OK	high	The stated pentahydrate is an established form of sodium thiosulfate; known hydrates are pentahydrate. No exact MIM preferred-term row exists; this CultureMech-only label should be checked against its source recipe before ingestion.	1	NA	NOT_FOUND	NONE
3% Na2S·9H2O solution (neutralized)	NOT_IN_MIM	NA	0	UNKNOWN	nonahydrate	dihydrate; pentahydrate; nonahydrate	TRUE	NO_CAS_PROVIDED	1313-84-4	NOT_APPLICABLE(unmapped)	CHEBI:76209	OK	high	The stated nonahydrate is an established form of sodium sulfide; known hydrates are dihydrate; pentahydrate; nonahydrate. No exact MIM preferred-term row exists; this CultureMech-only label should be checked against its source recipe before ingestion.	1	NA	NOT_FOUND	NONE
MnCl4・4H2O	NOT_IN_MIM	NA	0	UNKNOWN	tetrahydrate	none known for formula as written	FALSE	NO_CAS_PROVIDED	UNKNOWN	NOT_APPLICABLE(unmapped)	UNKNOWN	NEEDS_SOURCE	high	MnCl4 is not a stable neutral bulk salt; MnCl2 tetrahydrate is the likely intended reagent. No exact MIM preferred-term row exists; this CultureMech-only label should be checked against its source recipe before ingestion. Exact-label downstream presence was confirmed in kg-microbe transformed MediaDive exports; no downstream file was changed.	1	NA	NOT_FOUND	CULTUREMECH
Ca(NO3)2 x 5 H2O	NOT_IN_MIM	NA	0	UNKNOWN	pentahydrate	dihydrate; trihydrate; tetrahydrate	FALSE	NO_CAS_PROVIDED	UNKNOWN	NOT_APPLICABLE(unmapped)	UNKNOWN	NEEDS_SOURCE	high	No stable pentahydrate of calcium nitrate is established; known hydrate forms are dihydrate; trihydrate; tetrahydrate. No exact MIM preferred-term row exists; this CultureMech-only label should be checked against its source recipe before ingestion.	1	NA	NOT_FOUND	CULTUREMECH
Na2S·9H2O**	NOT_IN_MIM	NA	0	UNKNOWN	nonahydrate	dihydrate; pentahydrate; nonahydrate	TRUE	NO_CAS_PROVIDED	1313-84-4	NOT_APPLICABLE(unmapped)	CHEBI:76209	OK	high	The stated nonahydrate is an established form of sodium sulfide; known hydrates are dihydrate; pentahydrate; nonahydrate. No exact MIM preferred-term row exists; this CultureMech-only label should be checked against its source recipe before ingestion.	1	NA	NOT_FOUND	NONE
Ca(NO3)2 · 4H2O	NOT_IN_MIM	NA	0	UNKNOWN	tetrahydrate	dihydrate; trihydrate; tetrahydrate	TRUE	NO_CAS_PROVIDED	13477-34-4	NOT_APPLICABLE(unmapped)	CHEBI:86159	OK	high	The stated tetrahydrate is an established form of calcium nitrate; known hydrates are dihydrate; trihydrate; tetrahydrate. No exact MIM preferred-term row exists; this CultureMech-only label should be checked against its source recipe before ingestion.	1	NA	NOT_FOUND	NONE
β-Na2glycerophosphate· 5H2O	NOT_IN_MIM	NA	0	UNKNOWN	pentahydrate	pentahydrate	TRUE	NO_CAS_PROVIDED	UNKNOWN	NOT_APPLICABLE(unmapped)	none exists	MINT	high	The stated pentahydrate is an established form of disodium beta-glycerophosphate; known hydrates are pentahydrate. No exact MIM preferred-term row exists; this CultureMech-only label should be checked against its source recipe before ingestion.	1	NA	NOT_FOUND	MIM
Na2EDTA· 2H2O	NOT_IN_MIM	NA	0	UNKNOWN	dihydrate	dihydrate	TRUE	NO_CAS_PROVIDED	6381-92-6	NOT_APPLICABLE(unmapped)	CHEBI:64758	OK	high	The stated dihydrate is an established form of disodium EDTA; known hydrates are dihydrate. No exact MIM preferred-term row exists; this CultureMech-only label should be checked against its source recipe before ingestion.	1	NA	NOT_FOUND	NONE
Na2MoO4-2H2O	NOT_IN_MIM	NA	0	UNKNOWN	dihydrate	dihydrate; decahydrate	TRUE	NO_CAS_PROVIDED	10102-40-6	NOT_APPLICABLE(unmapped)	CHEBI:75213	OK	high	The stated dihydrate is an established form of sodium molybdate; known hydrates are dihydrate; decahydrate. No exact MIM preferred-term row exists; this CultureMech-only label should be checked against its source recipe before ingestion.	1	NA	NOT_FOUND	NONE
CoCl2-6H2O	NOT_IN_MIM	NA	0	UNKNOWN	hexahydrate	monohydrate; dihydrate; tetrahydrate; hexahydrate	TRUE	NO_CAS_PROVIDED	7791-13-1	NOT_APPLICABLE(unmapped)	CHEBI:53503	OK	high	The stated hexahydrate is an established form of cobalt(II) chloride; known hydrates are monohydrate; dihydrate; tetrahydrate; hexahydrate. No exact MIM preferred-term row exists; this CultureMech-only label should be checked against its source recipe before ingestion.	1	NA	NOT_FOUND	NONE
NiCl2-6H2O	NOT_IN_MIM	NA	0	UNKNOWN	hexahydrate	monohydrate; dihydrate; tetrahydrate; hexahydrate; low-temperature heptahydrate	TRUE	NO_CAS_PROVIDED	7791-20-0	NOT_APPLICABLE(unmapped)	CHEBI:53542	OK	high	The stated hexahydrate is an established form of nickel(II) chloride; known hydrates are monohydrate; dihydrate; tetrahydrate; hexahydrate; low-temperature heptahydrate. No exact MIM preferred-term row exists; this CultureMech-only label should be checked against its source recipe before ingestion.	1	NA	NOT_FOUND	NONE
ZnSO4-7H2O	NOT_IN_MIM	NA	0	UNKNOWN	heptahydrate	monohydrate; tetrahydrate; hexahydrate; heptahydrate	TRUE	NO_CAS_PROVIDED	7446-20-0	NOT_APPLICABLE(unmapped)	CHEBI:32312	OK	high	The stated heptahydrate is an established form of zinc sulfate; known hydrates are monohydrate; tetrahydrate; hexahydrate; heptahydrate. No exact MIM preferred-term row exists; this CultureMech-only label should be checked against its source recipe before ingestion.	1	NA	NOT_FOUND	NONE
CuCl2-2H2O	NOT_IN_MIM	NA	0	UNKNOWN	dihydrate	monohydrate (reported); dihydrate	TRUE	NO_CAS_PROVIDED	10125-13-0	NOT_APPLICABLE(unmapped)	CHEBI:86318	OK	high	The stated dihydrate is an established form of copper(II) chloride; known hydrates are monohydrate (reported); dihydrate. No exact MIM preferred-term row exists; this CultureMech-only label should be checked against its source recipe before ingestion.	1	NA	NOT_FOUND	NONE
Fe2(SO4)3·6H2O	NOT_IN_MIM	NA	0	UNKNOWN	hexahydrate	trihydrate; hexahydrate; heptahydrate; nonahydrate; decahydrate; dodecahydrate	TRUE	NO_CAS_PROVIDED	UNKNOWN	NOT_APPLICABLE(unmapped)	UNKNOWN	OK	high	The stated hexahydrate is an established form of iron(III) sulfate; known hydrates are trihydrate; hexahydrate; heptahydrate; nonahydrate; decahydrate; dodecahydrate. No exact MIM preferred-term row exists; this CultureMech-only label should be checked against its source recipe before ingestion.	1	NA	NOT_FOUND	NONE
0.5% MgSO4·7H2O solution	NOT_IN_MIM	NA	0	UNKNOWN	heptahydrate	monohydrate; dihydrate; tetrahydrate; pentahydrate; hexahydrate; heptahydrate; undecahydrate	TRUE	NO_CAS_PROVIDED	10034-99-8	NOT_APPLICABLE(unmapped)	CHEBI:31795	OK	high	The stated heptahydrate is an established form of magnesium sulfate; known hydrates are monohydrate; dihydrate; tetrahydrate; pentahydrate; hexahydrate; heptahydrate; undecahydrate. No exact MIM preferred-term row exists; this CultureMech-only label should be checked against its source recipe before ingestion.	1	NA	NOT_FOUND	NONE
Na2EDTA · 2H2O	NOT_IN_MIM	NA	0	UNKNOWN	dihydrate	dihydrate	TRUE	NO_CAS_PROVIDED	6381-92-6	NOT_APPLICABLE(unmapped)	CHEBI:64758	OK	high	The stated dihydrate is an established form of disodium EDTA; known hydrates are dihydrate. No exact MIM preferred-term row exists; this CultureMech-only label should be checked against its source recipe before ingestion.	1	NA	NOT_FOUND	NONE
MnSO4 · 5H2O 1 )	NOT_IN_MIM	NA	0	UNKNOWN	pentahydrate	monohydrate; dihydrate; tetrahydrate; pentahydrate; hexahydrate; heptahydrate	TRUE	NO_CAS_PROVIDED	13465-27-5	NOT_APPLICABLE(unmapped)	CHEBI:131524	OK	high	The stated pentahydrate is an established form of manganese(II) sulfate; known hydrates are monohydrate; dihydrate; tetrahydrate; pentahydrate; hexahydrate; heptahydrate. No exact MIM preferred-term row exists; this CultureMech-only label should be checked against its source recipe before ingestion.	1	NA	NOT_FOUND	NONE
Na2MO4.2H2O	NOT_IN_MIM	NA	0	UNKNOWN	dihydrate	none known for formula as written	FALSE	NO_CAS_PROVIDED	UNKNOWN	NOT_APPLICABLE(unmapped)	UNKNOWN	NEEDS_SOURCE	high	The molybdate formula is malformed; Na2MoO4 dihydrate is likely intended. No exact MIM preferred-term row exists; this CultureMech-only label should be checked against its source recipe before ingestion. Exact-label downstream presence was confirmed in kg-microbe transformed MediaDive exports; no downstream file was changed.	1	NA	NOT_FOUND	CULTUREMECH
(NH4)6Mo7O4·4H2O	NOT_IN_MIM	NA	0	UNKNOWN	tetrahydrate	none known for formula as written	FALSE	NO_CAS_PROVIDED	UNKNOWN	NOT_APPLICABLE(unmapped)	UNKNOWN	NEEDS_SOURCE	high	The ammonium heptamolybdate formula is malformed; (NH4)6Mo7O24 tetrahydrate is likely intended. No exact MIM preferred-term row exists; this CultureMech-only label should be checked against its source recipe before ingestion.	1	NA	NOT_FOUND	CULTUREMECH
MnCl2・6H2O	NOT_IN_MIM	NA	0	UNKNOWN	hexahydrate	monohydrate; dihydrate; tetrahydrate	FALSE	NO_CAS_PROVIDED	UNKNOWN	NOT_APPLICABLE(unmapped)	UNKNOWN	NEEDS_SOURCE	high	No stable hexahydrate of manganese(II) chloride is established; known hydrate forms are monohydrate; dihydrate; tetrahydrate. No exact MIM preferred-term row exists; this CultureMech-only label should be checked against its source recipe before ingestion.	1	NA	NOT_FOUND	CULTUREMECH
Na2MoO4 x2H2O (1 mg/ml)	NOT_IN_MIM	NA	0	UNKNOWN	dihydrate	dihydrate; decahydrate	TRUE	NO_CAS_PROVIDED	10102-40-6	NOT_APPLICABLE(unmapped)	CHEBI:75213	OK	high	The stated dihydrate is an established form of sodium molybdate; known hydrates are dihydrate; decahydrate. No exact MIM preferred-term row exists; this CultureMech-only label should be checked against its source recipe before ingestion.	1	NA	NOT_FOUND	NONE
MnCl2 x4H2O (10 mg/ml)	NOT_IN_MIM	NA	0	UNKNOWN	tetrahydrate	monohydrate; dihydrate; tetrahydrate	TRUE	NO_CAS_PROVIDED	13446-34-9	NOT_APPLICABLE(unmapped)	CHEBI:86368	OK	high	The stated tetrahydrate is an established form of manganese(II) chloride; known hydrates are monohydrate; dihydrate; tetrahydrate. No exact MIM preferred-term row exists; this CultureMech-only label should be checked against its source recipe before ingestion.	1	NA	NOT_FOUND	NONE
ZnSO4 x7H2O (10 mg/ml)	NOT_IN_MIM	NA	0	UNKNOWN	heptahydrate	monohydrate; tetrahydrate; hexahydrate; heptahydrate	TRUE	NO_CAS_PROVIDED	7446-20-0	NOT_APPLICABLE(unmapped)	CHEBI:32312	OK	high	The stated heptahydrate is an established form of zinc sulfate; known hydrates are monohydrate; tetrahydrate; hexahydrate; heptahydrate. No exact MIM preferred-term row exists; this CultureMech-only label should be checked against its source recipe before ingestion.	1	NA	NOT_FOUND	NONE
CuCl2 x2H2O (10 mg/ml)	NOT_IN_MIM	NA	0	UNKNOWN	dihydrate	monohydrate (reported); dihydrate	TRUE	NO_CAS_PROVIDED	10125-13-0	NOT_APPLICABLE(unmapped)	CHEBI:86318	OK	high	The stated dihydrate is an established form of copper(II) chloride; known hydrates are monohydrate (reported); dihydrate. No exact MIM preferred-term row exists; this CultureMech-only label should be checked against its source recipe before ingestion.	1	NA	NOT_FOUND	NONE
CoSO4 x7H2O (1 mg/ml)	NOT_IN_MIM	NA	0	UNKNOWN	heptahydrate	monohydrate; hexahydrate; heptahydrate	TRUE	NO_CAS_PROVIDED	10026-24-1	NOT_APPLICABLE(unmapped)	CHEBI:91244	OK	high	The stated heptahydrate is an established form of cobalt(II) sulfate; known hydrates are monohydrate; hexahydrate; heptahydrate. No exact MIM preferred-term row exists; this CultureMech-only label should be checked against its source recipe before ingestion.	1	NA	NOT_FOUND	NONE
Na2B4O7 x 10 H2O (25 mg/ml)	NOT_IN_MIM	NA	0	UNKNOWN	decahydrate	decahydrate	TRUE	NO_CAS_PROVIDED	1303-96-4	NOT_APPLICABLE(unmapped)	CHEBI:131366	OK	high	The stated decahydrate is an established form of disodium tetraborate; known hydrates are decahydrate. No exact MIM preferred-term row exists; this CultureMech-only label should be checked against its source recipe before ingestion.	1	NA	NOT_FOUND	NONE
VOSO4 x5H2O (1 mg/ml)	NOT_IN_MIM	NA	0	UNKNOWN	pentahydrate	monohydrate; dihydrate; trihydrate; pentahydrate	TRUE	NO_CAS_PROVIDED	14708-82-8	NOT_APPLICABLE(unmapped)	CHEBI:132758	OK	high	The stated pentahydrate is an established form of vanadyl sulfate; known hydrates are monohydrate; dihydrate; trihydrate; pentahydrate. No exact MIM preferred-term row exists; this CultureMech-only label should be checked against its source recipe before ingestion.	1	NA	NOT_FOUND	NONE
Distilled H2O	NOT_IN_MIM	NA	0	UNKNOWN	not applicable (not a hydrate label)	not applicable	TRUE	NO_CAS_PROVIDED	UNKNOWN	NOT_APPLICABLE(unmapped)	UNKNOWN	OK	high	Corpus-screening false positive: this is water or a dehydrated-medium product name, not a salt hydrate; no hydrate identity should be inferred. No exact MIM preferred-term row exists; this CultureMech-only label should be checked against its source recipe before ingestion.	1	NA	NOT_FOUND	NONE
Na2Sx6H2O	NOT_IN_MIM	NA	0	UNKNOWN	hexahydrate	dihydrate; pentahydrate; nonahydrate	FALSE	NO_CAS_PROVIDED	UNKNOWN	NOT_APPLICABLE(unmapped)	UNKNOWN	NEEDS_SOURCE	high	No stable hexahydrate of sodium sulfide is established; known hydrate forms are dihydrate; pentahydrate; nonahydrate. No exact MIM preferred-term row exists; this CultureMech-only label should be checked against its source recipe before ingestion.	1	NA	NOT_FOUND	CULTUREMECH
CoCI2.6H2O	NOT_IN_MIM	NA	0	UNKNOWN	hexahydrate	monohydrate; dihydrate; tetrahydrate; hexahydrate	TRUE	NO_CAS_PROVIDED	7791-13-1	NOT_APPLICABLE(unmapped)	CHEBI:53503	OK	high	The stated hexahydrate is an established form of cobalt(II) chloride; known hydrates are monohydrate; dihydrate; tetrahydrate; hexahydrate. No exact MIM preferred-term row exists; this CultureMech-only label should be checked against its source recipe before ingestion.	1	NA	NOT_FOUND	NONE
NiCI2.6H2O	NOT_IN_MIM	NA	0	UNKNOWN	hexahydrate	monohydrate; dihydrate; tetrahydrate; hexahydrate; low-temperature heptahydrate	TRUE	NO_CAS_PROVIDED	7791-20-0	NOT_APPLICABLE(unmapped)	CHEBI:53542	OK	high	The stated hexahydrate is an established form of nickel(II) chloride; known hydrates are monohydrate; dihydrate; tetrahydrate; hexahydrate; low-temperature heptahydrate. No exact MIM preferred-term row exists; this CultureMech-only label should be checked against its source recipe before ingestion.	1	NA	NOT_FOUND	NONE
Dehydrated Wilkins-Chalgren medium (Oxoid CM0643)	NOT_IN_MIM	NA	0	UNKNOWN	not applicable (not a hydrate label)	not applicable	TRUE	NO_CAS_PROVIDED	UNKNOWN	NOT_APPLICABLE(unmapped)	UNKNOWN	OK	high	Corpus-screening false positive: this is water or a dehydrated-medium product name, not a salt hydrate; no hydrate identity should be inferred. No exact MIM preferred-term row exists; this CultureMech-only label should be checked against its source recipe before ingestion.	1	NA	NOT_FOUND	NONE
NiCl2·2H2O	NOT_IN_MIM	NA	0	UNKNOWN	dihydrate	monohydrate; dihydrate; tetrahydrate; hexahydrate; low-temperature heptahydrate	TRUE	NO_CAS_PROVIDED	17638-48-1	NOT_APPLICABLE(unmapped)	kgmicrobe.compound:nicl2_x_2_h2o	OK	high	The stated dihydrate is an established form of nickel(II) chloride; known hydrates are monohydrate; dihydrate; tetrahydrate; hexahydrate; low-temperature heptahydrate. No exact MIM preferred-term row exists; this CultureMech-only label should be checked against its source recipe before ingestion.	1	NA	NOT_FOUND	NONE
Ni2SO4 ⋅ 6H2O	NOT_IN_MIM	NA	0	UNKNOWN	hexahydrate	none known for formula as written	FALSE	NO_CAS_PROVIDED	UNKNOWN	NOT_APPLICABLE(unmapped)	UNKNOWN	NEEDS_SOURCE	high	Ni2SO4 has incorrect salt stoichiometry; NiSO4 hexahydrate is likely intended. No exact MIM preferred-term row exists; this CultureMech-only label should be checked against its source recipe before ingestion.	1	NA	NOT_FOUND	CULTUREMECH
CaCl・2H2O	NOT_IN_MIM	NA	0	UNKNOWN	dihydrate	none known for formula as written	FALSE	NO_CAS_PROVIDED	UNKNOWN	NOT_APPLICABLE(unmapped)	UNKNOWN	NEEDS_SOURCE	high	CaCl is charge-imbalanced; CaCl2 dihydrate is the likely intended reagent. No exact MIM preferred-term row exists; this CultureMech-only label should be checked against its source recipe before ingestion.	1	NA	NOT_FOUND	CULTUREMECH
Cysteine hydrochloride hydrate	NOT_IN_MIM	NA	0	UNKNOWN	hydrate (unspecified stoichiometry)	monohydrate	UNSPECIFIED	NO_CAS_PROVIDED	UNKNOWN	NOT_APPLICABLE(unmapped)	UNKNOWN	NEEDS_SOURCE	low	The label does not establish a unique water stoichiometry for L-cysteine hydrochloride; the original recipe or registry record is required. No exact MIM preferred-term row exists; this CultureMech-only label should be checked against its source recipe before ingestion.	1	NA	NOT_FOUND	CULTUREMECH
MgCl2·6 H2O	NOT_IN_MIM	NA	0	UNKNOWN	hexahydrate	monohydrate; dihydrate; tetrahydrate; hexahydrate; octahydrate; dodecahydrate	TRUE	NO_CAS_PROVIDED	7791-18-6	NOT_APPLICABLE(unmapped)	CHEBI:86345	OK	high	The stated hexahydrate is an established form of magnesium chloride; known hydrates are monohydrate; dihydrate; tetrahydrate; hexahydrate; octahydrate; dodecahydrate. No exact MIM preferred-term row exists; this CultureMech-only label should be checked against its source recipe before ingestion.	1	NA	NOT_FOUND	NONE
FeSO4·6H2O	NOT_IN_MIM	NA	0	UNKNOWN	hexahydrate	monohydrate; tetrahydrate; pentahydrate; hexahydrate; heptahydrate	TRUE	NO_CAS_PROVIDED	UNKNOWN	NOT_APPLICABLE(unmapped)	none exists	MINT	high	The stated hexahydrate is an established form of iron(II) sulfate; known hydrates are monohydrate; tetrahydrate; pentahydrate; hexahydrate; heptahydrate. No exact MIM preferred-term row exists; this CultureMech-only label should be checked against its source recipe before ingestion.	1	NA	NOT_FOUND	MIM
CuSO4 . 2H2O	NOT_IN_MIM	NA	0	UNKNOWN	dihydrate	monohydrate; trihydrate; pentahydrate; heptahydrate	FALSE	NO_CAS_PROVIDED	UNKNOWN	NOT_APPLICABLE(unmapped)	UNKNOWN	NEEDS_SOURCE	high	No stable dihydrate of copper(II) sulfate is established; known hydrate forms are monohydrate; trihydrate; pentahydrate; heptahydrate. No exact MIM preferred-term row exists; this CultureMech-only label should be checked against its source recipe before ingestion. Exact-label downstream presence was confirmed in kg-microbe transformed MediaDive exports; no downstream file was changed.	1	NA	NOT_FOUND	CULTUREMECH
L-Cysteine . HCl . H2O	NOT_IN_MIM	NA	0	UNKNOWN	monohydrate	monohydrate	TRUE	NO_CAS_PROVIDED	7048-04-6	NOT_APPLICABLE(unmapped)	CHEBI:91248	OK	high	The stated monohydrate is an established form of L-cysteine hydrochloride; known hydrates are monohydrate. No exact MIM preferred-term row exists; this CultureMech-only label should be checked against its source recipe before ingestion.	1	NA	NOT_FOUND	NONE
CaSO4 · 2 H2O	NOT_IN_MIM	NA	0	UNKNOWN	dihydrate	hemihydrate; dihydrate	TRUE	NO_CAS_PROVIDED	10101-41-4	NOT_APPLICABLE(unmapped)	CHEBI:32583	OK	high	The stated dihydrate is an established form of calcium sulfate; known hydrates are hemihydrate; dihydrate. No exact MIM preferred-term row exists; this CultureMech-only label should be checked against its source recipe before ingestion.	1	NA	NOT_FOUND	NONE
Na2MoO4.H2O	NOT_IN_MIM	NA	0	UNKNOWN	monohydrate	dihydrate; decahydrate	FALSE	NO_CAS_PROVIDED	UNKNOWN	NOT_APPLICABLE(unmapped)	UNKNOWN	NEEDS_SOURCE	high	No stable monohydrate of sodium molybdate is established; known hydrate forms are dihydrate; decahydrate. No exact MIM preferred-term row exists; this CultureMech-only label should be checked against its source recipe before ingestion. Exact-label downstream presence was confirmed in kg-microbe transformed MediaDive exports; no downstream file was changed.	1	NA	NOT_FOUND	CULTUREMECH
NiCl2 · 6H2O	NOT_IN_MIM	NA	0	UNKNOWN	hexahydrate	monohydrate; dihydrate; tetrahydrate; hexahydrate; low-temperature heptahydrate	TRUE	NO_CAS_PROVIDED	7791-20-0	NOT_APPLICABLE(unmapped)	CHEBI:53542	OK	high	The stated hexahydrate is an established form of nickel(II) chloride; known hydrates are monohydrate; dihydrate; tetrahydrate; hexahydrate; low-temperature heptahydrate. No exact MIM preferred-term row exists; this CultureMech-only label should be checked against its source recipe before ingestion.	1	NA	NOT_FOUND	NONE
0.2% Fe(NH4)2(SO4)2・6H2O (in 0.037% HCl)	NOT_IN_MIM	NA	0	UNKNOWN	hexahydrate	hexahydrate; heptahydrate reported but uncertain	TRUE	NO_CAS_PROVIDED	7783-85-9	NOT_APPLICABLE(unmapped)	CHEBI:76181	OK	high	The stated hexahydrate is an established form of ferrous ammonium sulfate; known hydrates are hexahydrate; heptahydrate reported but uncertain. No exact MIM preferred-term row exists; this CultureMech-only label should be checked against its source recipe before ingestion.	1	NA	NOT_FOUND	NONE
4.8% KAl(SO4)2・12H2O solution	NOT_IN_MIM	NA	0	UNKNOWN	dodecahydrate	dodecahydrate	TRUE	NO_CAS_PROVIDED	7784-24-9	NOT_APPLICABLE(unmapped)	CHEBI:86465	OK	high	The stated dodecahydrate is an established form of potassium aluminium sulfate; known hydrates are dodecahydrate. No exact MIM preferred-term row exists; this CultureMech-only label should be checked against its source recipe before ingestion.	1	NA	NOT_FOUND	NONE
K2HPO4・3H2O	NOT_IN_MIM	NA	0	UNKNOWN	trihydrate	trihydrate; hexahydrate	TRUE	NO_CAS_PROVIDED	16788-57-1	NOT_APPLICABLE(unmapped)	cas:16788-57-1	OK	high	The stated trihydrate is an established form of dipotassium hydrogenphosphate; known hydrates are trihydrate; hexahydrate. No exact MIM preferred-term row exists; this CultureMech-only label should be checked against its source recipe before ingestion.	1	NA	NOT_FOUND	NONE
10% MgCl2·6H2O solution	NOT_IN_MIM	NA	0	UNKNOWN	hexahydrate	monohydrate; dihydrate; tetrahydrate; hexahydrate; octahydrate; dodecahydrate	TRUE	NO_CAS_PROVIDED	7791-18-6	NOT_APPLICABLE(unmapped)	CHEBI:86345	OK	high	The stated hexahydrate is an established form of magnesium chloride; known hydrates are monohydrate; dihydrate; tetrahydrate; hexahydrate; octahydrate; dodecahydrate. No exact MIM preferred-term row exists; this CultureMech-only label should be checked against its source recipe before ingestion.	1	NA	NOT_FOUND	NONE
FeSO4(NH4)2SO4.6H2O	NOT_IN_MIM	NA	0	UNKNOWN	hexahydrate	hexahydrate; heptahydrate reported but uncertain	TRUE	NO_CAS_PROVIDED	7783-85-9	NOT_APPLICABLE(unmapped)	CHEBI:76181	OK	high	The stated hexahydrate is an established form of ferrous ammonium sulfate; known hydrates are hexahydrate; heptahydrate reported but uncertain. No exact MIM preferred-term row exists; this CultureMech-only label should be checked against its source recipe before ingestion.	1	NA	NOT_FOUND	NONE
FeCl3·6H2O solution	NOT_IN_MIM	NA	0	UNKNOWN	hexahydrate	hexahydrate	TRUE	NO_CAS_PROVIDED	10025-77-1	NOT_APPLICABLE(unmapped)	CHEBI:86254	OK	high	The stated hexahydrate is an established form of iron(III) chloride; known hydrates are hexahydrate. No exact MIM preferred-term row exists; this CultureMech-only label should be checked against its source recipe before ingestion.	1	NA	NOT_FOUND	NONE
3% Na2S・9H2O solution (neutralized)	NOT_IN_MIM	NA	0	UNKNOWN	nonahydrate	dihydrate; pentahydrate; nonahydrate	TRUE	NO_CAS_PROVIDED	1313-84-4	NOT_APPLICABLE(unmapped)	CHEBI:76209	OK	high	The stated nonahydrate is an established form of sodium sulfide; known hydrates are dihydrate; pentahydrate; nonahydrate. No exact MIM preferred-term row exists; this CultureMech-only label should be checked against its source recipe before ingestion.	1	NA	NOT_FOUND	NONE
Fe(SO4)2(NH4Cl)2⋅6H2O	NOT_IN_MIM	NA	0	UNKNOWN	hexahydrate	none known for formula as written	FALSE	NO_CAS_PROVIDED	UNKNOWN	NOT_APPLICABLE(unmapped)	UNKNOWN	NEEDS_SOURCE	high	The Mohr-salt formula is malformed; (NH4)2Fe(SO4)2 hexahydrate is likely intended. No exact MIM preferred-term row exists; this CultureMech-only label should be checked against its source recipe before ingestion.	1	NA	NOT_FOUND	CULTUREMECH
Manganous sulfate tetrahydrate	NOT_IN_MIM	NA	0	UNKNOWN	tetrahydrate	monohydrate; dihydrate; tetrahydrate; pentahydrate; hexahydrate; heptahydrate	TRUE	NO_CAS_PROVIDED	10101-68-5	NOT_APPLICABLE(unmapped)	CHEBI:86358	OK	high	The stated tetrahydrate is an established form of manganese(II) sulfate; known hydrates are monohydrate; dihydrate; tetrahydrate; pentahydrate; hexahydrate; heptahydrate. No exact MIM preferred-term row exists; this CultureMech-only label should be checked against its source recipe before ingestion.	1	NA	NOT_FOUND	NONE
Fe(SO4)3・xH2O	NOT_IN_MIM	NA	0	UNKNOWN	hydrate (unspecified stoichiometry)	none known for formula as written	FALSE	NO_CAS_PROVIDED	UNKNOWN	NOT_APPLICABLE(unmapped)	UNKNOWN	NEEDS_SOURCE	high	Fe(SO4)3 is charge-imbalanced; Fe2(SO4)3 hydrate is likely intended. No exact MIM preferred-term row exists; this CultureMech-only label should be checked against its source recipe before ingestion.	1	NA	NOT_FOUND	CULTUREMECH
Mg2SO4.7H2O	NOT_IN_MIM	NA	0	UNKNOWN	heptahydrate	none known for formula as written	FALSE	NO_CAS_PROVIDED	UNKNOWN	NOT_APPLICABLE(unmapped)	UNKNOWN	NEEDS_SOURCE	high	Mg2SO4 has incorrect salt stoichiometry; MgSO4 heptahydrate is likely intended. No exact MIM preferred-term row exists; this CultureMech-only label should be checked against its source recipe before ingestion.	1	NA	NOT_FOUND	CULTUREMECH
K2HPO4 · 3 H2O	NOT_IN_MIM	NA	0	UNKNOWN	trihydrate	trihydrate; hexahydrate	TRUE	NO_CAS_PROVIDED	16788-57-1	NOT_APPLICABLE(unmapped)	cas:16788-57-1	OK	high	The stated trihydrate is an established form of dipotassium hydrogenphosphate; known hydrates are trihydrate; hexahydrate. No exact MIM preferred-term row exists; this CultureMech-only label should be checked against its source recipe before ingestion.	1	NA	NOT_FOUND	NONE
Na2SeO·5H2O	NOT_IN_MIM	NA	0	UNKNOWN	pentahydrate	none known for formula as written	FALSE	NO_CAS_PROVIDED	UNKNOWN	NOT_APPLICABLE(unmapped)	UNKNOWN	NEEDS_SOURCE	high	The selenite formula is malformed; Na2SeO3 pentahydrate is likely intended. No exact MIM preferred-term row exists; this CultureMech-only label should be checked against its source recipe before ingestion. Exact-label downstream presence was confirmed in kg-microbe transformed MediaDive exports; no downstream file was changed.	1	NA	NOT_FOUND	CULTUREMECH
Na2MoO4·4H2O	NOT_IN_MIM	NA	0	UNKNOWN	tetrahydrate	dihydrate; decahydrate	FALSE	NO_CAS_PROVIDED	UNKNOWN	NOT_APPLICABLE(unmapped)	UNKNOWN	NEEDS_SOURCE	high	No stable tetrahydrate of sodium molybdate is established; known hydrate forms are dihydrate; decahydrate. No exact MIM preferred-term row exists; this CultureMech-only label should be checked against its source recipe before ingestion.	1	NA	NOT_FOUND	CULTUREMECH
0.01 M FeSO4·5H2Osolution (in 0.02 N HCl)	NOT_IN_MIM	NA	0	UNKNOWN	pentahydrate	monohydrate; tetrahydrate; pentahydrate; hexahydrate; heptahydrate	TRUE	NO_CAS_PROVIDED	UNKNOWN	NOT_APPLICABLE(unmapped)	none exists	MINT	high	The stated pentahydrate is an established form of iron(II) sulfate; known hydrates are monohydrate; tetrahydrate; pentahydrate; hexahydrate; heptahydrate. No exact MIM preferred-term row exists; this CultureMech-only label should be checked against its source recipe before ingestion.	1	NA	NOT_FOUND	MIM
ZnCl2·2H2O	NOT_IN_MIM	NA	0	UNKNOWN	dihydrate	several hydrates reported; exact stable stoichiometry unresolved here	UNCERTAIN	NO_CAS_PROVIDED	UNKNOWN	NOT_APPLICABLE(unmapped)	UNKNOWN	NEEDS_SOURCE	medium	The exact dihydrate of zinc chloride could not be settled confidently from established phase evidence; retain UNKNOWN pending the source. No exact MIM preferred-term row exists; this CultureMech-only label should be checked against its source recipe before ingestion.	1	NA	NOT_FOUND	CULTUREMECH
Na2S . 9H2O (2.5%)	NOT_IN_MIM	NA	0	UNKNOWN	nonahydrate	dihydrate; pentahydrate; nonahydrate	TRUE	NO_CAS_PROVIDED	1313-84-4	NOT_APPLICABLE(unmapped)	CHEBI:76209	OK	high	The stated nonahydrate is an established form of sodium sulfide; known hydrates are dihydrate; pentahydrate; nonahydrate. No exact MIM preferred-term row exists; this CultureMech-only label should be checked against its source recipe before ingestion.	1	NA	NOT_FOUND	NONE
MgSO4 . 2H2O	NOT_IN_MIM	NA	0	UNKNOWN	dihydrate	monohydrate; dihydrate; tetrahydrate; pentahydrate; hexahydrate; heptahydrate; undecahydrate	TRUE	NO_CAS_PROVIDED	UNKNOWN	NOT_APPLICABLE(unmapped)	UNKNOWN	OK	high	The stated dihydrate is an established form of magnesium sulfate; known hydrates are monohydrate; dihydrate; tetrahydrate; pentahydrate; hexahydrate; heptahydrate; undecahydrate. No exact MIM preferred-term row exists; this CultureMech-only label should be checked against its source recipe before ingestion.	1	NA	NOT_FOUND	NONE
NiSO4 . 6H2O	NOT_IN_MIM	NA	0	UNKNOWN	hexahydrate	hexahydrate; heptahydrate	TRUE	NO_CAS_PROVIDED	10101-97-0	NOT_APPLICABLE(unmapped)	CHEBI:53437	OK	high	The stated hexahydrate is an established form of nickel(II) sulfate; known hydrates are hexahydrate; heptahydrate. No exact MIM preferred-term row exists; this CultureMech-only label should be checked against its source recipe before ingestion.	1	NA	NOT_FOUND	NONE
MnSO4 . 5H2O	NOT_IN_MIM	NA	0	UNKNOWN	pentahydrate	monohydrate; dihydrate; tetrahydrate; pentahydrate; hexahydrate; heptahydrate	TRUE	NO_CAS_PROVIDED	13465-27-5	NOT_APPLICABLE(unmapped)	CHEBI:131524	OK	high	The stated pentahydrate is an established form of manganese(II) sulfate; known hydrates are monohydrate; dihydrate; tetrahydrate; pentahydrate; hexahydrate; heptahydrate. No exact MIM preferred-term row exists; this CultureMech-only label should be checked against its source recipe before ingestion.	1	NA	NOT_FOUND	NONE
Na2EDTA . 2H2O	NOT_IN_MIM	NA	0	UNKNOWN	dihydrate	dihydrate	TRUE	NO_CAS_PROVIDED	6381-92-6	NOT_APPLICABLE(unmapped)	CHEBI:64758	OK	high	The stated dihydrate is an established form of disodium EDTA; known hydrates are dihydrate. No exact MIM preferred-term row exists; this CultureMech-only label should be checked against its source recipe before ingestion.	1	NA	NOT_FOUND	NONE
3.0% L--Cysteine・HCl・H2O solution	NOT_IN_MIM	NA	0	UNKNOWN	monohydrate	monohydrate	TRUE	NO_CAS_PROVIDED	7048-04-6	NOT_APPLICABLE(unmapped)	CHEBI:91248	OK	high	The stated monohydrate is an established form of L-cysteine hydrochloride; known hydrates are monohydrate. No exact MIM preferred-term row exists; this CultureMech-only label should be checked against its source recipe before ingestion.	1	NA	NOT_FOUND	NONE
NaH2PO4·H2O	NOT_IN_MIM	NA	0	UNKNOWN	monohydrate	monohydrate; dihydrate	TRUE	NO_CAS_PROVIDED	10049-21-5	NOT_APPLICABLE(unmapped)	CHEBI:114249	OK	high	The stated monohydrate is an established form of sodium dihydrogenphosphate; known hydrates are monohydrate; dihydrate. No exact MIM preferred-term row exists; this CultureMech-only label should be checked against its source recipe before ingestion.	1	NA	NOT_FOUND	NONE
Na2S・9H2O(final conc.)	NOT_IN_MIM	NA	0	UNKNOWN	nonahydrate	dihydrate; pentahydrate; nonahydrate	TRUE	NO_CAS_PROVIDED	1313-84-4	NOT_APPLICABLE(unmapped)	CHEBI:76209	OK	high	The stated nonahydrate is an established form of sodium sulfide; known hydrates are dihydrate; pentahydrate; nonahydrate. No exact MIM preferred-term row exists; this CultureMech-only label should be checked against its source recipe before ingestion.	1	NA	NOT_FOUND	NONE
(NH4)6MoO24・4H2O	NOT_IN_MIM	NA	0	UNKNOWN	tetrahydrate	none known for formula as written	FALSE	NO_CAS_PROVIDED	UNKNOWN	NOT_APPLICABLE(unmapped)	UNKNOWN	NEEDS_SOURCE	high	The ammonium heptamolybdate formula is malformed; (NH4)6Mo7O24 tetrahydrate is likely intended. No exact MIM preferred-term row exists; this CultureMech-only label should be checked against its source recipe before ingestion.	1	NA	NOT_FOUND	CULTUREMECH
Fe2(SO4)3・nH2O	NOT_IN_MIM	NA	0	UNKNOWN	hydrate (unspecified stoichiometry)	trihydrate; hexahydrate; heptahydrate; nonahydrate; decahydrate; dodecahydrate	UNSPECIFIED	NO_CAS_PROVIDED	UNKNOWN	NOT_APPLICABLE(unmapped)	UNKNOWN	NEEDS_SOURCE	low	The label does not establish a unique water stoichiometry for iron(III) sulfate; the original recipe or registry record is required. No exact MIM preferred-term row exists; this CultureMech-only label should be checked against its source recipe before ingestion.	1	NA	NOT_FOUND	CULTUREMECH
NiCl2・5H2O	NOT_IN_MIM	NA	0	UNKNOWN	pentahydrate	monohydrate; dihydrate; tetrahydrate; hexahydrate; low-temperature heptahydrate	FALSE	NO_CAS_PROVIDED	UNKNOWN	NOT_APPLICABLE(unmapped)	UNKNOWN	NEEDS_SOURCE	high	No stable pentahydrate of nickel(II) chloride is established; known hydrate forms are monohydrate; dihydrate; tetrahydrate; hexahydrate; low-temperature heptahydrate. No exact MIM preferred-term row exists; this CultureMech-only label should be checked against its source recipe before ingestion. Exact-label downstream presence was confirmed in kg-microbe transformed MediaDive exports; no downstream file was changed.	1	NA	NOT_FOUND	CULTUREMECH
NaH2PO4·2H2O	NOT_IN_MIM	NA	0	UNKNOWN	dihydrate	monohydrate; dihydrate	TRUE	NO_CAS_PROVIDED	13472-35-0	NOT_APPLICABLE(unmapped)	kgmicrobe.compound:nah2po4_x_2_h2o	OK	high	The stated dihydrate is an established form of sodium dihydrogenphosphate; known hydrates are monohydrate; dihydrate. No exact MIM preferred-term row exists; this CultureMech-only label should be checked against its source recipe before ingestion.	1	NA	NOT_FOUND	NONE
0.002% CuCl2·2H2O solution	NOT_IN_MIM	NA	0	UNKNOWN	dihydrate	monohydrate (reported); dihydrate	TRUE	NO_CAS_PROVIDED	10125-13-0	NOT_APPLICABLE(unmapped)	CHEBI:86318	OK	high	The stated dihydrate is an established form of copper(II) chloride; known hydrates are monohydrate (reported); dihydrate. No exact MIM preferred-term row exists; this CultureMech-only label should be checked against its source recipe before ingestion.	1	NA	NOT_FOUND	NONE
Fe(SO4)2(NH4)2·6H2O	NOT_IN_MIM	NA	0	UNKNOWN	hexahydrate	hexahydrate; heptahydrate reported but uncertain	TRUE	NO_CAS_PROVIDED	7783-85-9	NOT_APPLICABLE(unmapped)	CHEBI:76181	OK	high	The stated hexahydrate is an established form of ferrous ammonium sulfate; known hydrates are hexahydrate; heptahydrate reported but uncertain. No exact MIM preferred-term row exists; this CultureMech-only label should be checked against its source recipe before ingestion.	1	NA	NOT_FOUND	NONE
AlK(SO4)2·12H2O	NOT_IN_MIM	NA	0	UNKNOWN	dodecahydrate	dodecahydrate	TRUE	NO_CAS_PROVIDED	7784-24-9	NOT_APPLICABLE(unmapped)	CHEBI:86465	OK	high	The stated dodecahydrate is an established form of potassium aluminium sulfate; known hydrates are dodecahydrate. No exact MIM preferred-term row exists; this CultureMech-only label should be checked against its source recipe before ingestion.	1	NA	NOT_FOUND	NONE
Na2MnO4·2H2O	NOT_IN_MIM	NA	0	UNKNOWN	dihydrate	hydrate stoichiometry unresolved here	UNCERTAIN	NO_CAS_PROVIDED	UNKNOWN	NOT_APPLICABLE(unmapped)	UNKNOWN	NEEDS_SOURCE	medium	The exact dihydrate of sodium manganate could not be settled confidently from established phase evidence; retain UNKNOWN pending the source. No exact MIM preferred-term row exists; this CultureMech-only label should be checked against its source recipe before ingestion.	1	NA	NOT_FOUND	CULTUREMECH
Sodium acetate·6H2O	NOT_IN_MIM	NA	0	UNKNOWN	hexahydrate	trihydrate	FALSE	NO_CAS_PROVIDED	UNKNOWN	NOT_APPLICABLE(unmapped)	UNKNOWN	NEEDS_SOURCE	high	No stable hexahydrate of sodium acetate is established; known hydrate forms are trihydrate. No exact MIM preferred-term row exists; this CultureMech-only label should be checked against its source recipe before ingestion.	1	NA	NOT_FOUND	CULTUREMECH
NaVO3 . nH2O (meta)	NOT_IN_MIM	NA	0	UNKNOWN	hydrate (unspecified stoichiometry)	monohydrate	UNSPECIFIED	NO_CAS_PROVIDED	UNKNOWN	NOT_APPLICABLE(unmapped)	UNKNOWN	NEEDS_SOURCE	low	The label does not establish a unique water stoichiometry for sodium metavanadate; the original recipe or registry record is required. No exact MIM preferred-term row exists; this CultureMech-only label should be checked against its source recipe before ingestion.	1	NA	NOT_FOUND	CULTUREMECH
FeCl3.6H2O	NOT_IN_MIM	NA	0	UNKNOWN	hexahydrate	hexahydrate	TRUE	NO_CAS_PROVIDED	10025-77-1	NOT_APPLICABLE(unmapped)	CHEBI:86254	OK	high	The stated hexahydrate is an established form of iron(III) chloride; known hydrates are hexahydrate. No exact MIM preferred-term row exists; this CultureMech-only label should be checked against its source recipe before ingestion.	1	NA	NOT_FOUND	NONE
NaSeO3·5H2O	NOT_IN_MIM	NA	0	UNKNOWN	pentahydrate	none known for formula as written	FALSE	NO_CAS_PROVIDED	UNKNOWN	NOT_APPLICABLE(unmapped)	UNKNOWN	NEEDS_SOURCE	high	The selenite formula is malformed; Na2SeO3 pentahydrate is likely intended. No exact MIM preferred-term row exists; this CultureMech-only label should be checked against its source recipe before ingestion. Exact-label downstream presence was confirmed in kg-microbe transformed MediaDive exports; no downstream file was changed.	1	NA	NOT_FOUND	CULTUREMECH
L-Cysteine-HCl·H2O	NOT_IN_MIM	NA	0	UNKNOWN	monohydrate	monohydrate	TRUE	NO_CAS_PROVIDED	7048-04-6	NOT_APPLICABLE(unmapped)	CHEBI:91248	OK	high	The stated monohydrate is an established form of L-cysteine hydrochloride; known hydrates are monohydrate. No exact MIM preferred-term row exists; this CultureMech-only label should be checked against its source recipe before ingestion.	1	NA	NOT_FOUND	NONE
CaCl2・6 H2O	NOT_IN_MIM	NA	0	UNKNOWN	hexahydrate	monohydrate; dihydrate; tetrahydrate; hexahydrate	TRUE	NO_CAS_PROVIDED	7774-34-7	NOT_APPLICABLE(unmapped)	CHEBI:91243	OK	high	The stated hexahydrate is an established form of calcium chloride; known hydrates are monohydrate; dihydrate; tetrahydrate; hexahydrate. No exact MIM preferred-term row exists; this CultureMech-only label should be checked against its source recipe before ingestion.	1	NA	NOT_FOUND	NONE
Na2-EDTA·2H2O	NOT_IN_MIM	NA	0	UNKNOWN	dihydrate	dihydrate	TRUE	NO_CAS_PROVIDED	6381-92-6	NOT_APPLICABLE(unmapped)	CHEBI:64758	OK	high	The stated dihydrate is an established form of disodium EDTA; known hydrates are dihydrate. No exact MIM preferred-term row exists; this CultureMech-only label should be checked against its source recipe before ingestion.	1	NA	NOT_FOUND	NONE
MQ H2O	NOT_IN_MIM	NA	0	UNKNOWN	not applicable (not a hydrate label)	not applicable	TRUE	NO_CAS_PROVIDED	UNKNOWN	NOT_APPLICABLE(unmapped)	UNKNOWN	OK	high	Corpus-screening false positive: this is water or a dehydrated-medium product name, not a salt hydrate; no hydrate identity should be inferred. No exact MIM preferred-term row exists; this CultureMech-only label should be checked against its source recipe before ingestion.	1	NA	NOT_FOUND	NONE
Na2S・9H2O (10%, w/v)	NOT_IN_MIM	NA	0	UNKNOWN	nonahydrate	dihydrate; pentahydrate; nonahydrate	TRUE	NO_CAS_PROVIDED	1313-84-4	NOT_APPLICABLE(unmapped)	CHEBI:76209	OK	high	The stated nonahydrate is an established form of sodium sulfide; known hydrates are dihydrate; pentahydrate; nonahydrate. No exact MIM preferred-term row exists; this CultureMech-only label should be checked against its source recipe before ingestion.	1	NA	NOT_FOUND	NONE
15% MgSO4・7H2O solution	NOT_IN_MIM	NA	0	UNKNOWN	heptahydrate	monohydrate; dihydrate; tetrahydrate; pentahydrate; hexahydrate; heptahydrate; undecahydrate	TRUE	NO_CAS_PROVIDED	10034-99-8	NOT_APPLICABLE(unmapped)	CHEBI:31795	OK	high	The stated heptahydrate is an established form of magnesium sulfate; known hydrates are monohydrate; dihydrate; tetrahydrate; pentahydrate; hexahydrate; heptahydrate; undecahydrate. No exact MIM preferred-term row exists; this CultureMech-only label should be checked against its source recipe before ingestion.	1	NA	NOT_FOUND	NONE
NaMoO4 · 2H2O	NOT_IN_MIM	NA	0	UNKNOWN	dihydrate	none known for formula as written	FALSE	NO_CAS_PROVIDED	UNKNOWN	NOT_APPLICABLE(unmapped)	UNKNOWN	NEEDS_SOURCE	high	The molybdate formula is malformed; Na2MoO4 dihydrate is likely intended. No exact MIM preferred-term row exists; this CultureMech-only label should be checked against its source recipe before ingestion. Exact-label downstream presence was confirmed in kg-microbe transformed MediaDive exports; no downstream file was changed.	1	NA	NOT_FOUND	CULTUREMECH
VOSO4 · 2 H2O	NOT_IN_MIM	NA	0	UNKNOWN	dihydrate	monohydrate; dihydrate; trihydrate; pentahydrate	TRUE	NO_CAS_PROVIDED	UNKNOWN	NOT_APPLICABLE(unmapped)	CHEBI:87009	OK	high	The stated dihydrate is an established form of vanadyl sulfate; known hydrates are monohydrate; dihydrate; trihydrate; pentahydrate. No exact MIM preferred-term row exists; this CultureMech-only label should be checked against its source recipe before ingestion.	1	NA	NOT_FOUND	NONE
Na2B4O7 ·  10 H2O	NOT_IN_MIM	NA	0	UNKNOWN	decahydrate	decahydrate	TRUE	NO_CAS_PROVIDED	1303-96-4	NOT_APPLICABLE(unmapped)	CHEBI:131366	OK	high	The stated decahydrate is an established form of disodium tetraborate; known hydrates are decahydrate. No exact MIM preferred-term row exists; this CultureMech-only label should be checked against its source recipe before ingestion.	1	NA	NOT_FOUND	NONE
5% Na2S·9H2O	NOT_IN_MIM	NA	0	UNKNOWN	nonahydrate	dihydrate; pentahydrate; nonahydrate	TRUE	NO_CAS_PROVIDED	1313-84-4	NOT_APPLICABLE(unmapped)	CHEBI:76209	OK	high	The stated nonahydrate is an established form of sodium sulfide; known hydrates are dihydrate; pentahydrate; nonahydrate. No exact MIM preferred-term row exists; this CultureMech-only label should be checked against its source recipe before ingestion.	1	NA	NOT_FOUND	NONE
(NH4)2Ni(SO4)2•6H2O	NOT_IN_MIM	NA	0	UNKNOWN	hexahydrate	hexahydrate	TRUE	NO_CAS_PROVIDED	56110-30-6	NOT_APPLICABLE(unmapped)	CHEBI:86149	OK	high	The stated hexahydrate is an established form of ammonium nickel sulfate; known hydrates are hexahydrate. No exact MIM preferred-term row exists; this CultureMech-only label should be checked against its source recipe before ingestion.	1	NA	NOT_FOUND	NONE
Na2S-9H2O	NOT_IN_MIM	NA	0	UNKNOWN	nonahydrate	dihydrate; pentahydrate; nonahydrate	TRUE	NO_CAS_PROVIDED	1313-84-4	NOT_APPLICABLE(unmapped)	CHEBI:76209	OK	high	The stated nonahydrate is an established form of sodium sulfide; known hydrates are dihydrate; pentahydrate; nonahydrate. No exact MIM preferred-term row exists; this CultureMech-only label should be checked against its source recipe before ingestion.	1	NA	NOT_FOUND	NONE
CaCl2. 2H2O	NOT_IN_MIM	NA	0	UNKNOWN	dihydrate	monohydrate; dihydrate; tetrahydrate; hexahydrate	TRUE	NO_CAS_PROVIDED	10035-04-8	NOT_APPLICABLE(unmapped)	CHEBI:86158	OK	high	The stated dihydrate is an established form of calcium chloride; known hydrates are monohydrate; dihydrate; tetrahydrate; hexahydrate. No exact MIM preferred-term row exists; this CultureMech-only label should be checked against its source recipe before ingestion.	1	NA	NOT_FOUND	NONE
Na2MoO4. 2H2O	NOT_IN_MIM	NA	0	UNKNOWN	dihydrate	dihydrate; decahydrate	TRUE	NO_CAS_PROVIDED	10102-40-6	NOT_APPLICABLE(unmapped)	CHEBI:75213	OK	high	The stated dihydrate is an established form of sodium molybdate; known hydrates are dihydrate; decahydrate. No exact MIM preferred-term row exists; this CultureMech-only label should be checked against its source recipe before ingestion.	1	NA	NOT_FOUND	NONE
CuSO4 .5H2O	NOT_IN_MIM	NA	0	UNKNOWN	pentahydrate	monohydrate; trihydrate; pentahydrate; heptahydrate	TRUE	NO_CAS_PROVIDED	7758-99-8	NOT_APPLICABLE(unmapped)	CHEBI:31440	OK	high	The stated pentahydrate is an established form of copper(II) sulfate; known hydrates are monohydrate; trihydrate; pentahydrate; heptahydrate. No exact MIM preferred-term row exists; this CultureMech-only label should be checked against its source recipe before ingestion.	1	NA	NOT_FOUND	NONE
MgSO4-7H2O	NOT_IN_MIM	NA	0	UNKNOWN	heptahydrate	monohydrate; dihydrate; tetrahydrate; pentahydrate; hexahydrate; heptahydrate; undecahydrate	TRUE	NO_CAS_PROVIDED	10034-99-8	NOT_APPLICABLE(unmapped)	CHEBI:31795	OK	high	The stated heptahydrate is an established form of magnesium sulfate; known hydrates are monohydrate; dihydrate; tetrahydrate; pentahydrate; hexahydrate; heptahydrate; undecahydrate. No exact MIM preferred-term row exists; this CultureMech-only label should be checked against its source recipe before ingestion.	1	NA	NOT_FOUND	NONE
Ca(NO3)2•4H2O	NOT_IN_MIM	NA	0	UNKNOWN	tetrahydrate	dihydrate; trihydrate; tetrahydrate	TRUE	NO_CAS_PROVIDED	13477-34-4	NOT_APPLICABLE(unmapped)	CHEBI:86159	OK	high	The stated tetrahydrate is an established form of calcium nitrate; known hydrates are dihydrate; trihydrate; tetrahydrate. No exact MIM preferred-term row exists; this CultureMech-only label should be checked against its source recipe before ingestion.	1	NA	NOT_FOUND	NONE
L-Cysteine•HCl•H2O	NOT_IN_MIM	NA	0	UNKNOWN	monohydrate	monohydrate	TRUE	NO_CAS_PROVIDED	7048-04-6	NOT_APPLICABLE(unmapped)	CHEBI:91248	OK	high	The stated monohydrate is an established form of L-cysteine hydrochloride; known hydrates are monohydrate. No exact MIM preferred-term row exists; this CultureMech-only label should be checked against its source recipe before ingestion.	1	NA	NOT_FOUND	NONE
5% Na2S・9H2O (autoclaved)	NOT_IN_MIM	NA	0	UNKNOWN	nonahydrate	dihydrate; pentahydrate; nonahydrate	TRUE	NO_CAS_PROVIDED	1313-84-4	NOT_APPLICABLE(unmapped)	CHEBI:76209	OK	high	The stated nonahydrate is an established form of sodium sulfide; known hydrates are dihydrate; pentahydrate; nonahydrate. No exact MIM preferred-term row exists; this CultureMech-only label should be checked against its source recipe before ingestion.	1	NA	NOT_FOUND	NONE
4% Fe(NH4)2(SO4)2・6H2O solution (filter--sterilized)	NOT_IN_MIM	NA	0	UNKNOWN	hexahydrate	hexahydrate; heptahydrate reported but uncertain	TRUE	NO_CAS_PROVIDED	7783-85-9	NOT_APPLICABLE(unmapped)	CHEBI:76181	OK	high	The stated hexahydrate is an established form of ferrous ammonium sulfate; known hydrates are hexahydrate; heptahydrate reported but uncertain. No exact MIM preferred-term row exists; this CultureMech-only label should be checked against its source recipe before ingestion.	1	NA	NOT_FOUND	NONE
MgSO4 ·7H2O	NOT_IN_MIM	NA	0	UNKNOWN	heptahydrate	monohydrate; dihydrate; tetrahydrate; pentahydrate; hexahydrate; heptahydrate; undecahydrate	TRUE	NO_CAS_PROVIDED	10034-99-8	NOT_APPLICABLE(unmapped)	CHEBI:31795	OK	high	The stated heptahydrate is an established form of magnesium sulfate; known hydrates are monohydrate; dihydrate; tetrahydrate; pentahydrate; hexahydrate; heptahydrate; undecahydrate. No exact MIM preferred-term row exists; this CultureMech-only label should be checked against its source recipe before ingestion.	1	NA	NOT_FOUND	NONE
CaCl2 x 2 H2O solution	NOT_IN_MIM	NA	0	UNKNOWN	dihydrate	monohydrate; dihydrate; tetrahydrate; hexahydrate	TRUE	NO_CAS_PROVIDED	10035-04-8	NOT_APPLICABLE(unmapped)	CHEBI:86158	OK	high	The stated dihydrate is an established form of calcium chloride; known hydrates are monohydrate; dihydrate; tetrahydrate; hexahydrate. No exact MIM preferred-term row exists; this CultureMech-only label should be checked against its source recipe before ingestion.	1	NA	NOT_FOUND	NONE
Sodium citrate tribasic dihydrate	NOT_IN_MIM	NA	0	UNKNOWN	dihydrate	dihydrate	TRUE	NO_CAS_PROVIDED	6132-04-3	NOT_APPLICABLE(unmapped)	CHEBI:32142	OK	high	The stated dihydrate is an established form of trisodium citrate; known hydrates are dihydrate. No exact MIM preferred-term row exists; this CultureMech-only label should be checked against its source recipe before ingestion.	1	NA	NOT_FOUND	NONE
MgSO4•7H2O	NOT_IN_MIM	NA	0	UNKNOWN	heptahydrate	monohydrate; dihydrate; tetrahydrate; pentahydrate; hexahydrate; heptahydrate; undecahydrate	TRUE	NO_CAS_PROVIDED	10034-99-8	NOT_APPLICABLE(unmapped)	CHEBI:31795	OK	high	The stated heptahydrate is an established form of magnesium sulfate; known hydrates are monohydrate; dihydrate; tetrahydrate; pentahydrate; hexahydrate; heptahydrate; undecahydrate. No exact MIM preferred-term row exists; this CultureMech-only label should be checked against its source recipe before ingestion.	1	NA	NOT_FOUND	NONE
1% FeSO4・6H2O solution (in 0.02 N H2SO4)	NOT_IN_MIM	NA	0	UNKNOWN	hexahydrate	monohydrate; tetrahydrate; pentahydrate; hexahydrate; heptahydrate	TRUE	NO_CAS_PROVIDED	UNKNOWN	NOT_APPLICABLE(unmapped)	none exists	MINT	high	The stated hexahydrate is an established form of iron(II) sulfate; known hydrates are monohydrate; tetrahydrate; pentahydrate; hexahydrate; heptahydrate. No exact MIM preferred-term row exists; this CultureMech-only label should be checked against its source recipe before ingestion.	1	NA	NOT_FOUND	MIM
Ca(NO3)2・6H2O	NOT_IN_MIM	NA	0	UNKNOWN	hexahydrate	dihydrate; trihydrate; tetrahydrate	FALSE	NO_CAS_PROVIDED	UNKNOWN	NOT_APPLICABLE(unmapped)	UNKNOWN	NEEDS_SOURCE	high	No stable hexahydrate of calcium nitrate is established; known hydrate forms are dihydrate; trihydrate; tetrahydrate. No exact MIM preferred-term row exists; this CultureMech-only label should be checked against its source recipe before ingestion.	1	NA	NOT_FOUND	CULTUREMECH
Fe(SO4)2(NH4)2 . 6H2O	NOT_IN_MIM	NA	0	UNKNOWN	hexahydrate	hexahydrate; heptahydrate reported but uncertain	TRUE	NO_CAS_PROVIDED	7783-85-9	NOT_APPLICABLE(unmapped)	CHEBI:76181	OK	high	The stated hexahydrate is an established form of ferrous ammonium sulfate; known hydrates are hexahydrate; heptahydrate reported but uncertain. No exact MIM preferred-term row exists; this CultureMech-only label should be checked against its source recipe before ingestion.	1	NA	NOT_FOUND	NONE
Thiamine·HCl·2H2O	NOT_IN_MIM	NA	0	UNKNOWN	dihydrate	hemihydrate; monohydrate; nonstoichiometric hydrate; dihydrate	TRUE	NO_CAS_PROVIDED	13465-05-9	NOT_APPLICABLE(unmapped)	CHEBI:132751	OK	high	The stated dihydrate is an established form of thiamine hydrochloride; known hydrates are hemihydrate; monohydrate; nonstoichiometric hydrate; dihydrate. No exact MIM preferred-term row exists; this CultureMech-only label should be checked against its source recipe before ingestion.	1	NA	NOT_FOUND	NONE
(NH4)6MoO24·4H2O	NOT_IN_MIM	NA	0	UNKNOWN	tetrahydrate	none known for formula as written	FALSE	NO_CAS_PROVIDED	UNKNOWN	NOT_APPLICABLE(unmapped)	UNKNOWN	NEEDS_SOURCE	high	The ammonium heptamolybdate formula is malformed; (NH4)6Mo7O24 tetrahydrate is likely intended. No exact MIM preferred-term row exists; this CultureMech-only label should be checked against its source recipe before ingestion.	1	NA	NOT_FOUND	CULTUREMECH
beta-Na2glycerophosphate·5H2O	NOT_IN_MIM	NA	0	UNKNOWN	pentahydrate	pentahydrate	TRUE	NO_CAS_PROVIDED	UNKNOWN	NOT_APPLICABLE(unmapped)	none exists	MINT	high	The stated pentahydrate is an established form of disodium beta-glycerophosphate; known hydrates are pentahydrate. No exact MIM preferred-term row exists; this CultureMech-only label should be checked against its source recipe before ingestion.	1	NA	NOT_FOUND	MIM
Na2S . 9H2O solution (10% w/v)	NOT_IN_MIM	NA	0	UNKNOWN	nonahydrate	dihydrate; pentahydrate; nonahydrate	TRUE	NO_CAS_PROVIDED	1313-84-4	NOT_APPLICABLE(unmapped)	CHEBI:76209	OK	high	The stated nonahydrate is an established form of sodium sulfide; known hydrates are dihydrate; pentahydrate; nonahydrate. No exact MIM preferred-term row exists; this CultureMech-only label should be checked against its source recipe before ingestion.	1	NA	NOT_FOUND	NONE
5% Na2S・9H2O solution (pH 7.0)	NOT_IN_MIM	NA	0	UNKNOWN	nonahydrate	dihydrate; pentahydrate; nonahydrate	TRUE	NO_CAS_PROVIDED	1313-84-4	NOT_APPLICABLE(unmapped)	CHEBI:76209	OK	high	The stated nonahydrate is an established form of sodium sulfide; known hydrates are dihydrate; pentahydrate; nonahydrate. No exact MIM preferred-term row exists; this CultureMech-only label should be checked against its source recipe before ingestion.	1	NA	NOT_FOUND	NONE
MgCl2•6H2O	NOT_IN_MIM	NA	0	UNKNOWN	hexahydrate	monohydrate; dihydrate; tetrahydrate; hexahydrate; octahydrate; dodecahydrate	TRUE	NO_CAS_PROVIDED	7791-18-6	NOT_APPLICABLE(unmapped)	CHEBI:86345	OK	high	The stated hexahydrate is an established form of magnesium chloride; known hydrates are monohydrate; dihydrate; tetrahydrate; hexahydrate; octahydrate; dodecahydrate. No exact MIM preferred-term row exists; this CultureMech-only label should be checked against its source recipe before ingestion.	1	NA	NOT_FOUND	NONE
Sodium aceate•3H2O	NOT_IN_MIM	NA	0	UNKNOWN	trihydrate	none known for formula as written	FALSE	NO_CAS_PROVIDED	UNKNOWN	NOT_APPLICABLE(unmapped)	UNKNOWN	NEEDS_SOURCE	high	The ingredient name misspells sodium acetate; sodium acetate trihydrate is likely intended. No exact MIM preferred-term row exists; this CultureMech-only label should be checked against its source recipe before ingestion.	1	NA	NOT_FOUND	CULTUREMECH
5% L-Cysteine•HCl•H2O solution	NOT_IN_MIM	NA	0	UNKNOWN	monohydrate	monohydrate	TRUE	NO_CAS_PROVIDED	7048-04-6	NOT_APPLICABLE(unmapped)	CHEBI:91248	OK	high	The stated monohydrate is an established form of L-cysteine hydrochloride; known hydrates are monohydrate. No exact MIM preferred-term row exists; this CultureMech-only label should be checked against its source recipe before ingestion.	1	NA	NOT_FOUND	NONE
Na2WO4•2H2O	NOT_IN_MIM	NA	0	UNKNOWN	dihydrate	monohydrate; dihydrate	TRUE	NO_CAS_PROVIDED	10213-10-2	NOT_APPLICABLE(unmapped)	CHEBI:63939	OK	high	The stated dihydrate is an established form of sodium tungstate; known hydrates are monohydrate; dihydrate. No exact MIM preferred-term row exists; this CultureMech-only label should be checked against its source recipe before ingestion.	1	NA	NOT_FOUND	NONE
2.5% Na2S . 9H2O	NOT_IN_MIM	NA	0	UNKNOWN	nonahydrate	dihydrate; pentahydrate; nonahydrate	TRUE	NO_CAS_PROVIDED	1313-84-4	NOT_APPLICABLE(unmapped)	CHEBI:76209	OK	high	The stated nonahydrate is an established form of sodium sulfide; known hydrates are dihydrate; pentahydrate; nonahydrate. No exact MIM preferred-term row exists; this CultureMech-only label should be checked against its source recipe before ingestion.	1	NA	NOT_FOUND	NONE
0.1% FeSO4・7H2O solution (in 0.1 N H2SO4)	NOT_IN_MIM	NA	0	UNKNOWN	heptahydrate	monohydrate; tetrahydrate; pentahydrate; hexahydrate; heptahydrate	TRUE	NO_CAS_PROVIDED	7782-63-0	NOT_APPLICABLE(unmapped)	CHEBI:75836	OK	high	The stated heptahydrate is an established form of iron(II) sulfate; known hydrates are monohydrate; tetrahydrate; pentahydrate; hexahydrate; heptahydrate. No exact MIM preferred-term row exists; this CultureMech-only label should be checked against its source recipe before ingestion.	1	NA	NOT_FOUND	NONE
MnCl3 . 4H2O	NOT_IN_MIM	NA	0	UNKNOWN	tetrahydrate	none known for formula as written	FALSE	NO_CAS_PROVIDED	UNKNOWN	NOT_APPLICABLE(unmapped)	UNKNOWN	NEEDS_SOURCE	high	MnCl3 is not the standard stable chloride reagent; MnCl2 tetrahydrate is the likely intended substance. No exact MIM preferred-term row exists; this CultureMech-only label should be checked against its source recipe before ingestion.	1	NA	NOT_FOUND	CULTUREMECH
Na2SeO4 . 6H2O	NOT_IN_MIM	NA	0	UNKNOWN	hexahydrate	sesquihydrate; heptahydrate; decahydrate	FALSE	NO_CAS_PROVIDED	UNKNOWN	NOT_APPLICABLE(unmapped)	UNKNOWN	NEEDS_SOURCE	high	No stable hexahydrate of sodium selenate is established; known hydrate forms are sesquihydrate; heptahydrate; decahydrate. No exact MIM preferred-term row exists; this CultureMech-only label should be checked against its source recipe before ingestion.	1	NA	NOT_FOUND	CULTUREMECH
AlCl3 . 6H2O	NOT_IN_MIM	NA	0	UNKNOWN	hexahydrate	hexahydrate	TRUE	NO_CAS_PROVIDED	7784-13-6	NOT_APPLICABLE(unmapped)	CHEBI:30115	OK	high	The stated hexahydrate is an established form of aluminium chloride; known hydrates are hexahydrate. No exact MIM preferred-term row exists; this CultureMech-only label should be checked against its source recipe before ingestion.	1	NA	NOT_FOUND	NONE
Ferrous sulfate heptahydrate	NOT_IN_MIM	NA	0	UNKNOWN	heptahydrate	monohydrate; tetrahydrate; pentahydrate; hexahydrate; heptahydrate	TRUE	NO_CAS_PROVIDED	7782-63-0	NOT_APPLICABLE(unmapped)	CHEBI:75836	OK	high	The stated heptahydrate is an established form of iron(II) sulfate; known hydrates are monohydrate; tetrahydrate; pentahydrate; hexahydrate; heptahydrate. No exact MIM preferred-term row exists; this CultureMech-only label should be checked against its source recipe before ingestion.	1	NA	NOT_FOUND	NONE
Cobalt sulfate heptahydrate	NOT_IN_MIM	NA	0	UNKNOWN	heptahydrate	monohydrate; hexahydrate; heptahydrate	TRUE	NO_CAS_PROVIDED	10026-24-1	NOT_APPLICABLE(unmapped)	CHEBI:91244	OK	high	The stated heptahydrate is an established form of cobalt(II) sulfate; known hydrates are monohydrate; hexahydrate; heptahydrate. No exact MIM preferred-term row exists; this CultureMech-only label should be checked against its source recipe before ingestion.	1	NA	NOT_FOUND	NONE
di‐Potassium hydrogen orthophosphate trihydrate	NOT_IN_MIM	NA	0	UNKNOWN	trihydrate	trihydrate; hexahydrate	TRUE	NO_CAS_PROVIDED	16788-57-1	NOT_APPLICABLE(unmapped)	cas:16788-57-1	OK	high	The stated trihydrate is an established form of dipotassium hydrogenphosphate; known hydrates are trihydrate; hexahydrate. No exact MIM preferred-term row exists; this CultureMech-only label should be checked against its source recipe before ingestion.	1	NA	NOT_FOUND	NONE
Sodium dihydrogen orthophosphate monohydrate	NOT_IN_MIM	NA	0	UNKNOWN	monohydrate	monohydrate; dihydrate	TRUE	NO_CAS_PROVIDED	10049-21-5	NOT_APPLICABLE(unmapped)	CHEBI:114249	OK	high	The stated monohydrate is an established form of sodium dihydrogenphosphate; known hydrates are monohydrate; dihydrate. No exact MIM preferred-term row exists; this CultureMech-only label should be checked against its source recipe before ingestion.	1	NA	NOT_FOUND	NONE
NaNH4HPO4 . 4H2O	NOT_IN_MIM	NA	0	UNKNOWN	tetrahydrate	tetrahydrate	TRUE	NO_CAS_PROVIDED	UNKNOWN	NOT_APPLICABLE(unmapped)	UNKNOWN	OK	high	The stated tetrahydrate is an established form of sodium ammonium hydrogenphosphate; known hydrates are tetrahydrate. No exact MIM preferred-term row exists; this CultureMech-only label should be checked against its source recipe before ingestion.	1	NA	NOT_FOUND	NONE
Citric acid . H2O	NOT_IN_MIM	NA	0	UNKNOWN	monohydrate	monohydrate	TRUE	NO_CAS_PROVIDED	UNKNOWN	NOT_APPLICABLE(unmapped)	UNKNOWN	OK	high	The stated monohydrate is an established form of citric acid; known hydrates are monohydrate. No exact MIM preferred-term row exists; this CultureMech-only label should be checked against its source recipe before ingestion.	1	NA	NOT_FOUND	NONE
5% L--Cysteine・HCl・H2O solution (pH 7.0)	NOT_IN_MIM	NA	0	UNKNOWN	monohydrate	monohydrate	TRUE	NO_CAS_PROVIDED	7048-04-6	NOT_APPLICABLE(unmapped)	CHEBI:91248	OK	high	The stated monohydrate is an established form of L-cysteine hydrochloride; known hydrates are monohydrate. No exact MIM preferred-term row exists; this CultureMech-only label should be checked against its source recipe before ingestion.	1	NA	NOT_FOUND	NONE
0.01 M FeSO4・5H2Osolution (in 0.02 N HCl) (optional)	NOT_IN_MIM	NA	0	UNKNOWN	pentahydrate	monohydrate; tetrahydrate; pentahydrate; hexahydrate; heptahydrate	TRUE	NO_CAS_PROVIDED	UNKNOWN	NOT_APPLICABLE(unmapped)	none exists	MINT	high	The stated pentahydrate is an established form of iron(II) sulfate; known hydrates are monohydrate; tetrahydrate; pentahydrate; hexahydrate; heptahydrate. No exact MIM preferred-term row exists; this CultureMech-only label should be checked against its source recipe before ingestion.	1	NA	NOT_FOUND	MIM
Na2S2O4・2H2O	NOT_IN_MIM	NA	0	UNKNOWN	dihydrate	no securely established dihydrate located	UNCERTAIN	NO_CAS_PROVIDED	UNKNOWN	NOT_APPLICABLE(unmapped)	UNKNOWN	NEEDS_SOURCE	medium	The exact dihydrate of sodium dithionite could not be settled confidently from established phase evidence; retain UNKNOWN pending the source. No exact MIM preferred-term row exists; this CultureMech-only label should be checked against its source recipe before ingestion.	1	NA	NOT_FOUND	CULTUREMECH
1.88 M CaCl2・2H2O solution	NOT_IN_MIM	NA	0	UNKNOWN	dihydrate	monohydrate; dihydrate; tetrahydrate; hexahydrate	TRUE	NO_CAS_PROVIDED	10035-04-8	NOT_APPLICABLE(unmapped)	CHEBI:86158	OK	high	The stated dihydrate is an established form of calcium chloride; known hydrates are monohydrate; dihydrate; tetrahydrate; hexahydrate. No exact MIM preferred-term row exists; this CultureMech-only label should be checked against its source recipe before ingestion.	1	NA	NOT_FOUND	NONE
Na2S・9H2O (final concentration)	NOT_IN_MIM	NA	0	UNKNOWN	nonahydrate	dihydrate; pentahydrate; nonahydrate	TRUE	NO_CAS_PROVIDED	1313-84-4	NOT_APPLICABLE(unmapped)	CHEBI:76209	OK	high	The stated nonahydrate is an established form of sodium sulfide; known hydrates are dihydrate; pentahydrate; nonahydrate. No exact MIM preferred-term row exists; this CultureMech-only label should be checked against its source recipe before ingestion.	1	NA	NOT_FOUND	NONE
KAI(SO4)2.12H2O	NOT_IN_MIM	NA	0	UNKNOWN	dodecahydrate	none known for formula as written	FALSE	NO_CAS_PROVIDED	UNKNOWN	NOT_APPLICABLE(unmapped)	UNKNOWN	NEEDS_SOURCE	high	KAI uses iodine-like I rather than aluminium Al; potassium aluminium sulfate dodecahydrate is likely intended. No exact MIM preferred-term row exists; this CultureMech-only label should be checked against its source recipe before ingestion.	1	NA	NOT_FOUND	CULTUREMECH
VSO5.5H2O	NOT_IN_MIM	NA	0	UNKNOWN	pentahydrate	monohydrate; dihydrate; trihydrate; pentahydrate	TRUE	NO_CAS_PROVIDED	14708-82-8	NOT_APPLICABLE(unmapped)	CHEBI:132758	OK	high	The stated pentahydrate is an established form of vanadyl sulfate; known hydrates are monohydrate; dihydrate; trihydrate; pentahydrate. No exact MIM preferred-term row exists; this CultureMech-only label should be checked against its source recipe before ingestion.	1	NA	NOT_FOUND	NONE
Cr(NO3)3.9H2O	NOT_IN_MIM	NA	0	UNKNOWN	nonahydrate	nonahydrate; variable 7.5–9-hydrate material	TRUE	NO_CAS_PROVIDED	UNKNOWN	NOT_APPLICABLE(unmapped)	UNKNOWN	OK	high	The stated nonahydrate is an established form of chromium(III) nitrate; known hydrates are nonahydrate; variable 7.5–9-hydrate material. No exact MIM preferred-term row exists; this CultureMech-only label should be checked against its source recipe before ingestion.	1	NA	NOT_FOUND	NONE
Cd(NO3).4H2O	NOT_IN_MIM	NA	0	UNKNOWN	tetrahydrate	none known for formula as written	FALSE	NO_CAS_PROVIDED	UNKNOWN	NOT_APPLICABLE(unmapped)	UNKNOWN	NEEDS_SOURCE	high	Cd(NO3) lacks the second nitrate required for Cd(II); Cd(NO3)2 tetrahydrate is likely intended. No exact MIM preferred-term row exists; this CultureMech-only label should be checked against its source recipe before ingestion.	1	NA	NOT_FOUND	CULTUREMECH
Fe(NH4)2(SO4)2 . 6H2O	NOT_IN_MIM	NA	0	UNKNOWN	hexahydrate	hexahydrate; heptahydrate reported but uncertain	TRUE	NO_CAS_PROVIDED	7783-85-9	NOT_APPLICABLE(unmapped)	CHEBI:76181	OK	high	The stated hexahydrate is an established form of ferrous ammonium sulfate; known hydrates are hexahydrate; heptahydrate reported but uncertain. No exact MIM preferred-term row exists; this CultureMech-only label should be checked against its source recipe before ingestion.	1	NA	NOT_FOUND	NONE
NiCl2・H2O	NOT_IN_MIM	NA	0	UNKNOWN	monohydrate	monohydrate; dihydrate; tetrahydrate; hexahydrate; low-temperature heptahydrate	TRUE	NO_CAS_PROVIDED	UNKNOWN	NOT_APPLICABLE(unmapped)	UNKNOWN	OK	high	The stated monohydrate is an established form of nickel(II) chloride; known hydrates are monohydrate; dihydrate; tetrahydrate; hexahydrate; low-temperature heptahydrate. No exact MIM preferred-term row exists; this CultureMech-only label should be checked against its source recipe before ingestion.	1	NA	NOT_FOUND	NONE
FeSO4·7H2O (4.98% solution)	NOT_IN_MIM	NA	0	UNKNOWN	heptahydrate	monohydrate; tetrahydrate; pentahydrate; hexahydrate; heptahydrate	TRUE	NO_CAS_PROVIDED	7782-63-0	NOT_APPLICABLE(unmapped)	CHEBI:75836	OK	high	The stated heptahydrate is an established form of iron(II) sulfate; known hydrates are monohydrate; tetrahydrate; pentahydrate; hexahydrate; heptahydrate. No exact MIM preferred-term row exists; this CultureMech-only label should be checked against its source recipe before ingestion.	1	NA	NOT_FOUND	NONE
3% L-Cysteine・HCl・H2O solution	NOT_IN_MIM	NA	0	UNKNOWN	monohydrate	monohydrate	TRUE	NO_CAS_PROVIDED	7048-04-6	NOT_APPLICABLE(unmapped)	CHEBI:91248	OK	high	The stated monohydrate is an established form of L-cysteine hydrochloride; known hydrates are monohydrate. No exact MIM preferred-term row exists; this CultureMech-only label should be checked against its source recipe before ingestion.	1	NA	NOT_FOUND	NONE
Cysteine HCl.H2O	NOT_IN_MIM	NA	0	UNKNOWN	monohydrate	monohydrate	TRUE	NO_CAS_PROVIDED	7048-04-6	NOT_APPLICABLE(unmapped)	CHEBI:91248	OK	high	The stated monohydrate is an established form of L-cysteine hydrochloride; known hydrates are monohydrate. No exact MIM preferred-term row exists; this CultureMech-only label should be checked against its source recipe before ingestion.	1	NA	NOT_FOUND	NONE
Na2MoO4 . H2O	NOT_IN_MIM	NA	0	UNKNOWN	monohydrate	dihydrate; decahydrate	FALSE	NO_CAS_PROVIDED	UNKNOWN	NOT_APPLICABLE(unmapped)	UNKNOWN	NEEDS_SOURCE	high	No stable monohydrate of sodium molybdate is established; known hydrate forms are dihydrate; decahydrate. No exact MIM preferred-term row exists; this CultureMech-only label should be checked against its source recipe before ingestion. Exact-label downstream presence was confirmed in kg-microbe transformed MediaDive exports; no downstream file was changed.	1	NA	NOT_FOUND	CULTUREMECH
Ni(NH4)2(SO4)2·6H2O	NOT_IN_MIM	NA	0	UNKNOWN	hexahydrate	hexahydrate	TRUE	NO_CAS_PROVIDED	56110-30-6	NOT_APPLICABLE(unmapped)	CHEBI:86149	OK	high	The stated hexahydrate is an established form of ammonium nickel sulfate; known hydrates are hexahydrate. No exact MIM preferred-term row exists; this CultureMech-only label should be checked against its source recipe before ingestion.	1	NA	NOT_FOUND	NONE
1 M MgCl2·6H2O solution	NOT_IN_MIM	NA	0	UNKNOWN	hexahydrate	monohydrate; dihydrate; tetrahydrate; hexahydrate; octahydrate; dodecahydrate	TRUE	NO_CAS_PROVIDED	7791-18-6	NOT_APPLICABLE(unmapped)	CHEBI:86345	OK	high	The stated hexahydrate is an established form of magnesium chloride; known hydrates are monohydrate; dihydrate; tetrahydrate; hexahydrate; octahydrate; dodecahydrate. No exact MIM preferred-term row exists; this CultureMech-only label should be checked against its source recipe before ingestion.	1	NA	NOT_FOUND	NONE
1 M CaCl2·2H2O solution	NOT_IN_MIM	NA	0	UNKNOWN	dihydrate	monohydrate; dihydrate; tetrahydrate; hexahydrate	TRUE	NO_CAS_PROVIDED	10035-04-8	NOT_APPLICABLE(unmapped)	CHEBI:86158	OK	high	The stated dihydrate is an established form of calcium chloride; known hydrates are monohydrate; dihydrate; tetrahydrate; hexahydrate. No exact MIM preferred-term row exists; this CultureMech-only label should be checked against its source recipe before ingestion.	1	NA	NOT_FOUND	NONE
L--Cysteine・HCL・H2O	NOT_IN_MIM	NA	0	UNKNOWN	monohydrate	monohydrate	TRUE	NO_CAS_PROVIDED	7048-04-6	NOT_APPLICABLE(unmapped)	CHEBI:91248	OK	high	The stated monohydrate is an established form of L-cysteine hydrochloride; known hydrates are monohydrate. No exact MIM preferred-term row exists; this CultureMech-only label should be checked against its source recipe before ingestion.	1	NA	NOT_FOUND	NONE
MnSO4.7H2O	NOT_IN_MIM	NA	0	UNKNOWN	heptahydrate	monohydrate; dihydrate; tetrahydrate; pentahydrate; hexahydrate; heptahydrate	TRUE	NO_CAS_PROVIDED	UNKNOWN	NOT_APPLICABLE(unmapped)	none exists	MINT	high	The stated heptahydrate is an established form of manganese(II) sulfate; known hydrates are monohydrate; dihydrate; tetrahydrate; pentahydrate; hexahydrate; heptahydrate. No exact MIM preferred-term row exists; this CultureMech-only label should be checked against its source recipe before ingestion.	1	NA	NOT_FOUND	MIM
7% CaCl2・2H2O solution	NOT_IN_MIM	NA	0	UNKNOWN	dihydrate	monohydrate; dihydrate; tetrahydrate; hexahydrate	TRUE	NO_CAS_PROVIDED	10035-04-8	NOT_APPLICABLE(unmapped)	CHEBI:86158	OK	high	The stated dihydrate is an established form of calcium chloride; known hydrates are monohydrate; dihydrate; tetrahydrate; hexahydrate. No exact MIM preferred-term row exists; this CultureMech-only label should be checked against its source recipe before ingestion.	1	NA	NOT_FOUND	NONE
25% MgSO4・7H2O solution	NOT_IN_MIM	NA	0	UNKNOWN	heptahydrate	monohydrate; dihydrate; tetrahydrate; pentahydrate; hexahydrate; heptahydrate; undecahydrate	TRUE	NO_CAS_PROVIDED	10034-99-8	NOT_APPLICABLE(unmapped)	CHEBI:31795	OK	high	The stated heptahydrate is an established form of magnesium sulfate; known hydrates are monohydrate; dihydrate; tetrahydrate; pentahydrate; hexahydrate; heptahydrate; undecahydrate. No exact MIM preferred-term row exists; this CultureMech-only label should be checked against its source recipe before ingestion.	1	NA	NOT_FOUND	NONE
2% FeCl3・6H2O solution	NOT_IN_MIM	NA	0	UNKNOWN	hexahydrate	hexahydrate	TRUE	NO_CAS_PROVIDED	10025-77-1	NOT_APPLICABLE(unmapped)	CHEBI:86254	OK	high	The stated hexahydrate is an established form of iron(III) chloride; known hydrates are hexahydrate. No exact MIM preferred-term row exists; this CultureMech-only label should be checked against its source recipe before ingestion.	1	NA	NOT_FOUND	NONE
Na2WO2.2H2O	NOT_IN_MIM	NA	0	UNKNOWN	dihydrate	none known for formula as written	FALSE	NO_CAS_PROVIDED	UNKNOWN	NOT_APPLICABLE(unmapped)	UNKNOWN	NEEDS_SOURCE	high	The tungstate formula is missing oxygen or sodium; Na2WO4 dihydrate is likely intended. No exact MIM preferred-term row exists; this CultureMech-only label should be checked against its source recipe before ingestion. Exact-label downstream presence was confirmed in kg-microbe transformed MediaDive exports; no downstream file was changed.	1	NA	NOT_FOUND	CULTUREMECH
NaMoO4･2H2O	NOT_IN_MIM	NA	0	UNKNOWN	dihydrate	none known for formula as written	FALSE	NO_CAS_PROVIDED	UNKNOWN	NOT_APPLICABLE(unmapped)	UNKNOWN	NEEDS_SOURCE	high	The molybdate formula is malformed; Na2MoO4 dihydrate is likely intended. No exact MIM preferred-term row exists; this CultureMech-only label should be checked against its source recipe before ingestion.	1	NA	NOT_FOUND	CULTUREMECH
FeSO4･7H2O	NOT_IN_MIM	NA	0	UNKNOWN	heptahydrate	monohydrate; tetrahydrate; pentahydrate; hexahydrate; heptahydrate	TRUE	NO_CAS_PROVIDED	7782-63-0	NOT_APPLICABLE(unmapped)	CHEBI:75836	OK	high	The stated heptahydrate is an established form of iron(II) sulfate; known hydrates are monohydrate; tetrahydrate; pentahydrate; hexahydrate; heptahydrate. No exact MIM preferred-term row exists; this CultureMech-only label should be checked against its source recipe before ingestion.	1	NA	NOT_FOUND	NONE
MnCl2･4H2O	NOT_IN_MIM	NA	0	UNKNOWN	tetrahydrate	monohydrate; dihydrate; tetrahydrate	TRUE	NO_CAS_PROVIDED	13446-34-9	NOT_APPLICABLE(unmapped)	CHEBI:86368	OK	high	The stated tetrahydrate is an established form of manganese(II) chloride; known hydrates are monohydrate; dihydrate; tetrahydrate. No exact MIM preferred-term row exists; this CultureMech-only label should be checked against its source recipe before ingestion.	1	NA	NOT_FOUND	NONE
ZnSO4･7H2O	NOT_IN_MIM	NA	0	UNKNOWN	heptahydrate	monohydrate; tetrahydrate; hexahydrate; heptahydrate	TRUE	NO_CAS_PROVIDED	7446-20-0	NOT_APPLICABLE(unmapped)	CHEBI:32312	OK	high	The stated heptahydrate is an established form of zinc sulfate; known hydrates are monohydrate; tetrahydrate; hexahydrate; heptahydrate. No exact MIM preferred-term row exists; this CultureMech-only label should be checked against its source recipe before ingestion.	1	NA	NOT_FOUND	NONE
CuSO4･7H2O	NOT_IN_MIM	NA	0	UNKNOWN	heptahydrate	monohydrate; trihydrate; pentahydrate; heptahydrate	TRUE	NO_CAS_PROVIDED	UNKNOWN	NOT_APPLICABLE(unmapped)	UNKNOWN	OK	high	The stated heptahydrate is an established form of copper(II) sulfate; known hydrates are monohydrate; trihydrate; pentahydrate; heptahydrate. No exact MIM preferred-term row exists; this CultureMech-only label should be checked against its source recipe before ingestion.	1	NA	NOT_FOUND	NONE
FeCl3･6H2O	NOT_IN_MIM	NA	0	UNKNOWN	hexahydrate	hexahydrate	TRUE	NO_CAS_PROVIDED	10025-77-1	NOT_APPLICABLE(unmapped)	CHEBI:86254	OK	high	The stated hexahydrate is an established form of iron(III) chloride; known hydrates are hexahydrate. No exact MIM preferred-term row exists; this CultureMech-only label should be checked against its source recipe before ingestion.	1	NA	NOT_FOUND	NONE
NaH2PO4・H2O	NOT_IN_MIM	NA	0	UNKNOWN	monohydrate	monohydrate; dihydrate	TRUE	NO_CAS_PROVIDED	10049-21-5	NOT_APPLICABLE(unmapped)	CHEBI:114249	OK	high	The stated monohydrate is an established form of sodium dihydrogenphosphate; known hydrates are monohydrate; dihydrate. No exact MIM preferred-term row exists; this CultureMech-only label should be checked against its source recipe before ingestion.	1	NA	NOT_FOUND	NONE
0.4% CaCl2・2H2O	NOT_IN_MIM	NA	0	UNKNOWN	dihydrate	monohydrate; dihydrate; tetrahydrate; hexahydrate	TRUE	NO_CAS_PROVIDED	10035-04-8	NOT_APPLICABLE(unmapped)	CHEBI:86158	OK	high	The stated dihydrate is an established form of calcium chloride; known hydrates are monohydrate; dihydrate; tetrahydrate; hexahydrate. No exact MIM preferred-term row exists; this CultureMech-only label should be checked against its source recipe before ingestion.	1	NA	NOT_FOUND	NONE
Na2S·9H2O solution	NOT_IN_MIM	NA	0	UNKNOWN	nonahydrate	dihydrate; pentahydrate; nonahydrate	TRUE	NO_CAS_PROVIDED	1313-84-4	NOT_APPLICABLE(unmapped)	CHEBI:76209	OK	high	The stated nonahydrate is an established form of sodium sulfide; known hydrates are dihydrate; pentahydrate; nonahydrate. No exact MIM preferred-term row exists; this CultureMech-only label should be checked against its source recipe before ingestion.	1	NA	NOT_FOUND	NONE
Na2S x 9 H2O 3.00 g	NOT_IN_MIM	NA	0	UNKNOWN	nonahydrate	dihydrate; pentahydrate; nonahydrate	TRUE	NO_CAS_PROVIDED	1313-84-4	NOT_APPLICABLE(unmapped)	CHEBI:76209	OK	high	The stated nonahydrate is an established form of sodium sulfide; known hydrates are dihydrate; pentahydrate; nonahydrate. No exact MIM preferred-term row exists; this CultureMech-only label should be checked against its source recipe before ingestion.	1	NA	NOT_FOUND	NONE
Fe2(SO4)3·(NH4)2SO4·24H2O	NOT_IN_MIM	NA	0	UNKNOWN	24-hydrate (doubled formula)	dodecahydrate per formula unit (24 waters in doubled formula)	TRUE	NO_CAS_PROVIDED	UNKNOWN	NOT_APPLICABLE(unmapped)	UNKNOWN	OK	high	The stated 24-hydrate (doubled formula) is an established form of ammonium iron(III) sulfate double formula; known hydrates are dodecahydrate per formula unit (24 waters in doubled formula). No exact MIM preferred-term row exists; this CultureMech-only label should be checked against its source recipe before ingestion.	1	NA	NOT_FOUND	NONE
FeSO4 . 7H2O (2%, w/v, in N HCl)	NOT_IN_MIM	NA	0	UNKNOWN	heptahydrate	monohydrate; tetrahydrate; pentahydrate; hexahydrate; heptahydrate	TRUE	NO_CAS_PROVIDED	7782-63-0	NOT_APPLICABLE(unmapped)	CHEBI:75836	OK	high	The stated heptahydrate is an established form of iron(II) sulfate; known hydrates are monohydrate; tetrahydrate; pentahydrate; hexahydrate; heptahydrate. No exact MIM preferred-term row exists; this CultureMech-only label should be checked against its source recipe before ingestion.	1	NA	NOT_FOUND	NONE
CaCl2・2H2O solution	NOT_IN_MIM	NA	0	UNKNOWN	dihydrate	monohydrate; dihydrate; tetrahydrate; hexahydrate	TRUE	NO_CAS_PROVIDED	10035-04-8	NOT_APPLICABLE(unmapped)	CHEBI:86158	OK	high	The stated dihydrate is an established form of calcium chloride; known hydrates are monohydrate; dihydrate; tetrahydrate; hexahydrate. No exact MIM preferred-term row exists; this CultureMech-only label should be checked against its source recipe before ingestion.	1	NA	NOT_FOUND	NONE
CaCl2・2H2O solution (68 mM)	NOT_IN_MIM	NA	0	UNKNOWN	dihydrate	monohydrate; dihydrate; tetrahydrate; hexahydrate	TRUE	NO_CAS_PROVIDED	10035-04-8	NOT_APPLICABLE(unmapped)	CHEBI:86158	OK	high	The stated dihydrate is an established form of calcium chloride; known hydrates are monohydrate; dihydrate; tetrahydrate; hexahydrate. No exact MIM preferred-term row exists; this CultureMech-only label should be checked against its source recipe before ingestion.	1	NA	NOT_FOUND	NONE
CaSO4 x 2H2O	NOT_IN_MIM	NA	0	UNKNOWN	dihydrate	hemihydrate; dihydrate	TRUE	NO_CAS_PROVIDED	10101-41-4	NOT_APPLICABLE(unmapped)	CHEBI:32583	OK	high	The stated dihydrate is an established form of calcium sulfate; known hydrates are hemihydrate; dihydrate. No exact MIM preferred-term row exists; this CultureMech-only label should be checked against its source recipe before ingestion.	1	NA	NOT_FOUND	NONE
SrCl2 x 6 H2O (0.1% w/v)	NOT_IN_MIM	NA	0	UNKNOWN	hexahydrate	hemihydrate; monohydrate; dihydrate; hexahydrate	TRUE	NO_CAS_PROVIDED	10025-70-4	NOT_APPLICABLE(unmapped)	CHEBI:36385	OK	high	The stated hexahydrate is an established form of strontium chloride; known hydrates are hemihydrate; monohydrate; dihydrate; hexahydrate. No exact MIM preferred-term row exists; this CultureMech-only label should be checked against its source recipe before ingestion.	1	NA	NOT_FOUND	NONE
1 M Na2S2O3・5H2O*	NOT_IN_MIM	NA	0	UNKNOWN	pentahydrate	pentahydrate	TRUE	NO_CAS_PROVIDED	10102-17-7	NOT_APPLICABLE(unmapped)	CHEBI:32150	OK	high	The stated pentahydrate is an established form of sodium thiosulfate; known hydrates are pentahydrate. No exact MIM preferred-term row exists; this CultureMech-only label should be checked against its source recipe before ingestion.	1	NA	NOT_FOUND	NONE
CuSO4 x 5H2O	NOT_IN_MIM	NA	0	UNKNOWN	pentahydrate	monohydrate; trihydrate; pentahydrate; heptahydrate	TRUE	NO_CAS_PROVIDED	7758-99-8	NOT_APPLICABLE(unmapped)	CHEBI:31440	OK	high	The stated pentahydrate is an established form of copper(II) sulfate; known hydrates are monohydrate; trihydrate; pentahydrate; heptahydrate. No exact MIM preferred-term row exists; this CultureMech-only label should be checked against its source recipe before ingestion.	1	NA	NOT_FOUND	NONE
Co(NO3)2 x 6H2O	NOT_IN_MIM	NA	0	UNKNOWN	hexahydrate	hexahydrate	TRUE	NO_CAS_PROVIDED	10026-22-9	NOT_APPLICABLE(unmapped)	CHEBI:86214	OK	high	The stated hexahydrate is an established form of cobalt(II) nitrate; known hydrates are hexahydrate. No exact MIM preferred-term row exists; this CultureMech-only label should be checked against its source recipe before ingestion.	1	NA	NOT_FOUND	NONE
BaCl2・2H2O	NOT_IN_MIM	NA	0	UNKNOWN	dihydrate	dihydrate	TRUE	NO_CAS_PROVIDED	10326-27-9	NOT_APPLICABLE(unmapped)	CHEBI:86153	OK	high	The stated dihydrate is an established form of barium chloride; known hydrates are dihydrate. No exact MIM preferred-term row exists; this CultureMech-only label should be checked against its source recipe before ingestion.	1	NA	NOT_FOUND	NONE
NaHPO4・12H2O	NOT_IN_MIM	NA	0	UNKNOWN	dodecahydrate	none known for formula as written	FALSE	NO_CAS_PROVIDED	UNKNOWN	NOT_APPLICABLE(unmapped)	UNKNOWN	NEEDS_SOURCE	high	NaHPO4 is charge-imbalanced; Na2HPO4 dodecahydrate is likely intended. No exact MIM preferred-term row exists; this CultureMech-only label should be checked against its source recipe before ingestion.	1	NA	NOT_FOUND	CULTUREMECH
MgSO4 . H2O	NOT_IN_MIM	NA	0	UNKNOWN	monohydrate	monohydrate; dihydrate; tetrahydrate; pentahydrate; hexahydrate; heptahydrate; undecahydrate	TRUE	NO_CAS_PROVIDED	UNKNOWN	NOT_APPLICABLE(unmapped)	none exists	MINT	high	The stated monohydrate is an established form of magnesium sulfate; known hydrates are monohydrate; dihydrate; tetrahydrate; pentahydrate; hexahydrate; heptahydrate; undecahydrate. No exact MIM preferred-term row exists; this CultureMech-only label should be checked against its source recipe before ingestion.	1	NA	NOT_FOUND	MIM
FeCl3・6H2O solution (0.03%)	NOT_IN_MIM	NA	0	UNKNOWN	hexahydrate	hexahydrate	TRUE	NO_CAS_PROVIDED	10025-77-1	NOT_APPLICABLE(unmapped)	CHEBI:86254	OK	high	The stated hexahydrate is an established form of iron(III) chloride; known hydrates are hexahydrate. No exact MIM preferred-term row exists; this CultureMech-only label should be checked against its source recipe before ingestion.	1	NA	NOT_FOUND	NONE
30 mM CaCl2・2H2O solution	NOT_IN_MIM	NA	0	UNKNOWN	dihydrate	monohydrate; dihydrate; tetrahydrate; hexahydrate	TRUE	NO_CAS_PROVIDED	10035-04-8	NOT_APPLICABLE(unmapped)	CHEBI:86158	OK	high	The stated dihydrate is an established form of calcium chloride; known hydrates are monohydrate; dihydrate; tetrahydrate; hexahydrate. No exact MIM preferred-term row exists; this CultureMech-only label should be checked against its source recipe before ingestion.	1	NA	NOT_FOUND	NONE
20 mM MgSO4・7H2O solution	NOT_IN_MIM	NA	0	UNKNOWN	heptahydrate	monohydrate; dihydrate; tetrahydrate; pentahydrate; hexahydrate; heptahydrate; undecahydrate	TRUE	NO_CAS_PROVIDED	10034-99-8	NOT_APPLICABLE(unmapped)	CHEBI:31795	OK	high	The stated heptahydrate is an established form of magnesium sulfate; known hydrates are monohydrate; dihydrate; tetrahydrate; pentahydrate; hexahydrate; heptahydrate; undecahydrate. No exact MIM preferred-term row exists; this CultureMech-only label should be checked against its source recipe before ingestion.	1	NA	NOT_FOUND	NONE
Iron (III) chloride hexahydrate	NOT_IN_MIM	NA	0	UNKNOWN	hexahydrate	hexahydrate	TRUE	NO_CAS_PROVIDED	10025-77-1	NOT_APPLICABLE(unmapped)	CHEBI:86254	OK	high	The stated hexahydrate is an established form of iron(III) chloride; known hydrates are hexahydrate. No exact MIM preferred-term row exists; this CultureMech-only label should be checked against its source recipe before ingestion.	1	NA	NOT_FOUND	NONE
Copper(II) Nitrate Trihydrate	NOT_IN_MIM	NA	0	UNKNOWN	trihydrate	trihydrate	TRUE	NO_CAS_PROVIDED	10031-43-3	NOT_APPLICABLE(unmapped)	kgmicrobe.compound:cu_no32_x_3_h2o	OK	high	The stated trihydrate is an established form of copper(II) nitrate; known hydrates are trihydrate. No exact MIM preferred-term row exists; this CultureMech-only label should be checked against its source recipe before ingestion.	1	NA	NOT_FOUND	NONE
Strontium chloride hexahydrate	NOT_IN_MIM	NA	0	UNKNOWN	hexahydrate	hemihydrate; monohydrate; dihydrate; hexahydrate	TRUE	NO_CAS_PROVIDED	10025-70-4	NOT_APPLICABLE(unmapped)	CHEBI:36385	OK	high	The stated hexahydrate is an established form of strontium chloride; known hydrates are hemihydrate; monohydrate; dihydrate; hexahydrate. No exact MIM preferred-term row exists; this CultureMech-only label should be checked against its source recipe before ingestion.	1	NA	NOT_FOUND	NONE
EDTA disodium dihydrate	NOT_IN_MIM	NA	0	UNKNOWN	dihydrate	dihydrate	TRUE	NO_CAS_PROVIDED	6381-92-6	NOT_APPLICABLE(unmapped)	CHEBI:64758	OK	high	The stated dihydrate is an established form of disodium EDTA; known hydrates are dihydrate. No exact MIM preferred-term row exists; this CultureMech-only label should be checked against its source recipe before ingestion.	1	NA	NOT_FOUND	NONE
Na2SO4.10H2O	NOT_IN_MIM	NA	0	UNKNOWN	decahydrate	metastable heptahydrate; decahydrate	TRUE	NO_CAS_PROVIDED	7727-73-3	NOT_APPLICABLE(unmapped)	CHEBI:32586	OK	high	The stated decahydrate is an established form of sodium sulfate; known hydrates are metastable heptahydrate; decahydrate. No exact MIM preferred-term row exists; this CultureMech-only label should be checked against its source recipe before ingestion.	1	NA	NOT_FOUND	NONE
Na EDTA.2H2O	NOT_IN_MIM	NA	0	UNKNOWN	dihydrate	dihydrate	TRUE	NO_CAS_PROVIDED	6381-92-6	NOT_APPLICABLE(unmapped)	CHEBI:64758	OK	high	The stated dihydrate is an established form of disodium EDTA; known hydrates are dihydrate. No exact MIM preferred-term row exists; this CultureMech-only label should be checked against its source recipe before ingestion.	1	NA	NOT_FOUND	NONE
Disodium hydrogen phosphate dodecahydrate	NOT_IN_MIM	NA	0	UNKNOWN	dodecahydrate	dihydrate; heptahydrate; dodecahydrate	TRUE	NO_CAS_PROVIDED	10039-32-4	NOT_APPLICABLE(unmapped)	kgmicrobe.compound:na2hpo4_x_12_h2o	OK	high	The stated dodecahydrate is an established form of disodium hydrogenphosphate; known hydrates are dihydrate; heptahydrate; dodecahydrate. No exact MIM preferred-term row exists; this CultureMech-only label should be checked against its source recipe before ingestion.	1	NA	NOT_FOUND	NONE
Ca(NO3)2.4H2O	NOT_IN_MIM	NA	0	UNKNOWN	tetrahydrate	dihydrate; trihydrate; tetrahydrate	TRUE	NO_CAS_PROVIDED	13477-34-4	NOT_APPLICABLE(unmapped)	CHEBI:86159	OK	high	The stated tetrahydrate is an established form of calcium nitrate; known hydrates are dihydrate; trihydrate; tetrahydrate. No exact MIM preferred-term row exists; this CultureMech-only label should be checked against its source recipe before ingestion.	1	NA	NOT_FOUND	NONE
MgSO .7H2O	NOT_IN_MIM	NA	0	UNKNOWN	heptahydrate	none known for formula as written	FALSE	NO_CAS_PROVIDED	UNKNOWN	NOT_APPLICABLE(unmapped)	UNKNOWN	NEEDS_SOURCE	high	The sulfate formula is incomplete; MgSO4 heptahydrate is likely intended. No exact MIM preferred-term row exists; this CultureMech-only label should be checked against its source recipe before ingestion. Exact-label downstream presence was confirmed in kg-microbe transformed MediaDive exports; no downstream file was changed.	1	NA	NOT_FOUND	CULTUREMECH
Fe(NH4)2(SO4)2.6H2O	NOT_IN_MIM	NA	0	UNKNOWN	hexahydrate	hexahydrate; heptahydrate reported but uncertain	TRUE	NO_CAS_PROVIDED	7783-85-9	NOT_APPLICABLE(unmapped)	CHEBI:76181	OK	high	The stated hexahydrate is an established form of ferrous ammonium sulfate; known hydrates are hexahydrate; heptahydrate reported but uncertain. No exact MIM preferred-term row exists; this CultureMech-only label should be checked against its source recipe before ingestion.	1	NA	NOT_FOUND	NONE
Trisodium citrate dihydrate	NOT_IN_MIM	NA	0	UNKNOWN	dihydrate	dihydrate	TRUE	NO_CAS_PROVIDED	6132-04-3	NOT_APPLICABLE(unmapped)	CHEBI:32142	OK	high	The stated dihydrate is an established form of trisodium citrate; known hydrates are dihydrate. No exact MIM preferred-term row exists; this CultureMech-only label should be checked against its source recipe before ingestion.	1	NA	NOT_FOUND	NONE
ammonium iron(II) sulfate hexahydrate	NOT_IN_MIM	NA	0	UNKNOWN	hexahydrate	hexahydrate; heptahydrate reported but uncertain	TRUE	NO_CAS_PROVIDED	7783-85-9	NOT_APPLICABLE(unmapped)	CHEBI:76181	OK	high	The stated hexahydrate is an established form of ferrous ammonium sulfate; known hydrates are hexahydrate; heptahydrate reported but uncertain. No exact MIM preferred-term row exists; this CultureMech-only label should be checked against its source recipe before ingestion.	1	NA	NOT_FOUND	NONE
Fe2(SO4)3·xH2O	NOT_IN_MIM	NA	0	UNKNOWN	hydrate (unspecified stoichiometry)	trihydrate; hexahydrate; heptahydrate; nonahydrate; decahydrate; dodecahydrate	UNSPECIFIED	NO_CAS_PROVIDED	UNKNOWN	NOT_APPLICABLE(unmapped)	UNKNOWN	NEEDS_SOURCE	low	The label does not establish a unique water stoichiometry for iron(III) sulfate; the original recipe or registry record is required. No exact MIM preferred-term row exists; this CultureMech-only label should be checked against its source recipe before ingestion.	1	NA	NOT_FOUND	CULTUREMECH
FeSO4·7H2O****	NOT_IN_MIM	NA	0	UNKNOWN	heptahydrate	monohydrate; tetrahydrate; pentahydrate; hexahydrate; heptahydrate	TRUE	NO_CAS_PROVIDED	7782-63-0	NOT_APPLICABLE(unmapped)	CHEBI:75836	OK	high	The stated heptahydrate is an established form of iron(II) sulfate; known hydrates are monohydrate; tetrahydrate; pentahydrate; hexahydrate; heptahydrate. No exact MIM preferred-term row exists; this CultureMech-only label should be checked against its source recipe before ingestion.	1	NA	NOT_FOUND	NONE
K2HPO4 x 3 H2O solution (0.1% w/v)	NOT_IN_MIM	NA	0	UNKNOWN	trihydrate	trihydrate; hexahydrate	TRUE	NO_CAS_PROVIDED	16788-57-1	NOT_APPLICABLE(unmapped)	cas:16788-57-1	OK	high	The stated trihydrate is an established form of dipotassium hydrogenphosphate; known hydrates are trihydrate; hexahydrate. No exact MIM preferred-term row exists; this CultureMech-only label should be checked against its source recipe before ingestion.	1	NA	NOT_FOUND	NONE
Fe(NH4)2(SO4)2 x 7H2O	NOT_IN_MIM	NA	0	UNKNOWN	heptahydrate	hexahydrate; heptahydrate reported but uncertain	UNCERTAIN	NO_CAS_PROVIDED	UNKNOWN	NOT_APPLICABLE(unmapped)	UNKNOWN	NEEDS_SOURCE	medium	The exact heptahydrate of ferrous ammonium sulfate could not be settled confidently from established phase evidence; retain UNKNOWN pending the source. No exact MIM preferred-term row exists; this CultureMech-only label should be checked against its source recipe before ingestion.	1	NA	NOT_FOUND	CULTUREMECH
Cysteine HCl x H2O	NOT_IN_MIM	NA	0	UNKNOWN	monohydrate	monohydrate	TRUE	NO_CAS_PROVIDED	7048-04-6	NOT_APPLICABLE(unmapped)	CHEBI:91248	OK	high	The stated monohydrate is an established form of L-cysteine hydrochloride; known hydrates are monohydrate. No exact MIM preferred-term row exists; this CultureMech-only label should be checked against its source recipe before ingestion.	1	NA	NOT_FOUND	NONE
NiCl2 x 6H2O	NOT_IN_MIM	NA	0	UNKNOWN	hexahydrate	monohydrate; dihydrate; tetrahydrate; hexahydrate; low-temperature heptahydrate	TRUE	NO_CAS_PROVIDED	7791-20-0	NOT_APPLICABLE(unmapped)	CHEBI:53542	OK	high	The stated hexahydrate is an established form of nickel(II) chloride; known hydrates are monohydrate; dihydrate; tetrahydrate; hexahydrate; low-temperature heptahydrate. No exact MIM preferred-term row exists; this CultureMech-only label should be checked against its source recipe before ingestion.	1	NA	NOT_FOUND	NONE
Fe(NH4)2(SO4)2 . 7H2O	NOT_IN_MIM	NA	0	UNKNOWN	heptahydrate	hexahydrate; heptahydrate reported but uncertain	UNCERTAIN	NO_CAS_PROVIDED	UNKNOWN	NOT_APPLICABLE(unmapped)	UNKNOWN	NEEDS_SOURCE	medium	The exact heptahydrate of ferrous ammonium sulfate could not be settled confidently from established phase evidence; retain UNKNOWN pending the source. No exact MIM preferred-term row exists; this CultureMech-only label should be checked against its source recipe before ingestion.	1	NA	NOT_FOUND	CULTUREMECH
KAl(SO4)2 . 12H2O	NOT_IN_MIM	NA	0	UNKNOWN	dodecahydrate	dodecahydrate	TRUE	NO_CAS_PROVIDED	7784-24-9	NOT_APPLICABLE(unmapped)	CHEBI:86465	OK	high	The stated dodecahydrate is an established form of potassium aluminium sulfate; known hydrates are dodecahydrate. No exact MIM preferred-term row exists; this CultureMech-only label should be checked against its source recipe before ingestion.	1	NA	NOT_FOUND	NONE
Fe(NH4)2SO4·6H2O	NOT_IN_MIM	NA	0	UNKNOWN	hexahydrate	none known for formula as written	FALSE	NO_CAS_PROVIDED	UNKNOWN	NOT_APPLICABLE(unmapped)	UNKNOWN	NEEDS_SOURCE	high	The Mohr-salt formula is malformed; (NH4)2Fe(SO4)2 hexahydrate is likely intended. No exact MIM preferred-term row exists; this CultureMech-only label should be checked against its source recipe before ingestion.	1	NA	NOT_FOUND	CULTUREMECH
CuCl2 .2H2O	NOT_IN_MIM	NA	0	UNKNOWN	dihydrate	monohydrate (reported); dihydrate	TRUE	NO_CAS_PROVIDED	10125-13-0	NOT_APPLICABLE(unmapped)	CHEBI:86318	OK	high	The stated dihydrate is an established form of copper(II) chloride; known hydrates are monohydrate (reported); dihydrate. No exact MIM preferred-term row exists; this CultureMech-only label should be checked against its source recipe before ingestion.	1	NA	NOT_FOUND	NONE
0.2% FeSO4 . 7H2O	NOT_IN_MIM	NA	0	UNKNOWN	heptahydrate	monohydrate; tetrahydrate; pentahydrate; hexahydrate; heptahydrate	TRUE	NO_CAS_PROVIDED	7782-63-0	NOT_APPLICABLE(unmapped)	CHEBI:75836	OK	high	The stated heptahydrate is an established form of iron(II) sulfate; known hydrates are monohydrate; tetrahydrate; pentahydrate; hexahydrate; heptahydrate. No exact MIM preferred-term row exists; this CultureMech-only label should be checked against its source recipe before ingestion.	1	NA	NOT_FOUND	NONE
Sodium citrate·2H2O	NOT_IN_MIM	NA	0	UNKNOWN	dihydrate	dihydrate	TRUE	NO_CAS_PROVIDED	6132-04-3	NOT_APPLICABLE(unmapped)	CHEBI:32142	OK	high	The stated dihydrate is an established form of trisodium citrate; known hydrates are dihydrate. No exact MIM preferred-term row exists; this CultureMech-only label should be checked against its source recipe before ingestion.	1	NA	NOT_FOUND	NONE
SrCl3 x 6 H2O solution (0.1% w/v)	NOT_IN_MIM	NA	0	UNKNOWN	hexahydrate	none known for formula as written	FALSE	NO_CAS_PROVIDED	UNKNOWN	NOT_APPLICABLE(unmapped)	UNKNOWN	NEEDS_SOURCE	high	SrCl3 is charge-imbalanced; SrCl2 hexahydrate is the likely intended reagent. No exact MIM preferred-term row exists; this CultureMech-only label should be checked against its source recipe before ingestion.	1	NA	NOT_FOUND	CULTUREMECH
Fe(NH4)2(SO4)2 x 7 H2O solution (0.1% w/v)	NOT_IN_MIM	NA	0	UNKNOWN	heptahydrate	hexahydrate; heptahydrate reported but uncertain	UNCERTAIN	NO_CAS_PROVIDED	UNKNOWN	NOT_APPLICABLE(unmapped)	UNKNOWN	NEEDS_SOURCE	medium	The exact heptahydrate of ferrous ammonium sulfate could not be settled confidently from established phase evidence; retain UNKNOWN pending the source. No exact MIM preferred-term row exists; this CultureMech-only label should be checked against its source recipe before ingestion.	1	NA	NOT_FOUND	CULTUREMECH
5% Na2S・9H2O solution (adjusted pH to 7.0)	NOT_IN_MIM	NA	0	UNKNOWN	nonahydrate	dihydrate; pentahydrate; nonahydrate	TRUE	NO_CAS_PROVIDED	1313-84-4	NOT_APPLICABLE(unmapped)	CHEBI:76209	OK	high	The stated nonahydrate is an established form of sodium sulfide; known hydrates are dihydrate; pentahydrate; nonahydrate. No exact MIM preferred-term row exists; this CultureMech-only label should be checked against its source recipe before ingestion.	1	NA	NOT_FOUND	NONE
Na2S . 9H2O solution	NOT_IN_MIM	NA	0	UNKNOWN	nonahydrate	dihydrate; pentahydrate; nonahydrate	TRUE	NO_CAS_PROVIDED	1313-84-4	NOT_APPLICABLE(unmapped)	CHEBI:76209	OK	high	The stated nonahydrate is an established form of sodium sulfide; known hydrates are dihydrate; pentahydrate; nonahydrate. No exact MIM preferred-term row exists; this CultureMech-only label should be checked against its source recipe before ingestion.	1	NA	NOT_FOUND	NONE
(NH4)2(Fe(SO4)2 x 6 H2O solution (0.01% w/v)	NOT_IN_MIM	NA	0	UNKNOWN	hexahydrate	hexahydrate; heptahydrate reported but uncertain	TRUE	NO_CAS_PROVIDED	7783-85-9	NOT_APPLICABLE(unmapped)	CHEBI:76181	OK	high	The stated hexahydrate is an established form of ferrous ammonium sulfate; known hydrates are hexahydrate; heptahydrate reported but uncertain. No exact MIM preferred-term row exists; this CultureMech-only label should be checked against its source recipe before ingestion.	1	NA	NOT_FOUND	NONE
VOSO4·2 H2O	NOT_IN_MIM	NA	0	UNKNOWN	dihydrate	monohydrate; dihydrate; trihydrate; pentahydrate	TRUE	NO_CAS_PROVIDED	UNKNOWN	NOT_APPLICABLE(unmapped)	CHEBI:87009	OK	high	The stated dihydrate is an established form of vanadyl sulfate; known hydrates are monohydrate; dihydrate; trihydrate; pentahydrate. No exact MIM preferred-term row exists; this CultureMech-only label should be checked against its source recipe before ingestion.	1	NA	NOT_FOUND	NONE
MnSO4・5H2O	NOT_IN_MIM	NA	0	UNKNOWN	pentahydrate	monohydrate; dihydrate; tetrahydrate; pentahydrate; hexahydrate; heptahydrate	TRUE	NO_CAS_PROVIDED	13465-27-5	NOT_APPLICABLE(unmapped)	CHEBI:131524	OK	high	The stated pentahydrate is an established form of manganese(II) sulfate; known hydrates are monohydrate; dihydrate; tetrahydrate; pentahydrate; hexahydrate; heptahydrate. No exact MIM preferred-term row exists; this CultureMech-only label should be checked against its source recipe before ingestion.	1	NA	NOT_FOUND	NONE
4 mM Na2S・9H2O solution*	NOT_IN_MIM	NA	0	UNKNOWN	nonahydrate	dihydrate; pentahydrate; nonahydrate	TRUE	NO_CAS_PROVIDED	1313-84-4	NOT_APPLICABLE(unmapped)	CHEBI:76209	OK	high	The stated nonahydrate is an established form of sodium sulfide; known hydrates are dihydrate; pentahydrate; nonahydrate. No exact MIM preferred-term row exists; this CultureMech-only label should be checked against its source recipe before ingestion.	1	NA	NOT_FOUND	NONE
SrCl2x 6 H2O solution (0.1% w/v)	NOT_IN_MIM	NA	0	UNKNOWN	hexahydrate	hemihydrate; monohydrate; dihydrate; hexahydrate	TRUE	NO_CAS_PROVIDED	10025-70-4	NOT_APPLICABLE(unmapped)	CHEBI:36385	OK	high	The stated hexahydrate is an established form of strontium chloride; known hydrates are hemihydrate; monohydrate; dihydrate; hexahydrate. No exact MIM preferred-term row exists; this CultureMech-only label should be checked against its source recipe before ingestion.	1	NA	NOT_FOUND	NONE
KAl(SO4)2·2H2O	NOT_IN_MIM	NA	0	UNKNOWN	dihydrate	dodecahydrate	FALSE	NO_CAS_PROVIDED	UNKNOWN	NOT_APPLICABLE(unmapped)	UNKNOWN	NEEDS_SOURCE	high	No stable dihydrate of potassium aluminium sulfate is established; known hydrate forms are dodecahydrate. No exact MIM preferred-term row exists; this CultureMech-only label should be checked against its source recipe before ingestion.	1	NA	NOT_FOUND	CULTUREMECH
5% (w/v) Na2S・9H2O solution	NOT_IN_MIM	NA	0	UNKNOWN	nonahydrate	dihydrate; pentahydrate; nonahydrate	TRUE	NO_CAS_PROVIDED	1313-84-4	NOT_APPLICABLE(unmapped)	CHEBI:76209	OK	high	The stated nonahydrate is an established form of sodium sulfide; known hydrates are dihydrate; pentahydrate; nonahydrate. No exact MIM preferred-term row exists; this CultureMech-only label should be checked against its source recipe before ingestion.	1	NA	NOT_FOUND	NONE
Na2MoO7・2H2O	NOT_IN_MIM	NA	0	UNKNOWN	dihydrate	none known for formula as written	FALSE	NO_CAS_PROVIDED	UNKNOWN	NOT_APPLICABLE(unmapped)	UNKNOWN	NEEDS_SOURCE	high	The molybdate formula is malformed; Na2MoO4 dihydrate is likely intended. No exact MIM preferred-term row exists; this CultureMech-only label should be checked against its source recipe before ingestion. Exact-label downstream presence was confirmed in kg-microbe transformed MediaDive exports; no downstream file was changed.	1	NA	NOT_FOUND	CULTUREMECH
FeSO4 x 7 H2O solution (0.1% w/v)	NOT_IN_MIM	NA	0	UNKNOWN	heptahydrate	monohydrate; tetrahydrate; pentahydrate; hexahydrate; heptahydrate	TRUE	NO_CAS_PROVIDED	7782-63-0	NOT_APPLICABLE(unmapped)	CHEBI:75836	OK	high	The stated heptahydrate is an established form of iron(II) sulfate; known hydrates are monohydrate; tetrahydrate; pentahydrate; hexahydrate; heptahydrate. No exact MIM preferred-term row exists; this CultureMech-only label should be checked against its source recipe before ingestion.	1	NA	NOT_FOUND	NONE
Na2WO2·2H2O	NOT_IN_MIM	NA	0	UNKNOWN	dihydrate	none known for formula as written	FALSE	NO_CAS_PROVIDED	UNKNOWN	NOT_APPLICABLE(unmapped)	UNKNOWN	NEEDS_SOURCE	high	The tungstate formula is missing oxygen or sodium; Na2WO4 dihydrate is likely intended. No exact MIM preferred-term row exists; this CultureMech-only label should be checked against its source recipe before ingestion.	1	NA	NOT_FOUND	CULTUREMECH
NiCl2 x 6 H2O (0.1% w/v)	NOT_IN_MIM	NA	0	UNKNOWN	hexahydrate	monohydrate; dihydrate; tetrahydrate; hexahydrate; low-temperature heptahydrate	TRUE	NO_CAS_PROVIDED	7791-20-0	NOT_APPLICABLE(unmapped)	CHEBI:53542	OK	high	The stated hexahydrate is an established form of nickel(II) chloride; known hydrates are monohydrate; dihydrate; tetrahydrate; hexahydrate; low-temperature heptahydrate. No exact MIM preferred-term row exists; this CultureMech-only label should be checked against its source recipe before ingestion.	1	NA	NOT_FOUND	NONE
ZnSO4 .7H2O	NOT_IN_MIM	NA	0	UNKNOWN	heptahydrate	monohydrate; tetrahydrate; hexahydrate; heptahydrate	TRUE	NO_CAS_PROVIDED	7446-20-0	NOT_APPLICABLE(unmapped)	CHEBI:32312	OK	high	The stated heptahydrate is an established form of zinc sulfate; known hydrates are monohydrate; tetrahydrate; hexahydrate; heptahydrate. No exact MIM preferred-term row exists; this CultureMech-only label should be checked against its source recipe before ingestion.	1	NA	NOT_FOUND	NONE
VOSO4 . 5H2O	NOT_IN_MIM	NA	0	UNKNOWN	pentahydrate	monohydrate; dihydrate; trihydrate; pentahydrate	TRUE	NO_CAS_PROVIDED	14708-82-8	NOT_APPLICABLE(unmapped)	CHEBI:132758	OK	high	The stated pentahydrate is an established form of vanadyl sulfate; known hydrates are monohydrate; dihydrate; trihydrate; pentahydrate. No exact MIM preferred-term row exists; this CultureMech-only label should be checked against its source recipe before ingestion.	1	NA	NOT_FOUND	NONE
(NH4)2Fe(SO4)2 x 6 H2O solution (0.1% w/v)	NOT_IN_MIM	NA	0	UNKNOWN	hexahydrate	hexahydrate; heptahydrate reported but uncertain	TRUE	NO_CAS_PROVIDED	7783-85-9	NOT_APPLICABLE(unmapped)	CHEBI:76181	OK	high	The stated hexahydrate is an established form of ferrous ammonium sulfate; known hydrates are hexahydrate; heptahydrate reported but uncertain. No exact MIM preferred-term row exists; this CultureMech-only label should be checked against its source recipe before ingestion.	1	NA	NOT_FOUND	NONE
Na2WO4 x 2 H2O solution (0.1% w/v)	NOT_IN_MIM	NA	0	UNKNOWN	dihydrate	monohydrate; dihydrate	TRUE	NO_CAS_PROVIDED	10213-10-2	NOT_APPLICABLE(unmapped)	CHEBI:63939	OK	high	The stated dihydrate is an established form of sodium tungstate; known hydrates are monohydrate; dihydrate. No exact MIM preferred-term row exists; this CultureMech-only label should be checked against its source recipe before ingestion.	1	NA	NOT_FOUND	NONE
Na2glycerophosphate•5H2O	cas:13408-09-8	sn-glycerol 3-phosphate	4	UNKNOWN	pentahydrate	pentahydrate	TRUE	NO_CAS_PROVIDED	13408-09-8	CORRECT	cas:13408-09-8	OK	high	The established pentahydrate is preserved by exact identifier cas:13408-09-8; sn-glycerol 3-phosphate is only the documented NARROW_MATCH parent, not an exact hydrate identity. MIM source fields: mapping_status=MAPPED; mapping_quality=NARROW_MATCH; molecular_formula=NA.	NA	NA	skos:exactMatch	NONE
NaH2PO4•H2O	cas:10049-21-5	sodium dihydrogenphosphate	4	UNKNOWN	monohydrate	monohydrate; dihydrate	TRUE	NO_CAS_PROVIDED	10049-21-5	CORRECT	cas:10049-21-5	OK	high	The established monohydrate is preserved by exact identifier cas:10049-21-5; sodium dihydrogenphosphate is the documented NARROW_MATCH anhydrous parent. MIM source fields: mapping_status=MAPPED; mapping_quality=NARROW_MATCH; molecular_formula=NA.	NA	NA	skos:exactMatch	NONE
Citric Acid•H2O	CHEBI:30769	citric acid	3	UNKNOWN	monohydrate	monohydrate	TRUE	NO_CAS_PROVIDED	5949-29-1	WRONG_TERM_ANHYDROUS	CHEBI:31404	REGROUND	high	Citric acid monohydrate is established, but CHEBI:30769 and C6H8O7 are anhydrous citric acid; the correct hydrate term is CHEBI:31404 and its CAS is 5949-29-1. MIM source fields: mapping_status=MAPPED; mapping_quality=LEXICAL_MATCH; molecular_formula=C6H8O7.	NA	NA	skos:closeMatch	MIM
CaSO4•2H2Osaturated solution	kgmicrobe.ingredient:caso42h2osaturated_solution	CaSO4•2H2Osaturated solution	1	UNKNOWN	dihydrate in saturated solution	hemihydrate; dihydrate	TRUE	NO_CAS_PROVIDED	UNKNOWN	CORRECT	kgmicrobe.ingredient:caso42h2osaturated_solution	OK	high	The solute is established gypsum dihydrate and the local ingredient CURIE preserves solution identity; a unique CAS for the solution is not asserted. MIM source fields: mapping_status=MAPPED; mapping_quality=FALLBACK_REGISTRY; molecular_formula=NA.	NA	NA	skos:closeMatch	NONE
Na2Glycerophosphate.5H2O	UNMAPPED_0081	NA	1	UNKNOWN	pentahydrate	pentahydrate	TRUE	NO_CAS_PROVIDED	13408-09-8	NOT_APPLICABLE(unmapped)	cas:13408-09-8	REGROUND	high	This orthographic duplicate can use the established exact disodium glycerophosphate pentahydrate record cas:13408-09-8. MIM source fields: mapping_status=UNMAPPED; mapping_quality=NA; molecular_formula=NA.	NA	NA	NOT_FOUND	MIM
Na2Glycerophosphate•5H2O	UNMAPPED_0101	NA	1	UNKNOWN	pentahydrate	pentahydrate	TRUE	NO_CAS_PROVIDED	13408-09-8	NOT_APPLICABLE(unmapped)	cas:13408-09-8	REGROUND	high	This orthographic duplicate can use the established exact disodium glycerophosphate pentahydrate record cas:13408-09-8. MIM source fields: mapping_status=UNMAPPED; mapping_quality=NA; molecular_formula=NA.	NA	NA	NOT_FOUND	MIM
b-Mannan borohydrate reduced carob seed	cas:9036-88-8	b-Mannan borohydrate reduced carob seed	0	9036-88-8	not applicable (borohydride-reduced product, not a hydrate)	not applicable	TRUE	OTHER	9036-88-8	CORRECT	cas:9036-88-8	OK	high	Screening false positive: borohydrate or borohydride-reduced describes treatment, not water of crystallization; CAS 9036-88-8 consistently identifies the product. MIM source fields: mapping_status=MAPPED; mapping_quality=FALLBACK_REGISTRY; molecular_formula=C24H42O21.	NA	NA	skos:closeMatch	NONE
CaCl22H2O	CHEBI:86158	calcium chloride dihydrate	0	10035-04-8	dihydrate	monohydrate; dihydrate; tetrahydrate; hexahydrate	TRUE	MATCHES_HYDRATE	10035-04-8	CORRECT	CHEBI:86158	REGROUND	high	Compact CaCl22H2O denotes CaCl2·2H2O; CHEBI:86158, CAS 10035-04-8, and Ca.2Cl.2H2O agree. MIM marks the proposed mapping REJECTED, so restore it after label normalization. MIM source fields: mapping_status=REJECTED; mapping_quality=SYNONYM_MATCH; molecular_formula=Ca.2Cl.2H2O.	NA	NA	NOT_FOUND	MIM
MgSO47H2O	CHEBI:31795	magnesium sulfate heptahydrate	0	10034-99-8	heptahydrate	monohydrate; dihydrate; tetrahydrate; pentahydrate; hexahydrate; heptahydrate; undecahydrate	TRUE	MATCHES_HYDRATE	10034-99-8	CORRECT	CHEBI:31795	REGROUND	high	Compact MgSO47H2O denotes MgSO4·7H2O; CHEBI:31795, CAS 10034-99-8, and 7H2O.Mg.O4S agree. MIM marks the proposed mapping REJECTED, so restore it after label normalization. MIM source fields: mapping_status=REJECTED; mapping_quality=SYNONYM_MATCH; molecular_formula=7H2O.Mg.O4S.	NA	NA	NOT_FOUND	MIM
FeSO43 x n H2O	UNMAPPED_0385	NA	0	UNKNOWN	hydrate (unspecified stoichiometry; base formula malformed)	iron(III) sulfate hydrates exist, but FeSO43 is not a valid neutral salt formula	UNSPECIFIED	NO_CAS_PROVIDED	UNKNOWN	NOT_APPLICABLE(unmapped)	UNKNOWN	NEEDS_SOURCE	high	Variable n leaves hydration unspecified, but FeSO43 is malformed and the intended iron sulfate cannot be recovered confidently without the source; CAS and grounding are absent. MIM source fields: mapping_status=UNMAPPED; mapping_quality=NA; molecular_formula=NA.	NA	NA	NOT_FOUND	MIM
