source_record	record_sha256	identifier	preferred_term	mapping_status	disposition	basis
data/ingredients/mapped/(-)-anisomycin.yaml	1d17b747ec926d550c6ea98666bcb3cf10a1e575dcfc837f9d94396d561b904a	CHEBI:338412	(-)-anisomycin	MAPPED	pass_with_minor_issues	../records.tsv (byte-identical source)
data/ingredients/mapped/(-)-quinic_Acid.yaml	9c9368ef44de08cbd59138916d2a120db321b5bddd69b8610a66f140d0d3898a	CHEBI:17521	(-)-quinic Acid	MAPPED	pass_with_minor_issues	../records.tsv (byte-identical source)
data/ingredients/mapped/(2)-D-lyxose.yaml	62258c9bdabaf8728fafb6923345fe4b24b9956069113896acb16e9631c1451e	CHEBI:62318	D-lyxose	MAPPED	needs_curation	../records.tsv (byte-identical source)
data/ingredients/mapped/(R)-amygdalin.yaml	9f6e3cb70cbde2c2f3d0352b23bde746980d76be60857207d9447016a3d9f574	CHEBI:17019	(R)-amygdalin	MAPPED	pass_with_minor_issues	../records.tsv (byte-identical source)
data/ingredients/mapped/(R)-lactate.yaml	5ecdb54c8474811127e8bb01b8d7753004065329b1574864c8140d635c6ae93d	CHEBI:16004	(R)-lactate	MAPPED	needs_curation	../records.tsv (byte-identical source)
data/ingredients/mapped/(R)-malic_Acid.yaml	0a7229be6c0bd446df2b2130a644881be47e2a021194b732e1855e5703270f89	CHEBI:30796	(R)-malic Acid	MAPPED	pass_with_minor_issues	../records.tsv (byte-identical source)
data/ingredients/mapped/(S)-azetidine-2-carboxylic_Acid.yaml	8e26520c847b822c596a5cc3bf6206fac862adf5a1e2b4b2ed3d6d80ebdab792	CHEBI:6198	(S)-azetidine-2-carboxylic Acid	MAPPED	pass_with_minor_issues	../records.tsv (byte-identical source)
data/ingredients/mapped/(S)-mandelic_Acid.yaml	23414e994a265c4df0b025da1907547eebd137cbd4102e0b9e99035ffb2c70af	CHEBI:32800	(S)-mandelic Acid	MAPPED	pass_with_minor_issues	../records.tsv (byte-identical source)
data/ingredients/mapped/02_Thiamine_Pyrophosphate.yaml	7eece9fb547e213646a2313b9f9bb8f5988f0d13e08d53b2255a33b43f8a659f	kgmicrobe.ingredient:0_2_thiamine_pyrophosphate	0.2% Thiamine pyrophosphate	MAPPED	needs_curation	../records.tsv (byte-identical source)
data/ingredients/mapped/05_M_Nitrilotriacetic_Acid_Disodium_Salt.yaml	91eae6a773cf1630a143147a314e29f37f430a33f885e0340d08978cb58ea74f	kgmicrobe.ingredient:05_m_nitrilotriacetic_acid_disodium_salt	0.5 M Nitrilotriacetic acid, disodium salt	MAPPED	identity_reviewed_other_findings_not_cleared	identity-plan.json
data/ingredients/mapped/1-Kestose.yaml	c3cd932ad6e3dd6b446c499cb8c69bca008dd05bf21dc30acc80368fe1b318e8	CHEBI:16885	1-Kestose	MAPPED	needs_curation	../records.tsv (byte-identical source)
data/ingredients/mapped/1-Pentanol.yaml	d47463e81ebb231c75529caffced6330cdfb1bea8ebc2b517aaaecd12a4e6d19	CHEBI:44884	1-Pentanol	MAPPED	needs_curation	../records.tsv (byte-identical source)
data/ingredients/mapped/1-aminocyclopropane-1-carboxylate.yaml	1e651391a3c74fff1a3bde0312bfd657542ab61b4c83407f4c1450115037234c	CHEBI:18053	1-aminocyclopropane-1-carboxylate	MAPPED	needs_curation	../records.tsv (byte-identical source)
data/ingredients/mapped/1-butanolCO2.yaml	50e87c5ea60a056062c81c01bf5e8ea28a1dc8c8f8e3f20acb27a18ef7f5213d	kgmicrobe.ingredient:1_butanol_co2	1-butanol+CO2	MAPPED	needs_curation	../records.tsv (byte-identical source)
data/ingredients/mapped/1-chlorobutane.yaml	29a80bb0d90697f0c3e5336170cdf978ab47781d224c8f83a69835413a15d2ac	CHEBI:747005	1-chlorobutane	MAPPED	pass_with_minor_issues	../records.tsv (byte-identical source)
data/ingredients/mapped/1-chloropropane.yaml	b0aab9c318f086881a1fd386823724c1a0e88b6b1573b695d3e311c0f17be71f	CHEBI:747004	1-chloropropane	MAPPED	pass_with_minor_issues	../records.tsv (byte-identical source)
data/ingredients/mapped/1-ethyl-3-methylimidazolium_Acetate.yaml	0406799826473dee458b6358022420cc7555ba9ee3fbbd2e0b7689cde32fa6d5	cas:143314-17-4	1-ethyl-3-methylimidazolium acetate	MAPPED	needs_curation	../records.tsv (byte-identical source)
data/ingredients/mapped/1-ethyl-3-methylimidazolium_Chloride.yaml	5b7a8d4808e005f65dda0e933c887e9780d85236ddf4882bb9479f86fe7a41d0	CHEBI:61327	1-ethyl-3-methylimidazolium chloride	MAPPED	pass	../records.tsv (byte-identical source)
data/ingredients/mapped/1-ethyl-3-methylimidazolium_Lysine.yaml	ceb4b7626883ddf513cb4ff1c5259dd6361ca7c540fd10e44bea29b7817f83c8	kgmicrobe.compound:1-ethyl-3-methylimidazolium_lysine	1-ethyl-3-methylimidazolium lysine	MAPPED	needs_curation	../records.tsv (byte-identical source)
data/ingredients/mapped/1-methylphenanthrene.yaml	8cc4a3001604adfe0a69ddf0c97834feb9c579731ac23c8aa5a3d2d27bfddd04	CHEBI:35860	1-methylphenanthrene	MAPPED	pass_with_minor_issues	../records.tsv (byte-identical source)
data/ingredients/mapped/1-naphtylacetic_Acid.yaml	d363ddaae1c24c09e13c37da08078439c8e54a83076624364ff224dee04a649c	CHEBI:32918	1-Naphthylacetic acid	MAPPED	needs_curation	../records.tsv (byte-identical source)
data/ingredients/mapped/1-o-methyl_Alpha-galactopyranoside.yaml	87b7570e196ec20d4f71621c4036e9d1eb555c4ed931f791a11f102f965bca0f	CHEBI:55507	1-o-methyl Alpha-galactopyranoside	MAPPED	needs_curation	../records.tsv (byte-identical source)
data/ingredients/mapped/1-octen-3-ol.yaml	0b48ef0d1a3762aaff60b09ab6b7719bef6279fe0fd60e87688189daad4395ff	CHEBI:34118	1-octen-3-ol	MAPPED	needs_curation	../records.tsv (byte-identical source)
data/ingredients/mapped/1-phenazinecarboxamide.yaml	c76c47f904ae1eeb42385b3543fdbd4eb0bb44dbb3b6a0ec2800645fea481503	CHEBI:62240	1-phenazinecarboxamide	MAPPED	pass_with_minor_issues	../records.tsv (byte-identical source)
data/ingredients/mapped/1-propanolCO2.yaml	7d53441edc57a1c03be337a90e4dfe587a0577b2d89e3cba2c071ee29878110e	kgmicrobe.ingredient:1_propanol_co2	1-propanol+CO2	MAPPED	needs_curation	../records.tsv (byte-identical source)
data/ingredients/mapped/11-Biphenyl-2-ol.yaml	dc60491a8903099e05468b1f6eb280cbad17fdb150d1eccde0eb298c5c32e0d3	CHEBI:17043	[1,1′-Biphenyl]-2-ol	MAPPED	needs_curation	../records.tsv (byte-identical source)
data/ingredients/mapped/112-trichloroethane.yaml	e0ca9c75cc61a05b278e044d4e243ebc1854e3d686895a23510798f9049d00db	CHEBI:36018	1,1,2-Trichloroethane	MAPPED	needs_curation	../records.tsv (byte-identical source)
data/ingredients/mapped/12-Propanediol.yaml	14d023d7d18ed23abf31b8fa97c288b30cd4957f35e1d5e63290d27d01e0e3d7	CHEBI:16997	1,2-Propanediol	MAPPED	needs_curation	../records.tsv (byte-identical source)
data/ingredients/mapped/12-dichloropropane.yaml	daa1826b7708c2094d5b454b451ac75463fedc9f716e26f8a3b90af5fbcc66b9	CHEBI:82163	1,2-Dichloropropane	MAPPED	pass_with_minor_issues	../records.tsv (byte-identical source)
data/ingredients/mapped/13-Butandiol.yaml	67d1757c57f47c9161ff6763b14858ab926b818a8796f8469165ce4e06475f65	CHEBI:52683	1,3-Butanediol	MAPPED	pass_with_minor_issues	../records.tsv (byte-identical source)
data/ingredients/mapped/13-Hexanediol.yaml	b23558fbfa9c1733db50368c0639c58a91fee40726056f0b8477215e99e4f701	cas:21531-91-9	1,3-Hexanediol	MAPPED	pass	../records.tsv (byte-identical source)
data/ingredients/mapped/13-Propanediol.yaml	7d5491352aa59488558c2f2f520d94999d70cdc92bf2f7e50fd2e99ca446a4d7	CHEBI:16109	1,3-Propanediol	MAPPED	pass	../records.tsv (byte-identical source)
data/ingredients/mapped/14-B-D-Galactobiose.yaml	346c00c2a113dc722024aef411d261d3a1a09182303a49695e749f53fb575c22	cas:2152-98-9	1,4-B-D-Galactobiose	MAPPED	needs_curation	../records.tsv (byte-identical source)
data/ingredients/mapped/14-Butanediol.yaml	74b5887ec491eeb6c5f0105dbf97fd961658618af248d954b372ca8e50ad1696	CHEBI:41189	1,4-Butanediol	MAPPED	needs_curation	../records.tsv (byte-identical source)
data/ingredients/mapped/14-naphthoquinone.yaml	74519ba0c232e6754ae9308228823ae8a6ff51525c9d1d15cb70b415eb40206b	CHEBI:27418	1,4-Naphthoquinone	MAPPED	needs_curation	../records.tsv (byte-identical source)
data/ingredients/mapped/15-Pentanediol.yaml	fc54d1228fc469376af11849f4f24d517b1405881c0390dded5bb980cdca2af2	CHEBI:185431	1,5-Pentanediol	MAPPED	pass_with_minor_issues	../records.tsv (byte-identical source)
data/ingredients/mapped/16-Hexanediamine.yaml	526ca6991c57ea6bbfa7ca1b84eea0ca5bb51950e542240714ff1df782453034	cas:124-09-4	1,6-Hexanediamine	MAPPED	needs_curation	../records.tsv (byte-identical source)
data/ingredients/mapped/18-Crown-6.yaml	c0d9f2830b5226ce4cd6b6ae37800de334d8ca7b9688538e5661814aeed8f5ca	CHEBI:32397	18-Crown-6	MAPPED	pass_with_minor_issues	../records.tsv (byte-identical source)
data/ingredients/mapped/2-6-dihydroxybenzoic_Acid.yaml	bf6ad13872c6cc7344c6375052bfbdea93411ae008633acf26cac93be6694bf8	cas:303-07-1	2,6-dihydroxybenzoic acid	MAPPED	needs_curation	../records.tsv (byte-identical source)
data/ingredients/mapped/2-Acetylpyrrole.yaml	68c999e6bca5da4ae9d2296e44cfe958547534debfd03e8bebf9bc21b1c86438	CHEBI:59981	2-Acetylpyrrole	MAPPED	pass_with_minor_issues	../records.tsv (byte-identical source)
data/ingredients/mapped/2-Aminoethylphosphonate.yaml	25dc9a50e431b1178f31a0641a1caa4ceebc8603a0368886cac2d68c5f5f70a6	CHEBI:15573	2-Aminoethylphosphonate	MAPPED	needs_curation	../records.tsv (byte-identical source)
data/ingredients/mapped/2-Azetidinone.yaml	f7e28c779eaf03d6687ab9df8bd6b3bb35406d8a6ad79553b2796f7700af32d8	CHEBI:327119	2-Azetidinone	MAPPED	pass_with_minor_issues	../records.tsv (byte-identical source)
data/ingredients/mapped/2-Chlorobenzoic_acid.yaml	d02d654d0908c1d849a51a828beb7db09e25ca1e15f8feb906e400ce189cc0ad	CHEBI:30793	2-Chlorobenzoic acid	MAPPED	needs_curation	../records.tsv (byte-identical source)
data/ingredients/mapped/2-Deoxy-D-Ribose.yaml	b6128f7ddd369ed67041c0958845fecee40c48cc5c5612a956a84141888509a3	CHEBI:28816	2-Deoxy-D-Ribose	MAPPED	needs_curation	../records.tsv (byte-identical source)
data/ingredients/mapped/2-Deoxy-D-glucose.yaml	ff57b56e0dc51c2bb5c03d6830082e628f1358c09d5bd2c775b9c9c0ce92625a	CHEBI:15866	2-Deoxy-D-glucose	MAPPED	needs_curation	../records.tsv (byte-identical source)
data/ingredients/mapped/2-Deoxy-D-ribonic_Acid_Lithium_Salt.yaml	57e0bbff066972a22942aef00314bb0b1376d48b7ca1805a6d7d0388a70fe781	cas:7284-15-3	2-Deoxy-D-ribonic acid lithium salt	MAPPED	needs_curation	../records.tsv (byte-identical source)
data/ingredients/mapped/2-Deoxyadenosine_5-monophosphate.yaml	5bd46a0771456e074fe710a3666aed24c193c87c461aea1c645be5829a0978b5	CHEBI:17713	2-Deoxyadenosine 5-monophosphate	MAPPED	pass	../records.tsv (byte-identical source)
data/ingredients/mapped/2-Deoxyadenosine_Monohydrate.yaml	234edb342d3ca2141a1d979722b23e9f4541903cd40df75d1871a864cb515edb	cas:16373-93-6	2-Deoxyadenosine monohydrate	MAPPED	pass_with_minor_issues	../records.tsv (byte-identical source)
data/ingredients/mapped/2-Deoxycytidine.yaml	b76baf004597a71122be043d6d2e264d377b35fc4c020c0acaf60263ef2175c7	CHEBI:15698	2'-Deoxycytidine	MAPPED	pass	../records.tsv (byte-identical source)
data/ingredients/mapped/2-Deoxycytidine_5-monophosphate.yaml	eedde4a39bad25dca750aa0703925e2e97c3c715e7b23e74beab9c948a43dbba	CHEBI:15918	2-Deoxycytidine 5-monophosphate	MAPPED	pass	../records.tsv (byte-identical source)
data/ingredients/mapped/2-Ethylhexanol.yaml	dfc43af9d1ebd1dc643f7b9fe4ebf25d3e5c276db3f412097e9525144f5be9bf	CHEBI:16011	2-Ethylhexanol	MAPPED	pass	../records.tsv (byte-identical source)
data/ingredients/mapped/2-Furfuraldehyde.yaml	88f39362d4b3845a33822d9aa3721c95759276ac6f101d8b26395256ccc7041a	CHEBI:34768	2-Furfuraldehyde	MAPPED	pass	../records.tsv (byte-identical source)
data/ingredients/mapped/2-Hydroxy-34-Dimethoxybenzoic_Acid.yaml	6af25289e396f44129f3e7d7f4deb2f405ccdd828553e2313f6dbbdea2954fda	CHEBI:184501	2-Hydroxy-3,4-Dimethoxybenzoic Acid	MAPPED	pass	../records.tsv (byte-identical source)
data/ingredients/mapped/2-Hydroxybutyric_Acid_Sodium_Salt.yaml	8a2c69adcb8c2dff48034d0fdb7c5b271f64da8c03fa4bee355cd70ad9957173	cas:5094-24-6	2-Hydroxybutyric acid sodium salt	MAPPED	needs_curation	../records.tsv (byte-identical source)
data/ingredients/mapped/2-Hydroxypyridine.yaml	157ff59a1e0d6d6aeb7d691c3e7adbc094a4ccb91ba89b2f7ab0731127102ddf	CHEBI:16540	2-Hydroxypyridine	MAPPED	pass_with_minor_issues	../records.tsv (byte-identical source)
data/ingredients/mapped/2-Keto-D-gluconic_Acid_Hemicalcium_Salt_Hydrate.yaml	5d30ccd4eb4f4148e5f06b6753c37739ebf7d5f678a679b9c5220b5c62bb40e1	cas:1040352-40-6	2-Keto-D-gluconic acid hemicalcium salt hydrate	MAPPED	needs_curation	../records.tsv (byte-identical source)
data/ingredients/mapped/2-Keto-D-gluconic_Acid_Hemicalcium_Salt_Monohydrate.yaml	35ffa2d129a9e674a6a9fe7a08665e15e18a7c4c570a5ce30105802e3a7df048	kgmicrobe.compound:2-keto-d-gluconic_acid_hemicalcium_salt_monohydrate	2-Keto-D-gluconic acid hemicalcium salt monohydrate	MAPPED	identity_reviewed_other_findings_not_cleared	identity-plan.json
data/ingredients/mapped/2-Mercaptopyridine_N-oxide_Sodium_Salt.yaml	ec531e594af526c8f53cebf76835381bdd3fb45e805c35ae74c25413c181915a	CHEBI:201738	2-Mercaptopyridine N-oxide sodium salt	MAPPED	pass_with_minor_issues	../records.tsv (byte-identical source)
data/ingredients/mapped/2-Nitrophenol.yaml	a7129e0ed90f6ab1984acc26027154dec6ae075cb8d17788085c248e9bdbcc62	CHEBI:16260	2-Nitrophenol	MAPPED	needs_curation	../records.tsv (byte-identical source)
data/ingredients/mapped/2-Piperidinone.yaml	3584b1ea7932d7d273c6302b1d005b9306b31f5701f07f460c79339ff3b4a784	CHEBI:77761	2-Piperidinone	MAPPED	pass_with_minor_issues	../records.tsv (byte-identical source)
data/ingredients/mapped/2-Sulfobenzoic_Acid.yaml	d0e38cbadd34fc3225b53af8c9f57782b12f7b640df03f1da28ed9e3c3e7d95f	mesh:C028805	2-Sulfobenzoic acid	MAPPED	needs_curation	../records.tsv (byte-identical source)
data/ingredients/mapped/2-_Methylthioethanol.yaml	61e7355ed238c22605893898fe09654c8310154ae3ec988be9a96a998c6edcf9	CHEBI:63861	2-(Methylthio)ethanol	MAPPED	pass_with_minor_issues	../records.tsv (byte-identical source)
data/ingredients/mapped/2-aminobenzoate.yaml	2391740001d3ee531a7320e817c6207d4f06091d4fcec9dd2ff7874100c77607	CHEBI:16567	2-aminobenzoate	MAPPED	needs_curation	../records.tsv (byte-identical source)
data/ingredients/mapped/2-aminopentanoic_Acid.yaml	7d4fe951e65be8c35d273a78b705600d5c3498dead9c1817654acb076cccd295	CHEBI:19475	2-aminopentanoic Acid	MAPPED	pass_with_minor_issues	../records.tsv (byte-identical source)
data/ingredients/mapped/2-bromo-2-nitro-13-propanediol.yaml	1a1c9af996e59b716a885b0682d72c68c353f8365c839f43e9d788fccf5a2a9b	CHEBI:31306	2-bromo-2-nitro-1,3-propanediol	MAPPED	pass_with_minor_issues	../records.tsv (byte-identical source)
data/ingredients/mapped/2-butanolCO2.yaml	fadd8fc30be85b58521508b7521413612db100a3888766d8bb9d7f011bbfa351	kgmicrobe.ingredient:2_butanol_co2	2-butanol+CO2	MAPPED	needs_curation	../records.tsv (byte-identical source)
data/ingredients/mapped/2-chloro-4ethylamino-6-isopropylamino-135-triazine.yaml	30705d7e1866a55fbcb9e5cba58f2ddd34e86073d5cb968bfaa332afab64151b	CHEBI:15930	2-chloro-4ethylamino-6-isopropylamino-1,3,5-triazine	MAPPED	identity_reviewed_other_findings_not_cleared	identity-plan.json
data/ingredients/mapped/2-dehydro-D-gluconate.yaml	e678aa7ecbbf728bd3fc4c843cf290102879373ee0f0834109678936b92443e2	CHEBI:16808	2-dehydro-D-gluconate	MAPPED	needs_curation	../records.tsv (byte-identical source)
data/ingredients/mapped/2-deoxyadenosine.yaml	992a02df42d22c2b42dd432e809d6dcefd0816d270733a044dd0838e77bda930	CHEBI:17256	2-deoxyadenosine	MAPPED	needs_curation	../records.tsv (byte-identical source)
data/ingredients/mapped/2-deoxyinosine.yaml	3b564e63bc115d18b1076b7bdcf5bd8c4b4266b97e5643cf5e267f5d0d9976f5	CHEBI:28997	2'-Deoxyinosine	MAPPED	pass_with_minor_issues	../records.tsv (byte-identical source)
data/ingredients/mapped/2-deoxythymidine-5-4-nitrophenyl_Phosphate.yaml	901ededf2ad1d3f7296d551b8199c3ac580a4847d021417e8a3d46b30f4b2a5e	kgmicrobe.compound:2-deoxythymidine-5-4-nitrophenyl_phosphate	2-deoxythymidine-5'-4-nitrophenyl Phosphate	MAPPED	needs_curation	../records.tsv (byte-identical source)
data/ingredients/mapped/2-deoxyuridine.yaml	83bfa7a3eff6ca4f5bb7075f09697ce983dd2847f19333f70a33fdf575831647	CHEBI:16450	2'-Deoxyuridine	MAPPED	pass_with_minor_issues	../records.tsv (byte-identical source)
data/ingredients/mapped/2-dichloroethane.yaml	91b5fec5e528b107b7a9292f5593dc7c59e537eedc0f831e2b7c1d84e6acc281	CHEBI:27789	1,2-dichloroethane	MAPPED	needs_curation	../records.tsv (byte-identical source)
data/ingredients/mapped/2-fucosyllactose.yaml	bde00bf7772e8836de3a18247e7ba65b7a04c6242c5b59e16e35c97890ebb87a	CHEBI:147155	2'-fucosyllactose	MAPPED	needs_curation	../records.tsv (byte-identical source)
data/ingredients/mapped/2-furoic_Acid.yaml	e1168333c113af616dcadf4d9f651ff17ef0540bcac6e82832dbeda8a8bdbb45	CHEBI:30845	2-Furoic acid	MAPPED	pass_with_minor_issues	../records.tsv (byte-identical source)
data/ingredients/mapped/2-hydroxybutyrate.yaml	3eb429e4d3a91c1eee8f0a59a84ad85bfa1cbb6915ac26d47c25175f2658ffb0	CHEBI:64552	2-hydroxybutyrate	MAPPED	needs_curation	../records.tsv (byte-identical source)
data/ingredients/mapped/2-mercaptoethanesulfonate.yaml	e8f3c1d4d2fa4db30af58424d9f800054d41d1bf7d0531d0a53dad443f276bae	CHEBI:17905	2-Mercaptoethanesulfonate	MAPPED	needs_curation	../records.tsv (byte-identical source)
data/ingredients/mapped/2-mercaptoethanol.yaml	b32f24ce80193042971850fb87c4b1c8836eb8a72b09e9e1bd48ad0cfcfe84bd	CHEBI:41218	2-Mercaptoethanol	MAPPED	needs_curation	../records.tsv (byte-identical source)
data/ingredients/mapped/2-methyl-1-butanol.yaml	94b29c09ab4378a3220ffe8b1db46fcbb8067c8e68f612cd3c0263f733c5df88	CHEBI:48945	2-methyl-1-butanol	MAPPED	pass_with_minor_issues	../records.tsv (byte-identical source)
data/ingredients/mapped/2-methyl-4-isothizaolin-3-one.yaml	8581b1e7af5e0ddc798d8fc313ca42f2664b0ccc674fb25647ae7e055eda304a	CHEBI:53620	2-methyl-4-isothizaolin-3-one	MAPPED	needs_curation	../records.tsv (byte-identical source)
data/ingredients/mapped/2-n-Heptyl-4-hydroxyquinoline_N-oxide.yaml	6bb4dd845d308b1650553b90e19ba47ce74ea922a1e658602fad94627373b19f	CHEBI:28362	2-n-Heptyl-4-hydroxyquinoline N-oxide	MAPPED	pass_with_minor_issues	../records.tsv (byte-identical source)
data/ingredients/mapped/2-naphthyl_Dihydrogen_Phosphate.yaml	a87575e1ee19bf00c13f5d0e48d3f7a1a37169bbfd2d738408385f4b5d2bf5ce	CHEBI:91043	2-naphthyl Dihydrogen Phosphate	MAPPED	pass_with_minor_issues	../records.tsv (byte-identical source)
data/ingredients/mapped/2-naphthyl_Tetradecanoate.yaml	137875d4d9dfaf1551a4d0587097d1f0c14677e535900830ffe62ca8ba456946	CHEBI:90249	2-naphthyl Tetradecanoate	MAPPED	pass_with_minor_issues	../records.tsv (byte-identical source)
data/ingredients/mapped/2-oxobutanoate.yaml	d650202503056a38aa8f9534fa0accb62192b0f1326d18d223669721ec5778f9	CHEBI:16763	2-oxobutanoate	MAPPED	pass_with_minor_issues	../records.tsv (byte-identical source)
data/ingredients/mapped/2-oxobutyric_Acid_Sodium_Salt.yaml	29c226a36ff7126b5b2e97a0c1837dbb4c92c4cc209603765a3a9a66b057485b	cas:2013-26-5	2-oxobutyric acid sodium salt	MAPPED	pass_with_minor_issues	../records.tsv (byte-identical source)
data/ingredients/mapped/2-oxopentanoate.yaml	f89b0fe8d5d869d3b8ce53ce5ec875dea8267688431b44bc39e11f7058c73d6b	CHEBI:28644	2-oxopentanoate	MAPPED	pass_with_minor_issues	../records.tsv (byte-identical source)
data/ingredients/mapped/2-pentyl-furan.yaml	94cb2ba4c189241c647220a604de8dbfb14e6a361ba5e90fd02061330743aaba	CHEBI:89197	2-pentyl-furan	MAPPED	pass_with_minor_issues	../records.tsv (byte-identical source)
data/ingredients/mapped/2-propanolCO2.yaml	52db62c6fe5e368ab51b4c9ea0ff6fa0053ab937dee49cf9965eedb3ee8e1dbe	kgmicrobe.ingredient:2_propanol_co2	2-propanol+CO2	MAPPED	needs_curation	../records.tsv (byte-identical source)
data/ingredients/mapped/2-undecanol.yaml	7bbbfd56f879bcd7877850017a9a12309e0b437a8d79a21158a6436d46975bf1	CHEBI:77930	2-undecanol	MAPPED	pass_with_minor_issues	../records.tsv (byte-identical source)
data/ingredients/mapped/20AA_mix.yaml	a96a0f5565fdace2f151b345f8809f4375ce8c9d43c9e9b5ed8773a6ac939faa	kgmicrobe.ingredient:20aa_mix	20AA_mix	MAPPED	pass_with_minor_issues	../records.tsv (byte-identical source)
data/ingredients/mapped/22-Dipyridyl.yaml	af2ba12ce31a657f021bf003b3e8ca61851e2f458b38885b084b0df4b7af3fed	CHEBI:30351	2,2'-Dipyridyl	MAPPED	needs_curation	../records.tsv (byte-identical source)
data/ingredients/mapped/22-dibromo-2-cyanoacetamide.yaml	deb462390df49e8c5d1a9d14496be7769fdd3ca4d5805ebbc31d947249d6ea8d	cas:10222-01-2	2,2-dibromo-2-cyanoacetamide	MAPPED	pass_with_minor_issues	../records.tsv (byte-identical source)
data/ingredients/mapped/2244688-heptamethylnonane.yaml	d053593ecc2cd59052f7e8aad88c3f4e1d1b28817ad5dd8f5da3e80bf17f4aa1	CHEBI:131383	2,2,4,4,6,8,8-Heptamethylnonane	MAPPED	needs_curation	../records.tsv (byte-identical source)
data/ingredients/mapped/23-butanediol.yaml	476b395efe0252e40793bfb62b9ac213f6892b7fe7957b2dbba6359cccd88b08	CHEBI:62064	2,3-butanediol	MAPPED	needs_curation	../records.tsv (byte-identical source)
data/ingredients/mapped/23-dihydroxybenzoic_Acid.yaml	a9833424856648828345709109550cf6be56264e00acd352a19ad620dc29a401	CHEBI:18026	2,3-dihydroxybenzoic acid	MAPPED	needs_curation	../records.tsv (byte-identical source)
data/ingredients/mapped/235-Triphenyltetrazolium_Chloride.yaml	e2e49590efc40f1fc35fac9bac181d270ac48fc91c3dc3bdebde72904eebc7ae	CHEBI:78019	2,3,5-Triphenyltetrazolium chloride	MAPPED	needs_curation	../records.tsv (byte-identical source)
data/ingredients/mapped/24-Dichlorophenoxyacetic_acid.yaml	626b17319614b1a626558a69fe1a6a8f594434d41b0b45cb8e8ec7837a0c5de8	CHEBI:28854	2,4-Dichlorophenoxyacetic acid	MAPPED	needs_curation	../records.tsv (byte-identical source)
data/ingredients/mapped/24-Dihydroxybenzoic_acid.yaml	ebe160a8769dbcd699deba9ac4c6d2d13c3b0ec16cadc9959c9d26aba0a3807a	CHEBI:42094	2,4-Dihydroxybenzoic acid	MAPPED	needs_curation	../records.tsv (byte-identical source)
data/ingredients/mapped/24-Dinitrophenol.yaml	e62ffbad86917b136ff73f860776187efb823180acec8a6c46f4957dbbab03a7	CHEBI:42017	2,4-Dinitrophenol	MAPPED	pass_with_minor_issues	../records.tsv (byte-identical source)
data/ingredients/mapped/24-diamino-67-di-iso-propylpteridine_phosphate.yaml	b3b4232dc560571960f15affe792bafdd0bca88866f212ade3de5beab8377108	kgmicrobe.compound:24-diamino-67-di-iso-propylpteridine_phosphate	2,4-diamino-6,7-di-iso-propylpteridine phosphate	MAPPED	needs_curation	../records.tsv (byte-identical source)
data/ingredients/mapped/25-Dihydroxy-4-Methoxychalcone.yaml	11d284925fccfb01785579504d0b4fb91898a18fbb3b4dfb2378ab68c2fc07f2	cas:6342-92-3	2',5'-Dihydroxy-4-Methoxychalcone	MAPPED	needs_curation	../records.tsv (byte-identical source)
data/ingredients/mapped/3-Aminophenol.yaml	bc859b3b7215f16b0c7e3935bddc83a6f633f77a8ad6643e80e97ef472fa6e48	CHEBI:28924	3-Aminophenol	MAPPED	needs_curation	../records.tsv (byte-identical source)
data/ingredients/mapped/3-Aminopropionitrile_Fumarate.yaml	9d39b71c60b8ab0c06ab75ae033e48ae01257ee34ea13453f8d2912ae59a0f33	CHEBI:91084	3-Aminopropionitrile Fumarate	MAPPED	pass_with_minor_issues	../records.tsv (byte-identical source)
data/ingredients/mapped/3-Chloro-4-hydroxyphenylacetic_acid.yaml	6e568ac11c2af7524596358b179cf2ceb65470c5e79b70757fed884af49c3272	CHEBI:47106	3-Chloro-4-hydroxyphenylacetic acid	MAPPED	needs_curation	../records.tsv (byte-identical source)
data/ingredients/mapped/3-Chloro-L-tyrosine.yaml	9068e77f796c9714234627754561ef54188cdbd0d80fe3ef5d964093e1da6dc3	CHEBI:53678	3-Chloro-L-tyrosine	MAPPED	needs_curation	../records.tsv (byte-identical source)
data/ingredients/mapped/3-Chloroacrylic_acid.yaml	d1588f04a69c0df8eb15c181bbcdb92aad4620ba5286d956870d1025ec65c1cc	CHEBI:19982	3-Chloroacrylic acid	MAPPED	needs_curation	../records.tsv (byte-identical source)
data/ingredients/mapped/3-Hydroxydecanoic_Acid.yaml	870a86016f35d2178eb860642ace265c3ca2f2fc604d1644932a4bf2993e0435	CHEBI:132983	3-Hydroxydecanoic acid	MAPPED	pass_with_minor_issues	../records.tsv (byte-identical source)
data/ingredients/mapped/3-Hydroxyhexanoic_Acid.yaml	45715ae5475ccaeb64800f0aade7b3795061991d109d6fa00febcca5dc23fe2e	CHEBI:37035	3-Hydroxyhexanoic acid	MAPPED	needs_curation	../records.tsv (byte-identical source)
data/ingredients/mapped/3-Hydroxypropanal.yaml	57371b55b90b1eb9206906a66c75449b7f0cd8641f617d2a04db94304caf0100	CHEBI:17871	3-Hydroxypropanal	MAPPED	needs_curation	../records.tsv (byte-identical source)
data/ingredients/mapped/3-Hydroxypropionate.yaml	b6ce46168d98421fcf455b1b60400abea3a18ca938ff084f174abf144d091f30	CHEBI:16510	3-Hydroxypropionate	MAPPED	needs_curation	../records.tsv (byte-identical source)
data/ingredients/mapped/3-Methyl-2-Oxobutanoic_Acid.yaml	ab4187966f19d48061f3b89ab59ea3e9dd7bb0da2ef0130ef8be88f306203be4	CHEBI:16530	3-Methyl-2-Oxobutanoic Acid	MAPPED	pass_with_minor_issues	../records.tsv (byte-identical source)
data/ingredients/mapped/3-Methyl-2-oxobutanoic_Acid_Sodium_Salt.yaml	10d4f62afda903a70ba139fa63c69cc58c1d38f157396f3b8753c76ef181bd6a	CHEBI:189431	3-Methyl-2-oxobutanoic acid sodium salt	MAPPED	pass_with_minor_issues	../records.tsv (byte-identical source)
data/ingredients/mapped/3-Methylcatechol.yaml	fb1b033d89ac5800b48c4fb7c2752f37cd08aaaa904b71fc96d0b53538b4599d	CHEBI:18404	3-Methylcatechol	MAPPED	pass_with_minor_issues	../records.tsv (byte-identical source)
data/ingredients/mapped/3-Methylglutaric_Acid.yaml	c58c4775164bb6add33c8cf266e31f4e67cad4247df755c946f3aee0f62e6422	CHEBI:68566	3-Methylglutaric acid	MAPPED	pass	../records.tsv (byte-identical source)
data/ingredients/mapped/3-O-Methyl-D-glucopyranose.yaml	658f45ec9c7467128265ac1f7dcf83da9b7d57b6e07b4493704aaa896f6aa455	cas:13224-94-7	3-O-Methyl-D-glucopyranose	MAPPED	needs_curation	../records.tsv (byte-identical source)
data/ingredients/mapped/3-O-methyl-glucose.yaml	94db4b3fd0beec97b1eca146749dfdd9e4d2b0512c51c99c9f24e154003952d1	CHEBI:73918	3-O-methyl-glucose	MAPPED	needs_curation	../records.tsv (byte-identical source)
data/ingredients/mapped/3-O-methyl_Alpha-D-glucopyranoside.yaml	d8df40a7ddf2e476db6f93014fb5f6a896487ff4b39e649a25d8070cc6d572ad	kgmicrobe.compound:3-o-methyl_alpha-d-glucopyranoside	3-O-methyl Alpha-D-glucopyranoside	MAPPED	needs_curation	../records.tsv (byte-identical source)
data/ingredients/mapped/3-O-methylgallate.yaml	d19390c1755ee7bfe2f0d42ac31f6493f5d97a7f0e211579f172acc3809393ec	CHEBI:28647	3-O-methylgallate	MAPPED	needs_curation	../records.tsv (byte-identical source)
data/ingredients/mapped/3-Pyridinesulfonic_Acid.yaml	98e61399867194e5585db42c1ce640c3a679f1694dcaf07ab9add6c36219f32d	cas:636-73-7	3-Pyridinesulfonic acid	MAPPED	pass	../records.tsv (byte-identical source)
data/ingredients/mapped/3-_N-morpholinopropanesulfonic_Acid.yaml	4a35a2accdf85d154e95876ebda72d163d4ba454623dc1be67ff5c81290d0b95	CHEBI:44115	3-(N-morpholino)propanesulfonic acid	MAPPED	needs_curation	../records.tsv (byte-identical source)
data/ingredients/mapped/3-acetylpyridine.yaml	5528b515a7c3c68d5a28960e7ae89771e0de587a794d8231f50b6a6691899b42	CHEBI:166501	3-acetylpyridine	MAPPED	pass_with_minor_issues	../records.tsv (byte-identical source)
data/ingredients/mapped/3-aminobenzoate.yaml	2eed7ff5fcf1864d4b078179c81669bbf6399f6fb0ef409da8eb5284df2e8fb8	CHEBI:30761	3-aminobenzoate	MAPPED	pass	../records.tsv (byte-identical source)
data/ingredients/mapped/3-aminobutyrate.yaml	afed3a0951a59b55ae47a56496b7886c1026bd7c5531e439e5a690657ee57862	CHEBI:87997	3-aminobutyrate	MAPPED	pass_with_minor_issues	../records.tsv (byte-identical source)
data/ingredients/mapped/3-aminobutyric_Acid.yaml	e251b753d79dc0f3f45ccb1ffbb9a82fc61134d23c630d183a4616c93e4b72cb	CHEBI:37081	3-aminobutyric acid	MAPPED	needs_curation	../records.tsv (byte-identical source)
data/ingredients/mapped/3-beta-d-glucan.yaml	1f7e4dca2f03120ad410ed61310a337896bfa032779f7ae38ac3abae60d6ee3b	CHEBI:37671	3-beta-D-glucan	MAPPED	needs_curation	../records.tsv (byte-identical source)
data/ingredients/mapped/3-dehydro-D-gluconate.yaml	7edbac69e901344c5ce0708c59a5bc7316167840a8361cbe4ca9ff396f177a87	CHEBI:85256	3-dehydro-D-gluconate	MAPPED	pass_with_minor_issues	../records.tsv (byte-identical source)
data/ingredients/mapped/3-fucosyllactose.yaml	42b31a88125f2631aa30c20666307b40a494373b1a747d36627a6278dd383f87	cas:41312-47-4	3'-fucosyllactose	MAPPED	needs_curation	../records.tsv (byte-identical source)
data/ingredients/mapped/3-hydroxybenzoate.yaml	1495533eb79cc610126c9e534834fc1ec4bd4eb56fe73afd8c655829efcada28	CHEBI:16193	3-hydroxybenzoate	MAPPED	pass_with_minor_issues	../records.tsv (byte-identical source)
data/ingredients/mapped/3-hydroxybenzoic_Acid.yaml	f6160a3478f4c9f76b8d7a83a84c2b65b0ad5d5c8cca1b82155e5e6d1fdb5ecf	CHEBI:30764	3-Hydroxybenzoic acid	MAPPED	needs_curation	../records.tsv (byte-identical source)
data/ingredients/mapped/3-hydroxybutyrate.yaml	0d7f1b890394b6c09192e6f3de4b9c13aa996d59a0b2c1dbceef578d4b712d9d	CHEBI:37054	3-hydroxybutyrate	MAPPED	pass_with_minor_issues	../records.tsv (byte-identical source)
data/ingredients/mapped/3-hydroxybutyric_Acid.yaml	ae88860da0aed468ee8bf9ab2751050a59459240efcac34d9c0a16dc0744dec2	CHEBI:20067	3-hydroxybutyric acid	MAPPED	needs_curation	../records.tsv (byte-identical source)
data/ingredients/mapped/3-indolyl_Acetic_Acid.yaml	22148559e025f0af3a312d9add22048016742b39ab48fce002fcee0598f0f2d5	CHEBI:16411	3-Indolyl acetic acid	MAPPED	needs_curation	../records.tsv (byte-identical source)
data/ingredients/mapped/3-methyl-1-butanol.yaml	f232c416faee481bf2769263f8f52e1bb7140078004765f081cf7102400a2f16	CHEBI:15837	3-methyl-1-butanol	MAPPED	pass_with_minor_issues	../records.tsv (byte-identical source)
data/ingredients/mapped/3-methyl-2-butenol.yaml	c70cb7070d48c390b0c621082a0e4da1faca5da7d1e1062980579b0b4359b829	CHEBI:16019	3-methyl-2-butenol	MAPPED	pass_with_minor_issues	../records.tsv (byte-identical source)
data/ingredients/mapped/3-methyl-2-oxopentanoic_Acid.yaml	f2b71376730968483736bc5f80a5388669b65cc279d001592b036e4fa553cc0b	CHEBI:35932	3-methyl-2-oxopentanoic acid	MAPPED	pass_with_minor_issues	../records.tsv (byte-identical source)
data/ingredients/mapped/3-methyl-3-butenol.yaml	bda79c3927de479189bd7f8530a2a244c15660ee9c80a10a6c92546f3ed88553	CHEBI:62898	3-methyl-3-butenol	MAPPED	pass_with_minor_issues	../records.tsv (byte-identical source)
data/ingredients/mapped/3-nitropropanoate.yaml	c0a45d88a37d283119796de2fcde77356f0f57fc02ceff7575d5c1789083d625	CHEBI:59899	3-nitropropanoate	MAPPED	needs_curation	../records.tsv (byte-identical source)
data/ingredients/mapped/3-octanone.yaml	528df58b7eb0b1dec434e09614f259a5a8f29364598f453b3305886ddda6a4f3	CHEBI:80946	3-octanone	MAPPED	pass_with_minor_issues	../records.tsv (byte-identical source)
data/ingredients/mapped/3-phenylpropionate.yaml	71bfacda18d30ec4cfbfcb9b2035eaca5096870046c23cb356ddfeef1354271b	CHEBI:51057	3-phenylpropionate	MAPPED	pass_with_minor_issues	../records.tsv (byte-identical source)
data/ingredients/mapped/3-sialyllactose_Sodium_Salt.yaml	56429ef25370e4fcf9496a5e4e8381515d809e658f8c2ae576b4fb1a192a097a	cas:128596-80-5	3'-sialyllactose sodium salt	MAPPED	needs_curation	../records.tsv (byte-identical source)
data/ingredients/mapped/3-trehalosamine.yaml	f13022edaff606b4b0d62c2acc7b3ea5291c0313907f70ed1c88e6c72c2e4f6d	CHEBI:223561	3-trehalosamine	MAPPED	pass_with_minor_issues	../records.tsv (byte-identical source)
data/ingredients/mapped/3-trichloropropane.yaml	e47b3dcb629e6986a6ec12032aae613ceb7c7ae7fb5a2fc3ac937f0e5a3a8a8e	CHEBI:34036	1,2,3-trichloropropane	MAPPED	needs_curation	../records.tsv (byte-identical source)
data/ingredients/mapped/34-Dihydroxyflavone.yaml	296ec518f7547378fac65ffb57f20aaccb83f94fd42194c239a32d25ee5954a7	cas:14919-49-4	3,4'-Dihydroxyflavone	MAPPED	pass_with_minor_issues	../records.tsv (byte-identical source)
data/ingredients/mapped/34-Dihydroxyphenylacetate.yaml	a9bb23eeb22e0fcf8d177fed4603ced51fb9fdb7f5178a061759ce0053e8b831	CHEBI:17612	3,4-Dihydroxyphenylacetate	MAPPED	needs_curation	../records.tsv (byte-identical source)
data/ingredients/mapped/34-Dimethoxyflavone.yaml	5d30fe4dbc2374400f026f1b692e4d0726da37cf2ca5790781d2729404c5d46f	CHEBI:232299	3,4'-Dimethoxyflavone	MAPPED	needs_curation	../records.tsv (byte-identical source)
data/ingredients/mapped/345-Trimethoxycinnamic_acid.yaml	8f09d305c20e786dab56a5fb05f193fe0ba950458879939f094db7eec0a13ed9	CHEBI:566519	3,4,5-Trimethoxycinnamic acid	MAPPED	needs_curation	../records.tsv (byte-identical source)
data/ingredients/mapped/35-Dihydroxybenzoic_acid.yaml	10b469aede1a5d2c37303cf19c88cf335c7ed5435514e436b229704f399a067a	CHEBI:39912	3,5-Dihydroxybenzoic acid	MAPPED	needs_curation	../records.tsv (byte-identical source)
data/ingredients/mapped/35-Dinitrosalicylic_Acid.yaml	d1873daa02609adb06dd711f09d8c16c93ca9cb86606a775db434e353e4975f9	CHEBI:53648	3,5-Dinitrosalicylic acid	MAPPED	pass	../records.tsv (byte-identical source)
data/ingredients/mapped/36-Dihydroxyflavone.yaml	628845a64a375e12c377f909394be37b3bb8ad7c0ab54dab824c94570d3374bf	kgmicrobe.compound:36-dihydroxyflavone	3',6-Dihydroxyflavone	MAPPED	needs_curation	../records.tsv (byte-identical source)
data/ingredients/mapped/4-Acetoxy-3-methoxycinnamic_Acid.yaml	28b49854f326a75c7d14686ca8324b954bdead2a29f7353256b4e3b833adf3a4	CHEBI:86582	4-Acetoxy-3-methoxycinnamic acid	MAPPED	pass	../records.tsv (byte-identical source)
data/ingredients/mapped/4-Amino-5-hydroxymethyl-2-methylpyrimidine.yaml	989198bb02c1215943bcc5a6822f8b57c1704c471a867806baacb51406510cd2	CHEBI:16892	4-Amino-5-hydroxymethyl-2-methylpyrimidine	MAPPED	needs_curation	../records.tsv (byte-identical source)
data/ingredients/mapped/4-Anisaldehyde.yaml	877ac4ac98f9d4859557fe8fafe3d13f59b5b6697e1ab4afaac039782244a07b	CHEBI:28235	4-Anisaldehyde	MAPPED	pass	../records.tsv (byte-identical source)
data/ingredients/mapped/4-Cresol.yaml	7c77b3e14c6b5f9cefa48135383f5f979af3c9e6f0e48e1b38a828b6b950caba	CHEBI:17847	4-Cresol	MAPPED	needs_curation	../records.tsv (byte-identical source)
data/ingredients/mapped/4-Deoxypyridoxine.yaml	5e0af4d515dd81e5a65ddb12a8930a7736036e4e8f3d3000c74da0b66d94b4c7	CHEBI:65083	4-Deoxypyridoxine	MAPPED	needs_curation	../records.tsv (byte-identical source)
data/ingredients/mapped/4-Hydroxyacetophenone.yaml	39767c48376baa5d9106508d15f740bdcc754d53586aeb37a6419f2c3aa4ef0f	CHEBI:28032	4-Hydroxyacetophenone	MAPPED	pass	../records.tsv (byte-identical source)
data/ingredients/mapped/4-Hydroxybenzaldehyde.yaml	26708596b1e101638e7244d761c1ca228529d533069bd6e2ebad6985e61b0744	CHEBI:17597	4-Hydroxybenzaldehyde	MAPPED	pass_with_minor_issues	../records.tsv (byte-identical source)
data/ingredients/mapped/4-Hydroxymandelic_Acid_Monohydrate.yaml	0654ea9993b21a11beb4bbf8585d5cd60a2e44f86e7490a750857127a3ea81fb	cas:184901-84-6	4-Hydroxymandelic acid monohydrate	MAPPED	needs_curation	../records.tsv (byte-identical source)
data/ingredients/mapped/4-Hydroxynonanoic_Acid.yaml	6959b2a3ac04946b178242b5a31f9d47dd65988574b9fe95e9f2838202757547	CHEBI:165411	4-Hydroxynonanoic acid	MAPPED	pass	../records.tsv (byte-identical source)
data/ingredients/mapped/4-Hydroxynonenal.yaml	bae45d2ab0f6bdf92477de089014bf8fee6c4deb7bbba9cde2d66e7e6e1ca4b7	CHEBI:142593	4-Hydroxynonenal	MAPPED	needs_curation	../records.tsv (byte-identical source)
data/ingredients/mapped/4-Hydroxyphenylpropionic_Acid.yaml	ff37f8319b3e7e4f7780c19b2065c5b18cfc747a21aad85fe0cfa2891659d50e	CHEBI:32980	4-Hydroxyphenylpropionic acid	MAPPED	pass	../records.tsv (byte-identical source)
data/ingredients/mapped/4-Methoxyflavone.yaml	f01eed79b5e6bd6fe46371298f021c00308c103c8828c9956134c52225acb768	cas:4143-74-2	4'-Methoxyflavone	MAPPED	pass_with_minor_issues	../records.tsv (byte-identical source)
data/ingredients/mapped/4-Methyl-2-oxopentanoic_Acid_Sodium_Salt.yaml	92f14fe20e0800055755f55293278dcf53f0b241726501d65235ed8e12d192a6	cas:4502-00-5	4-Methyl-2-oxopentanoic acid sodium salt	MAPPED	needs_curation	../records.tsv (byte-identical source)
data/ingredients/mapped/4-Methyl-2-oxovaleric_Acid.yaml	8de711f4ed9b972971a6ecce2fcb1e7e790b245b92efadbe48dc854a5f601c8b	CHEBI:48430	4-Methyl-2-oxovaleric acid	MAPPED	needs_curation	../records.tsv (byte-identical source)
data/ingredients/mapped/4-Methylimidazole.yaml	7f6f64f3812d1c6267c8174d2536548c73cd3734f5501807f4e99adf843e03fa	CHEBI:40035	4-Methylimidazole	MAPPED	pass	../records.tsv (byte-identical source)
data/ingredients/mapped/4-Pyridoxic_Acid.yaml	869bee2538e8475c7993a2582fbd83adaec8087b22c56f4286908beaa74dd4b3	CHEBI:17405	4-Pyridoxic acid	MAPPED	needs_curation	../records.tsv (byte-identical source)
data/ingredients/mapped/4-acetoxyphenol.yaml	b43ef9032162790c2ca7b4c7a61c3b76c5193cb334c099cdf3a77ec7a5d45301	CHEBI:31128	4-acetoxyphenol	MAPPED	pass	../records.tsv (byte-identical source)
data/ingredients/mapped/4-aminobenzoate.yaml	927670adb571f96eaccb4f2f0d7da5b633cdf4f68a75cbd3b3faab0df18430b8	CHEBI:17836	4-Aminobenzoate	MAPPED	needs_curation	../records.tsv (byte-identical source)
data/ingredients/mapped/4-aminobutyrate.yaml	81cda698c0a83434935448791dfa636fa36996869bd690e426687b8a6783b0fa	CHEBI:30566	4-aminobutyrate	MAPPED	pass_with_minor_issues	../records.tsv (byte-identical source)
data/ingredients/mapped/4-azido-L-phenylalanine.yaml	cacd5a77c0591dcc655e4b541d02bbc8377da1c68d30bee5224e2020678f7439	CHEBI:228211	4-azido-L-phenylalanine	MAPPED	needs_curation	../records.tsv (byte-identical source)
data/ingredients/mapped/4-benzoyl-L-phenylalanine.yaml	a53fc5024d891402ec795e24935985f193aac4f7322a19707a25b5a9a90f2173	CHEBI:44718	4-benzoyl-L-phenylalanine	MAPPED	pass	../records.tsv (byte-identical source)
data/ingredients/mapped/4-coumarate.yaml	6e5dc219dce4be3c15c32c96addfcce2b82da6dbe528dcce3495bfc974afd4b5	CHEBI:32373	4-coumarate	MAPPED	pass	../records.tsv (byte-identical source)
data/ingredients/mapped/4-dihydroxy-biphenyl.yaml	bad5172077ef7fc6340021739d7be227a9a5c78ec64a04c7ef4e8aa088cfe9ec	CHEBI:34367	4,4'-dihydroxybiphenyl	MAPPED	needs_curation	../records.tsv (byte-identical source)
data/ingredients/mapped/4-guanidinobutyric_Acid.yaml	b9c8bbc818efe488bb61564f51aed9a937eb048c23f3f0c5ba03ae1e6c8600e6	CHEBI:15728	4-Guanidinobutyric acid	MAPPED	pass	../records.tsv (byte-identical source)
data/ingredients/mapped/4-hydroxy-L-proline.yaml	c7db743c965f3c410f21127d5c94b44e8cd57862228e75dce3c6416cac353ebc	CHEBI:18240	4-hydroxy-L-proline	MAPPED	pass	../records.tsv (byte-identical source)
data/ingredients/mapped/4-hydroxybenzoic_Acid.yaml	cae1ec3d296a45ead933f3b9ba692af141c9634d7e453c0f44d30e94f42a2beb	CHEBI:30763	4-Hydroxybenzoic acid	MAPPED	pass	../records.tsv (byte-identical source)
data/ingredients/mapped/4-hydroxybutyrate.yaml	085dff6f7ae4e525e11aec1ccc25fab94296843855b6f98ecfae539469c16bec	CHEBI:16724	4-hydroxybutyrate	MAPPED	pass	../records.tsv (byte-identical source)
data/ingredients/mapped/4-hydroxybutyric_Acid.yaml	6781a19b96e24d37da9475dddafb149c9462e37b0f8c397f598ca8a8d7f155f0	CHEBI:30830	4-hydroxybutyric acid	MAPPED	needs_curation	../records.tsv (byte-identical source)
data/ingredients/mapped/4-hydroxychalcone.yaml	b5282734f19c560ff183f18329901557586753cf2bb33fb14a354790d9541b73	CHEBI:34423	4-hydroxychalcone	MAPPED	pass	../records.tsv (byte-identical source)
data/ingredients/mapped/4-hydroxyphenyl_Acetic_Acid.yaml	ce453fe01660537285720b57586f1f141fd88da554845ee0731d49bc508860b8	CHEBI:18101	4-Hydroxyphenyl acetic acid	MAPPED	needs_curation	../records.tsv (byte-identical source)
data/ingredients/mapped/4-methylumbelliferone_Beta-d-glucuronide.yaml	7e4116f7a08f4513fb9e79d6821481bc28ddbc6ca872e4e20933dba8eae04665	CHEBI:1904	4-methylumbelliferone Beta-D-glucuronide	MAPPED	pass	../records.tsv (byte-identical source)
data/ingredients/mapped/4-nitrophenyl_6-O-phosphono-beta-D-galactoside.yaml	f8f8b4f42e0fd01db68dc37873dc4257367081b67169413d7a3f940de9f159fe	CHEBI:90128	4-nitrophenyl 6-O-phosphono-beta-D-galactoside	MAPPED	pass	../records.tsv (byte-identical source)
data/ingredients/mapped/4-nitrophenyl_Alpha-D-galactoside.yaml	a25722a1cb9b12fbfaa94600dea13acadd4e759eb1586ccbea31ae8fdca39196	CHEBI:546840	4-nitrophenyl Alpha-D-galactoside	MAPPED	pass	../records.tsv (byte-identical source)
data/ingredients/mapped/4-nitrophenyl_Alpha-D-glucopyranoside.yaml	cdd3bc750e79e6976d0a6df8c13d7c4e0fde14f990e93bf1fbb748ce9d58fe08	CHEBI:91122	4-nitrophenyl Alpha-D-glucopyranoside	MAPPED	pass_with_minor_issues	../records.tsv (byte-identical source)
data/ingredients/mapped/4-nitrophenyl_Beta-D-galactopyranoside.yaml	6e2f802d56a9def864513a62f247213e10edd48445162a48a077e75441a65d77	CHEBI:355715	4-nitrophenyl beta-D-galactopyranoside	MAPPED	needs_curation	../records.tsv (byte-identical source)
data/ingredients/mapped/4-nitrophenyl_Beta-D-glucopyranoside.yaml	6b2c429b4b4ffed37693374d2f083daedfb57dd5691d73e156e783b6d647ba13	CHEBI:90259	4-nitrophenyl Beta-D-glucopyranoside	MAPPED	pass_with_minor_issues	../records.tsv (byte-identical source)
data/ingredients/mapped/4-nitrophenyl_Beta-D-glucuronide.yaml	266e9c6b7263dfff6364eafd3371b4360070b586c2d3a47e2aaf924b4fe387ea	CHEBI:90146	4-nitrophenyl Beta-D-glucuronide	MAPPED	pass	../records.tsv (byte-identical source)
data/ingredients/mapped/4-nitrophenyl_Beta-D-xylopyranoside.yaml	d1432e18eecf688f931595fa114db8bb61a6bf5c1fbe300501e1b5c82a9b8007	CHEBI:90148	4-nitrophenyl Beta-D-xylopyranoside	MAPPED	pass_with_minor_issues	../records.tsv (byte-identical source)
data/ingredients/mapped/4-nitrophenyl_N-acetyl-beta-D-glucosaminide.yaml	c70e6205ea4eb7d257133519d1e4305c1fdd2a9ca084c075b33b46c488138390	CHEBI:90343	4-nitrophenyl N-acetyl-beta-D-glucosaminide	MAPPED	pass	../records.tsv (byte-identical source)
data/ingredients/mapped/4-nitrophenyl_Phosphate.yaml	95f3f645efdf8866a8e4037fe7543c9f80a6988c1b39905df8e4a92ae420c4a4	CHEBI:17440	4-nitrophenyl Phosphate	MAPPED	pass	../records.tsv (byte-identical source)
data/ingredients/mapped/4-oxopentanoate.yaml	9f727010aab06fb4b49f95f5eec134d2a3ff1b66489bd1d816aae7cbdb8087fd	CHEBI:39150	4-oxopentanoate	MAPPED	pass	../records.tsv (byte-identical source)
data/ingredients/mapped/4-vinylphenol.yaml	8d4c406e24cbb343fb17cd6345b6628caf2e27ca07510c73c8ff2376a815c0f9	CHEBI:1883	4-vinylphenol	MAPPED	needs_curation	../records.tsv (byte-identical source)
data/ingredients/mapped/4_Carbon_Mix.yaml	c0d9b65b11631a4bebc1dda5d329df27eac2bc8f36c4c7897ab65110d174cdae	kgmicrobe.ingredient:4_carbon_mix	4 Carbon Mix	MAPPED	pass	../records.tsv (byte-identical source)
data/ingredients/mapped/4h-pyran-4-one.yaml	486cac11f454a6639dc5397bc40c02acea3a92d64a05d001518b0db706f33145	CHEBI:37966	4h-pyran-4-one	MAPPED	pass	../records.tsv (byte-identical source)
data/ingredients/mapped/5-Aminolevulinic_Acid.yaml	5db988cbc1862a142c35787afafa854afe37d2dbae5957a2dacf4ad694b23047	CHEBI:17549	5-Aminolevulinic acid	MAPPED	needs_curation	../records.tsv (byte-identical source)
data/ingredients/mapped/5-Azacytidine.yaml	6512ee55083c9a7b521edf225706be76d6db6755ec41d997a3219772e4102914	CHEBI:2038	5-Azacytidine	MAPPED	pass	../records.tsv (byte-identical source)
data/ingredients/mapped/5-Deoxy-5-fluorocytidine.yaml	bc50755fb32f7e3d78c93d7fc54b52d882c01569f0659d033828e2322e4d80b6	CHEBI:80627	5'-Deoxy-5-fluorocytidine	MAPPED	pass	../records.tsv (byte-identical source)
data/ingredients/mapped/5-Fluorodihydropyrimidine-24-dione.yaml	da06ce3de977255ac469dbb3f58e80ff93d41668d492510a52b3d79413d4b79a	CHEBI:80624	5-Fluorodihydropyrimidine-2,4-dione	MAPPED	pass	../records.tsv (byte-identical source)
data/ingredients/mapped/5-Fluoroorotic_Acid_Hydrate.yaml	6abd2c9c99b2b69e621f8d9af7086abcd6dfa3290ac06b2e42a018528f8fe848	cas:207291-81-4	5-Fluoroorotic acid hydrate	MAPPED	needs_curation	../records.tsv (byte-identical source)
data/ingredients/mapped/5-Hydroxydodecanoate.yaml	13177c872b3d36f38f0f9031617feb070324fed1ff05c6e21f1223ca3b7262c8	CHEBI:195418	5-Hydroxydodecanoate	MAPPED	pass	../records.tsv (byte-identical source)
data/ingredients/mapped/5-Hydroxymethylfurfural.yaml	2edfc8e648c88e73037e4df02a7ee532a97c94551994e65a3a4434d19903321f	CHEBI:412516	5-Hydroxymethylfurfural	MAPPED	pass	../records.tsv (byte-identical source)
data/ingredients/mapped/5-Hydroxyoctanoate.yaml	bf2bca6a49d63c0d35e8cc7e31bb85aa21e746c98811c257f26f072780441f3d	CHEBI:180039	5-Hydroxyoctanoate	MAPPED	pass	../records.tsv (byte-identical source)
data/ingredients/mapped/5-Keto-D-Gluconic_Acid_Potassium_Salt.yaml	4715d7c9d7bb965f7f3db53cf64b2cfb1ac1a748dc0af3b38ca38ca5c888e42f	cas:91446-96-7	5-Keto-D-Gluconic Acid potassium salt	MAPPED	needs_curation	../records.tsv (byte-identical source)
data/ingredients/mapped/5-_2-thienyl-pentanoic_Acid.yaml	f8fb55ddc53b049d4867c129e8053102d5b58cb231d881fb5e447684827d724f	cas:21010-06-0	5-(2-thienyl)-pentanoic acid	MAPPED	pass	../records.tsv (byte-identical source)
data/ingredients/mapped/5-aminovaleric_Acid.yaml	c619f43c8d0bab3cf84ebb74359aa9d005b56e118ba3ef4639d3702b340d8df7	CHEBI:15887	5-Aminovaleric acid	MAPPED	needs_curation	../records.tsv (byte-identical source)
data/ingredients/mapped/5-dehydro-D-gluconate.yaml	9ec538f8795095f65129d970c0791ffadb6a4468d93e45e8f72830b3d87301db	CHEBI:58143	5-dehydro-D-gluconate	MAPPED	needs_curation	../records.tsv (byte-identical source)
data/ingredients/mapped/5-deoxy-5-_Methylthioadenosine.yaml	62c551988cc3368e1fcda9d551dbd3e5c6a5db1443654ededaf6ad60cafb2ec6	CHEBI:17509	5'-Deoxy-5'-(methylthio)adenosine	MAPPED	pass_with_minor_issues	../records.tsv (byte-identical source)
data/ingredients/mapped/5-didehydro-D-gluconic_Acid.yaml	37fc8a271ac0f496d58ec5a79d1e0dd7fbcf1cdea7c9b1a8aec6f8cff224ff5f	CHEBI:18281	2,5-didehydro-D-gluconic acid	MAPPED	needs_curation	../records.tsv (byte-identical source)
data/ingredients/mapped/5-fluorouracil.yaml	f81af2351b4f738839ee1a9b37d8ac576b3c810e45641b6d99a572dc06b19075	CHEBI:46345	5-fluorouracil	MAPPED	pass	../records.tsv (byte-identical source)
data/ingredients/mapped/5-methyluridine.yaml	e73fc94a76689f7c94c818a0c187f87e33b48db9f6ee0c44223cf08edc6ff9cc	CHEBI:45996	5-methyluridine	MAPPED	pass	../records.tsv (byte-identical source)
data/ingredients/mapped/5-oxoproline.yaml	656a85df7f48f6afbb4aed18261066db48879afea0f38de36851ffe604cce514	CHEBI:16010	5-oxoproline	MAPPED	pass	../records.tsv (byte-identical source)
data/ingredients/mapped/5-trimethoxybenzoate.yaml	f448316b3399201e1ee2da1d339fdfa39a326fb6f01595a498d4ec6d2a10da30	CHEBI:58989	3,4,5-trimethoxybenzoate	MAPPED	needs_curation	../records.tsv (byte-identical source)
data/ingredients/mapped/56-dihydro-5-azathymidine.yaml	047fecec23cd83e2c03ad8c2c59dc1c326d0f461f646bb96b6c81e08080cf901	mesh:C014480	5,6-dihydro-5-azathymidine	MAPPED	pass_with_minor_issues	../records.tsv (byte-identical source)
data/ingredients/mapped/574-Trimethoxyisoflavone.yaml	680ae8e3d3554def567628209e17c119f3cff33df8539ebe360a23c584bee311	cas:1162-82-9	5,7,4'-Trimethoxyisoflavone	MAPPED	pass_with_minor_issues	../records.tsv (byte-identical source)
data/ingredients/mapped/5z-4-bromo-5-_Bromomethylene-2_5h-furanone.yaml	8223cf0850d546147c2881bcfc0253795b5761176050d423f8691c5d0097985b	cas:247167-54-0	(5z)-4-bromo-5-(bromomethylene)-2(5h)-furanone	MAPPED	pass	../records.tsv (byte-identical source)
data/ingredients/mapped/6-Hydroxyflavone.yaml	0ca5e295e5f835a6e4ba46327c2322b52a697d869fe75b90efe926f333f8597a	CHEBI:34472	6-Hydroxyflavone	MAPPED	pass_with_minor_issues	../records.tsv (byte-identical source)
data/ingredients/mapped/6-O-Acetyl-D-glucose.yaml	38cdc303f8d0473f059bf3d62092132692d95f70c04a671908f1a589a1a3fa7c	CHEBI:17901	6-O-Acetyl-D-glucose	MAPPED	needs_curation	../records.tsv (byte-identical source)
data/ingredients/mapped/6-O-sialyllactose_Sodium_Salt.yaml	f2ddbc9dd0209c5ed904ebfa976bbc245cc84d951f57c4d0a91a6c10bad0ba41	cas:157574-76-0	6'-O-sialyllactose sodium salt	MAPPED	needs_curation	../records.tsv (byte-identical source)
data/ingredients/mapped/6-Pentyl-2H-pyran-2-one.yaml	ae353f6e1c9e32c270b59bcdb02ee308105267e0febeeedc1a2b7fc0fb394f8c	cas:27593-23-3	6-Pentyl-2H-pyran-2-one	MAPPED	pass	../records.tsv (byte-identical source)
data/ingredients/mapped/6-deoxy-d-galactose.yaml	2d3b1b7ae294523dfc6b9bced05906c2424448b19bdc0ed7596efe3872fefe8d	CHEBI:2179	6-deoxy-D-galactose	MAPPED	needs_curation	../records.tsv (byte-identical source)
data/ingredients/mapped/6-hydroxypyridine-3-carboxylic_Acid.yaml	a99c18471f3873e7894f505659444b702e58b9f450bb237b6e2fdc4149f88d29	CHEBI:16168	6-hydroxypyridine-3-carboxylic acid	MAPPED	pass_with_minor_issues	../records.tsv (byte-identical source)
data/ingredients/mapped/6-methoxy-2_3h-benzoxazolone.yaml	707a1ea041a1ec22c2f231c9a46689b06216349c7dcbfa78270e5ca6bbd18571	CHEBI:173101	6-methoxy-2(3H)-benzoxazolone	MAPPED	pass_with_minor_issues	../records.tsv (byte-identical source)
data/ingredients/mapped/7-Hydro-8-methylpteroylglutamylglutamic_Acid.yaml	225898606ea30a08d73f0189badce4026081c917b605eddf19d0fb18d6e79699	mesh:C052093	7-Hydro-8-methylpteroylglutamylglutamic acid	MAPPED	pass_with_minor_issues	../records.tsv (byte-identical source)
data/ingredients/mapped/7-hydroxyflavone.yaml	be85b69fb988397854e68903b775b0ab68116399d6bb4d590f4f7261e31c07bd	CHEBI:2268	7-hydroxyflavone	MAPPED	pass_with_minor_issues	../records.tsv (byte-identical source)
data/ingredients/mapped/72-Dihydroxyflavone.yaml	0f81bd24ac23541acf8d1b9a9b64ee672cfb0578228e9162da30a82edeb67554	cas:77298-66-9	7,2'-Dihydroxyflavone	MAPPED	pass	../records.tsv (byte-identical source)
data/ingredients/mapped/8-azaguanine.yaml	182d206c60b07b4edb9fb56d001df88311331e9d564f852c6fb4813f91012d1c	CHEBI:63486	8-azaguanine	MAPPED	pass	../records.tsv (byte-identical source)
data/ingredients/mapped/8-hydroxy-nitroquinoline.yaml	a69a87cfc622aee617763b7adf86a6853a4351b2de64cd8cffb981b5673f52b2	CHEBI:67121	8-hydroxy-nitroquinoline	MAPPED	pass_with_minor_issues	../records.tsv (byte-identical source)
data/ingredients/mapped/84_GL_NaHCO3_Solution.yaml	1a8f4136f2de11105febf3112e5ca27fd95fcf9266ca1bb2283210267f70a509	kgmicrobe.ingredient:84_gl_nahco3_solution	84 g/L NaHCO3 solution	MAPPED	needs_curation	../records.tsv (byte-identical source)
data/ingredients/mapped/A-Cyclodextrin.yaml	b8b0cdff9ec1b79cb23d8b4b3ba2439530fe37513e956df099a896a3591d714d	CHEBI:40585	a-Cyclodextrin	MAPPED	needs_curation	../records.tsv (byte-identical source)
data/ingredients/mapped/A-Ketoglutaric_Acid_Disodium_Salt_Hydrate.yaml	09dcea028f806cc4d490096bd79e8e1391c27d23ff523f97e732016ab83f0450	cas:305-72-6	a-Ketoglutaric acid disodium salt hydrate	MAPPED	needs_curation	../records.tsv (byte-identical source)
data/ingredients/mapped/AQDS.yaml	0d70097612d9e5c0c4855bb8d86dc22fbbfc754f09a553819f5f1fcb5fa0eb29	cas:853-68-9	AQDS	MAPPED	needs_curation	../records.tsv (byte-identical source)
data/ingredients/mapped/ATCC_Wolfes_Mineral_Mix.yaml	d1a3c0cd0b18a8df04ba988240ea929afbff4c94b0bad76ea348c12c9129ebf4	kgmicrobe.ingredient:atcc_wolfes_mineral_mix	ATCC Wolfe's mineral mix	MAPPED	pass	../records.tsv (byte-identical source)
data/ingredients/mapped/ATCC_Wolfes_Mineral_Mix_Minus_Iron.yaml	8553e4196c85d38473e2193a5335c8cb6e849c4b5348d1288afae40911e7034c	kgmicrobe.ingredient:atcc_wolfes_mineral_mix_minus_iron	ATCC Wolfe's mineral mix minus iron	MAPPED	needs_curation	../records.tsv (byte-identical source)
data/ingredients/mapped/ATCC_Wolfes_Vitamin_Mix.yaml	e4acefec68bb48d0906b6fca5e7b72b48e25aac8551bcb666d1bc6ce2edc0e10	kgmicrobe.ingredient:atcc_wolfes_vitamin_mix	ATCC Wolfe's vitamin mix	MAPPED	pass	../records.tsv (byte-identical source)
data/ingredients/mapped/A_Trace_Components.yaml	5766dba74fa8e73b5f7ca8eff0af8dbcb1ee7bf8d78ff21f817699d3f8c749a4	kgmicrobe.ingredient:a_trace_components	A+ Trace Components	MAPPED	needs_curation	../records.tsv (byte-identical source)
data/ingredients/mapped/Abietic_Acid.yaml	ddda25b8221827975910b3521d42de657bae0d073094ac230708d7a915f4fd7a	CHEBI:28987	Abietic Acid	MAPPED	pass_with_minor_issues	../records.tsv (byte-identical source)
data/ingredients/mapped/Abikoviromycin.yaml	53ae5af9b1a055f4af670cc8c37d4d0061d2ff29a9c3678700af071e657e3683	CHEBI:210557	Abikoviromycin	MAPPED	pass	../records.tsv (byte-identical source)
data/ingredients/mapped/Abscisic_Acid.yaml	630165973142c6c75c5f1ce1f5c90dabc02f20b01872f67b3a302dc957a24210	CHEBI:2365	Abscisic acid	MAPPED	pass_with_minor_issues	../records.tsv (byte-identical source)
data/ingredients/mapped/Aburamycin_A.yaml	1e8bbe2d44aa052f9611807ae18068c5c80de30eafbd1ceafa8246cc499b7601	kgmicrobe.compound:aburamycin_a	Aburamycin A	MAPPED	needs_curation	../records.tsv (byte-identical source)
data/ingredients/mapped/Abyssomicin_B.yaml	efe32f4e766299de8dfb6b2ded78214ca6c97186a7bead132e1fdf37400cf46f	kgmicrobe.compound:abyssomicin_b	Abyssomicin B	MAPPED	needs_curation	../records.tsv (byte-identical source)
data/ingredients/mapped/Abyssomicin_D.yaml	a690df5475b0fbbad01dca95f3afd96dff58d64980d36af56420faa102180994	mesh:C512805	Abyssomicin D	MAPPED	needs_curation	../records.tsv (byte-identical source)
data/ingredients/mapped/Abyssomicin_G.yaml	2fa726b15b881eb658b52e9dc948a7f7d8da8576561d6d4901e167395f46ad17	kgmicrobe.compound:abyssomicin_g	Abyssomicin G	MAPPED	needs_curation	../records.tsv (byte-identical source)
data/ingredients/mapped/Abyssomicin_H.yaml	06abd4f73cfcd093312622a2d40c84e6f7f5121381559b57f7682de478726c8d	kgmicrobe.compound:abyssomicin_h	Abyssomicin H	MAPPED	needs_curation	../records.tsv (byte-identical source)
data/ingredients/mapped/Acacetin.yaml	b2087bd84fb8d59a4f34322866bb2106daf91c5c2edb20e1f37d39abe388aea6	CHEBI:15335	Acacetin	MAPPED	pass_with_minor_issues	../records.tsv (byte-identical source)
data/ingredients/mapped/Aces.yaml	cdf17600bc17c307885375a346cf77430cb254699d5f69b8e7651181796c712c	CHEBI:39060	ACES	REJECTED	excluded_rejected	../records.tsv (byte-identical source)
data/ingredients/mapped/Acetaldehyde.yaml	91843dd8212f667890bda39bd904df111f39b1d755ca3b95bd903ba6df7cb927	CHEBI:15343	acetaldehyde	MAPPED	pass	../records.tsv (byte-identical source)
data/ingredients/mapped/Acetamide.yaml	de9f71b8a6ace81a2b1d7cbc505295dbc1aaaf2468c38b7369c695e252398ecb	CHEBI:27856	Acetamide	MAPPED	pass	../records.tsv (byte-identical source)
data/ingredients/mapped/Acetate.yaml	903a76864cf76781d05225e3520f3167a1815508bf9fdf8538cf10daf8c78fce	CHEBI:30089	Acetate	MAPPED	needs_curation	../records.tsv (byte-identical source)
data/ingredients/mapped/Acetate_Carbon_Source.yaml	ab66b23c404877bcdb21cead87083ef1f7df4aacaa817ab3dab495c606626061	CHEBI:30089	Acetate (carbon source)	REJECTED	excluded_rejected	../records.tsv (byte-identical source)
data/ingredients/mapped/Acetic_Acid.yaml	1abbee46f4daba495b5996ebff330179a6bd048e4ce5bb805f6a3f5647e1c8d9	CHEBI:15366	Acetic acid	MAPPED	needs_curation	../records.tsv (byte-identical source)
data/ingredients/mapped/Acetoacetate.yaml	1fe158fe29231a8c408e6fc48139c779933676c484d34957f91eaf35054e628d	CHEBI:13705	Acetoacetate	MAPPED	pass	../records.tsv (byte-identical source)
data/ingredients/mapped/Acetoin.yaml	bf6c9d292b40b667f2e85f6bf6ea888d21c1ae1ed615791442ae087e21457307	CHEBI:15688	Acetoin	MAPPED	pass	../records.tsv (byte-identical source)
data/ingredients/mapped/Acetomycin.yaml	417bb675e36b1ec169ec9a49dda2456f37dac27f90fba1a4513c628166f17d65	CHEBI:209246	Acetomycin	MAPPED	pass	../records.tsv (byte-identical source)
data/ingredients/mapped/Acetone.yaml	f2b64c225de9b0718988d4215155bf4126ff0cf6d518b5e9e92b7dc3d9f6c37d	CHEBI:15347	acetone	MAPPED	pass	../records.tsv (byte-identical source)
data/ingredients/mapped/Acetosyringone.yaml	30d6700027fe3d1b5ec507350c0920e6723db25141dd214d9349d937436d0e0b	CHEBI:2404	Acetosyringone	MAPPED	pass_with_minor_issues	../records.tsv (byte-identical source)
data/ingredients/mapped/Acetovanillone.yaml	cdc24fe508304db772298e7d56cc3cdf2d550af4d01ecb04e3ba3260c82c342e	CHEBI:2781	Acetovanillone	MAPPED	pass_with_minor_issues	../records.tsv (byte-identical source)
data/ingredients/mapped/Acetylated_Xylan.yaml	4d9d3f0b69a7539f44bffeeffa810af887d05e1eb9320148d29f3af6d4b0bb81	CHEBI:134431	Acetylated xylan	MAPPED	needs_curation	../records.tsv (byte-identical source)
data/ingredients/mapped/Acetylene.yaml	6f2be5b5465916248ee1aa973f49f1eec9eeb5d0be83ac783d83b3f11e0ca1c8	CHEBI:27518	Acetylene	MAPPED	pass	../records.tsv (byte-identical source)
data/ingredients/mapped/Achromoviromycin.yaml	d6d488697656261cb8807a251449d55226dd6d0571b46762d0b0a0dd84c94b6f	kgmicrobe.compound:achromoviromycin	Achromoviromycin	MAPPED	needs_curation	../records.tsv (byte-identical source)
data/ingredients/mapped/Aconitate.yaml	3251b6db4df2cab09c5e5b38fa3c3460a823110eee33dfc0fd2db2b1c54e9d09	CHEBI:22210	Aconitate	MAPPED	needs_curation	../records.tsv (byte-identical source)
data/ingredients/mapped/Acridine_Orange.yaml	2eacc84c8f7b1c5058d124252b98bac124af26421609bad887cb7b768ef85bc2	CHEBI:51739	Acridine orange	MAPPED	pass_with_minor_issues	../records.tsv (byte-identical source)
data/ingredients/mapped/Acriflavine.yaml	c57f9eaa70310a26e1b0cd15db13145bf28b324436de8efee71b23a32d22e399	cas:8048-52-0	Acriflavine	MAPPED	pass_with_minor_issues	../records.tsv (byte-identical source)
data/ingredients/mapped/Actein.yaml	8f36681aed529bdf37b84b248d62dfc0a36dd122a58596272982b98c88155b2b	CHEBI:70241	Actein	MAPPED	pass_with_minor_issues	../records.tsv (byte-identical source)
data/ingredients/mapped/Actinohivin.yaml	9cd36e65b83068f30d45022f98ad14f1b261ff1b7ea576f354953107b7f77b3d	kgmicrobe.compound:actinohivin	Actinohivin	MAPPED	pass	../records.tsv (byte-identical source)
data/ingredients/mapped/Actinomycetin.yaml	14d21151cb1ee21bcd0c0acc5090b5a41c6034ec8c21c046b2ff0b3214f08d7d	kgmicrobe.compound:actinomycetin	Actinomycetin	MAPPED	pass	../records.tsv (byte-identical source)
data/ingredients/mapped/Actinomycin_A.yaml	852a8e6a74392aa08d499d90034d5fb010abd24796d60e259b74ca486c7baf63	kgmicrobe.compound:actinomycin_a	Actinomycin A	MAPPED	needs_curation	../records.tsv (byte-identical source)
data/ingredients/mapped/Actinomycin_D.yaml	b918c9988e5f0f5b00f1c1f0b461141d31a54f2aa4ccfdf25bcea946a6269a89	CHEBI:27666	Actinomycin D	MAPPED	needs_curation	../records.tsv (byte-identical source)
data/ingredients/mapped/Actinomycin_X.yaml	e7031e55669a22fb5ef64719a4e2c6e74e1304ea37efdb918dd568aa9f825d8c	mesh:C041783	Actinomycin X	MAPPED	needs_curation	../records.tsv (byte-identical source)
data/ingredients/mapped/Actinotiocin.yaml	71c2d26e190386d2aff12045638357b3776e1323144da5370bbb0605f3f4257e	mesh:C006403	Actinotiocin	MAPPED	pass_with_minor_issues	../records.tsv (byte-identical source)
data/ingredients/mapped/Activated_Charcoal.yaml	ca02e4a2c8b1306a219debcce95ff45b56b73a7f4347349c9a4bff160810594f	NCIT:C77524	Activated charcoal	MAPPED	pass_with_minor_issues	../records.tsv (byte-identical source)
data/ingredients/mapped/Adenine.yaml	136c82936b276ccb821eda3f31ddde7a1187e2a69fc14a9c4d2ab55821e24f05	CHEBI:16708	Adenine	MAPPED	needs_curation	../records.tsv (byte-identical source)
data/ingredients/mapped/Adenine_Hydrochloride_Hydrate.yaml	2467c25545c1818d60b1822acbcc64ab0b25aef09f99722f2fb140d5296722e1	cas:2922-28-3	Adenine hydrochloride hydrate	MAPPED	needs_curation	../records.tsv (byte-identical source)
data/ingredients/mapped/Adenomycin.yaml	2433bb3d3b37534cebeb11091c1a95ee2c27024910b966413e04ca5f76bdafed	NCIT:C221830	Adenomycin	MAPPED	needs_curation	../records.tsv (byte-identical source)
data/ingredients/mapped/Adenosine.yaml	dd3ed82188597446a71bf198f1fe37450b0db3a25737e69793ab41ffbc73a13e	CHEBI:16335	Adenosine	MAPPED	pass_with_minor_issues	../records.tsv (byte-identical source)
data/ingredients/mapped/Adenosine_35-Cyclic_Monophosphate.yaml	90a4c8a30d8b186da05f5aa1658d84d10c976ff9761f862bd04ae70068a74107	CHEBI:17489	Adenosine 3,5-Cyclic Monophosphate	MAPPED	pass_with_minor_issues	../records.tsv (byte-identical source)
data/ingredients/mapped/Adenosine_5-monophosphate.yaml	45c99944483d628faa82dca228c41d027c303eac19d16131359fa5dd757fc5c6	CHEBI:16027	Adenosine 5'-monophosphate	MAPPED	pass	../records.tsv (byte-identical source)
data/ingredients/mapped/Adipate.yaml	a2ddb082fd30266e7cc6b567a3137d5138c5cefbfc1b6b85b7f61ef0127c2ab5	CHEBI:17128	Adipate	MAPPED	needs_curation	../records.tsv (byte-identical source)
data/ingredients/mapped/Adipic_Acid.yaml	1feef3ea819ec0fe9123649be70222f1d82e16164e5239623792ef9c137823f3	CHEBI:30832	Adipic acid	MAPPED	pass_with_minor_issues	../records.tsv (byte-identical source)
data/ingredients/mapped/Aesculetin.yaml	4a66fca05baa72ce5cc6204fe12905038ae7f7a017378e3435d4fc7794e2ce46	cas:305-01-1	Aesculetin	MAPPED	needs_curation	../records.tsv (byte-identical source)
data/ingredients/mapped/Agar.yaml	f39ca6f22f3d46adf5c1f84acc0398e25893387d1771b1a38761081abc3690db	CHEBI:2509	Agar	MAPPED	needs_curation	../records.tsv (byte-identical source)
data/ingredients/mapped/Agarose.yaml	f5c974c40d6d5f05f49d051ba5852e4fbfd41b23d3bbc5a29e62aa31ced36c3d	CHEBI:2511	Agarose	MAPPED	needs_curation	../records.tsv (byte-identical source)
data/ingredients/mapped/Agave.yaml	eb5ea161e83e664af12a1c8b35662ee8bd20080b11d983669aba3256881f0b8b	FOODON:00005198	Agave	MAPPED	pass_with_minor_issues	../records.tsv (byte-identical source)
data/ingredients/mapped/Air-dried_Garden_Soil.yaml	bb677dd6d2a43b30a4d4f03baabd81a69d78cbd83f238e5385442576396197f6	kgmicrobe.ingredient:air-dried_garden_soil	air-dried garden soil	MAPPED	needs_curation	../records.tsv (byte-identical source)
data/ingredients/mapped/Air.yaml	9fe7572616315e41774ebd74d8600b9d71f80c49c203ff862506322c631c3b7d	ENVO:00002005	Air	MAPPED	needs_curation	../records.tsv (byte-identical source)
data/ingredients/mapped/Al2_So43_X_18_H2o.yaml	c9cc4a7da494d3a42f1cb9b0b06a84d7d9dd8de2a68cb75f0f22270ce16964f1	CHEBI:74779	Al2(SO4)3 x 18 H2O	MAPPED	pass_with_minor_issues	../records.tsv (byte-identical source)
data/ingredients/mapped/Alanosine.yaml	0b883dd52773f1df5b1ae9d18e4d25e190b87ae72213401f0ab881bdefb2134b	CHEBI:221124	alanosine	MAPPED	needs_curation	../records.tsv (byte-identical source)
data/ingredients/mapped/Alazopeptin.yaml	27bfb21a17d263b814de1695dcb049595685812db4a03bd0ede6cca77ee42f3d	CHEBI:222816	Alazopeptin	MAPPED	pass	../records.tsv (byte-identical source)
data/ingredients/mapped/Alboverticillin.yaml	bfdc3f61820466a9c73e46ce9f538574c59722266433dc6458cf6dfce77176d7	kgmicrobe.compound:alboverticillin	Alboverticillin	MAPPED	needs_curation	../records.tsv (byte-identical source)
data/ingredients/mapped/Alcl3.yaml	05519748d1eb8db4bdb7f716fa00d259d5b03a986fd4452b14cf52f6be0ca03b	CHEBI:30114	AlCl3	MAPPED	needs_curation	../records.tsv (byte-identical source)
data/ingredients/mapped/Alcl3_X_6_H2o.yaml	7da7ef33c67786d9322853df6b6a7feb52686acfcd35149d7b08949d078cb829	CHEBI:30115	AlCl3 x 6 H2O	MAPPED	needs_curation	../records.tsv (byte-identical source)
data/ingredients/mapped/Algal_Trace_Elements_Solution.yaml	3f3ae6752048a4120c5c2accff72118a4a546bd2d1bdb1e675be4415b8a9ffbc	MICRO:0000455	Algal Trace Elements Solution	MAPPED	needs_curation	../records.tsv (byte-identical source)
data/ingredients/mapped/Alginate.yaml	ca1346c09f8d36a33a56893f0b584f554c4f77c271c7aba6544f01c7dd46903b	CHEBI:58187	Alginate	MAPPED	pass_with_minor_issues	../records.tsv (byte-identical source)
data/ingredients/mapped/Alk_So42.yaml	eb7149b3301b2f405c59d0463b04bf6db774703bb3e914d125ffe9086ac717ed	CHEBI:86463	AlK(SO4)2	MAPPED	needs_curation	../records.tsv (byte-identical source)
data/ingredients/mapped/Alk_So42_X_12_H2o.yaml	70e4c49858df84bf7c5963f50d1dcd7f3a6c132ab1f29251f438d730af435e2f	CHEBI:86465	AlK(SO4)2 x 12 H2O	MAPPED	needs_curation	../records.tsv (byte-identical source)
data/ingredients/mapped/Allantoin.yaml	267ed873e0b685df5a2b2e9cfcd5e67b44949f914fdb137b92acdb6be251c20b	CHEBI:15676	Allantoin	MAPPED	needs_curation	../records.tsv (byte-identical source)
data/ingredients/mapped/Allopurinol.yaml	2b66b2b89d77f1cabf5ef3231ee6d2f99a60fcde6723aff4b5fc4d0ee9376121	CHEBI:40279	Allopurinol	MAPPED	pass_with_minor_issues	../records.tsv (byte-identical source)
data/ingredients/mapped/Allura_Red_AC.yaml	7b0c454b3048412a46cbf06b8a8cdb7bc0a968092abb8897746ea1733df33985	CHEBI:172687	Allura Red AC	MAPPED	pass_with_minor_issues	../records.tsv (byte-identical source)
data/ingredients/mapped/Aloin.yaml	f4caf35b4367f1752b54986f1b40d28da01cd08865cda82b15f6e4e664b3ccb5	CHEBI:73222	Aloin	MAPPED	pass_with_minor_issues	../records.tsv (byte-identical source)
data/ingredients/mapped/Alpha-D-glucose_6-phosphate.yaml	5cd3eff848798f153b339caf87fad4470eba281341b238194eabd22bbf448bea	CHEBI:17665	Alpha-D-glucose 6-phosphate	MAPPED	pass	../records.tsv (byte-identical source)
data/ingredients/mapped/Alpha-L-rhamnose.yaml	0e3550ad41dbbb166959ac237d4797148856e374b43de3f6cb6a8876a7f6b86d	CHEBI:27907	Alpha-L-rhamnose	MAPPED	needs_curation	../records.tsv (byte-identical source)
data/ingredients/mapped/Alpha-Lactose.yaml	5e0b82a8cbd247cf1ac58acb16a1997fc0f738efc1485666558bbb8e22814b89	CHEBI:189432	alpha-Lactose	MAPPED	needs_curation	../records.tsv (byte-identical source)
data/ingredients/mapped/Alpha-Tocopherol.yaml	15fe16c171507d86ebe9391cfc565708bed1104a97510071531983a80355ed8f	CHEBI:18145	alpha-Tocopherol	MAPPED	needs_curation	../records.tsv (byte-identical source)
data/ingredients/mapped/Alpha-aminobutyrate.yaml	af37160776cac47d7e66b5fa3929c77d6f060320eeb42c813eb915c73bf443ea	CHEBI:86508	Alpha-aminobutyrate	MAPPED	pass	../records.tsv (byte-identical source)
data/ingredients/mapped/Alpha-bisabolol.yaml	213e4517c82d89a6d2b213fdae3227978cef490cd1dc32ffd1e903c98504f50f	CHEBI:125	(-)-alpha-bisabolol	MAPPED	needs_curation	../records.tsv (byte-identical source)
data/ingredients/mapped/Alpha-d-glucose.yaml	9800d079702afb2d9b677c6a3eb558f61ebe43d75665e6849af40dd4715c417c	CHEBI:17925	alpha-D-Glucose	MAPPED	needs_curation	../records.tsv (byte-identical source)
data/ingredients/mapped/Alpha-hydroxyglutarate-gamma-lactone.yaml	66929ace9088bcff3146598582eaad59a3a361de38678f1f74d7f7886431045b	kgmicrobe.compound:alpha-hydroxyglutarate-gamma-lactone	Alpha-hydroxyglutarate-gamma-lactone	MAPPED	pass_with_minor_issues	../records.tsv (byte-identical source)
data/ingredients/mapped/Alpha-ketoglutaric_Acid.yaml	cc852c586e35a3ffa025ce9446da05dc235a6df8a7c0e7c2fa4c4d6ee18d371d	CHEBI:30915	alpha-ketoglutaric acid	MAPPED	needs_curation	../records.tsv (byte-identical source)
data/ingredients/mapped/Alpha-toxicarol_Dl.yaml	5429056d5cf7f7e5e38fcbccceb1a689e9a6f5deff498cbae405c17227aca4b9	kgmicrobe.compound:alpha-toxicarol_dl	Alpha-Toxicarol (Dl)	MAPPED	pass	../records.tsv (byte-identical source)
data/ingredients/mapped/Alphaalpha-Trehalose.yaml	514a863fd2b4161c3e67f612c80a14d0ffc661345708a3d34dcbc12887e83a54	CHEBI:16551	alpha,alpha-Trehalose	MAPPED	needs_curation	../records.tsv (byte-identical source)
data/ingredients/mapped/Althiomycin.yaml	3c49ddb11ced9b84c99d43d3c71076ed3e55323f57cf93ae0c6fb77e771c3e77	CHEBI:157683	Althiomycin	MAPPED	pass	../records.tsv (byte-identical source)
data/ingredients/mapped/Aluminium_Sulfate.yaml	8bdb3e5f2f5124be6fac24226d72f78c19bd48ec9285ffe8911a05c8fad7eca6	CHEBI:74772	Aluminium sulfate	MAPPED	pass	../records.tsv (byte-identical source)
data/ingredients/mapped/Aluminum_Chloride_Hydrate.yaml	fe6deba3a77e252c461982061ff75ded9b47f5be3a90632981ecdbd745dc16bd	cas:10124-27-3	Aluminum chloride hydrate	MAPPED	needs_curation	../records.tsv (byte-identical source)
data/ingredients/mapped/Amicoumacin_B.yaml	f4072260866ff38e54a2f515d8e5f2839609f83a284868d4083b796de116c230	CHEBI:216618	Amicoumacin B	MAPPED	pass	../records.tsv (byte-identical source)
data/ingredients/mapped/Amikacin.yaml	72c1f2303901780311dd49a04cfdd6df31f5d68a0b6624fa41037b3616afe6ad	CHEBI:2637	Amikacin	MAPPED	pass	../records.tsv (byte-identical source)
data/ingredients/mapped/Amikacin_Disulfate_Salt.yaml	df921ef26a8a94d4c5c37ebb3aba47bc5b0ab0511a2f0cded65b4d8478c6fbba	CHEBI:2638	Amikacin disulfate salt	MAPPED	pass	../records.tsv (byte-identical source)
data/ingredients/mapped/Amino_Acid.yaml	a796f3561140930ccad66a9370c37f0150b7cee6fa03ae8249cf9a3ba05f55b5	CHEBI:33709	Amino Acid	MAPPED	pass	../records.tsv (byte-identical source)
data/ingredients/mapped/Aminoacids.yaml	5cc935f8dd913d7caa89c5ee3362cc84f1f0a7072f4c7170a971b70283190cbd	kgmicrobe.ingredient:aminoacids	Aminoacids	MAPPED	needs_curation	../records.tsv (byte-identical source)
data/ingredients/mapped/Aminoglycoside_Antibiotic.yaml	8ec880865ab891ef5e8be8654b0504b88216a83ae585a89d0c4220ca23ff8f7e	CHEBI:22507	Aminoglycoside Antibiotic	MAPPED	pass	../records.tsv (byte-identical source)
data/ingredients/mapped/Aminophenazone.yaml	3e171ff77bd5a23d8974390cfbe1f806427c670aa5bc7b8d514316bcbfaeae73	CHEBI:160246	Aminophenazone	MAPPED	pass	../records.tsv (byte-identical source)
data/ingredients/mapped/Aminovalerate.yaml	cff7fc2d081f0745bef7f9fd395bc1344cee95c24b65e886f7cf1f757daf901e	kgmicrobe.compound:aminovalerate	Aminovalerate	MAPPED	pass	../records.tsv (byte-identical source)
data/ingredients/mapped/Ammonia.yaml	cbd3e42110f0556950b2bae27a9333a88a6372bdb025eeec0bf98ac1a18b29d0	CHEBI:16134	Ammonia	MAPPED	pass	../records.tsv (byte-identical source)
data/ingredients/mapped/Ammonium.yaml	b31c98cdd0fcc6f15cd6004839b327258499fc37a5b3b506773920c42d0da49c	CHEBI:28938	Ammonium	MAPPED	needs_curation	../records.tsv (byte-identical source)
data/ingredients/mapped/Ammonium_Acetate.yaml	305a573110b96e4aeaf08330ecdbcfe93b3fa862c3efdc66ba0789d803a44078	CHEBI:62947	Ammonium acetate	MAPPED	needs_curation	../records.tsv (byte-identical source)
data/ingredients/mapped/Ammonium_Chloride_Nitrogen_Source.yaml	03ddb98eea83ebbc2f14c9b1fe47c49999108e58d9f2112ad29f26e4f6127779	CHEBI:31206	Ammonium chloride (nitrogen source)	REJECTED	excluded_rejected	../records.tsv (byte-identical source)
data/ingredients/mapped/Ammonium_Molybdate_Tetrahydrate.yaml	ca53eb1f057f8e1ee877edeb4f05e232b10b47b3512d969b5711a525f4305ddd	cas:12054-85-2	ammonium molybdate tetrahydrate	MAPPED	needs_curation	../records.tsv (byte-identical source)
data/ingredients/mapped/Ammonium_Persulfate.yaml	e5c2b9f829de7a55778ece3f76c759eb7197137b4b3350129e101a9164594b6f	CHEBI:156543	ammonium persulfate	MAPPED	needs_curation	../records.tsv (byte-identical source)
data/ingredients/mapped/Ammonium_Sulfamate.yaml	2df1cb1cf8401dcf4c89c782a2cb91905bcde6ed7109675515ce58c681a4a6f8	CHEBI:81950	Ammonium Sulfamate	MAPPED	pass	../records.tsv (byte-identical source)
data/ingredients/mapped/Ammonium_Sulfide_Solution.yaml	e775c18569adce95f5fdfc0d2224d5a584b88c296f6f975ebe012f5b571728d9	cas:12135-76-1	ammonium sulfide solution	MAPPED	needs_curation	../records.tsv (byte-identical source)
data/ingredients/mapped/Ammonium_Sulfite_Monohydrate.yaml	04e7743c68700bc0755c6d9a0d9d92babe442f9131cf015292f5ea213a5fb738	cas:7783-11-1	Ammonium sulfite monohydrate	MAPPED	pass	../records.tsv (byte-identical source)
data/ingredients/mapped/Amoxicillin.yaml	80beaaa821ea439d3559bff373706b3a13d2b321dd74ab9a4b4e50cc8aa02e4d	CHEBI:2676	Amoxicillin	MAPPED	needs_curation	../records.tsv (byte-identical source)
data/ingredients/mapped/Amphomycin.yaml	c8d9405579f90545c28f841ce759effa0a0a36689b37529cd997e568ab3e3314	CHEBI:201652	Amphomycin	MAPPED	pass	../records.tsv (byte-identical source)
data/ingredients/mapped/Amphotericin_A.yaml	5fd05b51b1510c00941559c7632b178dd057ccce0d35b5dd8aad2c8ca3e297e3	mesh:C041989	Amphotericin A	MAPPED	needs_curation	../records.tsv (byte-identical source)
data/ingredients/mapped/Amphotericin_B.yaml	fc5f6bc5528bc5d761e4aa1a6e53fca4619b9967833aa41fd19fbf01c2ff40f1	CHEBI:2682	Amphotericin B	MAPPED	needs_curation	../records.tsv (byte-identical source)
data/ingredients/mapped/Ampicillin.yaml	41b4b2f941c10fd8123b15831f9f9522507f3a7a4305b42b4207e6f308cd50d4	CHEBI:28971	Ampicillin	MAPPED	needs_curation	../records.tsv (byte-identical source)
data/ingredients/mapped/Ampicillin_Sodium_Salt.yaml	e4562796d1c57bc6d103905a678c55b4056ab7a278aadae53d50067700fb4ac8	CHEBI:34535	Ampicillin sodium salt	REJECTED	excluded_rejected	../records.tsv (byte-identical source)
data/ingredients/mapped/Amygdalin.yaml	d304a673acf03ae8c6d82da5fd8b55725ef722a842b94beebf56e9e0f8ae861e	CHEBI:27613	Amygdalin	MAPPED	pass	../records.tsv (byte-identical source)
data/ingredients/mapped/Amylopectin_From_Maize.yaml	e35f6b30ae1fbc8c17847d3b2d3ed6d38bd28e08ec2fef36bddecbf12435e4f7	kgmicrobe.ingredient:amylopectin_from_maize	amylopectin from maize	MAPPED	pass	../records.tsv (byte-identical source)
data/ingredients/mapped/Amylose_From_Potato.yaml	32a32d115d9ce051df5517bdd305c169a80cb5b6cbfdfd76ddc56817a3c71468	CHEBI:28102	Amylose from potato	MAPPED	needs_curation	../records.tsv (byte-identical source)
data/ingredients/mapped/Anabasine_Hydrochloride.yaml	9eb9c44a594ba93b72bc22e26de3559d84697b04f23343b36669236fd03aa42f	cas:53912-89-3	Anabasine Hydrochloride	MAPPED	pass	../records.tsv (byte-identical source)
data/ingredients/mapped/Anaerobic_water.yaml	b8bfa22be7bbff832ecc3dfc4fa10915b1d3dccfb22bd2a1bf0be3f0ed6ef77d	ENVO:01000173	Anaerobic water	MAPPED	pass	../records.tsv (byte-identical source)
data/ingredients/mapped/Andirobin.yaml	7392dccf3f7c74483f317e5511dfe12096bcf83ccd2a97b35226a6e9c3946254	cas:6488-63-7	Andirobin	MAPPED	pass_with_minor_issues	../records.tsv (byte-identical source)
data/ingredients/mapped/Andrographolide.yaml	3801a5a30d5417d1cc6d24642f92d7365c57fa0348ed4a53d25298f5d697b16f	CHEBI:65408	Andrographolide	MAPPED	pass	../records.tsv (byte-identical source)
data/ingredients/mapped/Anethole.yaml	7ff3a89ad8a2a940cf08aa66d14f3cdbd62867c7d64cfe78c56837b84cfaa70d	CHEBI:2716	Anethole	MAPPED	needs_curation	../records.tsv (byte-identical source)
data/ingredients/mapped/Angolamycin.yaml	f6e9c5f989543b3e94db17124b1c4d30f742346e5258b6a5bbe1dd46ab7cca46	mesh:C002547	Angolamycin	MAPPED	needs_curation	../records.tsv (byte-identical source)
data/ingredients/mapped/Angustmycin.yaml	4b926227e313a993c12b8276bd86ef3edc9dc0feabcf52861f16ff26cde2cd65	CHEBI:8612	Angustmycin	MAPPED	needs_curation	../records.tsv (byte-identical source)
data/ingredients/mapped/Anhydrotetracycline_Hydrochloride.yaml	4037be5e7c99f85848d2e6eeda124db7d173b1ae96e5c577304370686299511b	CHEBI:201752	Anhydrotetracycline hydrochloride	MAPPED	needs_curation	../records.tsv (byte-identical source)
data/ingredients/mapped/Anisodamine_Hydrobromide.yaml	999580891233c556fcca8c92336b753e91846ced2b66c105e723159bd71f659c	cas:17659-49-3	Anisodamine Hydrobromide ()	MAPPED	needs_curation	../records.tsv (byte-identical source)
data/ingredients/mapped/Anthracene.yaml	8e3725d9941348491ff5cbf30432d2a5aa4bf9f5da6c629172ae2cbac65f1f9f	CHEBI:35298	Anthracene	MAPPED	pass	../records.tsv (byte-identical source)
data/ingredients/mapped/Anthracycline_Antibiotic.yaml	52241a20ed58eb5a6352f43ba72b745c82092cb2cc3bc521ffa7494f6fee8c41	CHEBI:49322	Anthracycline Antibiotic	MAPPED	pass	../records.tsv (byte-identical source)
data/ingredients/mapped/Anthranilamide.yaml	aa4c4a0dec5f8d0262e202bd70ca1e2f63d8f6be604cae606854ec5f1d2c4e06	CHEBI:193638	anthranilamide	MAPPED	pass	../records.tsv (byte-identical source)
data/ingredients/mapped/Anthranilic_Acid.yaml	6cfdf0a1d449d6473560116cbf05523a4c31f86d233dca0a4ac88c58217d050d	CHEBI:30754	anthranilic acid	MAPPED	needs_curation	../records.tsv (byte-identical source)
data/ingredients/mapped/Antimonate.yaml	232ce3b035c3ee9044fdfa2fa107dc52aa194eb2942da41c4f9b94971f2d9b19	CHEBI:30295	Antimonate	MAPPED	needs_curation	../records.tsv (byte-identical source)
data/ingredients/mapped/Antimycin_A.yaml	53b2ae1d271c05dc3c0cbcf7612d367df95a906463fee7eb5dbb91fa5251e1a0	CHEBI:2762	Antimycin A	MAPPED	needs_curation	../records.tsv (byte-identical source)
data/ingredients/mapped/Antimycin_A3.yaml	a44f530c191668abed56b1a6fb16fd541c1c6721cf2378fe5a11146d9a9f3bde	CHEBI:197950	Antimycin A3	MAPPED	pass	../records.tsv (byte-identical source)
data/ingredients/mapped/Antipyrine.yaml	fcb1db31d792335516ff6663ae85ae0d57963eab434555719e95b8439087cc1f	CHEBI:31225	Antipyrine	MAPPED	pass	../records.tsv (byte-identical source)
data/ingredients/mapped/Aphidicolin.yaml	f503ee4ce7e9cb494f03e981b46a62b1a421139bac7c7e93382a8a7979794416	CHEBI:2766	Aphidicolin	MAPPED	pass	../records.tsv (byte-identical source)
data/ingredients/mapped/Apidaecin_IB.yaml	5f80fe89e5be4904ab091002a7d16cbda57602aabccb1a91a1a153433de02d59	mesh:C061361	Apidaecin IB	MAPPED	pass	../records.tsv (byte-identical source)
data/ingredients/mapped/Apigenin.yaml	ef9ea006ae76bac75af9fca806d715c8adb8fe57cd49a7f9b1474484d493395e	CHEBI:18388	Apigenin	MAPPED	pass	../records.tsv (byte-identical source)
data/ingredients/mapped/Apigenin_Dimethyl_Ether.yaml	688e89dc9a35a85c841cdb462c11b2b89874de379263a486d77feb74e7b4d2f8	CHEBI:2769	Apigenin Dimethyl Ether	MAPPED	identity_reviewed_other_findings_not_cleared	identity-plan.json
data/ingredients/mapped/Apiole.yaml	61393ffd4be7b96c49b3cfa64947ffd66d3a02a85a231652fe581481078477ba	CHEBI:70353	Apiole	MAPPED	pass	../records.tsv (byte-identical source)
data/ingredients/mapped/Apple_Juice.yaml	18436f7037c5b8756da87c89e5822bdc6d2c2d9424180b7c8bc7acee81e33125	FOODON:00001059	Apple Juice	MAPPED	pass	../records.tsv (byte-identical source)
data/ingredients/mapped/Apramycin.yaml	3c3798d92df00db04f2f8058ffcccd5ef9fc6d3ce769a30d34bb5a9c65ffe099	CHEBI:2790	Apramycin	MAPPED	pass	../records.tsv (byte-identical source)
data/ingredients/mapped/Apramycin_Sulfate_Salt.yaml	33fd1bd6dd4db120ea6c8aa324092637da23d0503ddb7d5f45b4d3f827dc3bcb	cas:65710-07-8	Apramycin sulfate salt	MAPPED	needs_curation	../records.tsv (byte-identical source)
data/ingredients/mapped/Arabinan_From_Sugar_Beet.yaml	19a9fd51cb7035f164d0f9595afaeb54b049a41abe00dc8d50452203897b56c1	cas:11078-27-6	Arabinan from Sugar Beet	MAPPED	needs_curation	../records.tsv (byte-identical source)
data/ingredients/mapped/Arabinitol.yaml	a9034325a33d64c9260058e896f618ef4d2acc38439022a47a784047f1f288ff	CHEBI:22605	Arabinitol	MAPPED	pass	../records.tsv (byte-identical source)
data/ingredients/mapped/Arabinobiose.yaml	8d2557fe1ca591528232df26f353e6627c5ca36b595c3d9120159e660ea6817b	cas:78088-21-8	Arabinobiose	MAPPED	needs_curation	../records.tsv (byte-identical source)
data/ingredients/mapped/Arabinogalactan.yaml	fa8deb44b02598c58b71284dab5d34bd7f78623105f13016c1ef09585698ea95	CHEBI:27569	(+)-Arabinogalactan	MAPPED	needs_curation	../records.tsv (byte-identical source)
data/ingredients/mapped/Arabinose.yaml	bd2d37adf886a36285968be7e6180f4f6112dd4b2a130f49d9826c7e3e361b30	CHEBI:22599	Arabinose	MAPPED	needs_curation	../records.tsv (byte-identical source)
data/ingredients/mapped/Arabinotriose.yaml	4ad2b26f9d870ae612268c0f11ef6a36bb58d366ec2a0a0aee32a54b7f888b5f	cas:89315-59-3	Arabinotriose	MAPPED	needs_curation	../records.tsv (byte-identical source)
data/ingredients/mapped/Arabinoxylan_Rye_Flour.yaml	eed0ccdc99fba905c26e90c39684cfa8a0682cc9909ec94e2fac40e33e734adf	kgmicrobe.ingredient:arabinoxylan_rye_flour	Arabinoxylan (Rye Flour)	MAPPED	identity_reviewed_other_findings_not_cleared	identity-plan.json
data/ingredients/mapped/Arabitol.yaml	046401fe5681668f663a4e09ff4676c4f3b1f1758e1f2057be28bde3e4d32370	CHEBI:18403	Arabitol	MAPPED	needs_curation	../records.tsv (byte-identical source)
data/ingredients/mapped/Arbutin.yaml	e8aad41c7414e1d78c871ebae4617350bc348ce1c50c561385324d44a66fb2a3	NCIT:C87429	Arbutin	MAPPED	pass	../records.tsv (byte-identical source)
data/ingredients/mapped/Ardacin_A.yaml	617a2ddb12f0712cea0d92f46f8b3c784a9181c1a9d74dd98320672dcbf6986e	kgmicrobe.compound:ardacin_a	Ardacin A	MAPPED	pass	../records.tsv (byte-identical source)
data/ingredients/mapped/Ardacin_B.yaml	b6417a8183d93a7a6e7eda5b8a840b59712ee1127466455a3e23bfb4c1846ccd	kgmicrobe.compound:ardacin_b	Ardacin B	MAPPED	pass	../records.tsv (byte-identical source)
data/ingredients/mapped/Ardacin_C.yaml	5260b98fc1b241df143125e03a7c6b86608ee52342740d617ebb3c1789c0aa1e	kgmicrobe.compound:ardacin_c	Ardacin C	MAPPED	pass	../records.tsv (byte-identical source)
data/ingredients/mapped/Arecoline_Hydrobromide.yaml	fcd92406b8058e6d4cd829c5de9873b0e760e8ee27b0b52aa90ddf334de0fe4b	CHEBI:233150	Arecoline Hydrobromide	MAPPED	pass	../records.tsv (byte-identical source)
data/ingredients/mapped/Arginine.yaml	a076877ed9ec5c56ef3c89d70f704d3e24856e3a722817f6f002392a5b65ff73	CHEBI:29016	Arginine	MAPPED	needs_curation	../records.tsv (byte-identical source)
data/ingredients/mapped/Argon.yaml	f23d597db4f89e424226dc081fdf2665d7056ad1bd3b29688c74ae517e334a26	CHEBI:49474	argon	MAPPED	pass	../records.tsv (byte-identical source)
data/ingredients/mapped/Aristolochic_Acid.yaml	b00c3d4a798feb23b4e1839337e4840e7728d5b59dbf7ce23f50ccf17ac49e61	CHEBI:2825	Aristolochic Acid	MAPPED	pass	../records.tsv (byte-identical source)
data/ingredients/mapped/Aromatic_Compound.yaml	1b934b840f9941aadbc305120f44c072f113ccd89745915ea190ecc588a4d9c9	CHEBI:33655	Aromatic compound	MAPPED	pass	../records.tsv (byte-identical source)
data/ingredients/mapped/Aromatic_Hydrocarbon.yaml	84f264f11d0bf421a453de1f4f8c0093c99638a5e07db0c62482d0f4b3d02423	CHEBI:33658	Aromatic hydrocarbon	MAPPED	pass	../records.tsv (byte-identical source)
data/ingredients/mapped/Arsenate.yaml	3fe0a6b990255baad6ebeb094627280719cb40321f5af8eb42464b58f7a71d8e	CHEBI:29125	Arsenate	MAPPED	needs_curation	../records.tsv (byte-identical source)
data/ingredients/mapped/Artificial_Sea_Salt.yaml	effd1c0c9ca3056f20eceebebb7ab9c5dddff4434d0ed12dba6c344c7f91c389	kgmicrobe.ingredient:artificial_sea_salt	Artificial Sea Salt	MAPPED	identity_reviewed_other_findings_not_cleared	identity-plan.json
data/ingredients/mapped/Artificial_seawater.yaml	9efeac859a634d9d5daf17c7da4e058b51ce7538b0b802fa6ac2b7f6f602e708	MICRO:0001715	Artificial seawater	MAPPED	pass	../records.tsv (byte-identical source)
data/ingredients/mapped/Ascomycin.yaml	f5c91d92437e2e8511bc80d9600db1fbf1bcbc1a170197297759df69e5a804ee	CHEBI:29582	Ascomycin	MAPPED	pass	../records.tsv (byte-identical source)
data/ingredients/mapped/Ascorbate.yaml	d0e6eec8dbf77fa91a395491b76d8ad30e90dbe0be8afcf9fab3a8e3a237bc29	CHEBI:22651	Ascorbate	MAPPED	pass	../records.tsv (byte-identical source)
data/ingredients/mapped/Ascorbic_Acid.yaml	0c75838e9b7ce6c20427ec7c433555d8f1a84fd499aec0c4416385b6e41fe7cf	CHEBI:22652	Ascorbic acid	MAPPED	needs_curation	../records.tsv (byte-identical source)
data/ingredients/mapped/Ascosin.yaml	204b3e136eb16b317c8e8c24a3dd1f9ebebc3eb1f6c3141a10d8a31540016b05	kgmicrobe.compound:ascosin	Ascosin	MAPPED	pass	../records.tsv (byte-identical source)
data/ingredients/mapped/Asialofetuin.yaml	ebce115c4feccd534b8418f5c784268570a079b50966006a8f9c7787e9db82a7	mesh:C017029	Asialofetuin	MAPPED	pass	../records.tsv (byte-identical source)
data/ingredients/mapped/Asiaticoside.yaml	cd0a05dd2be17c87d25d4409df1728322099a4df5bbe96463dbb0e6eacca7371	CHEBI:79928	Asiaticoside	MAPPED	pass	../records.tsv (byte-identical source)
data/ingredients/mapped/Asparagine.yaml	230bf341a7759b1f6b6b29460d49f47ca56bccf375bc43768fbda08cf9103f79	CHEBI:22653	Asparagine	MAPPED	needs_curation	../records.tsv (byte-identical source)
data/ingredients/mapped/Aspartate.yaml	0fda5bbe5b55faa59692b792882be73020eba0a72b6345301cf836d91627e102	CHEBI:29995	Aspartate	MAPPED	pass	../records.tsv (byte-identical source)
data/ingredients/mapped/Astaxanthin.yaml	7c67ba5387ddb687e07b28452a137bcca6ecec3652661a58167fd913c5daeda5	CHEBI:40968	Astaxanthin	MAPPED	pass	../records.tsv (byte-identical source)
data/ingredients/mapped/Astromicin.yaml	b5842181940a1db298d0872c9901c3205619e477e1b5fc9ebd036268e839c12f	CHEBI:37923	Astromicin	MAPPED	pass	../records.tsv (byte-identical source)
data/ingredients/mapped/Atorvastatin_Calcium_Salt_Trihydrate.yaml	822926be12d97cb991dc85a354e7650b70ee215f31fca17b29bfe157518d9dd2	CHEBI:2911	Atorvastatin calcium salt trihydrate	MAPPED	pass	../records.tsv (byte-identical source)
data/ingredients/mapped/Atrazin.yaml	02c2c72bf9ee60b2e83c99962397049678f1404f74a2fb8593592890d01a8cd2	cas:1924-24-9	Atrazin	REJECTED	merged_and_excluded	identity-plan.json
data/ingredients/mapped/Atrop_Abyssomicin_C.yaml	7088d46275f1119f14a81d379bad38ad24eae23d82a93a8e888dffa635be7187	mesh:C509797	Atrop Abyssomicin C	MAPPED	needs_curation	../records.tsv (byte-identical source)
data/ingredients/mapped/Auraptene.yaml	a0dad7f89cf40f741ba8c7990bc8ca62ffe39a08b96c0776ee86cbc48f41bd77	CHEBI:134355	Auraptene	MAPPED	pass	../records.tsv (byte-identical source)
data/ingredients/mapped/Aureothricin.yaml	3544f03f7598e64f30b2ca655554291fc700846983a343a5b4ee086e74385919	CHEBI:156452	Aureothricin	MAPPED	pass	../records.tsv (byte-identical source)
data/ingredients/mapped/Avermectin.yaml	44436526434af15d2219ab4d96b95b7a9ac8c584987846d3e87017ee24621076	CHEBI:50344	Avermectin	MAPPED	pass	../records.tsv (byte-identical source)
data/ingredients/mapped/Avidin.yaml	3dda479c11aa199ac8512122fbd15c8fc005faebe8b3d6f922d77e5db73c328b	cas:1405-69-2	Avidin	MAPPED	pass	../records.tsv (byte-identical source)
data/ingredients/mapped/Avocadene.yaml	4bca47ad7adca9dd3d49a2b962df0c27047475d2789b82529992cd33fb7fcac4	CHEBI:172520	Avocadene	MAPPED	pass	../records.tsv (byte-identical source)
data/ingredients/mapped/Avocadyne.yaml	51e0ddf1750220ae0ea9477723ac821860076e50e5cf0a78ecf298dab8495873	CHEBI:168507	Avocadyne	MAPPED	needs_curation	../records.tsv (byte-identical source)
data/ingredients/mapped/Avocatin_B.yaml	74b94f83e54dbb8d62a8b1df69917ebdc2bb4de8dea53a8f913a67f61949ae48	mesh:C000709627	Avocatin B	MAPPED	needs_curation	../records.tsv (byte-identical source)
data/ingredients/mapped/Avoparcin.yaml	ba1b450a1f3d4fd247706ec17c282b1cb717c9001430134c7c64bf663d49a016	NCIT:C169798	Avoparcin	MAPPED	pass	../records.tsv (byte-identical source)
data/ingredients/mapped/Azacolutin.yaml	25a1701923e1712d51f148a1d02a7ed4ba2662a4793546e645b26b2b864fc4ce	kgmicrobe.compound:azacolutin	Azacolutin	MAPPED	pass	../records.tsv (byte-identical source)
data/ingredients/mapped/Azadirachtin.yaml	ad7624c4f8d824c23c78afe92115f3622ff3a93655d0604b674e3890b2773b0b	CHEBI:38473	Azadirachtin	MAPPED	needs_curation	../records.tsv (byte-identical source)
data/ingredients/mapped/Azaserine.yaml	dca030d1468a48e65ced848028ae0ca23a118b6077fe97ba9e7e00c0bc4419e7	CHEBI:74846	Azaserine	MAPPED	pass	../records.tsv (byte-identical source)
data/ingredients/mapped/Azelaate.yaml	560d7c364d9041ed29e442b4524de0b2a975a0252bebce449fa2dae1644c7464	CHEBI:132955	Azelaate	MAPPED	pass	../records.tsv (byte-identical source)
data/ingredients/mapped/Azelaic_Acid.yaml	9caa60beed11be932f75915aa9125925312816e3cbb21d85c385d349b6e81ee2	CHEBI:48131	Azelaic acid	MAPPED	pass	../records.tsv (byte-identical source)
data/ingredients/mapped/Azithromycin.yaml	f506983a731b0ffe00b9275c6d4a46bf697c2598ba8d84b7b503ef60dd998bbd	CHEBI:2955	Azithromycin	MAPPED	pass	../records.tsv (byte-identical source)
data/ingredients/mapped/Azlocillin.yaml	0d4b3596d7cf91767f688c657bbe04f2d055a7795e92ba82b240991e7566b5e2	CHEBI:2956	azlocillin	MAPPED	needs_curation	../records.tsv (byte-identical source)
data/ingredients/mapped/Azlocillin_Sodium_Salt.yaml	464a840e0fdf8c5552ad2c4ee9cacc062640bae4eca986ef1ed19f1cd8b643e8	CHEBI:51864	Azlocillin sodium salt	MAPPED	needs_curation	../records.tsv (byte-identical source)
data/ingredients/mapped/Azomycin.yaml	1312f9ec16210ddff006bf8836ae5260f268e6514c416017de113c489d523b8b	CHEBI:67135	Azomycin	MAPPED	needs_curation	../records.tsv (byte-identical source)
data/ingredients/mapped/Aztreonam.yaml	47bedc1626fbada87301daa7b36159a2bd0682d2a705112fef1feaa74d30d1b9	CHEBI:161680	Aztreonam	MAPPED	needs_curation	../records.tsv (byte-identical source)
data/ingredients/mapped/Azureomycin.yaml	7526eae4b8d62730cd4ac486066b7f92919695d5db8b90688b66a9cd3327d727	kgmicrobe.compound:azureomycin	Azureomycin	MAPPED	needs_curation	../records.tsv (byte-identical source)
data/ingredients/mapped/B-Glucan_From_Oat.yaml	c7aef82024119ec7d23eddf78b334a68ee4d0dc35c0fbb97997f43601f79c171	CHEBI:28793	b-Glucan from Oat	MAPPED	needs_curation	../records.tsv (byte-identical source)
data/ingredients/mapped/B-Mannan_Borohydrate_Reduced_Carob_Seed.yaml	5fac547527ee432196f47f58cb33131108624b43449be8346f8ad37514965499	cas:9036-88-8	b-Mannan borohydrate reduced carob seed	MAPPED	needs_curation	../records.tsv (byte-identical source)
data/ingredients/mapped/BHI.yaml	82a2fe8d90aa38036cb153f3e7bd0304e693be2145ab4545cc2e02b35830d44e	kgmicrobe.ingredient:bhi	BHI	MAPPED	needs_curation	../records.tsv (byte-identical source)
data/ingredients/mapped/Bacillomycin.yaml	fad158506c4e0a4a39c96ea6893578f36d64ec9b6a6844f3edbc37becd598047	kgmicrobe.compound:bacillomycin	Bacillomycin	MAPPED	needs_curation	../records.tsv (byte-identical source)
data/ingredients/mapped/Bacitracin.yaml	f5d958b80b2c5e8375b39a7f6ab2f18dd125804ffb539da5fe26951ba6160fc2	CHEBI:28669	Bacitracin	MAPPED	needs_curation	../records.tsv (byte-identical source)
data/ingredients/mapped/Bacl2.yaml	6897b00923cf7c3bdbb1294158605e9c7351bc5e574cf0507645397a0db55b45	CHEBI:63317	BaCl2	MAPPED	pass	../records.tsv (byte-identical source)
data/ingredients/mapped/Bacl2_X_2_H2o.yaml	fd93d85f945ad57319ae5cfdb3601d0c82aa1ba00ec03a6786707cbe0cbc9f5d	CHEBI:86153	BaCl2 x 2 H2O	MAPPED	pass	../records.tsv (byte-identical source)
data/ingredients/mapped/Bacteriochlorophyll_A.yaml	9d87509c1278d9ee343df7a3204be8f4b51ef7de182b9e46c8bc38bfc41e865d	CHEBI:30033	Bacteriochlorophyll A	MAPPED	pass	../records.tsv (byte-identical source)
data/ingredients/mapped/Bacteriocin_Isk_1.yaml	9b467bb6e713f55299a71657001e1f79844a1900339f56c2a4e95d5273dacabc	kgmicrobe.compound:bacteriocin_isk_1	Bacteriocin Isk 1	MAPPED	pass	../records.tsv (byte-identical source)
data/ingredients/mapped/Bacto-tryptone.yaml	cab30ffd901d05f125c7da64298ea68c43578c92cd8acc962a84b9318a628dda	MICRO:0000182	Bacto-tryptone	MAPPED	needs_curation	../records.tsv (byte-identical source)
data/ingredients/mapped/Bacto_Brain_Heart_Infusion.yaml	022df020b7f4660ac46d19baf0847df3ba868608398e97b2f027bb73be58b2f5	MICRO:0000193	Bacto brain heart infusion	MAPPED	needs_curation	../records.tsv (byte-identical source)
data/ingredients/mapped/Bacto_Peptone.yaml	48eb2be26c06e8dc23f4d3b67bbd55b559dbc3b3a3600ce1c271f618ec199d69	MICRO:0000178	Bacto peptone	MAPPED	needs_curation	../records.tsv (byte-identical source)
data/ingredients/mapped/Bacto_Soytone.yaml	f1ab322ad28341f55d2ee3366d05979dd2eb77705447019c12b95bd651b0fdb5	FOODON:03315720	Bacto Soytone	REJECTED	excluded_rejected	../records.tsv (byte-identical source)
data/ingredients/mapped/Bacto_Tryptic_Soy_Agar.yaml	3ef3996a02e7b04b09aa9dd5eb3fa165effc9b0cd821564760eb0d1d2fd6ef38	MICRO:0000114	Bacto Tryptic Soy Agar	MAPPED	pass	../records.tsv (byte-identical source)
data/ingredients/mapped/Bacto_Tryptic_Soy_Agar_Difco.yaml	d1b9316f3d032d5886186cae078d8a7fd11f04c4897ac7df7175e3f48c729882	MICRO:0000114	Bacto Tryptic Soy Agar (Difco)	REJECTED	excluded_rejected	../records.tsv (byte-identical source)
data/ingredients/mapped/Bacto_Tryptic_Soy_Broth.yaml	c335acb9d1ad86d663702a8e193afb1e84d97c8666d49beef9cce8e16b3548cc	MICRO:0000113	Bacto Tryptic Soy Broth	MAPPED	pass	../records.tsv (byte-identical source)
data/ingredients/mapped/Bacto_Tryptic_Soy_Broth_Difco.yaml	2339c760edea771c2451728e9d0232181c3980e6b4d6a85d43873be97a07dc3c	MICRO:0000113	Bacto Tryptic Soy Broth (Difco)	REJECTED	excluded_rejected	../records.tsv (byte-identical source)
data/ingredients/mapped/Bafilomycin.yaml	814a39a9689c6c97da65641128be5a32918c4ea61e95c8f9307aba7dfc376773	kgmicrobe.compound:bafilomycin	Bafilomycin	MAPPED	needs_curation	../records.tsv (byte-identical source)
data/ingredients/mapped/Bafilomycin_B1.yaml	82d0577a0a3661bcf782c35e4363b60d70c7f2043a573cb8dc57d768e4d3e0f4	CHEBI:199416	Bafilomycin B1	MAPPED	needs_curation	../records.tsv (byte-identical source)
data/ingredients/mapped/Baicalein.yaml	81339f147e9d3eb03e0176547f614562d8f1bd9ee0ac5579dd731ffb8af772d7	CHEBI:2979	Baicalein	MAPPED	pass	../records.tsv (byte-identical source)
data/ingredients/mapped/Bakers_Yeast.yaml	11eda0e05a1a8abf2779d8eb421548e31e82d06387dfa388d8526b6523a0154e	FOODON:03413797	Baker's yeast	MAPPED	needs_curation	../records.tsv (byte-identical source)
data/ingredients/mapped/Balhimycin.yaml	bc6b7c747720f04fa870611045443b14f7803742afe1fac7d352644e3e859b31	CHEBI:47250	Balhimycin	MAPPED	pass	../records.tsv (byte-identical source)
data/ingredients/mapped/Bandamycin.yaml	66c03a35e873d35bc17029c8e348e60ac778cee2ac143f69dbc2b844a0580bed	kgmicrobe.compound:bandamycin	Bandamycin	MAPPED	needs_curation	../records.tsv (byte-identical source)
data/ingredients/mapped/Bathocuproine_Disulfonic_Acid_Disodium_Salt.yaml	fb7bebd8cec762d0c8ddf3bb03c3b1c536f4c7b89dc80d414b1a858b5a8dbb51	cas:52698-84-7	Bathocuproine disulfonic acid disodium salt	MAPPED	needs_curation	../records.tsv (byte-identical source)
data/ingredients/mapped/Bathophenanthrolinedisulfonic_Acid_Disodium_Salt_Hydrate.yaml	57db0603b08831afc41783ad23a4ed10773be4e25cd895f84d4e8f96219d8110	kgmicrobe.compound:bathophenanthrolinedisulfonic_acid_disodium_salt_hydrate	Bathophenanthrolinedisulfonic acid disodium salt hydrate	MAPPED	needs_curation	../records.tsv (byte-identical source)
data/ingredients/mapped/Bedaquiline.yaml	b5f84a47b02da78b099b94b3177ebf1c0f6fdbf5ee8068f807b8455e9b969802	CHEBI:72292	Bedaquiline	MAPPED	pass	../records.tsv (byte-identical source)
data/ingredients/mapped/Beef.yaml	5a06d79cb88d7f859bddc27600500b9f15c558218ea394eea32b20e9ee7f87e7	NCIT:C71932	Beef	MAPPED	needs_curation	../records.tsv (byte-identical source)
data/ingredients/mapped/Beef_Brain_Powder.yaml	9bdfb13d95e4140a9933254a20bdcab449311e70cfe334b001a5713d1526c51d	kgmicrobe.ingredient:beef_brain_powder	Beef brain powder	MAPPED	needs_curation	../records.tsv (byte-identical source)
data/ingredients/mapped/Beef_Extract.yaml	f5d1b31763be5ddf9da97c3bd18075298fee7c2f6dfda2c9ce9b93f128f89d23	FOODON:03302088	Beef extract	MAPPED	needs_curation	../records.tsv (byte-identical source)
data/ingredients/mapped/Beef_Heart.yaml	ca7de3785bc0a6469a5d60f48de97a49c0c7e460ea11d801bfe6367b1e76dc34	FOODON:00004410	Beef heart	MAPPED	needs_curation	../records.tsv (byte-identical source)
data/ingredients/mapped/Beef_Heart_Infusion.yaml	dcd66af5e4938632357716d9b874020373d96f1e79f95a4b79a0c69dd16a9815	kgmicrobe.ingredient:beef_heart_infusion	Beef Heart Infusion	MAPPED	needs_curation	../records.tsv (byte-identical source)
data/ingredients/mapped/Beijerincks_Solution.yaml	d82b85ac20e4fe82d8d4b3319ba396fc4a70c049257d4cdfb4fa8bc74c86925c	kgmicrobe.ingredient:beijerincks_solution	Beijerinck's Solution	MAPPED	needs_curation	../records.tsv (byte-identical source)
data/ingredients/mapped/Benzaldehyde.yaml	819cd6c665c10a57442c8a00a2e12c982bf4c49d6b862fd3018e74cbfef228bc	CHEBI:17169	Benzaldehyde	MAPPED	needs_curation	../records.tsv (byte-identical source)
data/ingredients/mapped/Benzalkonium_Chloride.yaml	db303175a982a9ccbd6db7aeb397289847f7dca690c94ebe8f281d8c45094c09	CHEBI:3020	Benzalkonium Chloride	MAPPED	needs_curation	../records.tsv (byte-identical source)
data/ingredients/mapped/Benzbromarone.yaml	213f2d88956471128614abd131c954e80dc40e9b28c8e81e7b8ed74f88fd9346	CHEBI:3023	Benzbromarone	MAPPED	pass	../records.tsv (byte-identical source)
data/ingredients/mapped/Benzene.yaml	bb28e5b155b0d6657faa0c8ce1049f943d8d4faef63b935aa499414c3641f0db	CHEBI:16716	Benzene	MAPPED	pass	../records.tsv (byte-identical source)
data/ingredients/mapped/Benzethonium_Chloride.yaml	94115aaac40391cd36e50dbdf8dc775ce036c19beca2fbf8e779143a5ae2c1b6	CHEBI:31264	Benzethonium chloride	MAPPED	pass	../records.tsv (byte-identical source)
data/ingredients/mapped/Benzoate.yaml	688160b60b65cef68b133e7d63b13af3618a9711fcc3aac3f0c1c62edeb3ced2	CHEBI:16150	Benzoate	MAPPED	pass	../records.tsv (byte-identical source)
data/ingredients/mapped/Benzoic_Acid.yaml	eb8f7def79edf30707720bc56a5e9a48d4af2a2c2da83f3e22176b3093fba1ba	CHEBI:30746	benzoic acid	MAPPED	pass	../records.tsv (byte-identical source)
data/ingredients/mapped/Benzoin.yaml	f9eceebd02a23034f20ef5cf40241c0276eb665118e49e17de3d9a78939d617c	CHEBI:17682	Benzoin	MAPPED	pass	../records.tsv (byte-identical source)
data/ingredients/mapped/Benzothiazole.yaml	4a9c0177e7f07d0ed3982a99fd6cb83d0aab8309e87a459328e4c15d2c6a6aed	CHEBI:45993	Benzothiazole	MAPPED	needs_curation	../records.tsv (byte-identical source)
data/ingredients/mapped/Benzyl_Alcohol.yaml	17875b649e9f76fc4d06352c5be42bc1141d6fb2fc798774e5b113172ffeb6d6	CHEBI:17987	Benzyl Alcohol	MAPPED	pass	../records.tsv (byte-identical source)
data/ingredients/mapped/Benzyl_Isothiocyanate.yaml	a9170f29a04b6fc14b83b49ecf78122851a2a261b2baec5722a9132053b3a48b	CHEBI:17484	Benzyl isothiocyanate	MAPPED	pass	../records.tsv (byte-identical source)
data/ingredients/mapped/Benzylcyanide.yaml	f5070c267f1729a61ce6285f1380e9f2c6cb778457c565099b8db962a0ba62d3	CHEBI:25979	Benzylcyanide	MAPPED	pass	../records.tsv (byte-identical source)
data/ingredients/mapped/Benzylhydrazine_Hydrochloride.yaml	67593573945a67c2ee27d401b9c4e11456045df4c7773db14515c34a1761c7bc	cas:1073-62-7	Benzylhydrazine Hydrochloride	MAPPED	identity_reviewed_other_findings_not_cleared	identity-plan.json
data/ingredients/mapped/Berberine.yaml	3428addbc9302d75c8b09f787463dddae92936347612066898ba8f7f7d9a6ed3	CHEBI:31271	Berberine	MAPPED	needs_curation	../records.tsv (byte-identical source)
data/ingredients/mapped/Bergapten.yaml	aa7265f9e4ffc1900eda25ecc8023e3caf7c1ab8470d8a6fb153487b6d88f85e	CHEBI:18293	Bergapten	MAPPED	pass	../records.tsv (byte-identical source)
data/ingredients/mapped/Bergenin.yaml	547da76a0220ed46567d8f059ddaa9e3e181766c499bdade45ac7175bd9cf7ec	CHEBI:69499	Bergenin	MAPPED	pass	../records.tsv (byte-identical source)
data/ingredients/mapped/Beryllium_Sulfate_Tetrahydrate.yaml	d6c08b91e3d895d7a04aac705821249f11cea8b5750e4b2e217e25944e7b1726	CHEBI:53502	beryllium sulfate tetrahydrate	MAPPED	pass	../records.tsv (byte-identical source)
data/ingredients/mapped/Beta-Amyrin.yaml	cd19370955e1764ac86563f560146a54e8b33a21ee1b91d29cb3c55211a21228	CHEBI:10352	Beta-Amyrin	MAPPED	pass	../records.tsv (byte-identical source)
data/ingredients/mapped/Beta-D-fucose.yaml	85d5c35fbcb89658e084f86adc4b8776ee136c022eb240999349a4e376b0e286	CHEBI:27442	Beta-D-fucose	MAPPED	pass	../records.tsv (byte-identical source)
data/ingredients/mapped/Beta-D-galacto-pyranosyl-D-arabinose.yaml	0ec57d2fccf80c5b1cf00e90ccf0a2731d3f1f61a25e58e96473f099f3e1c325	kgmicrobe.compound:beta-d-galacto-pyranosyl-d-arabinose	Beta-D-galacto-pyranosyl-D-arabinose	MAPPED	needs_curation	../records.tsv (byte-identical source)
data/ingredients/mapped/Beta-D-galactoside.yaml	a567caef0ca1bf1a55335342b704572c9af5678b54947599a6997d454c3c7739	CHEBI:28034	Beta-D-galactoside	MAPPED	pass	../records.tsv (byte-identical source)
data/ingredients/mapped/Beta-D-glucuronic_Acid.yaml	7b1340f39b9553029b475205b1018a9f57f81c54e7f81b161015877f04c909c7	CHEBI:28860	Beta-D-glucuronic Acid	MAPPED	pass	../records.tsv (byte-identical source)
data/ingredients/mapped/Beta-D-xylose.yaml	c12abc4932bad9c2f7d92741b72d6371ede89c44129bbb50d132f1206fa5a465	CHEBI:28161	Beta-D-xylose	MAPPED	pass	../records.tsv (byte-identical source)
data/ingredients/mapped/Beta-Glycerophosphate_Disodium_Salt_Hydrate.yaml	fbb892517930279f1591f8b80a802b18ab7f3ad9ab2979a258b8956803ee9e3d	cas:154804-51-0	Beta-Glycerophosphate disodium salt hydrate	MAPPED	needs_curation	../records.tsv (byte-identical source)
data/ingredients/mapped/Beta-Lapachone.yaml	0077c4782e9322069670908df433b8206e5ab1b354e7c5853234905234a5c229	CHEBI:10429	Beta-Lapachone	MAPPED	pass	../records.tsv (byte-identical source)
data/ingredients/mapped/Beta-Lipomycin.yaml	a7193b382eb78c71fcf00c5950e2f41194ba3757218f5fd812dc8492821d8524	mesh:C000601869	beta-Lipomycin	MAPPED	needs_curation	../records.tsv (byte-identical source)
data/ingredients/mapped/Beta-alanine.yaml	e736cb76673134314c66a4ebb3d60e51d018f912d6f11f77daa93d9f03c8d67e	CHEBI:16958	Beta-alanine	MAPPED	needs_curation	../records.tsv (byte-identical source)
data/ingredients/mapped/Beta-d-glucose.yaml	6a4f74d836ab7764a706beeda671e69d12ee8dbbf0c917d862f9071bf189b6ed	CHEBI:15903	Beta-D-glucose	MAPPED	pass	../records.tsv (byte-identical source)
data/ingredients/mapped/Beta-gentiobiose.yaml	817bc9f017a9f2b334b9a19304b74951ee22a092a5f4a458c9d823c5520ba335	CHEBI:71422	Beta-gentiobiose	MAPPED	needs_curation	../records.tsv (byte-identical source)
data/ingredients/mapped/Beta-lactose.yaml	f1c39640418e71ea7999184bcb97d44bb238c7eef405a5ff7c80864e7a7bad86	CHEBI:36218	Beta-Lactose	MAPPED	needs_curation	../records.tsv (byte-identical source)
data/ingredients/mapped/Beta-nad.yaml	0bd44bae290a7c70cac9a511ccd66088d2322ced90006f0dd02656e725c8652e	CHEBI:15846	beta-NAD	MAPPED	needs_curation	../records.tsv (byte-identical source)
data/ingredients/mapped/Betaine_Hydrochloride.yaml	77cf04f3fafb04a92080656711b7807ed4e9af7c79f7852ffd31a09fe428f4ac	cas:590-46-5	Betaine hydrochloride	MAPPED	needs_curation	../records.tsv (byte-identical source)
data/ingredients/mapped/Betaine_X_H2o.yaml	30e8e68f84a2fb6e866ce4356a4514f21701286b04a0f70847d6bf9cb2a0320f	CHEBI:91242	Betaine x H2O	MAPPED	needs_curation	../records.tsv (byte-identical source)
data/ingredients/mapped/Betanin.yaml	dcf052f3e6d0d339e6a3d943180f06344594785aed9f27b0e7803140a09d45a0	CHEBI:3080	Betanin	MAPPED	needs_curation	../records.tsv (byte-identical source)
data/ingredients/mapped/Bg-11_Medium.yaml	157d6d854d2dd2d3f85b0e659b39f587791f8046a8cc702cd026c15716f7a9f4	MICRO:0001348	BG-11 Medium	MAPPED	needs_curation	../records.tsv (byte-identical source)
data/ingredients/mapped/Bg-11_Trace_Metals_Solution.yaml	f77b6adaacab5d51b42c8a3a9846acab5608b475cc4bcf0dbcd114394e6759df	kgmicrobe.ingredient:bg-11_trace_metals_solution	BG-11 Trace Metals Solution	MAPPED	pass	../records.tsv (byte-identical source)
data/ingredients/mapped/Bicarbonate.yaml	2e1fec2760d8d0f721557f1492a78d7cc61b6589a662ad223617803facf41388	CHEBI:17544	Bicarbonate	MAPPED	needs_curation	../records.tsv (byte-identical source)
data/ingredients/mapped/Bicine.yaml	cf41ceed6bfbc541ebbae72570c6c2ee0df7d4e036499cee389b03f1e8c748ea	CHEBI:40957	Bicine	REJECTED	excluded_rejected	../records.tsv (byte-identical source)
data/ingredients/mapped/Bicine_Buffer.yaml	690ca43a7c43f5b5c70498026ac073fefcc8d9d066015c57129bd93755f42aab	CHEBI:40957	BICINE buffer	MAPPED	needs_curation	../records.tsv (byte-identical source)
data/ingredients/mapped/Bicyclomycin.yaml	e9a5899185c8df392ff48fdd7c6c3ceac38cef82cb0d3b57fb2256b854835041	CHEBI:60584	Bicyclomycin	MAPPED	needs_curation	../records.tsv (byte-identical source)
data/ingredients/mapped/Bile_Acid.yaml	a433faeec5f675fcd77ef98f3196003574eb84813e2a79bb0eeef5743ff9fc66	CHEBI:3098	Bile Acid	MAPPED	pass	../records.tsv (byte-identical source)
data/ingredients/mapped/Bile_Salts.yaml	26328208e46587510ff6cd6487213fbb1efb14c85aa25bafe70ffb19eef59132	CHEBI:22868	Bile salts	MAPPED	needs_curation	../records.tsv (byte-identical source)
data/ingredients/mapped/Bimuno.yaml	bf37cbeb93548979ebfc093e5f1d30fbed51466f3d0823bcae50f5f13e8eb2d5	NCIT:C187267	Bimuno	MAPPED	pass	../records.tsv (byte-identical source)
data/ingredients/mapped/Biochanin_A_Diacetate.yaml	96e4c2b2bbeb20a5e33b973c5a8faf479639627d7707f11427628a719a13f38e	cas:54443-59-3	Biochanin a diacetate	MAPPED	pass	../records.tsv (byte-identical source)
data/ingredients/mapped/Biotin.yaml	26056efadc5e57f081cde6e4ce0c2e25c03530c6d564ef0df25da3bcacb59c30	CHEBI:15956	Biotin	MAPPED	needs_curation	../records.tsv (byte-identical source)
data/ingredients/mapped/Biotin_Vitamin_Solution.yaml	013bef115224a5848c7ff17e210c181a2a4f9313f49a59839df55000a40635e6	kgmicrobe.ingredient:biotin_vitamin_solution	Biotin Vitamin Solution	MAPPED	needs_curation	../records.tsv (byte-identical source)
data/ingredients/mapped/Biphenyl.yaml	95e33e768ce26bad86b32a93bad7dfad4aaa206702691e8e5f48831f168676f0	CHEBI:17097	Biphenyl	MAPPED	pass	../records.tsv (byte-identical source)
data/ingredients/mapped/Bis(2-ethylhexyl)phthalate.yaml	8be6c66dc4a11a0baec4d072392e33c64b58c20026a970fa748f7ea58e8d4f8c	CHEBI:17747	Bis(2-ethylhexyl)phthalate	MAPPED	needs_curation	../records.tsv (byte-identical source)
data/ingredients/mapped/Bis-4-nitrophenyl-phenyl_Phosphonate.yaml	c07e1129039269c0e1e21be9a2b80e108d0f85a12683846b2041b773c71d03de	kgmicrobe.compound:bis-4-nitrophenyl-phenyl_phosphonate	Bis-4-nitrophenyl-phenyl Phosphonate	MAPPED	needs_curation	../records.tsv (byte-identical source)
data/ingredients/mapped/Bis-4-nitrophenyl-phosphorylcholine.yaml	6245a936eaa047ee787fbfa5e6d2ff6aaefe36855383c1bfbd9e4c534733507f	kgmicrobe.compound:bis-4-nitrophenyl-phosphorylcholine	Bis-4-nitrophenyl-phosphorylcholine	MAPPED	needs_curation	../records.tsv (byte-identical source)
data/ingredients/mapped/Bis-4-nitrophenyl_Phosphate.yaml	3bb8833f5fb55e1ab7c3ed60fa564af8ecd4ef44f3ca483f0d312846ad67ca7e	CHEBI:3122	Bis-4-nitrophenyl Phosphate	MAPPED	needs_curation	../records.tsv (byte-identical source)
data/ingredients/mapped/Bis-tris.yaml	f879fd427c37bddb167a8c410d59b06bebb08b531a0b86617e75b516bf274d0a	CHEBI:41250	Bis-Tris	MAPPED	needs_curation	../records.tsv (byte-identical source)
data/ingredients/mapped/Bis_3-aminopropylamine.yaml	38c9e4e52bf17af1cafae1c4c778f3a00e98a8dcf247fee3a5e1dc0e5fff8ff1	CHEBI:16841	Bis(3-aminopropyl)amine	MAPPED	pass	../records.tsv (byte-identical source)
data/ingredients/mapped/Bisabolene.yaml	d965df89f7ed6b4e1761076b5f3a5f22c1ac968dbcbfb9199d19f73447f4d0c4	CHEBI:49235	Bisabolene	MAPPED	needs_curation	../records.tsv (byte-identical source)
data/ingredients/mapped/Bismuth_Iii_Chloride.yaml	a8e7e54b09f12afef95adb93142dea0581db7eb5a038224c962b284bf8d61e15	cas:7787-60-2	bismuth(III) chloride	MAPPED	needs_curation	../records.tsv (byte-identical source)
data/ingredients/mapped/Blasticidin_A.yaml	e214df19e9c00d24f8a36a8e4bfa64808488e55ba269f8a8fa14fc56cd0aedb0	CHEBI:218571	Blasticidin A	MAPPED	pass	../records.tsv (byte-identical source)
data/ingredients/mapped/Blasticidin_S.yaml	eefe137451be48471eddf8bf01386d5d3a8c1cdcce7b31a7df8d670dae68726f	CHEBI:15353	Blasticidin S	MAPPED	pass	../records.tsv (byte-identical source)
data/ingredients/mapped/Bleomycin.yaml	743b39cd92efd253183dc13b9296f74e82f6c7aac40932ba0fe07ae077ea4721	CHEBI:22907	Bleomycin	MAPPED	pass	../records.tsv (byte-identical source)
data/ingredients/mapped/Bleomycin_Sulfate.yaml	bb308066ebebc6f0c09d03fc58f85afb37cd793f8af88982c3be851bcfb25c4d	CHEBI:34582	Bleomycin sulfate	MAPPED	needs_curation	../records.tsv (byte-identical source)
data/ingredients/mapped/Blood.yaml	d1bb0db849599b2b88a480bca03dcd2ae09684f2735c7f68b79df8d0c3273330	UBERON:0000178	Blood	MAPPED	pass	../records.tsv (byte-identical source)
data/ingredients/mapped/Bluensomycin.yaml	1f46279fd2a89f00445da6eff7b79bbb8a686917030697c2cb99725b9855657d	CHEBI:81193	Bluensomycin	MAPPED	pass	../records.tsv (byte-identical source)
data/ingredients/mapped/Bold_Trace_Stock.yaml	7c019b52740484e56f8b4dcc2129822ee19ac8bb75bbd6eba7d85bee21ebc78c	kgmicrobe.ingredient:bold_trace_stock	Bold Trace Stock	MAPPED	needs_curation	../records.tsv (byte-identical source)
data/ingredients/mapped/Boldine.yaml	a4f129ef3434a3278b356446ef7b3ad9af8f9dd954b1bc53797c736c99858656	CHEBI:3148	Boldine	MAPPED	pass	../records.tsv (byte-identical source)
data/ingredients/mapped/Borate.yaml	47d232e6b2feae8db5cec613ee636cf03ecb0db924f0bd24a943317deabbac54	CHEBI:22908	Borate	MAPPED	pass	../records.tsv (byte-identical source)
data/ingredients/mapped/Borneol.yaml	83753af4da9b65ef1cf0bc21fe6c42a3d77de5e35547bfcf3b75b191dc015cf4	CHEBI:28093	Borneol	MAPPED	pass	../records.tsv (byte-identical source)
data/ingredients/mapped/Boron_Stock.yaml	46932663b39d601cce45de7e57c451a868711fe533d4194c02d997516b1aff9d	kgmicrobe.ingredient:boron_stock	Boron Stock	MAPPED	needs_curation	../records.tsv (byte-identical source)
data/ingredients/mapped/Borrelidin.yaml	96ec14ef353ca3736b0c50f60c1b966c694874f2d6a40da7c143137fda3ddfe8	CHEBI:78661	Borrelidin	MAPPED	needs_curation	../records.tsv (byte-identical source)
data/ingredients/mapped/Bottromycin.yaml	802a8dcb41dfe5111133eb269bdc6484c6473bcd359d52f44f961d098d44c0c7	mesh:C024712	Bottromycin	MAPPED	needs_curation	../records.tsv (byte-identical source)
data/ingredients/mapped/Bovine_Albumin.yaml	6fede17cd3c2e2547278ae75d0b11cdb8d0aaafaa498a186155c567fdaae22f8	MICRO:0000307	Bovine albumin	MAPPED	needs_curation	../records.tsv (byte-identical source)
data/ingredients/mapped/Bovine_Calf_Serum.yaml	3303d83e01c861d0344266c6f5ecc3f34f8ab6f79c7e649c203ea01b0c651857	MICRO:0001709	Bovine calf serum	MAPPED	needs_curation	../records.tsv (byte-identical source)
data/ingredients/mapped/Bovine_Serum_Albumin.yaml	7ecc32dc73554cc43983799ebe63081b4a50285971ff6b9e8ec65cfc93ffd9b6	cas:9048-46-8	bovine serum albumin	MAPPED	pass	../records.tsv (byte-identical source)
data/ingredients/mapped/Brain_Heart_Infusion.yaml	77230cb3783ad3fbeb96695e96958441f8d0c9ac6f5a9595ac1816a72b7d86d8	MICRO:0000193	Brain heart infusion	MAPPED	needs_curation	../records.tsv (byte-identical source)
data/ingredients/mapped/Brain_Heart_Infusion_Broth.yaml	8c742451138c16e6d483be385ee3c4ab97fd1ce47890f2dd04fd76a0f1d8f85a	MICRO:0000193	Brain heart infusion broth	MAPPED	needs_curation	../records.tsv (byte-identical source)
data/ingredients/mapped/Brainheart_infusion_agar.yaml	91ee4f1cf64b77ba8d04420abb5ce512335ece0650aad718bd7a5d8898b409d5	MICRO:0000566	brain–heart infusion agar	MAPPED	pass	../records.tsv (byte-identical source)
data/ingredients/mapped/Brazilein.yaml	beee0f93ef86410f4709424f85ccdaeb53287f57a326f5ce6301f7e01c737534	CHEBI:69196	Brazilein	MAPPED	pass	../records.tsv (byte-identical source)
data/ingredients/mapped/Bromocresol_Purple.yaml	9fb254c410e9df1a296ee04529f2612ffd82e240c5f3a9d9c46894fb36e948eb	CHEBI:86154	Bromocresol purple	MAPPED	needs_curation	../records.tsv (byte-identical source)
data/ingredients/mapped/Bromophenol_blue.yaml	d5d34a198e984d6df91daf305f57c413c57314469edbb4e600756498cde2047d	CHEBI:59424	Bromophenol blue	MAPPED	needs_curation	../records.tsv (byte-identical source)
data/ingredients/mapped/Bromosuccinate.yaml	bfc3273001b0e4929ccd7532233d74b12120faf2d21e9a173acb20e9c075778f	CHEBI:73706	Bromosuccinate	MAPPED	pass	../records.tsv (byte-identical source)
data/ingredients/mapped/Bromothymol_Blue.yaml	f564008408b0b163148d3ca0b924e31c3602fdad07a349085a4a712d06c64bab	CHEBI:86155	Bromothymol blue	MAPPED	needs_curation	../records.tsv (byte-identical source)
data/ingredients/mapped/Brucella_Agar.yaml	c3147c52f10bca88286259630df03f3793648da68c82731a71729b4d9ab81784	MICRO:0000595	Brucella agar	MAPPED	needs_curation	../records.tsv (byte-identical source)
data/ingredients/mapped/Brucine.yaml	af15be8789a15a298c2d2e790199357faf102277b1f6a1752ab6e279d7d2e72b	CHEBI:3193	Brucine	MAPPED	pass	../records.tsv (byte-identical source)
data/ingredients/mapped/Butamine.yaml	3fa4546eadee135c0bce80d9758225cbcf9eb02621faa2459929f25460ca525f	kgmicrobe.compound:butamine	Butamine	MAPPED	needs_curation	../records.tsv (byte-identical source)
data/ingredients/mapped/Butan-1-amine.yaml	9d46d05608845e370f6867e471ecb0eb848bd4865ae7a731368d6fa38c97ce50	CHEBI:43799	Butan-1-amine	MAPPED	pass	../records.tsv (byte-identical source)
data/ingredients/mapped/Butane-14-diol.yaml	6ccb9d77ecf7ff5ad68114ef8f2c118b6cf6bbf1912410fbace26d8bb2e35932	CHEBI:41189	Butane-1,4-diol	REJECTED	excluded_rejected	../records.tsv (byte-identical source)
data/ingredients/mapped/Butanol.yaml	70fd5a6dc5e57685eaf13c6644d50054cdcbbab29062111e8180d9dfb0c63507	CHEBI:28885	Butanol	MAPPED	needs_curation	../records.tsv (byte-identical source)
data/ingredients/mapped/Butyl_Stearate.yaml	a7075c4de783d3c6b7dde20b1ae799da4129b2ea13bdbdbb176618fb0783dfa7	CHEBI:85983	Butyl stearate	MAPPED	pass	../records.tsv (byte-identical source)
data/ingredients/mapped/Butyl_Vinyl_Ether.yaml	4e36af0b3c64aa0d4636a78cf165174ebbb413e9a4d6915c06b62bec92cfedbe	mesh:C521980	Butyl vinyl ether	MAPPED	needs_curation	../records.tsv (byte-identical source)
data/ingredients/mapped/Butyrate.yaml	de6d5a994c4a10c9c827a82e1082301b93de0deffe1b7216d497717815f6ffda	CHEBI:17968	Butyrate	MAPPED	pass	../records.tsv (byte-identical source)
data/ingredients/mapped/Butyric_Acid.yaml	421a741e65598a494cbb8c693e06befa025c59bd49fecc32a0d37869192c7c86	CHEBI:30772	Butyric acid	MAPPED	needs_curation	../records.tsv (byte-identical source)
data/ingredients/mapped/Butyricin_7423.yaml	c8e2e72f3c440270df94faaa39536ee59990df442a154fec09c9b92cbbc9128b	mesh:C010427	Butyricin 7423	MAPPED	needs_curation	../records.tsv (byte-identical source)
data/ingredients/mapped/Butyrolactam.yaml	0af83871cda4df30ed9c65b9210a8bd6df072f5687702a264e1db69ba3670563	CHEBI:36592	Butyrolactam	MAPPED	pass	../records.tsv (byte-identical source)
data/ingredients/mapped/CCCP.yaml	70f969ab6cf9a2daa8080f05e459d4473fb83657cdbdd832b284dc1a4a5c71d0	CHEBI:3259	CCCP	MAPPED	pass	../records.tsv (byte-identical source)
data/ingredients/mapped/CHIR-090.yaml	0e5c5d617bbec44741084c94e037a32a52eff5fb11362e74c352cb9b549ceff9	CHEBI:134107	CHIR-090	MAPPED	pass	../records.tsv (byte-identical source)
data/ingredients/mapped/CMC_PY_Horse_Serum.yaml	5e8e7958c7c85e55dd772304e8644d2116a91f4799ab24459672f238260e071f	kgmicrobe.ingredient:cmc_py_horse_serum	CMC + PY + Horse Serum	MAPPED	needs_curation	../records.tsv (byte-identical source)
data/ingredients/mapped/Ca-folinate.yaml	e6077448154006195021c507f681b7a4bcf115979bdf0a3f3de69040dc73532f	CHEBI:31340	Ca-folinate	MAPPED	needs_curation	../records.tsv (byte-identical source)
data/ingredients/mapped/Ca-pantothenate.yaml	28f0ab7b03262a2fcb7013cfadc9c2b6f2d16078dd6d528f49452100c2cfe1e4	CHEBI:31345	Ca-pantothenate	REJECTED	excluded_rejected	../records.tsv (byte-identical source)
data/ingredients/mapped/Ca_No32.yaml	0ae0423521457237c2420e6c3ae700a1bcbfa673ae0c44b3a34eeed021f032ab	CHEBI:64205	Ca(NO3)2	MAPPED	needs_curation	../records.tsv (byte-identical source)
data/ingredients/mapped/Ca_No32_X_4_H2o.yaml	efe13cbdbfcfb0d5da686a6b2ca032f3492ed50a55a790aa39fa9d135919a2c1	CHEBI:86159	Ca(NO3)2 x 4 H2O	MAPPED	needs_curation	../records.tsv (byte-identical source)
data/ingredients/mapped/Cacl2.yaml	c4a8a17cb58d4aaa6949ca81143f684c04a4cea05da4113df6fd746a11bf0031	CHEBI:3312	CaCl2	MAPPED	needs_curation	../records.tsv (byte-identical source)
data/ingredients/mapped/Cacl22h2o.yaml	5f0a5e80a9a0bee1ccdd09234041c29a1c10fb55e52c534da6f87c0c1db6e0ed	CHEBI:86158	CaCl22H2O	REJECTED	excluded_rejected	../records.tsv (byte-identical source)
data/ingredients/mapped/Cacl2_X_2_H2o.yaml	029fee355b235b47ffa10aef066b9b7b3b0afe2aa53c4435b12b4d7bd96370d7	CHEBI:86158	CaCl2 x 2 H2O	MAPPED	pass	../records.tsv (byte-identical source)
data/ingredients/mapped/Cacl2_X_6_H2o.yaml	0fa44f37504187cf2cf9aaeb415c5d514210c39e5373c1e67b3ec6ed55e2b243	CHEBI:91243	CaCl2 x 6 H2O	MAPPED	pass	../records.tsv (byte-identical source)
data/ingredients/mapped/Cacl2_X_7_H2o.yaml	e52628c1c1ebc62037537e9de3136970898fe69ed07573a55c2d8ca7361c9071	kgmicrobe.compound:cacl2_x_7_h2o	CaCl2 x 7 H2O	MAPPED	pass	../records.tsv (byte-identical source)
data/ingredients/mapped/Caco3.yaml	4c316a9a10351cb3104f3f9fb0d5a628644893c54360ae3f6120eb9d1819b646	CHEBI:3311	CaCO3	MAPPED	needs_curation	../records.tsv (byte-identical source)
data/ingredients/mapped/Cadaverine.yaml	81a2b87a8f7e9281ba5609f19cd77732a84e0fdae21e66e98fb28dfac3f6c4d0	CHEBI:18127	Cadaverine	MAPPED	pass	../records.tsv (byte-identical source)
data/ingredients/mapped/Cadmium_Acetate_Dihydrate.yaml	07cadbd336cef9129741a691cbee09dc6fe0d368df15aab884935a4ec19aefb5	cas:5743-04-4	Cadmium acetate dihydrate	MAPPED	needs_curation	../records.tsv (byte-identical source)
data/ingredients/mapped/Cadmium_Chloride_Hemipentahydrate.yaml	44ded2ed19663663db0fff78be3710f851961bc94de4bf9a2ed67c18b5480f16	CHEBI:63938	Cadmium chloride hemipentahydrate	MAPPED	pass	../records.tsv (byte-identical source)
data/ingredients/mapped/Cadmium_Nitrate.yaml	99fa2cdf69a48530272993f61cb131db9b5d093fae219d97130523a6893e9b9a	CHEBI:77732	cadmium nitrate	MAPPED	pass	../records.tsv (byte-identical source)
data/ingredients/mapped/Caffeic_Acid.yaml	3cecd2552ad423017d56516c92d3f5fdb7eead3c2f3d5bd3409fcbb1b5533734	CHEBI:36281	caffeic acid	MAPPED	pass	../records.tsv (byte-identical source)
data/ingredients/mapped/Caffeine.yaml	5afb2967277f972e106a12df532fcf2a526215c8157824f7ff3e66e87dc08a71	CHEBI:27732	Caffeine	MAPPED	pass	../records.tsv (byte-identical source)
data/ingredients/mapped/Caffeine_Hydrobromide.yaml	3d599cd0ebabcb592c3af14acd2dfef66c500db262fa31ce2449eea3d12b19c5	cas:5743-18-0	Caffeine Hydrobromide	MAPPED	pass	../records.tsv (byte-identical source)
data/ingredients/mapped/Cahpo4.yaml	38d08a6f3481b6043a8aad4237f02bfff1d5a2b9183738127572a3efcbdeb353	CHEBI:32596	CaHPO4	MAPPED	pass	../records.tsv (byte-identical source)
data/ingredients/mapped/Calcium(2).yaml	06e0f96b60b9cfe46f1f1477e8ae904d7cadbe8c4b8bd442089d6c64a228c0e7	CHEBI:29108	Calcium(2+)	MAPPED	pass	../records.tsv (byte-identical source)
data/ingredients/mapped/Calcium.yaml	3155d7eccb1af764d8076b572bbb5d600b744279e5d46db78b6170585ccd4f47	CHEBI:29108	Calcium	REJECTED	excluded_rejected	../records.tsv (byte-identical source)
data/ingredients/mapped/Calcium_Chloride.yaml	c26d211d61d5df94a3e6c9f282b16dd84c0f060473aeb4ec40f742dfad86d079	CHEBI:3312	Calcium Chloride	REJECTED	excluded_rejected	../records.tsv (byte-identical source)
data/ingredients/mapped/Calcium_D-Pantothenate.yaml	998e92d031c051f86e367a28c7a8cde15478d31b4d9a56683c1fe755387a837b	CHEBI:31345	Calcium D-Pantothenate	REJECTED	excluded_rejected	../records.tsv (byte-identical source)
data/ingredients/mapped/Calcium_Pantothenate.yaml	b5a2eb0063046ecb71d2e9a97285aaebbf5780075f0fb0b7b069b4362bf57121	CHEBI:31345	Calcium pantothenate	MAPPED	needs_curation	../records.tsv (byte-identical source)
data/ingredients/mapped/Calcium_lactate.yaml	493bd692d85806d346eab734d6547eb9d7b9524febcdea6afeaa95b74809668e	FOODON:03413044	Calcium lactate	MAPPED	pass	../records.tsv (byte-identical source)
data/ingredients/mapped/Calcium_malate.yaml	ab20349b0a9cc9f773315049a9c6a87ce5092e769f77371f5f7c59aa427efdc7	FOODON:03413045	Calcium malate	MAPPED	pass	../records.tsv (byte-identical source)
data/ingredients/mapped/Calprotectin.yaml	42089795dca191212388bb24a7f6019a8fc48e2ae9dc7a9273052e740adf7974	NCIT:C105971	Calprotectin	MAPPED	needs_curation	../records.tsv (byte-identical source)
data/ingredients/mapped/Camphomycin.yaml	33b792f6f861b6f2d03a399fc9409ceeba5f594cfb02e16be3cfe56db15edf23	kgmicrobe.compound:camphomycin	Camphomycin	MAPPED	needs_curation	../records.tsv (byte-identical source)
data/ingredients/mapped/Camptothecin.yaml	c387a616e1256bbbda960629c40bfd8691884796c309857fe54eb9b26c529328	CHEBI:27656	Camptothecin	MAPPED	pass	../records.tsv (byte-identical source)
data/ingredients/mapped/Canarius.yaml	af2f972bff0e1c4b2a25e303a39212c576c996aec3157fc16464ab3637766807	kgmicrobe.compound:canarius	Canarius	MAPPED	pass	../records.tsv (byte-identical source)
data/ingredients/mapped/Canavanine.yaml	4d210e28bcb4c51311c116ff7b6bac5047bd6e59e18409920af45dc0edf2b406	CHEBI:609827	Canavanine	MAPPED	needs_curation	../records.tsv (byte-identical source)
data/ingredients/mapped/Candimycin.yaml	69aa2fbd292fd485d514c1e3fb6cc74a81b19f485ee82cd0fb1fc09fbc91fcbb	kgmicrobe.compound:candimycin	Candimycin	MAPPED	needs_curation	../records.tsv (byte-identical source)
data/ingredients/mapped/Candiplanecin.yaml	1fe3f0e6adceb0602563f44bbbff8dfbf3f099acdfbd1a472ca33f64c271e159	mesh:C033379	Candiplanecin	MAPPED	needs_curation	../records.tsv (byte-identical source)
data/ingredients/mapped/Cantharidin.yaml	bdc628ed603674265e7e2a3574223f3850c8c63471522b21eabb8ed612b006e9	CHEBI:64213	Cantharidin	MAPPED	pass	../records.tsv (byte-identical source)
data/ingredients/mapped/Capecitabine.yaml	336bd82c7b1285497f83072ef797aaa5eb9da34eb1df37ee5ce5cdae2c4bd900	CHEBI:31348	Capecitabine	MAPPED	pass	../records.tsv (byte-identical source)
data/ingredients/mapped/Capreomycin.yaml	fab51ff3e5053da6e5a40d82000c0248e5f9cfd7b6de97602b15663702ef18cb	CHEBI:3371	Capreomycin	MAPPED	pass	../records.tsv (byte-identical source)
data/ingredients/mapped/Caproic_Acid.yaml	3a0e9bb0f34f0527ccc71b0e740d3582ac047b50bf32c45d600bd69b04a33373	CHEBI:30776	Caproic acid	MAPPED	needs_curation	../records.tsv (byte-identical source)
data/ingredients/mapped/Caprolactam.yaml	5c030bdf4adafd38141ffc5e587d84cb6d84938e73b6830c7cd4e964cc2ed8ba	CHEBI:28579	Caprolactam	MAPPED	pass	../records.tsv (byte-identical source)
data/ingredients/mapped/Caps_Buffer.yaml	c0623c468173bed9711c2fffa07622cdfd34cc94f7a77f9f59e6e45a3ebf00b7	CHEBI:191088	CAPS buffer	MAPPED	needs_curation	../records.tsv (byte-identical source)
data/ingredients/mapped/Capsaicin.yaml	de48fd52665f2bd6cfb146eaa8f5edab39895d0a4929e0d7674fb56257f4e5d3	CHEBI:3374	capsaicin	MAPPED	pass	../records.tsv (byte-identical source)
data/ingredients/mapped/Capso.yaml	8eb0cec492d455e339f9a172cbc884c0a56ef2b0ccfa29d94cebc30e01a19351	CHEBI:183882	CAPSO	MAPPED	pass	../records.tsv (byte-identical source)
data/ingredients/mapped/Carbenicillin.yaml	e686a4968afa0aee967f60e8a59ca798e4791457f8d9a4d2b20bbcf110c45d06	CHEBI:3393	Carbenicillin	MAPPED	needs_curation	../records.tsv (byte-identical source)
data/ingredients/mapped/Carbenicillin_Disodium_Salt.yaml	b7d77a3bd34ca3815336b63f0fbd5dc3a4dff5a54a3a43159e3e32d7da09df7d	CHEBI:34609	Carbenicillin disodium salt	MAPPED	needs_curation	../records.tsv (byte-identical source)
data/ingredients/mapped/Carbomycin.yaml	44141047e64f14cf4dfca75117dbae1d4d0961ab198d83ccfac3142b934eb97f	NCIT:C166659	Carbomycin	MAPPED	pass	../records.tsv (byte-identical source)
data/ingredients/mapped/Carbon_Monoxide.yaml	be622a5615f098d660d9c32e686163e4f7269387ca5bf93d53dd8b6d482e0ae2	CHEBI:17245	Carbon Monoxide	MAPPED	pass	../records.tsv (byte-identical source)
data/ingredients/mapped/Carbon_Source_Solution.yaml	ae316566ac12ddb90a77de07f06443ac47f8510c3ef847ee351ad585909c145d	kgmicrobe.ingredient:carbon_source_solution	Carbon source solution	MAPPED	pass	../records.tsv (byte-identical source)
data/ingredients/mapped/Carbon_dioxide_gas.yaml	d39e65eaa0bf672e2a7e7ef8474dc36cfcc610a8f023fffa9b13ac628bf0bd0f	CHEBI:16526	Carbon dioxide gas	MAPPED	pass	../records.tsv (byte-identical source)
data/ingredients/mapped/Carboxymethyl_Cellulose.yaml	39c13e1211c19e8973469abed34afb21c2b4b42fdb90abaabebb2f6c1a77a0d8	CHEBI:234035	Carboxymethyl cellulose	MAPPED	needs_curation	../records.tsv (byte-identical source)
data/ingredients/mapped/Carcinomycin.yaml	bf6974d3f7308398297d2e5d57d341beaee53543d68c1f46cc251f794ce35d21	kgmicrobe.compound:carcinomycin	Carcinomycin	MAPPED	needs_curation	../records.tsv (byte-identical source)
data/ingredients/mapped/Carminate.yaml	f82f8c488840f1030a95a0cdc9e2c544f668523f2d1f5f46a5de7baa73b6475d	CHEBI:149531	Carminate	MAPPED	pass_with_minor_issues	../records.tsv (byte-identical source)
data/ingredients/mapped/Carminomycin.yaml	e9407bf1721973849317d06d069db372855e116026d3879a0022a8b0b3fd1859	CHEBI:31359	Carminomycin	MAPPED	pass	../records.tsv (byte-identical source)
data/ingredients/mapped/Carnitine_Dl_Hydrochloride.yaml	8a7e0ac23a72c403bf9cce38a20abe817ee83e0231b558f2ca07ed05d134d190	cas:461-06-3	Carnitine (Dl) Hydrochloride	MAPPED	needs_curation	../records.tsv (byte-identical source)
data/ingredients/mapped/Carnitine_Hydrochloride.yaml	c123a3f76cf2277ca68a08c99e58f96845842fd90c75bdd19b90ab8db7bb6780	kgmicrobe.compound:carnitine_hydrochloride	Carnitine Hydrochloride	MAPPED	pass	../records.tsv (byte-identical source)
data/ingredients/mapped/Carnosic_Acid.yaml	c7be2626ef25042077f31640c942a94ba04ac42a59bd88c5aeeca7538ab225d5	CHEBI:65585	Carnosic Acid	MAPPED	pass	../records.tsv (byte-identical source)
data/ingredients/mapped/Carotenoid.yaml	1be7adca53e173c47f884737822d897b8ff6ea44887bcef80ddc99e1e364fdd7	CHEBI:23044	Carotenoid	MAPPED	pass	../records.tsv (byte-identical source)
data/ingredients/mapped/Carrageenan.yaml	b28b7f4b6dc042507232e1e986abd8ec620277fdf9445c9dc7a176f4835bdaf2	CHEBI:3435	Carrageenan	MAPPED	pass	../records.tsv (byte-identical source)
data/ingredients/mapped/Carrot.yaml	f0fe4bf07e2264dcb21c6f4bd343575f2ae546e41b26e893be51e55aa441022f	NCIT:C72000	Carrot	MAPPED	pass	../records.tsv (byte-identical source)
data/ingredients/mapped/Caryomycin.yaml	9ad2852bdd6c6a8de3a38eeccdb308a3fd16ee4f51b8e489d0a07a929e1da2a9	kgmicrobe.compound:caryomycin	Caryomycin	MAPPED	needs_curation	../records.tsv (byte-identical source)
data/ingredients/mapped/Caryophyllene_T.yaml	725994f65da305fb134bbea4b777dfb4daec8c6443ccc33cd264365044cb553b	CHEBI:10357	Caryophyllene [T(-)]	MAPPED	pass	../records.tsv (byte-identical source)
data/ingredients/mapped/Casamino_Acids.yaml	d08907d668d6a9b05ca4562d5c878887f18ebdd7fbfd4412a4a1e334e2e1b068	FOODON:03315719	Casamino acids	MAPPED	needs_curation	../records.tsv (byte-identical source)
data/ingredients/mapped/Casamino_Acids_Vitamin_Assay.yaml	03949c8795c9ad931a6c2437d48dcc500cb9dcca7deff08f59dda01b788d34c4	mesh:C017721	Casamino acids (vitamin assay)	MAPPED	needs_curation	../records.tsv (byte-identical source)
data/ingredients/mapped/Casein.yaml	5c278fe135bc89885328d3704bf03f11591a43ca08bfec0a4b992c0ecc4d393d	FOODON:03420180	Casein	MAPPED	needs_curation	../records.tsv (byte-identical source)
data/ingredients/mapped/Casein_Peptone.yaml	fb7511438af2b5a01352f441376690282c1f399a40ed5bc9de564dbe3c929724	FOODON:03315719	Casein peptone	MAPPED	needs_curation	../records.tsv (byte-identical source)
data/ingredients/mapped/Casein_hydrolysate.yaml	a61d7e5378b52c5798f9161e8a6a75d1d76da1e5af96275d6207ad15b8199e49	MICRO:0001366	Casein hydrolysate	MAPPED	needs_curation	../records.tsv (byte-identical source)
data/ingredients/mapped/Casitone.yaml	0c76b299992b5211f0094e255079b072bec6202f0412174077c4686e4da531a8	MICRO:0000606	Casitone	MAPPED	needs_curation	../records.tsv (byte-identical source)
data/ingredients/mapped/Casitone_Yeast_Extract_Rumen_Fluid.yaml	8ce8d3f6c8e8bd0a2548f088e5308a9453319e830e094d3e7785734605ea0da5	kgmicrobe.ingredient:casitone_yeast_extract_rumen_fluid	Casitone + Yeast Extract + Rumen Fluid	MAPPED	pass	../records.tsv (byte-identical source)
data/ingredients/mapped/Caso4.yaml	6da3aa885099c64ec01b21c9034309f9775620d7c21a6cc9c2c25c950eb29992	CHEBI:31346	CaSO4	MAPPED	needs_curation	../records.tsv (byte-identical source)
data/ingredients/mapped/Caso42h2osaturated_Solution.yaml	0124ad3500a9c647dcf1ea11b282fb565b06e1c42fca382786822f4a7d97bcb3	kgmicrobe.ingredient:caso42h2osaturated_solution	CaSO4•2H2Osaturated solution	MAPPED	needs_curation	../records.tsv (byte-identical source)
data/ingredients/mapped/Caso4_X_2_H2o.yaml	4cc423aef35c4897c90464aeef3d58467556ca3b12ffa25b70a57817581c6977	CHEBI:32583	CaSO4 x 2 H2O	MAPPED	needs_curation	../records.tsv (byte-identical source)
data/ingredients/mapped/Caso4_X_7_H2o.yaml	8c80ab54d38ffa3310ad783d85692f36e21b92167d539c179fb3ddede83adbe5	kgmicrobe.compound:caso4_x_7_h2o	CaSO4 x 7 H2O	MAPPED	needs_curation	../records.tsv (byte-identical source)
data/ingredients/mapped/Catalase.yaml	eddaf0e7818aee7212b45b508f533c48f18c87285003d01bfc135daf64b1cc02	NCIT:C61062	Catalase	MAPPED	pass_with_minor_issues	../records.tsv (byte-identical source)
data/ingredients/mapped/Cd_No32_X_4_H2o.yaml	851ad01767bff5c89d46b377f8ad79ef0393610c6a3a8a03805016ca449b2a02	CHEBI:86156	Cd(NO3)2 x 4 H2O	MAPPED	pass	../records.tsv (byte-identical source)
data/ingredients/mapped/Cecl3.yaml	22476283b23378e01e0c388acd5d0ee23721928bc71b122765370b8fb914e1f4	CHEBI:35458	CeCl3	MAPPED	needs_curation	../records.tsv (byte-identical source)
data/ingredients/mapped/Cecl3_X_7_H2o.yaml	5fe525c19fed3515a33501efd5bdc542ae31aa8029c13bc8d9b39683deb7e0e5	kgmicrobe.compound:cecl3_x_7_h2o	CeCl3 x 7 H2O	MAPPED	needs_curation	../records.tsv (byte-identical source)
data/ingredients/mapped/Cecropin_A.yaml	8863702ccd4ef67214b5f595f55522621fb8bc583c8328341788665aeb592bee	CHEBI:201428	Cecropin A	MAPPED	pass	../records.tsv (byte-identical source)
data/ingredients/mapped/Cecropin_B.yaml	d0d5f9b39307479722b2cf007414d1166bf97ffa527b6886f8233bae0164597d	CHEBI:201469	Cecropin B	MAPPED	pass	../records.tsv (byte-identical source)
data/ingredients/mapped/Cedrelone.yaml	70616c721d83538a0048672ba967bdb70c4754952cb694a2ab2be61ba446b4d3	CHEBI:197237	Cedrelone	MAPPED	pass	../records.tsv (byte-identical source)
data/ingredients/mapped/Cefaclor.yaml	bd2932f909178a265cdcadc548ccc6f0ae944fecb51789b9db2a62df96860356	CHEBI:3478	Cefaclor	MAPPED	needs_curation	../records.tsv (byte-identical source)
data/ingredients/mapped/Cefadroxil.yaml	3d9076d08d15cb7529836ad776e3d86c693306549f1f25223adf024e940b779a	CHEBI:3479	Cefadroxil	MAPPED	pass	../records.tsv (byte-identical source)
data/ingredients/mapped/Cefaloridine.yaml	69036fd848afd69ffde2ec473fcb438f38f5375cd6def3cc48bf4bdf7b1f850c	CHEBI:3537	Cefaloridine	MAPPED	pass	../records.tsv (byte-identical source)
data/ingredients/mapped/Cefalotin.yaml	df6c3fd4435f1be48520240d3d29d1b70357c792a231195a0addfc5e5c2b49f6	CHEBI:124991	Cefalotin	MAPPED	pass	../records.tsv (byte-identical source)
data/ingredients/mapped/Cefamandole.yaml	9995c4e35ac9168adc8ffa7fff2c9a8ca6a4af7fc02ed1cad445b508a3682b83	CHEBI:3480	Cefamandole	MAPPED	pass	../records.tsv (byte-identical source)
data/ingredients/mapped/Cefazolin.yaml	699c8181764413ade9ebbf3d724c6e4cad741e3fa98b8b81cf2bc3b218b24381	CHEBI:474053	Cefazolin	MAPPED	pass	../records.tsv (byte-identical source)
data/ingredients/mapped/Cefazolin_Sodium_Salt.yaml	874541143cddda937edade10e0f74f444a0dc2a41d8b49d6d108fc786e5fc7ee	CHEBI:3483	Cefazolin sodium salt	MAPPED	needs_curation	../records.tsv (byte-identical source)
data/ingredients/mapped/Cefepime.yaml	849e94b66ccc7558d060e98fff00ce5eb20677e011a59c74f5082d462d664e8e	CHEBI:478164	Cefepime	MAPPED	pass	../records.tsv (byte-identical source)
data/ingredients/mapped/Cefixime.yaml	eda1e374251ee3e5172fe51e01b55667484dfb968de347e37c11782fc2fc4e12	CHEBI:472657	Cefixime	MAPPED	pass	../records.tsv (byte-identical source)
data/ingredients/mapped/Cefmetazole.yaml	7a7f6d1135bf082c3116b11d3b052a6ca006055de9d4df6bc37643bc2e05567d	CHEBI:3489	Cefmetazole	MAPPED	needs_curation	../records.tsv (byte-identical source)
data/ingredients/mapped/Cefminox.yaml	d1b4a688cb3af0c3346bfb6209c00f33d18207de5aae3a8cd4e28e3e45165aba	CHEBI:135817	Cefminox	MAPPED	pass	../records.tsv (byte-identical source)
data/ingredients/mapped/Cefoperazone.yaml	25105fc1dc27be96626e09aa2d0141ff5a79a9e1dede08c8ca827f404f024b6c	CHEBI:3493	Cefoperazone	MAPPED	pass	../records.tsv (byte-identical source)
data/ingredients/mapped/Cefotaxime.yaml	93e5efa622d0ca04bc6631e411fbd4c670a8eb4e914ed757bc1657cc848642c6	CHEBI:204928	Cefotaxime	MAPPED	pass	../records.tsv (byte-identical source)
data/ingredients/mapped/Cefotaxime_Sodium_Salt.yaml	0fdce36a6827630be1245e240d68b5e7b4c5dce6452e340d8de1044323614bc1	CHEBI:3498	Cefotaxime sodium salt	MAPPED	needs_curation	../records.tsv (byte-identical source)
data/ingredients/mapped/Cefotetan.yaml	fcedfa79c82fac4c1ef7503273d79bc4600737afa4c38f78ecbe61186c243388	CHEBI:3499	Cefotetan	MAPPED	pass	../records.tsv (byte-identical source)
data/ingredients/mapped/Cefotiam.yaml	91f41dee10da4833259201986610526856e337284b7c732da2bd44c38d7f7a73	CHEBI:355510	Cefotiam	MAPPED	pass	../records.tsv (byte-identical source)
data/ingredients/mapped/Cefoxitin.yaml	a85fb01c585cd9b0214cde69ab6ff858f64de83b9e2b6790c49c2627bf71f9ba	CHEBI:209807	Cefoxitin	MAPPED	pass	../records.tsv (byte-identical source)
data/ingredients/mapped/Cefoxitin_Sodium_Salt.yaml	c42368a68a9bb96a8ca994ac1ce506257bbb72d03f79c08bad794b72b92d9cdd	CHEBI:3501	Cefoxitin sodium salt	MAPPED	needs_curation	../records.tsv (byte-identical source)
data/ingredients/mapped/Cefpodoxime.yaml	8144009afa9fbef569b6bedb0a25fe0b4dc414fcbc61a8ea476330b6b4ed25ae	CHEBI:3504	Cefpodoxime	MAPPED	pass	../records.tsv (byte-identical source)
data/ingredients/mapped/Cefprozil.yaml	3c04a755e568337afded8e965b532ab83436626c551577386d19289de25c0ba8	CHEBI:3506	Cefprozil	MAPPED	pass	../records.tsv (byte-identical source)
data/ingredients/mapped/Cefsulodin_Sodium_Salt_Hydrate.yaml	248a200989082e5f3786f45ddf9f1492b58eb5a728f0696040b12e8e1bad0939	kgmicrobe.compound:cefsulodin_sodium_salt_hydrate	Cefsulodin sodium salt hydrate	MAPPED	needs_curation	../records.tsv (byte-identical source)
data/ingredients/mapped/Ceftazidime.yaml	02faf5d72f507c1493164eb009fe7b94923238704651f271cbcd64f96822b4a9	CHEBI:3508	Ceftazidime	MAPPED	pass	../records.tsv (byte-identical source)
data/ingredients/mapped/Ceftazidime_Hydrate.yaml	405c394375f6df48a0b77acc3d01c6c24e6fce844cf7470ef838792b8f9895cb	cas:120618-65-7	Ceftazidime hydrate	MAPPED	needs_curation	../records.tsv (byte-identical source)
data/ingredients/mapped/Ceftriaxone.yaml	598ccc31a2ad17c9e5596c820a869d4d5656fa46c6ae27ec3d133b7c437a0297	CHEBI:29007	Ceftriaxone	MAPPED	pass	../records.tsv (byte-identical source)
data/ingredients/mapped/Ceftriaxone_Disodium_Salt_Hemi_Heptahydrate.yaml	8e46dd83f0c5babd8b4d8e84ac3d9af0e3d65967af120f7880a1fbd1329d5f9a	CHEBI:3514	Ceftriaxone disodium salt hemi(heptahydrate)	MAPPED	needs_curation	../records.tsv (byte-identical source)
data/ingredients/mapped/Cefuroxime.yaml	4f09acbddc1ddc96e847317cae07c3e01de3b922547cf0839ac777dd45179238	CHEBI:3515	Cefuroxime	MAPPED	pass	../records.tsv (byte-identical source)
data/ingredients/mapped/Cefuroxime_Sodium.yaml	3bbf9a49fd9d520052887e7d5243dd111f7ebe24543f3488a01f9edff0f7d580	CHEBI:3517	Cefuroxime Sodium	MAPPED	pass	../records.tsv (byte-identical source)
data/ingredients/mapped/Celesticetin.yaml	2f7f2b307aac943fceca2f9b5d639e84809999fa2a43535593fac17dda65c9ab	CHEBI:156421	Celesticetin	MAPPED	pass	../records.tsv (byte-identical source)
data/ingredients/mapped/Cell_Lysate.yaml	4b3c2430938d79054452fb88828f9f855d747be3ddffcafaa79ea916cc1f4420	BTO:0004304	Cell lysate	MAPPED	needs_curation	../records.tsv (byte-identical source)
data/ingredients/mapped/Cellobiose.yaml	254eeac1530cc7b1f1005c07d3b7a7de230b29f5f162bb133ab901863c0c4b33	CHEBI:17057	Cellobiose	MAPPED	needs_curation	../records.tsv (byte-identical source)
data/ingredients/mapped/Cellohexaose.yaml	2a9b6769a99eb01213ea7e489906c22e4a9a530b98a174523040059789c88e2b	CHEBI:49533	Cellohexaose	MAPPED	needs_curation	../records.tsv (byte-identical source)
data/ingredients/mapped/Cellopentaose.yaml	f87d48fcb67a69fcb812f816e60f30cfc772891ee07afae00771e21fcc356395	CHEBI:62976	Cellopentaose	MAPPED	needs_curation	../records.tsv (byte-identical source)
data/ingredients/mapped/Cellostatin.yaml	c4e2be263eeda9f46230a21ac88f91d450ade861a42d4de99a93c90c1cad7520	kgmicrobe.compound:cellostatin	Cellostatin	MAPPED	pass	../records.tsv (byte-identical source)
data/ingredients/mapped/Cellotetraose.yaml	fcc75737b8a2ef59b23520cc623bdcb7da4bdf6a0c7e2c5f1933facc251aaa4a	CHEBI:62974	Cellotetraose	MAPPED	needs_curation	../records.tsv (byte-identical source)
data/ingredients/mapped/Cellotriose.yaml	e8fdd559e5b4b015d6def5e031a80f3dd2c0e54f145b95c25c403308ddecd87f	CHEBI:3528	Cellotriose	MAPPED	needs_curation	../records.tsv (byte-identical source)
data/ingredients/mapped/Cellulose.yaml	ef8af16a7cf385843a7d887a779c0e83a44246dc18b5f1bbf4a7955527519e5d	CHEBI:18246	Cellulose	MAPPED	needs_curation	../records.tsv (byte-identical source)
data/ingredients/mapped/Cellulose_powder.yaml	6096e233f612baac5b7ff43e23db7f8b16f8098d6222e59f4ca21d3509dab3d5	FOODON:03310367	Cellulose powder	MAPPED	pass	../records.tsv (byte-identical source)
data/ingredients/mapped/Cephalexin.yaml	4dc424cb9b0db80ad99ec40766aedc81361bec4860f87bb87faf29ee4da378b7	CHEBI:3534	Cephalexin	MAPPED	needs_curation	../records.tsv (byte-identical source)
data/ingredients/mapped/Cephalosporin.yaml	b87cf8fc3a727b55d480ea022e4996949aced3f48f6feff6672f0fa31e530e40	CHEBI:23066	Cephalosporin	MAPPED	needs_curation	../records.tsv (byte-identical source)
data/ingredients/mapped/Cephalothin.yaml	9bd334fd1f541e62c3ec2c17da14def1b394f31c8543f0faeeb6642d7d6d3fa4	NCIT:C62021	Cephalothin	MAPPED	needs_curation	../records.tsv (byte-identical source)
data/ingredients/mapped/Cephalothin_Sodium_Salt.yaml	5e3237ea068be418b4f4832842ca1b49a17bd297dc35653940144f380ee73d02	CHEBI:3542	Cephalothin sodium salt	MAPPED	needs_curation	../records.tsv (byte-identical source)
data/ingredients/mapped/Cephamycin_A.yaml	b3747aa9d451337931b476d204aaa9c8d1dd3b9835b556f2290b5e4128ab2786	kgmicrobe.compound:cephamycin_a	Cephamycin A	MAPPED	needs_curation	../records.tsv (byte-identical source)
data/ingredients/mapped/Cephradine.yaml	f29903b3d0f60c4f16e2a66ac9100fc8aff513d399f020b94652b6f72d8fdfd7	CHEBI:3547	Cephradine	MAPPED	needs_curation	../records.tsv (byte-identical source)
data/ingredients/mapped/Cerulenin.yaml	beff481216a627087688c0fedcf8b395a3da974812329d9c9e0c404d0b579626	CHEBI:171741	Cerulenin	MAPPED	pass	../records.tsv (byte-identical source)
data/ingredients/mapped/Cesium_Chloride.yaml	47df9082f46c1697fb958e452362af921bdc9f50ff5dd8e8b97a5ed0ce4fa588	CHEBI:63039	Cesium chloride	MAPPED	pass	../records.tsv (byte-identical source)
data/ingredients/mapped/Cetocycline.yaml	a9459e593a5226ce889837062f9e333b680baa63d51daab66278c58466170c0d	NCIT:C98044	Cetocycline	MAPPED	needs_curation	../records.tsv (byte-identical source)
data/ingredients/mapped/Cetomacrogol_1000.yaml	e993a2e19d35902e3ec7aee624ab0133a3689ae105135159a10f5ae6000b76dd	cas:9004-95-9	Cetomacrogol 1000	MAPPED	needs_curation	../records.tsv (byte-identical source)
data/ingredients/mapped/Cetrimonium_Bromide.yaml	6e26768c9eab61f7864a4224811c20d86e7ec1eae8e7e0e634a82ed687fa917e	CHEBI:3567	Cetrimonium bromide	MAPPED	needs_curation	../records.tsv (byte-identical source)
data/ingredients/mapped/Chalcopyrite.yaml	fe1d35f7e71b05362f82e0facdf4600730107b822d4f3c0278e32a603bfe169f	CHEBI:86202	Chalcopyrite	MAPPED	needs_curation	../records.tsv (byte-identical source)
data/ingredients/mapped/Champamycin_B.yaml	9f979dc23fd689052de6b88856816bf5d1a08e57d79ba3931a232fb00b80d580	kgmicrobe.compound:champamycin_b	Champamycin B	MAPPED	needs_curation	../records.tsv (byte-identical source)
data/ingredients/mapped/Chaninin.yaml	7644302ba32490b3233dd31a646cadeeaf24425536987e6f83817e871565c112	kgmicrobe.compound:chaninin	Chaninin	MAPPED	pass	../records.tsv (byte-identical source)
data/ingredients/mapped/Charcoal.yaml	32f0a0c3b6a4883bd86f7c47240f4bb4d8c0233e571c914b22dae31492e31281	CHEBI:91090	Charcoal	MAPPED	pass	../records.tsv (byte-identical source)
data/ingredients/mapped/Chartreusin.yaml	00c86769e5445851635d048224e5201bf2f309f5442393c005ecd24f01b41652	CHEBI:3580	Chartreusin	MAPPED	pass	../records.tsv (byte-identical source)
data/ingredients/mapped/Chaulmoogric_Acid.yaml	20b5a520e5cf6454ed6e085789b4bd13444c8d398114d56cf6d2b9f9676370d4	CHEBI:27939	Chaulmoogric acid	MAPPED	pass	../records.tsv (byte-identical source)
data/ingredients/mapped/Chelated_Iron_Solution.yaml	4cc1b4d4c8d440a259083ac96130b030e9455d91819f4462926249d9ec73fc24	kgmicrobe.ingredient:chelated_iron_solution	Chelated Iron Solution	MAPPED	needs_curation	../records.tsv (byte-identical source)
data/ingredients/mapped/Chenodeoxycholic_Acid.yaml	ece019c9140a82718b21e3fb146f0155c18d4612578c0eccc6e690b812057f07	CHEBI:16755	Chenodeoxycholic acid	MAPPED	pass	../records.tsv (byte-identical source)
data/ingredients/mapped/Chitin.yaml	ffc63b43e3e87324e112d45d4fab3f7d3d69f19b4a1bdfe91c17cbea4e613c57	CHEBI:17029	Chitin	MAPPED	needs_curation	../records.tsv (byte-identical source)
data/ingredients/mapped/Chitosan.yaml	65e848e860f525ec047bfb123e2852a74d62ac42a68ab2abf2f7b00e8264a0e9	CHEBI:16261	Chitosan	MAPPED	needs_curation	../records.tsv (byte-identical source)
data/ingredients/mapped/Chloramphenicol.yaml	f3ec216ebcf3427e177a988d2c4461a3cf1275a8ed9d73c756aa530039844c6c	CHEBI:17698	Chloramphenicol	MAPPED	needs_curation	../records.tsv (byte-identical source)
data/ingredients/mapped/Chlorhexidine_Diacetate_Salt_Hydrate.yaml	3c7a19294fe9b1e9f5197639a7d9f00e3a10ddd755fe5e3be95a52c8bcc42304	kgmicrobe.compound:chlorhexidine_diacetate_salt_hydrate	Chlorhexidine diacetate salt hydrate	MAPPED	needs_curation	../records.tsv (byte-identical source)
data/ingredients/mapped/Chloridazon.yaml	dbb2f98e0bfe43bb402ff101bcb8c5c224dd49981a88beecf85bd079c7c962c3	CHEBI:81838	Chloridazon	MAPPED	pass	../records.tsv (byte-identical source)
data/ingredients/mapped/Chlorogenic_Acid.yaml	4fb3134be6c77d4bb09ab2a17b2444ed1c98765c630a11f8b0dd8fde9377c193	CHEBI:16112	Chlorogenic acid	MAPPED	needs_curation	../records.tsv (byte-identical source)
data/ingredients/mapped/Chlororaphin.yaml	b3f19dbdd13eb26fdd4933a39f294a538de741389d70595d01110f2465c1dbfd	kgmicrobe.compound:chlororaphin	Chlororaphin	MAPPED	pass	../records.tsv (byte-identical source)
data/ingredients/mapped/Chlorpromazine_Hydrochloride.yaml	524c37ae9d84233fb76e94d22d07e885c8c3daba51c4b7e50f821f6378814b41	CHEBI:3649	Chlorpromazine hydrochloride	MAPPED	pass	../records.tsv (byte-identical source)
data/ingredients/mapped/Chlortetracycline.yaml	e0d8b1b83c30f29b32e991e9580fc3721fb87fe81b109ac5844244ca9f6f8707	CHEBI:27644	Chlortetracycline	MAPPED	pass	../records.tsv (byte-identical source)
data/ingredients/mapped/Chocolate_agar.yaml	298972ff0308eefab29fd59a28d21e2f25c1498aaf4c128ed20ee11593107002	MICRO:0000591	chocolate agar	MAPPED	pass	../records.tsv (byte-identical source)
data/ingredients/mapped/Cholesterol_Lipid_Concentrate.yaml	568d325ff4ba6d9fa7aafe321d824ee34d1b963702d4772a92f73125b1138ef9	kgmicrobe.ingredient:cholesterol_lipid_concentrate	cholesterol lipid concentrate	MAPPED	pass	../records.tsv (byte-identical source)
data/ingredients/mapped/Cholic_Acid.yaml	1e920419e67c06228f3575f80e3f54199d82c02b9d5e9a234cbb69149aee85eb	CHEBI:16359	Cholic acid	MAPPED	pass	../records.tsv (byte-identical source)
data/ingredients/mapped/Cholin_Acetate.yaml	fef8ddb325fb3bcb992a271902fbf8867b99b302cbdbf353152d6d17517242e4	cas:14586-35-7	Cholin acetate	MAPPED	needs_curation	../records.tsv (byte-identical source)
data/ingredients/mapped/Choline.yaml	9f43030c0440cd5bd0d1871141ffd5e5a9849674d43496b5606a11001c7fa245	CHEBI:15354	Choline	MAPPED	pass	../records.tsv (byte-identical source)
data/ingredients/mapped/Choline_Chloride.yaml	c3854baa0cbe4e1e2ab0b9803c510c2d648596b3cbc01181e3dea2b1b3b6403b	CHEBI:133341	Choline chloride	MAPPED	pass	../records.tsv (byte-identical source)
data/ingredients/mapped/Cholinium_Dihydrogen_Phosphate.yaml	8f03e5cacc9200c6ff552796c03fd90d438dae988d9a884b57ae56f8078ad053	cas:83846-92-8	Cholinium dihydrogen phosphate	MAPPED	pass	../records.tsv (byte-identical source)
data/ingredients/mapped/Cholinium_Lysinate.yaml	297487e738595910077d94cc30883554b1821e06be3da72fff242fdf909eebf5	mesh:C000655964	Cholinium lysinate	MAPPED	pass	../records.tsv (byte-identical source)
data/ingredients/mapped/Chondroitin_Sulfate_A_Sodium_Salt_From_Bovine_Trachea.yaml	9069137690c85e54c051cf209cf91f146c982c7f912db0b66e745ed314848055	cas:39455-18-0	Chondroitin sulfate A sodium salt from bovine trachea	MAPPED	needs_curation	../records.tsv (byte-identical source)
data/ingredients/mapped/Chromium_Iii_Chloride_Hexahydrate.yaml	a795fdcc84e8ee8bd079a7fcba7b44d8a046c8772d27b6c6aafd3114e3d712b4	CHEBI:53442	Chromium(III) Chloride Hexahydrate	MAPPED	needs_curation	../records.tsv (byte-identical source)
data/ingredients/mapped/Chrysanthemic_Acid_Ethyl_Ester.yaml	a5c4862a61528791ead3a259821a258b39cb9b253666fae02680b0e56922872d	cas:97-41-6	Chrysanthemic Acid, Ethyl Ester	MAPPED	pass	../records.tsv (byte-identical source)
data/ingredients/mapped/Chrysarobin.yaml	1c1e8b048363888ebd20e749926ca5144cc17449ed70e949033b58aa5f50f37c	CHEBI:3686	Chrysarobin	MAPPED	pass	../records.tsv (byte-identical source)
data/ingredients/mapped/Chrysin.yaml	93a1a35e89fed18f44059e26dd56b29acf9efb0d69ec80403ff93cca13d4077c	CHEBI:75095	Chrysin	MAPPED	pass	../records.tsv (byte-identical source)
data/ingredients/mapped/Chrysophanol.yaml	b464ae20f50a0f0fb969374d4029cac4597ef790cb5817de076fc3e489baf93d	CHEBI:3687	Chrysophanol	MAPPED	pass	../records.tsv (byte-identical source)
data/ingredients/mapped/Chu_Stock_Solution.yaml	4f28a2b3c89d993cca1bf31061745881c98893354d69cb348bc6a690828a8541	kgmicrobe.ingredient:chu_stock_solution	Chu Stock Solution	MAPPED	needs_curation	../records.tsv (byte-identical source)
data/ingredients/mapped/Cimicifugoside_H1.yaml	ab911d07f9c5b8e85015deecd31e291b9ce32f4e346adf4170e6d430e247b89b	cas:163046-73-9	Cimicifugoside H1	MAPPED	pass	../records.tsv (byte-identical source)
data/ingredients/mapped/Cinerubin_A.yaml	2787c4a160827e7ced2ad055be24e36ceb14ec8591f25d4e157fc83a9b22326a	kgmicrobe.compound:cinerubin_a	Cinerubin A	MAPPED	needs_curation	../records.tsv (byte-identical source)
data/ingredients/mapped/Cinerubin_R.yaml	e389309aa31b7b816de6a808b01bdcc8cdcf4ec4e6bd4158105e160dbb9138a1	CHEBI:214436	Cinerubin R	MAPPED	pass	../records.tsv (byte-identical source)
data/ingredients/mapped/Cinnamic_Acid.yaml	72a24bf9ba91bbda12289420650ba9fb1152e4fce548f3e871ebb4b2d00b98c9	CHEBI:27386	Cinnamic acid	MAPPED	needs_curation	../records.tsv (byte-identical source)
data/ingredients/mapped/Cinnamycin.yaml	93c74b1c831b3554dcf8fa6aec741e7482be2b2bafef5c841f9794daf366b205	CHEBI:141991	Cinnamycin	MAPPED	pass	../records.tsv (byte-identical source)
data/ingredients/mapped/Cinoxacin.yaml	0cc8d37f5509cb75f2427e6641fbbc8fdd01bf98840c20e921beb6077758d505	CHEBI:3716	Cinoxacin	MAPPED	pass	../records.tsv (byte-identical source)
data/ingredients/mapped/Ciprofloxacin.yaml	2a9987f0d89e19741abd3ca6b21fbbdb6891046eb5493679b8b79c98082d50b5	CHEBI:100241	Ciprofloxacin	MAPPED	pass_with_minor_issues	../records.tsv (byte-identical source)
data/ingredients/mapped/Ciprofloxacin_Hydrochloride.yaml	c603b479e4cf40713caed857d49bcd6c2ef16689e35d7ad509d30a42e10c7f09	CHEBI:59936	Ciprofloxacin Hydrochloride	MAPPED	needs_curation	../records.tsv (byte-identical source)
data/ingredients/mapped/Cis-aconitate.yaml	147f55b3445fd57dcdaa2192ab2d60f29bc6f64a64111dd4e25e44e509e059b4	CHEBI:16383	Cis-aconitate	MAPPED	pass_with_minor_issues	../records.tsv (byte-identical source)
data/ingredients/mapped/Cisplatin.yaml	37e8f41b1463b95d54b4cc9a27a451bdb36073ae4749dcefc821f6c112744927	CHEBI:27899	Cisplatin	MAPPED	pass	../records.tsv (byte-identical source)
data/ingredients/mapped/Citraconate.yaml	313be295494e5d1a638b3bd43f5ea871faecdae40b11c9bae941fecbcd9ed2f6	CHEBI:30719	Citraconate	MAPPED	pass_with_minor_issues	../records.tsv (byte-identical source)
data/ingredients/mapped/Citraconic_Acid.yaml	34ae0f549655328c37b944bbcbef2ed65e2da1a21b7aaf62ff80b1aca82371f5	CHEBI:17626	Citraconic acid	MAPPED	pass	../records.tsv (byte-identical source)
data/ingredients/mapped/Citramalate.yaml	89788d2a68af898cc6ec41eb8b074c2001cb32482e4af183889e3d880418e5f9	CHEBI:13997	Citramalate	MAPPED	pass_with_minor_issues	../records.tsv (byte-identical source)
data/ingredients/mapped/Citrate.yaml	3612a56f36e94fee4fe773bcfc7fcb09598032746de68d4a67e8fec6d6bb6ce5	CHEBI:16947	Citrate	MAPPED	needs_curation	../records.tsv (byte-identical source)
data/ingredients/mapped/Citric_Acid.yaml	4165d972a366d0d4dd97216b5744f6ec95ce3031900efc289ebb5b00ca9fd611	CHEBI:30769	Citric acid	MAPPED	needs_curation	../records.tsv (byte-identical source)
data/ingredients/mapped/Citric_Acid_X_H2o.yaml	75c89db7f05e0e7326f0c13908ef01ce265e42ae76beac714c1ef29ec00e6963	CHEBI:31404	Citric acid x H2O	MAPPED	needs_curation	../records.tsv (byte-identical source)
data/ingredients/mapped/Citric_Acidh2o.yaml	79a13957b8b85ee26d080e7d08773f23362c0ea6c890775c6b5dac1c469959c0	CHEBI:31404	Citric Acid•H2O	REJECTED	excluded_rejected	../records.tsv (byte-identical source)
data/ingredients/mapped/Cl.yaml	cc21346fda1e00202745de248140369c7be4ac971acd094a2edb76eedcaf0076	CHEBI:17996	Cl-	MAPPED	pass	../records.tsv (byte-identical source)
data/ingredients/mapped/Cladomycin.yaml	5538fe10debac7cef481d1cc669ac21f4dc7718edb62beb3a2af55766768180a	kgmicrobe.compound:cladomycin	Cladomycin	MAPPED	needs_curation	../records.tsv (byte-identical source)
data/ingredients/mapped/Clarified_rumen_fluid.yaml	e5a88c110395ed09177e49f864d0e64c72a50d18702692a787860bd776805967	MICRO:0000520	Clarified rumen fluid	MAPPED	pass_with_minor_issues	../records.tsv (byte-identical source)
data/ingredients/mapped/Clarithromycin.yaml	a08a547c339de7c579a36ae16dff0bf6cbe48e6b23d26a37d6f10ec2a88c0891	CHEBI:3732	Clarithromycin	MAPPED	needs_curation	../records.tsv (byte-identical source)
data/ingredients/mapped/Clavulanic_Acid.yaml	6c2bc72ad4f870ad3e7dca3eeb2fff0ba97d192cb0eff24eb356694218cd41f8	CHEBI:48947	Clavulanic Acid	MAPPED	pass	../records.tsv (byte-identical source)
data/ingredients/mapped/Clindamycin.yaml	a6712f58fe65e83a987f2a0bd6f80c98c64f1ac930cb296c69a3af77964932a5	CHEBI:3745	Clindamycin	MAPPED	needs_curation	../records.tsv (byte-identical source)
data/ingredients/mapped/Clofazimine.yaml	4eaece5730d6e37dc172221a3558b15198342733af96717c8210c92c07970d80	CHEBI:3749	Clofazimine	MAPPED	pass	../records.tsv (byte-identical source)
data/ingredients/mapped/Clotrimazole.yaml	752d0ecbd7942e96acedbed6c42a96982ad40cb0b6110a9584db417e22901216	CHEBI:3764	Clotrimazole	MAPPED	pass	../records.tsv (byte-identical source)
data/ingredients/mapped/Cloxacillin.yaml	9c8b0981b1dfe53f7bf17b9184aa127b32f3c7ff9e5cc20862fffbef30a1afe1	CHEBI:49566	Cloxacillin	MAPPED	pass	../records.tsv (byte-identical source)
data/ingredients/mapped/Cloxacillin_Sodium_Salt_Monohydrate.yaml	607668d0334efda6e6b8683cac45e5a1c80e250ddba9d02e89d542031b4ab56d	CHEBI:34978	Cloxacillin sodium salt monohydrate	MAPPED	needs_curation	../records.tsv (byte-identical source)
data/ingredients/mapped/Co-trimoxazole.yaml	42dcc7b8c6420cd41f836e6b67d68f8eab8ec1e9f187f616d1f648b0bca4a4da	CHEBI:3770	Co-trimoxazole	MAPPED	pass	../records.tsv (byte-identical source)
data/ingredients/mapped/Co_No32.yaml	40e67ba4d0760876255130f94d3f4d1ce89401b7bba78a36264b10adebd13b39	CHEBI:86209	Co(NO3)2	MAPPED	needs_curation	../records.tsv (byte-identical source)
data/ingredients/mapped/Co_No32_X_6_H2o.yaml	8e7f1d2eacb03c665af878935add83bc686d9bd7dd1b3cd601b29a21af37caa4	CHEBI:86214	Co(NO3)2 x 6 H2O	MAPPED	pass	../records.tsv (byte-identical source)
data/ingredients/mapped/Cobalamine.yaml	429d7aa526ebf5588de49fa68239a830b7e029c65f19efcf2ae75aa102e935f0	CHEBI:30411	Cobalamine	MAPPED	needs_curation	../records.tsv (byte-identical source)
data/ingredients/mapped/Cobalt_chloride_hexahydrate.yaml	f32ab49c0fa30ca998c07a039503ff4f943b1cb428fb994da6906be8349247dc	CHEBI:53503	Cobalt chloride hexahydrate	MAPPED	needs_curation	../records.tsv (byte-identical source)
data/ingredients/mapped/Cocl2.yaml	f77aab99efc51c1fd9a73bb2caec66ec36c4172ae1935a8a4515f84548c42414	CHEBI:35696	CoCl2	MAPPED	needs_curation	../records.tsv (byte-identical source)
data/ingredients/mapped/Cocl2_X_2_H2o.yaml	a46da48c9462ac8fe0edff72ca633ab0c78f3bd5a397819f57558fbee1ce9d63	kgmicrobe.compound:cocl2_x_2_h2o	CoCl2 x 2 H2O	MAPPED	needs_curation	../records.tsv (byte-identical source)
data/ingredients/mapped/Cocl2_X_4_H2o.yaml	1a6126fe5b3c767170ca5d42b25220b4dbf98bcdd109dc21255dae878415b9fc	kgmicrobe.compound:cocl2_x_4_h2o	CoCl2 x 4 H2O	MAPPED	needs_curation	../records.tsv (byte-identical source)
data/ingredients/mapped/Cocl2_X_6_H2o.yaml	4da53a3bb5c72f71b3306cee2ac15743e6356d606b5b37fbae944d105be05a47	CHEBI:53503	CoCl2 x 6 H2O	REJECTED	excluded_rejected	../records.tsv (byte-identical source)
data/ingredients/mapped/Coenzyme_A.yaml	38a4c9f6bf0743e254be2eb1ae86a28b37e7bda3bc767421fb57fa241be67ce1	CHEBI:15346	Coenzyme A	MAPPED	needs_curation	../records.tsv (byte-identical source)
data/ingredients/mapped/Colchiceine.yaml	b330a6cd3c8de21884ea92ffc33ff46bf309271c2a3218e275063dc75f653600	CHEBI:183909	Colchiceine	MAPPED	pass	../records.tsv (byte-identical source)
data/ingredients/mapped/Colistin_Sulfate.yaml	d55c2086f97b62ff286a82f392677987389ce0ec44a39cceb6dced86efacb423	NCIT:C386	Colistin Sulfate	MAPPED	needs_curation	../records.tsv (byte-identical source)
data/ingredients/mapped/Colistin_Sulfate_Salt.yaml	fda6a3ac8454102f9da57d09cb9821d5807782acb6ee6ead2f0b158ad6ae9f32	NCIT:C386	Colistin sulfate salt	REJECTED	excluded_rejected	../records.tsv (byte-identical source)
data/ingredients/mapped/Collagen.yaml	79b3336e067e7f3d0839f360771c0bbf741300391e12386e051bda31b8da6328	CHEBI:3815	Collagen	MAPPED	pass	../records.tsv (byte-identical source)
data/ingredients/mapped/Collinomycin.yaml	2ca670278f8a16bed0e1fe3a3c94fc492eecc6c7c8d2bd185645dc0b62e55dcc	kgmicrobe.compound:collinomycin	Collinomycin	MAPPED	needs_curation	../records.tsv (byte-identical source)
data/ingredients/mapped/Columbia_Agar_Base.yaml	10bd005c332938345cfecb46144339c7e56e8d47b04b12420b0137f68c5805b7	MICRO:0000536	Columbia agar base	MAPPED	pass	../records.tsv (byte-identical source)
data/ingredients/mapped/Conessine.yaml	6d2c7aeb6157e3b17473da62be8e20ef7289c64061e80fb69f9bd94c688245d5	CHEBI:27965	Conessine	MAPPED	pass	../records.tsv (byte-identical source)
data/ingredients/mapped/Congo_Red.yaml	aa4ba08e35d821c24685f51f79b99e3e01ca5fbc0c340e23f975c598c02dacef	CHEBI:34653	Congo red	MAPPED	pass	../records.tsv (byte-identical source)
data/ingredients/mapped/Congocidin.yaml	225020d08be1cccc33b93278160757c86734273ff37e3093a57fd86124eb96e0	kgmicrobe.compound:congocidin	Congocidin	MAPPED	needs_curation	../records.tsv (byte-identical source)
data/ingredients/mapped/Coniferyl_Alcohol.yaml	d553c326f59b8744a6b65898897abfba253b914049b916ffb1f02128d348cf66	CHEBI:17745	coniferyl alcohol	MAPPED	pass	../records.tsv (byte-identical source)
data/ingredients/mapped/Coniferyl_Aldehyde.yaml	47bc6b1feb6233993a65878d39eba56004ba68b267fd5ea5b9f09b2de1ded3a3	CHEBI:16547	coniferyl aldehyde	MAPPED	pass	../records.tsv (byte-identical source)
data/ingredients/mapped/Cooked_Meat_Medium.yaml	518ebaf0c08461cf8c33a8599406efd69aa30594f6a531dde9ff37af21ca06cc	FOODON:03305103	Cooked meat medium	MAPPED	needs_curation	../records.tsv (byte-identical source)
data/ingredients/mapped/Copper.yaml	70540f6b852e736bbc5f96d7786262715a85d83611e16d73d302128df11e27f5	kgmicrobe.compound:copper	Copper	MAPPED	pass	../records.tsv (byte-identical source)
data/ingredients/mapped/Corn_Meal.yaml	deea94b71b43bbd26c2dec5da7b3f0de0db1cd31d2a001c49ddd0af5b871c7f9	FOODON:03310257	Corn meal	MAPPED	pass	../records.tsv (byte-identical source)
data/ingredients/mapped/Corn_Oil.yaml	ec4374e2dc963838ddd161cd5aae82ab0f3726fee9c26b7d5af9a487699debe9	CHEBI:195250	Corn Oil	MAPPED	pass	../records.tsv (byte-identical source)
data/ingredients/mapped/Corn_Steep_Liquor_Glucose_Fumarate.yaml	3f5732bada7cf14e9cd34057719f2b2230be7bb4eeec4e3c74c376bdb3e76e0f	kgmicrobe.ingredient:corn_steep_liquor_glucose_fumarate	Corn Steep Liquor + Glucose + Fumarate	MAPPED	pass	../records.tsv (byte-identical source)
data/ingredients/mapped/Coso4.yaml	974a82461672cac1853cae05cdc6285a48f3e2b02619669b8b81067117c19fbd	CHEBI:53470	CoSO4	MAPPED	needs_curation	../records.tsv (byte-identical source)
data/ingredients/mapped/Coso4_X_7_H2o.yaml	3e14e4d57dab11eb3974f45db2894b12bd71aa7a761d823ae8ce401300ceba8d	CHEBI:91244	CoSO4 x 7 H2O	MAPPED	needs_curation	../records.tsv (byte-identical source)
data/ingredients/mapped/Cotarnine_Chloride.yaml	09e9f1b848eeee6d7a10e92b38f7b7941b6f3342c4b00f7181b90c4c7c6b2863	cas:10018-19-6	Cotarnine Chloride	MAPPED	pass	../records.tsv (byte-identical source)
data/ingredients/mapped/Coumarate.yaml	e813180e6bcf4a0b1f7c2f294ea929505d5648b236d93c01035ca9d6f735d8f0	CHEBI:23399	Coumarate	MAPPED	pass	../records.tsv (byte-identical source)
data/ingredients/mapped/Cows_Milk.yaml	f5061d3f14bacbbba752acdaf7d4b558abcf4a86070759d54c7d61d61d0cfacb	FOODON:02020891	Cow's milk	MAPPED	pass	../records.tsv (byte-identical source)
data/ingredients/mapped/Cr1_Soil.yaml	806cb0bcb6ac7d866b7d8b664dc4fa2942920d5096f3fc1b22f6932b36a92e47	ENVO:00001998	CR1 Soil	MAPPED	needs_curation	../records.tsv (byte-identical source)
data/ingredients/mapped/Cr2_So43_X_N_H2o.yaml	0b7e77f7f4f3d09677a869564b459ba02dc82699ff142dfe20b7fc873c0a3504	kgmicrobe.compound:cr2_so43_x_n_h2o	Cr2(SO4)3 x n H2O	MAPPED	needs_curation	../records.tsv (byte-identical source)
data/ingredients/mapped/CrKSO42_X_12_H2O.yaml	30f47d1b0872dfef9a3ff8561ba2231853cc3cc2e464c66a78659ac5050748a3	cas:7788-99-0	CrKSO42 x 12 H2O	MAPPED	pass	../records.tsv (byte-identical source)
data/ingredients/mapped/Cr_No33_X_7_H2o.yaml	6683961b990fa61347d479b74da01b28658ef083dbe7c78fc3d3809dc221c401	CHEBI:86206	Cr(NO3)3 x 7 H2O	MAPPED	pass	../records.tsv (byte-identical source)
data/ingredients/mapped/Creatine.yaml	032c5ace97ce962ddf8586ac8e75396b47a1702f60cae24624c30dbb2032ab85	CHEBI:16919	Creatine	MAPPED	pass	../records.tsv (byte-identical source)
data/ingredients/mapped/Creatinine.yaml	6e6cc90e3aed158765ffd3e4de6e234d4df291f7fd426d8df0b4a04bc9cdb420	CHEBI:16737	Creatinine	MAPPED	pass	../records.tsv (byte-identical source)
data/ingredients/mapped/Cresol.yaml	87886c72e9eb3d159db42f24a5dc514bd6bcb4eefda4bca206c16a9ef9e2feca	CHEBI:25399	Cresol	MAPPED	needs_curation	../records.tsv (byte-identical source)
data/ingredients/mapped/Cresol_Red.yaml	79d23db10a9bd95d6c51c5d3434e1510f32265d797ba8e5219b2a977dcab9988	CHEBI:86218	Cresol red	MAPPED	pass	../records.tsv (byte-identical source)
data/ingredients/mapped/Crinamine.yaml	d238965aedaa9b20822ecd14b5bfa3058e4192b192a1b074e60648462a69bce3	CHEBI:3914	Crinamine	MAPPED	pass	../records.tsv (byte-identical source)
data/ingredients/mapped/Crotonic_Acid.yaml	15b9193b55b19ca84f58db0a095c543a925a1536cc15762734e6aaf17ba9c943	CHEBI:41131	Crotonic acid	MAPPED	pass	../records.tsv (byte-identical source)
data/ingredients/mapped/Crude_Oil.yaml	2a8b422e1267075452b7eaaefb8db918ea97fc2642c3109d47ff85f40ffcdfe7	ENVO:00002984	Crude Oil	MAPPED	pass	../records.tsv (byte-identical source)
data/ingredients/mapped/Cryptotanshinone.yaml	d2eaf69fb6d7b0d144359b4117d320f1ed8d9fbba5cadd01e62e46457bbb0bf3	CHEBI:149838	Cryptotanshinone	MAPPED	pass	../records.tsv (byte-identical source)
data/ingredients/mapped/Crystal_Violet.yaml	8a6bc6866a2ecd4c5d197251dac8a201143261f179dd41badbc1fd61213035fc	CHEBI:41688	Crystal Violet	MAPPED	needs_curation	../records.tsv (byte-identical source)
data/ingredients/mapped/Crystalline_Cellulose.yaml	29d3b75d688709ddc0eef248afb3a64bc5d9d72d9096384fdd783ba659a47519	CHEBI:62968	Crystalline Cellulose	MAPPED	pass	../records.tsv (byte-identical source)
data/ingredients/mapped/Cu_No32_X_3_H2o.yaml	4834333348f8e549ba039f366fc9ef327bf1b68624ea95896c11c0abe688a687	kgmicrobe.compound:cu_no32_x_3_h2o	Cu(NO3)2 x 3 H2O	MAPPED	needs_curation	../records.tsv (byte-identical source)
data/ingredients/mapped/Cucl.yaml	d10ad4a30ad5380d4f53569213173961d9a9deb373da6f5575a33f363ace9747	CHEBI:53472	CuCl	MAPPED	needs_curation	../records.tsv (byte-identical source)
data/ingredients/mapped/Cucl2.yaml	3af3e72dbcc28ff48e3ec4b266bc172de6b290923c3b094121cea09bee146420	CHEBI:49553	CuCl2	MAPPED	pass	../records.tsv (byte-identical source)
data/ingredients/mapped/Cucl2_X_2_H2o.yaml	8d736b21a7cf3780ffc26d47f0a24c2250d4bf06a078958aff3e8d6f36b9212e	CHEBI:86318	CuCl2 x 2 H2O	MAPPED	needs_curation	../records.tsv (byte-identical source)
data/ingredients/mapped/Cucl2_X_5_H2o.yaml	3db43c36b1d2d842b155e916cf764cf2935fec0c93339cd4c898b4c18a6ea2d0	CHEBI:91245	CuCl2 x 5 H2O	MAPPED	needs_curation	../records.tsv (byte-identical source)
data/ingredients/mapped/Cucl2_X_6_H2o.yaml	617a79e853967c008d7dc62783d291b4189d2d9b5955d9f71b59d6230621b15c	kgmicrobe.compound:cucl2_x_6_h2o	CuCl2 x 6 H2O	MAPPED	needs_curation	../records.tsv (byte-identical source)
data/ingredients/mapped/Cumene_Hydroperoxide.yaml	f9f575c71059b522d6ba83565373f7b5806b0a23785ea05e01c5cf4257f2477e	CHEBI:78673	Cumene hydroperoxide	MAPPED	pass	../records.tsv (byte-identical source)
data/ingredients/mapped/Curamycin_A.yaml	91d79e22f261753d7390dc2f9a583e35b3021e649814feb198d864fec3f16049	CHEBI:71987	Curamycin A	MAPPED	pass	../records.tsv (byte-identical source)
data/ingredients/mapped/Curcumin.yaml	4c10cbcf856cab8b0f0ae05da19517080093a02e8171d8f66018600dca8771e7	CHEBI:3962	Curcumin	MAPPED	pass	../records.tsv (byte-identical source)
data/ingredients/mapped/Curdlan.yaml	f6d77336e6292bbc92b12127ea94db3d43089a0b195e6da3893e3ccab4edbbd0	cas:54724-00-4	Curdlan	MAPPED	needs_curation	../records.tsv (byte-identical source)
data/ingredients/mapped/Cuso4.yaml	97feb9033c6ac7604410f11a5daa619cfcb698af10e4a9cd5b52f2e4c23772b1	CHEBI:23414	CuSO4	MAPPED	pass	../records.tsv (byte-identical source)
data/ingredients/mapped/Cuso4_X_2_H2o.yaml	b4443181e60d8e1f3fd28fec2010d509be846068da17c6af391cc66a70470ba2	CHEBI:23414	CuSO4 x 2 H2O	MAPPED	needs_curation	../records.tsv (byte-identical source)
data/ingredients/mapped/Cuso4_X_4_H2o.yaml	72ea1934677ab340704d596bfb1a185d5bdc0bc1398386206b7a7837286de0d6	CHEBI:23414	CuSO4 x 4 H2O	MAPPED	needs_curation	../records.tsv (byte-identical source)
data/ingredients/mapped/Cuso4_X_5_H2o.yaml	76cdfb2344f207d747e60376104e13e68f4bb4df79e33343a396810b5a61cf04	CHEBI:31440	CuSO4 x 5 H2O	MAPPED	needs_curation	../records.tsv (byte-identical source)
data/ingredients/mapped/Cuso4_X_6_H2o.yaml	9d0491fe64b362cd74a62b5b72dce232233dd220584111dbd5956e45996170fe	CHEBI:91246	CuSO4 x 6 H2O	MAPPED	needs_curation	../records.tsv (byte-identical source)
data/ingredients/mapped/Cyanocobalamin.yaml	e027bb18ec8466c3cad95ffcf6fde523a3b57d3bec17635601085224f9403b1d	CHEBI:17439	Cyanocobalamin	MAPPED	needs_curation	../records.tsv (byte-identical source)
data/ingredients/mapped/Cyanuric_acid.yaml	321c05e2f24f864ae79f2ba30303d73943a0ce0e8049ba700bb614de620addf2	CHEBI:38028	Cyanuric acid	MAPPED	pass	../records.tsv (byte-identical source)
data/ingredients/mapped/Cyclodextrin.yaml	9a53fe2a2d1e7a7316f860209733e0f6227b5673309d0ce42db73dcdc09ae766	CHEBI:23456	Cyclodextrin	MAPPED	pass	../records.tsv (byte-identical source)
data/ingredients/mapped/Cycloheximid.yaml	252ac8771048780efc743b3a921ccadaa35e08396d1a807216c3a2763a940f2c	CHEBI:27641	Cycloheximid	MAPPED	needs_curation	../records.tsv (byte-identical source)
data/ingredients/mapped/Cyclomaltoheptaose.yaml	366dae45d77efc8d2fdde2e35c3a914b6b726aadd655fcf75ed3ef0459d0445a	CHEBI:495055	Cyclomaltoheptaose	MAPPED	needs_curation	../records.tsv (byte-identical source)
data/ingredients/mapped/Cyclopamine.yaml	e37679d3ecbf96157e852162df3f149fd572e83d4b2071a6c9ad5d740d2f6f90	CHEBI:4021	Cyclopamine	MAPPED	pass	../records.tsv (byte-identical source)
data/ingredients/mapped/CyclopentanolCO2.yaml	7124309eeffdd8fe6e1aea37843fb554ffe353068888e502d4ca850e54ed5ce8	kgmicrobe.ingredient:cyclopentanol_co2	Cyclopentanol+CO2	MAPPED	needs_curation	../records.tsv (byte-identical source)
data/ingredients/mapped/Cycloviracin_B1.yaml	696d39b667cf8413bcb6117b27cc7bc1bcb64f40a6670e4aa9a01b3018fe5083	CHEBI:200226	Cycloviracin B1	MAPPED	pass	../records.tsv (byte-identical source)
data/ingredients/mapped/Cycloviracin_B2.yaml	c3e4f13a6a0e41de9f740ff4f0c9ed1b6cddbf13242267a8340449279bad5beb	CHEBI:202116	Cycloviracin B2	MAPPED	pass	../records.tsv (byte-identical source)
data/ingredients/mapped/Cystargin.yaml	971bc7f5e1dd9e3fdc90db8d215196ee09117907704a78a82c3d24dda273afc0	mesh:C058276	Cystargin	MAPPED	pass	../records.tsv (byte-identical source)
data/ingredients/mapped/Cysteine.yaml	91eebbb9397c2f88e483ebe2a97c96546138be9d09e72cab5b667154443055ed	CHEBI:15356	Cysteine	MAPPED	pass	../records.tsv (byte-identical source)
data/ingredients/mapped/Cystine.yaml	be9423ee0e7cf5a7572c50a0c566c385988cd7fe01c2bbbf6fc0f5193df4fa56	CHEBI:17376	Cystine	MAPPED	pass	../records.tsv (byte-identical source)
data/ingredients/mapped/Cytidine.yaml	413b03baf922b48926a8e24cf488a13b53524aa62880429bf11d88537afe52fd	CHEBI:17562	Cytidine	MAPPED	pass	../records.tsv (byte-identical source)
data/ingredients/mapped/Cytidine_5-Monophosphate.yaml	bbef90c27cc65fb8be1f59871f938546b08f191d2fb4302b69d00baf95a31d69	CHEBI:17361	Cytidine 5'-Monophosphate	MAPPED	pass	../records.tsv (byte-identical source)
data/ingredients/mapped/Cytisine.yaml	30d52e16c0b7730825a1758ba26221c504a67eee6e919474c685304f1466131f	CHEBI:4055	Cytisine	MAPPED	pass	../records.tsv (byte-identical source)
data/ingredients/mapped/Cytochrome.yaml	2169d99adcddbc16fafb60bdb83548fe3fbbd18c47e861372658393b9e815f1a	CHEBI:4056	Cytochrome	MAPPED	pass	../records.tsv (byte-identical source)
data/ingredients/mapped/Cytosine.yaml	bf9f041fc6ad34dedb67b3afe7168cad0ffb50a3565a9e257c51a02465c9416e	CHEBI:16040	Cytosine	MAPPED	pass	../records.tsv (byte-identical source)
data/ingredients/mapped/Cytovirin.yaml	1bb222c9a2df8ece401e0b3ec2978ca7f27e1e6f087826cea60ceafaf3b08178	kgmicrobe.compound:cytovirin	Cytovirin	MAPPED	pass	../records.tsv (byte-identical source)
data/ingredients/mapped/D-2-Aminobutyric_Acid.yaml	f45d2cf926674370b51282c314b27ccae3ee111d404efc1d4c9c154c6861b5f3	CHEBI:28797	D-2-Aminobutyric acid	MAPPED	needs_curation	../records.tsv (byte-identical source)
data/ingredients/mapped/D-Alanine.yaml	339e66c0d8cd147d235511dc025429b213cd70036bc987966c5f923ac02a1605	CHEBI:15570	D-Alanine	MAPPED	needs_curation	../records.tsv (byte-identical source)
data/ingredients/mapped/D-Aspartic_Acid.yaml	270dac8e5c03a2e131d5f4635cc1715cb9216723cc7370785ce38ece87eca887	CHEBI:17364	D-Aspartic Acid	MAPPED	needs_curation	../records.tsv (byte-identical source)
data/ingredients/mapped/D-Cycloserine.yaml	2e83721009ea217aee1c60016dc93a9d90843e9e05c3a69dd1c7ebce530601d4	CHEBI:40009	D-Cycloserine	MAPPED	pass	../records.tsv (byte-identical source)
data/ingredients/mapped/D-Fructose_6-phosphate_Disodium_Salt_Hydrate.yaml	2244062bcf003bedc31752d4b5b370a062b488c426fd025f86ce7cecc154a565	cas:26177-86-6	D-Fructose 6-phosphate disodium salt hydrate	MAPPED	needs_curation	../records.tsv (byte-identical source)
data/ingredients/mapped/D-Galacturonic_Acid_Monohydrate.yaml	5c8b73864ec7eabc0bc234d86c126c2cea1819e4be3f5ba95ad11deedf8e65c2	cas:91510-62-2	D-Galacturonic Acid monohydrate	MAPPED	needs_curation	../records.tsv (byte-identical source)
data/ingredients/mapped/D-Glucaric_Acid.yaml	28cb4957cd4826f99337d6b52f18de2844e52af42d728a893dc307967f90d8db	CHEBI:16002	D-Glucaric acid	MAPPED	needs_curation	../records.tsv (byte-identical source)
data/ingredients/mapped/D-Gluconic_acid.yaml	f6bcc42e7c94d8ade5517f28f75c3ff31cb62b52af2c64eb9c0fcef1eecc9fcd	CHEBI:33198	D-Gluconic acid	MAPPED	pass	../records.tsv (byte-identical source)
data/ingredients/mapped/D-Glucosamine_6-phosphate.yaml	6cc6a6cd0120c5cf0fd5241e23739c84fff123eb5b20c81143ced4ad719d2d23	CHEBI:12962	D-Glucosamine 6-phosphate	MAPPED	pass	../records.tsv (byte-identical source)
data/ingredients/mapped/D-Glucosamine_Hydrochloride.yaml	99d9906b694fd24589de083a3aba77ff51e6cdd57cbbccf71e859cc0571b3ab4	cas:66-84-2	D-Glucosamine Hydrochloride	MAPPED	pass	../records.tsv (byte-identical source)
data/ingredients/mapped/D-Glucose-6-Phosphate_Sodium_Salt.yaml	92e0e4a5be91c1d5be30056ba6e68de884b3f59aecc8281b4ccdf5cf26935feb	cas:54010-71-8	D-Glucose-6-Phosphate sodium salt	MAPPED	needs_curation	../records.tsv (byte-identical source)
data/ingredients/mapped/D-Glucuronic_Acid_Gamma_Lactone.yaml	8479b0753e265ac396d5ecb811c34b59e4e0435b24b6aa0190f83a9c696afc5a	CHEBI:18268	D-Glucuronic acid gamma lactone	MAPPED	pass	../records.tsv (byte-identical source)
data/ingredients/mapped/D-Glucuronic_Acid_Sodium_Salt_Monohydrate.yaml	e77bcd2a4a944106d4e17fde216fd20169d0074f660d088aeeb68c8426d78d3d	cas:207300-70-7	D-Glucuronic acid sodium salt monohydrate	MAPPED	pass	../records.tsv (byte-identical source)
data/ingredients/mapped/D-Glutamic_Acid.yaml	cda896e8d5e530ec719d30737893fa426a6e454dcc53548e12af8471a8ad5526	CHEBI:15966	D-Glutamic Acid	MAPPED	needs_curation	../records.tsv (byte-identical source)
data/ingredients/mapped/D-Leucine.yaml	e5de64402523fc9ccc19b390ee29cbc28dfed39085395a7d15220e4b13260786	CHEBI:28225	D-Leucine	MAPPED	needs_curation	../records.tsv (byte-identical source)
data/ingredients/mapped/D-Leucrose.yaml	4afb61c4b4524c13a6b58fabcad62553162dccf1a3a4032e09ded3602cfc7083	cas:7158-70-5	D-Leucrose	MAPPED	needs_curation	../records.tsv (byte-identical source)
data/ingredients/mapped/D-Lysine.yaml	ed998d8578c9e19a391eb1cd0a15faf9083e74d278085fe0596598b7d24cb392	CHEBI:16855	D-Lysine	MAPPED	needs_curation	../records.tsv (byte-identical source)
data/ingredients/mapped/D-Maltose_Monohydrate.yaml	26a9eeab846dc7bcc7bcca78b8c2f067389444a3bd23e4b85373dd61f9091bec	cas:6363-53-7	D-Maltose monohydrate	MAPPED	needs_curation	../records.tsv (byte-identical source)
data/ingredients/mapped/D-Mannose_6-phosphate_Sodium_Salt.yaml	a75ef83b827c57b90d984fc85d64f3a0216c7accb99a726f27830fad3820e191	cas:70442-25-0	D-Mannose 6-phosphate sodium salt	MAPPED	needs_curation	../records.tsv (byte-identical source)
data/ingredients/mapped/D-Methionine.yaml	4f5efa885ac3389c757f7fa257d2e620dec4d926480b7801090b2bf4b867cdec	CHEBI:16867	D-Methionine	MAPPED	needs_curation	../records.tsv (byte-identical source)
data/ingredients/mapped/D-Proline.yaml	cd4c31bf43a22d6cce53ad49dc8cc30b3ce3f844a05a9a5f682d3484f1d17279	CHEBI:16313	D-Proline	MAPPED	needs_curation	../records.tsv (byte-identical source)
data/ingredients/mapped/D-Raffinose_Pentahydrate.yaml	3b0200dd4a0b0e7127b13ba0a4b278c6faa094562534f9b72a4f4c4870b87c49	cas:17629-30-0	D-Raffinose pentahydrate	MAPPED	needs_curation	../records.tsv (byte-identical source)
data/ingredients/mapped/D-Ribose.yaml	eb58aa306690df74cabeac20c829dced22c79f88370a5f4bd4daaabbe5bf1249	CHEBI:16988	D-Ribose	MAPPED	needs_curation	../records.tsv (byte-identical source)
data/ingredients/mapped/D-Saccharic_Acid_Potassium_Salt.yaml	ba0586d34a670424bc9d896cb9ff86d39993d1e52ea680fc8597ad7275fd851f	cas:576-42-1	D-Saccharic acid potassium salt	MAPPED	pass	../records.tsv (byte-identical source)
data/ingredients/mapped/D-Serine.yaml	d6aba07f5a08cca5568562a8683e9c4ae2d771dffcbcf6b1fbe71ea735d1adb6	CHEBI:16523	D-Serine	MAPPED	needs_curation	../records.tsv (byte-identical source)
data/ingredients/mapped/D-Sucrose.yaml	7351265da7f87e1083a6be3d184c77f3930cafebb60a2cccb415e42655cfbd85	CHEBI:17992	D-Sucrose	REJECTED	excluded_rejected	../records.tsv (byte-identical source)
data/ingredients/mapped/D-_-galactosamine_Hydrochloride.yaml	882470ce63e5013ac4bd86e9834f284a6f4135c0f3f6a7f718e9b3a79399416f	CHEBI:181432	D-(+)-Galactosamine hydrochloride	MAPPED	needs_curation	../records.tsv (byte-identical source)
data/ingredients/mapped/D-_-gluconic_Acid_Gamma-lactone.yaml	c880c993332c68d83bb4ba96a3c45500dea3ac7993dc4a515f6a2cdb91c74f5c	CHEBI:16217	D-(+)-Gluconic acid gamma-lactone	MAPPED	needs_curation	../records.tsv (byte-identical source)
data/ingredients/mapped/D-_-lyxose.yaml	39b02cd43bdadb3fb76b6e05e83da0e1595572741fae2f4d3e6af59a050fc701	CHEBI:62318	D-(-)-lyxose	REJECTED	excluded_rejected	../records.tsv (byte-identical source)
data/ingredients/mapped/D-_-melezitose_Hydrate.yaml	e1b61c883ad813d73b3b508054774699b577fbaa90c8dd6fd4748abfa20bcc59	cas:207511-10-2	D-(+)-Melezitose hydrate	MAPPED	needs_curation	../records.tsv (byte-identical source)
data/ingredients/mapped/D-_-melezitose_Monohydrate.yaml	e17d80e75cf8794f5f4e2cab65a4cff77c92f921add55e36185549f75aff3222	cas:10030-67-8	D-(+)-melezitose monohydrate	MAPPED	needs_curation	../records.tsv (byte-identical source)
data/ingredients/mapped/D-_-pantolactone.yaml	d174fb3d9f5c0cdb94b2be12a323640b7193d06b91cefa147455e90545383edb	CHEBI:16719	D-(-)-Pantolactone	MAPPED	pass	../records.tsv (byte-identical source)
data/ingredients/mapped/D-_-tagatose.yaml	80df3f31b68b9a204f213badc49d094e386baa3ddc74dc8cb7e7e97ddb097590	CHEBI:4249	D-(-)-tagatose	MAPPED	needs_curation	../records.tsv (byte-identical source)
data/ingredients/mapped/D-_-turanose.yaml	9cd9bc8e0241aeb6fefb190c42d61acaca579aee65535cb46fdca43514d85dc1	CHEBI:32528	D-(+)-Turanose	MAPPED	needs_curation	../records.tsv (byte-identical source)
data/ingredients/mapped/D-apiose.yaml	9d7fa43e4284fda47f36c31b302cb466abcee6750058edcf9b0bcf14050a8367	CHEBI:16689	D-apiose	MAPPED	needs_curation	../records.tsv (byte-identical source)
data/ingredients/mapped/D-arabinose.yaml	0e501cbf834599bb55d18abbca320bd1aa95be31cf0742bafe3cd95484997581	CHEBI:17108	D-Arabinose	MAPPED	needs_curation	../records.tsv (byte-identical source)
data/ingredients/mapped/D-arabitol.yaml	a039abf322fba3aa48025d809e603af94f7bd648f18741a37efc16646610d5db	CHEBI:18333	D-arabitol	MAPPED	pass_with_minor_issues	../records.tsv (byte-identical source)
data/ingredients/mapped/D-aspartate.yaml	085e677f05cb6f3f380a9092efbd96f4d8f116e87f8a26317fe4c174316beeb0	CHEBI:29994	D-aspartate	MAPPED	pass_with_minor_issues	../records.tsv (byte-identical source)
data/ingredients/mapped/D-erythrose.yaml	a88ca4706c61451cbd11c5334ac4002438af9173af7e0f30f40e400f3a4c6f25	CHEBI:27904	D-erythrose	MAPPED	needs_curation	../records.tsv (byte-identical source)
data/ingredients/mapped/D-fructose.yaml	2c443404266f5d8e8260d733e235e3d7ee6293519afa8bf0e9afca231be8abfb	CHEBI:15824	D-Fructose	MAPPED	needs_curation	../records.tsv (byte-identical source)
data/ingredients/mapped/D-fucose.yaml	4414eb1716d08436c4605a2c2325b8cdce0ce15f101e8ecd1c07bbb0e2b6cac3	CHEBI:28847	D-fucose	MAPPED	pass	../records.tsv (byte-identical source)
data/ingredients/mapped/D-galactonate.yaml	929ea49cd5f668ee89a7cb5be7ff7885620a498c5873ad97571c720c304be1fe	CHEBI:12931	D-galactonate	MAPPED	pass	../records.tsv (byte-identical source)
data/ingredients/mapped/D-galactonic_Acid_Lactone.yaml	0fa355ac400aef25629c958b9f0f73ac10d8219a8a457db63620cbd5cb7c16ae	CHEBI:15895	D-galactonic Acid Lactone	MAPPED	needs_curation	../records.tsv (byte-identical source)
data/ingredients/mapped/D-galactose.yaml	2fbc00ce0f442d21cda38d28c2b71cfe37c8d30fa09c793f33bc278237276823	CHEBI:12936	D-Galactose	MAPPED	needs_curation	../records.tsv (byte-identical source)
data/ingredients/mapped/D-galacturonic_Acid.yaml	8e4cb67d6ea6fcf48fd627bdf054b93166630b65a50898026ff299ceb7d1d084	CHEBI:18024	D-galacturonic acid	MAPPED	pass	../records.tsv (byte-identical source)
data/ingredients/mapped/D-glucarate.yaml	205706134a4af37beb9ceb148edfcec2fc25af8ab62c6ef7e6047de47979b91f	CHEBI:30612	D-glucarate	MAPPED	pass_with_minor_issues	../records.tsv (byte-identical source)
data/ingredients/mapped/D-gluconate.yaml	d2b7e098c15ef2a143b23f8a64810afd5bf10250194badd69a28721f69ae8ca3	CHEBI:18391	D-gluconate	MAPPED	pass	../records.tsv (byte-identical source)
data/ingredients/mapped/D-glucosamine.yaml	a8d786d98dc006657eb3e6ffe78dedbd1b299bb439c77aac660905c6c2d71eb5	CHEBI:17315	D-glucosamine	MAPPED	pass	../records.tsv (byte-identical source)
data/ingredients/mapped/D-glucosaminic_Acid.yaml	4a60a1bda958f0b797f8c4b9a9f9af186629bbff64e0fcf33dac7cec46df4087	CHEBI:17784	D-glucosaminic Acid	MAPPED	pass_with_minor_issues	../records.tsv (byte-identical source)
data/ingredients/mapped/D-glucose.yaml	dd603850555b5735acd54dcc6f4695a23a0d789b120d77000db239427bad0914	CHEBI:17634	D-Glucose	MAPPED	needs_curation	../records.tsv (byte-identical source)
data/ingredients/mapped/D-glucose_6-phosphate.yaml	8cbbd58b5550de35ba5372d408c4da81ed6ef4cda04286f1cf1c06009bb1c730	CHEBI:14314	D-glucose 6-phosphate	MAPPED	pass	../records.tsv (byte-identical source)
data/ingredients/mapped/D-glucuronate.yaml	1700714f4cbfd0167d51e9b7b9310ac9baf0955947a97cae075a71b1e34681f2	CHEBI:15748	D-glucuronate	MAPPED	pass	../records.tsv (byte-identical source)
data/ingredients/mapped/D-glucuronic_Acid.yaml	8fed0bf74a3fde5711734cf0958a007bba8145b491dde6ec0d5a499328e7efea	CHEBI:4178	D-glucuronic acid	MAPPED	needs_curation	../records.tsv (byte-identical source)
data/ingredients/mapped/D-glutamine.yaml	2049eaee8d6b60ac0a94b87f4e452240a513864c6a0c1affa786d7a1894599d2	CHEBI:17061	D-glutamine	MAPPED	needs_curation	../records.tsv (byte-identical source)
data/ingredients/mapped/D-glycerate.yaml	fcf614eeb37c9abcc711cfaf0349a0edd6bb42f73cafa91e3ed11635ab46dffe	CHEBI:16659	D-glycerate	MAPPED	pass_with_minor_issues	../records.tsv (byte-identical source)
data/ingredients/mapped/D-histidine.yaml	b2c361fa33fc331baec937fdaf2c64d21fc03a67dec3f99eb222905186bbfcfd	CHEBI:27947	D-histidine	MAPPED	pass	../records.tsv (byte-identical source)
data/ingredients/mapped/D-limonene.yaml	6c8b6d061c369d56085331ac64480d3e48b4b1cba763117f884afb9a8e562707	cas:138-86-7	d-limonene	MAPPED	needs_curation	../records.tsv (byte-identical source)
data/ingredients/mapped/D-malate.yaml	77dfba0badfef73f21ea7cd9af6714afd42befba1298e0e33991c38c4fc46494	CHEBI:15588	D-malate	MAPPED	pass_with_minor_issues	../records.tsv (byte-identical source)
data/ingredients/mapped/D-mannitol.yaml	0a04714750dac2e0bec56ab4ee0ba62d29cb4e41cd90fa3f1cacecdcc31c48d9	CHEBI:16899	D-Mannitol	MAPPED	needs_curation	../records.tsv (byte-identical source)
data/ingredients/mapped/D-mannose.yaml	7f5c5fb56cf889813b006e3465aabe62c41a5752f0c2297e4b63cb0f75c0f937	CHEBI:16024	D-Mannose	MAPPED	needs_curation	../records.tsv (byte-identical source)
data/ingredients/mapped/D-ornithine.yaml	55aa5160434fbeee70487c37c51d56996596da384bc06c12c58c8c0f9166eac8	CHEBI:16176	D-ornithine	MAPPED	needs_curation	../records.tsv (byte-identical source)
data/ingredients/mapped/D-psicose.yaml	53297ba67c5624aede70c5d763137f64d3c780928b0d85973f1a71d205fb65e7	CHEBI:27605	D-psicose	MAPPED	pass	../records.tsv (byte-identical source)
data/ingredients/mapped/D-rhamnose.yaml	fde90ffd414160b2eb431437cedc832ea884c2c0dfffefa43d6167e6f663f1bb	CHEBI:63150	D-rhamnose	MAPPED	pass	../records.tsv (byte-identical source)
data/ingredients/mapped/D-sorbitol.yaml	b03dc5b410aa70e2fe4e274031b77b502c05db3c05bf44dd225f91d81f287744	CHEBI:17924	D-Sorbitol	MAPPED	needs_curation	../records.tsv (byte-identical source)
data/ingredients/mapped/D-sorbose.yaml	574f0aa1b20f4b6109b223387983ff41c60966004ef4d165c4953bd000d103a0	CHEBI:17317	D-sorbose	MAPPED	pass	../records.tsv (byte-identical source)
data/ingredients/mapped/D-tagatose.yaml	f7457e78cb1d9344c2859ec087a43b98785b9506c1496ddddd4d42ca92b0c698	CHEBI:16443	D-tagatose	MAPPED	pass	../records.tsv (byte-identical source)
data/ingredients/mapped/D-threonine.yaml	863b90a4c134609bf2a9611b1de74e966afa74403e1ce08364c107b84a86ebce	CHEBI:16398	D-threonine	MAPPED	pass	../records.tsv (byte-identical source)
data/ingredients/mapped/D-trehalose_Dihydrate.yaml	b51ac9e8b87eb59d58e7ca2545ff69d41fbbb78de14f485725a30ddef0c3fbf1	CHEBI:232797	D-Trehalose dihydrate	MAPPED	needs_curation	../records.tsv (byte-identical source)
data/ingredients/mapped/D-tryptophan.yaml	96a0312bee253b2d7e871bcc110c086f329044017860606ff3c1d0e3dec09b54	CHEBI:16296	D-tryptophan	MAPPED	needs_curation	../records.tsv (byte-identical source)
data/ingredients/mapped/D-valine.yaml	5014d4c166a7d16bd9bd0e3d84ed3a218afc35aac04ab0d954bc16b2d0176187	CHEBI:27477	D-valine	MAPPED	pass	../records.tsv (byte-identical source)
data/ingredients/mapped/D-xylose.yaml	193b1605bac8024863c9ac92d48e865a7db37156e63fb208a3a93c342ee85493	CHEBI:65327	D-Xylose	MAPPED	needs_curation	../records.tsv (byte-identical source)
data/ingredients/mapped/D-xylose_5-phosphate_Lithium_Salt.yaml	08e0044475727f527d9ad53e37b4d88cae70995731dfa0ed275c9c31cd2c8bc6	cas:66768-39-6	D-xylose 5-phosphate lithium salt	MAPPED	needs_curation	../records.tsv (byte-identical source)
data/ingredients/mapped/D.yaml	3dd35a9da755f08b8a20e5e8ffe9a1b1aae5050aff54cc8b2d1034abcd8a39e4	CHEBI:75228	D	REJECTED	excluded_rejected	../records.tsv (byte-identical source)
data/ingredients/mapped/DAMPA.yaml	991cac89a2dbaf1fedb346d8d21fd88a13755fc42f8e8488f42175893f1c4e79	cas:19741-14-1	DAMPA	MAPPED	pass	../records.tsv (byte-identical source)
data/ingredients/mapped/DCMU.yaml	7b8306c9b44261967d56117da8c699bb31c1b55b067c0d1819cce0d10b7123ea	CHEBI:116509	DCMU	MAPPED	pass	../records.tsv (byte-identical source)
data/ingredients/mapped/DEANONOate.yaml	8edc457151174ce841e8a2a54123f793092ce98dbe0ac5c642d207791ff8d813	cas:372965-00-9	DEANONOate	MAPPED	pass	../records.tsv (byte-identical source)
data/ingredients/mapped/DETANO.yaml	2747acb3abfcc4c7053440d842cc618c2edc40d8530af3841c585b1cd5b12a85	CHEBI:50154	DETA/NO	MAPPED	pass	../records.tsv (byte-identical source)
data/ingredients/mapped/DL-2-Aminoadipic_Acid.yaml	fa26e653b29c8d1aeeaea8a1feee468acaa737cb322b9b525eb454c8e5604d7e	cas:542-32-5	DL-2-Aminoadipic acid	MAPPED	identity_reviewed_other_findings_not_cleared	identity-plan.json
data/ingredients/mapped/DL-2-Aminobutyric_Acid.yaml	e501ada73b6ef2379f63302d706513f4350d8b81585b2a5a917e7b2fa596ed78	cas:2835-81-6	DL-2-Aminobutyric acid	MAPPED	needs_curation	../records.tsv (byte-identical source)
data/ingredients/mapped/DL-3-Aminoisobutyric_Acid.yaml	d9e353eee73a2be99cff88daa9789b7ba2f2053ccfbe6553e9c1582a3a774555	cas:144-90-1	DL-3-Aminoisobutyric acid	MAPPED	needs_curation	../records.tsv (byte-identical source)
data/ingredients/mapped/DL-3-Hydroxyisobutyric_Acid_Sodium_Salt.yaml	7107226fe756d75e14d04ed0860893caf24d90a90ef736eee7af11c08f2e04b5	cas:1219589-99-7	DL-3-Hydroxyisobutyric acid sodium salt	MAPPED	pass	../records.tsv (byte-identical source)
data/ingredients/mapped/DL-Glyceraldehyde_3-phosphate.yaml	d3a7acc13148e1164f719a3ec4490da136aa303d18a64e930431ce04afbf96ac	cas:591-59-3	DL-Glyceraldehyde 3-phosphate	MAPPED	pass	../records.tsv (byte-identical source)
data/ingredients/mapped/DL-Glycerol_1-phosphate_Sodium_Salt_Hydrate.yaml	fc7137a89b528e627681988eaaf830873870d9be682bb4cb1b87b5ee09094c0f	cas:17603-42-8	DL-Glycerol 1-phosphate sodium salt hydrate	MAPPED	needs_curation	../records.tsv (byte-identical source)
data/ingredients/mapped/DL-Histidine_Monohydrochloride_Monohydrate.yaml	94b8d614607fb862a583787116735b7282c9c240995bde23fce37dd4251a53d7	cas:123333-71-1	DL-Histidine monohydrochloride monohydrate	MAPPED	needs_curation	../records.tsv (byte-identical source)
data/ingredients/mapped/DL-Isocitric_Acid_Trisodium_Salt_Hydrate.yaml	16bd796338866619728e5c0c5594a67d4c1f65598774e9f79f2f6c06b6149e7d	kgmicrobe.compound:dl-isocitric_acid_trisodium_salt_hydrate	DL-Isocitric acid trisodium salt hydrate	MAPPED	needs_curation	../records.tsv (byte-identical source)
data/ingredients/mapped/DL-Tyrosine.yaml	0c7f72d20855e7043669272f40f74d7c87822e8577140126d5d763ed2099e1c7	CHEBI:18186	DL-Tyrosine	MAPPED	needs_curation	../records.tsv (byte-identical source)
data/ingredients/mapped/DL-glyceraldehyde.yaml	928ab995a38d52e6db4ce0ed1badd586a4fa1535446f02bb073f0ff921cb7538	cas:56-82-6	DL-glyceraldehyde	MAPPED	needs_curation	../records.tsv (byte-identical source)
data/ingredients/mapped/DL_Vitamins.yaml	41a6ce40ee3f2a5a705f041f6d20d72ecd977a2dea42c477dc997191d1be44ad	kgmicrobe.ingredient:dl_vitamins	DL vitamins	MAPPED	pass	../records.tsv (byte-identical source)
data/ingredients/mapped/DNA_From_Salmon.yaml	9862e5c11f9dba72581cd57b26629e0570a4c32ef10f5acbde518c3c8bcc9958	cas:438545-06-3	DNA from Salmon	MAPPED	pass	../records.tsv (byte-identical source)
data/ingredients/mapped/D_-carvone.yaml	ed52179dc865cc0f929bcdb9bcbcda7f848be46ceba5ae532e74aedf75aede91	CHEBI:15399	D(+)-Carvone	MAPPED	pass	../records.tsv (byte-identical source)
data/ingredients/mapped/Dactimicin.yaml	89019968fe37960d4f273ec11fc4b66b36d4e5650069dad58f56baf2379683da	CHEBI:81430	Dactimicin	MAPPED	pass	../records.tsv (byte-identical source)
data/ingredients/mapped/Daidzein.yaml	f97c31022d7448f076e68d53e9660483c235f6e10987d279c5b55141fedf6a9c	CHEBI:28197	Daidzein	MAPPED	pass	../records.tsv (byte-identical source)
data/ingredients/mapped/Danomycin.yaml	20ba29d7326f2cd0f7657db3cdd8124ca35dc1a15e3858723bd27101e2663cfd	kgmicrobe.compound:danomycin	Danomycin	MAPPED	needs_curation	../records.tsv (byte-identical source)
data/ingredients/mapped/Danubomycin.yaml	0d90522f7559d33a8c25a8701006ac82bb817e50f2965bf91c584882c8bb8c1c	kgmicrobe.compound:danubomycin	Danubomycin	MAPPED	needs_curation	../records.tsv (byte-identical source)
data/ingredients/mapped/Daptomycin.yaml	bce1f6044f12b81bdc58d3325cadfa1dcf1e81b597419059f8e894a1569f4b70	CHEBI:600103	Daptomycin	MAPPED	needs_curation	../records.tsv (byte-identical source)
data/ingredients/mapped/Das_Macro_Solution.yaml	6ca343f61d6d0476bf944e04c636dcd9c45078191e89f85961f976a618ee1bd0	kgmicrobe.ingredient:das_macro_solution	DAS Macro Solution	MAPPED	needs_curation	../records.tsv (byte-identical source)
data/ingredients/mapped/Das_Vitamin_Cocktail.yaml	55713ad8649f156d20e723cf0cdcdbb5f1e1599a156091c6ccba0e71a17545da	kgmicrobe.ingredient:das_vitamin_cocktail	DAS Vitamin Cocktail	MAPPED	needs_curation	../records.tsv (byte-identical source)
data/ingredients/mapped/Daunorubicin.yaml	e5842b408f2985214289e20e090817bbec59ebf9987edd787a2b7a63a6b686b2	CHEBI:41977	Daunorubicin	MAPPED	pass	../records.tsv (byte-identical source)
data/ingredients/mapped/Day_AminoAcid20.yaml	77f839fd4267567afb93feda8dcae9fd2fe441e30af45b3ecd54f82dc609f1ad	kgmicrobe.ingredient:day_aminoacid20	Day_AminoAcid20	MAPPED	pass	../records.tsv (byte-identical source)
data/ingredients/mapped/Decanoate.yaml	7a488c888014378be2b2f46fc8a249642118e4052c3b92f5197c8adaf18743ba	CHEBI:27689	Decanoate	MAPPED	pass	../records.tsv (byte-identical source)
data/ingredients/mapped/Decanoic_Acid.yaml	95c6d480fa485c4fe47963ba898147e353c68ff9a005ad9a9c9e40970da223d1	CHEBI:30813	Decanoic acid	MAPPED	pass	../records.tsv (byte-identical source)
data/ingredients/mapped/Decaplanin.yaml	479ab3860ec21e3837b153a58c6a6eea9c40c0c739cb120f298e4ab37caf86be	mesh:C076135	Decaplanin	MAPPED	pass	../records.tsv (byte-identical source)
data/ingredients/mapped/Decoyinine.yaml	8ef75c6200d4ca17bda6341d93262177132dc704323c2207f03d298f3c21a5fe	CHEBI:191094	Decoyinine	MAPPED	pass	../records.tsv (byte-identical source)
data/ingredients/mapped/Decyl_Alcohol.yaml	a9a6d21ec730a1c871e55f04bf8da12c48752be05bb3d0aeb0d515b19f25efad	CHEBI:28903	decyl alcohol	MAPPED	pass	../records.tsv (byte-identical source)
data/ingredients/mapped/Defibrinated_horse_blood.yaml	9e5c9eb2624156ad752a630d1875e836985da7fa6a187aeda2b7053593496168	MICRO:0001572	Defibrinated horse blood	MAPPED	pass_with_minor_issues	../records.tsv (byte-identical source)
data/ingredients/mapped/Defibrinated_sheep_blood.yaml	ee71b3eb16d3f3c6227560c7672de07ba042ce31224e43ffc646f0c456aeeb0f	MICRO:0001570	Defibrinated sheep blood	MAPPED	pass	../records.tsv (byte-identical source)
data/ingredients/mapped/Delamanid.yaml	5d8cf6aef4c63d694e0efedcd9eecba7a3cc42bcffef772d76b687449eb7b973	CHEBI:134742	Delamanid	MAPPED	pass	../records.tsv (byte-identical source)
data/ingredients/mapped/Delta-Decalactone.yaml	f68309a6ec418cca660af984b561b50d0ff80c03e688668dffb0e67810aa801a	CHEBI:87327	Delta-Decalactone	MAPPED	pass	../records.tsv (byte-identical source)
data/ingredients/mapped/Delta-Dodecalactone.yaml	9c3ea05269771ac98a32462eea81f6ca23385dc606ed98bb76a54aa0da8cea2c	CHEBI:171817	Delta-Dodecalactone	MAPPED	pass	../records.tsv (byte-identical source)
data/ingredients/mapped/Delta-Nonalactone.yaml	5a09f28747b94ce0c39d251bf85f4c9f225f3671f86c2a97e474e27daa8f9302	CHEBI:171747	Delta-Nonalactone	MAPPED	pass	../records.tsv (byte-identical source)
data/ingredients/mapped/Delta-Undecalactone.yaml	97b4535b92be5e4d0000710b5ea34351294232f19be8d044501d967033ccacbc	CHEBI:171846	Delta-Undecalactone	MAPPED	pass	../records.tsv (byte-identical source)
data/ingredients/mapped/Deoxycholic_Acid.yaml	10526ac517c75668d854ce1e95225d44bd1817cce46bf0a05e341dfb8a552886	CHEBI:28834	Deoxycholic acid	MAPPED	pass	../records.tsv (byte-identical source)
data/ingredients/mapped/Deoxyribonucleic_Acid_From_Herring_Sperm.yaml	1cd7c8e67aa428271e4cba4aaf030b09a7906fb176ebb2aedf0fa592e5ff23ac	kgmicrobe.ingredient:fish-sperm_dna	Deoxyribonucleic acid from herring sperm	REJECTED	excluded_rejected	../records.tsv (byte-identical source)
data/ingredients/mapped/Dermcidin.yaml	5e5b9447e1c1a47b218c84adf2903a930812fe13acf90d52c76ee0cad85d32e5	mesh:C442243	Dermcidin	MAPPED	pass	../records.tsv (byte-identical source)
data/ingredients/mapped/Desferrioxamine.yaml	bcf9c6172b32e379af5a9f1839637d5407cef8ea2ae1a564eb8d0a26cc10c234	CHEBI:50453	Desferrioxamine	MAPPED	pass	../records.tsv (byte-identical source)
data/ingredients/mapped/Destomycin.yaml	c6484b024f378fdc151435546b3b948874d58afba3f904eae16fa22fc5d1fd09	kgmicrobe.compound:destomycin	Destomycin	MAPPED	needs_curation	../records.tsv (byte-identical source)
data/ingredients/mapped/Desulfovibrio_Trace_Elements.yaml	93db08d82a87268e9c970192268b222cd7f518ef64f468aeceea672e329a20ea	mesh:D014131	Desulfovibrio trace elements	MAPPED	needs_curation	../records.tsv (byte-identical source)
data/ingredients/mapped/Deuterated_Glucose.yaml	2482918b98a21024cd45f4b2db753342d8f4eb83997d99556171af5931d99c59	cas:201417-01-8	deuterated glucose	MAPPED	needs_curation	../records.tsv (byte-identical source)
data/ingredients/mapped/Dextran.yaml	a10d55ac8cd9aab6d34debdd8cc884a2747fb9af42f748c9b388350998ca39da	CHEBI:52071	Dextran	MAPPED	needs_curation	../records.tsv (byte-identical source)
data/ingredients/mapped/Dextrin.yaml	97ffa5ef9dacd93fcb077fd836f1e0a370831b70f11bac7383aa655c4fcf4b4a	CHEBI:28675	Dextrin	MAPPED	pass	../records.tsv (byte-identical source)
data/ingredients/mapped/Dextrose.yaml	528f7d44e2287090fc459ee1f96ab9ae8cdd7d73561686d1a1abbc369cb364c6	CHEBI:17634	Dextrose	REJECTED	excluded_rejected	../records.tsv (byte-identical source)
data/ingredients/mapped/Diacetyl.yaml	b0eb126793a75d166088855ade7c7402cecaf5281f93450e314b3a8ebc5e3eb3	CHEBI:16583	Diacetyl	MAPPED	needs_curation	../records.tsv (byte-identical source)
data/ingredients/mapped/Diallyl_Sulfide.yaml	90f4e71082b287b8cf56b65596eabad2d0471a98deb56198a84917f7682eb9ea	CHEBI:4489	Diallyl sulfide	MAPPED	pass	../records.tsv (byte-identical source)
data/ingredients/mapped/Diaminopimelic_Acid.yaml	b83e338a6f3ddffdd2f713708857efab65602294afcfe43a6a053b96a54fe352	CHEBI:23673	Diaminopimelic acid	MAPPED	needs_curation	../records.tsv (byte-identical source)
data/ingredients/mapped/Diammonium_molybdate.yaml	04f56b6dd9464f2c7fcb63db2a055d507d9a4498224847ad841a78306a35e1a7	CHEBI:91249	Diammonium molybdate	MAPPED	needs_curation	../records.tsv (byte-identical source)
data/ingredients/mapped/Diammonium_tartrate.yaml	93351c9707f390aa2cde812f4a79446eda6c45a1085b9784654ca45f915cf2d4	CHEBI:63075	Diammonium tartrate	MAPPED	pass_with_minor_issues	../records.tsv (byte-identical source)
data/ingredients/mapped/Dibenzofuran.yaml	63cf9b4fdda5d23fa22caf229d26e7e052366402eabe8a049ad101c8a55d032c	CHEBI:28145	Dibenzofuran	MAPPED	pass	../records.tsv (byte-identical source)
data/ingredients/mapped/Dibenzothiophene.yaml	e2ec5800f21809b4eebacbcd7ab5675b5dded809f880b0ba017efa6ab4c4608a	CHEBI:23681	Dibenzothiophene	MAPPED	pass	../records.tsv (byte-identical source)
data/ingredients/mapped/Dibucaine.yaml	bcfb97d1f6e2632d77df85683d9b053e3fbffd604cf9c9c40f07cc56eade8168	CHEBI:247956	Dibucaine	MAPPED	pass	../records.tsv (byte-identical source)
data/ingredients/mapped/Dichloran_02_in_ethanol.yaml	17f7f88aa9e64ea6cee00f83b78feaf8d379d7edc4349fb5f067c110864816a9	CHEBI:27864	Dichloran (0.2% in ethanol)	MAPPED	needs_curation	../records.tsv (byte-identical source)
data/ingredients/mapped/Dicloxacillin_Sodium_Salt_Monohydrate.yaml	638bde6709ddcebdd6c37e01e8c02dd4ae64429bc44f6c53015d8c5f1f802914	CHEBI:52019	Dicloxacillin sodium salt monohydrate	MAPPED	needs_curation	../records.tsv (byte-identical source)
data/ingredients/mapped/Diethyl_Ether.yaml	11a73e07da9d1e83eb0b7b6d8a2f88f2244488bc55196fea64f0ef619dff1fb1	CHEBI:35702	diethyl ether	MAPPED	pass	../records.tsv (byte-identical source)
data/ingredients/mapped/Diethyl_phosphonate.yaml	c664f31e494fb6f6fe75c2c5d434d8c3d9db9f53d8a25ad8ca3d6f55263918b8	CHEBI:41962	Diethyl phosphonate	MAPPED	pass_with_minor_issues	../records.tsv (byte-identical source)
data/ingredients/mapped/Difucosyllactose.yaml	241e929b3c90cd8d94d5fd25f15582ddd0c3c4fd05f0999c715c8f996f3d9f5d	CHEBI:89917	Difucosyllactose	MAPPED	needs_curation	../records.tsv (byte-identical source)
data/ingredients/mapped/Digested_Serum.yaml	66c9d7b79fe966263a397f01b2fd82162b70b171611ba6e271ce9f938b813e35	MICRO:0001362	Digested serum	MAPPED	needs_curation	../records.tsv (byte-identical source)
data/ingredients/mapped/Digitonin.yaml	6222dab429b3ed50d73c4ba193c4f06032a1c7a8e008bfbcb820dfbb9a3e00ec	CHEBI:27729	Digitonin	MAPPED	pass	../records.tsv (byte-identical source)
data/ingredients/mapped/Digoxigenin.yaml	5b31cb6b13690c9eb7459908900a6f6eb46a995c50d0c1bcc25ec5339201940e	CHEBI:42098	Digoxigenin	MAPPED	pass	../records.tsv (byte-identical source)
data/ingredients/mapped/Dihydro_Azathymidine.yaml	52c0e7eb536cff956438cc4cf6029b797bd37ee82a1dbdb01dfecdf37f353f9a	kgmicrobe.compound:dihydro_azathymidine	Dihydro Azathymidine	MAPPED	pass_with_minor_issues	../records.tsv (byte-identical source)
data/ingredients/mapped/Dihydrocelastrol.yaml	74aae67515907cf18ed305ae5c7116665a262ba6353f56b7b181340b49f45204	CHEBI:132340	Dihydrocelastrol	MAPPED	pass	../records.tsv (byte-identical source)
data/ingredients/mapped/Dihydrojasmonic_Acid_Methyl_Ester.yaml	04fcf636346beb0cf5c369f84612a3a0f5e8d271369db33c1916161be1a5cdd5	CHEBI:89741	dihydrojasmonic acid, methyl ester	MAPPED	pass	../records.tsv (byte-identical source)
data/ingredients/mapped/Dihydrostreptomycin.yaml	0dcaef95669cec316e2f6c274721c048135eb490df92dd488362009d7a002ff4	CHEBI:38291	Dihydrostreptomycin	MAPPED	pass	../records.tsv (byte-identical source)
data/ingredients/mapped/Dihydroxyacetone.yaml	ad512d73f33938b4dae6de352ea054be42cddde7b61ee3e71b557f2f76dfd677	CHEBI:16016	Dihydroxyacetone	MAPPED	needs_curation	../records.tsv (byte-identical source)
data/ingredients/mapped/Dimethyl_Disulfide.yaml	9cd9b7fb4cad9f0bd6a9cf3ccc7c554466e0d6da8034b8da2da4ddb1c56b9315	CHEBI:4608	Dimethyl Disulfide	MAPPED	pass	../records.tsv (byte-identical source)
data/ingredients/mapped/Dimethyl_Sulfide.yaml	71983274ac343999e6d0d275e9beb4c0f8b76533c253f7ede22758e20f14b240	CHEBI:17437	Dimethyl sulfide	MAPPED	pass	../records.tsv (byte-identical source)
data/ingredients/mapped/Dimethyl_Sulfone.yaml	e7e8f459eae38ad6520066d16a21386653db5920baf403e94509cd6968d875c4	CHEBI:9349	dimethyl sulfone	MAPPED	pass	../records.tsv (byte-identical source)
data/ingredients/mapped/Dimethyl_Sulfoxide.yaml	7879d022cbf0855438a3941ad6dde0c7940c78a57107d2ef75f93e0fa5cdd23d	CHEBI:28262	Dimethyl sulfoxide	MAPPED	pass	../records.tsv (byte-identical source)
data/ingredients/mapped/Dimethylamine.yaml	8f9b860a00aff059afe00360115e168abf33bb97800b9cfcb76d8e4a23458bda	CHEBI:17170	Dimethylamine	MAPPED	pass	../records.tsv (byte-identical source)
data/ingredients/mapped/Dimethylfraxetin.yaml	f8cfa064de03b738a34ec7cce6628e1115c0011048e77c93e8bac59888d2177c	cas:6035-49-0	Dimethylfraxetin	MAPPED	pass_with_minor_issues	../records.tsv (byte-identical source)
data/ingredients/mapped/Dimethylsulfoniopropionate_Hydrochloride.yaml	ff201544ef4cd5484d12a122b42c5ba853328e36c61b583753b06eb936c44d26	cas:4337-33-1	Dimethylsulfoniopropionate hydrochloride	MAPPED	pass	../records.tsv (byte-identical source)
data/ingredients/mapped/Dimetridazole.yaml	4da82dfefd10188e4ea44e5c72dcbec10ae0fa9f51226644c54888c41f6f581f	CHEBI:141155	Dimetridazole	MAPPED	pass	../records.tsv (byte-identical source)
data/ingredients/mapped/Diosgenin.yaml	8a11ce6304bf72eb34f7a28d3b71b04e0629ac157006ea21d508f9afe9585f8d	CHEBI:4629	Diosgenin	MAPPED	pass	../records.tsv (byte-identical source)
data/ingredients/mapped/Dioxygen.yaml	4b59412c29aaa5fe2688fcd397bcef2fd5ff166d6e31af95a65c6f0539643f96	CHEBI:15379	Dioxygen	MAPPED	pass	../records.tsv (byte-identical source)
data/ingredients/mapped/Dipicolinic_Acid.yaml	9b92298d128f9c4d21b3e7314f0c9e8d7db52000832253c2a07f5c904de264bb	CHEBI:46837	Dipicolinic Acid	MAPPED	pass	../records.tsv (byte-identical source)
data/ingredients/mapped/Disodium_Glutarate.yaml	e669d06340e36f5ec14af33944ccd04b8d5e97b6ba5ce27c25387fb2442ca912	cas:13521-83-0	Disodium Glutarate	MAPPED	needs_curation	../records.tsv (byte-identical source)
data/ingredients/mapped/Disodium_Malate.yaml	2934f4206c4921dabc50b0cae9de7a0331fd268a5776a462ea2423071ba4f4eb	CHEBI:91260	Disodium Malate	MAPPED	pass	../records.tsv (byte-identical source)
data/ingredients/mapped/Disodium_Oxalate.yaml	a55505710b09ae7ffa66682d3e98d6781abe8f47ca538668fed5d46ee1bb85ba	CHEBI:132764	Disodium oxalate	MAPPED	pass	../records.tsv (byte-identical source)
data/ingredients/mapped/Disodium_Phosphate_Heptahydrate_002_M_Stock.yaml	b8a1c18623493fd7beeda519304b6d2b45582605bd32236e51ecae638a506eb1	kgmicrobe.ingredient:disodium_phosphate_heptahydrate_~28002_m_stock~29	Disodium phosphate heptahydrate (0.02 M stock)	MAPPED	needs_curation	../records.tsv (byte-identical source)
data/ingredients/mapped/Distilled_Water.yaml	458e87161555bb11415b5155a30085120b121c07ee6612f8d7a5b6f0eb22ff56	CHEBI:15377	Distilled water	MAPPED	pass_with_minor_issues	../records.tsv (byte-identical source)
data/ingredients/mapped/Dithionite.yaml	223989fc29bf0ff1986c59a2d0abc929cd5751c8a9c43a50307b813e2a554ba5	CHEBI:42160	Dithionite	MAPPED	needs_curation	../records.tsv (byte-identical source)
data/ingredients/mapped/Dl-2-methylbutyric_Acid.yaml	86d91038be691420f3748192b215a9f6f5fc92cfad5b729bddab9dd4dd5c18ce	CHEBI:37070	DL-2-Methylbutyric acid	MAPPED	pass	../records.tsv (byte-identical source)
data/ingredients/mapped/Dl-alanine.yaml	2d4b6c09f62e88f213dc5202cf848bc461b2e9c924f1e79791c8d2c200b28286	NCIT:C61731	Dl-alanine	MAPPED	pass	../records.tsv (byte-identical source)
data/ingredients/mapped/Dl-alpha-lipoic_Acid.yaml	0ed895bde2be0c24acba5da9eb925485ebea8dd04b8058cce77270e1677629bc	CHEBI:16494	(DL)-alpha-Lipoic acid	MAPPED	pass	../records.tsv (byte-identical source)
data/ingredients/mapped/Dl-aspartic_Acid.yaml	85fd87594581ff3d8cf8b20b1bdad67adcd3cf2dc3624890da002c2c9894a034	CHEBI:22660	DL-aspartic acid	MAPPED	needs_curation	../records.tsv (byte-identical source)
data/ingredients/mapped/Dl-carnitine.yaml	e225138c2ef6bc64d01bd2102058cc5725185201fa1d32ca9a1ae1aee6b1ecab	CHEBI:17126	DL-carnitine	MAPPED	pass	../records.tsv (byte-identical source)
data/ingredients/mapped/Dl-dithiothreitol.yaml	ae26a9801b8dbb495ff4e03952847516a9724042c0cfdcab273e159de0e77f14	CHEBI:18320	DL-Dithiothreitol	MAPPED	needs_curation	../records.tsv (byte-identical source)
data/ingredients/mapped/Dl-histidine.yaml	f4985eeac71fefeaa0313bc090be28c0b47fa522fd11f390eeed48a83adf2ffe	CHEBI:27570	DL-Histidine	MAPPED	needs_curation	../records.tsv (byte-identical source)
data/ingredients/mapped/Dl-malic_Acid.yaml	bf0ae946dff18dc609712af2b0c013d6001b44bfb66a2f15b0204a334ba7330d	CHEBI:6650	DL-Malic acid	MAPPED	needs_curation	../records.tsv (byte-identical source)
data/ingredients/mapped/Dl-methionine.yaml	d66b529979f43a19d5116b0f369dbb4261b09e8d89ce65375e12398760a39fdc	CHEBI:16811	DL-methionine	MAPPED	pass	../records.tsv (byte-identical source)
data/ingredients/mapped/Dl-mevalonic_Acid.yaml	2286c5f2dccd7eee68191f856425771fb7d4d4bb62cfa9e37d2835cfcb128d78	CHEBI:25351	DL-mevalonic acid	MAPPED	needs_curation	../records.tsv (byte-identical source)
data/ingredients/mapped/Dl-tryptophan.yaml	5756df74e6bba986b2cdb1f98ed341afe77d98b413912cb25a9ab840cb643036	CHEBI:57912	DL-Tryptophan	MAPPED	needs_curation	../records.tsv (byte-identical source)
data/ingredients/mapped/Docosane.yaml	536e424b8ca264d20301329ffdeb74351d114c8ec09748e017ade6133a17ed1d	CHEBI:46050	Docosane	MAPPED	pass	../records.tsv (byte-identical source)
data/ingredients/mapped/Docosanol.yaml	2188ca8e4902711cf8d1b0c3f643b01283a9439d140f0c91ec9d2b64e3e2d370	CHEBI:197511	Docosanol	MAPPED	needs_curation	../records.tsv (byte-identical source)
data/ingredients/mapped/Dodecandioic_Acid.yaml	e134b4eb3e42e4f3b1c947b2a5e90b73edb5bfd4fe3aa0174daa2ec04d44f8b8	CHEBI:4676	Dodecandioic acid	MAPPED	pass	../records.tsv (byte-identical source)
data/ingredients/mapped/Dodecane.yaml	b852b8b1147ea8cac5fb72316dfa64a9a516bec41493f87c67d42bb2b01abecb	CHEBI:28817	dodecane	MAPPED	pass	../records.tsv (byte-identical source)
data/ingredients/mapped/Dodecanoate.yaml	12baa354d6e1ffc85f21faebb048da23bef9cfaf9804c68190b238e5248d3b0c	CHEBI:18262	Dodecanoate	MAPPED	pass	../records.tsv (byte-identical source)
data/ingredients/mapped/Dodecanol.yaml	1043288f10ead3d036ea23d30c1075b70d88492b2fca03b066430f82cc4a72d9	CHEBI:23866	Dodecanol	MAPPED	needs_curation	../records.tsv (byte-identical source)
data/ingredients/mapped/Dopamine_Hydrochloride.yaml	bb78219015e894b37c52c5cb6869b6538e462df660958ed4943bd4bee6b29d77	CHEBI:4698	Dopamine hydrochloride	MAPPED	pass	../records.tsv (byte-identical source)
data/ingredients/mapped/Dopsisamine.yaml	8b481e89795da268e0ef8bae1f1f465563634e131f340d86556362f77a62630f	mesh:C048266	Dopsisamine	MAPPED	pass_with_minor_issues	../records.tsv (byte-identical source)
data/ingredients/mapped/Doripenem.yaml	bd31b8c2cca20c63e1eba28708c563dff27a55ddf8f11a11b087b70e3ea8345a	CHEBI:135928	Doripenem	MAPPED	pass	../records.tsv (byte-identical source)
data/ingredients/mapped/Dotriacontane.yaml	19ba10f26667e1f175679801b7d892b5ffce8358e50fdf9c0629bc3534d0aefc	CHEBI:36020	Dotriacontane	MAPPED	pass	../records.tsv (byte-identical source)
data/ingredients/mapped/Doxorubicin.yaml	7155a6ccbe0e37d2ac91a482c74f017d3996baa36ab7b5b9b5024e05e1e737d0	CHEBI:28748	Doxorubicin	MAPPED	pass	../records.tsv (byte-identical source)
data/ingredients/mapped/Doxorubicin_Hydrochloride.yaml	9fd336b7545aff6e3fbf075dbc7b5186bd658dab67b1d700a846d4fb4137da13	CHEBI:31522	Doxorubicin hydrochloride	MAPPED	pass	../records.tsv (byte-identical source)
data/ingredients/mapped/Doxycycline.yaml	438bba1b44c687ca67f5ee4bf9186c4ed429d7770d9b4de702b1fa2b0a0d1042	CHEBI:50845	Doxycycline	MAPPED	pass	../records.tsv (byte-identical source)
data/ingredients/mapped/Doxycycline_Hyclate.yaml	eed522b47eff89156ea73b7207567742b155ec797c34ded6996af40a330ec292	CHEBI:34730	Doxycycline hyclate	MAPPED	needs_curation	../records.tsv (byte-identical source)
data/ingredients/mapped/Dried_Bovine_Hemoglobin_BD_212392.yaml	2a4afa73a48ec0dc9edbfd04fea7b52da211d69825e6f9a8b36da045cc88f757	MICRO:0001599	Dried Bovine Hemoglobin (BD 212392)	MAPPED	pass_with_minor_issues	../records.tsv (byte-identical source)
data/ingredients/mapped/Dry_Cow-manure.yaml	8757eda7514278480daa397b84d468e34376af4573a305d6874d0ee5d99e8cc9	kgmicrobe.ingredient:dry_cow-manure	Dry cow-manure	MAPPED	pass	../records.tsv (byte-identical source)
data/ingredients/mapped/Duartin.yaml	c0772755479c39da05c86ec8a383ae9b9e2e3de6af60244a2ff8cd4932d87b8e	cas:52305-04-1	Duartin (-)	MAPPED	pass_with_minor_issues	../records.tsv (byte-identical source)
data/ingredients/mapped/Durhamycin.yaml	0f1ab3359b879b2a9917cd713f8683634c6c22395f616fc44030eed83e42ae9e	kgmicrobe.compound:durhamycin	Durhamycin	MAPPED	needs_curation	../records.tsv (byte-identical source)
data/ingredients/mapped/Dynemicin.yaml	e3f94e82b78de022b04946349c20240594268a2da0b401048ef0f4a2614361e4	NCIT:C1928	Dynemicin	MAPPED	needs_curation	../records.tsv (byte-identical source)
data/ingredients/mapped/Dyv_Metal_Solution.yaml	122eb647ad6aca19e8098d803fb759f479ac622b814e23b70ed8e9c98c874b6a	kgmicrobe.ingredient:dyv_metal_solution	DYV Metal Solution	MAPPED	pass	../records.tsv (byte-identical source)
data/ingredients/mapped/E-Amino-N-Caproic_Acid.yaml	f2a76d5f402e91b0d3b92260d2c6467489a680512f0b33c232a5f69cb2de2ff2	CHEBI:16586	e-Amino-N-Caproic Acid	MAPPED	needs_curation	../records.tsv (byte-identical source)
data/ingredients/mapped/EDTA_Tetrasodium_Tetrahydrate_Salt.yaml	ebbc88a44ee8920c810e31101fe3a303956c5061f9265b10adea414f40bc0b6d	cas:13235-36-4	EDTA tetrasodium tetrahydrate salt	MAPPED	needs_curation	../records.tsv (byte-identical source)
data/ingredients/mapped/E_4_Aminostyryl_Acetate.yaml	a0d51849ecc2d492b133f4e1e80c1e9c44ab695357d80829f94aa744ea77de7c	kgmicrobe.compound:e_4_aminostyryl_acetate	E 4 Aminostyryl Acetate	MAPPED	pass	../records.tsv (byte-identical source)
data/ingredients/mapped/Ebselen.yaml	81c7716a7210b0e74a722b64fa369ccac65a68ffe08a3eaa4f000a8c6791394f	CHEBI:77543	Ebselen	MAPPED	pass	../records.tsv (byte-identical source)
data/ingredients/mapped/Econazole_Nitrate_Salt.yaml	b04869b46df1836b1f27ee7188e8e66fad8d4dc80027dac19e3e9d233bc5f52a	CHEBI:4755	Econazole nitrate salt	MAPPED	pass	../records.tsv (byte-identical source)
data/ingredients/mapped/Ectoine.yaml	81bb5527e1024d5e68cf3f4f04374740b41ae2b3a33be8f179aca64c320649d4	CHEBI:27592	Ectoine	MAPPED	pass	../records.tsv (byte-identical source)
data/ingredients/mapped/Edta.yaml	d766e18a220253f5bfa78e734be9b3a7df8b72ad8a7718ac8602a385e3929701	CHEBI:4735	EDTA	MAPPED	identity_reviewed_other_findings_not_cleared	identity-plan.json
data/ingredients/mapped/Edta_Acid_Form.yaml	7a37bed35cc39e3a4debfe3cfabf2210845b346101f367195e2f41f78334feaa	CHEBI:4735	EDTA (acid form)	REJECTED	excluded_rejected	../records.tsv (byte-identical source)
data/ingredients/mapped/Edta_Chelating_Agent.yaml	85c00a1b83b9f31e8bd04b3ee56ee4b487aab3c0e18a5c0302b46b04bfee175f	NCIT:C360	EDTA (chelating agent)	REJECTED	merged_and_excluded	identity-plan.json
data/ingredients/mapped/Edta_Stock.yaml	d3f35db99c9b4660ea9be3a3d737da6773964593cb29b4926b04fbb987d02b34	kgmicrobe.ingredient:edta_stock	EDTA Stock	MAPPED	pass	../records.tsv (byte-identical source)
data/ingredients/mapped/Egg_Yolk.yaml	b321e208dd95276eb825bc3d7b312b3495fb6d27e703ad144751aa2abbf42ea4	FOODON:03315772	Egg yolk	MAPPED	pass	../records.tsv (byte-identical source)
data/ingredients/mapped/Elastin.yaml	5b4289019de7264e0503c91a6cc4dbcd821152ea8450dc673d53cbeebe9b4718	CHEBI:4767	Elastin	MAPPED	needs_curation	../records.tsv (byte-identical source)
data/ingredients/mapped/Emodin.yaml	3cc25fbaef23106fc471024b4a01e94309cd00b16f6c6a924e58610049611a97	CHEBI:42223	Emodin	MAPPED	pass	../records.tsv (byte-identical source)
data/ingredients/mapped/Enoxacin.yaml	dcbeab45f112c70ded14f5b4efc5d0c1e5755a6e3b4a99e40813d91e04aa2ee5	CHEBI:157175	Enoxacin	MAPPED	pass	../records.tsv (byte-identical source)
data/ingredients/mapped/Enrichment_Solution_For_Seawater_Medium.yaml	9818533113e5ab0e198379d790facb8ebbadd9a9749b58acf7dedff3d83d7074	kgmicrobe.ingredient:enrichment_solution_for_seawater_medium	Enrichment Solution for Seawater Medium	MAPPED	pass	../records.tsv (byte-identical source)
data/ingredients/mapped/Enrofloxacin.yaml	5f6b309a7c033b0226929021b28394e60f04ab8707bab9cb13175f353b721c47	CHEBI:35720	Enrofloxacin	MAPPED	pass	../records.tsv (byte-identical source)
data/ingredients/mapped/Enterobactin.yaml	7795f8fef6d843fda2cc6f7d7da45252a81ddba2e7bc808adc33d0b1fd54f821	CHEBI:28855	Enterobactin	MAPPED	needs_curation	../records.tsv (byte-identical source)
data/ingredients/mapped/Epiandrosterone.yaml	02d1f653886f6fbf7081e8cefd82a13dfbf716a1f50cc55370ffb0f20e4c7152	CHEBI:541975	Epiandrosterone	MAPPED	pass	../records.tsv (byte-identical source)
data/ingredients/mapped/Epigallocatechin.yaml	bf8f98cd0f4c6ae9e96080de11b2c219520b0d70431587bedef89186a8015eba	CHEBI:42255	Epigallocatechin	MAPPED	pass	../records.tsv (byte-identical source)
data/ingredients/mapped/Epigallocatechin_Gallate.yaml	f288f68d157dfb101392d9469e3629e6fff10e79d1bcf73ab967185809fce589	CHEBI:4806	(-)-Epigallocatechin gallate	MAPPED	pass	../records.tsv (byte-identical source)
data/ingredients/mapped/Epinephrine.yaml	d208dc24712bd2aae8545d5b7389b362b646a1e46240972f740cd26deb4d5ca5	CHEBI:28918	(-)-Epinephrine	MAPPED	pass	../records.tsv (byte-identical source)
data/ingredients/mapped/Ertapenem.yaml	ce2e32a113876c315c38c3b58f072b33a36d3a562873dc18656de844cca389b3	CHEBI:404903	Ertapenem	MAPPED	pass	../records.tsv (byte-identical source)
data/ingredients/mapped/Erythromycin.yaml	46904c767e0bcd12bb832d569f9734ff23ff78de609fe2f5b14fd5681169a0a8	CHEBI:48923	erythromycin	MAPPED	pass	../records.tsv (byte-identical source)
data/ingredients/mapped/Erythromycin_A.yaml	d1078d1463967195f39f7ef60c5e793741b9d1ed3951a7cfa69c68113405c6d6	CHEBI:42355	Erythromycin A	MAPPED	pass	../records.tsv (byte-identical source)
data/ingredients/mapped/Erythromycin_B.yaml	26f15b879784688d4a7e8c8d23093e963279d98d0777fe12474b421791a469a0	CHEBI:28196	Erythromycin B	MAPPED	pass	../records.tsv (byte-identical source)
data/ingredients/mapped/Erythrose.yaml	dae391d7131ca0a103e51ac795feaeb837cdc371373610647f09437487b98e68	CHEBI:33946	Erythrose	MAPPED	pass	../records.tsv (byte-identical source)
data/ingredients/mapped/Escin.yaml	fbb03e5715ea83766f598d9105946e248d3b6e38324c7aeba649f1586c1c0e4f	CHEBI:2500	Escin	MAPPED	pass	../records.tsv (byte-identical source)
data/ingredients/mapped/Esculin_Ferric_Citrate.yaml	0d5e17850b2e05e9fbc78603780cce15f7db813e0985c288506f5b1b5186b62d	kgmicrobe.ingredient:esculin_ferric_citrate	Esculin Ferric Citrate	MAPPED	pass_with_minor_issues	../records.tsv (byte-identical source)
data/ingredients/mapped/Esculin_Monohydrate.yaml	b3c02996a796411b1dea434894a2be3cb72c9521c76f46d81af86901e58d30bb	CHEBI:73111	Esculin Monohydrate	MAPPED	needs_curation	../records.tsv (byte-identical source)
data/ingredients/mapped/Estragole.yaml	f1ed821de348d7d13067bb46e47a863fa5b50968eb9ff848f22386e7d0e72594	CHEBI:4867	Estragole	MAPPED	pass	../records.tsv (byte-identical source)
data/ingredients/mapped/Etabetacin.yaml	906a5481d6235bad8fa65fcb84f82cdbf97c44c1ea83514ebe251c6062628a9d	kgmicrobe.compound:etabetacin	Etabetacin	MAPPED	pass	../records.tsv (byte-identical source)
data/ingredients/mapped/Etamycin.yaml	84d07722cb91d161afb8211b2a1cf76bfec8eaa9182b01d12c9e5f85648d8933	mesh:C004910	Etamycin	MAPPED	needs_curation	../records.tsv (byte-identical source)
data/ingredients/mapped/Ethambutol.yaml	b75b661b475669184c8632c6306469093afbd91f652c5edd2a1fd60b2d017e00	CHEBI:4877	Ethambutol	MAPPED	pass	../records.tsv (byte-identical source)
data/ingredients/mapped/Ethambutol_Dihydrochloride.yaml	29e13c142e8dc9cc29e6c641d8512dea8ff99e084c6d390e917ae780f8cdcb41	CHEBI:4878	Ethambutol dihydrochloride	MAPPED	pass	../records.tsv (byte-identical source)
data/ingredients/mapped/Ethanol.yaml	3710ac83f61be8858e9e577dd83a8a2170a10ee690420c51de1ee347da92e936	CHEBI:16236	Ethanol	MAPPED	needs_curation	../records.tsv (byte-identical source)
data/ingredients/mapped/Ethanolamine.yaml	eff6d8b8dd34a9c17ac3bc0d0650b1309fab249ed776a2879439519f43723729	CHEBI:16000	Ethanolamine	MAPPED	needs_curation	../records.tsv (byte-identical source)
data/ingredients/mapped/Ethidium_Bromide.yaml	13e60785064085a346aab2cee75bb5c3cc944808092cd0b0eeafd9344b2e64e2	CHEBI:4883	Ethidium Bromide	MAPPED	pass	../records.tsv (byte-identical source)
data/ingredients/mapped/Ethionamide.yaml	2a9cfea3f1174404f600406680bb55ceddfc96ae20d79551582f6edcec45041b	CHEBI:4885	Ethionamide	MAPPED	pass	../records.tsv (byte-identical source)
data/ingredients/mapped/Ethyl_Acetate.yaml	e503c557e8016371fe0dc049daedc466eaf983ebd041b81d35df7d18d2864c3f	CHEBI:27750	ethyl acetate	MAPPED	pass	../records.tsv (byte-identical source)
data/ingredients/mapped/Ethyl_Benzoate.yaml	62ab39245e718179657090eb094f393f1cc6de17cc0bba430823bbc9819532ea	CHEBI:156074	Ethyl benzoate	MAPPED	pass	../records.tsv (byte-identical source)
data/ingredients/mapped/Ethyl_Decanoate.yaml	3471ad5f0b96332367aa78983a69ca746d428e3fd1a11e350b1dcea8ddd77f91	CHEBI:87430	Ethyl decanoate	MAPPED	pass	../records.tsv (byte-identical source)
data/ingredients/mapped/Ethyl_Methyl_Sulfide.yaml	8e532fa806a450edfd00d58de5f662d33b53bc7960f4daf8dbc8274df55b989d	CHEBI:231886	ethyl methyl sulfide	MAPPED	pass	../records.tsv (byte-identical source)
data/ingredients/mapped/Ethyl_octanoate.yaml	ed6484dd4752a91041965294c00db3290aa98d896dfe5ccde01530af6d78d5fa	CHEBI:87426	Ethyl octanoate	MAPPED	pass_with_minor_issues	../records.tsv (byte-identical source)
data/ingredients/mapped/Ethylene_Glycol.yaml	2e1c94c7f1e6a9ef224792c511022984b047ba386d02d2fa9924d721fd6a48ff	CHEBI:30742	Ethylene glycol	MAPPED	needs_curation	../records.tsv (byte-identical source)
data/ingredients/mapped/Ethylenediamine-NN-disuccinic_Acid.yaml	b52c49d23cfb3337c7556bc89e3066aced0b80852147da62b324d81450495123	cas:20846-91-7	Ethylenediamine-N,N'-disuccinic acid	MAPPED	pass	../records.tsv (byte-identical source)
data/ingredients/mapped/Ethylenediamine-NN-disuccinic_acid_EDDS.yaml	525c28cec84b146e6fa4e8a7145e3f4f993ffc64943c9d2f173308fdd1f0e247	kgmicrobe.compound:ethylenediamine_n_n_disuccinic_acid	Ethylenediamine-N,N'-disuccinic acid (EDDS)	MAPPED	needs_curation	../records.tsv (byte-identical source)
data/ingredients/mapped/Ethylenediamine_N_N_Prime_Disuccinic_Acid.yaml	77298eb4b9c2ea4aa3b45bdc9755090db6aebef504b5d5944ed755e91e315660	kgmicrobe.compound:ethylenediamine_n_n_prime_disuccinic_acid	Ethylenediamine N N Prime Disuccinic Acid	MAPPED	needs_curation	../records.tsv (byte-identical source)
data/ingredients/mapped/Ethylmalonic_Acid.yaml	ea0eb1a71df4eec41310f6fe19817bd2b14c60703b08c8c33ed89d772bf46cbb	CHEBI:741548	Ethylmalonic acid	MAPPED	pass	../records.tsv (byte-identical source)
data/ingredients/mapped/Eudesmic_Acid.yaml	b7439dabe55beef6b1ebf27cfea064e8b7e7fc466d872e935471644263698a22	CHEBI:454991	Eudesmic Acid	MAPPED	pass	../records.tsv (byte-identical source)
data/ingredients/mapped/Eugenol.yaml	ef9c5790a51c21df3880692c9c59fc7a7a63227935764c7e3419a527c2c849a7	CHEBI:4917	Eugenol	MAPPED	pass	../records.tsv (byte-identical source)
data/ingredients/mapped/Eugon_agar_BD-Difco.yaml	532b790c14461f0524e1307e87e36168d794360f1aa60dd371ff18984d0b8d1b	MICRO:0001358	Eugon agar (BD-Difco)	MAPPED	pass_with_minor_issues	../records.tsv (byte-identical source)
data/ingredients/mapped/Euphol.yaml	0c734dbff2bdcca91b9f102eb2d7a99ddada1253b71d9250def9684b68b98889	CHEBI:4940	Euphol	MAPPED	pass	../records.tsv (byte-identical source)
data/ingredients/mapped/Eurocidin.yaml	1b8ae1f6ad3b5ca36af9af94fd7a2a80d20c8d1adbdcde8a3ac546f93467b0db	kgmicrobe.compound:eurocidin	Eurocidin	MAPPED	pass	../records.tsv (byte-identical source)
data/ingredients/mapped/Europium_Iii_Chloride.yaml	351a4e5a7f631648671b37c8812105a8d6a176b40109ecf15f9911e09cceaa3d	cas:10025-76-0	Europium(III) chloride	MAPPED	pass	../records.tsv (byte-identical source)
data/ingredients/mapped/Exfoliatin.yaml	aa9c0eb9eee36e19e7d4023a6b71daea610e969b48a114d67f3c774521591eb0	kgmicrobe.compound:exfoliatin	Exfoliatin	MAPPED	pass	../records.tsv (byte-identical source)
data/ingredients/mapped/Exopolysaccharide.yaml	17df1970059953de91ea5d94dcd8a14e34469f37a2dea23cdb92c9f1042179e3	CHEBI:72813	Exopolysaccharide	MAPPED	pass_with_minor_issues	../records.tsv (byte-identical source)
data/ingredients/mapped/FCCP.yaml	c19daf8f7739088a43ca6fa0bdb3068cd5e3a7957c0c54f1eb5ecbc5538abfc6	CHEBI:75458	FCCP	MAPPED	pass	../records.tsv (byte-identical source)
data/ingredients/mapped/FSL.yaml	d9f28ab2878c542a1715399345fab735296c30c5149afa28327975ee4baf537e	cas:322455-70-9	FSL	MAPPED	pass	../records.tsv (byte-identical source)
data/ingredients/mapped/Fad.yaml	604aa537dff13b0a9b75ca69fb5a144473016a66aaddd5bfb0a271222edfe699	CHEBI:16238	FAD	MAPPED	needs_curation	../records.tsv (byte-identical source)
data/ingredients/mapped/Farm_soil.yaml	65771db536e8dda29b993cc6a7e98f47b58c1b959111272de6c4681b5865abb2	ENVO:00005749	farm soil	MAPPED	pass_with_minor_issues	../records.tsv (byte-identical source)
data/ingredients/mapped/Fastidious_Anaerobe_Broth_With_Meat_Granules.yaml	aa56347529508fd0c082571cfd39540c6ac3205ba587c992594015c1e881c6a5	kgmicrobe.ingredient:fastidious_anaerobe_broth_with_meat_granules	Fastidious Anaerobe Broth With Meat Granules	MAPPED	needs_curation	../records.tsv (byte-identical source)
data/ingredients/mapped/Fatty_Acid_Mixture_See_Medium_No_266.yaml	00aa192a2ce2f4acb1b752d3a478ca4e661c8e15e2f0039c9b22b608a10a7e6c	CHEBI:35366	Fatty acid mixture (see Medium No. 266)	MAPPED	needs_curation	../records.tsv (byte-identical source)
data/ingredients/mapped/Fe2_So43_X_N_H2o.yaml	5b98fed8eddbde07bfd8e8e4dd9263cd56d7ecb494691d4d5f55fedd3a405447	kgmicrobe.compound:fe2_so43_x_n_h2o	Fe2(SO4)3 x n H2O	MAPPED	needs_curation	../records.tsv (byte-identical source)
data/ingredients/mapped/Fe4_Po42.yaml	7753c9cc1725ebf5abcb935bdb2b6d9a96804eec5bbfb0ad8a0af3e322ebb81a	CHEBI:132767	Fe4(PO4)2	MAPPED	needs_curation	../records.tsv (byte-identical source)
data/ingredients/mapped/Fe_Iii-edta.yaml	6fd48cb9ab4ab7062b205222b458240a731ede878f63f337662dca652d6ee352	CHEBI:30729	Fe(III)-EDTA	MAPPED	needs_curation	../records.tsv (byte-identical source)
data/ingredients/mapped/Fe_Iii_Citrate.yaml	2f58140051cb1a48a0b822407b98a6c8ae5688e35243209fcef177fd8c49259b	CHEBI:144421	Fe(III) citrate	MAPPED	needs_curation	../records.tsv (byte-identical source)
data/ingredients/mapped/Fe_Iiipo4_X_4_H2o.yaml	fe9c7132b6a3905fec280762cabc18973a484ba55449f07884aae54517fa9fbc	CHEBI:131372	Fe(III)PO4 x 4 H2O	MAPPED	pass	../records.tsv (byte-identical source)
data/ingredients/mapped/Fe_Nh42_So42_X_6_H2o.yaml	ba589668a7e9ed687122766204f51e531d64c54b2177759b555f97be6d7a916f	CHEBI:76181	Fe(NH4)2(SO4)2 x 6 H2O	MAPPED	needs_curation	../records.tsv (byte-identical source)
data/ingredients/mapped/Fe_Nh42_So42_X_7_H2o.yaml	2b8903a5c84016c972e3aae7778a54f6226f46a03ebbcf54cb8ac0dfcdad7b47	CHEBI:131378	Fe(NH4)2(SO4)2 x 7 H2O	MAPPED	needs_curation	../records.tsv (byte-identical source)
data/ingredients/mapped/Fecl2.yaml	e4dcd608b67a6c6b01f6ea7accba4ddcb5a8d1f805ad6547e036ea20b843592b	CHEBI:30812	FeCl2	MAPPED	pass	../records.tsv (byte-identical source)
data/ingredients/mapped/Fecl2_X_4_H2o.yaml	097b8dcc31d59612895692a99ad05ba08314738122b27eaa9679e13f712fdf90	CHEBI:86249	FeCl2 x 4 H2O	MAPPED	needs_curation	../records.tsv (byte-identical source)
data/ingredients/mapped/Fecl2_X_6_H2o.yaml	c56b9a20c09865b1d8b36ff05f507120b2439b721431c0b0e8107563c5891a10	kgmicrobe.compound:fecl2_x_6_h2o	FeCl2 x 6 H2O	MAPPED	needs_curation	../records.tsv (byte-identical source)
data/ingredients/mapped/Fecl2_X_7_H2o.yaml	83d19345b09f00f439ed3d36898c5ada8cf208514a7f9110fafc8e7fa086e491	kgmicrobe.compound:fecl2_x_7_h2o	FeCl2 x 7 H2O	MAPPED	needs_curation	../records.tsv (byte-identical source)
data/ingredients/mapped/Fecl3.yaml	8e7b478b74bb23c178ff3030f4b33fa9faa24067cf2d1de10a726f7eab20caa6	CHEBI:30808	FeCl3	MAPPED	needs_curation	../records.tsv (byte-identical source)
data/ingredients/mapped/Fecl3_X_4_H2o.yaml	35539ce2262b60cf377be78d8709ecb1b5cbee07d090e6cff2bc577abfc880b7	kgmicrobe.compound:fecl3_x_4_h2o	FeCl3 x 4 H2O	MAPPED	needs_curation	../records.tsv (byte-identical source)
data/ingredients/mapped/Fecl3_X_6_H2o.yaml	a77cd844d1d5ec5f1deb35d0ca1eff1ee5b73b17cd140be3524fc057f0f30979	CHEBI:86254	FeCl3 x 6 H2O	MAPPED	needs_curation	../records.tsv (byte-identical source)
data/ingredients/mapped/Fepo4.yaml	aa6f6f8ec2ea7f227c0709b14fd0c980768f4103c18a45b1141a1ce999b3be7e	CHEBI:131371	FePO4	MAPPED	pass	../records.tsv (byte-identical source)
data/ingredients/mapped/Fermented_Rumen_Extract.yaml	68606cf3a121f3937468204907878a64aefc896fef3b4c185d562aa6715f4f5a	kgmicrobe.ingredient:fermented_rumen_extract	Fermented Rumen Extract	MAPPED	pass_with_minor_issues	../records.tsv (byte-identical source)
data/ingredients/mapped/Ferric_Ammonium_Citrate.yaml	ae646b9c5f3e9c8ec01d939e1b97733259825a14e4a8a03626bc65453035426e	CHEBI:31604	Ferric ammonium citrate	MAPPED	pass	../records.tsv (byte-identical source)
data/ingredients/mapped/Ferric_Citrate_Monohydrate.yaml	f1b2f682ea2f2a1c0fafd2bf4071e860aada78dbe9e9b789addae6eb5c207935	CHEBI:144434	Ferric citrate monohydrate	MAPPED	pass	../records.tsv (byte-identical source)
data/ingredients/mapped/Ferric_Iron.yaml	bac6010f9c1cc6b852db7ebbd6289d20f5eaf9f9126f3b007b6f856ecfcda322	CHEBI:29034	Ferric Iron	MAPPED	pass_with_minor_issues	../records.tsv (byte-identical source)
data/ingredients/mapped/Ferric_Malate_Solution.yaml	3e07b29def371e44ca264f0884fdc59b8b0da5ded893f8f829d54a86ea78a344	kgmicrobe.ingredient:ferric_malate_solution	ferric malate solution	MAPPED	needs_curation	../records.tsv (byte-identical source)
data/ingredients/mapped/Ferric_nitrilotriacetate.yaml	aeaec3d8e8e0fef11045b0200656efe33af168dcfeedcc1f6bbab2207711f8ce	CHEBI:132238	Ferric nitrilotriacetate	MAPPED	pass_with_minor_issues	../records.tsv (byte-identical source)
data/ingredients/mapped/Ferrihydrite.yaml	a9690c9e561560cf0d098a81966da2a60a6b4970b2f2c3d8eda502ee5e3dadcc	CHEBI:192761	Ferrihydrite	MAPPED	needs_curation	../records.tsv (byte-identical source)
data/ingredients/mapped/Ferrous_Citrate.yaml	1f1148f75e74f4373678cff847fa711b2be25cf5a6d861aa60a3d390e520686d	mesh:C016600	Ferrous citrate	MAPPED	pass_with_minor_issues	../records.tsv (byte-identical source)
data/ingredients/mapped/Ferrous_Ion.yaml	358ecbf45828c2cdd620eb1cf9c76b89aedb7812b493306586ad4bdb8244a3bf	CHEBI:29033	Ferrous Ion	MAPPED	pass_with_minor_issues	../records.tsv (byte-identical source)
data/ingredients/mapped/Ferrous_ammonium_sulfate.yaml	1896bd445eba02090143319f02fcf1f28dd15b2f34bdba14d6ccc669f5cb3825	CHEBI:76243	Ferrous ammonium sulfate	MAPPED	pass_with_minor_issues	../records.tsv (byte-identical source)
data/ingredients/mapped/Ferroverdin.yaml	b00be05d6d03720ac9651411223451634f56579d0d3304a8d859dd701d9bd8b5	CHEBI:219729	ferroverdin	MAPPED	needs_curation	../records.tsv (byte-identical source)
data/ingredients/mapped/Ferulate.yaml	be67995f7cee8605f997dcfa2ce586c657c629145d4ff349dec3c6dc07ed7793	CHEBI:17620	Ferulate	MAPPED	needs_curation	../records.tsv (byte-identical source)
data/ingredients/mapped/Ferulic_Acid.yaml	3a18f99f38fa777c999e2261c52782ddf9aab37fafb29e6fa968593aa3668751	CHEBI:193350	Ferulic Acid	MAPPED	needs_curation	../records.tsv (byte-identical source)
data/ingredients/mapped/Feso4.yaml	22819bce32758595debdedcbbb2eb44948208ade151974e53fdb922d856baf11	CHEBI:75832	FeSO4	MAPPED	needs_curation	../records.tsv (byte-identical source)
data/ingredients/mapped/Feso4_X_5_H2o.yaml	283f4239679787d944f8c7865c1d003f74fb6338bcaa995efa0a040e2d317462	kgmicrobe.compound:feso4_x_5_h2o	FeSO4 x 5 H2O	MAPPED	needs_curation	../records.tsv (byte-identical source)
data/ingredients/mapped/Feso4_X_6_H2o.yaml	f599d25e3b8ab6e6ca8e1c0be651fc721661ddc64d80f4da9c5f2390d1b3c8d0	kgmicrobe.compound:feso4_x_6_h2o	FeSO4 x 6 H2O	MAPPED	needs_curation	../records.tsv (byte-identical source)
data/ingredients/mapped/Feso4_X_7_H2o.yaml	becd0250e47dc561b10ebceb0d366018bd4790156c055cd299489f0cb034f172	CHEBI:75836	FeSO4 x 7 H2O	MAPPED	pass	../records.tsv (byte-identical source)
data/ingredients/mapped/Feso4_X_7h2o.yaml	f9b94130584d687a1125e9d7d64f0184f483e0a0f7adafc08754e4f4ff8f2029	CHEBI:75836	FeSO4 x 7H2O	REJECTED	excluded_rejected	../records.tsv (byte-identical source)
data/ingredients/mapped/Feso4_X_H2o.yaml	38ddf98ad77c0916960080a4220b37f853321c96f7fed30cfe4c4f7d00f8cc01	CHEBI:75834	FeSO4 x H2O	MAPPED	needs_curation	../records.tsv (byte-identical source)
data/ingredients/mapped/Fetal_Bovine_Serum.yaml	adb576c3fda65e0329bdab829eb8a14e07ea1bdcb75a2fa7078dcff49c29b73f	NCIT:C113696	Fetal bovine serum	MAPPED	needs_curation	../records.tsv (byte-identical source)
data/ingredients/mapped/Fibrin.yaml	11de03014afdf4b66f034f8aee218db0df6f7e84037c491fcea85c982ef987c1	CHEBI:5054	Fibrin	MAPPED	needs_curation	../records.tsv (byte-identical source)
data/ingredients/mapped/Fidaxomicin.yaml	0608c8c9e5d33ae369c910651c56e74dd00e3f818efba11353b67760b3b87c70	CHEBI:68590	Fidaxomicin	MAPPED	pass	../records.tsv (byte-identical source)
data/ingredients/mapped/Fig.yaml	b6012a3434f6265d3fd2df6d05cda428be2671a42964d8726bb9b04e5efab7d6	NCIT:C71971	Fig	MAPPED	needs_curation	../records.tsv (byte-identical source)
data/ingredients/mapped/Fildes_Enrichment.yaml	d727aed0bae7bdea93acd6b1c67bf4efd9d301b869105aaf300b42a843ee3ab4	MICRO:0001597	Fildes Enrichment	MAPPED	pass_with_minor_issues	../records.tsv (byte-identical source)
data/ingredients/mapped/Filipin.yaml	724237ffa72c839e92c25e6a587329ed45a7f1bd387057582578ac03d5a33d83	mesh:D005372	Filipin	MAPPED	pass_with_minor_issues	../records.tsv (byte-identical source)
data/ingredients/mapped/Filtered_Seawater.yaml	5256325a957d3055e060f04a7fa4d658e3d31f4a5d6cedd182e9b1ffe9d0841f	MICRO:0001773	Filtered Seawater	MAPPED	needs_curation	../records.tsv (byte-identical source)
data/ingredients/mapped/Fish-sperm_Dna.yaml	dbaeba33cc325c0d6fc791b9e61ca1db1bcfe490b9b01c5bf6a49999420d034e	kgmicrobe.ingredient:fish-sperm_dna	Fish-Sperm DNA	MAPPED	needs_curation	../records.tsv (byte-identical source)
data/ingredients/mapped/Fish_peptone.yaml	b825b310961dfdecfba281c6b7b78bdaedfd1c4cc171583ef918a27a71ff1db4	MICRO:0000462	Fish peptone	MAPPED	needs_curation	../records.tsv (byte-identical source)
data/ingredients/mapped/Flavensomycin.yaml	a26badaf8b7012b2d2bb02895c1350dccd9b6b3eedd947f9bc2eb26a64d9f382	kgmicrobe.compound:flavensomycin	Flavensomycin	MAPPED	needs_curation	../records.tsv (byte-identical source)
data/ingredients/mapped/Flavin_Adenine_Dinucleotide.yaml	fbddf92f9647af66f8744f011366cfc53664b5f20c237e282c603a1d061738be	CHEBI:24040	Flavin adenine dinucleotide	MAPPED	pass	../records.tsv (byte-identical source)
data/ingredients/mapped/Flavofungin.yaml	690fe167e197a1ed9ee3f0df44ecbd0ffed0768389559131491863871b723628	mesh:C001897	Flavofungin	MAPPED	pass	../records.tsv (byte-identical source)
data/ingredients/mapped/Flavomycin.yaml	bbb69a3feadf84a3bb04b04e353c1171c4114a95def9f487575bc167a8728aac	CHEBI:28908	Flavomycin	MAPPED	needs_curation	../records.tsv (byte-identical source)
data/ingredients/mapped/Flavone.yaml	9dc99752371e0d615b60a975ad844f73e23cca5c118c56d8218f9758ecb8c28f	CHEBI:42491	Flavone	MAPPED	pass	../records.tsv (byte-identical source)
data/ingredients/mapped/Fleroxacin.yaml	a5baebeafb6961567cb28a5ab43a4ac9087f7b5831ea3c5ce4059b7d12948a9e	CHEBI:31810	Fleroxacin	MAPPED	pass	../records.tsv (byte-identical source)
data/ingredients/mapped/Flucloxacillin.yaml	dadfb6772f985982737129b47b3df1a3e312e5f0d63377ca44f48f2976b917e9	CHEBI:5098	flucloxacillin	MAPPED	pass_with_minor_issues	../records.tsv (byte-identical source)
data/ingredients/mapped/Fluoranthene.yaml	c9770cc4a9ef656e00588a15e968e9345917c087411dd28b8df2550de17b1c82	CHEBI:33083	Fluoranthene	MAPPED	pass	../records.tsv (byte-identical source)
data/ingredients/mapped/Fluorene.yaml	6b36e45fbab812b27ef622159ebaf1e3f8c4ef453ea5e432a32ac9cfbd13c5a9	CHEBI:28266	Fluorene	MAPPED	pass	../records.tsv (byte-identical source)
data/ingredients/mapped/Fluorescein.yaml	c4cba0ee1534e65ba284f21b8c681a7b7a0c039b508510ba74bb802613b25566	NCIT:C61766	Fluorescein	MAPPED	needs_curation	../records.tsv (byte-identical source)
data/ingredients/mapped/Folic_Acid.yaml	df85938271ec8f32a6d756f5213ba9661c9a7530822f333d2e02493b9f92e615	CHEBI:27470	Folic acid	MAPPED	needs_curation	../records.tsv (byte-identical source)
data/ingredients/mapped/Folinic_Acid.yaml	73594fdf9ee220f89cbd97bdabab20b84dac0ac34ee30286818e38b88832153b	CHEBI:15640	Folinic acid	MAPPED	needs_curation	../records.tsv (byte-identical source)
data/ingredients/mapped/Formaldehyde.yaml	bfde4bfc22bb2d39d10ae64a6aa7ae4fe93953b77dc7315e46ae9d1c9c03e0fb	CHEBI:16842	Formaldehyde	MAPPED	pass	../records.tsv (byte-identical source)
data/ingredients/mapped/Formamicin.yaml	6db905b27f366a4f5a6f844f0a1c4508a3afebe81d21ba25372a12b94c6dd0dc	CHEBI:203275	Formamicin	MAPPED	pass	../records.tsv (byte-identical source)
data/ingredients/mapped/Formamide.yaml	05e0175df88e61b67423efb06bb1a52207ba8390364fa31e7565b448cafacbbc	CHEBI:16397	Formamide	MAPPED	pass	../records.tsv (byte-identical source)
data/ingredients/mapped/Formate.yaml	753d89c488c65f3777cf596800002f6726ea78aaf07e65c682614df46690535b	CHEBI:15740	Formate	MAPPED	pass	../records.tsv (byte-identical source)
data/ingredients/mapped/Formate3-methyl_Mercaptopropionate.yaml	561bf0bf4a83cb94c86280375c5d4d19bfe60caa3873ba0c562021fb97442cef	kgmicrobe.ingredient:formate_3_methyl_mercaptopropionate	Formate+3-methyl Mercaptopropionate	MAPPED	needs_curation	../records.tsv (byte-identical source)
data/ingredients/mapped/Formatedimethylsulfide.yaml	80cadd648dfdef578be260f2db0e19a6767eb054e205358c9f17ec3fc79650f1	kgmicrobe.ingredient:formate_dimethylsulfide	Formate+dimethylsulfide	MAPPED	needs_curation	../records.tsv (byte-identical source)
data/ingredients/mapped/Formatemethanol.yaml	93b1222f25b7746f68d9730aacbb851b0deabb5357faa0cff8a5f7aaf4216aea	kgmicrobe.ingredient:formate_methanol	Formate+methanol	MAPPED	needs_curation	../records.tsv (byte-identical source)
data/ingredients/mapped/Formatetetramethylammonium.yaml	541472c373a94d1840aed93b6234f25e9f560d3a82caa7c88970d5a89faea867	kgmicrobe.ingredient:formate_tetramethylammonium	Formate+tetramethylammonium	MAPPED	needs_curation	../records.tsv (byte-identical source)
data/ingredients/mapped/Formatetrimethylamine.yaml	3d0437e5886f89428f1cc8b1bd6b7ddddf16a069a0b2ae9c347e21c4894d0daf	kgmicrobe.ingredient:formate_trimethylamine	Formate+trimethylamine	MAPPED	needs_curation	../records.tsv (byte-identical source)
data/ingredients/mapped/Formic_Acid.yaml	ea6627fe59fe2f7eeb82d02610dcf7f2acf7468edd72efa015b27dbfca1db965	CHEBI:30751	Formic acid	MAPPED	needs_curation	../records.tsv (byte-identical source)
data/ingredients/mapped/Fortimicin_B.yaml	7f90c5a61c1ccdaf8005f524100d2beeb36cd980986c417d0e21d4b10465e6d1	CHEBI:81284	Fortimicin B	MAPPED	pass	../records.tsv (byte-identical source)
data/ingredients/mapped/Fosfomycin.yaml	f220182eed3099f056e380ff5020ae5b7b74c8f4203d21d15dca322e5016b7b3	CHEBI:28915	Fosfomycin	MAPPED	pass	../records.tsv (byte-identical source)
data/ingredients/mapped/Fosmidomycin_Sodium_Salt_Hydrate.yaml	2a398c6aff946dee446120f77f33ff0039b8eccf901e965eed46f12a647b6dab	cas:66508-37-0	Fosmidomycin sodium salt hydrate	MAPPED	needs_curation	../records.tsv (byte-identical source)
data/ingredients/mapped/Fradicin.yaml	8cdff50d001c006266ec35d7469c57d997706a1a033d5fce9160d03f48f36175	mesh:C033989	Fradicin	MAPPED	pass	../records.tsv (byte-identical source)
data/ingredients/mapped/Framycetin.yaml	b24c8fc92cef2e6419985d855168c41f589035b3c927afb352f5092653111469	CHEBI:7508	Framycetin	MAPPED	pass	../records.tsv (byte-identical source)
data/ingredients/mapped/Fraxetin.yaml	4d059dd9106368da07dfb0ef1f7062fbeac7c9317e57d5ce774ccfa60135a96f	CHEBI:5169	Fraxetin	MAPPED	pass	../records.tsv (byte-identical source)
data/ingredients/mapped/Fructooligosaccharides_Fos.yaml	8022579be56266c4756c407e16fd411cddb5810b5a2e131c4b1b0a882c44c9df	cas:308066-66-2	Fructooligosaccharides (FOS)	MAPPED	needs_curation	../records.tsv (byte-identical source)
data/ingredients/mapped/Fructose-6-phosphate.yaml	c072c8f74919c1ac590300633f85d9cd4861a2d304b3c49d124185c6ecf7ed2b	CHEBI:15946	Fructose-6-phosphate	MAPPED	needs_curation	../records.tsv (byte-identical source)
data/ingredients/mapped/Fructose-asparagine.yaml	aece85a59ac14d00da388ff55e8d5e162fb3c92fdc6b28177ebecb481b7a862c	cas:34393-27-6	Fructose-asparagine	MAPPED	needs_curation	../records.tsv (byte-identical source)
data/ingredients/mapped/Fructose.yaml	b93915faf35edad102dfc40b3bfab8ec5fa889da4d39b733444b556da5d0e9dd	CHEBI:28757	Fructose	MAPPED	needs_curation	../records.tsv (byte-identical source)
data/ingredients/mapped/Fucoidan.yaml	850df53cb1fb1d8133189126afd17f52c14d6bde37098552f5747d4bf8b52209	CHEBI:5181	Fucoidan	MAPPED	pass	../records.tsv (byte-identical source)
data/ingredients/mapped/Fucose.yaml	e9f2c1661ed11a6bc80f2dc0ba4714218a9f071643d82f3abfd5d6d85f469601	CHEBI:33984	Fucose	MAPPED	needs_curation	../records.tsv (byte-identical source)
data/ingredients/mapped/Fumarate.yaml	7a3ec4ebe3036b8077753432978a5cd3dc40fedd88a55582aaf72a2293fab005	CHEBI:29806	Fumarate	MAPPED	pass_with_minor_issues	../records.tsv (byte-identical source)
data/ingredients/mapped/Fumaric_Acid.yaml	3082ea7a39992941222e75bc94137d888a7aae8b301dc8bb0fb31497ee78e3c4	CHEBI:18012	Fumaric acid	MAPPED	needs_curation	../records.tsv (byte-identical source)
data/ingredients/mapped/Fumarprotocetraric_Acid.yaml	519d67696d927f16f948348c7a82730beb4cfc7e8a14d7827a1c557dae9b6ae2	CHEBI:144157	Fumarprotocetraric Acid	MAPPED	pass	../records.tsv (byte-identical source)
data/ingredients/mapped/Fungichromin.yaml	c3d04dbc01351858e48e40ef1ffdaa3c2bd9531cad3eec0c2f361c37c9e605db	CHEBI:31639	Fungichromin	MAPPED	pass	../records.tsv (byte-identical source)
data/ingredients/mapped/Furaltadone_Hydrochloride.yaml	87e18c29f00b3dc30303c304ca308b8afee481cda252dc34ba101f19d51ff259	cas:3759-92-1	Furaltadone hydrochloride	MAPPED	needs_curation	../records.tsv (byte-identical source)
data/ingredients/mapped/Furaxone.yaml	ac8ca2e6c786ebe8b460984d4537a836255f1edf84a65320c4a09407510272e5	kgmicrobe.compound:furaxone	Furaxone	MAPPED	needs_curation	../records.tsv (byte-identical source)
data/ingredients/mapped/Furazolidone.yaml	2154d629febf7d6b6a7b721b28f6c813b90fc0509a3f39985750c2b06e023ca9	CHEBI:5195	Furazolidone	MAPPED	pass	../records.tsv (byte-identical source)
data/ingredients/mapped/Furfuryl_Alcohol.yaml	4a26c62dcb3f2a56bdb5134c0f9bf3974433acd51a995229bbc848d88ed41f13	CHEBI:207496	Furfuryl Alcohol	MAPPED	pass	../records.tsv (byte-identical source)
data/ingredients/mapped/Fusaric_Acid.yaml	ff4e833f087bfa3203561aaae6cdc331f8a1d2b18a19a674034b11960ad75d78	CHEBI:5199	Fusaric acid	MAPPED	pass	../records.tsv (byte-identical source)
data/ingredients/mapped/Fusidate.yaml	1107cb7f44e83810100a0e845e85d524eec89c41dce003e76293a39d930e6077	CHEBI:71321	Fusidate	MAPPED	pass	../records.tsv (byte-identical source)
data/ingredients/mapped/Fusidic_Acid_Sodium_Salt.yaml	8740a32687fc98d2d1c984abc8ba51653cb7638e6961eff10ce0761472fb5939	cas:751-94-0	Fusidic acid sodium salt	MAPPED	needs_curation	../records.tsv (byte-identical source)
data/ingredients/mapped/G418_Disulfate_Salt_Solution.yaml	c79dac32d955c66066e6ebfafdb9a8f600571857fb9eb582654c345a890a39ce	cas:108321-42-2	G418 disulfate salt solution	MAPPED	needs_curation	../records.tsv (byte-identical source)
data/ingredients/mapped/G9_Trace_Metals_For_J_Medium.yaml	b5e377004c6c6929c9468c5edb75133bfb666390610ebf76790741757d755a6d	kgmicrobe.ingredient:g9_trace_metals_for_j_medium	G9 Trace Metals for J medium	MAPPED	pass_with_minor_issues	../records.tsv (byte-identical source)
data/ingredients/mapped/GYPS.yaml	5350629f1b8d5282d374363962b0e495378c1da8a1fdc791c36a8cc2774e2c80	kgmicrobe.ingredient:gyps	GYPS	MAPPED	needs_curation	../records.tsv (byte-identical source)
data/ingredients/mapped/Galactarate.yaml	cc7415843c3d60eac1e778ad6678eaa20938b7642c70de2d18cbbe795b8ff4c2	CHEBI:16537	Galactarate	MAPPED	pass_with_minor_issues	../records.tsv (byte-identical source)
data/ingredients/mapped/Galactitol.yaml	bb6f434b42d82d8f47d9aa164dc18d850292f2d3da7b1bdc6477612da6b3118d	CHEBI:16813	Galactitol	MAPPED	pass	../records.tsv (byte-identical source)
data/ingredients/mapped/Galactomannan_From_Guar.yaml	2bfe4e60f59cdfcebfb2c0c9edc8d180e1331ef2645533ea72b340098650a10d	cas:11078-30-1	Galactomannan from guar	MAPPED	needs_curation	../records.tsv (byte-identical source)
data/ingredients/mapped/Galactonate.yaml	a557e6d86dd1f23776fbb0cafd52ce9b87001396db232a5a4a91b11f92d30800	CHEBI:24148	Galactonate	MAPPED	pass	../records.tsv (byte-identical source)
data/ingredients/mapped/Galactose.yaml	cf7e73c8c57501c0a5eb44a55908977c3ad4b6c4e296dbd4cd58ed5c7b821ceb	CHEBI:28260	Galactose	MAPPED	needs_curation	../records.tsv (byte-identical source)
data/ingredients/mapped/Galactose_1-phosphate_Dipotassium_Salt_Pentahydrate.yaml	f5e8481e5f4588940e88d389061bdfee2e23838b653928c4bf3f18ca36c26e53	cas:19046-60-7	Galactose 1-phosphate dipotassium salt pentahydrate	MAPPED	needs_curation	../records.tsv (byte-identical source)
data/ingredients/mapped/Galacturonate.yaml	49dbaeb06dfe3de2c76ae32677c28b4d8a5ffc98e011e0d22be525e91ba92a5b	CHEBI:24175	Galacturonate	MAPPED	pass	../records.tsv (byte-identical source)
data/ingredients/mapped/Gallate_Formate.yaml	9d78319b76ed7d373af71815640070f945118372eaa10dbcb46e9356e601a38e	kgmicrobe.ingredient:gallate_formate	Gallate + Formate	MAPPED	pass_with_minor_issues	../records.tsv (byte-identical source)
data/ingredients/mapped/Gallic_Acid.yaml	96a80d23472e67a7badb13bc16029b6a76d6704558028a51d2ed821e98c4016e	CHEBI:30778	Gallic Acid	MAPPED	pass	../records.tsv (byte-identical source)
data/ingredients/mapped/Gallium_Iiichloride.yaml	1a5f78e9f26176478821d2ffa981fd90277bd33841dc0f68325e83a125b57b43	cas:13450-90-3	Gallium(III)chloride	MAPPED	pass	../records.tsv (byte-identical source)
data/ingredients/mapped/Gambogic_Acid.yaml	136cda525a854193ab0f3050a2429e8ce79c7365a3b88a517175132973582db5	CHEBI:67521	Gambogic Acid	MAPPED	pass	../records.tsv (byte-identical source)
data/ingredients/mapped/Gamma-aminobutyric_Acid.yaml	15a7301b5861a2afcf2689e028c6ecbbe2c22b55deb102054f1ba5f5836c83df	CHEBI:16865	gamma-Aminobutyric acid	MAPPED	needs_curation	../records.tsv (byte-identical source)
data/ingredients/mapped/Gamma-cyclodextrin.yaml	ee11b2d2ddbb40119aec520f180b0d2336e8e7b70c7a57195062ae6e010023bc	CHEBI:495056	Gamma-cyclodextrin	MAPPED	pass	../records.tsv (byte-identical source)
data/ingredients/mapped/Garden_Soil.yaml	311b253c5f14ecabb27c644d2ed1493f307e2ddafb815306d849f126d584dec1	ENVO:00002263	Garden soil	MAPPED	pass_with_minor_issues	../records.tsv (byte-identical source)
data/ingredients/mapped/Gardimycin.yaml	5c7068640645c68734304aa4ab4934d0f4a7967cec686a61300a66b853baee39	mesh:C012993	Gardimycin	MAPPED	needs_curation	../records.tsv (byte-identical source)
data/ingredients/mapped/Gelatine.yaml	94ad503b6a359cadd670d12e30c3b6e9cc35c8b1ffb786ef7e90169bba17dbb7	CHEBI:5291	Gelatine	MAPPED	pass	../records.tsv (byte-identical source)
data/ingredients/mapped/Gelrite.yaml	81996f0671d0ca15d3290928a11a9ff98808df0faf4b032dcc6330604149cb93	CHEBI:85248	Gelrite	MAPPED	needs_curation	../records.tsv (byte-identical source)
data/ingredients/mapped/Geneticin_G418.yaml	94d2a28ec4de8a7ab984c0b2b830580651cf0c43d5a2a382c2ceeda9f886bf8b	CHEBI:42768	Geneticin G418	MAPPED	needs_curation	../records.tsv (byte-identical source)
data/ingredients/mapped/Gentamicin.yaml	f7624a1884f865e2cd2ba0c1826099e4dfe0bf06e6705aa081018108b82c0fb0	CHEBI:17833	Gentamicin	MAPPED	needs_curation	../records.tsv (byte-identical source)
data/ingredients/mapped/Gentamicin_C2b.yaml	9d52674a3c24382aa8294b5841828b725ebc9eed61dabf1f4c2db33cbaf09f80	CHEBI:81283	Gentamicin C2b	MAPPED	pass	../records.tsv (byte-identical source)
data/ingredients/mapped/Gentamicin_Sulfate_Salt.yaml	095dc20b951143d620772198335e036c6a2ac340b3a7051729f0bed637ae1d92	CHEBI:5312	Gentamicin sulfate salt	MAPPED	needs_curation	../records.tsv (byte-identical source)
data/ingredients/mapped/Gentibiose.yaml	c1ec749eb289b72ffcbab4e33ee66694259a5de1ab9c4df8769859f2f062341b	CHEBI:28066	Gentibiose	MAPPED	needs_curation	../records.tsv (byte-identical source)
data/ingredients/mapped/Gentisic_Acid.yaml	b386900a900406d71834f500debf08bf47b03be0e7d3ef69e5e131fec714ccad	CHEBI:17189	Gentisic acid	MAPPED	needs_curation	../records.tsv (byte-identical source)
data/ingredients/mapped/Geomycin.yaml	fa269060e6ebc77f8c8bdf474dbae2432967d180e859387780789a8268d19bda	mesh:D010118	Geomycin	MAPPED	needs_curation	../records.tsv (byte-identical source)
data/ingredients/mapped/Gepotidacin.yaml	1caad9bde41e53d8cfc1d96c0603a7c2345bf5ab2d08008e03dcfe5d1c7f0341	CHEBI:747127	Gepotidacin	MAPPED	pass	../records.tsv (byte-identical source)
data/ingredients/mapped/Geraniol.yaml	c3d623e5bc7c53c38ce08e223dfcfb1a6e01a0673a9195f393f75eb1ad662291	CHEBI:17447	Geraniol	MAPPED	pass	../records.tsv (byte-identical source)
data/ingredients/mapped/Ginger.yaml	cb317303c647012330b4651c12fd1fc3114b220d5af1470b8f0580562745b567	NCIT:C66725	Ginger	MAPPED	needs_curation	../records.tsv (byte-identical source)
data/ingredients/mapped/Ginkgolide_A.yaml	2628e5b30316f3c2debc0ac55dddd33515e1c3cfb77a102488ad3a13bb9d57f3	CHEBI:5355	Ginkgolide A	MAPPED	pass	../records.tsv (byte-identical source)
data/ingredients/mapped/Ginkgotoxin.yaml	1393f035580fd185176f8f41736d79fbb027558cebe71a42f38260bccf31c4f9	CHEBI:166575	Ginkgotoxin	MAPPED	pass	../records.tsv (byte-identical source)
data/ingredients/mapped/Glebomycin.yaml	f14ec57e02fe9731bb5318f0491635540564ec1e7d376d9509eb03ac4eeea1ed	NCIT:C90636	Glebomycin	MAPPED	needs_curation	../records.tsv (byte-identical source)
data/ingredients/mapped/Glucomannan_Konjac.yaml	059075f17052db769b1cdc50bb2bcae61fcc28815cc96341ce28bd7ceddb2cd9	cas:11078-31-2	Glucomannan (konjac)	MAPPED	needs_curation	../records.tsv (byte-identical source)
data/ingredients/mapped/Gluconate.yaml	ec60bb9b913d319a971ce851712757a1501e2efe680b565d0e801d0755bc03f1	CHEBI:24265	Gluconate	MAPPED	pass	../records.tsv (byte-identical source)
data/ingredients/mapped/Gluconic_Acid.yaml	c5d8f1517e07217d02cbc5f9d0b49f3b5ab518a0850a273f865a2ee8e88a7412	CHEBI:24266	Gluconic acid	MAPPED	needs_curation	../records.tsv (byte-identical source)
data/ingredients/mapped/Glucosamine.yaml	dd7b0f542305b104f08b74c039ad2fda108796e7235c3eb3825616143ad92da8	CHEBI:5417	Glucosamine	MAPPED	needs_curation	../records.tsv (byte-identical source)
data/ingredients/mapped/Glucose.yaml	215b731f3f37b4eaa43751f930d9709fff85ea34319efdeeac2d8f4712e744e9	CHEBI:17234	Glucose	MAPPED	needs_curation	../records.tsv (byte-identical source)
data/ingredients/mapped/Glucose_1-phosphate.yaml	1552deda8ced71002bde65f7dd753d3be40c0fda327c6f9ed8fbc98649a40d26	CHEBI:16077	Glucose 1-phosphate	MAPPED	pass_with_minor_issues	../records.tsv (byte-identical source)
data/ingredients/mapped/Glucose_2.yaml	bb5ada131940775cce28d997888912c5337dd39aaab35d95bf8c566cb2bb22ed	CHEBI:17234	glucose	REJECTED	excluded_rejected	../records.tsv (byte-identical source)
data/ingredients/mapped/Glucose_Acetate.yaml	d5281a934e28ecdf00fc6abea2884587c1624527dd1172952c8710dfd1f6a2a3	kgmicrobe.ingredient:glucose_acetate	Glucose + Acetate	MAPPED	pass_with_minor_issues	../records.tsv (byte-identical source)
data/ingredients/mapped/Glucose_Cellobiose_Starch_Trypticase_Yeast_Extract.yaml	34723916c18d5bdcc0f9db97894e83201077c2bce417221dcefeb08bcfb666a8	kgmicrobe.ingredient:glucose_cellobiose_starch_trypticase_yeast_extract	Glucose + Cellobiose + Starch + Trypticase + Yeast Extract	MAPPED	pass_with_minor_issues	../records.tsv (byte-identical source)
data/ingredients/mapped/Glucose_Formate.yaml	3b17a11320805d2c7730f65a1fe8e881996254ec107de3371a93d9080716bd96	kgmicrobe.ingredient:glucose_formate	Glucose + Formate	MAPPED	pass_with_minor_issues	../records.tsv (byte-identical source)
data/ingredients/mapped/Glucose_Lactate.yaml	7daf69bbc2ebf6c0eb8a123fd3f3e4df11a6f3a9d105a3a1f61b559b49274e2d	kgmicrobe.ingredient:glucose_lactate	Glucose + Lactate	MAPPED	pass_with_minor_issues	../records.tsv (byte-identical source)
data/ingredients/mapped/Glucose_Maltose_Cellobiose_Starch_Glycerol.yaml	55a4ee1c6e3b7fd14c60a946cf3ba30070c14963c7137ccd87b6a11511318354	kgmicrobe.ingredient:glucose_maltose_cellobiose_starch_glycerol	Glucose + Maltose + Cellobiose + Starch + Glycerol	MAPPED	pass_with_minor_issues	../records.tsv (byte-identical source)
data/ingredients/mapped/Glucose_Peptone-yeast_Extract.yaml	e37175824a9e5c477fedd007a279b35056d89ab2b8c4ab5f8f8b9504e09794a5	kgmicrobe.ingredient:glucose_peptone_yeast_extract	Glucose Peptone-yeast Extract	MAPPED	pass_with_minor_issues	../records.tsv (byte-identical source)
data/ingredients/mapped/Glucose_Xylose.yaml	bfe6131c9ea1cd4558e93d984bbb63e4ae1ed1010b130b11847f4f299188260f	kgmicrobe.ingredient:glucose_xylose	Glucose + Xylose	MAPPED	pass_with_minor_issues	../records.tsv (byte-identical source)
data/ingredients/mapped/Glucose_Yeast_Extract.yaml	3ff6a7bf89fde88ffbf567d2313841253492bf0af7a0ae5ad7b06ed44bcf40cc	kgmicrobe.ingredient:glucose_yeast_extract	Glucose + Yeast Extract	MAPPED	pass_with_minor_issues	../records.tsv (byte-identical source)
data/ingredients/mapped/Glucuronamide.yaml	848e41f6a504664b56e47f076bbb59e8c9e888487355df65b5d121d7a1974458	cas:3789-97-7	Glucuronamide	MAPPED	pass_with_minor_issues	../records.tsv (byte-identical source)
data/ingredients/mapped/Glucuronate.yaml	2a1255a2eee50c4fa4ba1c9a19253b199fb641432ddcdd7671cb7571cd816778	CHEBI:24297	Glucuronate	MAPPED	pass	../records.tsv (byte-identical source)
data/ingredients/mapped/Glutamate.yaml	fb2de060657b86180c75ae9ac226f38fba1478890bbc0f4ae18f122d9947a480	CHEBI:29987	Glutamate	MAPPED	pass_with_minor_issues	../records.tsv (byte-identical source)
data/ingredients/mapped/Glutamic_Acid.yaml	6659214935592ce3ea2d7e3391ccdb615679b32eca645fe6cb3dd685b2f61320	CHEBI:18237	Glutamic acid	MAPPED	needs_curation	../records.tsv (byte-identical source)
data/ingredients/mapped/Glutamyl-glutamic_Acid.yaml	57328349e1b7e7b920db30865d254915a749ed26b651a8e4c7b4fa30b6a4095b	CHEBI:5390	Glutamyl-glutamic Acid	MAPPED	pass_with_minor_issues	../records.tsv (byte-identical source)
data/ingredients/mapped/Glutaraldehyde.yaml	40cda6060deebcf27469a0903ec5ee8343ea1194fe521e65db03be74937b6135	CHEBI:64276	Glutaraldehyde	MAPPED	pass	../records.tsv (byte-identical source)
data/ingredients/mapped/Glutarate.yaml	7135ef010e6e0231e04e7e9d5dbade037949fc49f81a0ae6104ba8ef9020b624	CHEBI:24329	Glutarate	MAPPED	pass_with_minor_issues	../records.tsv (byte-identical source)
data/ingredients/mapped/Glutaric_Acid.yaml	727a6ea75ee2da6c4bc8c0ab9bef77ad41001166727c27bb430e4e05dc26b7c3	CHEBI:17859	Glutaric acid	MAPPED	needs_curation	../records.tsv (byte-identical source)
data/ingredients/mapped/Glutathione.yaml	c4b3b3d8350b182aff417029849e53a271af80f51de35e6b2a0920961a0f90d6	CHEBI:16856	Glutathione	MAPPED	pass	../records.tsv (byte-identical source)
data/ingredients/mapped/Glutathione_Oxidized.yaml	10eeb8853420eda024dd2160b11e9fea95320d3feda6674526d9afd7d102b0fd	CHEBI:17858	Glutathione oxidized	MAPPED	needs_curation	../records.tsv (byte-identical source)
data/ingredients/mapped/Gly-DL-Asp.yaml	24c482ea156d61cdf83da519243c5101ee6b8cdc1f24490508de1933fa61c29e	cas:79731-35-4	Gly-DL-Asp	MAPPED	pass_with_minor_issues	../records.tsv (byte-identical source)
data/ingredients/mapped/Gly-Gln_Monohydrate.yaml	96cc72b44792c1cf088d54e37e12da512b40f2ab82291068362a91c4e1572c37	cas:172669-64-6	Gly-Gln monohydrate	MAPPED	needs_curation	../records.tsv (byte-identical source)
data/ingredients/mapped/Gly-Glu.yaml	80e4f593664917776479803396992628ae05dec1862f20a8a7030a1ccb8dfd03	CHEBI:73801	Gly-Glu	MAPPED	pass	../records.tsv (byte-identical source)
data/ingredients/mapped/Glycerate.yaml	e92991331ffff4d6e4189e5cfbc01c1bb0bf66faf26092055a1cc3199bc91049	CHEBI:33871	Glycerate	MAPPED	pass	../records.tsv (byte-identical source)
data/ingredients/mapped/Glycerol.yaml	c70babb47ba9f6da0b803dd52ae1ba9a094e7ed19c66f30b5568ff6a57e5809a	CHEBI:17754	Glycerol	MAPPED	needs_curation	../records.tsv (byte-identical source)
data/ingredients/mapped/Glycerol_2.yaml	b3240086071f131249c8e39f438a22be0535cb128c258936f70339f1ae7b7344	CHEBI:17754	glycerol	REJECTED	excluded_rejected	../records.tsv (byte-identical source)
data/ingredients/mapped/Glycerol_3-phosphate.yaml	541136769c3854f039e315c0882f4d8fe5d6b7b0d35e897b1045ef720dc9518f	CHEBI:15978	Glycerol 3-phosphate	MAPPED	needs_curation	../records.tsv (byte-identical source)
data/ingredients/mapped/Glycerol_Mono-oleate.yaml	5f0ffcba2d2cd18e6e874b0e9e414398b734b95fff4f9013d1ad9dac67de2d7e	CHEBI:75937	Glycerol mono-oleate	MAPPED	needs_curation	../records.tsv (byte-identical source)
data/ingredients/mapped/Glycerol_Monostearate.yaml	145d4562c2975f01ff2b4ada31e418d9ba52e0640ef6843a7c44eb501c72d2af	CHEBI:75456	Glycerol monostearate	MAPPED	needs_curation	../records.tsv (byte-identical source)
data/ingredients/mapped/Glycerol_Phosphate_Disodium_Salt_Hydrate.yaml	34a148f0b60690558fc0aa0970a93b619fd340e057a3e07e490000b94d3859bc	cas:55073-41-1	Glycerol phosphate disodium salt hydrate	MAPPED	needs_curation	../records.tsv (byte-identical source)
data/ingredients/mapped/Glycine-NaOH_Buffer.yaml	0a826dd3c98af3a73acb1dd82a6df1a0a6c381dde15e1c8bef4fa64523b52e6a	kgmicrobe.ingredient:glycine-naoh_buffer	Glycine-NaOH buffer	MAPPED	pass_with_minor_issues	../records.tsv (byte-identical source)
data/ingredients/mapped/Glycine.yaml	a3f7af80526ce763ef05d032ef7c31caa28203bbd1ed4b788bf6b921c70f5a57	CHEBI:15428	Glycine	MAPPED	needs_curation	../records.tsv (byte-identical source)
data/ingredients/mapped/Glycocholic_Acid_Hydrate.yaml	b53b2db72dea350726d5d619fb5c06bb36d8eb3a7c60bdeafca3c6abb7a49fa0	CHEBI:182320	Glycocholic acid hydrate	MAPPED	needs_curation	../records.tsv (byte-identical source)
data/ingredients/mapped/Glycocyamine.yaml	1a4cc99e4a5532700c6e39fdad29ebb05d70e8fa6ef41b897a6722d86d44b644	CHEBI:16344	Glycocyamine	MAPPED	pass	../records.tsv (byte-identical source)
data/ingredients/mapped/Glycogen.yaml	e08ed6464b997f04310e182867ac07bf3f023799cb44b035597a2f40df866ba7	CHEBI:28087	Glycogen	MAPPED	needs_curation	../records.tsv (byte-identical source)
data/ingredients/mapped/Glycogen_From_Bovine_Liver.yaml	f128118de1d8e776a928c8579b3689c24ca535aec9a41f00913550211c883d37	cas:9005-79-2	Glycogen from bovine liver	MAPPED	needs_curation	../records.tsv (byte-identical source)
data/ingredients/mapped/Glycolaldehyde.yaml	68ab214d4ed9958fbf535c21c667fd84c94fc7d2bf06fa9406a297cade32302d	CHEBI:17071	glycolaldehyde	MAPPED	pass	../records.tsv (byte-identical source)
data/ingredients/mapped/Glycolate.yaml	7d81ac74224fd8b2d1e1094f25318e3043c7850f1469c6a12a04e89640a5dafd	CHEBI:29805	Glycolate	MAPPED	pass	../records.tsv (byte-identical source)
data/ingredients/mapped/Glycolic_Acid.yaml	353fe03ba10bea3bafdf291e643c3afd6857427aea6c1ccc3364d1af5aaa5706	CHEBI:17497	Glycolic Acid	MAPPED	needs_curation	../records.tsv (byte-identical source)
data/ingredients/mapped/Glycyl-L-proline.yaml	304b15c87db118a3ab5bf4c151049e66ad2df40339f157c973f9681c6bd8eebc	CHEBI:70744	Glycyl-L-proline	MAPPED	pass_with_minor_issues	../records.tsv (byte-identical source)
data/ingredients/mapped/Glycyl-glycine.yaml	66281dd8537708a662a74200c22bb1d935b85f35e8dbe809384e1ccc9d9088ac	CHEBI:17201	Glycyl-glycine	MAPPED	needs_curation	../records.tsv (byte-identical source)
data/ingredients/mapped/Glycyl_L-aspartic_Acid.yaml	4dac9037d5143263694c5fa105a734cd4675ead4154f1277a9a10ddb7531286a	CHEBI:73804	Glycyl L-aspartic Acid	MAPPED	pass_with_minor_issues	../records.tsv (byte-identical source)
data/ingredients/mapped/Glycylglycine.yaml	3d902b3b5870c5317df4c90d03f58ba75f356236ecb1a1dcda3a9bc4b5d461d9	CHEBI:17201	Glycylglycine	REJECTED	excluded_rejected	../records.tsv (byte-identical source)
data/ingredients/mapped/Glycylglycylglycine.yaml	f63e5a69409786eda00ff318d1a478df48d218404008f18ebf1868ff86c2d9bb	CHEBI:63961	Glycylglycylglycine	MAPPED	pass_with_minor_issues	../records.tsv (byte-identical source)
data/ingredients/mapped/Glycyrrhizic_Acid_Ammonium_Salt.yaml	aa8857f3943cf119d9009571bfcdbeda0165f666405343feaa797d2eaa903327	cas:53956-04-0	Glycyrrhizic Acid, Ammonium Salt	MAPPED	pass	../records.tsv (byte-identical source)
data/ingredients/mapped/Glyoxylate.yaml	d3ff4921f2340f5b976f65cd30501cf8c6317b9a84b4911c37afffcd7624b84b	CHEBI:36655	Glyoxylate	MAPPED	pass	../records.tsv (byte-identical source)
data/ingredients/mapped/Gold_Iii_Chloride_Hydrate.yaml	3893e76f092f6bd8b3a3db6de905846b23369c6944729b5ba8508ddcd9adfacd	cas:27988-77-8	gold (III) chloride hydrate	MAPPED	pass_with_minor_issues	../records.tsv (byte-identical source)
data/ingredients/mapped/Gossypetin.yaml	90d7b2cf1a5f3242cd4d92f9a9fea346f1afa93ec1d72d650180409306474107	CHEBI:16400	Gossypetin	MAPPED	pass	../records.tsv (byte-identical source)
data/ingredients/mapped/Gossypol.yaml	e894c4ae82faf10fede98f4bb83de9f2a134a3fd9f2aa5b8aa82daec746e171f	CHEBI:28584	Gossypol	MAPPED	pass	../records.tsv (byte-identical source)
data/ingredients/mapped/Gramicidin.yaml	e9f42f03a09b08aa9a9df9c9ea1cfb63096395fcbd5a615c2aa200171f2e6146	cas:1405-97-6	Gramicidin	MAPPED	needs_curation	../records.tsv (byte-identical source)
data/ingredients/mapped/Gramicidin_S.yaml	e002cb22ddb4dd90140a5b1af9c8d1dacd0b132e858234a8e1dca324176b323f	CHEBI:5530	Gramicidin S	MAPPED	pass	../records.tsv (byte-identical source)
data/ingredients/mapped/Gramine.yaml	ac143d9a6fd850516c2d8cb0b14ead38ac319fab7721e30a2a4e2c878b97903e	CHEBI:28948	Gramine	MAPPED	pass	../records.tsv (byte-identical source)
data/ingredients/mapped/Granaticin.yaml	365e1d1684bb0505d59c0cd96ce671c43c248fa03809b445a8c8a3f331382e37	CHEBI:5533	Granaticin	MAPPED	pass	../records.tsv (byte-identical source)
data/ingredients/mapped/Grasseriomycin.yaml	76030b1e22ebcbc1dadadc907f1b1f446b0da2304f30c1f6312acdbb09489b2e	kgmicrobe.compound:grasseriomycin	Grasseriomycin	MAPPED	needs_curation	../records.tsv (byte-identical source)
data/ingredients/mapped/Green_House_Soil.yaml	eace9ac3f9184f238e7125db89506b0663d5a78831f162e6ad365f4e4b68f3be	kgmicrobe.ingredient:green_house_soil	Green House Soil	MAPPED	pass	../records.tsv (byte-identical source)
data/ingredients/mapped/Grisamine.yaml	58b591dffeac0327dcb5ae5c8ef4982b5a9a08c36d200a87a037a38f5ab4d261	kgmicrobe.compound:grisamine	Grisamine	MAPPED	pass	../records.tsv (byte-identical source)
data/ingredients/mapped/Griseolutein_A.yaml	378bc4ec9ffc4de4caf589907b84de472aee383c50615d8208b17cab59e8811c	mesh:C018306	Griseolutein A	MAPPED	pass	../records.tsv (byte-identical source)
data/ingredients/mapped/Griseolutein_B.yaml	7b7b9e05443ab48bdce146b731b72c60e2d8101e3b691d461153ba6bed3a9011	mesh:C018307	Griseolutein B	MAPPED	pass	../records.tsv (byte-identical source)
data/ingredients/mapped/Ground_Beef.yaml	bd1f04587e0157f4f3e0dd0fa1dc7776880471deb75dc3783ba3be0411b8ba2e	FOODON:00001282	Ground beef	MAPPED	needs_curation	../records.tsv (byte-identical source)
data/ingredients/mapped/Guaiacol.yaml	ba5dac33677736e24e15aa0c42a0880753128fe50a68ba458691fc9d5f70acdd	CHEBI:28591	Guaiacol	MAPPED	pass	../records.tsv (byte-identical source)
data/ingredients/mapped/Guaiazulene.yaml	f1380d6f52d6596efdd38459fd80ac168b135275f942117a0d2729515bf70b00	CHEBI:5550	Guaiazulene	MAPPED	pass	../records.tsv (byte-identical source)
data/ingredients/mapped/Guanidine_Hydrochloride.yaml	3c3f08c5273dc053357fb43a2af8578d48419aa6025cf128ff8de472ad5dae2c	cas:50-01-1	Guanidine Hydrochloride	MAPPED	needs_curation	../records.tsv (byte-identical source)
data/ingredients/mapped/Guanidinium_Chloride.yaml	dee7b36bfa05afa8db7b52965c95179715d571c8d00cd04bf785f41414633e24	CHEBI:32735	Guanidinium Chloride	MAPPED	needs_curation	../records.tsv (byte-identical source)
data/ingredients/mapped/Guanine.yaml	906406e3f8eaf4865f2a9dad2279fac352508d8574a27671b9eca510fccd66bc	CHEBI:16235	Guanine	MAPPED	pass_with_minor_issues	../records.tsv (byte-identical source)
data/ingredients/mapped/Guanosine.yaml	aa3fe4cd2017e418a70aa249261ef4432f8668ebc14435e6d4f3238071ada567	CHEBI:16750	Guanosine	MAPPED	pass	../records.tsv (byte-identical source)
data/ingredients/mapped/Gum_Arabic_From_Acacia_Tree.yaml	5edeb952611ad30db392280504893969715d5790d5d8b6eb5552cd7396e3e223	cas:9000-01-5	Gum arabic from acacia tree	MAPPED	needs_curation	../records.tsv (byte-identical source)
data/ingredients/mapped/H23-methyl_Mercaptopropionate.yaml	087928d566854b571e736b8279ec3251d62be8f7cd91d2be55a39499dec7a4f5	kgmicrobe.ingredient:h2_3_methyl_mercaptopropionate	H2+3-methyl Mercaptopropionate	MAPPED	pass_with_minor_issues	../records.tsv (byte-identical source)
data/ingredients/mapped/H2_CO2.yaml	6110474b9aa1b58a1beef31ed1f51546f853e74812c226799b3c3aa5cfe887f5	kgmicrobe.ingredient:h2_co2	H2 + CO2	MAPPED	pass_with_minor_issues	../records.tsv (byte-identical source)
data/ingredients/mapped/H2dimethylsulfide.yaml	416eb757d690420a1f1c74b26b6a2fe570c36bd40d40aadba33f36a87145901f	kgmicrobe.ingredient:h2_dimethylsulfide	H2+dimethylsulfide	MAPPED	pass_with_minor_issues	../records.tsv (byte-identical source)
data/ingredients/mapped/H2methanol.yaml	fcd693e39e3644162eedecab123476753719aaa4a6ab0547edd5ac8da242dc3f	kgmicrobe.ingredient:h2_methanol	H2+methanol	MAPPED	pass_with_minor_issues	../records.tsv (byte-identical source)
data/ingredients/mapped/H2seo3.yaml	70884df864f67411a2584f7a759042fe3855f21a94835d9f7a3ad3c10f9b3907	CHEBI:26642	H2SeO3	MAPPED	pass	../records.tsv (byte-identical source)
data/ingredients/mapped/H2so4.yaml	6e6f1329c07905f5fae75ee9b3b3d0df521fe63b85c20262dff0c43c17c1f346	CHEBI:26836	H2SO4	MAPPED	needs_curation	../records.tsv (byte-identical source)
data/ingredients/mapped/H2tetramethylammonium.yaml	78e1ec9ed05f5a0d502e311c7e3935c211aa8d7fe3cd258017f73f731ebca7bb	kgmicrobe.ingredient:h2_tetramethylammonium	H2+tetramethylammonium	MAPPED	pass_with_minor_issues	../records.tsv (byte-identical source)
data/ingredients/mapped/H2trimethylamine.yaml	6e2784721aeee54d35d3d4b85e970a39c94d98edfb1917596c52446016c2122e	kgmicrobe.ingredient:h2_trimethylamine	H2+trimethylamine	MAPPED	pass_with_minor_issues	../records.tsv (byte-identical source)
data/ingredients/mapped/H2wo4.yaml	5162692a22c6cf36b480f02a345435f477eee173a90b20bd2244d7423a1edadd	CHEBI:36272	H2WO4	MAPPED	pass	../records.tsv (byte-identical source)
data/ingredients/mapped/H3PO4.yaml	9d9f352e94f6f7508f2c3d0c869f41c4a94f5f3e3bb3c07196502a8cb6e2ce4e	CHEBI:26078	H3PO4	MAPPED	pass_with_minor_issues	../records.tsv (byte-identical source)
data/ingredients/mapped/H3bo2.yaml	1141c711735d317d724886d440f3a3f8f533bd2ebebf1d00fec849bcf9fd80a2	CHEBI:38267	H3BO2	MAPPED	needs_curation	../records.tsv (byte-identical source)
data/ingredients/mapped/H3bo3.yaml	9ba49752b7773e367ed46e4bcd6333e27ac444b797ba7d8ac0e32cf7baae1c15	CHEBI:33118	H3BO3	MAPPED	needs_curation	../records.tsv (byte-identical source)
data/ingredients/mapped/HOMOPIPES.yaml	1873785d4e49c89c495ace5a36c8d2d965a3f2347947baffb0e928bb3227ace7	cas:202185-84-0	HOMOPIPES	MAPPED	needs_curation	../records.tsv (byte-identical source)
data/ingredients/mapped/Haemin.yaml	f383f7f9be865a12a13e6d369a568b663eaddeefc5edbfd06bc5633006c99355	CHEBI:50385	Haemin	MAPPED	needs_curation	../records.tsv (byte-identical source)
data/ingredients/mapped/Halomicin.yaml	8c0bad7398d8e43ee0812117f6d368303dc8c6a0ff5a2f098b976b565bf5ac5e	kgmicrobe.compound:halomicin	Halomicin	MAPPED	needs_curation	../records.tsv (byte-identical source)
data/ingredients/mapped/Hans_1000x_Minerals.yaml	ea533f8600fbb2b55d9928d9cce85c66968a8c7ec4cb4fda023809706671a2ed	kgmicrobe.ingredient:hans_1000x_minerals	Hans 1000x minerals	MAPPED	pass	../records.tsv (byte-identical source)
data/ingredients/mapped/Hans_100x_Vitamins.yaml	13b36b0c91d447bb49f72f6715e06dabdfddbd3f9a119659d1ee3fb3ec82ed07	kgmicrobe.ingredient:hans_100x_vitamins	Hans 100x vitamins	MAPPED	pass	../records.tsv (byte-identical source)
data/ingredients/mapped/Harmaline.yaml	87c504585350d598ea86322660d172e0b96616d23447e13003ed1ed40a7a0eb2	CHEBI:28172	Harmaline	MAPPED	pass	../records.tsv (byte-identical source)
data/ingredients/mapped/Harmalol.yaml	e93ca770e3e78831ea858d9fa2f26040806dc52c650d88f75e25ff6096db1d07	CHEBI:27943	Harmalol	MAPPED	pass	../records.tsv (byte-identical source)
data/ingredients/mapped/Harmane.yaml	48acd94c31c1d1b9db1ea42dbc49cded18854916186acccc164f936a5a78575f	CHEBI:5623	Harmane	MAPPED	pass	../records.tsv (byte-identical source)
data/ingredients/mapped/Harmine.yaml	54e70dc471dee7719cb6d781075f5f58bd94d6753671e852e296bae11252cb64	CHEBI:28121	Harmine	MAPPED	pass	../records.tsv (byte-identical source)
data/ingredients/mapped/Harmol.yaml	9f685d497fc886b2315341a86adb78faa5ccda12482acad9cad4a50638b7dd6c	CHEBI:192558	Harmol	MAPPED	pass	../records.tsv (byte-identical source)
data/ingredients/mapped/Harmol_Hydrochloride.yaml	b481dbf35e8ef53b6c1631886f94476091a706734119ef957ceaa457c6d13cd2	cas:40580-83-4	Harmol Hydrochloride	MAPPED	pass	../records.tsv (byte-identical source)
data/ingredients/mapped/Hcl.yaml	396ba5bf8b51c29cda96c771312bb42536b0b4a23b3462377e5059fbe9bb665e	CHEBI:17883	HCl	MAPPED	needs_curation	../records.tsv (byte-identical source)
data/ingredients/mapped/Heart_Infusion_Agar_BD_211065.yaml	1ca2d82b3de84d05372ed220e9d8face54d79c34b6593bb15a64f97f3a66628d	MICRO:0000567	Heart Infusion Agar (BD 211065)	MAPPED	needs_curation	../records.tsv (byte-identical source)
data/ingredients/mapped/Hecogenin.yaml	b67f57eb2e77e910a15df3cb6688e41cd3a25ed6d330f7360cd7c75b7ff4d2d4	CHEBI:5633	Hecogenin	MAPPED	pass	../records.tsv (byte-identical source)
data/ingredients/mapped/Helenine.yaml	1eeeda22d0e4db4490a5a13e0d3d40e528370a45a7040972c73ab749912985ba	CHEBI:2540	Helenine	MAPPED	pass	../records.tsv (byte-identical source)
data/ingredients/mapped/Hemin_solution_see_below.yaml	094b5ebc7a6dd4c4517517cf7c7cb52046ed6d3bc4a8888951d66e1c6015ba12	MICRO:0001598	Hemin solution (see below)	MAPPED	needs_curation	../records.tsv (byte-identical source)
data/ingredients/mapped/Hemoglobin.yaml	af5e246e48cc2e2321c6bac3c4e8146498035686170b7264b025dd719efd70d8	CHEBI:5656	Hemoglobin	MAPPED	needs_curation	../records.tsv (byte-identical source)
data/ingredients/mapped/Henicosane.yaml	b5d8362a22601697362a6a26918ffd2acb556325748f4c7f6484876c4f440013	CHEBI:32931	Henicosane	MAPPED	pass	../records.tsv (byte-identical source)
data/ingredients/mapped/Heparin_Sodium_Salt_From_Porcine_Intestinal_Mucosa.yaml	bd5b5a096c71a786b9b472151c415114ca3337c94296e827d546c31c118ca173	kgmicrobe.ingredient:heparin_sodium_salt_from_porcine_intestinal_mucosa	Heparin sodium salt from porcine intestinal mucosa	MAPPED	pass	../records.tsv (byte-identical source)
data/ingredients/mapped/Hepes.yaml	7d92365f64808ffb589155a60d8ba407ca6025c3dfda5aea396ac0c724ad4320	CHEBI:42334	HEPES	MAPPED	needs_curation	../records.tsv (byte-identical source)
data/ingredients/mapped/Heptadecane.yaml	152197edf46cb7672c7bb4555d822b65846054532f742f9a623618736506661a	CHEBI:16148	Heptadecane	MAPPED	pass	../records.tsv (byte-identical source)
data/ingredients/mapped/Heptadecanoic_Acid.yaml	1402a75cbc4fc8aa997c4c29258dc48f7d0bc56fdad1395a128b44612115f78b	CHEBI:32365	heptadecanoic acid	MAPPED	pass	../records.tsv (byte-identical source)
data/ingredients/mapped/Heptanoic_Acid.yaml	638a7734bc04ac633985012f448025ec716704bea293df2d1b526be420a7bf38	CHEBI:45571	Heptanoic acid	MAPPED	pass	../records.tsv (byte-identical source)
data/ingredients/mapped/Heptanol.yaml	6311d187cc18c4039c22dbf034a644a409430dd0583a16888c596d27aba83210	CHEBI:195607	heptanol	MAPPED	needs_curation	../records.tsv (byte-identical source)
data/ingredients/mapped/Hesperidin.yaml	1e9e2acff3e5196a10d7c40f4d4c2435f569d2c858bff3e2154fc8aca8c136aa	CHEBI:28775	Hesperidin	MAPPED	pass	../records.tsv (byte-identical source)
data/ingredients/mapped/Hexachlorocyclo-hexane.yaml	89f78d1834d7ee4d746dd1355cd73fab84ea2b67b503990afd2a198e9ed1d190	CHEBI:24536	Hexachlorocyclo-hexane	MAPPED	pass	../records.tsv (byte-identical source)
data/ingredients/mapped/Hexadecane.yaml	9434d50224d75f9974445e21a9e530941a569ce2133efa91e23dab641bc76dc2	CHEBI:45296	Hexadecane	MAPPED	needs_curation	../records.tsv (byte-identical source)
data/ingredients/mapped/Hexadecanoate.yaml	b3563036c943def4b5431a05a2da52fe941f54036707f2dbe66a182e9584b4a4	CHEBI:7896	Hexadecanoate	MAPPED	pass	../records.tsv (byte-identical source)
data/ingredients/mapped/Hexane.yaml	334827e411d92a932b375b54d28387c17aee467e19d3222dd8c4404dfaf53a9f	CHEBI:29021	Hexane	MAPPED	pass	../records.tsv (byte-identical source)
data/ingredients/mapped/Hexanoate.yaml	cd2210b136db405ec424589ade862a45b44e6087432cacca9a03c241396b7c25	CHEBI:17120	Hexanoate	MAPPED	pass	../records.tsv (byte-identical source)
data/ingredients/mapped/Hexanol.yaml	fccfbc3e6e5309ca29b27077794e8e5c22df641b7b2f48692cc413253c546316	CHEBI:143552	hexanol	MAPPED	needs_curation	../records.tsv (byte-identical source)
data/ingredients/mapped/Hippuric_Acid.yaml	56016925d71e172cd20e89fea50e538e9868e38a54f852253b8c6cb06ca33c68	CHEBI:18089	Hippuric acid	MAPPED	pass	../records.tsv (byte-identical source)
data/ingredients/mapped/Histamine.yaml	8cec931e9ec285c08f459a577326052543724083747f72490950b984494edcdb	CHEBI:18295	Histamine	MAPPED	pass	../records.tsv (byte-identical source)
data/ingredients/mapped/Hitachimycin.yaml	c633b53098facd609b997e0364445391dba4029223f0ceac1e34453b53dc6903	mesh:C031780	Hitachimycin	MAPPED	needs_curation	../records.tsv (byte-identical source)
data/ingredients/mapped/Homovanillic_Acid.yaml	b720bb2a5d2191b87eb1661c155e11f91df3d0b54be26d17d7d96fcafd01eef0	CHEBI:545959	homovanillic acid	MAPPED	pass	../records.tsv (byte-identical source)
data/ingredients/mapped/Homovanillyl_Alcohol.yaml	53c0eb5ec94bc342de7981fd436e5b72e434d89e7fbb2a247241b81d35f10e54	CHEBI:173769	homovanillyl alcohol	MAPPED	pass	../records.tsv (byte-identical source)
data/ingredients/mapped/Hopanoid.yaml	f0f2d438212d87e49b6d5be0d158be4cc8215b2243ee78e6fede3afb9eb269f2	CHEBI:51963	Hopanoid	MAPPED	pass	../records.tsv (byte-identical source)
data/ingredients/mapped/Horse_Serum.yaml	82f2dcc3c661aaa4ebe3cd39c378e06999dfe68aaf9f8c5d5597dc94ea19060c	MICRO:0001235	Horse serum	MAPPED	needs_curation	../records.tsv (byte-identical source)
data/ingredients/mapped/Horse_blood.yaml	a6a2270e0689b45a836de30e50474a1cf3dd3d2f8124bd8586cf250b6f757c26	MICRO:0001234	Horse blood	MAPPED	pass	../records.tsv (byte-identical source)
data/ingredients/mapped/Hortesin.yaml	e5bcc8c7ece864d85398790ba2e4df9b0d1a94448d0676dc118d6cb1e9f5009e	kgmicrobe.compound:hortesin	Hortesin	MAPPED	pass	../records.tsv (byte-identical source)
data/ingredients/mapped/Hunters_Trace_Stock_Solution.yaml	78ffea5700354371cb549de4584b990820b493bceb0c75b3964c9c799357c222	kgmicrobe.ingredient:hunters_trace_stock_solution	Hunter's Trace Stock Solution	MAPPED	pass_with_minor_issues	../records.tsv (byte-identical source)
data/ingredients/mapped/Huperzine_A.yaml	4bb1fa07b5afc2322b8ca6b2f40f2dfe7fb798595901ba7e77854b3b6ac147dd	CHEBI:78330	Huperzine A	MAPPED	pass	../records.tsv (byte-identical source)
data/ingredients/mapped/Hyaluronic_Acid_Sodium_Salt_From_Streptococcus_Equi.yaml	77efcdc20ef568b52dd2a5a37070546df90d3dddccb20516e7ac9b1f9c6c69e3	cas:9067-32-7	Hyaluronic acid sodium salt from Streptococcus equi	MAPPED	needs_curation	../records.tsv (byte-identical source)
data/ingredients/mapped/Hydantoin.yaml	2095781a6fe56d0c1aa16cd27429df36f24990677fd10414211a2a5ab0642ea8	CHEBI:27612	Hydantoin	MAPPED	pass	../records.tsv (byte-identical source)
data/ingredients/mapped/Hydrastine_1r_9s.yaml	c476f5d414232fa2b925023f25fce6a635e06aba2a5ae0709e579ae626b3894b	CHEBI:69919	Hydrastine (1R, 9S)	MAPPED	pass	../records.tsv (byte-identical source)
data/ingredients/mapped/Hydro_Methylpteroylglutamylglutamic_Acid.yaml	987e0750feda0064ce64c91e6989a359043469ec8d8e3ce4ff277bf168ba98ca	kgmicrobe.compound:hydro_methylpteroylglutamylglutamic_acid	Hydro Methylpteroylglutamylglutamic Acid	MAPPED	needs_curation	../records.tsv (byte-identical source)
data/ingredients/mapped/Hydrocarbon.yaml	397073d5d19240f9bf6e8124b1bc09ff2024d319a97d6e512f7eca8d85ad2249	CHEBI:24632	Hydrocarbon	MAPPED	needs_curation	../records.tsv (byte-identical source)
data/ingredients/mapped/Hydrogen_Peroxide.yaml	0f25219719c66d42df59ffcaca69038ea78a8799638fdbcdf70327d432d0602f	CHEBI:16240	Hydrogen peroxide	MAPPED	pass	../records.tsv (byte-identical source)
data/ingredients/mapped/Hydrogen_Sulfide.yaml	4a1ef8d395dca14c4b5948070a67fe7566124db1b70971f42e124a72eb8583e3	CHEBI:16136	Hydrogen sulfide	MAPPED	needs_curation	../records.tsv (byte-identical source)
data/ingredients/mapped/Hydrogen_gas.yaml	2152fc1281bf7cbe5b0ab09a4703e87e24c4e417eca704fb1e6d3c5a150d1ad8	CHEBI:18276	Hydrogen gas	MAPPED	needs_curation	../records.tsv (byte-identical source)
data/ingredients/mapped/Hydroquinone.yaml	520cb2fccfe4a305cf954b15b63ce2d7e6a96269769ccd993cf62e02a253abfc	CHEBI:17594	Hydroquinone	MAPPED	pass	../records.tsv (byte-identical source)
data/ingredients/mapped/Hydrous_Ferric_Oxide.yaml	198628f2fbdba927b28160d4e708d59e7e7ab62ebeb3da6204d1b1277a33b09b	CHEBI:50819	hydrous ferric oxide	MAPPED	needs_curation	../records.tsv (byte-identical source)
data/ingredients/mapped/Hydroxocobalamin_hydrochloride.yaml	9a889cb2c5b37b0360914e1f9075aba2761c67c516cbe8e26899763c31ff3d7f	NCIT:C217966	hydroxocobalamin hydrochloride	MAPPED	pass_with_minor_issues	../records.tsv (byte-identical source)
data/ingredients/mapped/Hydroxy-l-proline.yaml	ececbb9977c65c454e64dc0e42104f15911e9ca87b170f847d4a4066c0e02ba8	CHEBI:18095	Hydroxy-L-Proline	MAPPED	needs_curation	../records.tsv (byte-identical source)
data/ingredients/mapped/Hydroxyacetophenone.yaml	7fd87e61a1f3f5d5edf4f6c9b9577eb5400a5fbb59f3745b72f86d5e931acf18	CHEBI:24668	Hydroxyacetophenone	MAPPED	pass	../records.tsv (byte-identical source)
data/ingredients/mapped/Hydroxyethylcellulose.yaml	271b7b503cdef9dec096d894649b05e973797386874758eb3ca6759b05271324	CHEBI:85249	Hydroxyethylcellulose	MAPPED	pass	../records.tsv (byte-identical source)
data/ingredients/mapped/Hydroxylamine_Hydrochloride.yaml	d3fa1af6f4e4475ab7fd08df21ac6f4ff7b8c655db015179a7b09bae6287d445	CHEBI:5807	Hydroxylamine hydrochloride	MAPPED	pass	../records.tsv (byte-identical source)
data/ingredients/mapped/Hydroxystreptomycin.yaml	df30dff42d82b226e7fbc8833f2728c70b6d40166f3a408b5d06c632e5857dc3	CHEBI:24750	Hydroxystreptomycin	MAPPED	needs_curation	../records.tsv (byte-identical source)
data/ingredients/mapped/Hydroxyurea.yaml	b792992e864c621a50370b87699751c9b12a4a124db1b33f5e1377d89fa6a1ed	CHEBI:44423	Hydroxyurea	MAPPED	pass	../records.tsv (byte-identical source)
data/ingredients/mapped/Hygromycin.yaml	d0d2ec4bf3f4d3435113e36ea54ad68e9dc8e5db2bb16a20a42a3bba742c6716	CHEBI:24753	Hygromycin	MAPPED	pass	../records.tsv (byte-identical source)
data/ingredients/mapped/Hygromycin_A.yaml	ff718c6fcd8e1d74a58f894b550db0c16aee843560d01473ab81f5da08bb58c3	CHEBI:69414	Hygromycin A	MAPPED	pass	../records.tsv (byte-identical source)
data/ingredients/mapped/Hygromycin_B.yaml	1a9884a66362b6cac8d0be65ea9236d659e8bd1b828b6e9b9557625ec78469db	CHEBI:16976	Hygromycin B	MAPPED	needs_curation	../records.tsv (byte-identical source)
data/ingredients/mapped/Hymecromone_Methyl_Ether.yaml	dd1220e16014afda3c35415f30e3c8542974de0f1fa3b78cc37039a906a1c644	cas:2555-28-4	Hymecromone Methyl Ether	MAPPED	pass	../records.tsv (byte-identical source)
data/ingredients/mapped/Hypotaurine.yaml	13144bf158709116b814657f515a9fda08452f6db1562621c5a828c823474553	CHEBI:16668	Hypotaurine	MAPPED	pass	../records.tsv (byte-identical source)
data/ingredients/mapped/Hypoxanthine.yaml	49af0f6583217f5f96a9e1938e1471d1c39d5fc198df43eb8f504ac4b941a8f2	CHEBI:17368	Hypoxanthine	MAPPED	pass	../records.tsv (byte-identical source)
data/ingredients/mapped/IPTG.yaml	87ed1de130c38ab9509ace86baa2e463a75615740e52f41d0fa0cbd1673aa411	CHEBI:61448	IPTG	MAPPED	pass_with_minor_issues	../records.tsv (byte-identical source)
data/ingredients/mapped/Icosane.yaml	d929c207b03d0358c82ad9c6cb1432e2e907279dc99556beaf93b5f43a54336b	CHEBI:43619	Icosane	MAPPED	pass	../records.tsv (byte-identical source)
data/ingredients/mapped/Imidazole.yaml	5df7b5dca87cfafc0c7f2a770cbda6b0ccdeb35818f609933d2f083a8a52c8e3	CHEBI:14434	Imidazole	MAPPED	pass_with_minor_issues	../records.tsv (byte-identical source)
data/ingredients/mapped/Imipenem.yaml	7c269d86c017671f1570d3eb09843b741fb3d37dc8228dda92f3085e66c62ed6	CHEBI:471744	Imipenem	MAPPED	pass	../records.tsv (byte-identical source)
data/ingredients/mapped/Impenum_Monohydrate.yaml	34ec9ace466a92ec81fc737147b871a808e5792313938f55ee7f3e808deab9a3	CHEBI:51799	Impenum monohydrate	MAPPED	pass	../records.tsv (byte-identical source)
data/ingredients/mapped/Indigocarmine.yaml	b9580ebb82c2b3bf5e5bdc4f82e6c446448c98bdbddc2cd6a9dea13f07a9b69c	CHEBI:31695	Indigocarmine	MAPPED	pass	../records.tsv (byte-identical source)
data/ingredients/mapped/Indochrome.yaml	0c92e8e9a2036ebff9af78ee5b37475c04b09911b34ec9e076878290cca2551c	kgmicrobe.compound:indochrome	Indochrome	MAPPED	pass	../records.tsv (byte-identical source)
data/ingredients/mapped/Indole-3-acetate.yaml	6affe3d2c49522bc552dedf3422186217fe7531123d53d0013ad3859fc0d083e	CHEBI:30854	Indole-3-acetate	MAPPED	pass	../records.tsv (byte-identical source)
data/ingredients/mapped/Indole-3-butyric_Acid.yaml	ebdad951901e31b6c162b05b742b65f1d4179fcee6861a7bd0018beed8c66940	CHEBI:33070	Indole-3-butyric acid	MAPPED	pass	../records.tsv (byte-identical source)
data/ingredients/mapped/Indole-3-propionic_Acid.yaml	bdf24cfca5d78946fbb068934022a04d3f964f156b1b771de462ea6a0307ba0b	CHEBI:43580	Indole-3-propionic acid	MAPPED	pass	../records.tsv (byte-identical source)
data/ingredients/mapped/Indole-3-pyruvic_Acid.yaml	86f4a8afac867690170d12211c073aa28c5623538d5939720f9d2ceac9fcc360	cas:392-12-1	Indole-3-pyruvic acid	MAPPED	needs_curation	../records.tsv (byte-identical source)
data/ingredients/mapped/Indole.yaml	88be613c4028f5b20ae0a4e9ae14d7f0da3baf1a7a349d8a79ce08cc80db631a	CHEBI:16881	Indole	MAPPED	needs_curation	../records.tsv (byte-identical source)
data/ingredients/mapped/Indole_3-acetic_Acid_Sodium_Salt.yaml	0d5182c28afd147ab916d109630684adf443c4305f29e7e8a871340d314d3f22	cas:6505-45-9	indole 3-acetic acid sodium salt	MAPPED	pass	../records.tsv (byte-identical source)
data/ingredients/mapped/Indolicidin.yaml	8ea22aebb7445fb2f972250b85ca6138f5964ff8ef2ec561ff286f4ad38ada6f	CHEBI:80180	Indolicidin	MAPPED	pass	../records.tsv (byte-identical source)
data/ingredients/mapped/Indolmycin.yaml	d7aa1213a342360baa6ea5496a4b667e10afb2fdcc52488ac6369e2ad982635e	CHEBI:79394	Indolmycin	MAPPED	pass	../records.tsv (byte-identical source)
data/ingredients/mapped/Indoxyl_Acetate.yaml	fcd3e597bc5bab6c0ab586cf29664fd02fe195f4e8472301125c2abaac331ed1	CHEBI:169991	Indoxyl Acetate	MAPPED	pass	../records.tsv (byte-identical source)
data/ingredients/mapped/Inosine.yaml	dcc8889e7c82397526ae1d705edd7a95b8a75a5ef2304c4e46dbc8078f1120a2	CHEBI:17596	Inosine	MAPPED	pass	../records.tsv (byte-identical source)
data/ingredients/mapped/Inositol.yaml	1500f6d290e5badee3d362b5f7f294a9cf15b02b47f77971ad00a3116f4d2951	CHEBI:24848	Inositol	MAPPED	needs_curation	../records.tsv (byte-identical source)
data/ingredients/mapped/Inulin.yaml	2ee73a4aae9ba1f5f7bf8bfc046171e1de70f5b9de61aec5afd4b930090f43de	CHEBI:15443	Inulin	MAPPED	needs_curation	../records.tsv (byte-identical source)
data/ingredients/mapped/Iodide.yaml	e7aee1db654f9268b8de6b5cfa2af05337f40be77ced56fc4133ad01dd28a117	CHEBI:16382	Iodide	MAPPED	pass	../records.tsv (byte-identical source)
data/ingredients/mapped/Iodonitrotetrazolium_Chloride.yaml	29fc6bd948ce00b70c09a75106e7af0b82490058dfc3fef12ec92fc6342a8174	CHEBI:75421	Iodonitrotetrazolium chloride	MAPPED	pass	../records.tsv (byte-identical source)
data/ingredients/mapped/Irgasan.yaml	97d7a8fc4d28f4fbe84aca44173f24e95f1c9ccc2b6f9b37eb6816793d91424e	CHEBI:164200	Irgasan	MAPPED	pass	../records.tsv (byte-identical source)
data/ingredients/mapped/Irigenin.yaml	323a9b6666365763c1587ef533eab1328c9f04226c4027e0baf8430cef1d57d6	CHEBI:81409	Irigenin	MAPPED	pass	../records.tsv (byte-identical source)
data/ingredients/mapped/Iron.yaml	791d68106d2f4fd7c5c6e9c4f1814be0df3ed8fb167a3c51591fb76a9024a4ce	CHEBI:82664	Iron	MAPPED	pass	../records.tsv (byte-identical source)
data/ingredients/mapped/Iron_Powder.yaml	a9afe5865201571f52c5bf013f4fb3bb416d8bb325ba64fcef71c06d90a70727	CHEBI:82664	Iron powder	REJECTED	excluded_rejected	../records.tsv (byte-identical source)
data/ingredients/mapped/Iron_Stock.yaml	ffb9d9bffbaeb0bffe3cb7297b3a868f4eb4fd9dc1b5878e5230be359b1a6de5	kgmicrobe.ingredient:iron_stock	Iron Stock	MAPPED	pass	../records.tsv (byte-identical source)
data/ingredients/mapped/Isepamicin.yaml	015e3324e54f43b956009729599cd7c174a818381a6a1ab88fff578c87e46f46	CHEBI:37951	Isepamicin	MAPPED	pass	../records.tsv (byte-identical source)
data/ingredients/mapped/Isobutyl_Alcohol.yaml	a0237922849051d7e0af0428050a42c9ef101c5d997afc9408028f83ac03f67e	CHEBI:46645	Isobutyl alcohol	MAPPED	pass	../records.tsv (byte-identical source)
data/ingredients/mapped/Isobutyramide.yaml	bd5207d45358435a6ac291fa6d53e88c775943ddb9de5c5cde1e09bc7c9961f8	CHEBI:193555	Isobutyramide	MAPPED	pass	../records.tsv (byte-identical source)
data/ingredients/mapped/Isobutyrate.yaml	9708a5fe0cbaf3b91d6145822ead35ba10d27c64e7f501380849ec6543f18b77	CHEBI:48944	Isobutyrate	MAPPED	pass	../records.tsv (byte-identical source)
data/ingredients/mapped/Isobutyric_Acid.yaml	de152124fd72af219fcdfe1bb6dce1e3254666174b8112b4d452063fa3844f31	CHEBI:16135	Isobutyric acid	MAPPED	pass	../records.tsv (byte-identical source)
data/ingredients/mapped/Isocaproate.yaml	16b45e0850d4ec09218b169143689cf31424e1d07318497cc7d30c5f35fc4276	CHEBI:74904	Isocaproate	MAPPED	pass	../records.tsv (byte-identical source)
data/ingredients/mapped/Isocitrate.yaml	caa2a29e833e39680dd55a4af62960c72db32f52574b63e88a86b7afdce6ea37	CHEBI:16087	Isocitrate	MAPPED	pass_with_minor_issues	../records.tsv (byte-identical source)
data/ingredients/mapped/Isoliquiritigenin.yaml	516bf8ace61b4e60af081717de9b9c042d3f4e36fb6b1140c3d7957efffeee0f	CHEBI:310312	Isoliquiritigenin	MAPPED	pass	../records.tsv (byte-identical source)
data/ingredients/mapped/Isomaltose.yaml	e43dd40cf6d94f70f53b8e1c3ae4a324eb3aba3651b0473040679f165ce3d32b	CHEBI:28189	Isomaltose	MAPPED	needs_curation	../records.tsv (byte-identical source)
data/ingredients/mapped/Isoniazid.yaml	ab024b97b2f6a75c64ae3961216c9b4a1d85f9e4207b9a4d368cec21d0b57eda	CHEBI:6030	Isoniazid	MAPPED	pass	../records.tsv (byte-identical source)
data/ingredients/mapped/Isoorientin.yaml	e51abf35058f1fac44584cc697814322c7e8d09510e5cef6782c127c77c31ac1	CHEBI:17965	Isoorientin	MAPPED	pass	../records.tsv (byte-identical source)
data/ingredients/mapped/Isophthalate.yaml	cc1a32e5150c3223c1ea9fbe15609db69239da4a8a6e8f3a7da72fd32a91ab6b	CHEBI:30803	Isophthalate	MAPPED	pass_with_minor_issues	../records.tsv (byte-identical source)
data/ingredients/mapped/Isopropionate.yaml	600e43cb5cec9bc530114f496cf3a8ce271f0ef047eac7036243e340cfbaabd1	kgmicrobe.compound:isopropionate	Isopropionate	MAPPED	pass_with_minor_issues	../records.tsv (byte-identical source)
data/ingredients/mapped/Isopropyl_Alcohol.yaml	0c2a58fdd26ff2e3637396b74e7a97e0e21aa897d0677450e2bb6c5d800e2c2c	CHEBI:17824	Isopropyl alcohol	MAPPED	needs_curation	../records.tsv (byte-identical source)
data/ingredients/mapped/Isosafrole.yaml	7c3f26656a035c0669087aabea47cbbc741214b488fd08e61ec3ffd9ea363bb4	CHEBI:6054	Isosafrole	MAPPED	pass	../records.tsv (byte-identical source)
data/ingredients/mapped/Isovalerate.yaml	8348c048d694060e443f14a3471de714caef1558d56d36fcff5d09ef4110c69f	CHEBI:48942	Isovalerate	MAPPED	pass	../records.tsv (byte-identical source)
data/ingredients/mapped/Isovaleric_Acid.yaml	a6ea3dec5b1f41d46baaac946df5e96d6aca41cfb6aa3da3fa1d0bff398d22bd	CHEBI:28484	Isovaleric acid	MAPPED	pass	../records.tsv (byte-identical source)
data/ingredients/mapped/Isovanillin.yaml	3d1ea686262d4a903d1a1bbd264f7e427beca85a859a94fc00ea3ed0533aca79	CHEBI:193161	Isovanillin	MAPPED	pass	../records.tsv (byte-identical source)
data/ingredients/mapped/Isovitalex.yaml	3f74baeba779e083e3b650735a8782698f7b9a87b910cb3d7cf72f43fd7d10bd	kgmicrobe.ingredient:isovitalex	Isovitalex	MAPPED	pass	../records.tsv (byte-identical source)
data/ingredients/mapped/Isovitexin.yaml	ae6ce6b76385db380d54ecd402b7784e0bdaa95cf23399f669ad4e623a7e7648	CHEBI:18330	Isovitexin	MAPPED	pass	../records.tsv (byte-identical source)
data/ingredients/mapped/Itaconate.yaml	0ba83d8e0263c7f579d2dad56a0a5a35fa578bdeb0318901301bd2dbc1ce7608	CHEBI:17240	Itaconate	MAPPED	pass_with_minor_issues	../records.tsv (byte-identical source)
data/ingredients/mapped/Itaconic_Acid.yaml	676bf2f0061acf18c0af1c193846ebd64cc60c6780546dcef2f801c0776449a5	CHEBI:30838	Itaconic Acid	MAPPED	pass	../records.tsv (byte-identical source)
data/ingredients/mapped/Izalpinin.yaml	279a4bc187f755b580b834a85b7d6641b1b9836b08c8f007af405218acad1f7b	cas:480-14-4	Izalpinin	MAPPED	pass	../records.tsv (byte-identical source)
data/ingredients/mapped/Jasmonic_Acid.yaml	da21451edd14d7c0ecbbc06f5b1df88e65db4ec2eb92085601e4ef28994958aa	CHEBI:18292	Jasmonic acid	MAPPED	pass	../records.tsv (byte-identical source)
data/ingredients/mapped/Juglone.yaml	c9cb4b07c771b093365fc2b060c3011980223efa17f57ff46e11ed37cb703033	CHEBI:15794	Juglone	MAPPED	pass	../records.tsv (byte-identical source)
data/ingredients/mapped/K-acetate.yaml	7e76f61f55c0f3b3b1b018ada603db7dc8ea48a36af570ec26e7e72f253cc5a4	CHEBI:32029	K-acetate	MAPPED	needs_curation	../records.tsv (byte-identical source)
data/ingredients/mapped/K-phosphate_Buffer.yaml	55def8b40c046c1270785d5bb3e7fcfadb797ef22c23e298b1c153c8d4aa4d00	kgmicrobe.ingredient:k-phosphate_buffer	K-phosphate buffer	MAPPED	pass_with_minor_issues	../records.tsv (byte-identical source)
data/ingredients/mapped/K2co3.yaml	dc6a03f85721c8170b52dcae00bb37aa37a5f1866a80c2f2d117eced4e0d7e10	CHEBI:131526	K2CO3	MAPPED	pass	../records.tsv (byte-identical source)
data/ingredients/mapped/K2cro4.yaml	89ac38fc2d96ce7574678d56d03e2d7462adf5f0b7dab2f460dbb421d6622557	CHEBI:75249	K2CrO4	MAPPED	pass	../records.tsv (byte-identical source)
data/ingredients/mapped/K2hpo4.yaml	7eb41f8daf7f92610ccd692102fb924cb540c32c68c55de02d1e6d72ad4065e1	CHEBI:131527	K2HPO4	MAPPED	needs_curation	../records.tsv (byte-identical source)
data/ingredients/mapped/K2hpo4_X_3_H2o.yaml	a1de93d0fb55264df5d2f670c96f715b1fc6de3ab7e34b5a5068fe1a7338097e	kgmicrobe.compound:k2hpo4_x_3_h2o	K2HPO4 x 3 H2O	MAPPED	needs_curation	../records.tsv (byte-identical source)
data/ingredients/mapped/K2s4o6.yaml	3c906e7434f4a7c67cf24d4636ebd82a40cac22c00fba7304e7ea5362303ee20	CHEBI:86466	K2S4O6	MAPPED	needs_curation	../records.tsv (byte-identical source)
data/ingredients/mapped/K2so4.yaml	a43742aeccc029ced184b849f361af8d73b0eb0be015f53ad65551afcc7504d7	CHEBI:32036	K2SO4	MAPPED	needs_curation	../records.tsv (byte-identical source)
data/ingredients/mapped/K2so4_X_7_H2o.yaml	06849d90807f1547a48c88de5dc022b466ae9b506efd08fb6929b1b6192b3412	kgmicrobe.compound:k2so4_x_7_h2o	K2SO4 x 7 H2O	MAPPED	needs_curation	../records.tsv (byte-identical source)
data/ingredients/mapped/KH2PO3.yaml	e663e204385cf6a0a2b2df0b3e6fb9a5b5f23ec125853041197882612f82876a	cas:13977-65-6	KH2PO3	MAPPED	pass_with_minor_issues	../records.tsv (byte-identical source)
data/ingredients/mapped/Kanamycin.yaml	052e433f1e17443a58ce31595c644b99feb5c2d7bf0203d557ec3b8c1a99535a	CHEBI:6104	Kanamycin	MAPPED	needs_curation	../records.tsv (byte-identical source)
data/ingredients/mapped/Kanamycin_Sulfate.yaml	cd1bbebd8e516d860b4b8823a9a8920643443f4d86b5e92b68f90337415dc5a9	CHEBI:6109	Kanamycin sulfate	MAPPED	needs_curation	../records.tsv (byte-identical source)
data/ingredients/mapped/Kanchanomycin.yaml	d9032dcd0d962b99b0131a8eb6dfd1f6ba4fbfe80dc6d4e18b8eda8ac624babd	mesh:C001493	Kanchanomycin	MAPPED	needs_curation	../records.tsv (byte-identical source)
data/ingredients/mapped/Kao_And_Michayluk_Vitamin_Solution.yaml	23900d5237c97ebb12b670a2734f96dc638e555562e4230f92a94626d590fb94	kgmicrobe.ingredient:kao_and_michayluk_vitamin_solution	Kao and Michayluk vitamin solution	MAPPED	needs_curation	../records.tsv (byte-identical source)
data/ingredients/mapped/Karanjin.yaml	be20f620fdd12ff59e67dab867152653ab7c89b43c09e6085cbb07aab66e4e29	CHEBI:166631	Karanjin	MAPPED	pass	../records.tsv (byte-identical source)
data/ingredients/mapped/Kasugamycin.yaml	a619f9a173dd84721be155fdd579998f853e5170e243b01a1247009fc12c3267	CHEBI:81419	Kasugamycin	MAPPED	pass	../records.tsv (byte-identical source)
data/ingredients/mapped/Kawain.yaml	9f28c9f655171897957290e0826fae55b956fb5825356fe906dbf591b55bbf59	CHEBI:156288	Kawain	MAPPED	needs_curation	../records.tsv (byte-identical source)
data/ingredients/mapped/Kbr.yaml	7ddb8760c920a53aa674794756227d6ee1c287d4bce9a5fc58548622b32a1480	CHEBI:32030	KBr	MAPPED	needs_curation	../records.tsv (byte-identical source)
data/ingredients/mapped/Kcl.yaml	c265e25d76e9e9a9ec1f234b0ab0a4c6a51e7585d9fb442fd46045753369b4dc	CHEBI:32588	KCl	MAPPED	needs_curation	../records.tsv (byte-identical source)
data/ingredients/mapped/Keratin.yaml	766f4c2300194f7dad8ceb303df1f29e4ae0a68968c0b05ff414bfdfb0d235d8	mesh:D007633	Keratin	MAPPED	needs_curation	../records.tsv (byte-identical source)
data/ingredients/mapped/Ketomycin.yaml	b80d67527dafef8aecad63538872e8cd0edd5f236f42664bac8f80cd126e93d0	mesh:C008231	Ketomycin	MAPPED	needs_curation	../records.tsv (byte-identical source)
data/ingredients/mapped/Kf.yaml	c57a3c87fed9a575bfa23d270f9ae89881ea615389f938e860be22a62099a34b	CHEBI:66872	KF	REJECTED	excluded_rejected	../records.tsv (byte-identical source)
data/ingredients/mapped/Kh2po4.yaml	e721979cb20e8dcac144900643442d9d9e1f01e4d69b2073de8266120419f1c4	CHEBI:63036	KH2PO4	MAPPED	needs_curation	../records.tsv (byte-identical source)
data/ingredients/mapped/Khco3.yaml	09e05ed22bebdd41792345d0e3cd3bf3fbaf2a1d7b6b6f8be3ee41b6a95e5fc5	CHEBI:81862	KHCO3	MAPPED	pass	../records.tsv (byte-identical source)
data/ingredients/mapped/Ki.yaml	46d38e549c32f9dcc80d19580c3aced0c41307894af886cffe1f0f85103b459a	CHEBI:8346	KI	MAPPED	needs_curation	../records.tsv (byte-identical source)
data/ingredients/mapped/Kijanimicin.yaml	5d9e9ceb7aba870eebf32f97a85dc5a4594284ce37da5b105109339c93d1aff0	CHEBI:220048	kijanimicin	MAPPED	needs_curation	../records.tsv (byte-identical source)
data/ingredients/mapped/Kno2.yaml	9853ca6a5d1ba2065b2eb1360f4d103a9fec96f10c5361431db693f924a076de	CHEBI:232610	KNO2	MAPPED	pass_with_minor_issues	../records.tsv (byte-identical source)
data/ingredients/mapped/Kno3.yaml	7b9e2018a10cd1dc22417eeb0cd6c21c91d4126a5c06d6193bf5955555ff94aa	CHEBI:63043	KNO3	MAPPED	needs_curation	../records.tsv (byte-identical source)
data/ingredients/mapped/Koh.yaml	ae478c37c1f269d5ac551c7773568cdbaf81a7d5af752f33e58775f8c18037c1	CHEBI:32035	KOH	MAPPED	pass	../records.tsv (byte-identical source)
data/ingredients/mapped/Kscn.yaml	cbee156bd71d4e43e3b87f59727e97a36d111ade89cc562ba19679599b3bf3de	CHEBI:30951	KSCN	MAPPED	pass	../records.tsv (byte-identical source)
data/ingredients/mapped/L-2-Aminobutyric_Acid.yaml	aecc32a591c1f3a5cb913166982d8e3864ce636a09137f4210aa54c94529ed04	CHEBI:35619	L-2-Aminobutyric acid	MAPPED	needs_curation	../records.tsv (byte-identical source)
data/ingredients/mapped/L-Arabinose.yaml	b9e28ebf25e499ac84e6ea65470b0969ec82585da692aac8d904049953a8d9f3	CHEBI:30849	L-Arabinose	MAPPED	needs_curation	../records.tsv (byte-identical source)
data/ingredients/mapped/L-Asparagine_Monohydrate.yaml	0f3972bdde44bc5bf922cef4cfa8748d3cd18b5dd7bd9ebea77ae8e6659ed11a	cas:5794-13-8	L-Asparagine monohydrate	MAPPED	needs_curation	../records.tsv (byte-identical source)
data/ingredients/mapped/L-Aspartic_Acid_Potassium_Salt.yaml	c3bd6c8b66450d9bf49816dcd43cb0fabc2733221fccb293cc1c23ed12968505	cas:1115-63-5	L-Aspartic acid potassium salt	MAPPED	needs_curation	../records.tsv (byte-identical source)
data/ingredients/mapped/L-Aspartic_Acid_Sodium_Salt_Monohydrate.yaml	2adc6833819d70d555e0573db31372d89bac15511a6d6f3c994297304808579e	cas:323194-76-9	L-Aspartic acid sodium salt monohydrate	MAPPED	needs_curation	../records.tsv (byte-identical source)
data/ingredients/mapped/L-Carnitine.yaml	83717e970a478ac8248672c11d82a8d91f5732ea5e520bd388f2060e3632e754	CHEBI:16347	L-Carnitine	MAPPED	needs_curation	../records.tsv (byte-identical source)
data/ingredients/mapped/L-Carnitine_Hydrochloride.yaml	516a885435fc23a3c3c1842783d8ba0d03b60eb8e227687468df45038006c5ff	CHEBI:233463	L-Carnitine hydrochloride	MAPPED	pass	../records.tsv (byte-identical source)
data/ingredients/mapped/L-Cysteic_Acid_Monohydrate.yaml	21740d17230c11b46d09af7ae1570b8af173dfd789e232d5a304d3a0b39c4dda	cas:23537-25-9	L-Cysteic acid monohydrate	MAPPED	needs_curation	../records.tsv (byte-identical source)
data/ingredients/mapped/L-Cysteine_X_HCl_X_H2O_Solution.yaml	ee8eca61baf20c28acd7bbf0409d44ea796fb33d988f6e81eb60b6fba67fc105	kgmicrobe.ingredient:l-cysteine_x_hcl_x_h2o_solution	L-Cysteine x HCl x H2O solution	MAPPED	needs_curation	../records.tsv (byte-identical source)
data/ingredients/mapped/L-Deoxyalliin.yaml	d9fca4409c19af4e70eeded6e54bc2acb7f4c5ede1eb0a15081c06aac4225542	CHEBI:74077	L-Deoxyalliin	MAPPED	needs_curation	../records.tsv (byte-identical source)
data/ingredients/mapped/L-Galactose.yaml	cc736209403f41a4737eadc4bbe530f129fbe57c148505c9413746a61cf83b6a	CHEBI:37618	L-Galactose	MAPPED	needs_curation	../records.tsv (byte-identical source)
data/ingredients/mapped/L-Glutamic_Acid_Monopotassium_Salt_Monohydrate.yaml	b81046e7b35a714c71af86de076d1c15c18c454eafce07e5b3508935b3c0cc9d	cas:6382-01-0	L-Glutamic acid monopotassium salt monohydrate	MAPPED	needs_curation	../records.tsv (byte-identical source)
data/ingredients/mapped/L-Glutathione.yaml	ec615cf6df4296ecc6705c478c4dcc45252fac365d5395778e836f7052e1f92e	CHEBI:16856	L-Glutathione	REJECTED	excluded_rejected	../records.tsv (byte-identical source)
data/ingredients/mapped/L-Histidine_Monohydrochloride_Monohydrate.yaml	891472a9ec7dde2e5a04151148d390c5a224606ddd1647c9b50ffa1750b09b20	cas:5934-29-2	L-Histidine monohydrochloride monohydrate	MAPPED	needs_curation	../records.tsv (byte-identical source)
data/ingredients/mapped/L-Homoserine.yaml	33e3ecca2d886332e6bfb9449be92384ba33151f959ec45ebb94d53fc06a875c	CHEBI:15699	L-Homoserine	MAPPED	needs_curation	../records.tsv (byte-identical source)
data/ingredients/mapped/L-Malic_Acid.yaml	e7b8206eb0d5eb266272a7b60dc9468ec69264e86f427d8aacb0d32730cb1af4	CHEBI:30797	L-Malic acid	MAPPED	needs_curation	../records.tsv (byte-identical source)
data/ingredients/mapped/L-Malic_Acid_Disodium_Salt_Monohydrate.yaml	4896efa3f3c06d572e3bf8dffffb131ab36f1e1a31fac75394acca8db7c43080	cas:207511-06-6	L-Malic acid disodium salt monohydrate	MAPPED	needs_curation	../records.tsv (byte-identical source)
data/ingredients/mapped/L-Meta-tyrosine.yaml	ab26d48b70bfe307aa0d9df36bfbe31cc5b7bbf0fb84bba9e24ce3ddefb02df2	cas:587-33-7	L-Meta-tyrosine	MAPPED	pass	../records.tsv (byte-identical source)
data/ingredients/mapped/L-Pipecolic_Acid.yaml	aa0b76a2525b54ab4d2cd93fafd001cbbec379e8911274421fd74a03dbf4b892	CHEBI:30913	L-Pipecolic Acid	MAPPED	needs_curation	../records.tsv (byte-identical source)
data/ingredients/mapped/L-Pyroglutamic_Acid.yaml	878b6041b1b5cadc81ba842a47216d6d91cd64e7e7fbf48d5fed02ec4fc4e91c	CHEBI:18183	L-Pyroglutamic acid	MAPPED	needs_curation	../records.tsv (byte-identical source)
data/ingredients/mapped/L-Rhamnose_Monohydrate.yaml	eb05ee0a45c1a49feb004fdded1ec8490ee6e8d3689ff70fe850737aac78133f	cas:10030-85-0	L-Rhamnose monohydrate	MAPPED	needs_curation	../records.tsv (byte-identical source)
data/ingredients/mapped/L-Xylose.yaml	31a01b082a6b9795de471872adb49dcf7aa0a40933af90f93f64d0c9e9ebe25e	CHEBI:65328	L-Xylose	MAPPED	needs_curation	../records.tsv (byte-identical source)
data/ingredients/mapped/L-_-ergothioneine.yaml	c2ee1e304fd23914828e03ff33ba609878fefe03cdf94570b670c4ecd1fb0073	CHEBI:4828	L-(+)-Ergothioneine	MAPPED	needs_curation	../records.tsv (byte-identical source)
data/ingredients/mapped/L-_-erythrulose.yaml	a7b5a229351c84f9d507beea7fab28bbb2baef46d0aadd7becd2703c3648561a	CHEBI:23958	L-(+)-Erythrulose	MAPPED	needs_curation	../records.tsv (byte-identical source)
data/ingredients/mapped/L-_-sorbose.yaml	6c8d96558f5a743d2f583ce0c3b7f916f807520c627777a032da90bc3c9ac801	CHEBI:17266	L-(-)-sorbose	MAPPED	needs_curation	../records.tsv (byte-identical source)
data/ingredients/mapped/L-alaninamide.yaml	40e9c1707621e8dbafcf2463af4f444c5a581a01494f592b7bab91e115c81701	CHEBI:21217	L-alaninamide	MAPPED	pass	../records.tsv (byte-identical source)
data/ingredients/mapped/L-alanine.yaml	f0bf916038793c24190fd43092bb9414b407cdd75767dba3a4c5c6da7f00218a	CHEBI:16977	L-Alanine	MAPPED	pass	../records.tsv (byte-identical source)
data/ingredients/mapped/L-alanine_4-nitroanilide.yaml	23fab620e65747ccd917e939a6452e1ffdd1a70f8ce2b1e51ce582fd8e2051c1	kgmicrobe.compound:l-alanine_4-nitroanilide	L-alanine 4-nitroanilide	MAPPED	needs_curation	../records.tsv (byte-identical source)
data/ingredients/mapped/L-alanylglycine.yaml	be592fbf7c4c0713b0962fb7db4c100d07ebeb53eac160ef4a93adff0f4df93c	CHEBI:73757	L-alanylglycine	MAPPED	pass_with_minor_issues	../records.tsv (byte-identical source)
data/ingredients/mapped/L-alliin.yaml	1c45f7c84dfccac9f86a098d9e8a67e95b34b04a0fbe963248fba926b5efe1f5	CHEBI:2596	L-alliin	MAPPED	needs_curation	../records.tsv (byte-identical source)
data/ingredients/mapped/L-alpha-Phosphatidylcholine.yaml	273758aed880ff90315916ddcf9b3ea5176301f6d1dc33e6e635bdff4d1c0001	CHEBI:86658	L-alpha-Phosphatidylcholine	MAPPED	pass	../records.tsv (byte-identical source)
data/ingredients/mapped/L-arginine.yaml	0c7d4239308da76d0938ceb10d80606b61832231c13afd17a3ca4c39fe814ddd	CHEBI:16467	L-Arginine	MAPPED	pass	../records.tsv (byte-identical source)
data/ingredients/mapped/L-arginine_X_Hcl.yaml	113333c6a9887ebcbb7b4336988b28e428f4d4a0bf94be156abc4ead0971b9da	CHEBI:31235	L-Arginine x HCl	MAPPED	needs_curation	../records.tsv (byte-identical source)
data/ingredients/mapped/L-ascorbic_Acid.yaml	866a8ca6ffa153dced292d1e47e4a5966964db7264219f52bae9d9a4569facb6	CHEBI:29073	L-Ascorbic acid	MAPPED	pass	../records.tsv (byte-identical source)
data/ingredients/mapped/L-asparagine.yaml	c936ac6337e4d867601ba73d3378e7370518a218e34fc41cbf0bdc506d375b7c	CHEBI:17196	L-Asparagine	MAPPED	pass	../records.tsv (byte-identical source)
data/ingredients/mapped/L-aspartate.yaml	cc1876e2cec8da89a54b310d22139738c5484421e05759f5f99f5a3289fe1766	CHEBI:29991	L-aspartate	MAPPED	pass_with_minor_issues	../records.tsv (byte-identical source)
data/ingredients/mapped/L-aspartic_Acid.yaml	59515ac8ea8e60fed727239ff1e315e37522190f021b4c6f3361c05ed3f190c6	CHEBI:17053	L-Aspartic acid	MAPPED	needs_curation	../records.tsv (byte-identical source)
data/ingredients/mapped/L-citrulline.yaml	6c15525a27a48c82a80defc1f293f16f55a5a11cce30257534afd0d498b1bdc1	CHEBI:16349	L-Citrulline	MAPPED	needs_curation	../records.tsv (byte-identical source)
data/ingredients/mapped/L-cysteine.yaml	86735cd67de758a5401fb051cb98ca3483104d4632c7ce2dcdff261ed38c0fc1	CHEBI:17561	L-Cysteine	MAPPED	needs_curation	../records.tsv (byte-identical source)
data/ingredients/mapped/L-cysteine_Hcl.yaml	a25805419e2a355a7ee972c7de199cdc04fdd74e7adaa478e491a6530c3fb9a2	CHEBI:91247	L-Cysteine HCl	MAPPED	needs_curation	../records.tsv (byte-identical source)
data/ingredients/mapped/L-cysteine_Hcl_X_H2o.yaml	1b13fecbe7cba7143af066aebb2322f97fc880d1a3668abcc7bbdd3df6c581a9	CHEBI:91248	L-Cysteine HCl x H2O	MAPPED	needs_curation	../records.tsv (byte-identical source)
data/ingredients/mapped/L-cysteine_Hydrochloride_Monohydrate.yaml	96e8587336ea6c7151f917b04181d3331f75a89d96097c3e63cbfa9a062bd844	CHEBI:91248	L-Cysteine hydrochloride monohydrate	REJECTED	excluded_rejected	../records.tsv (byte-identical source)
data/ingredients/mapped/L-cysteine_Zwitterion.yaml	fd36433dbfcf832e0cb5ab7d69a252b166df1b248d57db3813a15b75c4569b43	CHEBI:35235	L-cysteine zwitterion	MAPPED	needs_curation	../records.tsv (byte-identical source)
data/ingredients/mapped/L-cystine.yaml	c5c0b4160853c0cc469b42f6931fd2f0fc36dead897da513399b6b238e81b7fa	CHEBI:16283	L-Cystine	MAPPED	pass	../records.tsv (byte-identical source)
data/ingredients/mapped/L-fructose.yaml	aaa84bfaf38063af0ba3a045c8273a0f1760437c6131cac5c79e7f41145193f9	CHEBI:28120	L-fructose	MAPPED	pass	../records.tsv (byte-identical source)
data/ingredients/mapped/L-fucose.yaml	4f830e7f2bcc1e5b32d6bf654ad88a74c02496712dd8bad8eb59b8562c8e5974	CHEBI:18287	L-Fucose	MAPPED	needs_curation	../records.tsv (byte-identical source)
data/ingredients/mapped/L-galactonate.yaml	3bf15a2d02d4782220c8b7e7ffe2dccb7414da8335069b89e92a1ae875504540	CHEBI:53071	L-galactonate	MAPPED	pass	../records.tsv (byte-identical source)
data/ingredients/mapped/L-galactonic_Acid_Gamma-lactone.yaml	b40df102ace500644d848d0b6460d94a0b66c406ab6508957648666f5da0b249	CHEBI:17464	L-galactonic Acid Gamma-lactone	MAPPED	pass_with_minor_issues	../records.tsv (byte-identical source)
data/ingredients/mapped/L-glutamate-gamma-3-carboxy-4-nitroanilide.yaml	7930ef3625dbb034ef94c383d866e2f6d3e2b7fc5fdc047c978aba3ef18580a0	kgmicrobe.compound:l-glutamate-gamma-3-carboxy-4-nitroanilide	L-glutamate-gamma-3-carboxy-4-nitroanilide	MAPPED	pass_with_minor_issues	../records.tsv (byte-identical source)
data/ingredients/mapped/L-glutamic_Acid.yaml	1abbfb5fd04f94d5f684108d4304267a5d8c972a9d9a629d60ba755198c6edbb	CHEBI:16015	L-Glutamic acid	MAPPED	needs_curation	../records.tsv (byte-identical source)
data/ingredients/mapped/L-glutamine.yaml	35db38c399ed6b8102c21d03463cba1fbaf0a0e045f9602426570dcd8296f5fe	CHEBI:18050	L-Glutamine	MAPPED	pass	../records.tsv (byte-identical source)
data/ingredients/mapped/L-histidine.yaml	e610c6f890361baf08dfe64b2399c78c09fc02a486f552d460daf8562e20968d	CHEBI:15971	L-Histidine	MAPPED	needs_curation	../records.tsv (byte-identical source)
data/ingredients/mapped/L-histidine_2-naphthylamide.yaml	830fd244623604083c4b9a72f7656b271365986c927fc3b14f4633122d1eb62b	CHEBI:90447	L-histidine 2-naphthylamide	MAPPED	pass	../records.tsv (byte-identical source)
data/ingredients/mapped/L-inositol.yaml	6e384f83c0ca76f46aac74b2b8da16d021935c41b780dd02ea451454ab712d22	CHEBI:27374	L-inositol	MAPPED	pass_with_minor_issues	../records.tsv (byte-identical source)
data/ingredients/mapped/L-isoleucine.yaml	99e0766213e7e0256649861781be48f690a85a4709a1d57d7cc5f936a0cef809	CHEBI:17191	L-Isoleucine	MAPPED	needs_curation	../records.tsv (byte-identical source)
data/ingredients/mapped/L-leucine.yaml	ec3d6164237b42b7992d52ab1ce75f2fec1f47ffa24e94c277314b06dd94a964	CHEBI:15603	L-Leucine	MAPPED	needs_curation	../records.tsv (byte-identical source)
data/ingredients/mapped/L-leucylglycine_2-naphthylamide.yaml	bf456848924447be16701b4f2bc2396619afdc436e60c5b076483b9c457cb321	CHEBI:90741	L-leucylglycine 2-naphthylamide	MAPPED	pass	../records.tsv (byte-identical source)
data/ingredients/mapped/L-lysine.yaml	4d035d993bbbeb0e2a21337f307ababc8167e37dfe7a72cee1d2ca516e333d60	CHEBI:18019	L-Lysine	MAPPED	needs_curation	../records.tsv (byte-identical source)
data/ingredients/mapped/L-lysine_Hcl.yaml	1e34cad9b2bd29bd95bc5351342782fb0ead7873a066994c07496757802b83c8	CHEBI:53633	L-Lysine HCl	MAPPED	needs_curation	../records.tsv (byte-identical source)
data/ingredients/mapped/L-lyxose.yaml	02fa44f02568e017ec51826f66febde9322510b45fc3fd6d060e27f6c131b913	CHEBI:62320	L-lyxose	MAPPED	pass_with_minor_issues	../records.tsv (byte-identical source)
data/ingredients/mapped/L-malate.yaml	f13e689afed8266abef67b1eb2fac342c477ffe0089d2d2f24ddb23e39446e18	CHEBI:15589	L-malate	MAPPED	pass_with_minor_issues	../records.tsv (byte-identical source)
data/ingredients/mapped/L-methionine.yaml	7f587d8d03e262d97a0bd022ba51ea02dd9c24e0ba960e26142f97f5e196e4bd	CHEBI:16643	L-Methionine	MAPPED	needs_curation	../records.tsv (byte-identical source)
data/ingredients/mapped/L-norleucine.yaml	5e9cf6add64e2507ffc1173af1849f3e0c89589b553a99d5e0606517ce8a126f	CHEBI:18347	L-norleucine	MAPPED	pass	../records.tsv (byte-identical source)
data/ingredients/mapped/L-ornithine.yaml	932ce49c03922cfa00ca81546222fc43f0ee4a33aa4037ce2ae5d6bff9c29405	CHEBI:15729	L-Ornithine	MAPPED	needs_curation	../records.tsv (byte-identical source)
data/ingredients/mapped/L-ornithine_Monohydrochloride.yaml	420c77b8adacc5770dc705ca374f09a3470dff65077b929a25047484ae6465f8	CHEBI:195690	L-ornithine monohydrochloride	MAPPED	needs_curation	../records.tsv (byte-identical source)
data/ingredients/mapped/L-phenylalanine.yaml	5166757201c7bdfb2890e7292e80f78b318f4cf4f5e6bf8f6f5a3d3925f8cbff	CHEBI:17295	L-Phenylalanine	MAPPED	needs_curation	../records.tsv (byte-identical source)
data/ingredients/mapped/L-proline-4-nitroanilide.yaml	3fe190cf3c7fd4de06028710da6168094a9fc162721edb79298503a936576d29	kgmicrobe.compound:l-proline-4-nitroanilide	L-proline-4-nitroanilide	MAPPED	pass_with_minor_issues	../records.tsv (byte-identical source)
data/ingredients/mapped/L-proline.yaml	5dd10c136db722ba99235189330fb4c539abad17d4a52927f533dd5b1cf440d8	CHEBI:17203	L-Proline	MAPPED	needs_curation	../records.tsv (byte-identical source)
data/ingredients/mapped/L-proline_2-naphthylamide.yaml	dfd4b4bf24865aa1977fc027d68557314e14e062841a71cf8448ebd695f71de9	CHEBI:90600	L-proline 2-naphthylamide	MAPPED	pass	../records.tsv (byte-identical source)
data/ingredients/mapped/L-pyroglutamic_Acid_2-naphthylamide.yaml	188210aa9576a09b9758f68b76693c3e533a2cc7ddca9749366bffe2e2aaf58a	CHEBI:90601	L-pyroglutamic Acid 2-naphthylamide	MAPPED	pass_with_minor_issues	../records.tsv (byte-identical source)
data/ingredients/mapped/L-rhamnose.yaml	5070b9c39f1b9aa6fa4f8b9b8a12cf34dff551fee182beca35e09d195a146eb6	CHEBI:62345	L-Rhamnose	MAPPED	pass_with_minor_issues	../records.tsv (byte-identical source)
data/ingredients/mapped/L-serine.yaml	4652e0d2693d13d7dc5d24b22f2eee895f9a2b8a792a6d1ad0fac4b50cc799d1	CHEBI:17115	L-Serine	MAPPED	pass	../records.tsv (byte-identical source)
data/ingredients/mapped/L-serine_2-naphthylamide.yaml	5ee095eea7ac59feff71406c925c14a34356b1b5d27640afd3c95ab74c1f041d	CHEBI:90603	L-serine 2-naphthylamide	MAPPED	pass	../records.tsv (byte-identical source)
data/ingredients/mapped/L-threonine.yaml	90acd6a97a8ff3aac29c5f0d544a30be1e1fcf59ed38fd3030477d8a8a47c002	CHEBI:16857	L-Threonine	MAPPED	needs_curation	../records.tsv (byte-identical source)
data/ingredients/mapped/L-tryptophan.yaml	9e95fed47a3744d5ca9420212a63488f02af4050687ee078f892f2a1b17c25e0	CHEBI:16828	L-Tryptophan	MAPPED	needs_curation	../records.tsv (byte-identical source)
data/ingredients/mapped/L-tyrosine.yaml	b3d74ff5d9e02b367c495e5e1fbb098f06c7c897c3530a5832bb180a0b0912ff	CHEBI:17895	L-Tyrosine	MAPPED	needs_curation	../records.tsv (byte-identical source)
data/ingredients/mapped/L-tyrosine_2-naphthylamide.yaml	48db20c5108cad332e7be776636ce55669255540648124e404ed357c460ee250	CHEBI:90607	L-tyrosine 2-naphthylamide	MAPPED	pass	../records.tsv (byte-identical source)
data/ingredients/mapped/L-tyrosine_Disodium_Salt.yaml	0553aec6fa9d36613a4aade51c62815f2c277e1097608d5549b6fcb53b687662	CHEBI:53696	L-tyrosine disodium salt	MAPPED	needs_curation	../records.tsv (byte-identical source)
data/ingredients/mapped/L-valine.yaml	b7fabf7ba910e65e3c42978c3c31467a48999256e8622f8531d3eacfb8d232d2	CHEBI:16414	L-Valine	MAPPED	needs_curation	../records.tsv (byte-identical source)
data/ingredients/mapped/L-α-phosphatidylinositol_From_Glycine_Max_Soybean.yaml	5e6711fe5b18b3b2fca2ac04d6251e89c32f253398490a4089eac66df1cbde1a	cas:97281-52-2	L-α-Phosphatidylinositol from Glycine max (soybean)	MAPPED	needs_curation	../records.tsv (byte-identical source)
data/ingredients/mapped/LCFM_Carbon_Mix.yaml	9df73e456c865e6a474e85d754591d5e31a7732231f01a5b5bc4c390e75f6345	kgmicrobe.ingredient:lcfm_carbon_mix	LCFM Carbon mix	MAPPED	pass	../records.tsv (byte-identical source)
data/ingredients/mapped/LL-37.yaml	ab2da063e0f150a020d98e098a97946180ea47d8bfc94da9246f26e24336cf1d	CHEBI:81664	LL-37	MAPPED	pass	../records.tsv (byte-identical source)
data/ingredients/mapped/L_-tartaric_Acid.yaml	15c57de12a61ce33485005e45a3b51d8832cc162aa488a2a1792ed17b80b8979	CHEBI:15671	L(+)-Tartaric acid	MAPPED	needs_curation	../records.tsv (byte-identical source)
data/ingredients/mapped/Lacidipine.yaml	095de3c9ffccd680e78ab3f53ccda0f6d8a60e6219bda8b9fb229d2ce9933801	CHEBI:135737	Lacidipine	MAPPED	pass	../records.tsv (byte-identical source)
data/ingredients/mapped/Lactalbumin_Hydrolysate.yaml	24416a2a9fe69c14ca1a8f57098750a9a4fb8b3055ba267a4e19cf10626f8213	MICRO:0001365	Lactalbumin hydrolysate	MAPPED	needs_curation	../records.tsv (byte-identical source)
data/ingredients/mapped/Lactate.yaml	473205bc13ea916770dad2ffb219c57d34b1ec2caa5e4ef5a4573443f4043474	CHEBI:24996	Lactate	MAPPED	needs_curation	../records.tsv (byte-identical source)
data/ingredients/mapped/Lactitol.yaml	c623b2bb321dbe1f1995986a5a69f454cb23825f67d71bbfdbdf2ae9f98efc8a	CHEBI:75323	Lactitol	MAPPED	needs_curation	../records.tsv (byte-identical source)
data/ingredients/mapped/Lacto-N-fucopentaose_I.yaml	c75dab7ba504cb80212788f2198517a1c28c0b62335c2a3b276879ce4fddf614	cas:7578-25-8	Lacto-N-fucopentaose I	MAPPED	needs_curation	../records.tsv (byte-identical source)
data/ingredients/mapped/Lacto-N-fucopentaose_II.yaml	1e843b77edc22d91f52f1fe57fb48327fb7714ea5ae471c465c40dafd7433b09	CHEBI:89932	Lacto-N-fucopentaose II	MAPPED	needs_curation	../records.tsv (byte-identical source)
data/ingredients/mapped/Lacto-N-fucopentaose_III.yaml	c3a89f74a8dde4dc6e0d507051dce6a79a03ed2a4b8483fe6f7ff9aa576dcba9	cas:25541-09-7	Lacto-N-fucopentaose III	MAPPED	needs_curation	../records.tsv (byte-identical source)
data/ingredients/mapped/Lacto-N-neotetraose.yaml	96913ee317684409b9ac54446e0bd005fc66f989ffa0c06a8b48a85b96cbc302	CHEBI:60239	Lacto-N-neotetraose	MAPPED	needs_curation	../records.tsv (byte-identical source)
data/ingredients/mapped/Lacto-N-tetraose.yaml	b7a73255b1615fc39beb8a126f306dd4c504706482864408a2d9fde96f050e9c	cas:14116-68-8	Lacto-N-tetraose	MAPPED	needs_curation	../records.tsv (byte-identical source)
data/ingredients/mapped/Lactone.yaml	048e4b9bfee4f0b2d700f6744afb1f7c1196a7245082963661742b123f743243	CHEBI:25000	Lactone	MAPPED	pass	../records.tsv (byte-identical source)
data/ingredients/mapped/Lactose.yaml	03c3f8147a4b0529118abe4afca35b7ac28fd3a815c2cc5cf465cf3b6fce4dec	CHEBI:17716	Lactose	MAPPED	needs_curation	../records.tsv (byte-identical source)
data/ingredients/mapped/Lactulose.yaml	eb970b4c4d681b1a0a4e0069c29d39a5338a9915d87cbd8e5ec2f55ef85af296	CHEBI:6359	Lactulose	MAPPED	needs_curation	../records.tsv (byte-identical source)
data/ingredients/mapped/Laminaribiose.yaml	fad2ef66f1b6ef25fdb7879a21063b47b47a8826c05aff4166d750faf4a067ee	CHEBI:18411	Laminaribiose	MAPPED	needs_curation	../records.tsv (byte-identical source)
data/ingredients/mapped/Laminarin_From_Laminaria_Digitata.yaml	d4f28a2fcc8d41bc3e341f84984abeac74178cbf4faac578e107aa9fdd1a11e7	CHEBI:6364	Laminarin from Laminaria digitata	MAPPED	needs_curation	../records.tsv (byte-identical source)
data/ingredients/mapped/Lanthanum_Iii_Chloride.yaml	96311e80548f14eeabbda8c8b632749db62809ada70245b411f341f495e46907	cas:20211-76-1	Lanthanum (III) chloride	MAPPED	needs_curation	../records.tsv (byte-identical source)
data/ingredients/mapped/Lapachol.yaml	7d99dfeb2b177a913a7416b66f6cdea43724cfe3a1911fd8242cee4316b47945	CHEBI:6377	Lapachol	MAPPED	pass	../records.tsv (byte-identical source)
data/ingredients/mapped/Lauric_Acid.yaml	d804504c5b553e3758040e2ee471e51401c1a3e4c1d55f37c45054e7dc179ef0	CHEBI:30805	Lauric acid	MAPPED	pass	../records.tsv (byte-identical source)
data/ingredients/mapped/Lawsone.yaml	993e95b85f155ff8ab905de20b542fcba5f9e43440a8f8ca2dbc833d44c70aeb	CHEBI:44401	Lawsone	MAPPED	pass	../records.tsv (byte-identical source)
data/ingredients/mapped/Lead_Ii_Chloride.yaml	603ab0698bb4b26393e453e91e7c6103ef6be444188ea80c2fe64ceb721944f6	CHEBI:88212	lead (II) chloride	MAPPED	pass	../records.tsv (byte-identical source)
data/ingredients/mapped/Lead_Ii_Nitrate.yaml	eec044bbfd3ab4bc599be3631741b15822c30a0a8aac0bbae556d84033c77f57	CHEBI:37187	Lead (II) nitrate	MAPPED	pass	../records.tsv (byte-identical source)
data/ingredients/mapped/Lecithin.yaml	1243821e423d01eae341649cae77f2dd0b4daa55513e3f0f3ccce1de6379024e	CHEBI:61995	Lecithin	MAPPED	pass	../records.tsv (byte-identical source)
data/ingredients/mapped/Legionella_Agar_Enrichment.yaml	472068fff12345e439b6cfcddd74105610a224f685d8f4667914852a96ba4d95	kgmicrobe.ingredient:legionella_agar_enrichment	Legionella agar enrichment	MAPPED	pass	../records.tsv (byte-identical source)
data/ingredients/mapped/Lemon.yaml	1f1c059fe02478f2e50ac9aca3c8080bfb3e9025e56dbe86e20b90e5f2b70dd7	NCIT:C72005	Lemon	MAPPED	pass	../records.tsv (byte-identical source)
data/ingredients/mapped/Lentilan_From_Mushroom.yaml	5181041e1d83681083c8a35b43fd63f98ea706ea59af0831930ab3377fc3d70f	CHEBI:31770	Lentilan from mushroom	MAPPED	needs_curation	../records.tsv (byte-identical source)
data/ingredients/mapped/Leucodin.yaml	e3bc2d8b076b9ce423c4091b5fe65ec5645eceeccd1a0a846007ff6f7a76ea88	CHEBI:4441	Leucodin	MAPPED	pass	../records.tsv (byte-identical source)
data/ingredients/mapped/Leupeptin.yaml	b0ffe5c54aba498547faf44a89dc3b743a8bfded32c7c9a6b4b3d1fd8d03acbf	CHEBI:6426	Leupeptin	MAPPED	pass	../records.tsv (byte-identical source)
data/ingredients/mapped/Levan_-_From_Erwinia_Herbicola.yaml	48aa7ada162e077803097135c2fc860eff42c2b5fc352b606681116895d14834	CHEBI:16703	Levan - from Erwinia herbicola	MAPPED	needs_curation	../records.tsv (byte-identical source)
data/ingredients/mapped/Levodopa.yaml	aee2a4121b935ca1e59b964a653d4ec540709a60735864c457525aeb4d4ba289	CHEBI:15765	Levodopa	MAPPED	needs_curation	../records.tsv (byte-identical source)
data/ingredients/mapped/Levofloxacin.yaml	b1fe3d0c7e5ef5378f8cfcee05cafb23ac1004d40d62118b4853b132cb1218c0	CHEBI:63598	Levofloxacin	MAPPED	needs_curation	../records.tsv (byte-identical source)
data/ingredients/mapped/Levomenthol.yaml	548c7bdc9c9e0363f4d1872d972d918a8f6ff9151555c914b17c258483641d50	CHEBI:15409	Levomenthol	MAPPED	needs_curation	../records.tsv (byte-identical source)
data/ingredients/mapped/Levorin.yaml	77cccb8ad35797ec34744abe85b0125c5783466a832ec52b7a3442e51cd441a4	mesh:D002174	Levorin	MAPPED	pass	../records.tsv (byte-identical source)
data/ingredients/mapped/Levulinic_Acid.yaml	60348b221a8383646fbebd9deff7b07a6c6f701830401e59343742e9c72c1a5d	CHEBI:45630	Levulinic Acid	MAPPED	needs_curation	../records.tsv (byte-identical source)
data/ingredients/mapped/Lichenan_Icelandic_Moss.yaml	9721a556a6f24eee87da35d9a855d057362cb5c6e867502739939570dca56365	kgmicrobe.ingredient:lichenan_icelandic_moss	Lichenan (icelandic moss)	MAPPED	needs_curation	../records.tsv (byte-identical source)
data/ingredients/mapped/Licl.yaml	870a3eff455850b77496a3495d81683a1fd5a8b3e65eb2b5571023a047f0a1f3	CHEBI:48607	LiCl	MAPPED	needs_curation	../records.tsv (byte-identical source)
data/ingredients/mapped/Lignin.yaml	1c083cfa67b3374aa409083fda718aa368cf1c97a1e7b3f546cae26855ecd66d	CHEBI:6457	Lignin	MAPPED	pass	../records.tsv (byte-identical source)
data/ingredients/mapped/Lignin_Alkali.yaml	3d8bfb7313ed44bc036d7c804a66bb062d68ad9110b312fc0fd85e4cf38ce726	cas:8068-05-1	Lignin alkali	MAPPED	needs_curation	../records.tsv (byte-identical source)
data/ingredients/mapped/Limocrocin.yaml	ad05aa59b266767b469405623169aa34684187496d0113dce7dda9422a347372	mesh:C079132	Limocrocin	MAPPED	pass	../records.tsv (byte-identical source)
data/ingredients/mapped/Limonin.yaml	d8e0da4305f3ab238e662c90fd0b9da38b296fa9f2860e6194d80d60d91e37bc	CHEBI:16226	Limonin	MAPPED	pass	../records.tsv (byte-identical source)
data/ingredients/mapped/Linalool.yaml	cd7b31df1ae6594826a75a1d9e73634cfbc12020b6dd34468cacdbcb605fea4d	CHEBI:17580	Linalool	MAPPED	pass	../records.tsv (byte-identical source)
data/ingredients/mapped/Lincomycin.yaml	e2acfdecc03e5ca9bbcc51b6e3deec7debe951d3e6fa02bc09f58285e4b748be	CHEBI:6472	Lincomycin	MAPPED	pass	../records.tsv (byte-identical source)
data/ingredients/mapped/Lincomycin_Hydrochloride.yaml	68b660d221a7155db1ca49bd887f33d753f20e4b8d6736ab66d56d0ea08d2ca9	CHEBI:182465	Lincomycin hydrochloride	MAPPED	needs_curation	../records.tsv (byte-identical source)
data/ingredients/mapped/Linezolid.yaml	0990f379168e3a24d50a3e950038c2a676874be9486cc43942586598e44d428a	CHEBI:63607	Linezolid	MAPPED	needs_curation	../records.tsv (byte-identical source)
data/ingredients/mapped/Lipopolysaccharide.yaml	9b8fcf957e38d5f5045f4699e4af8b735593a512d0b8936f1828ee26ae892fc3	CHEBI:16412	Lipopolysaccharide	MAPPED	pass	../records.tsv (byte-identical source)
data/ingredients/mapped/Lithium_Chloride_Hydrate.yaml	a1d6287d6dd0de9ac92aba2af65b60d3e72f139ef46becb2ef06c6a28d2147b9	cas:85144-11-2	Lithium chloride hydrate	MAPPED	needs_curation	../records.tsv (byte-identical source)
data/ingredients/mapped/Lithocholic_Acid.yaml	ba2c2f990be8c59549f721b580dedc5cfbd74891e818264f4fe17667a33dece3	CHEBI:16325	Lithocholic acid	MAPPED	needs_curation	../records.tsv (byte-identical source)
data/ingredients/mapped/Liver_Digest.yaml	1bc5fa7ff48d85da3d138e5ecf6fa3496dc3beefbe43d581f634a16967568565	MICRO:0001668	Liver digest	MAPPED	needs_curation	../records.tsv (byte-identical source)
data/ingredients/mapped/Liver_Extract.yaml	55ee994c1efbbf9ab375e9d673b4f46119d3ed7d8392d48519723de35b903e19	MICRO:0001363	Liver extract	MAPPED	needs_curation	../records.tsv (byte-identical source)
data/ingredients/mapped/Liver_Extract_Concentrate.yaml	e0caf606f7a4a437843e740b0c982af74d654c21ae0a635a5d9da1d021987597	MICRO:0001363	Liver extract concentrate	MAPPED	needs_curation	../records.tsv (byte-identical source)
data/ingredients/mapped/Liver_Extract_Infusion.yaml	b9282556e77cf35f541d0da1d2099a62ee35cbaf115bddec21a1e2c7d7ddefac	MICRO:0001363	Liver extract infusion	MAPPED	needs_curation	../records.tsv (byte-identical source)
data/ingredients/mapped/Liver_powder.yaml	ab3a66b9f7637fc4922bc385e0fbd232d45549d68be89372715a30e6923204e0	FOODON:03000441	liver powder	MAPPED	pass	../records.tsv (byte-identical source)
data/ingredients/mapped/Locust_Bean_Gum.yaml	f2a0a6b6de77bf5012b7d53c6809b4e44ac89b0e1e5b43202f5ab65673ceeca0	cas:9000-40-2	Locust bean gum	MAPPED	pass	../records.tsv (byte-identical source)
data/ingredients/mapped/Lomefloxacin.yaml	a6e2fc0a169c2f90f803920470557550a7b5ee82f125b63197f658c578d74a67	CHEBI:116278	Lomefloxacin	MAPPED	pass	../records.tsv (byte-identical source)
data/ingredients/mapped/Lomefloxacin_Hydrochloride.yaml	51c5de4f86137b8d87562e209b5d9005e2fb3cce298a88ce20b7edfd73366dc3	CHEBI:6518	Lomefloxacin hydrochloride	MAPPED	needs_curation	../records.tsv (byte-identical source)
data/ingredients/mapped/Lomofungin.yaml	b9f07a5cc5641c758cf455bc7485661c494b453ac3cff4988e848d34a4dd677a	CHEBI:224243	Lomofungin	MAPPED	pass	../records.tsv (byte-identical source)
data/ingredients/mapped/Loratadine.yaml	7e91c75d83975a57936a403ab478a30c265bce0abe62a1a1d1787056282c1355	CHEBI:6538	Loratadine	MAPPED	pass	../records.tsv (byte-identical source)
data/ingredients/mapped/Lovastatin.yaml	87e26b4b9f354decefbbe8387acc5977c0cb1956c8d00a3ebd1b70c155e822b2	CHEBI:40303	Lovastatin	MAPPED	pass	../records.tsv (byte-identical source)
data/ingredients/mapped/Lucimycin.yaml	c8689351d616f9ef93e196c10e101cf4ee73dd2de3cbf7e70bfaf2c132942ea7	CHEBI:135874	Lucimycin	MAPPED	pass	../records.tsv (byte-identical source)
data/ingredients/mapped/Lumazine.yaml	40b993ff8db2af698cb5a3b6dfa7b491d2350ce2cd9a1c4c19cbc7d412d3702a	CHEBI:16489	Lumazine	MAPPED	pass	../records.tsv (byte-identical source)
data/ingredients/mapped/Lumichrome.yaml	4209c588065f8f03ff0b04ffaac067d6c67a0457170f78f66abd16da3b358d56	CHEBI:17781	Lumichrome	MAPPED	pass	../records.tsv (byte-identical source)
data/ingredients/mapped/Lupeol.yaml	ebab9208a5c8da90bd1735a961ac27c14a8a9e18f89569afbeb9df8b51346262	CHEBI:6570	Lupeol	MAPPED	pass	../records.tsv (byte-identical source)
data/ingredients/mapped/Lydimycin.yaml	c832763a0a6edefe6d2ece38b33177bb7404761476b6506af5a85b463cec39d1	NCIT:C90684	Lydimycin	MAPPED	needs_curation	../records.tsv (byte-identical source)
data/ingredients/mapped/Lysine.yaml	178c3cef985b02665c1b38bef8b46a12d9af574cd80a82f85fac35f3610de129	CHEBI:25094	Lysine	MAPPED	pass	../records.tsv (byte-identical source)
data/ingredients/mapped/Lysocellin.yaml	dcd5399d37211b6407dbb8e5c3fdedc107bae2c25a451eb83b5c2d8a7762b3a7	CHEBI:212437	Lysocellin	MAPPED	pass	../records.tsv (byte-identical source)
data/ingredients/mapped/Lysostaphin.yaml	7cccf2e21e5b6575ac77790e1daef8382dc18438a27d7262bd0046e4aca4aefb	NCIT:C166895	Lysostaphin	MAPPED	pass	../records.tsv (byte-identical source)
data/ingredients/mapped/Lysozyme.yaml	fd645161cabecafb75b68f95ab1295471ffc5d3c18061f041d90eef7b2379680	cas:2650-88-3	Lysozyme	MAPPED	pass	../records.tsv (byte-identical source)
data/ingredients/mapped/M-inositol.yaml	fae6c26a9a9d83b825e0196ea53a91c17bcd235fefd9aa08a506b27876d98ae3	CHEBI:17268	m-Inositol	REJECTED	excluded_rejected	../records.tsv (byte-identical source)
data/ingredients/mapped/M-xylene.yaml	31f4e266d3794ee7494468b5e6801cf0d98126e9c51db8b89fc86be253a7027d	CHEBI:28488	m-Xylene	MAPPED	needs_curation	../records.tsv (byte-identical source)
data/ingredients/mapped/MES_Buffer.yaml	74ddfe25a63c479e3d2880b2117f91b9a876a980e9b3bb55a49484629d1ae370	kgmicrobe.ingredient:mes_buffer	MES buffer	MAPPED	pass	../records.tsv (byte-identical source)
data/ingredients/mapped/MES_Hydrat.yaml	24292497ec7bae482bb3611b8afb9cd1f795332d655be8900f4c59f8d929ebb6	cas:145224-94-8	MES Hydrat	MAPPED	needs_curation	../records.tsv (byte-identical source)
data/ingredients/mapped/MES_sodium_salt.yaml	1c6b3e64214f25b581dd82d883408e1074cb154a2ba57888c480318dc1557f5a	CHEBI:62955	MES sodium salt	MAPPED	needs_curation	../records.tsv (byte-identical source)
data/ingredients/mapped/MH_agar.yaml	22ec7ee7dd59eb6415840e811166736555fa5b1d85e3d988759c05b1e20c893f	MICRO:0001328	MH agar	MAPPED	pass	../records.tsv (byte-identical source)
data/ingredients/mapped/MME_Trace_Minerals.yaml	b8226fe2e4c0fb817ea7ab046b7dc8eb314c61213dbd4dd903fba8ef88bf4720	kgmicrobe.ingredient:mme_trace_minerals	MME Trace Minerals	MAPPED	pass	../records.tsv (byte-identical source)
data/ingredients/mapped/MOPS_2M_pH7.yaml	02f126ea8cc227721d0ba18c29e6797f1514e85600c3ad8ff9b03b7aef81b943	kgmicrobe.ingredient:mops_2m_ph7	MOPS_2M_pH7	MAPPED	pass	../records.tsv (byte-identical source)
data/ingredients/mapped/MRS_agar_Oxoid.yaml	d23cd0109c2ddbc648536614a8f06695deb8ba887039dafb2ca165331f1037e6	MICRO:0000554	MRS agar (Oxoid)	MAPPED	pass	../records.tsv (byte-identical source)
data/ingredients/mapped/Macro_Component_1_For_J_Medium.yaml	1768592bc9c0cdac4563e4756b2c1c109ef90aa3ffcbefa8e4f4d695a699437c	kgmicrobe.ingredient:macro_component_1_for_j_medium	Macro Component 1 for J Medium	MAPPED	needs_curation	../records.tsv (byte-identical source)
data/ingredients/mapped/Macro_Component_2_For_J_Medium.yaml	9a7994e05e882f384bd88dfeadfd6ed3831e0138bbee535e5126cfca41a2f949	kgmicrobe.ingredient:macro_component_2_for_j_medium	Macro Component 2 for J medium	MAPPED	needs_curation	../records.tsv (byte-identical source)
data/ingredients/mapped/Macrolide_Antibiotic.yaml	26f862683ad8df9e52f70a627900c76d943bd9cb87c547c0cd58c0890410cb9e	CHEBI:25105	Macrolide Antibiotic	MAPPED	pass	../records.tsv (byte-identical source)
data/ingredients/mapped/Magainin_I.yaml	58757de387c3bfa4ebfb6fa5f5e68dd760905ac13824f02eab814f52425f0898	CHEBI:201898	Magainin I	MAPPED	pass	../records.tsv (byte-identical source)
data/ingredients/mapped/Magnesium(2).yaml	0be22e0d87e710baccab1ef2a7a6c148357deb105389c2a894dd2e1e0b643db7	CHEBI:18420	Magnesium(2+)	MAPPED	pass	../records.tsv (byte-identical source)
data/ingredients/mapped/Magnesium.yaml	3c83c7a749155b2ce4c846a0485b0f0b7372933ba64fae61ba5f6f0e88bec32e	CHEBI:18420	Magnesium	REJECTED	excluded_rejected	../records.tsv (byte-identical source)
data/ingredients/mapped/Magnesium_Acetate.yaml	ee15c3721e429689af107cec1aa7caa68be048464a0c129701530e9f99e94c5a	CHEBI:62964	Magnesium acetate	MAPPED	needs_curation	../records.tsv (byte-identical source)
data/ingredients/mapped/Magnesium_Chloride.yaml	f078c02120e5b3865c2799fdb2c67c450c5ca28249f29b9080ffcce1e9e548e6	CHEBI:86345	Magnesium chloride	MAPPED	needs_curation	../records.tsv (byte-identical source)
data/ingredients/mapped/Magnesium_Nitrate_Hexahydrate.yaml	4bec1ab2fccddb7e5e14ba1308b4310cb0ed1e542e5e173b6849eecf04d318ea	cas:13446-18-9	magnesium nitrate hexahydrate	MAPPED	needs_curation	../records.tsv (byte-identical source)
data/ingredients/mapped/Magnesium_Sulfate.yaml	f6bcc2e50cfd37107da60e61659ec24e3f323164e569e8a91e283b6acac96f4a	CHEBI:32599	Magnesium sulfate	MAPPED	needs_curation	../records.tsv (byte-identical source)
data/ingredients/mapped/Malachite_Green.yaml	b1c7c555e605ed1f893cb9ddcdf82f37f309f04726c069e2ef332adc3c9d6957	CHEBI:72449	Malachite green	MAPPED	pass	../records.tsv (byte-identical source)
data/ingredients/mapped/Malate.yaml	62a8259a7530c278262cde1b866c602f96c494a805488eb0e5d27ba49c6f5719	CHEBI:25115	Malate	MAPPED	needs_curation	../records.tsv (byte-identical source)
data/ingredients/mapped/Maleic_Acid.yaml	62737f868696c19c55ed9a5310d826d2ab1b2a14404dbbf774ede8ab7affb9ad	CHEBI:18300	Maleic acid	MAPPED	needs_curation	../records.tsv (byte-identical source)
data/ingredients/mapped/Malonamide.yaml	4b0c8e4d5f30edd8ffc2a0a08ce43994db92dec393fc410aec4ca0d4f82b2e9c	CHEBI:48537	Malonamide	MAPPED	pass	../records.tsv (byte-identical source)
data/ingredients/mapped/Malonate.yaml	28c59a1c73724ed8e76d926a760fbee8d6eec32e67363eaccbc3ad9fc787891d	CHEBI:15792	Malonate	MAPPED	pass	../records.tsv (byte-identical source)
data/ingredients/mapped/Malondialdehyde_Tetrabutylammonium_Salt.yaml	8eece4831ba64a177f644ee699f67d1b0cb114234d4a68de2be8fc12f17be184	cas:100683-54-3	Malondialdehyde tetrabutylammonium salt	MAPPED	pass	../records.tsv (byte-identical source)
data/ingredients/mapped/Malonic_Acid.yaml	a08309fd1948fe27753d96d59f93b2ea1a8c0989617af864444715b0c2f95c14	CHEBI:30794	Malonic acid	MAPPED	needs_curation	../records.tsv (byte-identical source)
data/ingredients/mapped/Malt_Extract.yaml	2cbfd104c89c82941634891cabea989fcd2657f66e9277dce9b069ece0743d24	FOODON:03301056	Malt extract	MAPPED	needs_curation	../records.tsv (byte-identical source)
data/ingredients/mapped/Malt_Extract_Agar.yaml	b28e4285652166b3b3425ba554b4370338e7c27b084dfa17675d2802aea4d6c2	kgmicrobe.ingredient:malt_extract_agar	Malt extract agar	MAPPED	needs_curation	../records.tsv (byte-identical source)
data/ingredients/mapped/Malt_Extract_Agar_Nissui.yaml	6c5c9228c0da149a50be5f362d07519b14be6e65f91742b1475f68d2273d31c2	kgmicrobe.ingredient:malt_extract_agar_~28nissui~29	Malt Extract Agar (Nissui)	MAPPED	needs_curation	../records.tsv (byte-identical source)
data/ingredients/mapped/Malt_Extract_Agar_Oxoid.yaml	7f82fb491249f3a8a5460218d7a55b50e88519b511cf402b43f2cb6e2cd3e3f5	kgmicrobe.ingredient:malt_extract_agar_~28oxoid~29	Malt extract agar (Oxoid)	MAPPED	needs_curation	../records.tsv (byte-identical source)
data/ingredients/mapped/Malt_Extract_Broth.yaml	74e309a78e06e989234fb08bb61de8c5c152b62d377b00bff20a5a27d49ef910	kgmicrobe.ingredient:malt_extract_broth	Malt extract broth	MAPPED	needs_curation	../records.tsv (byte-identical source)
data/ingredients/mapped/Maltitol.yaml	b3ba89ed9afde915ca285d451fa5200a91371052134d6f75791184d7293a5163	CHEBI:68428	Maltitol	MAPPED	needs_curation	../records.tsv (byte-identical source)
data/ingredients/mapped/Maltodextrin.yaml	0dd1be3b08fab491189a693781600195c8854e04b8b090eed69df17072c0ab5f	CHEBI:25140	Maltodextrin	MAPPED	needs_curation	../records.tsv (byte-identical source)
data/ingredients/mapped/Maltohexaose.yaml	48c3e3879cf58700589fcc96f8430388714905cb3280db1450585db29868bc4d	CHEBI:27445	Maltohexaose	MAPPED	needs_curation	../records.tsv (byte-identical source)
data/ingredients/mapped/Maltose.yaml	d57baa8b44a5e79c14f2f31e9571a9d51fda170e95dce58ab46d1e0114b783d1	CHEBI:17306	Maltose	MAPPED	needs_curation	../records.tsv (byte-identical source)
data/ingredients/mapped/Maltose_2.yaml	7468b0da0c187899aeac524097e0f79ff0e9669d2b7b74004ba7b3809d19e352	CHEBI:17306	maltose	REJECTED	excluded_rejected	../records.tsv (byte-identical source)
data/ingredients/mapped/Maltose_Hydrate.yaml	84c99c2429dea060e731ef5f5bbbf066574a4025f832ff97f006599b6a152cbc	kgmicrobe.compound:maltose_hydrate	Maltose Hydrate	MAPPED	pass	../records.tsv (byte-identical source)
data/ingredients/mapped/Maltotetraose.yaml	12efc29a4e7f4c8c71b097142f46ee3a26cf206abbd386d102f1865d6a8964b6	CHEBI:28460	Maltotetraose	MAPPED	needs_curation	../records.tsv (byte-identical source)
data/ingredients/mapped/Maltotriose.yaml	cfb03cea28df42ee44d4116d04a5aeb7d50f06b8b4d02f434a8ac0aeda833671	CHEBI:61993	Maltotriose	MAPPED	needs_curation	../records.tsv (byte-identical source)
data/ingredients/mapped/Maltotriose_Hydrate.yaml	797f7b0dc1115a79841809fa353ed0ef1a3ff8390560d0f28ca989fac20f76f2	cas:312693-63-3	Maltotriose hydrate	MAPPED	needs_curation	../records.tsv (byte-identical source)
data/ingredients/mapped/Mandelic_Acid.yaml	3a261f403083b8b6e9566e8ff13bafb0a6b83008918c5cdcba30f6b855ce3397	CHEBI:35825	Mandelic acid	MAPPED	pass	../records.tsv (byte-identical source)
data/ingredients/mapped/Manganese.yaml	67bc46c7bb6afa7f052981c48327b8a04b7ce5806f317923be9b7028268870ed	NCIT:C624	Manganese	MAPPED	pass	../records.tsv (byte-identical source)
data/ingredients/mapped/Mangiferin.yaml	5309d60e60f23703dfd1e501a3bf4f51cf22ac03a02229ee2e9b03a328aa62c7	CHEBI:6682	Mangiferin	MAPPED	pass	../records.tsv (byte-identical source)
data/ingredients/mapped/Mannan_From_Saccharomyces_Cerevisiae.yaml	d207aa565406598234d8b79a8de8e92643e65d029caf513a1f760d72f3b3ad7f	cas:9036-88-8	Mannan from Saccharomyces cerevisiae	MAPPED	needs_curation	../records.tsv (byte-identical source)
data/ingredients/mapped/Mannitol.yaml	ecc07b7b800770b32335c03b1d6aea5031adda31c592b9f4d4046bbca07277f5	CHEBI:29864	Mannitol	MAPPED	needs_curation	../records.tsv (byte-identical source)
data/ingredients/mapped/Mannobiose.yaml	2d7fd25504bca0332ad4af70c790733b1158548f7896dba37892f98d05a9ab6f	CHEBI:25164	Mannobiose	MAPPED	needs_curation	../records.tsv (byte-identical source)
data/ingredients/mapped/Mannose-6-Phosphate.yaml	ba93ffc65cac2dcd83d8852d4d805c249f5c4be37beb789599fd93ba76dc9415	CHEBI:17369	Mannose-6-Phosphate	MAPPED	needs_curation	../records.tsv (byte-identical source)
data/ingredients/mapped/Mannose.yaml	6bbdb2102616967b8ef7075fc6e673bab2ebb02c99047e4ade9d25450c61a693	CHEBI:37684	Mannose	MAPPED	pass	../records.tsv (byte-identical source)
data/ingredients/mapped/Mannotriose.yaml	3eb38ff81685f39d98c1454c69438389ca5fbefb3843e1811b6f4633f2b92b66	CHEBI:146181	Mannotriose	MAPPED	needs_curation	../records.tsv (byte-identical source)
data/ingredients/mapped/Marine_Broth_2216.yaml	adb50a0f63cdf490b5b46491e69240cc5c4ef2841412fb556a98602a31454216	kgmicrobe.ingredient:marine_broth_2216	Marine broth 2216	MAPPED	needs_curation	../records.tsv (byte-identical source)
data/ingredients/mapped/Marine_agar_2216.yaml	7b9ca92398062ef3901dc2aabcbd3f2bae57d64f60fd34ddd450d833be607baf	kgmicrobe.ingredient:marine_agar_2216	Marine agar 2216	MAPPED	needs_curation	../records.tsv (byte-identical source)
data/ingredients/mapped/Marinostatin.yaml	476bfac054441acf197487874221ff3e207a86ce285b2a24c2c1571e47c46c0d	CHEBI:221095	Marinostatin	MAPPED	pass	../records.tsv (byte-identical source)
data/ingredients/mapped/Marmite.yaml	7a6b8c9b97cf7e915adf1622fd0a13cd9b8e7e1cda2da13349ddb4221d79afd1	mesh:C008328	Marmite	MAPPED	pass_with_minor_issues	../records.tsv (byte-identical source)
data/ingredients/mapped/Matrine.yaml	0c7fc50173245984fd9ef9f7f3e1449a7eebd8d54189fd58a8e667dbc5982f3c	CHEBI:6700	Matrine	MAPPED	pass	../records.tsv (byte-identical source)
data/ingredients/mapped/Mc_general_salts.yaml	09a393bb17aa6adc9c8f560ed3c4976cb3fa8e3ad56d199aed4fdf864c456329	kgmicrobe.ingredient:mc_general_salts	Mc_general_salts	MAPPED	pass	../records.tsv (byte-identical source)
data/ingredients/mapped/Mc_general_salts_SO4free.yaml	b02ab89e88246253f9e179e3239ae733253ef74a79f56cd5c9692ada9aa20197	kgmicrobe.ingredient:mc_general_salts_so4free	Mc_general_salts_SO4free	MAPPED	pass	../records.tsv (byte-identical source)
data/ingredients/mapped/Mc_trace_minerals.yaml	311da7a87975b99572f45f44d76173006762500cb524aadc7356c13da78047b2	kgmicrobe.ingredient:mc_trace_minerals	Mc_trace_minerals	MAPPED	needs_curation	../records.tsv (byte-identical source)
data/ingredients/mapped/Mc_trace_minerals_SO4free.yaml	016ab562c78ea825fe2feb264077503e8969f85267700a5f0f0129e9be54e416	kgmicrobe.ingredient:mc_trace_minerals_so4free	Mc_trace_minerals_SO4free	MAPPED	pass	../records.tsv (byte-identical source)
data/ingredients/mapped/Mc_vitamins.yaml	59c53dfe4e273ebfc7c3fe86fd4244978868ff1879dcde97af64bbeb61c07123	kgmicrobe.ingredient:mc_vitamins	Mc_vitamins	MAPPED	pass	../records.tsv (byte-identical source)
data/ingredients/mapped/Meat_Extract.yaml	d5865b8096c2ef24bf18ed5f79f61982f25853d18195f5e141dc9d29bd930537	FOODON:03315424	Meat Extract	MAPPED	needs_curation	../records.tsv (byte-identical source)
data/ingredients/mapped/Meat_peptone.yaml	7156098dfa9cfb64185d3d9d27d8e3e150ba1440fee24438ac6192726438c966	MICRO:0000176	Meat peptone	MAPPED	needs_curation	../records.tsv (byte-identical source)
data/ingredients/mapped/Mecillinam.yaml	74a0fa93e7ba4ffb1cf6084bef627a6209eacac552c9ca425d8d69ac0871bd0e	CHEBI:51208	Mecillinam	MAPPED	pass	../records.tsv (byte-identical source)
data/ingredients/mapped/Medicamycin.yaml	ba5a5be719b31993095ae1b42eb8d32f40c2359e1dcdb178b4e9338967662061	kgmicrobe.compound:medicamycin	Medicamycin	MAPPED	pass	../records.tsv (byte-identical source)
data/ingredients/mapped/Melanin.yaml	b6b6f7bc2fafce953811deca564e117434fb0661b6b327ecf54d6a6fed11f095	CHEBI:89634	Melanin	MAPPED	pass	../records.tsv (byte-identical source)
data/ingredients/mapped/Melezitose.yaml	968fd84d7af1cc97c9a9cd43b4ae2ca5077cdfcbab35a1ccf66713a3b6a8be3f	CHEBI:6731	Melezitose	MAPPED	pass	../records.tsv (byte-identical source)
data/ingredients/mapped/Melibiose.yaml	7878795fdd99663cac6f7b6bcf8fb5c6f223ae5ca266c5f475303fcb7813eb70	CHEBI:28053	Melibiose	MAPPED	pass	../records.tsv (byte-identical source)
data/ingredients/mapped/Menadione.yaml	2ffe65c6d3f0029bc03ae633447b714b8d2421652aa76c9404dbac6fb9df18d0	CHEBI:28869	Menadione	MAPPED	pass	../records.tsv (byte-identical source)
data/ingredients/mapped/Menadione_Sodium_Bisulfate.yaml	10c7e15f9ad2d13812ea88958cc3783e458858657d787174e18d20b8689f2310	CHEBI:63928	Menadione sodium bisulfate	MAPPED	needs_curation	../records.tsv (byte-identical source)
data/ingredients/mapped/Menadione_Solution.yaml	bbeaf74217cf7292062604f493b3c4c9faa397713fb50c10a4e6f92239b6dcb1	kgmicrobe.ingredient:menadione_solution	Menadione solution	MAPPED	pass	../records.tsv (byte-identical source)
data/ingredients/mapped/Menaquinone.yaml	f23e5bfb4aac3043c6c6c6466cf6a70d6ee15a52cc55ec9fc5023f4751c9f02b	CHEBI:16374	Menaquinone	MAPPED	pass	../records.tsv (byte-identical source)
data/ingredients/mapped/Menthol.yaml	422de7e1253f27f2da6ae7e19b7a95ba2d1869b918b5f9affce069f4fab08964	cas:1490-04-6	Menthol	MAPPED	pass	../records.tsv (byte-identical source)
data/ingredients/mapped/Mercury_Ii_Chloride.yaml	213d71219ef7f3217819bf2202ec5ede14989c5c5478698d35cfbe3bf5d5f8cc	CHEBI:31823	mercury (II) chloride	MAPPED	pass	../records.tsv (byte-identical source)
data/ingredients/mapped/Meropenem.yaml	0671ff83f0965ce8731e1e98dd382c5c19cb6d4f43f12aac9d0dd9ed421c0b6b	CHEBI:6770	Meropenem	MAPPED	needs_curation	../records.tsv (byte-identical source)
data/ingredients/mapped/Mes.yaml	3499760713ebeb33ff664a6f3748409daa64a0ffe7c7ba2fccb86f25a397398a	CHEBI:39010	MES	MAPPED	needs_curation	../records.tsv (byte-identical source)
data/ingredients/mapped/Mes_2-_N-morpholino_Ethane_Sulfonic_Acid.yaml	74b9b9ad58114bc8b6b1cb6248f12b9857093f0339635bb3c1c4d8e6e3a02f46	CHEBI:39005	MES [2-(N-morpholino) ethane sulfonic acid]	MAPPED	pass	../records.tsv (byte-identical source)
data/ingredients/mapped/Meso-Erythritol.yaml	cc8547976e178be1b3538d6154b867a287e1f6c7e30bcdca91f5f83f2cbfb612	CHEBI:17113	meso-Erythritol	MAPPED	needs_curation	../records.tsv (byte-identical source)
data/ingredients/mapped/Metall_Salt_Sol_44.yaml	f407b239b589ad35764c99509dd8c289f7691a26adc87cebd26a6201488ef3cf	kgmicrobe.ingredient:metall_salt_sol_44	Metall salt sol. 44	MAPPED	needs_curation	../records.tsv (byte-identical source)
data/ingredients/mapped/Metals_44_see_below.yaml	ee92a39088715243e53ac6affea258f3b88f19dab8eda2489dac99d4b2372ce7	MICRO:0000456	Metals ''44'' (see below)	MAPPED	needs_curation	../records.tsv (byte-identical source)
data/ingredients/mapped/Methacycline.yaml	ba0d7b021e0780950d550d5900f892e6fda90cb03706a9078144ae065abc5d05	CHEBI:6805	Methacycline	MAPPED	pass	../records.tsv (byte-identical source)
data/ingredients/mapped/Methane.yaml	1a58fe2a7cb8ceae62cb651d60e639684dff8d769a3b820545cb9e31bbffe5f0	CHEBI:16183	methane	MAPPED	needs_curation	../records.tsv (byte-identical source)
data/ingredients/mapped/Methanol.yaml	a8f09fa01565b9ba9a9caca7a5a78d2ea919bb6c54b26a170a64390caad46a7e	CHEBI:17790	Methanol	MAPPED	needs_curation	../records.tsv (byte-identical source)
data/ingredients/mapped/Methicillin.yaml	a80185f07ce61356b5dbb85d5259216352c6c0fc1e7a17ffa371ba2ee00d7431	CHEBI:6827	Methicillin	MAPPED	pass	../records.tsv (byte-identical source)
data/ingredients/mapped/Methotrexate.yaml	5b6aa209cbc5f01f80357d84c7fae2dbeb90d544c0e3fc58f62f12beecfef6df	CHEBI:44185	Methotrexate	MAPPED	needs_curation	../records.tsv (byte-identical source)
data/ingredients/mapped/Methyl-2-Hydroxy-Phenylproprionate.yaml	1b76547623a77d4ad8f527403ce65c3b8bb4cab61910baa6b1ed292dab97a5c7	cas:89471-28-0	Methyl-2-Hydroxy-Phenylproprionate	MAPPED	pass	../records.tsv (byte-identical source)
data/ingredients/mapped/Methyl-B-D-galactopyranoside.yaml	0058459bad766ae79ed645eb73715ffbf9fd36390fbcb621bdc3df3e1dbb855d	CHEBI:17540	Methyl-B-D-galactopyranoside	MAPPED	pass	../records.tsv (byte-identical source)
data/ingredients/mapped/Methyl-alpha-D-xylopyranoside.yaml	8d065e17b9081c2aa15908dd856030cb04d666d6ae738aece0ac0b0c19458e94	cas:91-09-8	methyl-alpha-D-xylopyranoside	MAPPED	pass	../records.tsv (byte-identical source)
data/ingredients/mapped/Methyl-beta-D-xylopyranoside.yaml	fb8aa26966f7eba544218c385ca8ae12d1cce2af35cfb498b2abf947b5d33088	cas:612-05-5	methyl-beta-D-xylopyranoside	MAPPED	needs_curation	../records.tsv (byte-identical source)
data/ingredients/mapped/Methyl-beta-L-arabinopyranoside.yaml	e2ea24be2969e87e3f8b4011648692302bfca2b9dad8dad786f6de4b0e55614b	cas:1825-00-9	methyl-beta-L-arabinopyranoside	MAPPED	pass	../records.tsv (byte-identical source)
data/ingredients/mapped/Methyl-cis-p-coumarate.yaml	2ff1af37a7da08f8678dc3edea1757604e5d77a356878f828eabb8ca9de1eac6	kgmicrobe.compound:methyl-cis-p-coumarate	methyl-cis-p-coumarate	MAPPED	pass	../records.tsv (byte-identical source)
data/ingredients/mapped/Methyl-trans-p-coumarate.yaml	94b4bbd5838c12182c69521b327d2424a792b46ed58c963364a53c553a785e4f	cas:19367-38-5	methyl-trans-p-coumarate	MAPPED	pass	../records.tsv (byte-identical source)
data/ingredients/mapped/Methyl_(R)-lactate.yaml	ae3c53413f2a5406a5ca1309895514c55c46c2721ab5e3def86a249753ea003c	CHEBI:74611	Methyl (R)-lactate	MAPPED	pass	../records.tsv (byte-identical source)
data/ingredients/mapped/Methyl_3-_4-hydroxyphenylpropionate.yaml	da435027a44257fba9054b17522f07e08e920ef85047371b738c6217944db5d1	CHEBI:176565	Methyl 3-(4-hydroxyphenyl)propionate	MAPPED	pass	../records.tsv (byte-identical source)
data/ingredients/mapped/Methyl_6-Hydroxyangolensate.yaml	3e2c6791ec43a128fdbe8b3be92b44681afce225d086288a0fc90f5904e3eccd	CHEBI:181871	Methyl 6-Hydroxyangolensate	MAPPED	pass	../records.tsv (byte-identical source)
data/ingredients/mapped/Methyl_Alpha-D-glucopyranoside.yaml	20faf96279697311026b3f5344f5c699b59fb4306bf5c7a3ecf4f08691f2b0fa	CHEBI:320061	Methyl alpha-D-glucopyranoside	MAPPED	pass	../records.tsv (byte-identical source)
data/ingredients/mapped/Methyl_Alpha-D-mannoside.yaml	69ba4c18b6eb476634b561c519c0b168b95b04023915f50115df99b95622b650	CHEBI:43943	Methyl Alpha-D-mannoside	MAPPED	pass	../records.tsv (byte-identical source)
data/ingredients/mapped/Methyl_Beta-D-glucopyranoside.yaml	73f9447ec9c6e26863dd4f9935b640299f8785d80e454bd9454b15781dc93636	CHEBI:320055	Methyl beta-D-glucopyranoside	MAPPED	pass	../records.tsv (byte-identical source)
data/ingredients/mapped/Methyl_Beta-D-xylopyranoside.yaml	7bb2aca716f2221155098f7ab3a8a3f8ea7aae6476da6deee46c2411fd7277a1	CHEBI:74863	Methyl Beta-D-xylopyranoside	MAPPED	pass	../records.tsv (byte-identical source)
data/ingredients/mapped/Methyl_D-glucoside.yaml	3e6fd3fe3e6d188a1e46f17459281ba8e69364091bc4d45e7633e0197824d6a2	CHEBI:37657	Methyl D-glucoside	MAPPED	pass	../records.tsv (byte-identical source)
data/ingredients/mapped/Methyl_Ferulate.yaml	62801291eac1b658017671233eeb8a826844e380e199dfb99632b9e06112745a	cas:22329-76-6	methyl ferulate	MAPPED	pass_with_minor_issues	../records.tsv (byte-identical source)
data/ingredients/mapped/Methyl_Jasmonate.yaml	3fbeaf37659794bbedddd4c9e87b48b62f7a743773e7d2055df3c271863311fa	CHEBI:15929	methyl jasmonate	MAPPED	pass	../records.tsv (byte-identical source)
data/ingredients/mapped/Methyl_Methanesulfonate.yaml	c80670f065ff228a1e4db4732afeddd83f89e91741f5cac96a9cb0a88fcec0fb	CHEBI:25255	Methyl methanesulfonate	MAPPED	pass	../records.tsv (byte-identical source)
data/ingredients/mapped/Methyl_Pyruvate.yaml	1ea100961fad62006e83648e217bdaa4f2f40acf7cb4d753b9d3b428194cf91e	CHEBI:51850	Methyl Pyruvate	MAPPED	pass	../records.tsv (byte-identical source)
data/ingredients/mapped/Methylamine.yaml	dbf1601c0b34e6ccf403363a469207e8a2602a33406d0515913368fcf4d249e8	CHEBI:16830	Methylamine	MAPPED	pass	../records.tsv (byte-identical source)
data/ingredients/mapped/Methylamine_Hydrochloride.yaml	eea8d95ba72de00a64f4fcb41aca44a98f020b8da5f15927c0d86311ecef5d1c	CHEBI:59337	Methylamine hydrochloride	MAPPED	pass	../records.tsv (byte-identical source)
data/ingredients/mapped/Methylcobalamin.yaml	09943cb44125aceee38d7445f6be07568085ebbdafafe95475231dcce73611ad	CHEBI:28115	methylcobalamin	MAPPED	pass_with_minor_issues	../records.tsv (byte-identical source)
data/ingredients/mapped/Methylene_Blue.yaml	183a12717e7501d1dfeec554635d73ab1bdd1084724763c92b74fc9fc4faee67	CHEBI:6872	Methylene blue	MAPPED	needs_curation	../records.tsv (byte-identical source)
data/ingredients/mapped/Methylene_Chloride.yaml	745b94eec9bcc690f2f81f12e747d1e0b38cfa4c87c143e2832171aa061653c6	CHEBI:15767	methylene chloride	MAPPED	pass	../records.tsv (byte-identical source)
data/ingredients/mapped/Methylglyoxal.yaml	1b0d81a16e70c2b40221aa4f2e131ab081f492a8756b275a1da1975bf8ca85ec	CHEBI:17158	methylglyoxal	MAPPED	needs_curation	../records.tsv (byte-identical source)
data/ingredients/mapped/Methylphosphonic_acid.yaml	938ed35092920e5b09c04bb71069ce0dc071b3efd6d3503f56df3a9ee3e1f989	CHEBI:45129	Methylphosphonic acid	MAPPED	pass_with_minor_issues	../records.tsv (byte-identical source)
data/ingredients/mapped/Methylxanthoxylin.yaml	9ef837c5a02a4f9289bc1ec2fd52ec4068abe9e7800975cb901b7dd3699ad21d	cas:23121-32-6	Methylxanthoxylin	MAPPED	pass_with_minor_issues	../records.tsv (byte-identical source)
data/ingredients/mapped/Metronidazole.yaml	1dd96509e80394fc2441f870484b77248896037f9cecedfa2c78eed54bc8c47f	CHEBI:6909	Metronidazole	MAPPED	needs_curation	../records.tsv (byte-identical source)
data/ingredients/mapped/Mexicanolide.yaml	e53b77028a15b0abef07105872f484a7141fbc578492f63179209461c4a4e8c9	cas:1915-67-9	Mexicanolide	MAPPED	pass	../records.tsv (byte-identical source)
data/ingredients/mapped/Mezlocillin.yaml	bb1acbac45397691579372ee7f0e5acf789f06c7f2c3f46e1027429f19d0528a	CHEBI:6919	Mezlocillin	MAPPED	pass	../records.tsv (byte-identical source)
data/ingredients/mapped/Mg-citrate.yaml	6601f382062758877609574deeb7a2d72d9f0c6d693139b55ac031cfc6e2fb1f	CHEBI:131391	Mg-citrate	MAPPED	needs_curation	../records.tsv (byte-identical source)
data/ingredients/mapped/MgO.yaml	9f0fe5b5d43690dbfbe0d506920905e1a1a79a6bd8ff28648bb430a0f75f8bda	CHEBI:31794	MgO	MAPPED	pass_with_minor_issues	../records.tsv (byte-identical source)
data/ingredients/mapped/Mgcl2.yaml	789573c4a0219505ff93aa1c57d26e96acf029ac664bb5baab6c6f5f37dc2642	CHEBI:6636	MgCl2	MAPPED	pass	../records.tsv (byte-identical source)
data/ingredients/mapped/Mgcl2_X_2_H2o.yaml	2d0d4172d38d9ed333d812ef78b4c5846a0faeaa480494b183b09162d9434f73	CHEBI:131394	MgCl2 x 2 H2O	MAPPED	needs_curation	../records.tsv (byte-identical source)
data/ingredients/mapped/Mgcl2_X_6_H2o.yaml	1f930a1a54e43a43f00f7b47b0526f517b6d3a5675a4ef6a8fe23b79212a06b9	CHEBI:86345	MgCl2 x 6 H2O	MAPPED	needs_curation	../records.tsv (byte-identical source)
data/ingredients/mapped/Mgcl2_X_7_H2o.yaml	b7be6c96f9c0db49038f31d4186149cff28469ccdc95c4ddd85dcc38279689cf	kgmicrobe.compound:mgcl2_x_7_h2o	MgCl2 x 7 H2O	MAPPED	needs_curation	../records.tsv (byte-identical source)
data/ingredients/mapped/Mgcl2_X_H2o.yaml	ce838f81f3ddd12c34d785682ba224c470f2b38be4d6e7a3695eb1cd686381bd	CHEBI:86355	MgCl2 x H2O	MAPPED	needs_curation	../records.tsv (byte-identical source)
data/ingredients/mapped/Mgcl2x_6_H2o.yaml	1cfd0980ef7407838006026877ebfde5a3e6aed59b5d4a019a26ca93d60b30b4	CHEBI:86345	MgCl2x 6 H2O	REJECTED	excluded_rejected	../records.tsv (byte-identical source)
data/ingredients/mapped/Mgco3.yaml	44601d14e1269c754e1982ca1fc19cd90e65cb7c069590c70ba6ba0b6a1e85ea	CHEBI:31793	MgCO3	MAPPED	needs_curation	../records.tsv (byte-identical source)
data/ingredients/mapped/Mgso47h2o.yaml	f3759ab0ca6a57aa9fbb87baf099e294440db2114a99dc3c03185308036a72cb	CHEBI:31795	MgSO4·7H2O	REJECTED	excluded_rejected	../records.tsv (byte-identical source)
data/ingredients/mapped/Mgso47h2o_2.yaml	3ceb07d8b026e4dac564e50e35f4ddf7f6ceaf833374772c1db811c1815f5e11	CHEBI:31795	MgSO47H2O	REJECTED	excluded_rejected	../records.tsv (byte-identical source)
data/ingredients/mapped/Mgso4_X_6_H2o.yaml	347eb18793402da271f86c5698703d613d343a34f43b23d443f0d0c3b5224134	kgmicrobe.compound:mgso4_x_6_h2o	MgSO4 x 6 H2O	MAPPED	needs_curation	../records.tsv (byte-identical source)
data/ingredients/mapped/Mgso4_X_7_H2o.yaml	46c1e03a01433eac55c7a4198265a42675f84d7530b3a21f5e6d631de371a33e	CHEBI:31795	MgSO4 x 7 H2O	MAPPED	needs_curation	../records.tsv (byte-identical source)
data/ingredients/mapped/Mgso4h2o.yaml	7c5c152a51c5769d7acbeacf97f2f3ac23bf9217dd12787b658039ea38207585	CHEBI:31795	MgSO4·H2O	MAPPED	needs_curation	../records.tsv (byte-identical source)
data/ingredients/mapped/Micronutrient_Solution.yaml	8925b359f64cede282ba7df039c5cab707e67755c2a3d54a07f0e8a0855c195d	kgmicrobe.ingredient:micronutrient_solution	micronutrient solution	MAPPED	pass	../records.tsv (byte-identical source)
data/ingredients/mapped/Micronutrients.yaml	e3c841535ad2a5f707d9c3895f5a11830518af19d6bba66a8ef0b00dca21c5c1	CHEBI:27027	Micronutrients	MAPPED	pass	../records.tsv (byte-identical source)
data/ingredients/mapped/Middlebrook_7H10_Agar.yaml	8d216d089026948aa2a1a6ee4439b8aab525b09f9c0fe8de53e7403dbc4540c0	NCIT:C85509	Middlebrook 7H10 agar	MAPPED	pass	../records.tsv (byte-identical source)
data/ingredients/mapped/Midecamycin.yaml	2268fa18a8f5758e5a87b60de6db663277de3d8faab28a29ca0fa8927199b1c7	CHEBI:31845	Midecamycin	MAPPED	pass	../records.tsv (byte-identical source)
data/ingredients/mapped/Miharamycin_A.yaml	9da28ac8f61118505804527e5adcdad722250bb8e6ea5b693bf5de6b9c3a5ce1	CHEBI:216282	miharamycin A	MAPPED	needs_curation	../records.tsv (byte-identical source)
data/ingredients/mapped/Milk.yaml	5f5a8a8ab966aac7458296ec386072d7bf856caa9d24c30b28193a5997ded3dd	UBERON:0001913	Milk	MAPPED	pass	../records.tsv (byte-identical source)
data/ingredients/mapped/Mineral_3B_Solution.yaml	eff04f2159aaf8dbba19fdb7028199270bdadfdb0e9ea6d2bcdbbc98c43155e9	kgmicrobe.ingredient:mineral_3b_solution	Mineral 3B solution	MAPPED	pass	../records.tsv (byte-identical source)
data/ingredients/mapped/Mineral_3B_Solution_Minus_Nitrogen.yaml	11c77b7a0e4ea279d0ff21a61804f52e6b589ab8fba5e2733ee1e52a35caaf18	kgmicrobe.ingredient:mineral_3b_solution_minus_nitrogen	Mineral 3B solution minus Nitrogen	MAPPED	pass	../records.tsv (byte-identical source)
data/ingredients/mapped/Mineral_3B_Solution_Minus_Phosphorus.yaml	767e330e327416e9605874c4ee75993c4c65312f285de89406424efa9d66d8e8	kgmicrobe.ingredient:mineral_3b_solution_minus_phosphorus	Mineral 3B solution minus phosphorus	MAPPED	pass	../records.tsv (byte-identical source)
data/ingredients/mapped/Mineral_Salts_Base.yaml	23f58dcca99544307bfb03fa64818e0ee8859f0cd958a5652f17ac20eac758f3	kgmicrobe.ingredient:mineral_salts_base	Mineral salts base	MAPPED	pass	../records.tsv (byte-identical source)
data/ingredients/mapped/Mineral_Solution_See_Medium_No_976.yaml	911de800edd62dc119f74d48432257ba1f22c2be95ebeb37f8e79385aecdd238	kgmicrobe.ingredient:mineral_solution_see_medium_no_976	Mineral solution see Medium No. 976	MAPPED	needs_curation	../records.tsv (byte-identical source)
data/ingredients/mapped/Mineral_Water.yaml	3a1a4c50db575ef13936ebe368090b375d171ca6b8319d2851971cb022dfb3b1	FOODON:03301328	Mineral water	MAPPED	pass	../records.tsv (byte-identical source)
data/ingredients/mapped/Minerals.yaml	59c492c529f0e80ba85fcdb9cb848a45a0d05b12300c288fb7966dcda830ba99	CHEBI:46662	Minerals	MAPPED	needs_curation	../records.tsv (byte-identical source)
data/ingredients/mapped/Minimycin.yaml	857ec90fed87899c378003c3165e9fedc423b7a4872d01c725a11510012b64db	mesh:C002363	Minimycin	MAPPED	needs_curation	../records.tsv (byte-identical source)
data/ingredients/mapped/Minocycline.yaml	92bfe38bd64a9a85e24531a91a8e3a1e220a5052d2a1eb61c4a636ee2aec72e9	CHEBI:50694	Minocycline	MAPPED	pass	../records.tsv (byte-identical source)
data/ingredients/mapped/Minocycline_Hydrochloride.yaml	4e87d039812a19492b53081c91fe382aed066801dd5c9292fc699b02ad809613	CHEBI:50697	Minocycline hydrochloride	MAPPED	needs_curation	../records.tsv (byte-identical source)
data/ingredients/mapped/Minor_Nutrients.yaml	9ae8f367bb13d4018a214ff645707f6e4da0d57bc40ac382bbb583e93c42fb7b	kgmicrobe.ingredient:minor_nutrients	Minor Nutrients	MAPPED	pass	../records.tsv (byte-identical source)
data/ingredients/mapped/Mitomycin_C.yaml	efd94ab947d64c154e64730cf49ccdc118aae4bd043af4d384423cfbc69ba361	CHEBI:27504	Mitomycin C	MAPPED	needs_curation	../records.tsv (byte-identical source)
data/ingredients/mapped/Mncl2.yaml	6efc4b6c0a60c00984eaa246754ca7174940c98a59e3f483cd42a2cabcd26a0e	CHEBI:63041	MnCl2	MAPPED	needs_curation	../records.tsv (byte-identical source)
data/ingredients/mapped/Mncl2_X_2_H2o.yaml	9e38605be2e4e3efd447015efb67703002c295e408467e81fa66e9f224e1ff7b	CHEBI:131395	MnCl2 x 2 H2O	MAPPED	needs_curation	../records.tsv (byte-identical source)
data/ingredients/mapped/Mncl2_X_4_H2o.yaml	ce248133b8c5721210c39858ac9b659912dd4ab067bd77d6fb95b5fcdf69cf0a	CHEBI:86368	MnCl2 x 4 H2O	MAPPED	needs_curation	../records.tsv (byte-identical source)
data/ingredients/mapped/Mno2.yaml	0bf9c8dde1d4f59d4ac4f87d8afa97cf2c574d5fd577576c62472bb031eb7536	CHEBI:136511	MnO2	MAPPED	pass	../records.tsv (byte-identical source)
data/ingredients/mapped/Mnso4.yaml	18004a608a6c1ffd4d3fd01f65fe8804b29d6b31b98d458d94e8bd222f4160cd	CHEBI:86360	MnSO4	MAPPED	pass	../records.tsv (byte-identical source)
data/ingredients/mapped/Mnso4_X_1_H2o.yaml	400557f12be1ca79e2857247c1f469e766cd48c9b22e4c89c6ee630518a0eb54	CHEBI:86364	MnSO4 x 1 H2O	REJECTED	excluded_rejected	../records.tsv (byte-identical source)
data/ingredients/mapped/Mnso4_X_2_H2o.yaml	d04fb330a92fadc0116466870120fa51aae3d80a5bee1d1499c1c594dbe0c10d	CHEBI:86356	MnSO4 x 2 H2O	MAPPED	needs_curation	../records.tsv (byte-identical source)
data/ingredients/mapped/Mnso4_X_4_H2o.yaml	40b92206d8497223f03cc179bb650f8234b65e7c52cd52ec44cae873821c9248	CHEBI:86358	MnSO4 x 4 H2O	MAPPED	pass	../records.tsv (byte-identical source)
data/ingredients/mapped/Mnso4_X_5_H2o.yaml	11848d08fa40ccc572e03e1c7104187334a3052253713dd059ea2535f2c9fec0	CHEBI:131524	MnSO4 x 5 H2O	MAPPED	pass	../records.tsv (byte-identical source)
data/ingredients/mapped/Mnso4_X_6_H2o.yaml	e00b6076b000228711864f2a5c8f2152a7a87434269b1d85b5adcbc855936c54	CHEBI:131523	MnSO4 x 6 H2O	MAPPED	needs_curation	../records.tsv (byte-identical source)
data/ingredients/mapped/Mnso4_X_7_H2o.yaml	16fbe26057f3eb769a2054daa6aa374c72af193ac29382246cf26a7eaaaba852	kgmicrobe.compound:mnso4_x_7_h2o	MnSO4 x 7 H2O	MAPPED	needs_curation	../records.tsv (byte-identical source)
data/ingredients/mapped/Mnso4_X_H2o.yaml	ef3f2be9b77f0b62db71ecc37aa161a45e3693208a6b3919d681b2fe6e23b57b	CHEBI:86364	MnSO4 x H2O	MAPPED	pass	../records.tsv (byte-identical source)
data/ingredients/mapped/Modified_Cooked_Meat_Medium.yaml	85ab9042f8e67c7ec43210a485b7a9f872d43fc769dc315887fd5d8c1cdacf97	kgmicrobe.ingredient:modified_cooked_meat_medium	Modified Cooked Meat Medium	MAPPED	needs_curation	../records.tsv (byte-identical source)
data/ingredients/mapped/Modified_P-iv_Chelated_Micronutrient_Solution.yaml	0e5e57919619b4b6555771d4ad321269e652ea089f00b7ce72aca4a90063768f	kgmicrobe.ingredient:modified_p-iv_chelated_micronutrient_solution	Modified P-IV chelated Micronutrient Solution	MAPPED	pass	../records.tsv (byte-identical source)
data/ingredients/mapped/Modified_Trace_Vitamins.yaml	4eedaddb0efbc29c6dead6ef2bd378ec59070ecea3146b66e77bcea55a204a2c	kgmicrobe.ingredient:modified_trace_vitamins	Modified trace vitamins	MAPPED	needs_curation	../records.tsv (byte-identical source)
data/ingredients/mapped/Modified_Wolfes_Minerals.yaml	9512ca1f07fc2ac7e0e23caef92bdf5d1933e5e25d3040b25b43a8e31f49b392	kgmicrobe.ingredient:modified_wolfes_minerals	Modified Wolfe's Minerals	MAPPED	pass	../records.tsv (byte-identical source)
data/ingredients/mapped/Molybdenum.yaml	bfc6d321dff3fc17630e4b980a633617fd583b12ba791b01b18929991cfd99de	kgmicrobe.compound:molybdenum	Molybdenum	MAPPED	pass	../records.tsv (byte-identical source)
data/ingredients/mapped/Monazomycin.yaml	0ae8edab02ba6f30355561fabbb70389ce65a2678cd46abba8b60c03f00a2054	CHEBI:201539	monazomycin	MAPPED	needs_curation	../records.tsv (byte-identical source)
data/ingredients/mapped/Monensin.yaml	c928b690837629e31fe6933d9e3711d9cef95e046d2f6c6bf16c297d7dd0bb7f	CHEBI:27617	Monensin	MAPPED	pass	../records.tsv (byte-identical source)
data/ingredients/mapped/Mono-_And_Disaccharides.yaml	4c64d86e2defacfa0f41b9857551adb8633dff11109bfbcdb20313ab2262023e	kgmicrobe.ingredient:mono_and_disaccharides	Mono- And Disaccharides	MAPPED	needs_curation	../records.tsv (byte-identical source)
data/ingredients/mapped/Monomethyl_Succinate.yaml	851c9aa5501d3eca55b9949e22bbc351be16423271f333ce1f248950941a31e3	CHEBI:75146	Monomethyl Succinate	MAPPED	pass	../records.tsv (byte-identical source)
data/ingredients/mapped/Moo3.yaml	18df757732b6e43da4327c5694ab142d11c926c913bbb4966bb75e16b7f5dd1f	CHEBI:30627	MoO3	MAPPED	pass	../records.tsv (byte-identical source)
data/ingredients/mapped/Mops.yaml	93d6c79343890f241afb358910d184946919810d02c7cb7688ce7253c1451e53	CHEBI:39074	MOPS	MAPPED	pass	../records.tsv (byte-identical source)
data/ingredients/mapped/Morin.yaml	257ad86da18ea98988d70d1caea8e401bff9a5245e43bbaa311f4e6d1426b387	CHEBI:75092	Morin	MAPPED	pass	../records.tsv (byte-identical source)
data/ingredients/mapped/Moxifloxacin.yaml	102b896759a66f9ce02ea5cb5ddb2a448411a2d15fd16852c279a56338adea6d	CHEBI:63611	Moxifloxacin	MAPPED	needs_curation	../records.tsv (byte-identical source)
data/ingredients/mapped/MreB_Perturbing_Compound_A22.yaml	259140a85b35393530d6a9c99eeee88cb44062ccd77cd19afefeadc1fad5ad76	cas:22816-60-0	MreB Perturbing Compound A22	MAPPED	pass	../records.tsv (byte-identical source)
data/ingredients/mapped/Mucic_Acid.yaml	5ed2249fa38a985f17cf46ca08f21e852f2e569e0450ff2db9da7b4996682ffc	CHEBI:30852	Mucic acid	MAPPED	needs_curation	../records.tsv (byte-identical source)
data/ingredients/mapped/Mucin.yaml	a2f08ce7a34d4fd59f8b6011338969b24b82e29a8e949055b024a86326a70c7f	NCIT:C16883	Mucin	MAPPED	pass	../records.tsv (byte-identical source)
data/ingredients/mapped/Mucin_Bovine_Submaxillary_Gland_Type_I-S.yaml	6a97e354f6810f24691e553732e756eb3d598e90e36c172e1c53c4cf8db51cc1	cas:84195-52-8	Mucin, Bovine Submaxillary Gland, type I-S	MAPPED	pass	../records.tsv (byte-identical source)
data/ingredients/mapped/Mucin_From_Porcine_StomachType_II.yaml	d01c4f76df78b002aaff627c126e0465cbf8ee036996ff4992a652deb4cb5ba1	cas:84082-64-4	Mucin from porcine stomach,Type II	MAPPED	needs_curation	../records.tsv (byte-identical source)
data/ingredients/mapped/Mucin_From_Porcine_Stomach_Type_III.yaml	858d6f80087acfd16f225cb2f20bb60c6573594a53f79691bb5fc3e4b319a440	cas:84082-64-4	Mucin from porcine stomach type III	MAPPED	needs_curation	../records.tsv (byte-identical source)
data/ingredients/mapped/Murashige-Skoog_Basal_Salts.yaml	22595babeb052ae39a63a7b8bca54dd078784941828c33ef7be642a246bcec75	kgmicrobe.ingredient:murashige-skoog_basal_salts	Murashige-Skoog basal salts	MAPPED	pass	../records.tsv (byte-identical source)
data/ingredients/mapped/Mwc_Metal_Solution.yaml	cfdfdac3f69d44226f8bcad1889f36a90acb634f9ae939d576ce16aeb02f6cb8	kgmicrobe.ingredient:mwc_metal_solution	MWC Metal Solution	MAPPED	pass	../records.tsv (byte-identical source)
data/ingredients/mapped/Mycobacidin.yaml	826c941d72a8cd1c5be91e7358a0c3c22448ac6ce6d5066eb047d4432c9b5b01	mesh:C010250	Mycobacidin	MAPPED	pass	../records.tsv (byte-identical source)
data/ingredients/mapped/Mycobactin_J.yaml	2a40e17ec2bb67494b83651df9965e9c0924e1f18daa98051b3c439a8ad18ee4	CHEBI:205364	Mycobactin J	MAPPED	pass	../records.tsv (byte-identical source)
data/ingredients/mapped/Myo-inositol.yaml	4a6051984c639318d27bcee942175994e2f3f40beff5483130a4c17a9f5e3d53	CHEBI:17268	myo-Inositol	MAPPED	needs_curation	../records.tsv (byte-identical source)
data/ingredients/mapped/Myricetin.yaml	cfa213f0da9da1b812efaff2572ae8897657fa233fc9ecbf8456cee89cd6fbe7	CHEBI:18152	Myricetin	MAPPED	pass	../records.tsv (byte-identical source)
data/ingredients/mapped/Myristic_Acid.yaml	e46e610b725acda7f857d49aac41b6582ceec03a48cc7ccb7b865edec19d7733	CHEBI:28875	Myristic acid	MAPPED	pass	../records.tsv (byte-identical source)
data/ingredients/mapped/N-Acetyl-D-galactosamine.yaml	661b5f499533559fc0425068511e9fbccb80d6356924c95e3f9a42a509cede14	CHEBI:28037	N-Acetyl-D-galactosamine	MAPPED	pass	../records.tsv (byte-identical source)
data/ingredients/mapped/N-Acetyl-D-glucosamine_6-phosphate_Sodium_Salt.yaml	c6b5c0caf2d657de25a6429d247619ec561366ea2a4c76b80c25f20cf0547f59	CHEBI:15784	N-Acetyl-D-glucosamine 6-phosphate sodium salt	MAPPED	needs_curation	../records.tsv (byte-identical source)
data/ingredients/mapped/N-Acetyl-L-Glutamic_Acid.yaml	069d35df19dc639cfe17037f23f16dd5bc1d7a63f7715f8921acf469548d876b	CHEBI:17533	N-Acetyl-L-Glutamic Acid	MAPPED	pass	../records.tsv (byte-identical source)
data/ingredients/mapped/N-Acetyl-L-aspartic_Acid.yaml	0944995bc2ba575492e27d0b0d5fb5d75427fbb3c7fa701514be0fee67d0e14d	CHEBI:21547	N-Acetyl-L-aspartic acid	MAPPED	pass	../records.tsv (byte-identical source)
data/ingredients/mapped/N-Acetyl-L-glutamine.yaml	acc857aed7a10fb77424306d30105d140da4f2b13da851971b01166b3121effc	CHEBI:21553	N-Acetyl-L-glutamine	MAPPED	pass	../records.tsv (byte-identical source)
data/ingredients/mapped/N-N_Dimethyl_Glycine.yaml	655c98f17fd6ca7a227d3cb46ae70f80b4b74d84e8bce470f9bb6533b034f5b1	CHEBI:17724	N-N Dimethyl glycine	MAPPED	needs_curation	../records.tsv (byte-identical source)
data/ingredients/mapped/N-_2-acetamido-2-aminoethanesulfonic_Acid.yaml	b3cc5464f6b134d56515742839e1680ad3adbbc9cc0d43e1821fd388a1a06d41	CHEBI:39060	N-(2-acetamido)-2-aminoethanesulfonic acid	MAPPED	needs_curation	../records.tsv (byte-identical source)
data/ingredients/mapped/N-_3-oxohexanoyl-dl-homoserine_Lactone.yaml	ec78760daf6a835b199410e81a29fee0f79d21045bcf4412b00eb551e4313108	cas:76924-95-3	N-(3-oxohexanoyl)-DL-homoserine lactone	MAPPED	pass	../records.tsv (byte-identical source)
data/ingredients/mapped/N-acetyl-beta-D-mannosamine.yaml	0d89396e5607a81379bc88e7d39d862eaa54e94481881ce67f080bbdbb8adc97	CHEBI:63154	N-acetyl-beta-D-mannosamine	MAPPED	pass	../records.tsv (byte-identical source)
data/ingredients/mapped/N-acetyl-d-glucosamine.yaml	2e327aaa86d1cb081b72e506dae1bd7f21b937573c60fb9a41dd5828a8bed7cb	CHEBI:506227	N-Acetyl-D-glucosamine	MAPPED	pass	../records.tsv (byte-identical source)
data/ingredients/mapped/N-acetyl-glutamic_Acid.yaml	2541ae6b2fd87a32a2dc4e4b0f00a0e68098e552e32af1eec8c1e1cb9af1eb7e	CHEBI:172431	N-Acetyl-glutamic acid	MAPPED	pass	../records.tsv (byte-identical source)
data/ingredients/mapped/N-acetyl-glutamine.yaml	8af880955cfd1e23b781aa009bb56345a3f3bba534e1bd84a365ed93d4ceaa3a	CHEBI:73685	n-Acetyl-glutamine	MAPPED	pass	../records.tsv (byte-identical source)
data/ingredients/mapped/N-acetyl-lysine.yaml	62fcb67522d6bc63cc779e558aa311d8808ee03e99c08a64cfad51051b9e103c	CHEBI:35704	n-Acetyl-lysine	MAPPED	pass	../records.tsv (byte-identical source)
data/ingredients/mapped/N-acetyl-muramic_Acid.yaml	b811a769cfd626a77805afc736bc8432009858e75c81c8636552dca3e9a2aca4	CHEBI:47965	n-Acetyl-muramic acid	REJECTED	excluded_rejected	../records.tsv (byte-identical source)
data/ingredients/mapped/N-acetylgalactosamine.yaml	b7966ab5505f226feb6a19f08ca2e0224ee61629ed9e5662f399666a0f9e79e8	CHEBI:28800	N-acetylgalactosamine	MAPPED	pass	../records.tsv (byte-identical source)
data/ingredients/mapped/N-acetylglucosamine.yaml	b816f473d2bbeba957d36c4674beb3dd4a81a148be60e25f5bcf1afb10bc88e3	CHEBI:59640	N-Acetylglucosamine	MAPPED	pass	../records.tsv (byte-identical source)
data/ingredients/mapped/N-acetylmuramic_Acid.yaml	c94c85b40f68e1f703a0221bd6ca9480abae2252af0769d5c6deeaf5c1bbefff	CHEBI:47965	N-acetylmuramic acid	MAPPED	pass	../records.tsv (byte-identical source)
data/ingredients/mapped/N-acetylneuraminate.yaml	20228fa52d5301f57928139a7512dcbc1e1921c6668759e83b3af9ac54d7b0ef	CHEBI:35418	N-acetylneuraminate	MAPPED	pass	../records.tsv (byte-identical source)
data/ingredients/mapped/N-acetylneuraminic_Acid.yaml	e66bd34b334ce064d2cb8951c8ca6ce1dc88d17bd813d82fb9c181d72973112b	CHEBI:17012	N-acetylneuraminic acid	MAPPED	pass	../records.tsv (byte-identical source)
data/ingredients/mapped/N-acetyltyramine.yaml	21e8ea0c7a498a818802da921661a145b70b8cfcf038f410fb448041cffcaedf	CHEBI:125610	N-acetyltyramine	MAPPED	pass	../records.tsv (byte-identical source)
data/ingredients/mapped/N-decane.yaml	3fe132fe96693072c582995c803ed01fdc41926db9dc7d4de37b7a3155682b37	CHEBI:41808	n-Decane	MAPPED	pass	../records.tsv (byte-identical source)
data/ingredients/mapped/N-decanoyl-DL-Homoserine_Lactone.yaml	03bc22ae2d9f02c69f73ec5ccf7f93a6e86ed83a85dd2bb9d535441759b198c1	CHEBI:181434	N-decanoyl-DL-Homoserine lactone	MAPPED	pass	../records.tsv (byte-identical source)
data/ingredients/mapped/N-lauroylsarcosine_Sodium_Salt.yaml	af7251bc33327efbe4280dd534205da6f5d002ffef35ac768612affd864503f3	cas:137-16-6	N-lauroylsarcosine sodium salt	MAPPED	pass	../records.tsv (byte-identical source)
data/ingredients/mapped/N-methylhydantoin.yaml	40855bc017b887422f9451e8a92df8cc850cd3d2daa09f030d048889e2889c46	CHEBI:16354	N-methylhydantoin	MAPPED	pass	../records.tsv (byte-identical source)
data/ingredients/mapped/NH4OH.yaml	74b2a95ee4f79c41e68e4ab898228d37ab5470fc967571d649a77eeccd90585f	CHEBI:18219	NH4OH	MAPPED	pass	../records.tsv (byte-identical source)
data/ingredients/mapped/NLDM_metabolites.yaml	7332021e0d760384bc0381f5e00e3a87bd4dfe4b7c5b2eb1140853f7c17d78a0	kgmicrobe.ingredient:nldm_metabolites	NLDM_metabolites	MAPPED	pass	../records.tsv (byte-identical source)
data/ingredients/mapped/NNNN-Tetramethylethylenediamine.yaml	f13d326097b0f9be55e2feb647be86e32c897ea63e68ede0fdc5abcc8c646cca	CHEBI:32850	N,N,N′,N′-Tetramethylethylenediamine	MAPPED	pass	../records.tsv (byte-identical source)
data/ingredients/mapped/Na-3-hydroxybutyrate.yaml	70728a9b622ea0fa1025f6f69862e7e9f83bd2cfe25613666ad8f3d05331bfdb	CHEBI:113373	Na-3-hydroxybutyrate	MAPPED	needs_curation	../records.tsv (byte-identical source)
data/ingredients/mapped/Na-Phosphate-Buffer.yaml	a82353ef898963c8553ee9c9447e51767953c2caf7002ecb413d2474690bc19c	kgmicrobe.ingredient:na-phosphate_buffer	Na-Phosphate-Buffer	REJECTED	excluded_rejected	../records.tsv (byte-identical source)
data/ingredients/mapped/Na-acetate.yaml	d7f225aee9f7e5a8698cde45b7d8a7af634c66c593ebb22470046e1aee7c164f	CHEBI:32954	Na-acetate	MAPPED	needs_curation	../records.tsv (byte-identical source)
data/ingredients/mapped/Na-ampicillin.yaml	def2647ee221c1256dbdd1cc95b2cfc5f05fb13f4fdd4250d471dfe94edc4ec2	CHEBI:34535	Na-ampicillin	MAPPED	needs_curation	../records.tsv (byte-identical source)
data/ingredients/mapped/Na-ascorbate.yaml	0783f68dffa179a9579250d7f8a131a96781f2189f4672b63c2408cc07ea7c5e	CHEBI:113451	Na-ascorbate	MAPPED	needs_curation	../records.tsv (byte-identical source)
data/ingredients/mapped/Na-benzoate.yaml	efeb30f2a87c84be383f750cc18a7dc6d544b1add6841e831bf72f19fa5f9464	CHEBI:113455	Na-benzoate	MAPPED	needs_curation	../records.tsv (byte-identical source)
data/ingredients/mapped/Na-butyrate.yaml	449afed4f762a76adcda0f2dbfd14844f8726ef4bc1f579dfb2135b495f0e2fb	CHEBI:64103	Na-butyrate	MAPPED	needs_curation	../records.tsv (byte-identical source)
data/ingredients/mapped/Na-caproate.yaml	870041a253a626e5a82110191012c81539c524557e6f879321a3fe4acad3d586	CHEBI:114126	Na-caproate	MAPPED	needs_curation	../records.tsv (byte-identical source)
data/ingredients/mapped/Na-caseinate.yaml	bb6de81d86b90e5771834801f2a0c76265a30d5874e85abb92f500147053fc70	MICRO:0001611	Na-caseinate	MAPPED	pass	../records.tsv (byte-identical source)
data/ingredients/mapped/Na-crotonate.yaml	580f37f396dd35e23abe7f215a7752f2fb956613982e33f029e2c7151ff0bc41	kgmicrobe.compound:na-crotonate	Na-crotonate	MAPPED	needs_curation	../records.tsv (byte-identical source)
data/ingredients/mapped/Na-formate.yaml	1f1bb01d1e00770e2c181db6586b8de70ffd53fab5027fe9cad9fca894a985b0	CHEBI:62965	Na-formate	MAPPED	needs_curation	../records.tsv (byte-identical source)
data/ingredients/mapped/Na-gallate.yaml	5d08b465eb60e65f53409f07cc13c4fe37bca14f46aef3070a7ea989bc7a20e9	CHEBI:115197	Na-gallate	MAPPED	pass	../records.tsv (byte-identical source)
data/ingredients/mapped/Na-glutamate.yaml	672503ab4b7aff99a7d874316bd6004a9bd2751e9d5d0761ab70408c4c7b77b3	CHEBI:64243	Na-glutamate	REJECTED	excluded_rejected	../records.tsv (byte-identical source)
data/ingredients/mapped/Na-l-lactate.yaml	afab98b9150569dee9477d0b2820884c470c1e0865460d00630bdb20d3e68031	CHEBI:232798	Na-L-lactate	MAPPED	needs_curation	../records.tsv (byte-identical source)
data/ingredients/mapped/Na-laurate.yaml	abf19eab00ae7f4cbfc87e9584f177ff4c63b7ae0992b4c037ec12928edffd22	CHEBI:131839	Na-laurate	MAPPED	needs_curation	../records.tsv (byte-identical source)
data/ingredients/mapped/Na-orotate.yaml	0a284c1442ba172bfa703860405c5b929a9f05dfada6cd67e1f942c42b76490c	CHEBI:132101	Na-orotate	MAPPED	pass	../records.tsv (byte-identical source)
data/ingredients/mapped/Na-phosphate_Buffer.yaml	c5ee6084669df17163afa57053331c682f1d1e007450cc4fab647b3533282bd4	kgmicrobe.ingredient:na-phosphate_buffer	Na-phosphate buffer	MAPPED	pass	../records.tsv (byte-identical source)
data/ingredients/mapped/Na-propionate.yaml	e9cdae79b0b7e874f0ec9aa5fcd13b8149e3f6f56b200187124e23670eca4208	CHEBI:132106	Na-propionate	MAPPED	needs_curation	../records.tsv (byte-identical source)
data/ingredients/mapped/Na-pyruvate.yaml	9d0af2a7f4568b68d50c3f766b255892f1e50cd1424236ab96447777ea8da4e4	CHEBI:50144	Na-pyruvate	MAPPED	needs_curation	../records.tsv (byte-identical source)
data/ingredients/mapped/Na-silicate.yaml	5655d72545f3b5e0d55759fcada4bf9e516fa3a66287590f4f6fc2cc1e91c2e2	CHEBI:60720	Na-silicate	MAPPED	needs_curation	../records.tsv (byte-identical source)
data/ingredients/mapped/Na-stearate.yaml	51532547e6cc93a873def26898ab576bb34fafd988d3254f4a91b7fe810c558d	CHEBI:132109	Na-stearate	MAPPED	needs_curation	../records.tsv (byte-identical source)
data/ingredients/mapped/Na-tartrate.yaml	783658438c9e18bb4c2534ce328946a4bc8999173d0564e3f06f8979aa0f7155	CHEBI:63017	Na-tartrate	REJECTED	excluded_rejected	../records.tsv (byte-identical source)
data/ingredients/mapped/Na-thioglycolate.yaml	e0bcb3157267205aea8d37c5a5b0f0321f4b5c332e579c35cf554f96c8a6a702	CHEBI:86481	Na-thioglycolate	MAPPED	needs_curation	../records.tsv (byte-identical source)
data/ingredients/mapped/Na-vanillate.yaml	9ddd9edfd7d77a47df419c9239e9b99e99e24c41e9e8949a5ae65fde6afab385	CHEBI:132748	Na-vanillate	MAPPED	needs_curation	../records.tsv (byte-identical source)
data/ingredients/mapped/Na2-edta.yaml	7ac669135e2443456cf3256bb963d53935e7ce48f9d8878a65778162bf02d4c4	CHEBI:64734	Na2-EDTA	MAPPED	needs_curation	../records.tsv (byte-identical source)
data/ingredients/mapped/Na2-edta_X_2_H2o.yaml	75ed775eb108925f06cb86d2d136daf16bfca48452002d5599e8594adfb06c10	CHEBI:64758	Na2-EDTA x 2 H2O	REJECTED	excluded_rejected	../records.tsv (byte-identical source)
data/ingredients/mapped/Na2-fumarate.yaml	db8152e7187f6a76224afea1dfa8ebc58aae54e8ea902d1e2d636507a4995ab5	CHEBI:115156	Na2-fumarate	MAPPED	needs_curation	../records.tsv (byte-identical source)
data/ingredients/mapped/Na2-glyoxalate.yaml	4f40039bb78bdf2657e2bbbbf6a1c6f8ca6d31a1fd56f3101f795cc9e3c4ebc8	CHEBI:91251	Na2-glyoxalate	MAPPED	needs_curation	../records.tsv (byte-identical source)
data/ingredients/mapped/Na2HPO4-KH2PO4_Buffer.yaml	d1581bb3c0ecef10986ae67c5a291b1b36822b18e631f80e3492b6be5f532bc8	kgmicrobe.ingredient:na2hpo4-kh2po4_buffer	Na2HPO4-KH2PO4 buffer	MAPPED	pass	../records.tsv (byte-identical source)
data/ingredients/mapped/Na2HPO4-NaH2PO4_Buffer.yaml	8e3276d1696b44d3edaa068b60e296232ba53ecd6d86d523ace40bd1b4c5bc3a	kgmicrobe.ingredient:na2hpo4-nah2po4_buffer	Na2HPO4-NaH2PO4 buffer	MAPPED	pass	../records.tsv (byte-identical source)
data/ingredients/mapped/Na2_Alpha-ketoglutarate.yaml	0ee10fb6f9aacd8905e6ef3a4fef393e3d294b12f5c593339a78e5797fe8a58d	kgmicrobe.compound:na2_alpha-ketoglutarate	Na2 alpha-ketoglutarate	MAPPED	needs_curation	../records.tsv (byte-identical source)
data/ingredients/mapped/Na2_Beta-glycerol_PO4_X_5_H2O.yaml	c164e18d33c5954842f23467b3825f9bf31e92d9cec5627d05f23c9cd5fc70f5	kgmicrobe.compound:na2_beta-glycerol_po4_x_5_h2o	Na2 beta-glycerol PO4 x 5 H2O	MAPPED	pass	../records.tsv (byte-identical source)
data/ingredients/mapped/Na2b4o7.yaml	34bf356859b056863af86bd7deb36301a6605958cb6a745704eaeebd652ce31a	CHEBI:38892	Na2B4O7	MAPPED	pass	../records.tsv (byte-identical source)
data/ingredients/mapped/Na2b4o7_X_10_H2o.yaml	596380ddafeefb860cebe7e69d4ac6f336b93987ece57a2d005a86a2d6a29d09	CHEBI:131366	Na2B4O7 x 10 H2O	MAPPED	needs_curation	../records.tsv (byte-identical source)
data/ingredients/mapped/Na2co3.yaml	e6526a84af20b9b9d0c0c52ef2d53fb354508adc13b648190dcd753be8ff7650	CHEBI:29377	Na2CO3	MAPPED	needs_curation	../records.tsv (byte-identical source)
data/ingredients/mapped/Na2edta2h2o.yaml	9941e9676116dc1b9686f3219372b319ffdc423e28274f700fd3fc16d2ba944d	CHEBI:64758	Na2EDTA·2H2O	MAPPED	needs_curation	../records.tsv (byte-identical source)
data/ingredients/mapped/Na2glycerophosphate5h2o.yaml	f0ff1f0f5dec48de3f428a419f2f0aba170f8f91ecc614ccbc948b56b3b637ac	cas:13408-09-8	Na2glycerophosphate•5H2O	MAPPED	needs_curation	../records.tsv (byte-identical source)
data/ingredients/mapped/Na2haso4_X_7_H2o.yaml	c377e758d697bfe07475c192cd19c995a822691f0e6862c0ffc25ff739b3facc	CHEBI:91257	Na2HAsO4 x 7 H2O	MAPPED	needs_curation	../records.tsv (byte-identical source)
data/ingredients/mapped/Na2hpo4.yaml	ae7db57bde47a3797858aa3d5b0ca8f64921a2d453645096233dab4012beb9d4	CHEBI:34683	Na2HPO4	MAPPED	identity_reviewed_other_findings_not_cleared	identity-plan.json
data/ingredients/mapped/Na2hpo4_X_12_H2o.yaml	cd257bc36c2fff1d5cb48b640b2146dbca2804e4b67a9e125af1029ee234ca05	CHEBI:91259	Na2HPO4 x 12 H2O	MAPPED	needs_curation	../records.tsv (byte-identical source)
data/ingredients/mapped/Na2hpo4_X_2_H2o.yaml	e6522a266d5ccdaf5d7371c7cb24b34861c9a405508f7ba38d44a992cd70de16	CHEBI:91258	Na2HPO4 x 2 H2O	MAPPED	needs_curation	../records.tsv (byte-identical source)
data/ingredients/mapped/Na2hpo4_X_3_H2o.yaml	0f9abe1c97efaf92bf135a76edd1a3e4811ecd63369b13f11d869754894c1f1d	kgmicrobe.compound:na2hpo4_x_3_h2o	Na2HPO4 x 3 H2O	MAPPED	pass	../records.tsv (byte-identical source)
data/ingredients/mapped/Na2hpo4_X_6_H2o.yaml	e4a2756db9e7876f8766f868af533266acc86bd21db5c1d79559048c717acebf	kgmicrobe.compound:na2hpo4_x_6_h2o	Na2HPO4 x 6 H2O	MAPPED	needs_curation	../records.tsv (byte-identical source)
data/ingredients/mapped/Na2hpo4_X_7_H2o.yaml	479f15ecd212853202ba0a0c381cb9fa8f83f12900c3c7555f67b29661549b5b	kgmicrobe.compound:na2hpo4_x_7_h2o	Na2HPO4 x 7 H2O	MAPPED	needs_curation	../records.tsv (byte-identical source)
data/ingredients/mapped/Na2moo4.yaml	61771cf9de80581a816c2747c7d83d51d58830b529096058b858104d98845277	CHEBI:75215	Na2MoO4	MAPPED	needs_curation	../records.tsv (byte-identical source)
data/ingredients/mapped/Na2moo42h2o.yaml	6989f6abb436d4dd233aaba3cef895de13f399f5ccc12f0dd15062b8efabbf6d	CHEBI:75213	Na2MoO4·2H2O	REJECTED	excluded_rejected	../records.tsv (byte-identical source)
data/ingredients/mapped/Na2moo4_X_2_H2o.yaml	d8ecba6c664d94d9d0f0da89410808b99c3d6ad4cfeb55f122b5df2d7d8b5612	CHEBI:75213	Na2MoO4 x 2 H2O	MAPPED	needs_curation	../records.tsv (byte-identical source)
data/ingredients/mapped/Na2moo4_X_7_H2o.yaml	c38475fd99369be070f4498f2fc6af0159695713a28ff1383a73e69d1e1fc6e8	CHEBI:86473	Na2MoO4 x 7 H2O	MAPPED	needs_curation	../records.tsv (byte-identical source)
data/ingredients/mapped/Na2s.yaml	db44dbfe79849cd40432beb30aeaf6ed242e55578b8ceef9cfa95479d21ae547	CHEBI:76208	Na2S	MAPPED	pass	../records.tsv (byte-identical source)
data/ingredients/mapped/Na2s2o3.yaml	88426e1fdedd3e221a240192bba9ad651fe230d524665a0d2be9a6432a580626	CHEBI:132112	Na2S2O3	MAPPED	needs_curation	../records.tsv (byte-identical source)
data/ingredients/mapped/Na2s2o3_X_5_H2o.yaml	893ad85a605f904682d7a1c43db9726290c8bcee219a8e3fa7bc1b4e498b6c6e	CHEBI:32150	Na2S2O3 x 5 H2O	MAPPED	needs_curation	../records.tsv (byte-identical source)
data/ingredients/mapped/Na2s2o4.yaml	2a370f469e3a425a6f79d1bbada66f77767b8a7fff649951dffaa3ec90145fc5	CHEBI:66870	Na2S2O4	REJECTED	excluded_rejected	../records.tsv (byte-identical source)
data/ingredients/mapped/Na2s2o5.yaml	329279f3d786978501b1b2dd7e670afb9d0a69ffb927eaf3c43a93579d819a83	CHEBI:114786	Na2S2O5	MAPPED	needs_curation	../records.tsv (byte-identical source)
data/ingredients/mapped/Na2s_X_9_H2o.yaml	e849eb5c8d5a8d977c572ee249927b7fb71b40506e23ed6fb4c30d089b5c8219	CHEBI:76209	Na2S x 9 H2O	MAPPED	needs_curation	../records.tsv (byte-identical source)
data/ingredients/mapped/Na2seo3.yaml	de098711130ca209fe06ee2a3239125f2aabb60c554830f93b2b24b72cc12cab	CHEBI:48843	Na2SeO3	MAPPED	needs_curation	../records.tsv (byte-identical source)
data/ingredients/mapped/Na2seo35h2o.yaml	889d9d25040aba6b22659bbb6ef5cd372966b448997258423ce5aa8b1864966b	CHEBI:131361	Na2SeO3·5H2O	REJECTED	excluded_rejected	../records.tsv (byte-identical source)
data/ingredients/mapped/Na2seo3_X_5_H2o.yaml	1b808f46bbf0b43885b37fbd0a3e46ce00c363d18d934110c4ff5d36bddcb911	CHEBI:131361	Na2SeO3 x 5 H2O	MAPPED	needs_curation	../records.tsv (byte-identical source)
data/ingredients/mapped/Na2seo4.yaml	5a4c0a17fa416848cd312592d9560417db3b1f54b858254b2e3a9cc28a1c24e0	CHEBI:77775	Na2SeO4	MAPPED	needs_curation	../records.tsv (byte-identical source)
data/ingredients/mapped/Na2sio3_X_9_H2o.yaml	f4d860dd443582074583a911491db43130dd92efe57488228012c85da842798b	CHEBI:132108	Na2SiO3 x 9 H2O	MAPPED	needs_curation	../records.tsv (byte-identical source)
data/ingredients/mapped/Na2so3.yaml	66b45c6e68b16f3eaaa677ee172e67acbc58b39efe1ece301da8f35b70008dff	CHEBI:86477	Na2SO3	MAPPED	needs_curation	../records.tsv (byte-identical source)
data/ingredients/mapped/Na2so3_X_5_H2o.yaml	0a5b7a28ced6320df990a44507f669450243712d3d9de4d9dfda7458b7feefa9	CHEBI:86477	Na2SO3 x 5 H2O	MAPPED	needs_curation	../records.tsv (byte-identical source)
data/ingredients/mapped/Na2so4.yaml	3186b66fee27399b950c491077056ea58c6352d12cecfd8358455abeb5137c07	CHEBI:32149	Na2SO4	MAPPED	needs_curation	../records.tsv (byte-identical source)
data/ingredients/mapped/Na2so4_X_10_H2o.yaml	97b46a55099bdc697adf06c7eee543dd6eecae1391ef5d4425c4aa149a2f0816	CHEBI:32586	Na2SO4 x 10 H2O	MAPPED	needs_curation	../records.tsv (byte-identical source)
data/ingredients/mapped/Na2wo4.yaml	3fe854c3fabbea1841a8ca55ce42dcc9ed82015af31d2e636d0e86a5a48ec25a	CHEBI:63940	Na2WO4	MAPPED	needs_curation	../records.tsv (byte-identical source)
data/ingredients/mapped/Na2wo4_X_2_H2o.yaml	b66951aba30cde0c3efe3b5ae2080a8d3445aebdffbd04b748e554f28358ffa9	CHEBI:63939	Na2WO4 x 2 H2O	MAPPED	needs_curation	../records.tsv (byte-identical source)
data/ingredients/mapped/Na3-citrate_X_2_H2o.yaml	3c1499ff6499f36840a5e3789a881515ef77b9db4781a38d4b2065b4838f8d10	CHEBI:32142	Na3-citrate x 2 H2O	MAPPED	needs_curation	../records.tsv (byte-identical source)
data/ingredients/mapped/Na3-edta.yaml	ea8dbade6d6bfd0bbb478bd146a1266dbb2742c7d022a3de16904465ea73238a	CHEBI:63125	Na3-EDTA	MAPPED	needs_curation	../records.tsv (byte-identical source)
data/ingredients/mapped/Na3vo4.yaml	414bd8739268155f11bcba2cd9f19df9e4e3600634190a93fd701d311f3b3350	CHEBI:35607	Na3VO4	MAPPED	pass	../records.tsv (byte-identical source)
data/ingredients/mapped/Na_Glutamate.yaml	72b5545a5d6c93ba6eb3556542ee0d5df2daa37aa816785e3a8d29c45750ce89	CHEBI:64220	Na glutamate	MAPPED	needs_curation	../records.tsv (byte-identical source)
data/ingredients/mapped/Nabr.yaml	0c930bde9c663aec4df6544a9f2356a7a28e0e134e83694fbee8d74e5fa1c872	CHEBI:63004	NaBr	MAPPED	pass	../records.tsv (byte-identical source)
data/ingredients/mapped/Nacl.yaml	41c45e2a588da9811c8f20f7bf5c2c80dc15945cf8fdee5673d4143a8af62e68	CHEBI:26710	NaCl	MAPPED	needs_curation	../records.tsv (byte-identical source)
data/ingredients/mapped/Naclo3.yaml	db0c6987dd528bd31d3bb66437355be2e4a4cfc94bf4ddddac6e378fba8c8b1d	CHEBI:65242	NaClO3	MAPPED	pass	../records.tsv (byte-identical source)
data/ingredients/mapped/Naf.yaml	de5ac5e732e721dbd58a499e92d895263c2a306576ee2e6e4b6c9bb38a772ce7	CHEBI:28741	NaF	MAPPED	pass	../records.tsv (byte-identical source)
data/ingredients/mapped/Nafcillin_Sodium_Salt_Monohydrate.yaml	178567c5522304be923df860644a4d3d5db6d07be86831025144fcd0b18b9bb4	CHEBI:51919	Nafcillin sodium salt monohydrate	MAPPED	needs_curation	../records.tsv (byte-identical source)
data/ingredients/mapped/Nah2po4.yaml	2766885d797dd67849b3a8bc503e48d4461c4a6f89eab651baae6ca1fd949de4	CHEBI:37585	NaH2PO4	MAPPED	identity_reviewed_other_findings_not_cleared	identity-plan.json
data/ingredients/mapped/Nah2po4_X_2_H2o.yaml	5244e8b5d5626388269ea9788197f7df9aad36aafb44d750326e536254957373	kgmicrobe.compound:nah2po4_x_2_h2o	NaH2PO4 x 2 H2O	MAPPED	needs_curation	../records.tsv (byte-identical source)
data/ingredients/mapped/Nah2po4h2o.yaml	53f08b9a049969fb6cc02f726f2e1f3577cc19d4130fca5a89ca898c9496a689	cas:10049-21-5	NaH2PO4•H2O	MAPPED	needs_curation	../records.tsv (byte-identical source)
data/ingredients/mapped/Nahco3.yaml	97cc3f952982f9f22d0024c4ccb5aaa942c22edb5332782c69aee96d7b744998	CHEBI:32139	NaHCO3	MAPPED	needs_curation	../records.tsv (byte-identical source)
data/ingredients/mapped/Nahso3.yaml	6ba7bec792543bd48b08a5f1f132d0ffda156b637b2662e659a7805552eafb7c	CHEBI:26709	NaHSO3	MAPPED	needs_curation	../records.tsv (byte-identical source)
data/ingredients/mapped/Nalidixic_Acid_Sodium_Salt.yaml	992b891547c7bc9767019f5bacbdd80c03d34413c418e907010dbba58d2308bd	cas:3374-05-8	Nalidixic acid sodium salt	MAPPED	needs_curation	../records.tsv (byte-identical source)
data/ingredients/mapped/Nano.yaml	1158fe527bfd42ccb90a580f2c33e015550ff5e6d33bf57e96d778e04a7223ef	NCIT:C54713	NaNO	REJECTED	merged_and_excluded	identity-plan.json
data/ingredients/mapped/Nano2.yaml	2afd107e4ea997e23b803574a6ec3b4e7c03b7f98b7b96535c74bf709644dd7d	CHEBI:78870	NaNO2	MAPPED	pass	../records.tsv (byte-identical source)
data/ingredients/mapped/Nano3.yaml	6ac10a54805425447c42dc2ff47eb014dd00d71ac84a3701437f070c09ad2d0f	CHEBI:63005	NaNO3	MAPPED	identity_reviewed_other_findings_not_cleared	identity-plan.json
data/ingredients/mapped/Naoh.yaml	b4e7ab0b7cec49f16abef564ec6361f8cc5b4952a4679eff34bd4157ed33bc31	CHEBI:32145	NaOH	MAPPED	needs_curation	../records.tsv (byte-identical source)
data/ingredients/mapped/Naphthalene.yaml	f16082afef7b7c110dec8977167fea8de7820c755d3e501e6acb41913b9befb9	CHEBI:16482	Naphthalene	MAPPED	pass	../records.tsv (byte-identical source)
data/ingredients/mapped/Naphthalene_Sulfonic_Acid.yaml	4c69808e2b570cf2ead5ffd9aa60299897ac7b16108b2d2666674d160269dec3	CHEBI:36336	Naphthalene sulfonic acid	MAPPED	pass	../records.tsv (byte-identical source)
data/ingredients/mapped/Narbomycin.yaml	27337e01a412074fcddda0f6284aab91646699131ecd4f6d2e70b06e6b893cba	CHEBI:29649	Narbomycin	MAPPED	pass	../records.tsv (byte-identical source)
data/ingredients/mapped/Naringenin.yaml	4288fe4632f4e057249a19b4352d1743fe238269910a653ddde235385ecaeb27	CHEBI:50202	Naringenin	MAPPED	needs_curation	../records.tsv (byte-identical source)
data/ingredients/mapped/Naringin.yaml	eeb6445fc0f1754cb75563fe37a3cf601827483d18312a32d2e9ecabda8d1c8c	CHEBI:28819	Naringin	MAPPED	pass	../records.tsv (byte-identical source)
data/ingredients/mapped/Natamycin.yaml	1b4c7bc89a033b2d7700afb42f49b8bcc8ef2fff1d766bc5bd8e418b9dab5380	CHEBI:7488	Natamycin	MAPPED	pass	../records.tsv (byte-identical source)
data/ingredients/mapped/Natural_Sea_Water.yaml	925ebc8b60a6019f1a59b643b762d657d6a6cf5a4261043b107f5a0326b8c35b	kgmicrobe.ingredient:natural_sea_water	Natural sea water	MAPPED	pass	../records.tsv (byte-identical source)
data/ingredients/mapped/Navo3.yaml	022bb56159ebab55f1511533a72e5549ff43bcdd09de227f1fb193df2475eb78	CHEBI:75221	NaVO3	MAPPED	needs_curation	../records.tsv (byte-identical source)
data/ingredients/mapped/Navo3_X_H2o.yaml	d4d3f05a57d260547b23249d5fb316600c7b5adb56887463394cbe3417dc57e4	CHEBI:132095	NaVO3 x H2O	MAPPED	needs_curation	../records.tsv (byte-identical source)
data/ingredients/mapped/Neoantimycin.yaml	8175007dde5901015e3d5f052456d6410b88f16f2a1fdcff816b656715b6dad7	CHEBI:215310	Neoantimycin	MAPPED	pass	../records.tsv (byte-identical source)
data/ingredients/mapped/Neomycin.yaml	9ede796ea8d16fdaa88edcbedf5b8d9e912870df4bef09cc6a00f6ddfb32fb4e	CHEBI:7507	Neomycin	MAPPED	needs_curation	../records.tsv (byte-identical source)
data/ingredients/mapped/Neomycin_F.yaml	a12d430d65a862a043d35981ee2bb9078e61082496ff051c8a0ed810441270c0	CHEBI:81287	Neomycin F	MAPPED	pass	../records.tsv (byte-identical source)
data/ingredients/mapped/Neomycin_Trisulfate_Salt_Hydrate.yaml	876380652f045ae42f54946f4e769cbeed9e65f065eab12acd77de386ebe00cf	kgmicrobe.compound:neomycin_trisulfate_salt_hydrate	Neomycin trisulfate salt hydrate	MAPPED	needs_curation	../records.tsv (byte-identical source)
data/ingredients/mapped/Nerol.yaml	a5970ce32e30746c2fba7d2a62e930246148c889bab3e434be1b809f12ad63a6	CHEBI:29452	Nerol	MAPPED	pass	../records.tsv (byte-identical source)
data/ingredients/mapped/Nerolidol.yaml	d452733fc21ad7ff3e8df8092eaaf309bef00934237d761cc4a2b7d8bdf491fb	CHEBI:7524	Nerolidol	MAPPED	needs_curation	../records.tsv (byte-identical source)
data/ingredients/mapped/Netilmycin.yaml	3bb4e5a1b0bf06e5cd7eac9afd16bf9f397578ec035462092b351e3ca058f999	CHEBI:7528	Netilmycin	MAPPED	needs_curation	../records.tsv (byte-identical source)
data/ingredients/mapped/Netropsin.yaml	b29f27812022327ca5b2b6b895a944a7d47188bfbf48b57c008fa13a6edb34aa	mesh:D009429	Netropsin	MAPPED	pass	../records.tsv (byte-identical source)
data/ingredients/mapped/Neutral_red.yaml	6d696ab438732dd7e38cbe70ebe26ffe233e5421161d948bd820b6d431751882	CHEBI:86370	Neutral red	MAPPED	pass	../records.tsv (byte-identical source)
data/ingredients/mapped/Nh4-oxalate.yaml	3de7f672a69bd4971d23f8b7dd45e730ae5d56cdf7927cd6e4733c984aebb83f	CHEBI:91241	NH4-oxalate	MAPPED	needs_curation	../records.tsv (byte-identical source)
data/ingredients/mapped/Nh42_Citrate.yaml	d2bbc9a5b4f1ecdcd22d4cd2bdba3de75492c1fad9ebc9bdc179c7327bb295cc	CHEBI:63076	(NH4)2 citrate	MAPPED	needs_curation	../records.tsv (byte-identical source)
data/ingredients/mapped/Nh42co3.yaml	47223addca3fd0e3643d7706acb41f4018ff7eeaed821858317f88cc0771a552	CHEBI:229630	NH42CO3	MAPPED	pass	../records.tsv (byte-identical source)
data/ingredients/mapped/Nh42hpo4.yaml	c37e0483f009037bdbe46a6da11fdd48c528a51b1847e824f1bba1a614b77e51	CHEBI:63051	(NH4)2HPO4	MAPPED	needs_curation	../records.tsv (byte-identical source)
data/ingredients/mapped/Nh42ni_So42.yaml	3f2bbdbc092c00cfe0b0d1b82996dc7825db1c13b2f11477ea1da7bd56d3474a	CHEBI:86149	(NH4)2Ni(SO4)2	MAPPED	needs_curation	../records.tsv (byte-identical source)
data/ingredients/mapped/Nh42ni_So42_X_6_H2o.yaml	3dee512fa696b0dc60f05752b46676a9ba5da8a42fc38bd13ca425f6fdbf5634	CHEBI:86149	(NH4)2Ni(SO4)2 x 6 H2O	MAPPED	needs_curation	../records.tsv (byte-identical source)
data/ingredients/mapped/Nh42so4.yaml	1806053b7d0adc25bd2d1a84f0aeae92185a69f84d2db46abe816c75c21db48d	CHEBI:62946	(NH4)2SO4	MAPPED	needs_curation	../records.tsv (byte-identical source)
data/ingredients/mapped/Nh43_Citrate.yaml	8ed1c0dedfaee58aa528a1c110216c595f218a1b81323b0fea2d6b6f2b37abd9	CHEBI:63037	(NH4)3 citrate	MAPPED	needs_curation	../records.tsv (byte-identical source)
data/ingredients/mapped/Nh4cl.yaml	09ad79726fc72a15889d262d23b4874b3dad49c33df579e50239aab2e2b2dd09	CHEBI:31206	NH4Cl	MAPPED	needs_curation	../records.tsv (byte-identical source)
data/ingredients/mapped/Nh4h2po4.yaml	a2d12b074aab0a9b3e910910df77b4470e20e4941841d9d42083657a6c70e724	CHEBI:62982	NH4H2PO4	MAPPED	pass	../records.tsv (byte-identical source)
data/ingredients/mapped/Nh4hco3.yaml	43226aa63e36278f50bbba22bc694b6321327b7423eb89c2de282c578084d908	CHEBI:184335	NH4HCO3	MAPPED	pass	../records.tsv (byte-identical source)
data/ingredients/mapped/Nh4mgpo.yaml	872ae515de1816565d2b4aef5efc56af98e068fffb2b5e9a9adc02a28d756993	CHEBI:149425	NH4MgPO	MAPPED	needs_curation	../records.tsv (byte-identical source)
data/ingredients/mapped/Nh4no3.yaml	d21fc5c980485c4df580aa52c560cf83d99d7a81818fa7e143cbf708c1f7751f	CHEBI:63038	(NH4)NO3	MAPPED	needs_curation	../records.tsv (byte-identical source)
data/ingredients/mapped/Niaproof.yaml	44b8683c7d5a6b36c851e4b913dc85bf99c88b5be96485f35d76699fdd998563	CHEBI:75273	Niaproof	MAPPED	pass	../records.tsv (byte-identical source)
data/ingredients/mapped/Nickel_II_chloride_hexahydrate.yaml	3cb45355a45ad8622e58fc69f4b84253866042170493ed0eb4dc7597116a4724	CHEBI:53542	Nickel (II) chloride hexahydrate	MAPPED	needs_curation	../records.tsv (byte-identical source)
data/ingredients/mapped/Nickel_II_sulfate_hexahydrate.yaml	8f26668428e443d79043dc77ec798fb141837c249c0beaa76ad31b0722bc7e55	CHEBI:53437	Nickel (II) sulfate hexahydrate	MAPPED	needs_curation	../records.tsv (byte-identical source)
data/ingredients/mapped/Nickel_Sulfate.yaml	d6bb3e8be93b00e1c7f12f395441bc344c05edc11b8c7b115dafcd917b5aa8b3	CHEBI:53001	Nickel Sulfate	MAPPED	pass_with_minor_issues	../records.tsv (byte-identical source)
data/ingredients/mapped/Nicl2.yaml	0c5e1111eb46006b0521c02d55e01c224783fdbebb368afd2fb749a305bc58ef	CHEBI:34887	NiCl2	MAPPED	pass	../records.tsv (byte-identical source)
data/ingredients/mapped/Nicl2_X_2_H2o.yaml	6b43693a206b10af5013fa73afea10360d69666ed0a90dcb0f00618bdff297dc	kgmicrobe.compound:nicl2_x_2_h2o	NiCl2 x 2 H2O	MAPPED	needs_curation	../records.tsv (byte-identical source)
data/ingredients/mapped/Nicl2_X_5_H2o.yaml	278355fc84d3a50ebf93e4e8409b6bb468551626157ca6806faf5cbef46f1b9c	kgmicrobe.compound:nicl2_x_5_h2o	NiCl2 x 5 H2O	MAPPED	needs_curation	../records.tsv (byte-identical source)
data/ingredients/mapped/Nicl2_X_6_H2o.yaml	dc1cf15296e4e5bc02e765b0235c8e6201376d28b1f444ceac5be47ddb2cb616	CHEBI:53542	NiCl2 x 6 H2O	REJECTED	excluded_rejected	../records.tsv (byte-identical source)
data/ingredients/mapped/Nicotinamide.yaml	724181418c9efc54cff5930bb942c07ed23e1417144bbc0c785caa58b5683325	CHEBI:17154	Nicotinamide	MAPPED	needs_curation	../records.tsv (byte-identical source)
data/ingredients/mapped/Nicotinamide_N-oxide.yaml	0f0d0de09c85eb7ff0ca048799d17d3b171b8d9fefa85449e5392cae6c8dc87a	CHEBI:89640	Nicotinamide N-oxide	MAPPED	pass	../records.tsv (byte-identical source)
data/ingredients/mapped/Nicotine_Fluka.yaml	bcb77b21d9252bda4b7ee2d754d713b9bdd3b17c16d46f570b72bf534043111a	CHEBI:18723	Nicotine (Fluka)	MAPPED	pass_with_minor_issues	../records.tsv (byte-identical source)
data/ingredients/mapped/Nicotinic_Acid.yaml	ee74fdab88983c8dd5554b638d0b97623b9be4b5f389d6458cdf27713ae06b1b	CHEBI:15940	Nicotinic acid	MAPPED	pass_with_minor_issues	../records.tsv (byte-identical source)
data/ingredients/mapped/Niddamycin.yaml	fa47bb2da0fec2864af399cfaa810abbce8b9864043e0537de7605658f352ef9	CHEBI:31908	Niddamycin	MAPPED	pass	../records.tsv (byte-identical source)
data/ingredients/mapped/Nigericin_Sodium_Salt.yaml	cd885f64faa4ef865150a0a4b928b526868752a6819faf1584b20e3ef1b8bb0b	cas:28643-80-3	Nigericin sodium salt	MAPPED	needs_curation	../records.tsv (byte-identical source)
data/ingredients/mapped/Nisin.yaml	aeb6ded6b1375ed852b3a3c2a4c5954d0123fb5b398263121a8a96bca6d03b45	CHEBI:71629	Nisin	MAPPED	needs_curation	../records.tsv (byte-identical source)
data/ingredients/mapped/Niso4_X_6_H2o.yaml	f3c0ee65025450b953b2f3426700d87ef278a3edd67ff3e1f0b07e728d249a17	CHEBI:53437	NiSO4 x 6 H2O	REJECTED	excluded_rejected	../records.tsv (byte-identical source)
data/ingredients/mapped/Niso4_X_7_H2o.yaml	b7887a8dc671584afe8ae7652ec8266f78ddd646fa4b41d9c20dfa210c228cf3	CHEBI:53504	NiSO4 x 7 H2O	MAPPED	needs_curation	../records.tsv (byte-identical source)
data/ingredients/mapped/Nitrate.yaml	f51fcdc1e9784fe5cc27805cf868ef10a1af1c683a2828776a80f01f2cca6e2c	CHEBI:17632	Nitrate	MAPPED	pass	../records.tsv (byte-identical source)
data/ingredients/mapped/Nitrilotriacetate.yaml	4b051850beb9d332c27260f5b4c22359081fe1f8485a77d855ed7bb4e1ff0fcb	CHEBI:25548	Nitrilotriacetate	MAPPED	needs_curation	../records.tsv (byte-identical source)
data/ingredients/mapped/Nitrilotriacetic_Acid.yaml	7e9b42c517e23a71ad8c012b4391d2a1fbb89a1fd4814799d6452af97397b392	CHEBI:44557	Nitrilotriacetic acid	MAPPED	needs_curation	../records.tsv (byte-identical source)
data/ingredients/mapped/Nitrilotriacetic_Acid_Disodium_Salt.yaml	2470f9fdda8b8d450302d24f12e7ef005c06a0f6e795372d0b68217839ee30a8	cas:15467-20-6	Nitrilotriacetic acid disodium salt	MAPPED	needs_curation	../records.tsv (byte-identical source)
data/ingredients/mapped/Nitrilotriacetic_Acid_Trisodium_Salt.yaml	c68bf8109946d2a5ccd474860657d19663520960f962b9845de82b269940a137	CHEBI:132766	Nitrilotriacetic acid, trisodium salt	MAPPED	identity_reviewed_other_findings_not_cleared	identity-plan.json
data/ingredients/mapped/Nitrite.yaml	59b6c8312977554f8ff4946746caeb8bf9969e3cbf7db5f64c393d4e2fa59638	CHEBI:16301	Nitrite	MAPPED	pass	../records.tsv (byte-identical source)
data/ingredients/mapped/Nitrofurantoin.yaml	f35cc000a5b6ca5db70809dfc395072b6d93e6d8b1abc5c6b3dcf69241be8bb9	CHEBI:71415	Nitrofurantoin	MAPPED	pass	../records.tsv (byte-identical source)
data/ingredients/mapped/Nitrofurazone.yaml	d7f902e1050aff5f7ff167b9a614cffc480ca92a7be477e25f5bd7a0938d25f7	CHEBI:44368	Nitrofurazone	MAPPED	pass	../records.tsv (byte-identical source)
data/ingredients/mapped/Nitrogen_gas.yaml	7f984e3135e2efb12b5e36c193420eaecd2ab78c929cbf19fcfa6bac89c5a9b1	CHEBI:17997	Nitrogen gas	MAPPED	needs_curation	../records.tsv (byte-identical source)
data/ingredients/mapped/Nitrous_Oxide.yaml	1d7b0c658dd8c1fc20d80f2620be3bc7c3d690a50912aa1191a2c345b76c41c9	CHEBI:17045	nitrous oxide	MAPPED	needs_curation	../records.tsv (byte-identical source)
data/ingredients/mapped/Nnnn-tetrakis_2-pyridylmethylethylenediamine.yaml	a00758e9c7597489ea792cbcb6750a9182e0ef2dc0973113645faa5382b6783e	CHEBI:88217	N,N,N′,N′-Tetrakis(2-pyridylmethyl)ethylenediamine	MAPPED	needs_curation	../records.tsv (byte-identical source)
data/ingredients/mapped/Nobiletin.yaml	1e23849b79d92db59ed2b7523a79cbcc486505e2956ac0ae5a05e99f4f2fdcf2	CHEBI:7602	Nobiletin	MAPPED	pass	../records.tsv (byte-identical source)
data/ingredients/mapped/Nocamycin.yaml	c080bb2a87de828beb4f96b3d766a8b8ab729404efd9c9611cef070f1e7f1914	CHEBI:219652	nocamycin	MAPPED	needs_curation	../records.tsv (byte-identical source)
data/ingredients/mapped/Nocardimicin_G.yaml	a2407a1be60b92c18ad1dc42827934a7db74b9ce43322c6fd187213c9f7b95af	CHEBI:202593	Nocardimicin G	MAPPED	pass	../records.tsv (byte-identical source)
data/ingredients/mapped/Nocardimicin_H.yaml	36a01e96293ebbd6d50d8b2ddc26b9c513016c9baefcdc2e4a41bd4c1216647d	CHEBI:213460	Nocardimicin H	MAPPED	pass	../records.tsv (byte-identical source)
data/ingredients/mapped/Nocardimicin_I.yaml	adb7cd145a82f0e98dd8e9f9ce61994b1d2fbde58739e72e8906dded7a7e9b84	CHEBI:203663	Nocardimicin I	MAPPED	pass	../records.tsv (byte-identical source)
data/ingredients/mapped/Noformicin.yaml	18da53cc55fbe2d673f46c8fe45f530df5236bafb828f276a099a4de5f7c0f5a	mesh:C005642	Noformicin	MAPPED	needs_curation	../records.tsv (byte-identical source)
data/ingredients/mapped/Nogalamycin.yaml	12260bf5e9451f541753d0a5c5297b660baf08d0922c77f41bf103e8def6ad3e	CHEBI:44504	Nogalamycin	MAPPED	pass	../records.tsv (byte-identical source)
data/ingredients/mapped/Nojirimycin.yaml	95a16ed0bfc8d3a0cd7e843861a4e6737e404ce59c115870c6f840a985a6f84d	CHEBI:28945	Nojirimycin	MAPPED	pass	../records.tsv (byte-identical source)
data/ingredients/mapped/Nonanoic_Acid.yaml	cf3cd9ba28e73ec7bf6d912f38e037bf0d05243a517906a1a967f2f93bfced01	CHEBI:29019	Nonanoic acid	MAPPED	pass	../records.tsv (byte-identical source)
data/ingredients/mapped/Nordihydroguaretic_Acid.yaml	7530c2821c373f7f84cb0c726df7fdfdca1e4213e25f8c1df6f11b42b6979aa3	CHEBI:73468	Nordihydroguaretic Acid	MAPPED	pass	../records.tsv (byte-identical source)
data/ingredients/mapped/Norepinephrine.yaml	4bec0c547b1df99eb6902f0c361e5d141bf979060c4ecd30ce7bcb392a244948	CHEBI:18357	(-)-Norepinephrine	MAPPED	pass	../records.tsv (byte-identical source)
data/ingredients/mapped/Norfloxacin.yaml	604fe55d9df4ff896b096e86596c3f3031208c10cbaa4524f25866500902af12	CHEBI:100246	Norfloxacin	MAPPED	needs_curation	../records.tsv (byte-identical source)
data/ingredients/mapped/Norharman.yaml	c5a7290eb9b51f148c01da08dfb9d3c828b54b5bd6ac7ffdf808f5b7ce95b271	CHEBI:109895	Norharman	MAPPED	pass	../records.tsv (byte-identical source)
data/ingredients/mapped/Northen_Exometabolite_mix_1.yaml	82a55129222730bbd88132f000522489c9e0d6f34f5a434f5af03679e94166ba	kgmicrobe.ingredient:northen_exometabolite_mix_1	Northen_Exometabolite_mix_1	MAPPED	pass	../records.tsv (byte-identical source)
data/ingredients/mapped/Novobiocin.yaml	ea0589736709fa4d27d8ed080f4c381e25363410a7f3d241f6c06e9ec8471c7c	CHEBI:28368	Novobiocin	MAPPED	pass	../records.tsv (byte-identical source)
data/ingredients/mapped/Novobiocin_Sodium_Salt.yaml	f0282bc188c1ca598b8f9b10fd70ad907b6f08210555bb39b98a68cb40cdb105	CHEBI:31924	Novobiocin sodium salt	MAPPED	needs_curation	../records.tsv (byte-identical source)
data/ingredients/mapped/Nta.yaml	704dcb5f37d236c38a1ddfdeb5dc2920d2371ff1d50589abe972c32aa2a8b363	CHEBI:39054	NTA	MAPPED	needs_curation	../records.tsv (byte-identical source)
data/ingredients/mapped/Nucleocidin.yaml	1ec72da852bad6aa845ad58a909317166158072329c3c83efaa5239c62eed7cf	CHEBI:166872	Nucleocidin	MAPPED	pass	../records.tsv (byte-identical source)
data/ingredients/mapped/Nutriacholic_Acid.yaml	4a452e2c480ade9d0b48da03c3310c095e75821946d70ee59a0e32f32a617fa0	CHEBI:82679	Nutriacholic Acid	MAPPED	pass	../records.tsv (byte-identical source)
data/ingredients/mapped/Nutrient_Broth_No_2.yaml	b4cb841422e83f9216512cea52201b2e83350d158b90052c6d7fc1514bdc3a17	MICRO:0000082	Nutrient broth No. 2	MAPPED	pass	../records.tsv (byte-identical source)
data/ingredients/mapped/Nystatin.yaml	3b46e907a0b545a3317b7b8af767a450a7d07bffcf8c0957627b1148c71c4cf6	CHEBI:7660	Nystatin	MAPPED	pass	../records.tsv (byte-identical source)
data/ingredients/mapped/O-Phospho-L-serine.yaml	459ea4aaaf3803882993cdf9f8c6c638f9ef35ac9c7554487b2045dd9ab7d180	CHEBI:15811	O-Phospho-L-serine	MAPPED	pass	../records.tsv (byte-identical source)
data/ingredients/mapped/O-Phosphoryl-Ethanolamine.yaml	c51a7316d04fb4dcbce6980b65f25d9b58a1ca94da26424b304448b49a83019a	CHEBI:17553	O-Phosphoryl-Ethanolamine	MAPPED	pass	../records.tsv (byte-identical source)
data/ingredients/mapped/O-nitrophenyl-beta-D-galactopyranosid.yaml	aff77b6eb75121f3f86a4a6010aae190d8eaf59ad27c12782b66d27b0471b069	CHEBI:90144	O-nitrophenyl-beta-D-galactopyranosid	MAPPED	pass	../records.tsv (byte-identical source)
data/ingredients/mapped/OADC_Enrichment.yaml	eca1f8f6c90f79a23f58a96d481396eba24bcd926b6d845717451c4059426128	kgmicrobe.ingredient:oadc_enrichment	OADC Enrichment	MAPPED	pass	../records.tsv (byte-identical source)
data/ingredients/mapped/O_Carbamyl_D_Serine.yaml	c2e412c5d2bfa83323f0d6dd9e0e10b9ee574bb8204c994a34485f3c18d6cccb	mesh:C000366	O Carbamyl D Serine	MAPPED	pass	../records.tsv (byte-identical source)
data/ingredients/mapped/Oat_Flour_B-glucan.yaml	5ac0b28a58c475303b3a7c8169241317e60053324189d598d1836c5141240e9d	FOODON:03301312	Oat flour B-glucan	MAPPED	needs_curation	../records.tsv (byte-identical source)
data/ingredients/mapped/Oat_flakes.yaml	a9b142ce4b0b1f139c0d0de214c499c4221e8ddfd4dc90c2d73c66f60fb84e49	FOODON:03306272	Oat flakes	MAPPED	pass	../records.tsv (byte-identical source)
data/ingredients/mapped/Oatmeal.yaml	c1af211a9887f825f958c80ef5d147330b898f754fa0390eade836530d9b57b6	NCIT:C29298	Oatmeal	MAPPED	pass_with_minor_issues	../records.tsv (byte-identical source)
data/ingredients/mapped/Octane.yaml	d5a1b72fc600bbfafca8b300464eeb4ff016caa2bcea3760f8579eadd6fdd336	CHEBI:17590	octane	MAPPED	pass	../records.tsv (byte-identical source)
data/ingredients/mapped/Octanoic_Acid.yaml	6278084d85c280552fa618cea2b495c926f0ed7d93250a8b0586bcbc1f44860c	CHEBI:28837	Octanoic acid	MAPPED	needs_curation	../records.tsv (byte-identical source)
data/ingredients/mapped/Octanol.yaml	1ffe039938831e874b499d7c62101b0fef5e35313b6e9cebc06723f3d4c1ad4d	CHEBI:37868	octanol	MAPPED	needs_curation	../records.tsv (byte-identical source)
data/ingredients/mapped/Ofloxacin.yaml	734911f64e612141fe20e6620dabe9051d8cd012974d8a8fde06fb8587461e1a	CHEBI:7731	Ofloxacin	MAPPED	needs_curation	../records.tsv (byte-identical source)
data/ingredients/mapped/Oleandomycin.yaml	3e5d6446fcaad1219110d7b7723057d0d20a9d0d6f0bc56fa19b536281bf935a	CHEBI:16869	Oleandomycin	MAPPED	pass	../records.tsv (byte-identical source)
data/ingredients/mapped/Oleic_Acid.yaml	4ca1c5f8724d60fa691ce325ebcafb632b7782b5f05f19441f098aec93c5ea84	CHEBI:16196	Oleic acid	MAPPED	pass	../records.tsv (byte-identical source)
data/ingredients/mapped/Olive_oil.yaml	633876918b99d4c3a6fedc048a9ec46d9c8fba22aec5df71f46ca783ef3d0a4e	FOODON:03301826	Olive oil	MAPPED	pass	../records.tsv (byte-identical source)
data/ingredients/mapped/Optochin.yaml	df80f61f46686fe8dade9fc4e6c842eea2becdfb3e51b504e8cffff40e886afb	CHEBI:86455	Optochin	MAPPED	pass	../records.tsv (byte-identical source)
data/ingredients/mapped/Ornithine.yaml	7422864161ab1b9947e1ad72625cc6d79cc1e81c44d6b8bbb26d33c7a062aa23	CHEBI:18257	Ornithine	MAPPED	pass	../records.tsv (byte-identical source)
data/ingredients/mapped/Orotate.yaml	0b9975d34ca5891a532271be844b303726cf0a8e5f1660b079ec74f1f0b78609	CHEBI:30839	Orotate	MAPPED	pass	../records.tsv (byte-identical source)
data/ingredients/mapped/Orotic_acid.yaml	da56544baa3ecf18911516a6e25c2d21cd8ab295ae2dae99212800875ace282e	CHEBI:16742	Orotic acid	MAPPED	pass	../records.tsv (byte-identical source)
data/ingredients/mapped/Orthophosphate.yaml	a538f277c868c37e8daeaea3ad683b3025f152425df45ea88117aacaa976ecdb	CHEBI:18367	Orthophosphate	MAPPED	pass	../records.tsv (byte-identical source)
data/ingredients/mapped/Ossamycin.yaml	f922ed2a9c96de20b9b1c43e176e032fc3e19f06f25f3e5d7f87f8c74bc734aa	CHEBI:77735	Ossamycin	MAPPED	pass	../records.tsv (byte-identical source)
data/ingredients/mapped/Ox-bile.yaml	8b0dc19221048c60818fb13b2e8779108cac0b07e0e7d4f3d3a6e96ac9872165	MICRO:0000610	Ox-bile	MAPPED	pass	../records.tsv (byte-identical source)
data/ingredients/mapped/Oxacillin.yaml	483ee011b5bd3b6ee7222b835d80a6711c7f23ab4905f80bc98e723e4d798677	CHEBI:7809	Oxacillin	MAPPED	pass	../records.tsv (byte-identical source)
data/ingredients/mapped/Oxacillin_Sodium_Salt.yaml	00a5f6a9a9ebd1a155bac63760c81052b562d5f11afdc731d9db890579039332	CHEBI:52134	Oxacillin sodium salt	MAPPED	needs_curation	../records.tsv (byte-identical source)
data/ingredients/mapped/Oxalate.yaml	f3a130e2ae570a09e5ef3ce4d38ddfefcf841e85cd69cf5e79e5fe86d88b3d4b	CHEBI:132952	Oxalate	MAPPED	pass	../records.tsv (byte-identical source)
data/ingredients/mapped/Oxalic_Acid.yaml	5d1a4f8966fbaa89c5e4b9717bc35cc6da826c534730b80dcefcbe2fe634dc5f	CHEBI:16995	Oxalic Acid	MAPPED	needs_curation	../records.tsv (byte-identical source)
data/ingredients/mapped/Oxaloacetic_Acid.yaml	25388feab4bf69834aff16fbcfb204577771a12b809031590f3581f0612b126a	CHEBI:30744	Oxaloacetic acid	MAPPED	needs_curation	../records.tsv (byte-identical source)
data/ingredients/mapped/Oxamicetin.yaml	d32c9589bf3458d9e71e6963d332e648aa5ec22870e6a4609ba71614270f4e5e	CHEBI:220394	Oxamicetin	MAPPED	pass	../records.tsv (byte-identical source)
data/ingredients/mapped/Oxedrine.yaml	5eb4b86192ccfd6c50b8caa20af4ac766e720097ea3cb03ac72fdf29ec48a87a	CHEBI:29081	Oxedrine	MAPPED	pass	../records.tsv (byte-identical source)
data/ingredients/mapped/Oxolinate.yaml	220c4767393eae24268401601ceca9dffc40740cc4954d56e1270e94b9e7c0d7	CHEBI:59066	Oxolinate	MAPPED	pass	../records.tsv (byte-identical source)
data/ingredients/mapped/Oxonitine.yaml	876c712da7eaa522899c16b9b54e3b2d8dab03bbd367f6911d366edc9affa935	CHEBI:132646	Oxonitine	MAPPED	pass	../records.tsv (byte-identical source)
data/ingredients/mapped/Oxymatrine.yaml	7718abcb68737fffe6abb35f900f3d262621b728cff83cabe7c34b0a00345f46	CHEBI:2672	Oxymatrine	MAPPED	pass	../records.tsv (byte-identical source)
data/ingredients/mapped/Oxytetracycline.yaml	4afb7d012861b670058cec15634f6dd146b4abb78c4f2cdd910de21d57d32d34	CHEBI:27701	Oxytetracycline	MAPPED	pass	../records.tsv (byte-identical source)
data/ingredients/mapped/Oxytetracycline_Hydrochloride.yaml	75d4ab0025ee010f7c687a4ecfeea14c12afc583a51a9b7919e3b7d6c58b20ef	CHEBI:31953	Oxytetracycline hydrochloride	MAPPED	needs_curation	../records.tsv (byte-identical source)
data/ingredients/mapped/P-Coumaric_Acid.yaml	5e589b2160ba6d12a801fbcf3a44c010dfa0a1151e791606414914765711af41	CHEBI:32374	p-Coumaric acid	MAPPED	pass	../records.tsv (byte-identical source)
data/ingredients/mapped/P-Hydroxybenzyl_alcohol.yaml	d7db63e31a414a65a17f6f38de3141ff0b2892df81c734b5dd8f1254682759d3	CHEBI:67410	p-Hydroxybenzyl alcohol	MAPPED	pass	../records.tsv (byte-identical source)
data/ingredients/mapped/P-aminobenzoic_Acid.yaml	088498308b47b9a01c45baa4bfbb3a7a367949a08bb85b11cdfbc89f1a8ca91f	CHEBI:30753	p-Aminobenzoic acid	MAPPED	needs_curation	../records.tsv (byte-identical source)
data/ingredients/mapped/P-hydroxybenzoate.yaml	a5f785e7184586ae4885404a4e2ebe55f659611eb01f70edc35a6a6093149a73	CHEBI:17879	p-Hydroxybenzoate	MAPPED	needs_curation	../records.tsv (byte-identical source)
data/ingredients/mapped/P-ii_Metal_Solution.yaml	38530c0021197ca1c078ac3951af5f56cb428fedd9a7a41cd195732672b8db3f	kgmicrobe.ingredient:p-ii_metal_solution	P-II Metal Solution	MAPPED	pass	../records.tsv (byte-identical source)
data/ingredients/mapped/P-iv_Metal_Solution.yaml	8c16f6bcf88314fbcb9f56cd23d89d20a86435a61d8fdeff9a5dc3c6b3836399	kgmicrobe.ingredient:p-iv_metal_solution	P-IV Metal Solution	MAPPED	pass	../records.tsv (byte-identical source)
data/ingredients/mapped/P-lacto-N-neo-hexaose.yaml	ce65952dd839e7457fc89c9a85e2407c5cbce33d308c780e4abc73c98bd7d0c2	cas:64309-00-8	p-lacto-N-neo-hexaose	MAPPED	needs_curation	../records.tsv (byte-identical source)
data/ingredients/mapped/PBS.yaml	a48a1b7d25e336fab2f874026e118ecef0568460cc45a3c2d972721621e65692	kgmicrobe.ingredient:pbs	PBS	MAPPED	needs_curation	../records.tsv (byte-identical source)
data/ingredients/mapped/PIPES_Buffer.yaml	922e5db0a551c7b74e42409c70434df417999ec0d4afb530d88241cbeaaee163	kgmicrobe.ingredient:pipes_buffer	PIPES buffer	MAPPED	needs_curation	../records.tsv (byte-identical source)
data/ingredients/mapped/PIPES_Sesquisodium_Salt.yaml	ca21b5f27bcffef9d50b68671ab1aacccf4868cd48ff76b591c4620fd3258615	cas:100037-69-2	PIPES sesquisodium salt	MAPPED	needs_curation	../records.tsv (byte-identical source)
data/ingredients/mapped/PPLO_medium.yaml	672fbcc09a90a1b74637154e32cac55fe4d05112172091fc3a177e56e5465656	MICRO:0000094	PPLO medium	MAPPED	pass	../records.tsv (byte-identical source)
data/ingredients/mapped/PY-cellobiose.yaml	43affad15730fa118b5a490edeb105cc9ca4b3967851eede7a94addf4746683f	kgmicrobe.ingredient:py_cellobiose	PY-cellobiose	MAPPED	needs_curation	../records.tsv (byte-identical source)
data/ingredients/mapped/PY-fructose.yaml	44809853b4659af251e0de30e48eb959d678de126e40dacebddc68bd0561d5e6	kgmicrobe.ingredient:py_fructose	PY-fructose	MAPPED	needs_curation	../records.tsv (byte-identical source)
data/ingredients/mapped/PY-glucose-rumen_Fluid.yaml	0d9423c4dde8bee8140bab7b0cc6b27bcfa2e2a1c7c617ff454df19fbc17f777	kgmicrobe.ingredient:py_glucose_rumen_fluid	PY-glucose-rumen Fluid	MAPPED	needs_curation	../records.tsv (byte-identical source)
data/ingredients/mapped/PY-maltose.yaml	2541f490f2d97f40eb21139dfd94373a90d419f91aaeabd111e8af711d7f44f0	kgmicrobe.ingredient:py_maltose	PY-maltose	MAPPED	needs_curation	../records.tsv (byte-identical source)
data/ingredients/mapped/PY-pectin.yaml	fe00f8b6439c9d1c86c68ce20efdf672115465cd58b2455edf4ddf30c1e4a6e6	kgmicrobe.ingredient:py_pectin	PY-pectin	MAPPED	needs_curation	../records.tsv (byte-identical source)
data/ingredients/mapped/PYEG.yaml	59aa22d3f741cba3f712bb3294adc7abc1f1e6933dad74b9d79001299c88dd0a	kgmicrobe.ingredient:pyeg	PYEG	MAPPED	needs_curation	../records.tsv (byte-identical source)
data/ingredients/mapped/PYG-002_Tween_80.yaml	39aa2fd4d32cd75ab37ad154727c197daa5303d9d40fb21771c7bad63e6e489f	kgmicrobe.ingredient:pyg_0_02_tween_80	PYG-0.02% Tween 80	MAPPED	needs_curation	../records.tsv (byte-identical source)
data/ingredients/mapped/PYG.yaml	2560177ec64534d39f8b7a9a151bbddd08b70f1c34ce50d7cc6f603dd44ddb83	kgmicrobe.ingredient:pyg	PYG	MAPPED	needs_curation	../records.tsv (byte-identical source)
data/ingredients/mapped/PYGS.yaml	b5d43cabed7ee976f44bb5bbc6a3f0ecc127c9bb6097c36c9b5e7ba433aa6f52	kgmicrobe.ingredient:pygs	PYGS	MAPPED	needs_curation	../records.tsv (byte-identical source)
data/ingredients/mapped/PYG_Rumen_Fluid.yaml	833d1bf421b60fb474361c29a35f88d5702c790d5385221d6fa6757199801c01	kgmicrobe.ingredient:pyg_rumen_fluid	PYG + Rumen Fluid	MAPPED	needs_curation	../records.tsv (byte-identical source)
data/ingredients/mapped/Paclitaxel.yaml	7caf9b5282307690d58d82a4a02a3178d4c306ee2aa88d86f37d09f4e85afc44	CHEBI:45863	Paclitaxel	MAPPED	pass	../records.tsv (byte-identical source)
data/ingredients/mapped/Pactamycin.yaml	8c7b1a30c72b7edc30cc0e3cbd86ce2ba03d294e2d566c328f2a2be8a3b70afb	mesh:D010142	Pactamycin	MAPPED	needs_curation	../records.tsv (byte-identical source)
data/ingredients/mapped/Paeonol.yaml	7468e6b2855d84332185fc79448f9b2d8d7f24e9d4f206435637bd447336b119	CHEBI:69581	Paeonol	MAPPED	pass	../records.tsv (byte-identical source)
data/ingredients/mapped/Palatinose.yaml	e5011f3858a1b333eb0ed0943e023c8e9b278f7f5abf5cfa0b2015bda7e06816	CHEBI:18394	Palatinose	MAPPED	needs_curation	../records.tsv (byte-identical source)
data/ingredients/mapped/Palatinose_Hydrate.yaml	7d473a85cf46e31086d1cc784bff87a46f063740da598f5463454a6d70cce651	cas:343336-76-5	palatinose hydrate	MAPPED	needs_curation	../records.tsv (byte-identical source)
data/ingredients/mapped/Palladium_Ii_Chloride.yaml	40549ae546c0a85d0726700d8efce2a39b23e5011ea9c02d5a409f51c444f3e0	CHEBI:53434	Palladium(II) chloride	MAPPED	pass	../records.tsv (byte-identical source)
data/ingredients/mapped/Palmatine.yaml	e0c56889e7dfdffeb83606fb2f920c03e116afd136d9cec7c91939da77905461	CHEBI:16096	Palmatine	MAPPED	pass	../records.tsv (byte-identical source)
data/ingredients/mapped/Palmatine_Chloride.yaml	a08f77ff8383862aa6b297b9920e8f4db2f3c579acd2ff024053c55bbc1f2859	cas:10605-02-4	Palmatine chloride	MAPPED	pass	../records.tsv (byte-identical source)
data/ingredients/mapped/Palmitic_Acid.yaml	7e4cd72d2c70c3d9abebbeebf3d318f516e369fd24675967bd491a0ff60c93d1	CHEBI:15756	Palmitic acid	MAPPED	pass	../records.tsv (byte-identical source)
data/ingredients/mapped/Pamamycin.yaml	475300bb7e677226a9b74e2b945bc34cf086d0a3bd0e72c465e27293c79a4afe	mesh:C024500	Pamamycin	MAPPED	needs_curation	../records.tsv (byte-identical source)
data/ingredients/mapped/Pancreatic_Digest_of_Gelatin_Hardy_C6540.yaml	3e44872c2ca634be265957cf2acd84d13b226ac5b0ad03eab2088d9742e96855	MICRO:0000466	Pancreatic Digest of Gelatin (Hardy C6540)	MAPPED	pass	../records.tsv (byte-identical source)
data/ingredients/mapped/Pantothenate.yaml	be6e14f4aa70dd9de9dab6c1e75780dc2c53b92740294ee31fc9f71b25f7a354	CHEBI:16454	Pantothenate	MAPPED	pass	../records.tsv (byte-identical source)
data/ingredients/mapped/Pantothenic_Acid.yaml	81cad65307e45904d42106d96913301119bd95bcf0d4955b74538867d312dedc	CHEBI:7916	Pantothenic acid	MAPPED	pass	../records.tsv (byte-identical source)
data/ingredients/mapped/Para-aminosalicylic_Acid.yaml	3786e5420419e1692f1c87c804e1faf19ae88b5940f3e7314fc109942de15d10	CHEBI:27565	para-aminosalicylic acid	MAPPED	needs_curation	../records.tsv (byte-identical source)
data/ingredients/mapped/Parabanic_Acid.yaml	8fd9e61f4fd02bd754f880eb537709deef1dc4745f63c36ff16a1a96a3e0f46f	CHEBI:74661	Parabanic Acid	MAPPED	pass	../records.tsv (byte-identical source)
data/ingredients/mapped/Parachlorophenylalanine.yaml	534f4cc055986e7e223a233dc7b2f748a101e31a5a722b443db05d2b2e87824c	cas:7424-00-2	Parachlorophenylalanine	MAPPED	pass	../records.tsv (byte-identical source)
data/ingredients/mapped/Paraquat_Dichloride.yaml	a6770d70cd3154207c97c7d8883c25198ecc242ee65ea652e77920268ff69814	CHEBI:28786	Paraquat dichloride	MAPPED	pass	../records.tsv (byte-identical source)
data/ingredients/mapped/Paromomycin.yaml	f8a580646c2747f388d3afabc720987058a6e75aa3f3fe54bd55379da0e36cfc	CHEBI:7934	Paromomycin	MAPPED	pass	../records.tsv (byte-identical source)
data/ingredients/mapped/Paromomycin_Sulfate_Salt.yaml	aef109d09c857f66543bd72b0d96aa4c89c6e30b5502c03377bf6ace94d14ab5	CHEBI:7935	Paromomycin sulfate salt	MAPPED	needs_curation	../records.tsv (byte-identical source)
data/ingredients/mapped/Parthenolide.yaml	8cbe3d2ad70949744591b18e467f2cf954201a5a08ee509ef4eddfc6ce3abb35	CHEBI:7939	Parthenolide	MAPPED	pass	../records.tsv (byte-identical source)
data/ingredients/mapped/Pasteurized_Seawater.yaml	c8337f3734ed2617318db4a39a71c9ddb9ce015b7a357b5ee5e2e2f721f4559c	kgmicrobe.ingredient:pasteurized_seawater	Pasteurized Seawater	MAPPED	pass	../records.tsv (byte-identical source)
data/ingredients/mapped/Pea.yaml	5a54bdb7bf84d9b0db9cc7b32bf7d3263a55c390d9cb0048ae47c87ff9bf1b12	NCIT:C72056	Pea	MAPPED	needs_curation	../records.tsv (byte-identical source)
data/ingredients/mapped/Pectin.yaml	3489bfd4caa455faadf6c0e474ad1eac96b4f69ce89518e922c1e8ebc70c06c2	CHEBI:17309	Pectin	MAPPED	pass	../records.tsv (byte-identical source)
data/ingredients/mapped/Pediocin.yaml	7fc1666ae5e34bcf7dcf45978d86fc6e61db0515a09c89c5d50c05fcef50dc7c	cas:133108-87-9	Pediocin	MAPPED	pass	../records.tsv (byte-identical source)
data/ingredients/mapped/Pefloxacin.yaml	ca3b290361c76617c6a7af19e1a3848b334e0d5475dc29aba1498a7778ac9d5a	CHEBI:50199	Pefloxacin	MAPPED	pass	../records.tsv (byte-identical source)
data/ingredients/mapped/Penicillin.yaml	875596b5c1a03895fb177f25cb0d2a05bcf9c264bd5b5954e42de00e4c5ca43a	CHEBI:17334	Penicillin	MAPPED	pass	../records.tsv (byte-identical source)
data/ingredients/mapped/Penicillin_G.yaml	2d483390c8bfee6dfc15ecab8d04eff3068aa518fecd2ee3d9eeaa8a0459a63a	CHEBI:51765	Penicillin g	MAPPED	needs_curation	../records.tsv (byte-identical source)
data/ingredients/mapped/Pentachlorophenol.yaml	a4f8e1949ce6fe05bfa6ba13ee3a2bab95674122ecd3914cc41e53b22937a5d3	CHEBI:17642	Pentachlorophenol	MAPPED	pass	../records.tsv (byte-identical source)
data/ingredients/mapped/Pentasodium_Tripolyphosphate_Hexahydrate.yaml	0d286e94e1883e3877fe4ae847c3cf8c889d1aa6daaeb45ff89255caebaf7de1	cas:15091-98-2	Pentasodium tripolyphosphate hexahydrate	MAPPED	pass	../records.tsv (byte-identical source)
data/ingredients/mapped/Peptone-yeast_Extract-glucose.yaml	e4594106002c7e2d51922d22ea48f16a6f4a35b9ceb148fae129271453593cc7	kgmicrobe.ingredient:peptone_yeast_extract_glucose	Peptone-yeast Extract-glucose	MAPPED	pass	../records.tsv (byte-identical source)
data/ingredients/mapped/Peptone.yaml	e00551197758fb417846becc5c14e931f614bc00887609b8749d734ad2f8d4aa	MICRO:0000178	Peptone	MAPPED	needs_curation	../records.tsv (byte-identical source)
data/ingredients/mapped/Peptone_Beef_Extract_Yeast_Extract.yaml	49e7a167fca66a424c4eb725784d9c2e8f3870519a5a283dd62e3896d03f1139	kgmicrobe.ingredient:peptone_beef_extract_yeast_extract	Peptone + Beef Extract + Yeast Extract	MAPPED	pass	../records.tsv (byte-identical source)
data/ingredients/mapped/Peptone_Yeast_Extract.yaml	90be7b1c6cdc8ff087497dfea1c920d5705a56ef6c0bea156ada6d26c6754d3a	kgmicrobe.ingredient:peptone_yeast_extract	Peptone + Yeast Extract	MAPPED	pass	../records.tsv (byte-identical source)
data/ingredients/mapped/Perillic_Acid.yaml	2d14fe1e3ceb9d7acee507084d4c5fac6d0528738c357b129d49d2866ef94e97	CHEBI:109544	Perillic Acid (-)	MAPPED	pass	../records.tsv (byte-identical source)
data/ingredients/mapped/Perillyl_Alcohol.yaml	9ab073e0ef2fd625757d15523bf9f764cc0f166f413744627119b6539f5b38ec	CHEBI:15420	Perillyl Alcohol	MAPPED	pass	../records.tsv (byte-identical source)
data/ingredients/mapped/Peroxynitrite.yaml	0721c5821bc44ac3641bd93f146500f3c7cbaf65273ff72e8bb613224735873a	CHEBI:25941	peroxynitrite	MAPPED	pass	../records.tsv (byte-identical source)
data/ingredients/mapped/Peucenin.yaml	d6cc9e1d0525f2d210c2a4abead687b1e1d078605a19eff9973a98acc7bde9bf	cas:578-72-3	Peucenin	MAPPED	pass	../records.tsv (byte-identical source)
data/ingredients/mapped/Phenanthrene.yaml	8717a062fbde093071075b6a27107d7923a21fcc70773ed49aa4c64d79888168	CHEBI:28851	Phenanthrene	MAPPED	pass	../records.tsv (byte-identical source)
data/ingredients/mapped/Phenazine-1-carboxylic_Acid.yaml	346fa58082b50b25652f2a123c709ad651f3784e6d3f509941044516175d89eb	CHEBI:62412	Phenazine-1-carboxylic acid	MAPPED	pass	../records.tsv (byte-identical source)
data/ingredients/mapped/Phenazine_Ethosulfate.yaml	a9338d24f4b4bbae9222a89f15c94d86931b5770ad3471376fa9369d3465f9bf	cas:10510-77-7	Phenazine ethosulfate	MAPPED	pass	../records.tsv (byte-identical source)
data/ingredients/mapped/Phenazine_Methosulfate.yaml	7d9a51879842dc5906e27942357405709067506fda3ca38e00c9dc591585cb88	CHEBI:8055	Phenazine methosulfate	MAPPED	pass	../records.tsv (byte-identical source)
data/ingredients/mapped/Phenethylamine_Hydrochloride.yaml	1283e083fbb866db9d9202fdb1b08fbbf2de4016993395ca5f18644e5fc0f320	CHEBI:18397	2-phenylethylamine	MAPPED	needs_curation	../records.tsv (byte-identical source)
data/ingredients/mapped/Phenol.yaml	88331db9c69efce76716baa57f6a5a3952232fad09df9ea31d914f3fbf86e1ef	CHEBI:15882	Phenol	MAPPED	needs_curation	../records.tsv (byte-identical source)
data/ingredients/mapped/Phenol_Red.yaml	4e2b528c26a9528ceda34065306bc9f995ab137ef2cb0a00d8fc3a34f0f18061	CHEBI:31991	Phenol red	MAPPED	needs_curation	../records.tsv (byte-identical source)
data/ingredients/mapped/Phenoxyacetic_Acid.yaml	80890823dd8c57646295789369df5cffef41feebc04ff068eaff6c611e73d586	CHEBI:8075	Phenoxyacetic acid	MAPPED	pass	../records.tsv (byte-identical source)
data/ingredients/mapped/Phenoxymethylpenicillin.yaml	caf23ee15ad4d3880ae1e0a0772051987c9c0ab971de7d4c5b6fe8ec135afa9e	CHEBI:27446	Phenoxymethylpenicillin	MAPPED	pass	../records.tsv (byte-identical source)
data/ingredients/mapped/Phenyl_Acetic_Acid.yaml	9b3c34056f552c0fe0d5645ba43b914fdf287f85c7afd1cafd2fd0a19a08bc58	CHEBI:30745	Phenyl acetic acid	MAPPED	needs_curation	../records.tsv (byte-identical source)
data/ingredients/mapped/Phenyl_Propionic_Acid.yaml	c7427202090ac253d767e40085c15ae1492991ca4f971148c33e4124fcf29dc5	CHEBI:28631	Phenyl propionic acid	MAPPED	needs_curation	../records.tsv (byte-identical source)
data/ingredients/mapped/Phenyl_acetate.yaml	3643c939f0eefda6f9e65982280615781b016a6949b4fb153ae853b1179cee68	CHEBI:8082	Phenyl acetate	MAPPED	pass	../records.tsv (byte-identical source)
data/ingredients/mapped/Phenylacetate.yaml	8248613004dd43fa27bda5c4a7619610a8e73c2d60cdc26239f8368ec107ebc2	CHEBI:18401	Phenylacetate	MAPPED	pass	../records.tsv (byte-identical source)
data/ingredients/mapped/Phenylenediamine.yaml	2a5127933757482cd2c5569bda4c19762a0e04da70e54fd7e7050c6fef0f522e	CHEBI:51402	Phenylenediamine	MAPPED	needs_curation	../records.tsv (byte-identical source)
data/ingredients/mapped/Phenylethylamine.yaml	0cb412ae37555c7f85ce2d8e94d228c4d0b894cf2d6d5781736395fa2976d0b2	CHEBI:50048	Phenylethylamine	MAPPED	pass	../records.tsv (byte-identical source)
data/ingredients/mapped/Phleomycin.yaml	c266e3fe3a6c7c48dcda848b6c11bd34126084daf671b92e0f9aa291bf942978	CHEBI:75044	Phleomycin	MAPPED	needs_curation	../records.tsv (byte-identical source)
data/ingredients/mapped/Phloretin.yaml	0ec15d6077e8a7a67ae5637399a6872722fb0c7a6be6bd4164f65608c66c6bb2	CHEBI:17276	Phloretin	MAPPED	pass	../records.tsv (byte-identical source)
data/ingredients/mapped/Phloridzin.yaml	b930c4487ade008d658b26819e9ceda064974684a725af53c36ba9b4bd024689	CHEBI:8113	Phloridzin	MAPPED	pass	../records.tsv (byte-identical source)
data/ingredients/mapped/Phoslactomycin.yaml	668d501fc6afdf4e76ff8dfc0021a3e1351c923dae7dfa2a38e17e0c207dda7d	kgmicrobe.compound:phoslactomycin	Phoslactomycin	MAPPED	needs_curation	../records.tsv (byte-identical source)
data/ingredients/mapped/Phosphate_Buffer.yaml	b7dbf9e01a946b4d1e3f4df66240769545d1f9fa4e693f866187ae6a5b7b4ed9	NCIT:C29321	Phosphate buffer	MAPPED	needs_curation	../records.tsv (byte-identical source)
data/ingredients/mapped/Phosphate_Buffer_Stock_Solution.yaml	34a52253b225cbd59e419fa0c2adbe9e184c871c0ab8803428c4748cb10fab11	kgmicrobe.ingredient:phosphate_buffer_stock_solution	Phosphate Buffer Stock Solution	MAPPED	needs_curation	../records.tsv (byte-identical source)
data/ingredients/mapped/Phosphocholine.yaml	a516dd34c90f45a7de4380e27de3403f5927c169b20f2022795e7f45d1d226aa	CHEBI:18132	Phosphocholine	MAPPED	pass	../records.tsv (byte-identical source)
data/ingredients/mapped/Phosphomycin_Disodium_Salt.yaml	708c721ef6206ab2e92e3d797a8e632bb593840dc9c915a183fa9a594e37c61c	cas:26016-99-9	Phosphomycin disodium salt	MAPPED	needs_curation	../records.tsv (byte-identical source)
data/ingredients/mapped/Phosphorous_Acid.yaml	70778911888e967afa6b97025a00657e323a19f6726a60834ff4b63bf10c497b	CHEBI:36361	phosphorous acid	MAPPED	needs_curation	../records.tsv (byte-identical source)
data/ingredients/mapped/Phyllomycin.yaml	8eaeb70e9ff49504cb58f68eac6d86fcd7710fb7bf71d1ef9d855df9ed9f35b2	kgmicrobe.compound:phyllomycin	Phyllomycin	MAPPED	needs_curation	../records.tsv (byte-identical source)
data/ingredients/mapped/Physcion.yaml	679b5807aa2201ead04cfcf208ec55bd851e6f514e77a03b23055cbfb37e052f	CHEBI:38167	Physcion	MAPPED	pass	../records.tsv (byte-identical source)
data/ingredients/mapped/Phytone.yaml	785d55067681c80dc7be4cf566d81f18389aa031f484badf379618993075b29b	FOODON:03315720	Phytone	MAPPED	needs_curation	../records.tsv (byte-identical source)
data/ingredients/mapped/Picolinic_Acid.yaml	21347f52f0ca32128fec190178eb239c856c60f6a6ae718c2008c7b9372d4bb7	CHEBI:28747	Picolinic acid	MAPPED	pass	../records.tsv (byte-identical source)
data/ingredients/mapped/Picropodophyllin.yaml	5b7d38480b9b9b110bc28025e0aed56324b0c6dcad9d9540fa0b7252bedf95f7	CHEBI:75251	Picropodophyllin	MAPPED	pass	../records.tsv (byte-identical source)
data/ingredients/mapped/Picrotoxinin.yaml	f89ed1619cf8e4b3dd537b2228837f2a9bce61c7de8867b75832cea580cab297	CHEBI:8206	Picrotoxinin	MAPPED	pass	../records.tsv (byte-identical source)
data/ingredients/mapped/Piericidin.yaml	35608c3b84faf31afaaa70cb9ab689fc7aec10dbd39a7cf3e621e41080942a7d	kgmicrobe.compound:piericidin	Piericidin	MAPPED	pass	../records.tsv (byte-identical source)
data/ingredients/mapped/Pimelic_Acid.yaml	329daabd1312334100b7865067000d51e2f0b5ee3c10203d319dfeff72bb54fb	CHEBI:30531	Pimelic acid	MAPPED	pass	../records.tsv (byte-identical source)
data/ingredients/mapped/Pimpinellin.yaml	376c2cdfbdbeb361588b2520dec8fe88ff04e89ca4dea2acf75237d1a92f26a6	CHEBI:8213	Pimpinellin	MAPPED	pass	../records.tsv (byte-identical source)
data/ingredients/mapped/Pinene.yaml	98f9016c63c77549816925a49102044f3f1bdaa98e25fded7cfc165b094a04a2	CHEBI:17187	pinene	MAPPED	needs_curation	../records.tsv (byte-identical source)
data/ingredients/mapped/Piperacillin.yaml	d353da79059fe38bf27abd0390d0c080a687593186b39c87d4dc9230012f81a9	CHEBI:8232	Piperacillin	MAPPED	pass	../records.tsv (byte-identical source)
data/ingredients/mapped/Piperacillin_Sodium_Salt.yaml	0e02c4ebf72eab46e6cb37a43cd7967aa396c5aad3ac732901a8382830d9c546	CHEBI:8233	Piperacillin sodium salt	MAPPED	needs_curation	../records.tsv (byte-identical source)
data/ingredients/mapped/Piperic_Acid.yaml	88a686415638d1d84af43a604352d66f06fcdbb849211d79a7a375533ca45fd5	cas:5285-18-7	Piperic acid	MAPPED	needs_curation	../records.tsv (byte-identical source)
data/ingredients/mapped/Piperine.yaml	a2fb6e3b948d8f9f2c82e736b11c56286d0b1b151ebad470000a340957c4e0ff	CHEBI:28821	Piperine	MAPPED	pass	../records.tsv (byte-identical source)
data/ingredients/mapped/Pipes.yaml	b1c03abbda78f24f8a0c533d6e25e4e067da3f54558fc53295348b244b66d28a	CHEBI:39033	PIPES	MAPPED	pass	../records.tsv (byte-identical source)
data/ingredients/mapped/Piplartine.yaml	269bfe3905562404887757d4d72b368d021bd7d301e7a88844b7f211ffa2de89	CHEBI:8241	Piplartine	MAPPED	pass	../records.tsv (byte-identical source)
data/ingredients/mapped/Planctomyces_mineral_salts.yaml	7c4b4c8d65f89f53e9591f503c22440d11a096bbb109f690f0c68de22d3a5cd3	kgmicrobe.ingredient:planctomyces_mineral_salts	Planctomyces_mineral_salts	MAPPED	needs_curation	../records.tsv (byte-identical source)
data/ingredients/mapped/Planctomyces_trace_element_solution.yaml	837b3f397aa861e76aaf4e9f973418b8f6f9f2ce24de8a60ef58d3d746e98587	kgmicrobe.ingredient:planctomyces_trace_element_solution	Planctomyces_trace_element_solution	MAPPED	needs_curation	../records.tsv (byte-identical source)
data/ingredients/mapped/Planctomyces_vitamin_mix.yaml	3ccd97f5cca509e4945b7d818c9388ee71271e68298c8b19ce313b954deee9db	kgmicrobe.ingredient:planctomyces_vitamin_mix	Planctomyces_vitamin_mix	MAPPED	needs_curation	../records.tsv (byte-identical source)
data/ingredients/mapped/Plastic.yaml	28cae78f0d3cbb3206d80ffb1afb04a6ec59d30bd3392ead880ed3c02cab8dc0	ENVO:06105101	Plastic	MAPPED	pass	../records.tsv (byte-identical source)
data/ingredients/mapped/Platinum_Iv_Chloride.yaml	77d7978a2300137ce6a26dbf3ae93d009a03f015a2341587ffe6df45ba180acd	cas:13454-96-1	platinum (IV) chloride	MAPPED	pass	../records.tsv (byte-identical source)
data/ingredients/mapped/Plicacetin.yaml	ffde85dac31cd112ee4c0ca4ed5f3750bc7e1bd6d943648ffd7264af087ee6bc	mesh:C000633628	Plicacetin	MAPPED	pass	../records.tsv (byte-identical source)
data/ingredients/mapped/Plumbagin.yaml	154e3d6ee5d766c66700ff16d71383986b7efe82a3618470d26c6094e52dd4fa	CHEBI:8273	Plumbagin	MAPPED	pass	../records.tsv (byte-identical source)
data/ingredients/mapped/Plumbemycin_A.yaml	98404d244a27f26f124b5aeabb60929453c95e1cb62baa1cb621317bc9f9d515	mesh:C096638	Plumbemycin A	MAPPED	needs_curation	../records.tsv (byte-identical source)
data/ingredients/mapped/Plumbemycin_B.yaml	64e8a88921fa785f12f6a9027a45c95dd38b9244f4129fe920591d2aaabf0f90	mesh:C096639	Plumbemycin B	MAPPED	needs_curation	../records.tsv (byte-identical source)
data/ingredients/mapped/Pluramycin_A.yaml	032b55fd9f1dbabfcc795f04f6426413ea0f23718f269b736e8888e260507317	kgmicrobe.compound:pluramycin_a	Pluramycin A	MAPPED	needs_curation	../records.tsv (byte-identical source)
data/ingredients/mapped/Poly(ethylene_Terephthalate).yaml	01d35aba45b0dce23c62d9d1349007ab83747fd163415f98b919586799ec8173	CHEBI:53259	Poly(ethylene Terephthalate)	MAPPED	pass	../records.tsv (byte-identical source)
data/ingredients/mapped/Poly-beta-hydroxyalkanoate.yaml	59f6445f65d797ce232d4df3790c8a8f8173d87fe5b8903e50cd89139119d146	CHEBI:78037	Poly-beta-hydroxyalkanoate	MAPPED	pass	../records.tsv (byte-identical source)
data/ingredients/mapped/Poly_3-hydroxybutyrate.yaml	756a84a31ed953b782a4ddc31b346401ddceb3d12260d39d32e9fabb8c88310d	CHEBI:53389	Poly(3-hydroxybutyrate)	MAPPED	needs_curation	../records.tsv (byte-identical source)
data/ingredients/mapped/Poly_3-hydroxybutyric_Acid.yaml	7b40c7f28a9424e0cda7c685c3c53d839d54193ac278f265a461a29afaa53c34	cas:29435-48-1	Poly(3-hydroxybutyric acid)	MAPPED	needs_curation	../records.tsv (byte-identical source)
data/ingredients/mapped/Poly_L-lysine_Polymer.yaml	78eed5f98aeb1643c346cf7dab73b62c176808a283ea24398acaa913bbb28de6	CHEBI:61490	poly(L-lysine) polymer	MAPPED	needs_curation	../records.tsv (byte-identical source)
data/ingredients/mapped/Poly_L_Lysine_Polymer.yaml	dab5bbe712a5b6d7361483bb53e6cf36cfb740c9618bc811e1a8cdce8614257a	CHEBI:61490	Poly L Lysine Polymer	REJECTED	excluded_rejected	../records.tsv (byte-identical source)
data/ingredients/mapped/Polychlorobiphenyl.yaml	0a78c3224fdd51fc595f8dccb6b819a98af3ba1f06c1b734791acce8c1d758b9	CHEBI:53156	Polychlorobiphenyl	MAPPED	pass	../records.tsv (byte-identical source)
data/ingredients/mapped/Polyethylene_Glycol.yaml	eec9979fc7a5c234440476242c5fc374da810c2dce0f574a7495c34af47344fb	CHEBI:46793	Polyethylene glycol	MAPPED	pass	../records.tsv (byte-identical source)
data/ingredients/mapped/Polygalacturonic_Acid.yaml	71217e544fdd05389911435778dbf66db3e0a26abc9a20fc253c2cd09621ceae	CHEBI:62969	polygalacturonic acid	MAPPED	needs_curation	../records.tsv (byte-identical source)
data/ingredients/mapped/Polygalacturonic_Acid_Sodium_Salt.yaml	a668329173c460300865e2b65b41ad0377145ecbcbaeb147a13099cc2d3ccca7	cas:9049-37-0	Polygalacturonic acid sodium salt	MAPPED	needs_curation	../records.tsv (byte-identical source)
data/ingredients/mapped/Polymyxin.yaml	ed10633bed6fdb61e7e5ab310ba80a34985a32fe0f16668854ba954fecf44076	CHEBI:59062	Polymyxin	MAPPED	pass	../records.tsv (byte-identical source)
data/ingredients/mapped/Polymyxin_B.yaml	74782c87ad73497d8e54e3c9ca427aa4e79d8f8bba61d00ac1188ddff2c6bf7d	NCIT:C61894	Polymyxin B	MAPPED	pass	../records.tsv (byte-identical source)
data/ingredients/mapped/Polymyxin_B_Sulfate.yaml	4bd186e59643cdb4ce53535a0b84f14714eefdaa42e6336c3ee316fa4e9ec3a2	CHEBI:8310	Polymyxin B sulfate	MAPPED	needs_curation	../records.tsv (byte-identical source)
data/ingredients/mapped/Polypeptone.yaml	5ecabcf8a37d4c2218e12fb3112f17b79d103abfa5f0a6a64322d7bf19c56baa	FOODON:03315306	Polypeptone	MAPPED	needs_curation	../records.tsv (byte-identical source)
data/ingredients/mapped/Polysaccharides.yaml	583489e8d9d64698c6ab6d62f658d4980db63f3199a22031ff7c6642ccd4a99a	CHEBI:18154	Polysaccharides	MAPPED	pass	../records.tsv (byte-identical source)
data/ingredients/mapped/Polyvinyl_alcohol.yaml	ea2964309cddfd7d9c7e2facda44142d6a70561fd4eaaf37313aecefa671a628	CHEBI:17246	Polyvinyl alcohol	MAPPED	pass	../records.tsv (byte-identical source)
data/ingredients/mapped/Porcine_Serum.yaml	55db34244beed3a4065dba84ff2c4dba1d41c4434948bbf85834b86cc2f3b131	MICRO:0001238	Porcine serum	MAPPED	pass	../records.tsv (byte-identical source)
data/ingredients/mapped/Porfiromycin.yaml	a49409c5ddef01695dfabe24d8e3e6475d5f9e4772cbb1c0d5ec8120b2b35337	CHEBI:208611	Porfiromycin	MAPPED	pass	../records.tsv (byte-identical source)
data/ingredients/mapped/Porphyran.yaml	cb718edbc15023a68df4058a7436d3f9e4c04afe4a2e943c8c7763d088835209	mesh:C038549	Porphyran	MAPPED	pass	../records.tsv (byte-identical source)
data/ingredients/mapped/Porphyrin.yaml	dc1c24d0cf9a5cfff4b2abf0bfa47e639112bab9c9c49d32ae01aa586dc542b4	CHEBI:8337	Porphyrin	MAPPED	pass	../records.tsv (byte-identical source)
data/ingredients/mapped/Potassium.yaml	3be945e7d239f690f5550b6393225eb8b945d0f262b82dc820178c821f4bca3e	NCIT:C765	Potassium	MAPPED	pass	../records.tsv (byte-identical source)
data/ingredients/mapped/Potassium_2-dehydro-D-gluconate.yaml	5b54794193a12e3c010101f6202703f46b86ba1c16394e0f98eb22e9b3df7777	kgmicrobe.compound:potassium_2-dehydro-d-gluconate	Potassium 2-dehydro-D-gluconate	MAPPED	needs_curation	../records.tsv (byte-identical source)
data/ingredients/mapped/Potassium_2-ketogluconate.yaml	e237c24d77d003f1e9e2f501b085bcb50d6b235816fa97bf76dea4b762e2b760	kgmicrobe.compound:potassium_2-ketogluconate	Potassium 2-ketogluconate	MAPPED	needs_curation	../records.tsv (byte-identical source)
data/ingredients/mapped/Potassium_4-aminobenzoate.yaml	e793bbb04e9fc5f22867c42c46ec022e02ebdeb15ff0c0346a0cc51d9f45a32b	cas:138-84-1	Potassium 4-aminobenzoate	MAPPED	pass	../records.tsv (byte-identical source)
data/ingredients/mapped/Potassium_5-dehydro-D-gluconate.yaml	fcf4b55d2ab4a3d6b3a1216c07d1ba1f97156ffac3a277efda62fb850bb1b017	kgmicrobe.compound:potassium_5-dehydro-d-gluconate	Potassium 5-dehydro-D-gluconate	MAPPED	needs_curation	../records.tsv (byte-identical source)
data/ingredients/mapped/Potassium_5-ketogluconate.yaml	1245f80cfb84e59c6a973a2af632e1833763ba446e6627089ee51e8ecd4f429c	kgmicrobe.compound:potassium_5-ketogluconate	Potassium 5-ketogluconate	MAPPED	needs_curation	../records.tsv (byte-identical source)
data/ingredients/mapped/Potassium_Aluminum_Chloride.yaml	a257d091eac80a0ed11f02f15d3cd3dcc478d508af28d8aa58adfc0d96ebb0f1	cas:74978-20-4	Potassium aluminum chloride	MAPPED	needs_curation	../records.tsv (byte-identical source)
data/ingredients/mapped/Potassium_Aspartate.yaml	72c960b5ed5e34dd361fad95e3584761f35d5bc00e8be0659c40ea416d79d956	NCIT:C87343	Potassium Aspartate	MAPPED	pass	../records.tsv (byte-identical source)
data/ingredients/mapped/Potassium_Citramalate_Monohydrate.yaml	db4dffe725341b25204763b9ad2ae253a125e6e9356bb6a4c55a81f7fd9510a2	cas:1030365-02-6	potassium citramalate monohydrate	MAPPED	needs_curation	../records.tsv (byte-identical source)
data/ingredients/mapped/Potassium_Dichromate.yaml	420d884a8e8481af2f6cd5c7ec5576f2fde303a5c3dde3795a2bd046598cf35a	CHEBI:53444	Potassium dichromate	MAPPED	pass	../records.tsv (byte-identical source)
data/ingredients/mapped/Potassium_Fluoride.yaml	6ff041333c1cbccfafbea022489a95ff8b8464f8501c96e1c39c4eec04af8b74	CHEBI:66872	potassium fluoride	MAPPED	pass	../records.tsv (byte-identical source)
data/ingredients/mapped/Potassium_Gluconate.yaml	573ae3248cf04cb15a68a2c373e4a66cc1d73029d63126cf8a7dcf2ada448838	CHEBI:32032	Potassium Gluconate	MAPPED	pass	../records.tsv (byte-identical source)
data/ingredients/mapped/Potassium_Hexahydroxoantimonate.yaml	2e185a665f42cf92fd7bc4ae84cc33b718e103cbda9aafdb18df8d6fd9881cfb	cas:12208-13-8	potassium hexahydroxoantimonate	MAPPED	pass	../records.tsv (byte-identical source)
data/ingredients/mapped/Potassium_Oxalate_Monohydrate.yaml	d9df1aa085a2028b72c71ffd4a3ede59c745b30d634080e172722a7107359557	cas:6487-48-5	Potassium oxalate monohydrate	MAPPED	needs_curation	../records.tsv (byte-identical source)
data/ingredients/mapped/Potassium_Phosphate_Buffer.yaml	9a33ce5d93f8928878ab1309f834d49f505d27abf4d5ee41e23b79a40a2ac40e	kgmicrobe.ingredient:potassium_phosphate_buffer	Potassium phosphate buffer	MAPPED	needs_curation	../records.tsv (byte-identical source)
data/ingredients/mapped/Potassium_Phosphate_Dibasic_Trihydrate.yaml	c4fb96e92fd3ccbe4aa107fea350c8444633f992cf4758b5f21a6f86c804bc14	cas:16788-57-1	Potassium phosphate dibasic trihydrate	MAPPED	needs_curation	../records.tsv (byte-identical source)
data/ingredients/mapped/Potassium_Polysulfide.yaml	06370934e624bbe94ac663f04b44245f1a40653617e26eee64c6eba32635c73b	cas:37199-66-9	potassium (poly)sulfide	MAPPED	pass	../records.tsv (byte-identical source)
data/ingredients/mapped/Potassium_Tellurate_Hydrate.yaml	b062db7d0316253fd233b8abeaf80d033662a9c589388afd7cb3a9b8aeb36ddf	cas:314041-10-6	potassium tellurate hydrate	MAPPED	needs_curation	../records.tsv (byte-identical source)
data/ingredients/mapped/Potassium_Tellurite.yaml	4a9469bc6ad11090a02da80dfc9bb74668f368fc355959047855cc0578f16fdc	CHEBI:75248	potassium tellurite	MAPPED	pass	../records.tsv (byte-identical source)
data/ingredients/mapped/Potassium_Tellurite_Hydrate.yaml	735b11f99cfecd6bf56b7dabc1808035f4aaaeaa5372b036df8f6fc874285a58	cas:123333-66-4	Potassium tellurite hydrate	MAPPED	needs_curation	../records.tsv (byte-identical source)
data/ingredients/mapped/Potato_Flour.yaml	2cf43ad2954e7517837f349ce1be10888f085c253461b2d3f20254bb19673140	FOODON:03302378	Potato flour	MAPPED	pass	../records.tsv (byte-identical source)
data/ingredients/mapped/Pradimicin.yaml	7ee0366e770bec536db8fb37a95c8071cf7d2a43af718238698c55043c62e022	CHEBI:83230	Pradimicin	MAPPED	pass	../records.tsv (byte-identical source)
data/ingredients/mapped/Pravastatin.yaml	2de43dd730e136f3dd522e262deca21023a1292b159b8c0c07efcdc3d1a1f786	CHEBI:63618	Pravastatin	MAPPED	pass	../records.tsv (byte-identical source)
data/ingredients/mapped/Pravastatin_Lactone.yaml	32e6c6c1bbbe961cdd1d6fc6bd6aeee123bf32592a36c9e383f8a0e79ee76026	CHEBI:145933	Pravastatin lactone	MAPPED	pass	../records.tsv (byte-identical source)
data/ingredients/mapped/Prenyletin.yaml	6a12893db38cf4a99973064f8a12af00ada69f7701dc569819bffa53f96362a4	cas:15870-91-4	Prenyletin	MAPPED	pass	../records.tsv (byte-identical source)
data/ingredients/mapped/Pretomanid.yaml	8e100fd9d25e0204509097995204a57604d124d99bb72e613376f38733d4cfea	cas:187235-37-6	Pretomanid	MAPPED	pass	../records.tsv (byte-identical source)
data/ingredients/mapped/Primocarcin.yaml	85f53866d54960d94b988bf028e757106a7465cdc2423b9e66b8813144756120	kgmicrobe.compound:primocarcin	Primocarcin	MAPPED	pass	../records.tsv (byte-identical source)
data/ingredients/mapped/Pristinamycin.yaml	6efefbf1fbcac70724e4652cb645a661e6da48c7303f4179cc9c10f0d7f36e26	CHEBI:85274	Pristinamycin	MAPPED	pass	../records.tsv (byte-identical source)
data/ingredients/mapped/Procaine_Hydrochloride.yaml	4397f70b9b8b4b1d18d56504c5b1978f14e8e7dad691fee734dd8f2e58aa2e9c	CHEBI:8431	Procaine hydrochloride	MAPPED	pass	../records.tsv (byte-identical source)
data/ingredients/mapped/Proline.yaml	3e61bdcb6aaa68b6f0d188489811526edd438ec7ccab6574a601effa9dd62df2	CHEBI:26271	Proline	MAPPED	needs_curation	../records.tsv (byte-identical source)
data/ingredients/mapped/Propan-1-ol.yaml	7c8b62693704392195c5fe8c9b750ed506b6e85e825952af2f5d3c7b2cd04812	CHEBI:28831	Propan-1-ol	MAPPED	pass	../records.tsv (byte-identical source)
data/ingredients/mapped/Propandiamine.yaml	c336e3e5b11bb8a618a61c3e357f56f11d03d95c2e106e85b9856ee1ce7c3c5f	CHEBI:15725	Propandiamine	MAPPED	pass	../records.tsv (byte-identical source)
data/ingredients/mapped/Propidium_Iodide.yaml	4d9233e2feed462bda6d49f32627c24e8b1aee1aee1664d2ad4e70889e8cbb68	CHEBI:51240	Propidium iodide	MAPPED	pass	../records.tsv (byte-identical source)
data/ingredients/mapped/Propionamide.yaml	4896cfa5bc729d835bb15d8d3ecfd09febe061582e977512425ed517d7dafcd9	CHEBI:45422	Propionamide	MAPPED	pass	../records.tsv (byte-identical source)
data/ingredients/mapped/Propionate.yaml	40f0903bb4231ac4bd473c3ea2e8fac6ef5a6fb2d5b9703734908e5addcf3254	CHEBI:17272	Propionate	MAPPED	pass	../records.tsv (byte-identical source)
data/ingredients/mapped/Propionic_Acid.yaml	692dd05a261b65d660874ef1b910d609c4b4bcb9c41da730de02ae9a00d8cdc7	CHEBI:30768	Propionic acid	MAPPED	needs_curation	../records.tsv (byte-identical source)
data/ingredients/mapped/Proteose.yaml	a073604df8971479f320374f15391cb72d28fa8ceb52aadb8dc61c88f7b39829	kgmicrobe.compound:proteose	Proteose	MAPPED	pass	../records.tsv (byte-identical source)
data/ingredients/mapped/Proteose_Peptone.yaml	c0541faf7f493f617c3f92f8082a1aab6052aa3fa392f802534e201b50ace34e	MICRO:0000180	Proteose Peptone	MAPPED	needs_curation	../records.tsv (byte-identical source)
data/ingredients/mapped/Proteose_Peptone_No_2.yaml	af94aaec0512002f2a0bc17f08a78937b0ed877ed419d232904e6553464890de	kgmicrobe.ingredient:proteose_peptone_no_2	Proteose peptone no. 2	MAPPED	needs_curation	../records.tsv (byte-identical source)
data/ingredients/mapped/Protocatechualdehyde.yaml	6603dd979836a82ee82e35fb1112a76eb0bd57a4a41b0e1a8f860dfcb8e97a8b	CHEBI:50205	Protocatechualdehyde	MAPPED	pass	../records.tsv (byte-identical source)
data/ingredients/mapped/Protocatechuate.yaml	fe11a356541481b410119c56c75dc2cf0eda5918943332c8e2cea499fd281cbf	CHEBI:36241	Protocatechuate	MAPPED	pass	../records.tsv (byte-identical source)
data/ingredients/mapped/Protocatechuic_Acid.yaml	11ff4bbf3d8ba1e49c76cd6a6400d37628018a097d7e99b9bdda3b92a6151c42	CHEBI:36062	Protocatechuic Acid	MAPPED	pass	../records.tsv (byte-identical source)
data/ingredients/mapped/Protoporphyrin.yaml	72242002c9e9cdcb6a7bff7850daef811465044f8a0faea0a62f7b5c38ed8941	CHEBI:15430	Protoporphyrin	MAPPED	pass	../records.tsv (byte-identical source)
data/ingredients/mapped/Pterin-6-Carboxylic_Acid.yaml	57676b63c1957f0814c48954a1a1aea4364ff5f6ff7e4f9366c998a206b66342	CHEBI:88937	Pterin-6-Carboxylic Acid	MAPPED	pass	../records.tsv (byte-identical source)
data/ingredients/mapped/Pterostilbene.yaml	d764fee5231fccd9dc78383009ee835e32409452793b1a7b60850cc067247b6a	CHEBI:8630	Pterostilbene	MAPPED	pass	../records.tsv (byte-identical source)
data/ingredients/mapped/Pullulan.yaml	1be95141fd3fd798818a38d2e6112d08c47c3d920586a177e9e9433e9c5f1f83	CHEBI:27941	Pullulan	MAPPED	pass	../records.tsv (byte-identical source)
data/ingredients/mapped/Purines.yaml	26972693e59c635235586957de7f47d834fcad1815c066ac2f978800427b02b0	CHEBI:26401	Purines	MAPPED	pass	../records.tsv (byte-identical source)
data/ingredients/mapped/Puromycin.yaml	0764979b75cc420da3c8bbed3e4f93bedb33b88a3f8126aec52b802d81188c2d	CHEBI:17939	Puromycin	MAPPED	pass	../records.tsv (byte-identical source)
data/ingredients/mapped/Puromycin_Dihydrochloride.yaml	104d41ec9d80fd2213875e92c3c7136a804180289680e03b9d2a549fba8f1b57	CHEBI:8642	Puromycin dihydrochloride	MAPPED	needs_curation	../records.tsv (byte-identical source)
data/ingredients/mapped/Pustulan_B-1-6_Glucan.yaml	8ae5ce3760e3280ab9be5a7951e95384837e02d1dab7bff423b7c0e45cca9993	cas:37331-28-5	Pustulan (b-1-6 glucan)	MAPPED	needs_curation	../records.tsv (byte-identical source)
data/ingredients/mapped/Putrescine.yaml	772fa7b598295ee251b462f42d4a05c9df9344d270bcd09111cf80f860edfe82	CHEBI:17148	Putrescine	MAPPED	pass	../records.tsv (byte-identical source)
data/ingredients/mapped/Putrescine_Dihydrochloride.yaml	c791fb8dcdf14d80412a7642afd20b34182707565840de1f38a74995147fd652	cas:333-93-7	Putrescine Dihydrochloride	MAPPED	needs_curation	../records.tsv (byte-identical source)
data/ingredients/mapped/Pyocyanin.yaml	5655556b175022245de0f1d6afa316c816fd2d67ea3a37b4b7e594222412bf20	CHEBI:8653	Pyocyanin	MAPPED	pass	../records.tsv (byte-identical source)
data/ingredients/mapped/Pyrazinamide.yaml	ef1de2637c55563f87ed4431718bb76864c5b8a5997d45d4f76d248e3f957550	CHEBI:45285	Pyrazinamide	MAPPED	pass	../records.tsv (byte-identical source)
data/ingredients/mapped/Pyrene.yaml	ea0ce2849710a6cd8338f0cbb85a89870b7c10236f35e884078f6b2897e384e4	CHEBI:39106	Pyrene	MAPPED	pass	../records.tsv (byte-identical source)
data/ingredients/mapped/Pyridomycin.yaml	61176dd6758ecb498f68e0183f5394e634a7fa027e94d298ae00e918fc7619ff	CHEBI:221765	Pyridomycin	MAPPED	pass	../records.tsv (byte-identical source)
data/ingredients/mapped/Pyridoxal_Hydrochloride.yaml	c1650476ac9b84e061cc836ecc99b7e380625b95afd2c70b643bfb575512df27	CHEBI:131529	Pyridoxal hydrochloride	MAPPED	needs_curation	../records.tsv (byte-identical source)
data/ingredients/mapped/Pyridoxal_Phosphate.yaml	4b7cd670bd92e4c071960d0b1c148e68950b3919bef897a95f4f4096691261c9	CHEBI:18405	Pyridoxal phosphate	MAPPED	needs_curation	../records.tsv (byte-identical source)
data/ingredients/mapped/Pyridoxamine.yaml	cc63b72566591eaf229291363c92ac36de3efdaf833693bce792e594437cd4e0	CHEBI:16410	Pyridoxamine	MAPPED	needs_curation	../records.tsv (byte-identical source)
data/ingredients/mapped/Pyridoxamine_Dihydrochloride.yaml	d97e1bbd539d4a11745b52b374c7bb7429ae2c3e5e252bd3c7d2a9abdf560d28	CHEBI:131532	Pyridoxamine Dihydrochloride	MAPPED	pass	../records.tsv (byte-identical source)
data/ingredients/mapped/Pyridoxamine_Hydrochloride.yaml	514274672f33d217f51cece85c9cc953d72b77021152cfc6e8b9dba6c5300526	CHEBI:131531	Pyridoxamine hydrochloride	MAPPED	pass	../records.tsv (byte-identical source)
data/ingredients/mapped/Pyridoxine.yaml	49fdccccd2f7e20ea18baeb37688aab3a0e97876e06fc8d5f0fe7bb35508ccb8	CHEBI:16709	Pyridoxine	MAPPED	needs_curation	../records.tsv (byte-identical source)
data/ingredients/mapped/Pyridoxine_Hydrochloride.yaml	26ea82b1c3e173c0695085ce08a4143db32a702dae3295702d60a61e944d0a40	CHEBI:30961	Pyridoxine hydrochloride	MAPPED	needs_curation	../records.tsv (byte-identical source)
data/ingredients/mapped/Pyridoxine_dihydrochloride.yaml	3c066529254a3fd6e8f132afc384317c3d051ae845264bdd81f9808d5097088f	CHEBI:189426	Pyridoxine dihydrochloride	MAPPED	needs_curation	../records.tsv (byte-identical source)
data/ingredients/mapped/Pyrimethamine.yaml	bfa3e971903ff7063d422dde56ec1cb00ca51d089ccaa28d2c60d21ed56bd390	CHEBI:8673	Pyrimethamine	MAPPED	pass	../records.tsv (byte-identical source)
data/ingredients/mapped/Pyrite.yaml	fced595891511b3addcac807c4dd6e4d6ca0b434c45ea4a0414ee5aec8b141d7	CHEBI:86471	Pyrite	MAPPED	needs_curation	../records.tsv (byte-identical source)
data/ingredients/mapped/Pyrocatechol.yaml	fbb6925f31b16ac45649873960bb396e1bc02dee9d5ee95fa28a8fb70db0d481	CHEBI:18135	Pyrocatechol	MAPPED	needs_curation	../records.tsv (byte-identical source)
data/ingredients/mapped/Pyrogallol.yaml	a456a47e7c5a69162f001b5edccce72549177d14a440e2b644b792a5cc382fba	CHEBI:16164	Pyrogallol	MAPPED	pass	../records.tsv (byte-identical source)
data/ingredients/mapped/Pyromelitic_Acid.yaml	17172657bb1f604124798bcb550d886b1c3744b08b8708440f14a40ebcecd6b2	CHEBI:45165	Pyromelitic acid	MAPPED	pass	../records.tsv (byte-identical source)
data/ingredients/mapped/Pyrrole-2-carboxylic_Acid.yaml	b240e689cebb666d8a1e0919d6d5df56798a4a7e6fbc2aa549b9bf8d26f23d67	CHEBI:36751	Pyrrole-2-carboxylic acid	MAPPED	pass	../records.tsv (byte-identical source)
data/ingredients/mapped/Pyrrolomycin_A.yaml	a39db73c7bab0ae5199a43c2591dbcef50f51c45d47c213794f71c3ebf8e175f	CHEBI:156550	Pyrrolomycin A	MAPPED	pass	../records.tsv (byte-identical source)
data/ingredients/mapped/Pyrrolomycin_B.yaml	fabddf23d7ad435c17332aa93afc4570e416ea47580792467ccfc324de86010b	CHEBI:220052	Pyrrolomycin B	MAPPED	pass	../records.tsv (byte-identical source)
data/ingredients/mapped/Pyruvate.yaml	c1cb5e1036729676abf5b6a7e0b6d2a0bb2f62c2dc8c0e662c082488986322e1	CHEBI:15361	Pyruvate	MAPPED	needs_curation	../records.tsv (byte-identical source)
data/ingredients/mapped/Pyruvic_Acid.yaml	b2008625f0efec85f46455d90fe26191d2c524e5d9f1743a35297ce303ce4d57	CHEBI:32816	Pyruvic acid	MAPPED	needs_curation	../records.tsv (byte-identical source)
data/ingredients/mapped/Quassin.yaml	8a592632670689df644732349d4772a9e80832d429268a0a3ba3b12227a46b82	CHEBI:8692	Quassin	MAPPED	pass	../records.tsv (byte-identical source)
data/ingredients/mapped/Quebrachitol.yaml	0cec9c8b09e3f65a54db655924b4d0369682a90b57b9dc38e84750955f959887	CHEBI:111	Quebrachitol	MAPPED	pass	../records.tsv (byte-identical source)
data/ingredients/mapped/Quercetin.yaml	cd57531301cb55c98eb69068dd2cc5ce320addf306a8edce45353df5c2cc609d	CHEBI:16243	Quercetin	MAPPED	pass	../records.tsv (byte-identical source)
data/ingredients/mapped/Quinate.yaml	75495ca3a32c32c50278d5060f6c276461d259aab3aaff817d693470b6608352	CHEBI:26490	Quinate	MAPPED	needs_curation	../records.tsv (byte-identical source)
data/ingredients/mapped/Quinic_Acid.yaml	c1c2fc353bbf1ef458988b3aad173cde353b976ef805dfdd2bead0878960559a	CHEBI:26493	Quinic acid	MAPPED	needs_curation	../records.tsv (byte-identical source)
data/ingredients/mapped/Quinine_Hdrochloride.yaml	eb612dd7df31a1301b22cca726579ce28d529d46461b6eb6ee573ade3e028025	cas:6119-47-7	Quinine Hdrochloride	MAPPED	needs_curation	../records.tsv (byte-identical source)
data/ingredients/mapped/Quinoline.yaml	128cf39d14de7efddebfca469ffb4cc37d4430aea0cb4c25cf475c1efbd613ef	CHEBI:17362	Quinoline	MAPPED	pass	../records.tsv (byte-identical source)
data/ingredients/mapped/R-3-hydroxybutyrate.yaml	d07cb840038e310a1120add6ef1695e612c57257710f45a6338205483741b893	CHEBI:10983	(R)-3-hydroxybutyrate	MAPPED	needs_curation	../records.tsv (byte-identical source)
data/ingredients/mapped/R2A_agar.yaml	3f30f8d570aa668cf5fcd5dbccbce6753712cc2103feacef2deee378e502ed90	MICRO:0000543	R2A agar	MAPPED	needs_curation	../records.tsv (byte-identical source)
data/ingredients/mapped/Rabbit_Blood.yaml	c0536dd8c804df064ca27d57abfc55569cf43ed1b0ade522dd7007473c1beb96	MICRO:0001229	Rabbit blood	MAPPED	pass	../records.tsv (byte-identical source)
data/ingredients/mapped/Rabbit_Serum.yaml	8ef2437991549b7ce78c83b8b2de4bc1c05bf3734ba664c9a6fdba552f966d45	kgmicrobe.ingredient:rabbit_serum	Rabbit serum	MAPPED	pass	../records.tsv (byte-identical source)
data/ingredients/mapped/Rac-3-Hydroxypentanoic_Acid.yaml	5cbfd46bc41b3181a5ba35765541863ad0f8dacae209be1205e08450715fae65	cas:10237-77-1	rac-3-Hydroxypentanoic Acid	MAPPED	pass	../records.tsv (byte-identical source)
data/ingredients/mapped/Racemomycin_E.yaml	da451fa75decffab222bf5609caa734bb00c5b345e999c2c086e4ed33269a592	kgmicrobe.compound:racemomycin_e	Racemomycin E	MAPPED	needs_curation	../records.tsv (byte-identical source)
data/ingredients/mapped/Radicicol.yaml	024ace61eb9a43e86fcf91335353fabc25c5caf599695a6117017cbe4fad8e71	CHEBI:556075	Radicicol	MAPPED	pass	../records.tsv (byte-identical source)
data/ingredients/mapped/Raffinose.yaml	f1c35ceb25300165f3f0ae1aab23bf16c350079076b36722ee9dd6072e7210a8	CHEBI:16634	Raffinose	MAPPED	pass	../records.tsv (byte-identical source)
data/ingredients/mapped/Ramoplanin.yaml	bc91adcd623fe32f9881b2eeba1211747b1f4800ce0f45d059577e4da9d42151	CHEBI:29670	Ramoplanin	MAPPED	needs_curation	../records.tsv (byte-identical source)
data/ingredients/mapped/Reducing_Agent.yaml	defb66d6bde8325e203520064fce8493d1ca12b4a9efe02536272e0fadba22df	CHEBI:63247	Reducing Agent	MAPPED	needs_curation	../records.tsv (byte-identical source)
data/ingredients/mapped/Resazurin.yaml	b7aee64c3b58a3c1c0f2bb01c7a75e035dbd9a7e036828872a5513b5b5bac59a	CHEBI:8806	Resazurin	MAPPED	needs_curation	../records.tsv (byte-identical source)
data/ingredients/mapped/Resistomycin.yaml	c8e2581e326bc5004f1fb440160b119dcf8b0598d8902f4376f03ff88363111a	CHEBI:29671	Resistomycin	MAPPED	pass	../records.tsv (byte-identical source)
data/ingredients/mapped/Resveratrol.yaml	a66fe7bfb926eedbee1beb2f1caaee0319cb1626917fda495ac58488ccc5f019	CHEBI:27881	Resveratrol	MAPPED	pass	../records.tsv (byte-identical source)
data/ingredients/mapped/Rhamnogalacturonan_From_Soy_Bean_Pectic_Fibre.yaml	8614e037b3f86578849c2e74ff08fda8cd85434495931787a622af582817ccfb	cas:39280-21-2	Rhamnogalacturonan from soy bean pectic fibre	MAPPED	needs_curation	../records.tsv (byte-identical source)
data/ingredients/mapped/Rhamnogalacturonan_I_From_Potato_Pectic_Fiber.yaml	4339609081d85f702dbe86cce0468e0022cb56f1aa4a8b20d188823ae4996e87	cas:39280-21-2	Rhamnogalacturonan I from potato pectic fiber	MAPPED	needs_curation	../records.tsv (byte-identical source)
data/ingredients/mapped/Rhamnolipid.yaml	643665b863243dddf8e4ff215f6d6f3424d88c9378a9b00626c1aaa6aa496a79	CHEBI:62570	Rhamnolipid	MAPPED	needs_curation	../records.tsv (byte-identical source)
data/ingredients/mapped/Rhamnose.yaml	73b682d10404a798d139d37da5db5019639b399200ca0e9089aa589f2bc112a7	CHEBI:26546	Rhamnose	MAPPED	pass	../records.tsv (byte-identical source)
data/ingredients/mapped/Rhodinyl_Acetate.yaml	076d00af5ae1c996e64562546154172e7863c5fa73c994cf433d9f1b22fc2ac1	cas:141-11-7	Rhodinyl Acetate	MAPPED	pass	../records.tsv (byte-identical source)
data/ingredients/mapped/Rhodocladonic_Acid.yaml	96e2787215a1e333ecaacfebd07fe7fdb1eb9a65d7f31b54e04a7fa3cb8de387	CHEBI:144215	Rhodocladonic Acid	MAPPED	needs_curation	../records.tsv (byte-identical source)
data/ingredients/mapped/Rhodomycin_A.yaml	0322b51898c62189ea0a2cedcab1fb8b3c093bce5484d966b904b8518d6deb80	kgmicrobe.compound:rhodomycin_a	Rhodomycin A	MAPPED	needs_curation	../records.tsv (byte-identical source)
data/ingredients/mapped/Rhodomycin_B.yaml	75b258ce7030377eab73b93e2282d273942645ffaea713c914590b3ce8a3067c	CHEBI:81879	Rhodomycin B	MAPPED	pass	../records.tsv (byte-identical source)
data/ingredients/mapped/Ribitol.yaml	50ff4e3bb482f9d9f105d312f4988d3ad56c5093442cc74dbb04236841800ecb	CHEBI:15963	Ribitol	MAPPED	needs_curation	../records.tsv (byte-identical source)
data/ingredients/mapped/Riboflavin.yaml	b79fe5e134e627e7c95d6190e54c52b04f9d81a61ad381cb136b986430d80644	CHEBI:17015	Riboflavin	MAPPED	needs_curation	../records.tsv (byte-identical source)
data/ingredients/mapped/Ribonucleic_Acid_From_Torula_Yeast_Type_VI.yaml	4b728d5a0a0db8a535eaf63b6bcc982f9f422e370250e3842108c7de288962c6	kgmicrobe.ingredient:ribonucleic_acid_from_torula_yeast_type_vi	Ribonucleic acid from torula yeast type VI	MAPPED	needs_curation	../records.tsv (byte-identical source)
data/ingredients/mapped/Ribose.yaml	964caca9c09c76a81ca23148521a5d90c1d86b49cfbf197cb58d9d09ca2aeae9	CHEBI:33942	Ribose	MAPPED	needs_curation	../records.tsv (byte-identical source)
data/ingredients/mapped/Rice_straw.yaml	1d7819ac6eaeb3e2422a39b05d4daf821347b628c61f49e8aefdf216d19aeb70	ENVO:00003870	rice straw	MAPPED	pass	../records.tsv (byte-identical source)
data/ingredients/mapped/Rifabutin.yaml	b771d7a35d4176828ce60adec215ee8fea60a10a123012982cd76a0c14606162	CHEBI:45367	Rifabutin	MAPPED	pass	../records.tsv (byte-identical source)
data/ingredients/mapped/Rifampicin.yaml	b599ba097d626617fed33af7c58f1c66998af0df19d1a52781d628d2311356dc	CHEBI:28077	Rifampicin	MAPPED	pass	../records.tsv (byte-identical source)
data/ingredients/mapped/Rifamycin.yaml	e123b5a705da495c4e66d6a6a582c472ce408fdd30864edf732e61416e1a3dc6	NCIT:C29406	Rifamycin	MAPPED	pass	../records.tsv (byte-identical source)
data/ingredients/mapped/Rifamycin_B.yaml	f509b7deae4d6671a77ceebde3ebdb2b1dffeb3a4a020c854df024c0a50ad94f	CHEBI:17876	Rifamycin B	MAPPED	pass	../records.tsv (byte-identical source)
data/ingredients/mapped/Rifamycin_O.yaml	c03caec53ed85ad124dc2230148a643153e9aeafb9f4372a8a32a94d1c5ed14c	CHEBI:16324	Rifamycin O	MAPPED	pass	../records.tsv (byte-identical source)
data/ingredients/mapped/Rifamycin_S.yaml	a7797db56205cf43a5747927cf98c285ef27ef390682a3e8f07fbad210928d80	CHEBI:34948	Rifamycin S	MAPPED	pass	../records.tsv (byte-identical source)
data/ingredients/mapped/Rifamycin_Sv.yaml	eb8a07ce9b98536eeb8c62f453da9fa26994afbdda78dfa75bfbe76ec6c6e091	CHEBI:29673	Rifamycin Sv	MAPPED	pass	../records.tsv (byte-identical source)
data/ingredients/mapped/Ristocetin_A.yaml	c497a4301d5174c03bc1e7c70eb7086194e75dad54a5859fe87e39ded1d898af	mesh:C016719	Ristocetin A	MAPPED	pass	../records.tsv (byte-identical source)
data/ingredients/mapped/Ristocetin_B.yaml	f7f31cb8953edf457f2bdb2d31870c03e8b56c5af39c14ea70c5212615900ecf	kgmicrobe.compound:ristocetin_b	Ristocetin B	MAPPED	needs_curation	../records.tsv (byte-identical source)
data/ingredients/mapped/Rna.yaml	bc3746df453683fca3db0022f9415ea34eb0854741301159ea8cdf371f44a6e7	mesh:D012313	Rna	MAPPED	pass	../records.tsv (byte-identical source)
data/ingredients/mapped/Robustic_Acid.yaml	ac5b4f111809206ffd0d7601bac5eaf785fd068cfd4516aace954f8e1593e0d5	cas:5307-59-5	Robustic Acid	MAPPED	pass	../records.tsv (byte-identical source)
data/ingredients/mapped/Roccellic_Acid.yaml	07a936900a999566140f5a26bea6c02de4d520bb617c1f10b6dbe007bcf32915	CHEBI:144218	Roccellic Acid	MAPPED	pass	../records.tsv (byte-identical source)
data/ingredients/mapped/Rolled_Oats.yaml	a4f19a6d82b949df6f344c30c5945830fdff7146f494fee0c973905657247b5b	FOODON:03307110	Rolled oats	MAPPED	pass	../records.tsv (byte-identical source)
data/ingredients/mapped/Rosaramicin.yaml	83ce183bbb1e0ebe971646795ade99e257a38f031fdbc5a2a0a169d58c756594	CHEBI:87084	Rosaramicin	MAPPED	pass	../records.tsv (byte-identical source)
data/ingredients/mapped/Roseoflavin.yaml	a427e482c5c5bee74f4443b1bc2e9a501849d5d1f3815ba49d8f7dc4aa71da2b	CHEBI:72346	Roseoflavin	MAPPED	pass	../records.tsv (byte-identical source)
data/ingredients/mapped/Rosmarinic_Acid.yaml	63e2f62b614ceefac935b8e3e7e0554b6508341bf0a6884c61f151082c743855	CHEBI:17226	Rosmarinic acid	MAPPED	needs_curation	../records.tsv (byte-identical source)
data/ingredients/mapped/Rosuvastatin_Calcium.yaml	d6a9e11e2f8c07f2f78df20f64f31c3903e0a63ff6d9463a18f6dff622c652f7	CHEBI:77249	Rosuvastatin calcium	MAPPED	pass	../records.tsv (byte-identical source)
data/ingredients/mapped/Rotenone.yaml	7a2e66ca528cdd20e36d3b065ad1f09e5a70e4795873ce007fa11a3285475409	CHEBI:28201	Rotenone	MAPPED	pass	../records.tsv (byte-identical source)
data/ingredients/mapped/Roxithromycin.yaml	4899fedafebd93b0ac7242c6c83aa39e3f4b1894a199885612a9dcb7a1ddd097	CHEBI:48844	Roxithromycin	MAPPED	pass	../records.tsv (byte-identical source)
data/ingredients/mapped/Rubidium_Chloride.yaml	a88226fb6693922d79a995e440787ef0d47ff753821329181d8a67b5b2054e02	CHEBI:78672	rubidium chloride	MAPPED	pass	../records.tsv (byte-identical source)
data/ingredients/mapped/Rubradirin.yaml	02e3cd9d7223872c7775568f3ebb54d0f9829eaef69bb94a652013a1b9f74f61	CHEBI:223718	rubradirin	MAPPED	needs_curation	../records.tsv (byte-identical source)
data/ingredients/mapped/Rubrolone.yaml	ae792d62462dc96d1c6556fe7e2b9292315e3eef47024cb23e8f2654f17cdb30	CHEBI:140148	Rubrolone	MAPPED	pass	../records.tsv (byte-identical source)
data/ingredients/mapped/Rumen_Fluid.yaml	60c33c19880fb6c732716e879f7a9f96a0f038e66ba24f3a6dc249a37985512d	UBERON:0010228	Rumen fluid	MAPPED	pass	../records.tsv (byte-identical source)
data/ingredients/mapped/Rutilantinone.yaml	df697583f3a60cd1cf20ccf763c357f9a81e258cabec3da65141ad858a0d15cd	cas:21288-61-9	Rutilantinone	MAPPED	needs_curation	../records.tsv (byte-identical source)
data/ingredients/mapped/Rutin.yaml	8553570944abf204a80f673dcb9c4b39779d8a835b06a96495ae5ac7e15cea32	CHEBI:28527	Rutin	MAPPED	pass	../records.tsv (byte-identical source)
data/ingredients/mapped/Rye-bran.yaml	77ce2356e4fa9d1faa92bf0d5881275a86d3c8209364633d2012fe14b1e5e1ad	FOODON:03311582	Rye-bran	MAPPED	pass	../records.tsv (byte-identical source)
data/ingredients/mapped/S-3-hydroxybutyrate.yaml	6ccdef24109d54de10870e141141b4bb3a7242d5ba270e0dee1c4515964c0411	CHEBI:11047	(S)-3-hydroxybutyrate	MAPPED	needs_curation	../records.tsv (byte-identical source)
data/ingredients/mapped/S-adenosyl_Homocysteine.yaml	9fde7f84d2526e6ba4a2ce3ad1463b1121867b5397586e0c6d8ad9eddc43ae7d	cas:9789-92-0	S-adenosyl Homocysteine	MAPPED	needs_curation	../records.tsv (byte-identical source)
data/ingredients/mapped/S-isocorydine.yaml	ba3024c9a46fe27ceceba2a436fa85552af129674941ebaca41cc3e8a5608fbb	CHEBI:6000	S-Isocorydine ()	MAPPED	pass_with_minor_issues	../records.tsv (byte-identical source)
data/ingredients/mapped/Saccharin.yaml	b771184524ebcf49178800252e7b5c74747d4df72b35a8b37fd9cdd05ea4d0b1	CHEBI:32111	Saccharin	MAPPED	pass	../records.tsv (byte-identical source)
data/ingredients/mapped/Safrole.yaml	7ec33b1668736b46a9dd1bc99cb841854f3d371985a983fb2ba9888826f91f36	CHEBI:8994	Safrole	MAPPED	pass	../records.tsv (byte-identical source)
data/ingredients/mapped/Sake.yaml	84d21ed5d7e403b393df4bece7a0fd64034f5837652504d4f37934a37ce5ce3f	FOODON:03301670	Sake	MAPPED	pass	../records.tsv (byte-identical source)
data/ingredients/mapped/Salicin.yaml	4bf5bb66fc0c231c7123c58d51c564c78b69b6119146ba42d6c9b2a4275d1043	CHEBI:17814	Salicin	MAPPED	pass	../records.tsv (byte-identical source)
data/ingredients/mapped/Salicylate.yaml	fc63ff229f9a0e6de5fb9b40497b24edf15a8d2ed1d1408cee4c5de8c01fdd71	CHEBI:30762	Salicylate	MAPPED	pass	../records.tsv (byte-identical source)
data/ingredients/mapped/Salicylic_Acid.yaml	87105921d8fbd25dd80589185916b5509699ba8f986b8661c54bafb79ab549e0	CHEBI:16914	Salicylic acid	MAPPED	pass	../records.tsv (byte-identical source)
data/ingredients/mapped/Salidroside.yaml	9f08cfb323880bf6b4755100720956186c65fd28fc8e546842435282685c5838	CHEBI:9009	Salidroside	MAPPED	pass	../records.tsv (byte-identical source)
data/ingredients/mapped/Salinomycin.yaml	7c29186ae933a6f12c6acf2427abbe6311fe5249df3d9417fdf35615bae12bf5	CHEBI:80025	Salinomycin	MAPPED	pass	../records.tsv (byte-identical source)
data/ingredients/mapped/Salsoline.yaml	fd28f98b2147e9fe3b55dcc4e997090634a408dc8a3c3b1d14940aab710ab412	CHEBI:112	Salsoline	MAPPED	pass	../records.tsv (byte-identical source)
data/ingredients/mapped/Salt_Solution_II.yaml	43d490f1429bc00abd08c9e1a6268fcefaa0af291e04611de3579213804f846f	kgmicrobe.ingredient:salt_solution_ii	Salt Solution II	MAPPED	pass	../records.tsv (byte-identical source)
data/ingredients/mapped/Salt_Water.yaml	965becfb0a3c792bd6adcffdf6bd883589f22e4c9a2d1ff7ab903a16798ab4ed	ENVO:00002010	Salt water	MAPPED	pass	../records.tsv (byte-identical source)
data/ingredients/mapped/Salts_Solution.yaml	c3a5fcceab6fecdd4083b4efe8ef4ece19f5a68b475919fa331240d53f13f6ca	kgmicrobe.ingredient:salts_solution	Salts solution	MAPPED	needs_curation	../records.tsv (byte-identical source)
data/ingredients/mapped/Salvinorin_A.yaml	40d5a8a4555cdc16f5972f9240dd682ee786ead5a34689403a009dbf34d0f549	CHEBI:67900	Salvinorin A	MAPPED	pass	../records.tsv (byte-identical source)
data/ingredients/mapped/Sandramycin.yaml	663cfd8411f0b293f500d28b8d5ee073247c1b68c7c50b33a7a6041e6068eae2	CHEBI:221703	Sandramycin	MAPPED	pass	../records.tsv (byte-identical source)
data/ingredients/mapped/Sarcidin.yaml	22a6deeb979004b617f6bf021beca83a754b435ca10813140b47bc2181c3bfef	kgmicrobe.compound:sarcidin	Sarcidin	MAPPED	pass	../records.tsv (byte-identical source)
data/ingredients/mapped/Sarcosine.yaml	1039cd8624ebbce704d2524c09230043ecc9aac1ed02e757b1451f88d08aa72f	CHEBI:15611	sarcosine	MAPPED	needs_curation	../records.tsv (byte-identical source)
data/ingredients/mapped/Sclareolide.yaml	226bf78edc09e5ce9b5870f751d99b98abe793a07b9c51662b1e7ec24ab964c1	cas:564-20-5	Sclareolide	MAPPED	needs_curation	../records.tsv (byte-identical source)
data/ingredients/mapped/Scopoletin.yaml	ba865896b85b40ef4eab3fdf6e70e21f7deed6e7fcfa9d9ee0bf92879b246b52	CHEBI:17488	Scopoletin	MAPPED	pass	../records.tsv (byte-identical source)
data/ingredients/mapped/Sea_Salts.yaml	7d10257ca3847166f949d8e179aa068c6ebef128f932769b29ca064b76595c39	NCIT:C75874	Sea salts	MAPPED	needs_curation	../records.tsv (byte-identical source)
data/ingredients/mapped/Sea_Water.yaml	49f28ea903ac8caa82c829b122487f59c9fbeb7f1cf91d4baf3d35e2982bcbca	ENVO:00002149	Sea water	REJECTED	excluded_rejected	../records.tsv (byte-identical source)
data/ingredients/mapped/Seawater.yaml	e408b820c2e1ef3b4bb7be8964d0589a2cf1e510aaf6c06e9b1514ccc08fb57a	ENVO:00002149	Seawater	MAPPED	needs_curation	../records.tsv (byte-identical source)
data/ingredients/mapped/Sebacic_Acid.yaml	95a03e24b3d5a6e26bf6fc41445dd9fad26cda64584f7ccc3def7a36499b6289	CHEBI:41865	Sebacic acid	MAPPED	pass	../records.tsv (byte-identical source)
data/ingredients/mapped/Selenate.yaml	bf37e03a59cb2610db063c3bc3db5a889fdce77a45c64f0586d8bdb644cda71d	CHEBI:15075	Selenate	MAPPED	pass	../records.tsv (byte-identical source)
data/ingredients/mapped/Selenite.yaml	3e69906bfef4f1497cd19c546f14db10dcd17aeb8f088faf4716c79bb7708535	CHEBI:18212	Selenite	MAPPED	pass	../records.tsv (byte-identical source)
data/ingredients/mapped/Serine.yaml	beb2ad986c550ea2990938627de4a5ba92acc0f74e5f18976b912ea2f1461be6	CHEBI:17822	Serine	MAPPED	pass	../records.tsv (byte-identical source)
data/ingredients/mapped/Serine_Hydroxamate.yaml	5b9b956ede5254a3de03854eaf3c243113cd321ad306e46ed31c07688b0df38f	CHEBI:75494	Serine hydroxamate	MAPPED	pass	../records.tsv (byte-identical source)
data/ingredients/mapped/Serotonin.yaml	3cc3751934e52e29f9f4575548570eb6953cc5a4cb11c33590e1e0f11ea65223	CHEBI:28790	Serotonin	MAPPED	pass	../records.tsv (byte-identical source)
data/ingredients/mapped/Serum.yaml	bad2776abd495bb123b9f2bc5e13c4f8eea1c943cefd43e719ff20f2f4dc4e57	UBERON:0001977	Serum	MAPPED	pass	../records.tsv (byte-identical source)
data/ingredients/mapped/Setamycin.yaml	242e8b33ab85ae73a82ed81fd58e039c1608dd07915f04eaf593f225a2531176	mesh:C032953	Setamycin	MAPPED	needs_curation	../records.tsv (byte-identical source)
data/ingredients/mapped/Sheep_blood.yaml	ee0341f1f8fc7e6de8805a05aa863b7f061d0252275f0953e950279e5f2437d5	MICRO:0001230	Sheep blood	MAPPED	pass	../records.tsv (byte-identical source)
data/ingredients/mapped/Shikimic_Acid.yaml	113b1d016776be8106aba662b2bf751093a032fe8b214ea6f0562a0ba790bfb2	CHEBI:16119	Shikimic Acid	MAPPED	needs_curation	../records.tsv (byte-identical source)
data/ingredients/mapped/Showdomycin.yaml	39f6b1ba55d884edeef231b804d04ae7460b2d62f2e6cc33ccf6563a2bba9c31	CHEBI:226519	Showdomycin	MAPPED	pass	../records.tsv (byte-identical source)
data/ingredients/mapped/Sialyllacto-N-tetraose_A.yaml	86bebd2a031edd427b9d703ea2100f364f1de9e0e70985ab47935bf236777652	CHEBI:89919	Sialyllacto-N-tetraose a	MAPPED	needs_curation	../records.tsv (byte-identical source)
data/ingredients/mapped/Sialyllacto-N-tetraose_C.yaml	19f8a16b62a31dc225cee99511cf92f3b77d650ea50f8875d580debf7a7108b4	CHEBI:89905	Sialyllacto-N-tetraose c	MAPPED	needs_curation	../records.tsv (byte-identical source)
data/ingredients/mapped/Sialyllacto-N-tetraose_D.yaml	e69b97faa37600d48b65806a9eee8d965f85ecb9d33189651babc8e7068e102a	cas:100789-83-1	Sialyllacto-N-tetraose d	MAPPED	needs_curation	../records.tsv (byte-identical source)
data/ingredients/mapped/Siderophore.yaml	bd1a1c002069e81d5c10478e4f5c1db7791a06766531ded5c9ecf1573df8a43a	CHEBI:26672	Siderophore	MAPPED	needs_curation	../records.tsv (byte-identical source)
data/ingredients/mapped/Silibinin.yaml	642b2fcee7f431492728583793a424f3b8a554d5b3a35e5bb0cb23f5e326d9e9	CHEBI:9144	Silibinin	MAPPED	pass	../records.tsv (byte-identical source)
data/ingredients/mapped/Silver_Chloride.yaml	c2610da1793fde4f8a6c14a7d91a7a82b59ef624fb589e6faecab637aaaccc43	CHEBI:30341	silver chloride	MAPPED	pass	../records.tsv (byte-identical source)
data/ingredients/mapped/Silver_Sulfate.yaml	b23f205c937f9b18f82f6b6bceccf9b9859d6fda812ed5520ace1e1fd3f98403	cas:10294-26-5	silver sulfate	MAPPED	pass	../records.tsv (byte-identical source)
data/ingredients/mapped/Simvastatin.yaml	dc8559338e62243439485c459d5c4105c805a330b81469e47dddb1d87e17d993	CHEBI:9150	Simvastatin	MAPPED	pass	../records.tsv (byte-identical source)
data/ingredients/mapped/Simvastatin_Hydroxy_Acid_Ammonium_Salt.yaml	8fd471fb59ce9d320bc9aabd88e08f3b6f326b0b8f919253eceb203a0a2f5161	cas:139893-43-9	Simvastatin Hydroxy Acid Ammonium Salt	MAPPED	needs_curation	../records.tsv (byte-identical source)
data/ingredients/mapped/Sinapic_Acid.yaml	519281d6da7bcadd8938ab5767ffd2f0b92e5b2e1d7173bfb491861466cce4a6	CHEBI:77131	sinapic acid	MAPPED	pass	../records.tsv (byte-identical source)
data/ingredients/mapped/Sinapinaldehyde.yaml	713d605b9fa6d5c78b55fa10d2836950ab63fb4db888819dae2668d4e57f95bb	CHEBI:27949	sinapinaldehyde	MAPPED	pass	../records.tsv (byte-identical source)
data/ingredients/mapped/Sinomenine.yaml	d467abed206314c85b5bc977eb52ac0b86c8ba53a47bacb43e68dd8977b810e6	CHEBI:9163	Sinomenine	MAPPED	pass	../records.tsv (byte-identical source)
data/ingredients/mapped/Sio2.yaml	dd75d5101875644a0f76006267f068db6c9b7cc58c922cf796ff6c1b3a0f3698	CHEBI:30563	SiO2	MAPPED	needs_curation	../records.tsv (byte-identical source)
data/ingredients/mapped/Sisomicin_Sulfate_Salt.yaml	207d61d45697967cb3c373ec430a2f7c35005ac702457bd3024f70a6efc93fe2	cas:53179-09-2	Sisomicin sulfate salt	MAPPED	needs_curation	../records.tsv (byte-identical source)
data/ingredients/mapped/Skim_milk_powder.yaml	c228ed915edc1080c0b949eb5c6e8b60bca43c729af7fb9bb50c8ada7b400fd9	MICRO:0001241	Skim milk powder	MAPPED	pass	../records.tsv (byte-identical source)
data/ingredients/mapped/Skimmed_Milk.yaml	c81472f3cdd8ae1c7f93f9573fabd5bfab82c28ff71e58d1876f92fbec86e3d6	FOODON:03301484	Skimmed milk	MAPPED	needs_curation	../records.tsv (byte-identical source)
data/ingredients/mapped/Skirrow_Supplement.yaml	3512ccd63a365307590307b9ef795967a5577a906a049d7327578a361b3691c6	kgmicrobe.ingredient:skirrow_supplement	Skirrow supplement	MAPPED	pass	../records.tsv (byte-identical source)
data/ingredients/mapped/Sludge.yaml	eb46c3cbbb32203b60cccf3ef6bd0a16b9cdb525a2ebad93c26d1654cdedafaf	ENVO:00002044	Sludge	MAPPED	pass	../records.tsv (byte-identical source)
data/ingredients/mapped/Sludge_fluid.yaml	45eed06b9f478903bfb4849c19b5656aca154018619b1db3d08152b5212e489c	MICRO:0000521	Sludge fluid	MAPPED	needs_curation	../records.tsv (byte-identical source)
data/ingredients/mapped/Sn-Glycerol_3-phosphate_Lithium_Salt.yaml	67ccdc054e9653131dc7f80beed6b6763edbb22b7ce799eebfdfcfa651018e0c	cas:17989-41-2	sn-Glycerol 3-phosphate lithium salt	MAPPED	needs_curation	../records.tsv (byte-identical source)
data/ingredients/mapped/Sn-glycero-3-phosphocholine.yaml	307b68574fa179f22b8090a795d8368da8d3d83015930a9cd2ebe400ddaeec59	CHEBI:16870	sn-glycero-3-phosphocholine	MAPPED	needs_curation	../records.tsv (byte-identical source)
data/ingredients/mapped/Sn-glycerol_3-phosphate_Bis_Cyclohexylammonium_Salt.yaml	b1f78b81519a0ba3363001a8f98ff3f4ee76b3643178be76af5d0ce83984b007	cas:29849-82-9	sn-Glycerol 3-phosphate bis(cyclohexylammonium) salt	MAPPED	needs_curation	../records.tsv (byte-identical source)
data/ingredients/mapped/Sncl2_X_2_H2o.yaml	6199140cd2ce0054744323025aefe0630c013c756d464387460845fb92699991	CHEBI:78074	SnCl2 x 2 H2O	MAPPED	pass	../records.tsv (byte-identical source)
data/ingredients/mapped/Sodium().yaml	fff8256daf6f822a4234211bfb9972d4985f098d1581cf152c3507be55e5c334	CHEBI:29101	Sodium(+)	MAPPED	needs_curation	../records.tsv (byte-identical source)
data/ingredients/mapped/Sodium_2-bromoethanesulfonate.yaml	be9872a3919d14646b6b3ddf9d428b18b2db660a2e21ae932d07b0b0fc19a5da	cas:4263-52-9	Sodium 2-bromoethanesulfonate	MAPPED	pass	../records.tsv (byte-identical source)
data/ingredients/mapped/Sodium_2-mercaptoethanesulfonate.yaml	835968a698ab87cb539ecc2b9f2fa37d4ab22d35d4999e5920ceee6971609c55	CHEBI:31824	Sodium 2-mercaptoethanesulfonate	MAPPED	pass	../records.tsv (byte-identical source)
data/ingredients/mapped/Sodium_4-Hydroxybenzoate.yaml	6299e50fb1e17f85d610fd9a3d830ec74170bd905ce141eca9eaa26613daf3eb	CHEBI:113449	Sodium 4-Hydroxybenzoate	MAPPED	pass	../records.tsv (byte-identical source)
data/ingredients/mapped/Sodium_Acetate.yaml	129f248ac4b988f1a329df8c55bf325a04d73cafe39232fda7dcaa801128d311	CHEBI:32954	Sodium acetate	REJECTED	excluded_rejected	../records.tsv (byte-identical source)
data/ingredients/mapped/Sodium_Acetate3h2o.yaml	81d6967da5cca894d87f94c503bd553d581b146f141c47a6a064caa6365a705b	CHEBI:32138	Sodium acetate·3H2O	REJECTED	excluded_rejected	../records.tsv (byte-identical source)
data/ingredients/mapped/Sodium_Acetate_Trihydrate.yaml	f5ffd70ecf632a6dd5d777f37411b47ba2bdb0f6f6b8fcc77b378da52d214e96	CHEBI:32138	Sodium acetate trihydrate	MAPPED	pass	../records.tsv (byte-identical source)
data/ingredients/mapped/Sodium_Adipate.yaml	0fa341283044d05b8d0e2d990101d3503100e4b7e92d709d3322afd310c99eae	cas:7486-38-6	Sodium adipate	MAPPED	pass	../records.tsv (byte-identical source)
data/ingredients/mapped/Sodium_Alginate.yaml	461b8ed9f977ea61f8623face5efb0f388a1e6d8b629800b9a98bae63b5c7d9a	CHEBI:53311	Sodium alginate	MAPPED	needs_curation	../records.tsv (byte-identical source)
data/ingredients/mapped/Sodium_Antimonate.yaml	993c61f4713ed77978910fc70c89b81e856d4d2ce6009c2a916ab5512555c59d	cas:15432-85-6	Sodium antimonate	MAPPED	pass	../records.tsv (byte-identical source)
data/ingredients/mapped/Sodium_Azide.yaml	59ae508d12f11cff487c5d5f2ed212573d4ff65b25d43d52333f08423a5dcf0c	CHEBI:278547	Sodium azide	MAPPED	pass	../records.tsv (byte-identical source)
data/ingredients/mapped/Sodium_Beta-glycerophosphate.yaml	50c11e41980f073dd6aead3cb67913fc9bdad066d6d705d373c38b4bbed158bf	CHEBI:132089	Sodium beta-glycerophosphate	MAPPED	pass	../records.tsv (byte-identical source)
data/ingredients/mapped/Sodium_Bromate.yaml	66a43dcc2c40e2680a5412ca63d1b3a0ff88bfa5c707b37a273367185a2ac24a	CHEBI:75229	Sodium bromate	MAPPED	pass	../records.tsv (byte-identical source)
data/ingredients/mapped/Sodium_Carbonate_Monohydrate.yaml	cceb04d2effa13334f0a024c53b4894464062f03633d5b476a93dff8fbb6ea67	cas:5968-11-6	sodium carbonate monohydrate	MAPPED	needs_curation	../records.tsv (byte-identical source)
data/ingredients/mapped/Sodium_Carbonate_Solution.yaml	537baefadff4ad57ce2f405300b09f74b82962990fb4e6f5673a406ac83e00d6	CHEBI:29377	Sodium carbonate solution	MAPPED	needs_curation	../records.tsv (byte-identical source)
data/ingredients/mapped/Sodium_Chlorite.yaml	ae113238fdfbedabb0a132302508ee0542d0ec6a0e88e940f9ebe1738b6559df	CHEBI:78667	Sodium Chlorite	MAPPED	pass	../records.tsv (byte-identical source)
data/ingredients/mapped/Sodium_Cholate_Hydrate.yaml	b18b1353f94d1b1374fc1f8d1356a408e6b86e931d5930bc4ce6a1f5a5431fc5	cas:206986-87-0	Sodium cholate hydrate	MAPPED	needs_curation	../records.tsv (byte-identical source)
data/ingredients/mapped/Sodium_Chromate.yaml	554abcfcdb20336ec81afef51453a175910a3062c8dc417fc2f6095899807584	CHEBI:78671	Sodium Chromate	MAPPED	pass	../records.tsv (byte-identical source)
data/ingredients/mapped/Sodium_Citrate.yaml	4194495543653bc48777b0c89dfb8e43f62165b39702c03b175df0b11c884bfa	CHEBI:32142	Sodium Citrate	REJECTED	excluded_rejected	../records.tsv (byte-identical source)
data/ingredients/mapped/Sodium_Cyanide.yaml	907274018675cef4d70f45dd1b1ba9feaeea7113c6896bcdf0860f0d4eabac45	CHEBI:33192	Sodium cyanide	MAPPED	pass	../records.tsv (byte-identical source)
data/ingredients/mapped/Sodium_D-Lactate.yaml	5b9a8ec9f0371556ec5e88ab9e10ad5a6ad91407a7f608f16b33e3afd58bcbdb	cas:920-49-0	Sodium D-Lactate	MAPPED	needs_curation	../records.tsv (byte-identical source)
data/ingredients/mapped/Sodium_Deoxycholate.yaml	a00fd9952b85d8509a44839a0b064224a679237774648486835eb705b066737c	CHEBI:9177	sodium Deoxycholate	MAPPED	needs_curation	../records.tsv (byte-identical source)
data/ingredients/mapped/Sodium_Deoxycholate_Monohydrate.yaml	568b9c617152c8e53847ecbfedbac08b527fb52bd154665ae3b78dea49a7db99	cas:145224-92-6	Sodium deoxycholate monohydrate	MAPPED	needs_curation	../records.tsv (byte-identical source)
data/ingredients/mapped/Sodium_Dithionite.yaml	5ca626463094c6d84a610a408f11b7c904421bc9c421aac4b8507c271c7bb1d1	CHEBI:66870	Sodium dithionite	MAPPED	needs_curation	../records.tsv (byte-identical source)
data/ingredients/mapped/Sodium_Dodecyl_Sulfate.yaml	0d32474dddfc4ef67d0932b9d586e27293d71ccef3c0ed68dd8f2bca225b0aa7	CHEBI:8984	Sodium Dodecyl Sulfate	MAPPED	needs_curation	../records.tsv (byte-identical source)
data/ingredients/mapped/Sodium_Ethyl_Sulfate.yaml	0b75aacd8cf582634f8b1b96aaba35ddf679975b3e1dd49c4057e05e7e71c820	cas:546-74-7	Sodium ethyl sulfate	MAPPED	pass	../records.tsv (byte-identical source)
data/ingredients/mapped/Sodium_Ferric_EDTA.yaml	57fa1b2530c4f5d97f789f64869711a0cfcad03dbfe9ff6f18429d650ce10add	CHEBI:78292	Sodium ferric EDTA	MAPPED	pass	../records.tsv (byte-identical source)
data/ingredients/mapped/Sodium_Ferulate.yaml	ae77563ad129e8fd505a6530507cf895fe5e5d0a285fac7ac513810bc0cfc142	CHEBI:114954	Sodium ferulate	MAPPED	pass	../records.tsv (byte-identical source)
data/ingredients/mapped/Sodium_Fluoroacetate.yaml	974fb6542adc56d071a871c2398c6c0364bd5eadb4f28d928947b298fdda9970	CHEBI:38699	Sodium Fluoroacetate	MAPPED	pass	../records.tsv (byte-identical source)
data/ingredients/mapped/Sodium_Fluorophosphate.yaml	8eb256883bc7ff65ecf61665b1eaab6d51f61e0e3a348744cfe88ede293033dd	CHEBI:86431	Sodium Fluorophosphate	MAPPED	pass	../records.tsv (byte-identical source)
data/ingredients/mapped/Sodium_Gluconate.yaml	a39a644eb65c55b6f99c47e098938a736bea805c4236f89e7e9dd1e6f3cdabc4	CHEBI:84997	Sodium gluconate	MAPPED	needs_curation	../records.tsv (byte-identical source)
data/ingredients/mapped/Sodium_Glutamate_Monohydrate.yaml	1ba808e191b435067a404c3e1f7bdbb6371feba7d26b44a82e72bd66456004ca	CHEBI:232425	Sodium glutamate monohydrate	MAPPED	needs_curation	../records.tsv (byte-identical source)
data/ingredients/mapped/Sodium_Hypochlorite.yaml	6bcb1d95a4afffa6be0995c9390e31a9c5e7dfd6499323b5cdb8015aee333673	CHEBI:32146	Sodium hypochlorite	MAPPED	pass	../records.tsv (byte-identical source)
data/ingredients/mapped/Sodium_Hypophosphite_Monohydrate.yaml	298de05121678186ee793f313ae1c88a3f2a235972f0e2eb3f64ce6ce3d22784	cas:10039-56-2	Sodium hypophosphite monohydrate	MAPPED	needs_curation	../records.tsv (byte-identical source)
data/ingredients/mapped/Sodium_Iodate.yaml	2041b11d9ca9c24b8f55a0eea48ea1221cda94719bcb7ba9946f06a9ba9fb804	CHEBI:81708	sodium iodate	MAPPED	pass	../records.tsv (byte-identical source)
data/ingredients/mapped/Sodium_Iodide.yaml	d959dfa7449e9cf6312ed795ee688934f2f4ca4f416068cc848c0cb2dee37555	CHEBI:33167	sodium iodide	MAPPED	pass	../records.tsv (byte-identical source)
data/ingredients/mapped/Sodium_Iodoacetate.yaml	f302ceb7108370e31e22fb1c695158d7abca69255bb26edbaefa72cbf44378ca	CHEBI:234594	Sodium iodoacetate	MAPPED	pass	../records.tsv (byte-identical source)
data/ingredients/mapped/Sodium_Isethionate.yaml	1f5d1d242020ab8b334decd4673e54ff0ca4897624ccd9a52f8757b2b3e99115	cas:1562-00-1	sodium isethionate	MAPPED	pass	../records.tsv (byte-identical source)
data/ingredients/mapped/Sodium_L-glutamate.yaml	a08b4f804234228effaa3adaef722c0a4c83e56c0ee92bbbb91989d57851de4b	CHEBI:64243	Sodium L-glutamate	MAPPED	pass	../records.tsv (byte-identical source)
data/ingredients/mapped/Sodium_L-lactate.yaml	c9b2157390a5a84dfd18e5d8d869edd2114b62b3b92b82e064c0b3a29cb3ccce	CHEBI:232798	Sodium L-lactate	REJECTED	excluded_rejected	../records.tsv (byte-identical source)
data/ingredients/mapped/Sodium_Lactate.yaml	56bf2419bf87002c162021c48c4a2c97392a0f97243bd2013d78a4a62e5f69a6	CHEBI:75228	Sodium lactate	MAPPED	needs_curation	../records.tsv (byte-identical source)
data/ingredients/mapped/Sodium_M-arsenite.yaml	265d8eb29a1a2a6fcd6704b12c0ebcef62b2cc66474f3b292ca4e120f8396580	CHEBI:29678	Sodium m-arsenite	MAPPED	pass	../records.tsv (byte-identical source)
data/ingredients/mapped/Sodium_Malate.yaml	74c793a6b15bd968d4c07253c171530894bac9e8116e86d3cb0878b5c3562ee9	CHEBI:91261	Sodium malate	MAPPED	needs_curation	../records.tsv (byte-identical source)
data/ingredients/mapped/Sodium_Maleate.yaml	395ed38b57a7bfb13ebc38c82ac7a88d45f75458cdc5b72c44c4216c49f7f005	CHEBI:91263	Sodium maleate	MAPPED	needs_curation	../records.tsv (byte-identical source)
data/ingredients/mapped/Sodium_Malonate.yaml	ab1113afca5e7ef895effab83d7e3b216b982b5e0add5b2dbb1957e0e32bc9f5	CHEBI:62983	Sodium Malonate	MAPPED	pass	../records.tsv (byte-identical source)
data/ingredients/mapped/Sodium_Metasilicate.yaml	4cbb641901db44535dbe3be87fe27f4ac7d3b3b9ee420bc8dfc96b725822dbca	mesh:C025349	Sodium Metasilicate	MAPPED	needs_curation	../records.tsv (byte-identical source)
data/ingredients/mapped/Sodium_Metasilicate_Silicate_For_Diatom_Frustules.yaml	8e3b27bb0ff6c50b494e0f3ddc22d0695b598a35fb5627f8af49f8f328572350	mesh:C025349	Sodium metasilicate (silicate for diatom frustules)	REJECTED	excluded_rejected	../records.tsv (byte-identical source)
data/ingredients/mapped/Sodium_Methanesulfonate.yaml	2993e119391ea060e7916cc42731c565a0e55029b3da2d0c24d520207abe2a59	cas:2386-57-4	Sodium methanesulfonate	MAPPED	pass	../records.tsv (byte-identical source)
data/ingredients/mapped/Sodium_Nitrate_070_M_Stock.yaml	eca7428c811737e50f6146e617e8e6530a96c07d8be51069abf11aaf31aae98c	kgmicrobe.ingredient:sodium_nitrate_~28070_m_stock~29	Sodium nitrate (0.70 M stock)	MAPPED	needs_curation	../records.tsv (byte-identical source)
data/ingredients/mapped/Sodium_Nitrate_Nitrogen_Source.yaml	2d1e2b338355821770d33d9cb709bc0cd3739ce7889b536ac854ca48e1077ad4	CHEBI:63005	Sodium nitrate (nitrogen source)	REJECTED	excluded_rejected	../records.tsv (byte-identical source)
data/ingredients/mapped/Sodium_Octanoate.yaml	7e7f554bbb26400281ae30180749cbbe9a9ec579c3f33525d7ef018ff1988df2	CHEBI:132100	Sodium octanoate	MAPPED	needs_curation	../records.tsv (byte-identical source)
data/ingredients/mapped/Sodium_Oleate.yaml	0505dfe07703c21f33dbc3c2057222919278e74eb615c26c8d40226757766b9d	CHEBI:81860	Sodium oleate	MAPPED	pass	../records.tsv (byte-identical source)
data/ingredients/mapped/Sodium_Palmitate.yaml	1409f36f5848aaca1cb2ef954e32be2b433d23f6c78ee5057234b46c55e872ad	CHEBI:234557	Sodium palmitate	MAPPED	pass	../records.tsv (byte-identical source)
data/ingredients/mapped/Sodium_Pantothenate.yaml	e7e3b2cf0d6ddfd3dbaa936a98f305b8f7ccdc0e085f8cddb5f610298dbae083	NCIT:C220851	Sodium Pantothenate	MAPPED	pass	../records.tsv (byte-identical source)
data/ingredients/mapped/Sodium_Perchlorate.yaml	d1c9ae50b76e36da7622c4228f7020d2f4d24dd6f97db7cd979ab7643897140b	CHEBI:132103	Sodium perchlorate	MAPPED	needs_curation	../records.tsv (byte-identical source)
data/ingredients/mapped/Sodium_Perchlorate_Monohydrate.yaml	83a5b1cf514bd048c0e253a3ec7e4b99710b732587286dd370dfb27e6012de24	cas:7791-07-3	Sodium perchlorate monohydrate	MAPPED	needs_curation	../records.tsv (byte-identical source)
data/ingredients/mapped/Sodium_Periodate.yaml	5cab1646d68f35f9b8c16c53f88d5f8987996b40299c3ff491b1ca2eed7a07cc	CHEBI:75226	Sodium periodate	MAPPED	pass	../records.tsv (byte-identical source)
data/ingredients/mapped/Sodium_Persulfate.yaml	0293208edcb892ed61362de450bae365ef1f8bd80e8784d7da2f567987549d8e	cas:7775-27-1	Sodium Persulfate	MAPPED	pass	../records.tsv (byte-identical source)
data/ingredients/mapped/Sodium_Phosphate_Buffer.yaml	ce046dc294a3b03325e251676ea7f5e3c978dd81a122d187a110a35c58df5c29	kgmicrobe.ingredient:sodium_phosphate_buffer	Sodium phosphate buffer	MAPPED	needs_curation	../records.tsv (byte-identical source)
data/ingredients/mapped/Sodium_Phosphate_Dibasic.yaml	aabdf39c562aff24b8326456268b4a1e0ac1716934d4d24d428072a8e138e674	CHEBI:37583	Sodium phosphate dibasic	REJECTED	merged_and_excluded	identity-plan.json
data/ingredients/mapped/Sodium_Phosphite_Dibasic_Pentahydrate.yaml	1605e85f71607a3b6e6f36d67c62c47b2c19cb7f425207bc19970ec1b4f06ffa	cas:13517-23-2	Sodium phosphite dibasic pentahydrate	MAPPED	pass	../records.tsv (byte-identical source)
data/ingredients/mapped/Sodium_Potassium_Phosphate_Buffer.yaml	344cddfb85f088be99aff9cf75731b2c5fcdeb926f022a0f5633451816fb2c7a	kgmicrobe.ingredient:sodium_potassium_phosphate_buffer	Sodium Potassium phosphate buffer	MAPPED	needs_curation	../records.tsv (byte-identical source)
data/ingredients/mapped/Sodium_Pyrophosphate.yaml	0cd88f3772c3f6c284b5087118f8861c1336a66d9157cd38b285308165b918f6	CHEBI:71240	Sodium pyrophosphate	MAPPED	needs_curation	../records.tsv (byte-identical source)
data/ingredients/mapped/Sodium_Pyrophosphate_Dibasic.yaml	66ef926fdd7ee69d1759c852cd2ff5690254df382cbfff0e64719af3d8816a88	cas:7758-16-9	Sodium pyrophosphate dibasic	MAPPED	pass	../records.tsv (byte-identical source)
data/ingredients/mapped/Sodium_Salicylate.yaml	4e29a5c7629c0049460ff52bf5df188a57802fe35718b325f7462e643f789976	CHEBI:9180	Sodium salicylate	MAPPED	pass	../records.tsv (byte-identical source)
data/ingredients/mapped/Sodium_Succinate.yaml	c8981c5bb57554636e2eec0fc2f209cc7cd24ca61df1039a1c7bd028402ba743	CHEBI:63675	Sodium succinate	MAPPED	needs_curation	../records.tsv (byte-identical source)
data/ingredients/mapped/Sodium_Succinate_Dibasic.yaml	79ed1bee5feb79154020816ebb98eac852a870cd28ca0d4b81fcad05d052287d	cas:150-90-3	Sodium succinate dibasic	MAPPED	needs_curation	../records.tsv (byte-identical source)
data/ingredients/mapped/Sodium_Tartrate.yaml	5cb59f73fef83d0cd22e6f4fc9051d6c42d04dea7b14ce5ee30a70009955bab1	CHEBI:63017	Sodium tartrate	MAPPED	needs_curation	../records.tsv (byte-identical source)
data/ingredients/mapped/Sodium_Thiophosphate_Tribasic_Hydrate.yaml	bc89ba3f7c2a53ccf57d102b3ae39ae36782a788e82fbdc22bfa9b32a1333173	cas:10489-48-2	Sodium thiophosphate tribasic hydrate	MAPPED	pass	../records.tsv (byte-identical source)
data/ingredients/mapped/Sodium_Thiosulfate_Pentahydrate.yaml	72822db65305f5a9fc03a5f6b4eabc3a02dd4e6e71eece308cee95b191c5852b	CHEBI:32150	Sodium Thiosulfate Pentahydrate	REJECTED	excluded_rejected	../records.tsv (byte-identical source)
data/ingredients/mapped/Sodium_glycerophosphate.yaml	01989b3e4777d8b37cef9f3e1d81a4fa1dc8c1757a12cbb8e9601ecdb793f129	NCIT:C120561	Sodium glycerophosphate	MAPPED	pass	../records.tsv (byte-identical source)
data/ingredients/mapped/Sodium_phosphate_monobasic_monohydrate.yaml	03a04c1897d54a7d57a924d99d4f8411a87c990a4e02b5405ee4d26608a885e0	CHEBI:114249	Sodium phosphate monobasic monohydrate	MAPPED	needs_curation	../records.tsv (byte-identical source)
data/ingredients/mapped/Sodium_succinate_dibasic_hexahydrate.yaml	9888deb6a45d6f8199878e9711ffc0d24b03a46d8f41fcf1aaf7830b5c035507	CHEBI:63686	Sodium succinate dibasic hexahydrate	MAPPED	needs_curation	../records.tsv (byte-identical source)
data/ingredients/mapped/Soil.yaml	bdf0ed420d352f6c31f25317929c929d8d3a77223014a2dd0d6a0c4779707ee6	ENVO:00001998	Soil	MAPPED	pass	../records.tsv (byte-identical source)
data/ingredients/mapped/Soil_Extract.yaml	6983e9a7a4460eb605e05eaed32f6c08397e2555ce1356d98fb5d301b592e848	MICRO:0000457	Soil extract	MAPPED	needs_curation	../records.tsv (byte-identical source)
data/ingredients/mapped/Solanesol.yaml	133e91e7f4c2395477b753782410590183b4ea14f3215e0833654058bf28d47e	CHEBI:26718	Solanesol	MAPPED	pass	../records.tsv (byte-identical source)
data/ingredients/mapped/Sorbitan_Monooleate.yaml	a5bb2cfc0cb31d0d026dc7292f159f68c45c55bc55fb31eb1e2326eabc90bf66	NCIT:C75654	Sorbitan Monooleate	MAPPED	pass	../records.tsv (byte-identical source)
data/ingredients/mapped/Sorbitol.yaml	1ac906a07ce7e13bd6c04012d90aa5c3170a0b8fdb6481f8f0715749b8a3f738	CHEBI:30911	Sorbitol	MAPPED	pass	../records.tsv (byte-identical source)
data/ingredients/mapped/Sorbose.yaml	f9efe548ec96d33f1701c4f1593b33e68406fde9b3d5edf1d86615178105afab	CHEBI:27922	Sorbose	MAPPED	pass	../records.tsv (byte-identical source)
data/ingredients/mapped/Sorgoleone.yaml	d12f61952158ab8585e2ba77aab0deb4c5be88734b68ba9600b5910b552a4372	CHEBI:61117	Sorgoleone	MAPPED	pass	../records.tsv (byte-identical source)
data/ingredients/mapped/Soy_Flour.yaml	ba96033d326524811bb54040bfca97e7c66140761e4650ca154c8e8621b2dff9	FOODON:03302142	Soy flour	MAPPED	pass	../records.tsv (byte-identical source)
data/ingredients/mapped/Soy_Peptone.yaml	54575fd2ae67a2e848eba71a756a8dd3e6ca977a401d9fd20893d974fada2e8c	FOODON:03315720	Soy peptone	MAPPED	pass	../records.tsv (byte-identical source)
data/ingredients/mapped/Soya_Pepton.yaml	941ffbb12746f06f0d1fcd7a7142947f77836b861ffc670ad0ec7c56696ba85c	FOODON:03315720	Soya pepton	MAPPED	needs_curation	../records.tsv (byte-identical source)
data/ingredients/mapped/Soya_Peptone.yaml	4002653e0decfd0e7821b4bdec8b5868f4d812225a294da510599b4497f06743	FOODON:03315720	Soya peptone	MAPPED	needs_curation	../records.tsv (byte-identical source)
data/ingredients/mapped/Soyton.yaml	f7cab549355254938f8999e74762e36328a94c3d9d3369d8c531ca753762d194	kgmicrobe.ingredient:soyton	Soyton	MAPPED	pass	../records.tsv (byte-identical source)
data/ingredients/mapped/Sparassol.yaml	37d30219a759bb7eddf97b270783e1568beb922be08234f32a6cbe3e87eb5d6a	cas:520-43-4	Sparassol	MAPPED	needs_curation	../records.tsv (byte-identical source)
data/ingredients/mapped/Spectinomycin.yaml	205e16d6ca957fd18e72b4ae276b2ce1363c43bf7bc20488ce6ef23283d5aa5c	CHEBI:9215	Spectinomycin	MAPPED	pass	../records.tsv (byte-identical source)
data/ingredients/mapped/Spectinomycin_Dihydrochloride_Pentahydrate.yaml	1b05f89b24790d65f1318b4499e5aa93ad57d2acc52facdaa1e70cd2cfb012da	CHEBI:9217	Spectinomycin dihydrochloride pentahydrate	MAPPED	needs_curation	../records.tsv (byte-identical source)
data/ingredients/mapped/Spermidine_Trihydrochloride.yaml	1382af75988a0cd0626cfef37a7b5ef738cf6eb5b076af78f2863dd57d07f2b4	CHEBI:233088	Spermidine trihydrochloride	MAPPED	pass	../records.tsv (byte-identical source)
data/ingredients/mapped/Sphondin.yaml	c13d4592f9399f95200965c5bbef24e3769de800c4fabe0a30bed4d2f1de92e2	CHEBI:81486	Sphondin	MAPPED	pass	../records.tsv (byte-identical source)
data/ingredients/mapped/Spinosyn.yaml	fa411f18defe16dc2adb383a6c48a8f79176f6809cf7eb35f770a0a988ec7110	CHEBI:39207	Spinosyn	MAPPED	pass	../records.tsv (byte-identical source)
data/ingredients/mapped/Spir_Solution.yaml	ad684cf7cd788cce116eb59dbdb85ad496df473472199112b23727e195dca554	kgmicrobe.ingredient:spir_solution	Spir solution	MAPPED	pass	../records.tsv (byte-identical source)
data/ingredients/mapped/Spiramycin.yaml	9cbe557f6b1b7f0bc51fdb778bececaf9578facef3104aead044b84a7b46aecc	cas:8025-81-8	Spiramycin	MAPPED	needs_curation	../records.tsv (byte-identical source)
data/ingredients/mapped/Spiramycin_II.yaml	e8f469cbb98f47d1583b195d3f0ee74f189ab139852a6263767914419fe90615	CHEBI:31168	Spiramycin II	MAPPED	pass	../records.tsv (byte-identical source)
data/ingredients/mapped/Sporangiomycin.yaml	5e72445459f2a6190d5d0a087b2da5faa9e182d7d02468179d62f218304143ea	mesh:C003339	Sporangiomycin	MAPPED	needs_curation	../records.tsv (byte-identical source)
data/ingredients/mapped/Srcl2.yaml	97e15594b9b3a08b7f52fd3eb7d520e83ee084e21ac2389c72de11f3af9e24fa	CHEBI:36383	SrCl2	MAPPED	needs_curation	../records.tsv (byte-identical source)
data/ingredients/mapped/Srcl2_X_6_H2o.yaml	2a0c4904c8905c7d5fad50026359115047f4132963cdbf77758399649085cd91	CHEBI:36385	SrCl2 x 6 H2O	MAPPED	needs_curation	../records.tsv (byte-identical source)
data/ingredients/mapped/Stachyose_-_70.yaml	1a8a006b5d391e6b72f240c7e38e59491976b19d65f91216620bb2935d4d5605	CHEBI:17164	Stachyose - 70%	MAPPED	needs_curation	../records.tsv (byte-identical source)
data/ingredients/mapped/Stachyose_Hydrate.yaml	c8bd702022c2f571b9bbcb446d2abe1cda6b69568d2b0bea257be86540305682	cas:54261-98-2	Stachyose hydrate	MAPPED	needs_curation	../records.tsv (byte-identical source)
data/ingredients/mapped/Stallimycin.yaml	d9700409a71c30aaebecd7d1ab88ae494dfdb094e6cfe6d0e358e245fc9a6853	CHEBI:41958	Stallimycin	MAPPED	needs_curation	../records.tsv (byte-identical source)
data/ingredients/mapped/Staphylomycin_M1.yaml	04785e91917d2e9a1a1e670e3dd871cc6745b43eed0f75d32c41f1e83061a431	NCIT:C1295	Staphylomycin M1	MAPPED	needs_curation	../records.tsv (byte-identical source)
data/ingredients/mapped/Starch.yaml	9e4168a2913958e971ab3decbbfc3fddd43c0d03b8d9fd53c7efd76fe15964d8	CHEBI:28017	Starch	MAPPED	needs_curation	../records.tsv (byte-identical source)
data/ingredients/mapped/Staurosporine.yaml	203802b1a8925d9e5cfd25f5758c08bf6dd213eb2db164eec6d177d7166e0128	CHEBI:15738	Staurosporine	MAPPED	pass	../records.tsv (byte-identical source)
data/ingredients/mapped/Stearic_Acid.yaml	3bf8e838083938093c0a218255dc3c09c0b6354785976cbc7628c86e49cc6fce	CHEBI:28842	Stearic acid	MAPPED	pass	../records.tsv (byte-identical source)
data/ingredients/mapped/Steffimycin.yaml	ab55f3bada1b86513f24c4ab3ce55fb8f400785709509fdba0acaed781196601	NCIT:C152426	Steffimycin	MAPPED	needs_curation	../records.tsv (byte-identical source)
data/ingredients/mapped/Steric_Solution.yaml	cbf89d03e1143d68aa092068b19369daf07ac74a92c48ec2a31c15646cd90a4d	kgmicrobe.ingredient:steric_solution	Steric solution	MAPPED	pass	../records.tsv (byte-identical source)
data/ingredients/mapped/Sterol.yaml	8240801a323e6912bfd75b4ff6f8a2f79c757449286eea44563b3ad40ca7e165	CHEBI:15889	Sterol	MAPPED	pass	../records.tsv (byte-identical source)
data/ingredients/mapped/Streptolydigin.yaml	b1848a580d0ffc9cbe832764d0fd2ce75678567b855b1b460142bb681596b8e1	CHEBI:45773	Streptolydigin	MAPPED	pass	../records.tsv (byte-identical source)
data/ingredients/mapped/Streptomycin.yaml	131cdcb847cd847e70db7e961d2dae44af7036f62f3917e9bd376f9cdd0fbc74	CHEBI:17076	Streptomycin	MAPPED	pass	../records.tsv (byte-identical source)
data/ingredients/mapped/Streptomycin_Sulfate_Salt.yaml	d2a1728eed516fdd0280e1005896d8952497be0e7fdb41af3c50cd8bb78681bb	CHEBI:32158	Streptomycin sulfate salt	MAPPED	needs_curation	../records.tsv (byte-identical source)
data/ingredients/mapped/Streptonigrin.yaml	98b325fc97fe5d8d58956de0e7799b149630b2643778ed0fc7168ec44c0ff9a9	CHEBI:9287	Streptonigrin	MAPPED	pass	../records.tsv (byte-identical source)
data/ingredients/mapped/Streptovaricin.yaml	52524d2d73fe5c6a77c055ee33b40dbe895e514282278e738a404cf99497c962	CHEBI:26790	Streptovaricin	MAPPED	pass	../records.tsv (byte-identical source)
data/ingredients/mapped/Strychnine_Sulfate.yaml	87ea95011fca286e332408a4719aed6a72b65dc5305750326523e2c3cd80be6b	CHEBI:233239	Strychnine Sulfate	MAPPED	pass	../records.tsv (byte-identical source)
data/ingredients/mapped/Suberic_Acid.yaml	f346c770a653ba4af05b7c5aa4ad5867265410487f6cc63d20b7847ea063387c	CHEBI:9300	Suberic acid	MAPPED	pass	../records.tsv (byte-identical source)
data/ingredients/mapped/Substrate.yaml	4b0134fa9b74a3528e74af03437654fe792727760d4c695930b46dccca9f5f70	NCIT:C120264	Substrate	MAPPED	needs_curation	../records.tsv (byte-identical source)
data/ingredients/mapped/Succinamate.yaml	89c1222df735e1d3c2c31f44ec39617d04823311659317431f4723db39b5a5e0	CHEBI:143136	Succinamate	MAPPED	pass	../records.tsv (byte-identical source)
data/ingredients/mapped/Succinate.yaml	346f46e1a132bfa853f83b0742412721982ec60b5d53107c818e21a61d10341e	CHEBI:26806	Succinate	MAPPED	needs_curation	../records.tsv (byte-identical source)
data/ingredients/mapped/Succinic_Acid.yaml	eb67f0d82fa4c400905625bc6638673db27639ace55ffc06440b1429dfc2d158	CHEBI:15741	Succinic acid	MAPPED	needs_curation	../records.tsv (byte-identical source)
data/ingredients/mapped/Sucrose-6-monophosphate_Dipotassium_Salt.yaml	c6dd378cb6b1bdeffadb13a56c6d14928e8b78e999cceedef195f4feb04bf5c8	cas:36064-19-4	Sucrose-6-monophosphate dipotassium salt	MAPPED	needs_curation	../records.tsv (byte-identical source)
data/ingredients/mapped/Sucrose.yaml	36d3205ecc78e87cb9e258f55e7e85c7a6e0daab32ae7a916c674acc327189e1	CHEBI:17992	Sucrose	MAPPED	needs_curation	../records.tsv (byte-identical source)
data/ingredients/mapped/Sucrose_Yeast_Extract.yaml	d04761b36270d6e65ff8618d42dd6d1ac33e6e8ba259fb0cb15cfecb63b4f0c7	kgmicrobe.ingredient:sucrose_yeast_extract	Sucrose + Yeast Extract	MAPPED	pass	../records.tsv (byte-identical source)
data/ingredients/mapped/Sugar.yaml	082779704d42c90bf0f1fb76bfec3164986a590b65d6bb27736121700141f7ab	NCIT:C71939	Sugar	MAPPED	pass	../records.tsv (byte-identical source)
data/ingredients/mapped/Sugar_Beet_Molasses.yaml	64a35d50a0df41bf8097f57af5a581c730d26e2895e82396df10d7aadf817ca5	FOODON:00003412	Sugar beet molasses	MAPPED	needs_curation	../records.tsv (byte-identical source)
data/ingredients/mapped/Sugars.yaml	5dcf91d41f45c906ff77c2f91b10db4dfe63492a7a09901c1c9c20f9b9de84d4	kgmicrobe.compound:sugars	Sugars	MAPPED	pass	../records.tsv (byte-identical source)
data/ingredients/mapped/Sulbactam.yaml	3589c0c7fb38d5002a4f9c0d8fe99ea983aebbbc8d9b7510ebc1b71393600bfc	CHEBI:9321	Sulbactam	MAPPED	pass	../records.tsv (byte-identical source)
data/ingredients/mapped/Sulfadimethoxine.yaml	1b924a70decb978f627869c7c929bc3c8496bd68d756191e46a3690a752df186	CHEBI:32161	Sulfadimethoxine	MAPPED	pass	../records.tsv (byte-identical source)
data/ingredients/mapped/Sulfamerazine.yaml	901de059a450f8bd0f071cec200bbe8e9c86682391eb517addcca1476765a83f	CHEBI:102130	Sulfamerazine	MAPPED	pass	../records.tsv (byte-identical source)
data/ingredients/mapped/Sulfamethazine_Sodium_Salt.yaml	966e50448ddc3b2a4da05047baccd4607f560474d506619786ed8349f80c22a5	cas:1981-58-4	Sulfamethazine sodium salt	MAPPED	pass	../records.tsv (byte-identical source)
data/ingredients/mapped/Sulfamethizole.yaml	73ba23909ae8a31e3cbb542ebc1565fa0e9f25115d84a25b6027d94e5424ff2a	CHEBI:9331	Sulfamethizole	MAPPED	pass	../records.tsv (byte-identical source)
data/ingredients/mapped/Sulfamethoxazole.yaml	0bafce5adeed80defa31c832e03fd2c6b47b539a4e4b546ce20429ec664a7165	CHEBI:9332	Sulfamethoxazole	MAPPED	needs_curation	../records.tsv (byte-identical source)
data/ingredients/mapped/Sulfamethoxydiazine.yaml	8f435a2854ba9af494be071451135e20971fe2df2e660d02dea82cfce5dfa98b	CHEBI:53727	Sulfamethoxydiazine	MAPPED	pass	../records.tsv (byte-identical source)
data/ingredients/mapped/Sulfamonomethoxine.yaml	b46b1a584bf8ab7a561c52cdddbfcd2f585fe17d422a305f899cab4c9831599b	CHEBI:32164	Sulfamonomethoxine	MAPPED	pass	../records.tsv (byte-identical source)
data/ingredients/mapped/Sulfanilamide.yaml	67642217f5dd07ecd79d7a912934dbd47ce5f8b4c55c90c2d63cc06f5aa97537	CHEBI:45373	Sulfanilamide	MAPPED	pass	../records.tsv (byte-identical source)
data/ingredients/mapped/Sulfaquinoxaline.yaml	18aeda73b3dacea7d8874104af4f74a84b6bde0220c72d22e2d17e0fba2ddc2c	cas:59-40-5	Sulfaquinoxaline	MAPPED	pass	../records.tsv (byte-identical source)
data/ingredients/mapped/Sulfaquinoxaline_Sodium_Salt.yaml	62c67151b7fc23e7a89124f5dfd4ffd6eed26253edf7aa4343e7128d572462c0	cas:967-80-6	Sulfaquinoxaline sodium salt	MAPPED	needs_curation	../records.tsv (byte-identical source)
data/ingredients/mapped/Sulfasalazine.yaml	fd66662cd4fa187bdba951676fc308dbf5bb1787cec79252735ce5bf75296365	CHEBI:9334	Sulfasalazine	MAPPED	pass	../records.tsv (byte-identical source)
data/ingredients/mapped/Sulfate.yaml	a185df5322997cd7071a357be6072d53901929356a3ce97a89e9de2f3af79c26	CHEBI:16189	Sulfate	MAPPED	pass	../records.tsv (byte-identical source)
data/ingredients/mapped/Sulfide.yaml	36c0199fa712a2db73ce1f9eb481b185954a572b91baf8e931d5e65661544730	CHEBI:26822	Sulfide	MAPPED	pass	../records.tsv (byte-identical source)
data/ingredients/mapped/Sulfisoxazole.yaml	4d1688b275b10352a5a12dc656eac3d0d2cbcfb70cacec4704325eebfc03a50c	CHEBI:102484	Sulfisoxazole	MAPPED	pass	../records.tsv (byte-identical source)
data/ingredients/mapped/Sulfite.yaml	ca592e285d02f2583c58ede3e827d8b6cad10ade760d587358a887d9ea43ddcb	CHEBI:17359	Sulfite	MAPPED	pass	../records.tsv (byte-identical source)
data/ingredients/mapped/Sulfoacetic_Acid.yaml	ee28be300850dd8eb2433f8bb320f05e5ee2f329254e3873b290314f7fe6714c	CHEBI:50519	Sulfoacetic acid	MAPPED	pass	../records.tsv (byte-identical source)
data/ingredients/mapped/Sulfonamide.yaml	84b377c28092f1a0007c506de34a70c66a1ddf90783eb3e5e8842dbb4cc8ba9f	CHEBI:35358	Sulfonamide	MAPPED	needs_curation	../records.tsv (byte-identical source)
data/ingredients/mapped/Sulfur-free_DL_Minerals.yaml	84b4158b9b15d8bc874a09c62f2e5d88f727826dfca6576ad8f38c2cd23ab487	kgmicrobe.ingredient:sulfur-free_dl_minerals	Sulfur-free DL minerals	MAPPED	pass	../records.tsv (byte-identical source)
data/ingredients/mapped/Sulfur.yaml	d3c21491d0fb541e814c941c6aa1541368cd2f51bbca5b30c6d6fe8ef45a2323	CHEBI:33403	Sulfur	MAPPED	pass	../records.tsv (byte-identical source)
data/ingredients/mapped/Sulfur_Compounds.yaml	3d8ac41e9765b8038020977bf46ea6a73d381cef95577bc0e831d815eeb272ea	CHEBI:26835	Sulfur compounds	MAPPED	needs_curation	../records.tsv (byte-identical source)
data/ingredients/mapped/Sulfur_Free_Mineral_Mix.yaml	d7248c7d9c6209a3e00ae22148824a3015953ee6d4ba8200000746ebdc3107ab	kgmicrobe.ingredient:sulfur_free_mineral_mix	Sulfur free mineral mix	MAPPED	needs_curation	../records.tsv (byte-identical source)
data/ingredients/mapped/Sulfur_Powder.yaml	84c3f9d0ed78f1d825f768381e74809f5ef3f94d95ccb0cbf4d766b8a429f884	CHEBI:33403	Sulfur (powder)	REJECTED	excluded_rejected	../records.tsv (byte-identical source)
data/ingredients/mapped/Sulphur.yaml	1bc82ad962cad0daef833690e8507241f6e00927ba6ddb110075872839d7ab36	CHEBI:33403	Sulphur	REJECTED	excluded_rejected	../records.tsv (byte-identical source)
data/ingredients/mapped/Sunflower_Oil.yaml	e6c9fc15fd6db6830947885b77c770a2e0070372aaf71e9d1c9b293b5ae66c35	cas:8001-21-6	Sunflower oil	MAPPED	pass	../records.tsv (byte-identical source)
data/ingredients/mapped/Supplemented_Seawater.yaml	a2bd368b550acfd26c3b618150a0f6477203b778b82c2fca041d37e0f5eb3671	kgmicrobe.ingredient:supplemented_seawater	Supplemented Seawater	MAPPED	pass	../records.tsv (byte-identical source)
data/ingredients/mapped/Surfactant.yaml	4ae85133118ce09bc36ea6b188ddb559b61f13e9a35b5a57bbed451d726a5666	CHEBI:35195	Surfactant	MAPPED	needs_curation	../records.tsv (byte-identical source)
data/ingredients/mapped/Sutezolid.yaml	e4a2b4acd3df4c427cdd0f2be88d93c9ec2cea249f0cc86ae34a7c176a880ef4	cas:168828-58-8	Sutezolid	MAPPED	pass	../records.tsv (byte-identical source)
data/ingredients/mapped/Synanthrin.yaml	ba5507863ec7bf38d47d7c8940262f1c20f4bed027a0df6a369f4fd499b9c60a	kgmicrobe.compound:synanthrin	Synanthrin	MAPPED	pass	../records.tsv (byte-identical source)
data/ingredients/mapped/Synephrine_Tartrate.yaml	e254a5b7fe7e973c7f80b41f09ddb6feabc81b0466395dac36a8138b3294778a	cas:16589-24-5	Synephrine Tartrate	MAPPED	pass	../records.tsv (byte-identical source)
data/ingredients/mapped/Synergistin_A.yaml	2a24401a60b9678961736563e685e3af769495429407770ac2b416444c011c3e	mesh:C003372	Synergistin A	MAPPED	pass	../records.tsv (byte-identical source)
data/ingredients/mapped/Synthetic_Sea_Salts_(sss).yaml	8b5d0af151a0289a3db16bbfdbc7f6f17534b27f9b74a6b12151b1adb81a640e	kgmicrobe.compound:synthetic_sea_salts_sss	Synthetic Sea Salts (sss)	MAPPED	needs_curation	../records.tsv (byte-identical source)
data/ingredients/mapped/Syringaldehyde.yaml	bc3f454362302b5b0a8204fcdcc43988e04af45bf39a55b927102271aba55996	CHEBI:67380	syringaldehyde	MAPPED	pass	../records.tsv (byte-identical source)
data/ingredients/mapped/Syringic_Acid.yaml	025e310d35764770957dc5d1f7e3e093bf761b3c8e0d1a16160b550c43a32d39	CHEBI:68329	Syringic Acid	MAPPED	pass	../records.tsv (byte-identical source)
data/ingredients/mapped/TAPS_Sodium_Salt.yaml	8f9e70c3f7d5c78d740187ab86dbc001a1b8fbbdf11898f79546f7bf5f23fda6	cas:91000-53-2	TAPS sodium salt	MAPPED	needs_curation	../records.tsv (byte-identical source)
data/ingredients/mapped/TYGVS_Glucose.yaml	689fb39c671e99636488c16438ba026133be33b0421ef394f2517769911b150c	kgmicrobe.ingredient:tygvs_glucose	TYGVS + Glucose	MAPPED	needs_curation	../records.tsv (byte-identical source)
data/ingredients/mapped/TYG_Salts_Solution.yaml	fbf220af63c83835e02a3cce65c8cb9c72140bdebb81c3fe73acc56a88d26abb	kgmicrobe.ingredient:tyg_salts_solution	TYG salts solution	MAPPED	needs_curation	../records.tsv (byte-identical source)
data/ingredients/mapped/Table_wine.yaml	95f5617ecde2c80225caa505a9cbab64f0ea74f2874b424a795506b3670915d3	FOODON:00004062	Table wine	MAPPED	pass	../records.tsv (byte-identical source)
data/ingredients/mapped/Tagatose.yaml	f8c1c8c45b3178198e3d3a2596b2f5385a2ecb179e027227875ef6413ee6822d	CHEBI:33954	Tagatose	MAPPED	pass	../records.tsv (byte-identical source)
data/ingredients/mapped/Takara_DO_Supp_MinusHisLeuTrp.yaml	2986f331569484dc5fcd9cc1f1b560fe352db870feb316355d0753c674a43317	kgmicrobe.ingredient:takara_do_supp_minushisleutrp	Takara_DO_Supp_MinusHisLeuTrp	MAPPED	needs_curation	../records.tsv (byte-identical source)
data/ingredients/mapped/Tangeritin.yaml	577f28518fedeca4e468412e5105324737cef094eb6210af3c2d65dfb92327c2	CHEBI:9400	Tangeritin	MAPPED	pass	../records.tsv (byte-identical source)
data/ingredients/mapped/Tannic_Acid.yaml	b00679627855bb301c1ed986b6dc850c426f983b6c34efc65a44640c411dbc53	CHEBI:75211	tannic acid	MAPPED	pass	../records.tsv (byte-identical source)
data/ingredients/mapped/Tapso.yaml	5c61139757132a2ff2d34a22f060c9ba9f64d219f5c31cee87806d259d975f2d	cas:68399-81-5	TAPSO	MAPPED	pass	../records.tsv (byte-identical source)
data/ingredients/mapped/Tara_Gum.yaml	9750394387dd61246cfc6b32e8ab77225cdb3d2c200fb2fcb997da452893daab	cas:39300-88-4	Tara gum	MAPPED	pass	../records.tsv (byte-identical source)
data/ingredients/mapped/Tartrate.yaml	8a20c3ea6b356d137b31d802f6ef0ab4b99fc82996e02f097d1a6bca79912f24	CHEBI:132950	Tartrate	MAPPED	needs_curation	../records.tsv (byte-identical source)
data/ingredients/mapped/Taurine.yaml	20d553573275ce1cf96a009be7e7f5b532d5b3a55e2bc992710b3f34dc67c104	CHEBI:15891	Taurine	MAPPED	pass	../records.tsv (byte-identical source)
data/ingredients/mapped/Taurocholate.yaml	147a85b0c444482569d8caf2d2d04212d89108e4f0ffe8447852c73cdd100a4c	CHEBI:36257	Taurocholate	MAPPED	pass	../records.tsv (byte-identical source)
data/ingredients/mapped/Taurocholic_Acid_Sodium_Salt_Hydrate.yaml	272ad84773a5bb8b12c3bda5fe8782bdf9ddd418aec01e25bfdb6a7f0435c6de	CHEBI:181226	Taurocholic acid sodium salt hydrate	MAPPED	pass	../records.tsv (byte-identical source)
data/ingredients/mapped/Tazobactam.yaml	0a0b0f1ef5cfb041fc6287cd4b304371f42a8ccce8e6fb49fec245c81b5a8743	CHEBI:9421	Tazobactam	MAPPED	pass	../records.tsv (byte-identical source)
data/ingredients/mapped/Tea.yaml	3e96b390da945cc5c1fc87a61f49f02568bbf9aa5f5c8288a58f24b6acd79471	FOODON:03315081	Tea	MAPPED	pass	../records.tsv (byte-identical source)
data/ingredients/mapped/Teicoplanin.yaml	d835c35d54c0bc31098f7df8e06da329503b3bbab574214deea6ec64a517f851	CHEBI:29687	Teicoplanin	MAPPED	pass	../records.tsv (byte-identical source)
data/ingredients/mapped/Tellurite.yaml	a9f06af24725051aa4650921a4ee4c609453d8d5f7a42619538d2ce772d548c2	CHEBI:30477	Tellurite	MAPPED	pass	../records.tsv (byte-identical source)
data/ingredients/mapped/Terephthalate.yaml	93f8d2a41b32f7df38b546aae01e40a999e163f2185284eaf9cb50384225ca69	CHEBI:30043	Terephthalate	MAPPED	pass	../records.tsv (byte-identical source)
data/ingredients/mapped/Terpene_Hydrate.yaml	15408cc661f79f033b1db1df4a943e1a3607b8a17225c9fad63a8fba62a45c0e	cas:2451-01-6	Terpene hydrate	MAPPED	needs_curation	../records.tsv (byte-identical source)
data/ingredients/mapped/Tertiomycin_A.yaml	78cc4f58e50f0be6af20f18852d731e266842ed24373ecbf285265349a62d57a	kgmicrobe.compound:tertiomycin_a	Tertiomycin A	MAPPED	needs_curation	../records.tsv (byte-identical source)
data/ingredients/mapped/Tertiomycin_B.yaml	6cbbacf9154ff6e15904bf5699216815b3a652f35b0e6f62f8f46b0b71eeb1f4	kgmicrobe.compound:tertiomycin_b	Tertiomycin B	MAPPED	needs_curation	../records.tsv (byte-identical source)
data/ingredients/mapped/Tes.yaml	a14ca054460e6ede69aaea67d8e48fa507ff619393aabb6e75ff414fe2e0ba2b	CHEBI:39035	TES	MAPPED	needs_curation	../records.tsv (byte-identical source)
data/ingredients/mapped/Testosterone.yaml	eeca001946c1f596b6188e4f19343f68ded0c512b5e01e65dca41e2305704ca9	CHEBI:17347	testosterone	MAPPED	pass	../records.tsv (byte-identical source)
data/ingredients/mapped/Tetrabromopyrrole.yaml	0726c45e0b1952e620cf77db593ec4946f78ee6f3bac1fa485091de5b881832d	kgmicrobe.compound:tetrabromopyrrole	Tetrabromopyrrole	MAPPED	needs_curation	../records.tsv (byte-identical source)
data/ingredients/mapped/Tetrachloroethene.yaml	e13bca32bdfc597091a6ee6458eab2c0d50f3140514ef5eac0fbdb24bbbbab7a	CHEBI:17300	Tetrachloroethene	MAPPED	needs_curation	../records.tsv (byte-identical source)
data/ingredients/mapped/Tetracycline.yaml	48a0f106a49f0b33faa49697b5c79377b2e7f92ce63327594f903ee0ab316429	CHEBI:27902	Tetracycline	MAPPED	needs_curation	../records.tsv (byte-identical source)
data/ingredients/mapped/Tetracycline_Hydrochloride.yaml	1c65b35e3fe29bf2211a458a339c7cade9e4f6de2d3ad02066d2abef6753f409	CHEBI:35006	Tetracycline hydrochloride	MAPPED	needs_curation	../records.tsv (byte-identical source)
data/ingredients/mapped/Tetrakis_Hydroxymethylphosphonium_Sulfate.yaml	1cd1e10c10879c8dffc78c9590589aa1003100871f0a0f6cbe5f2ec5d380a55f	cas:55566-30-8	Tetrakis(hydroxymethyl)phosphonium sulfate	MAPPED	pass	../records.tsv (byte-identical source)
data/ingredients/mapped/Tetramethyl_Ammonium.yaml	c46c7295826e2a6da35cc82ad1d45c93a58be120d53bd82e155af23811712a3f	kgmicrobe.compound:tetramethyl_ammonium	Tetramethyl ammonium	MAPPED	pass	../records.tsv (byte-identical source)
data/ingredients/mapped/Tetramethyl_Ammonium_Chloride.yaml	7a9160145cb30ef7d2f8f73cab8e705e0ee79da8c8b874de4e22a7f68ea8f514	kgmicrobe.compound:tetramethyl_ammonium_chloride	Tetramethyl ammonium chloride	MAPPED	needs_curation	../records.tsv (byte-identical source)
data/ingredients/mapped/Tetrandrine.yaml	dc3af13c27fa969beea4f6cf730fb9fbe4c1b4338427192323e935643107da20	CHEBI:49	Tetrandrine	MAPPED	pass	../records.tsv (byte-identical source)
data/ingredients/mapped/Tetraphene.yaml	c35e9f4fc3b923b9322edbdcadbacd7f9f3ed7f04b6975e29d4f74606f627c65	CHEBI:51348	Tetraphene	MAPPED	pass	../records.tsv (byte-identical source)
data/ingredients/mapped/Tetrathionate.yaml	de2e69f5e94b4fb6397f103a43bebf67c7868e97d10b049ad145d6ccb633712f	CHEBI:15226	Tetrathionate	MAPPED	pass	../records.tsv (byte-identical source)
data/ingredients/mapped/Tetrazolium_Blue.yaml	5170832f797a4f5dd87ed328c52422346fdbfb54bd5f96af0a94391c65afbee6	CHEBI:75198	Tetrazolium Blue	MAPPED	pass	../records.tsv (byte-identical source)
data/ingredients/mapped/Tetrazolium_Violet.yaml	4e3b9ca6abffa7f985be2f295521660ba48b89a128291084dca78ff925ad6f05	CHEBI:75193	Tetrazolium violet	MAPPED	pass	../records.tsv (byte-identical source)
data/ingredients/mapped/Tetrodotoxin.yaml	bfca91de064efbe3fb9d9a976dc6bd64b0bff6e92091c8175c663a42a88fcd6c	CHEBI:9506	Tetrodotoxin	MAPPED	pass	../records.tsv (byte-identical source)
data/ingredients/mapped/Texazone.yaml	82b24eba0ebfd693a8d8c855f483655abd145f68295f6b6aebec2a9fbb6ec1c7	CHEBI:197442	Texazone	MAPPED	pass	../records.tsv (byte-identical source)
data/ingredients/mapped/Thallium_I_Acetate.yaml	953da641bdb3fedbc075121470ff57237fe54b2c532032d701ac5045e601ea9f	CHEBI:75192	Thallium(I) acetate	MAPPED	pass	../records.tsv (byte-identical source)
data/ingredients/mapped/Thauers_Vitamin_Mix.yaml	6f26792c1adf5d2342d0a46faf9f65b9967167d3d5f69f83793c27752c65a90e	kgmicrobe.ingredient:thauers_vitamin_mix	Thauer's vitamin mix	MAPPED	pass	../records.tsv (byte-identical source)
data/ingredients/mapped/Thauers_Vitamin_Mix_No_Biotin.yaml	feddbf49d142ddedc7db088c420351c686a69696ba1d4faf8609f3031d437429	kgmicrobe.ingredient:thauers_vitamin_mix_no_biotin	Thauer's vitamin mix no Biotin	MAPPED	pass	../records.tsv (byte-identical source)
data/ingredients/mapped/Theaflavin.yaml	c6a5875d602230834f8d8e7b836de486d92d5a05dc042ba7ebaa2d8ca530561f	CHEBI:136609	Theaflavin	MAPPED	pass	../records.tsv (byte-identical source)
data/ingredients/mapped/Theaflavin_Digallate.yaml	0245d232ebeb7d0e3ad12ce923e213852cb87f4701a2ef27c112da453fea5483	cas:30462-35-2	Theaflavin Digallate	MAPPED	needs_curation	../records.tsv (byte-identical source)
data/ingredients/mapped/Theobromine.yaml	82cc0e47016ff8d8280d9542a4076ecb4b675192d6ec73dd52c36d7174971aa4	CHEBI:28946	Theobromine	MAPPED	pass	../records.tsv (byte-identical source)
data/ingredients/mapped/Theophylline.yaml	a18ec57dd880d3983b383a48867034536cae7b301ad9f017085dec6dce66284c	CHEBI:28177	Theophylline	MAPPED	pass	../records.tsv (byte-identical source)
data/ingredients/mapped/Thiamin_Pyrophosphate.yaml	db23730b8e0c69f8f3711697b971f39a2203f5105ba91610992f925df8bc07bf	CHEBI:45931	Thiamin pyrophosphate	MAPPED	needs_curation	../records.tsv (byte-identical source)
data/ingredients/mapped/Thiamine-hcl_X_2_H2o.yaml	482d71b94bd51f56bf1cb9ec5ced824709d7f99e0e849749b124b366864574b3	CHEBI:132751	Thiamine-HCl x 2 H2O	MAPPED	needs_curation	../records.tsv (byte-identical source)
data/ingredients/mapped/Thiamine.yaml	8a72b4399b922c430e3a33792b3e8b0c2efb26f647d5f78fa4c7a6c4f42ff52e	CHEBI:18385	Thiamine	MAPPED	needs_curation	../records.tsv (byte-identical source)
data/ingredients/mapped/Thiamine_Hcl.yaml	8e7d3802dc19872e85d753b6c7a0e1fb34c552311e69c450e697d9f1e55b2732	CHEBI:49105	Thiamine HCl	MAPPED	needs_curation	../records.tsv (byte-identical source)
data/ingredients/mapped/Thiamine_Vitamin_Solution.yaml	4c48be23fcd0f01a354028889258574c342481c16d92fa546d3d10eb9bab6d8c	kgmicrobe.ingredient:thiamine_vitamin_solution	Thiamine Vitamin Solution	MAPPED	needs_curation	../records.tsv (byte-identical source)
data/ingredients/mapped/Thiamine_monophosphate.yaml	499bc720dc10d7e845f51c0126566d25ad4c9bd65d79184a30141a9e05eb49e5	CHEBI:9533	thiamine monophosphate	MAPPED	pass	../records.tsv (byte-identical source)
data/ingredients/mapped/Thiamine_pyrophosphate.yaml	328fa914b8bae7bb0119ec14608fdce5b1c1d8158ef6c6cabaa8e92c0b87017f	CHEBI:9532	Thiamine pyrophosphate	MAPPED	needs_curation	../records.tsv (byte-identical source)
data/ingredients/mapped/Thioctic_Acid.yaml	1e895ea0095d831e1c9d89b7ead8f658a800f5d7eec639af6388e535c57dbbca	CHEBI:16494	Thioctic acid	REJECTED	excluded_rejected	../records.tsv (byte-identical source)
data/ingredients/mapped/Thioglycolate.yaml	7bc62ba32447aaba996dbb9c6baf037c658c2d8ba7abf4d392e8c2c540b215a4	CHEBI:47869	Thioglycolate	MAPPED	needs_curation	../records.tsv (byte-identical source)
data/ingredients/mapped/Thioglycollic_Acid.yaml	c4725d5660294a1fe780ba4863acec59e7097e64b3ec721ac013380d67166323	CHEBI:30065	Thioglycollic acid	MAPPED	pass	../records.tsv (byte-identical source)
data/ingredients/mapped/Thiolutin.yaml	0da3f374ef09ede3245c1dcfd49f7d2212fc37f6dded6d38fb0255ce09851faa	CHEBI:156450	Thiolutin	MAPPED	pass	../records.tsv (byte-identical source)
data/ingredients/mapped/Thioridazine_Hydrochloride.yaml	fc126a3631407966d9efc3c60b93b3da8a943e166dfeb2685b8091d1a3e59ee2	CHEBI:48566	Thioridazine hydrochloride	MAPPED	pass	../records.tsv (byte-identical source)
data/ingredients/mapped/Thiostrepton.yaml	f5ea459d48b04c154f7cf0a0dc89b7b696185cf6ef27efa3bcbbdba5e2f7a3f0	CHEBI:29693	Thiostrepton	MAPPED	pass	../records.tsv (byte-identical source)
data/ingredients/mapped/Thiosulfate.yaml	797cee9ca283c5cebb88d1cc1193d9fa9e75783bdf15be2930992abf14b53736	CHEBI:26977	Thiosulfate	MAPPED	needs_curation	../records.tsv (byte-identical source)
data/ingredients/mapped/Thiourea.yaml	cda09aa19277963b0a111f2202ee0d84fde8329b768e6436606ab6042d56c5f8	CHEBI:36946	Thiourea	MAPPED	pass	../records.tsv (byte-identical source)
data/ingredients/mapped/Threonine.yaml	abd229fe1bc7cd52408e8d6d1c2ce9abf3adc7b2a18f95dc714f4a20c3bb8fbd	CHEBI:26986	Threonine	MAPPED	needs_curation	../records.tsv (byte-identical source)
data/ingredients/mapped/Thymidine.yaml	ca9f236adc6f158472573164e05a4eb70fd22057226ea3fdfe0ba5425a667cd8	CHEBI:17748	Thymidine	MAPPED	pass	../records.tsv (byte-identical source)
data/ingredients/mapped/Thymine.yaml	e26b853f94adebc056af26705dfbecc6604fea2d898c3fcd53f9bf2e71e94b78	CHEBI:17821	Thymine	MAPPED	pass	../records.tsv (byte-identical source)
data/ingredients/mapped/Thymoquinone.yaml	9c4119206059b27e18ea301ca7653a5b17a5be227401e6b5a32254d718b93502	CHEBI:113532	Thymoquinone	MAPPED	pass	../records.tsv (byte-identical source)
data/ingredients/mapped/TiCl3.yaml	7c621a19fb991e2bc4122b2c9e11beec933c160fd428d227b0ea1f7939c5024e	mesh:C039460	TiCl3	MAPPED	pass	../records.tsv (byte-identical source)
data/ingredients/mapped/Tiamulin.yaml	08c239c111258dcf3bf7c40179885fad6c0a3090272c273dc4f2df12503b2776	CHEBI:44137	Tiamulin	MAPPED	pass	../records.tsv (byte-identical source)
data/ingredients/mapped/Ticarcillin.yaml	9ea18df780449b96a0c53adf3056d2c257e467e8c66065a70f1417fe0ee347e8	CHEBI:9587	Ticarcillin	MAPPED	pass	../records.tsv (byte-identical source)
data/ingredients/mapped/Ticarcillin_Disodium_Salt.yaml	5f9c695108a6ccc66fed42d5463bd5eb850bded263056467ae5f61c583d07ce1	CHEBI:35017	Ticarcillin disodium salt	MAPPED	needs_curation	../records.tsv (byte-identical source)
data/ingredients/mapped/Tigecycline.yaml	5258844c4714e8dacc40c80f8a1ed96135a44db88e809ef5ed5a14700f676b38	CHEBI:149836	Tigecycline	MAPPED	pass	../records.tsv (byte-identical source)
data/ingredients/mapped/Timentin.yaml	5e4d3ca4ec8f120372b0ba78316df491ef60e99071ae719d47da45346bd585b8	cas:86482-18-0	Timentin	MAPPED	needs_curation	../records.tsv (byte-identical source)
data/ingredients/mapped/TitaniumIII_Chloride.yaml	8b77127d8befda706ede22e5f25d6b37b67adaaa88f1a90d6e943361a5241892	cas:7705-07-9	TitaniumIII chloride	MAPPED	pass	../records.tsv (byte-identical source)
data/ingredients/mapped/Titanium_chloride.yaml	09df37d52b06e5d77c90002d95566ad1f3cf8f6519ddf0d4bbd181690e753b03	CHEBI:231499	Titanium chloride	MAPPED	needs_curation	../records.tsv (byte-identical source)
data/ingredients/mapped/Tobramycin.yaml	734c08c250f0891dee1f49089a075f3cf79877b6ed6af37a398554b0f4deeb03	CHEBI:28864	Tobramycin	MAPPED	pass	../records.tsv (byte-identical source)
data/ingredients/mapped/Tobramycin_Sulfate_Salt.yaml	083a5b4efa6055f37c630bec23b31a5b1ec52bf018132f98a64c95817019d164	cas:79645-27-5	Tobramycin sulfate salt	MAPPED	needs_curation	../records.tsv (byte-identical source)
data/ingredients/mapped/Toluene.yaml	6bc26620c17b72911a12c1c82433f9fe04e79ffbef1d29e79bb2390444d6db73	CHEBI:17578	Toluene	MAPPED	pass	../records.tsv (byte-identical source)
data/ingredients/mapped/Tomatidine_Hydrochloride.yaml	3e049902c6297a37cdc2e32c06895932ab5367f27bebb5c3822c889d499af5e3	cas:69004-03-1	Tomatidine Hydrochloride	MAPPED	needs_curation	../records.tsv (byte-identical source)
data/ingredients/mapped/Tomato_Juice.yaml	24513b8692d9dca0927a7d4829126cda2cd69773bedaeb2af4fb35f6f7feab17	FOODON:03301454	Tomato juice	MAPPED	needs_curation	../records.tsv (byte-identical source)
data/ingredients/mapped/Toray_Silicone_SH_5535.yaml	fad816f40678c2bed3f2e51532e1ebfaba7c057ac8d2d5dd3c30d53f62f001ae	mesh:C069668	Toray silicone SH 5535	MAPPED	needs_curation	../records.tsv (byte-identical source)
data/ingredients/mapped/Totarol.yaml	0b44f73572fd6c42cd8505983259d7acd0eb3ba88fcb130d88bef7975102920d	CHEBI:69241	Totarol	MAPPED	pass	../records.tsv (byte-identical source)
data/ingredients/mapped/Toyocamycin.yaml	76bada6f838cc94830581071e84391c8c115828fd1ca2c039d521576f5f3a192	CHEBI:134606	Toyocamycin	MAPPED	pass	../records.tsv (byte-identical source)
data/ingredients/mapped/Trace_Element_Solution.yaml	1f63952b447ff70460ccd928683ee93881f136c77625a81ed16354bc049b6d30	kgmicrobe.ingredient:trace_element_solution	Trace element solution	MAPPED	pass	../records.tsv (byte-identical source)
data/ingredients/mapped/Trace_Element_Solution_SL-10.yaml	0ac2119212b970aeef50cc4a921bb0bfd95fb83a4f8279bae5bc5c0ffcd44be5	kgmicrobe.ingredient:trace_element_solution_sl-10	Trace element solution SL-10	MAPPED	pass	../records.tsv (byte-identical source)
data/ingredients/mapped/Trace_Element_Solution_See_Medium_No_187.yaml	eea23f3c73fe8d5993d5292436d12776dde1308bcedf2a4916d1ca553b6cf40d	kgmicrobe.ingredient:trace_element_solution_see_medium_no_187	Trace element solution see Medium No. 187	MAPPED	needs_curation	../records.tsv (byte-identical source)
data/ingredients/mapped/Trace_Metal_Mix_A5.yaml	5982838d016b9e668006fa6cd8108c3930358970b2156b2a1596425af3ab4ef2	MICRO:0001349	Trace metal mix A5	MAPPED	needs_curation	../records.tsv (byte-identical source)
data/ingredients/mapped/Trace_Metal_Solution.yaml	b7ab5c76c74a3803abae8e6f13cd04596c382ac4e360ef9b9935932691649d6f	kgmicrobe.ingredient:trace_metal_solution	Trace metal solution	MAPPED	needs_curation	../records.tsv (byte-identical source)
data/ingredients/mapped/Trace_Metals_Solution.yaml	5f77ff9ad5d2b439e45452669440df78b8ca8e4a848ba5e47361200f3cff4f9f	kgmicrobe.ingredient:trace_metals_solution	Trace Metals Solution	MAPPED	pass	../records.tsv (byte-identical source)
data/ingredients/mapped/Trace_Mineral_Solution.yaml	03837875ebc88c1ab82387c244b383de83a01bc77f4fd60cd75fbbecdcd31f81	kgmicrobe.ingredient:trace_mineral_solution	Trace mineral solution	MAPPED	needs_curation	../records.tsv (byte-identical source)
data/ingredients/mapped/Trace_Minerals.yaml	9a1b033572d1f6462d4de4d9f07d655e34f98fe37d82c2449d4a48cc2dadd1bc	kgmicrobe.ingredient:trace_minerals	Trace minerals	MAPPED	needs_curation	../records.tsv (byte-identical source)
data/ingredients/mapped/Trans-2-Pentenoic_Acid.yaml	279c76c718764e1907f7894eee6943c5f8d35407fe83393ac5cdac9b436eccb1	CHEBI:38366	trans-2-Pentenoic acid	MAPPED	pass	../records.tsv (byte-identical source)
data/ingredients/mapped/Trans-2-methyl-2-butenoic_Acid.yaml	37cc4b66b7a801d9557544e833e2966d37cfdbaaa7d3a21ecfaf54b934503d57	CHEBI:9592	Trans-2-methyl-2-butenoic acid	MAPPED	pass	../records.tsv (byte-identical source)
data/ingredients/mapped/Trans-aconitic_Acid.yaml	548d1d9d2bada99a9e82d9e5e8849cb7dce0685adde7c847ea393b33b5e15ab7	CHEBI:32806	trans-aconitic acid	MAPPED	needs_curation	../records.tsv (byte-identical source)
data/ingredients/mapped/Trans-cinnamic_Acid.yaml	a47a4dad1bd7204ee15edc4307a9491b6da91d3b51d0586e6018982e416f1003	CHEBI:35697	trans-Cinnamic acid	MAPPED	needs_curation	../records.tsv (byte-identical source)
data/ingredients/mapped/TransTrans-Farnesol.yaml	0c9c4bd7ce140587d4ad3fafdbc12fa008169719c7131fdff082048d10559556	CHEBI:16619	Trans,Trans-Farnesol	MAPPED	pass	../records.tsv (byte-identical source)
data/ingredients/mapped/Trans_Styrylacetic_Acid.yaml	a958c865865013554d154becff0d0fc52b8086d2bb054be75d13143d4e18a9d5	kgmicrobe.compound:trans_styrylacetic_acid	Trans Styrylacetic Acid	MAPPED	pass	../records.tsv (byte-identical source)
data/ingredients/mapped/Transvalencin_A.yaml	7b8e940a00a5284a5ff52601ed37c0f9a007d568fb2ea3627edb47f041f5e27e	mesh:C498222	Transvalencin A	MAPPED	pass	../records.tsv (byte-identical source)
data/ingredients/mapped/Trehalose.yaml	fdcc28ac5e51833fee167b42f4cfa3ffd3bfdb34a1e53fb78c1718eaf2a5c015	CHEBI:27082	Trehalose	MAPPED	needs_curation	../records.tsv (byte-identical source)
data/ingredients/mapped/Tribenuron-methyl.yaml	0f5e754c0426c1e9fdd3e66d08790f68fe9e5be34ff155b0fa4aab2de22372c4	CHEBI:9678	Tribenuron-methyl	MAPPED	pass	../records.tsv (byte-identical source)
data/ingredients/mapped/Tributyrin.yaml	30cfad266690bf75c37d2ddc4970033ada988f91fa81fea11815ff4cb9240a16	CHEBI:35020	Tributyrin	MAPPED	pass	../records.tsv (byte-identical source)
data/ingredients/mapped/Tricalcium_Phosphate.yaml	fcb3e941f149cfbf9039c85ce0b4c1ea3bef464f8f455c2dee8cbf09db26f392	CHEBI:9679	Tricalcium phosphate	MAPPED	pass	../records.tsv (byte-identical source)
data/ingredients/mapped/Trichloroethylene.yaml	7df1e6db94d700b5a9dc649680885f6f08eee412c7ea7010abf8bf4f6d57c2a2	CHEBI:16602	Trichloroethylene	MAPPED	needs_curation	../records.tsv (byte-identical source)
data/ingredients/mapped/Tricine.yaml	fcfadeeb55acce26cd71ac7a804ec6f42be4d472fef3f81cb9ca771a8722588c	CHEBI:46760	Tricine	MAPPED	needs_curation	../records.tsv (byte-identical source)
data/ingredients/mapped/Triethanolamine.yaml	9633a5cdff01cf495c85ad68fe2ff91d00867f499477ce51efeee1d149eb8c03	CHEBI:28621	Triethanolamine	MAPPED	pass	../records.tsv (byte-identical source)
data/ingredients/mapped/Trigonelline.yaml	11cb600b9ee471da321d3ae8feedf3b3ed057cd934c4a874fadcbc6ff6360cde	mesh:C009560	Trigonelline	MAPPED	needs_curation	../records.tsv (byte-identical source)
data/ingredients/mapped/Trigonelline_HCl.yaml	74cf0c728e8bada7e181abaffc61c5c6727e7a419d49d797619cf08f463946bf	CHEBI:229203	Trigonelline HCl	MAPPED	pass	../records.tsv (byte-identical source)
data/ingredients/mapped/Trimethoprim.yaml	400b9a0abbf55d4ef09f1ab881a5eee26f37dbecd722a972b6fde0b10e1f8fc2	CHEBI:45924	Trimethoprim	MAPPED	needs_curation	../records.tsv (byte-identical source)
data/ingredients/mapped/Trimethylamine-N-oxide.yaml	137198f0d5fd9af7139d6591d4bf838c3c511d0c2e874d817a7ba1e5f5b57401	CHEBI:15724	Trimethylamine-N-oxide	MAPPED	pass	../records.tsv (byte-identical source)
data/ingredients/mapped/Trimethylamine-hcl.yaml	7a8d0fb580287c0bfe138b3936d4a251d14262e12ca2ed125c9539faa0c56153	CHEBI:64700	Trimethylamine-HCl	MAPPED	needs_curation	../records.tsv (byte-identical source)
data/ingredients/mapped/Trimethylamine.yaml	0b2b5972faa7d1596ab3abfea5ffdc4ca08ef008907ff7eb18c4becb35e2a84f	CHEBI:18139	Trimethylamine	MAPPED	needs_curation	../records.tsv (byte-identical source)
data/ingredients/mapped/Trinitrotoluene.yaml	03d1567343d3fd70b13610a477d7cf6908ceb39be55de5dd8df90a5e2632e172	CHEBI:27135	Trinitrotoluene	MAPPED	needs_curation	../records.tsv (byte-identical source)
data/ingredients/mapped/Triptolide.yaml	d0db9f92784e21557dca844f6c95923cc09385b12a42bd4e74dbf0134b0328fd	CHEBI:9747	Triptolide	MAPPED	pass	../records.tsv (byte-identical source)
data/ingredients/mapped/Tris_Acetate_Stock_Solution.yaml	d9b484587a586f8d8eda402402f819361092f2edca57bf7cc2fc2c4c63d68d67	CHEBI:66869	Tris Acetate Stock Solution	MAPPED	needs_curation	../records.tsv (byte-identical source)
data/ingredients/mapped/Tris_Base.yaml	fa6a1261635faa1c4f262fd8bb2943e4cc927ba6864bfb012a94a058afe438f1	CHEBI:9754	Tris base	MAPPED	needs_curation	../records.tsv (byte-identical source)
data/ingredients/mapped/Trisodium_Citrate.yaml	950d213a0b33c9df93652767f8477daf8309a42322e37c14ff3a9a3e3f357ec1	CHEBI:53258	Trisodium citrate	MAPPED	needs_curation	../records.tsv (byte-identical source)
data/ingredients/mapped/Trisodium_Citrate_X_2_H2o.yaml	2ff97169ff4b12e889f319d92958ae786a0b0e05bfb86c0f5d5bc97ff5d30b40	CHEBI:32142	Trisodium citrate x 2 H2O	REJECTED	excluded_rejected	../records.tsv (byte-identical source)
data/ingredients/mapped/Trisodium_Citrate_X_H2O.yaml	47480b3cdddc63a9b7685533ad4c5f20884a34655ec6b76d880ec2178bddbd8d	mesh:C514290	Trisodium citrate x H2O	MAPPED	needs_curation	../records.tsv (byte-identical source)
data/ingredients/mapped/Trithionate.yaml	28fb65533fc51cd5026c08310a387d6041d5cd98548b9d4730efcbfd3fc3dbcd	CHEBI:15987	Trithionate	MAPPED	pass	../records.tsv (byte-identical source)
data/ingredients/mapped/Triton_X-100.yaml	b61474baea2bb074a9b489521c27559b33a0ae35acda531b6dd6b0bcb9cec3aa	CHEBI:9750	Triton X-100	MAPPED	needs_curation	../records.tsv (byte-identical source)
data/ingredients/mapped/Troleandomycin.yaml	0f34210446706949f2753c8db347c0aadfbfcf4c699c054955adfd927712b952	CHEBI:45735	Troleandomycin	MAPPED	pass	../records.tsv (byte-identical source)
data/ingredients/mapped/Trypsin.yaml	bcce387ee5472901b230055d8819067484811434737e641bfba43534f9e273b0	CHEBI:9765	Trypsin	MAPPED	pass	../records.tsv (byte-identical source)
data/ingredients/mapped/Trypsin_Sigma-Aldrich.yaml	3451fd81aca5c6f37a7a7c0e7f62379a7ef47cd81058564d379eb8eae940326a	MICRO:0000673	Trypsin (Sigma--Aldrich)	MAPPED	needs_curation	../records.tsv (byte-identical source)
data/ingredients/mapped/Tryptamine.yaml	bc6b528bdcf7321639bd01d2489781b50599f1c2c3e1a1b9ee74e626f659347a	CHEBI:16765	Tryptamine	MAPPED	pass	../records.tsv (byte-identical source)
data/ingredients/mapped/Trypticase-glucose-yeast_Extract.yaml	dd8cff5daf1d1ba4c784e36305963b72d73079532b80b5bf86d6ba060cc2a0a3	kgmicrobe.ingredient:trypticase_glucose_yeast_extract	Trypticase-glucose-yeast Extract	MAPPED	pass	../records.tsv (byte-identical source)
data/ingredients/mapped/Trypticase.yaml	ced9ce2808f4e36f73e5a5aa7b2626efa2a85efd67ca1d39b4e15a61d4c454ef	MICRO:0000175	Trypticase	MAPPED	needs_curation	../records.tsv (byte-identical source)
data/ingredients/mapped/Trypticase_Peptone.yaml	88e513d4f6e6fa153ae508047b9a654922dad2bab84d4624cca2a17ade2b742c	MICRO:0000175	Trypticase peptone	MAPPED	needs_curation	../records.tsv (byte-identical source)
data/ingredients/mapped/Tryptone.yaml	2d4142f88d854838da86fa3f81a34d5d40c302627cf127adc0b50006e5b21356	MICRO:0000182	Tryptone	MAPPED	needs_curation	../records.tsv (byte-identical source)
data/ingredients/mapped/Tryptone_Peptone.yaml	d9feb1586ea8908bcf25248a1b9390909a71b72d9def8eedc39d3a0617b9e585	MICRO:0000182	Tryptone peptone	MAPPED	pass	../records.tsv (byte-identical source)
data/ingredients/mapped/Tryptoneyeastbeef_(tyb).yaml	51534075a64e3b15332938e6140d8511170a6ab999a155baf74aa087e5fae947	kgmicrobe.ingredient:tryptone_yeast_beef_tyb	Tryptone/yeast/beef (tyb)	MAPPED	pass	../records.tsv (byte-identical source)
data/ingredients/mapped/Tryptophan.yaml	33eb945268c2de48a4141c357266d845d83c9d2eb82c121584bb1e65f5b8c543	CHEBI:27897	Tryptophan	MAPPED	needs_curation	../records.tsv (byte-identical source)
data/ingredients/mapped/Tryptose.yaml	6f2175ad4c3a9a65128a17cf32375598b7ca2a16e9de686c298203d931108b6f	MICRO:0000183	Tryptose	MAPPED	needs_curation	../records.tsv (byte-identical source)
data/ingredients/mapped/Tubelactomicin_A.yaml	a536bafd0956e7f88373f86b5b74fc78d2aaa1264b6e7823dbe1ae9f6a636451	CHEBI:66279	Tubelactomicin A	MAPPED	pass	../records.tsv (byte-identical source)
data/ingredients/mapped/Tuberactinamine_A.yaml	8b7c9269fd90f17d38fee5c20c23049dc14e2294e8980c02572799d238600dfe	mesh:C108556	Tuberactinamine A	MAPPED	pass	../records.tsv (byte-identical source)
data/ingredients/mapped/Tuberactinomycin.yaml	1c818cbf1c39960029853fadc7f742eaf392c0d8529f711510cd2ad4e20724ee	mesh:C015563	Tuberactinomycin	MAPPED	needs_curation	../records.tsv (byte-identical source)
data/ingredients/mapped/Tubercidin.yaml	1959c5e3f784b3716a09c51455845a2bb4f596d8c38e44aafc9d6a39e3440ba2	CHEBI:48267	Tubercidin	MAPPED	pass	../records.tsv (byte-identical source)
data/ingredients/mapped/Tungstate.yaml	6e8a3fd17004e527f23f3e2f86ad2d9feefb28ef1d8b122377db7b9d31363443	CHEBI:46502	Tungstate	MAPPED	needs_curation	../records.tsv (byte-identical source)
data/ingredients/mapped/Tunicamycin.yaml	d6c1f7324d1f1fb0b60cd89c54e2b81950fdd873f6b32c76d3f2388a9092fe7b	CHEBI:29699	Tunicamycin	MAPPED	needs_curation	../records.tsv (byte-identical source)
data/ingredients/mapped/Tween.yaml	c9e7578c65bf1803890e8838180b55399081e290bab60c774d583e46fa04c942	mesh:D011136	Tween	MAPPED	pass	../records.tsv (byte-identical source)
data/ingredients/mapped/Tween_20.yaml	a91c8f4f800d56f5c5b39f706363513870dae60184d5a282c79ddf2866c448d7	CHEBI:53424	Tween 20	MAPPED	pass	../records.tsv (byte-identical source)
data/ingredients/mapped/Tween_40.yaml	05356b8c9222b7d8142f97e8a87913c473630b502e6801036afb0553ea1d0ff1	CHEBI:53423	Tween 40	MAPPED	needs_curation	../records.tsv (byte-identical source)
data/ingredients/mapped/Tween_60.yaml	d6784eead1df18b60aef5e8514f81d2685a008195c055125d44c0e9f8bfc251e	CHEBI:53425	Tween 60	MAPPED	needs_curation	../records.tsv (byte-identical source)
data/ingredients/mapped/Tween_80.yaml	b2c418f2dd142b9270329af6d46a71939a1223eb3384c59dd05eb5f13868ae24	CHEBI:53426	Tween 80	MAPPED	needs_curation	../records.tsv (byte-identical source)
data/ingredients/mapped/Tyloxapol.yaml	50a3e3c7569c8497308a61b1014826b8a0ae728667020d8534218b6b1e6f96a8	CHEBI:141517	Tyloxapol	MAPPED	needs_curation	../records.tsv (byte-identical source)
data/ingredients/mapped/UW_Concentrated_Base.yaml	b455758691d8f1ec6e5c6303502ed582461925a43b211ee5eb12eaa0590f3931	kgmicrobe.ingredient:uw_concentrated_base	UW concentrated base	MAPPED	pass	../records.tsv (byte-identical source)
data/ingredients/mapped/UW_Concentrated_Base_No_Mo.yaml	daa15aae2de103e20e4916c105333d51581a8da24616ef312ba0b6a98d05fb0c	kgmicrobe.ingredient:uw_concentrated_base_no_mo	UW concentrated base no Mo	MAPPED	pass	../records.tsv (byte-identical source)
data/ingredients/mapped/UW_Concentrated_Base_No_Sulfur.yaml	8e21f39d0f744ddf42c91a05ff234c29167bec026d599e41b7cfd8b02c04f6d7	kgmicrobe.ingredient:uw_concentrated_base_no_sulfur	UW concentrated base no sulfur	MAPPED	pass	../records.tsv (byte-identical source)
data/ingredients/mapped/Undecene.yaml	9b0cc0f64b4f931496ef03e6e062560bf894e16aacc91e36f4b8546b136c4438	CHEBI:77444	undecene	MAPPED	pass	../records.tsv (byte-identical source)
data/ingredients/mapped/Uracil.yaml	aa1282ae9e8737fa46ae6a24682f90ea29ff40a4251cc7b7fcca3122273ff516	CHEBI:17568	Uracil	MAPPED	pass	../records.tsv (byte-identical source)
data/ingredients/mapped/Uranyl_Acetate.yaml	dfdead3435fc397c9fe10f37f921b231ccf519e062ea8da080a69b91e9dac0da	cas:541-09-3	Uranyl acetate	MAPPED	needs_curation	../records.tsv (byte-identical source)
data/ingredients/mapped/Uranyl_Acetate_Dihydrate.yaml	ee4ac659f13833738a2dfc2a0890b1f113682006f10813de5429d111fc7fb96a	cas:6159-44-0	Uranyl Acetate Dihydrate	MAPPED	pass	../records.tsv (byte-identical source)
data/ingredients/mapped/Urea.yaml	5f780acdf16ce14dda581cda79fe876de3b05a18efed77b1f44181ca8a1fb7c1	CHEBI:16199	Urea	MAPPED	needs_curation	../records.tsv (byte-identical source)
data/ingredients/mapped/Uric_Acid.yaml	28c6023f0d0592f8dfaf3c97e4c999f50c9f43ec5ae0adec6df57d04c8b9c116	CHEBI:27226	Uric acid	MAPPED	pass	../records.tsv (byte-identical source)
data/ingredients/mapped/Uridine.yaml	91926fc8d319d9ccef7d96364708db21fdbebe5c93de612ac2378045578ce1f2	CHEBI:16704	Uridine	MAPPED	pass	../records.tsv (byte-identical source)
data/ingredients/mapped/Uridine_5-monophosphate_Disodium_Salt.yaml	b98b90f1962c75b80be55c6acc93ab7442f3058c041f555bf60d91e32d3694ea	cas:3387-36-8	Uridine 5-monophosphate disodium salt	MAPPED	pass	../records.tsv (byte-identical source)
data/ingredients/mapped/Urocanic_Acid.yaml	90dad069b3349d354438558d8373dc60f08bce3259a31ea33161a34106a526a4	CHEBI:27248	Urocanic Acid	MAPPED	pass	../records.tsv (byte-identical source)
data/ingredients/mapped/Ursololactone_Acetate.yaml	1a6fb53c3dc28172547d4692bfb05fcf6896dd02350218a8e3778ae9ca3f908d	cas:28290-51-9	Ursololactone Acetate	MAPPED	pass	../records.tsv (byte-identical source)
data/ingredients/mapped/Usnic_Acid.yaml	6fbe4558479b519e7d58873b1e46755335c40cf40821b794c24dc0ddc750ca67	CHEBI:38319	Usnic Acid	MAPPED	pass	../records.tsv (byte-identical source)
data/ingredients/mapped/V-8_Juice.yaml	c354a7d52041268f8c8294d0cae0c8d3a560fce7198412382cf581850771eeeb	kgmicrobe.ingredient:v-8_juice	V-8 Juice	MAPPED	pass	../records.tsv (byte-identical source)
data/ingredients/mapped/Valerate.yaml	4508d70da2b240e8802d9fd44095cbf154f19a70e17298e860a7088d1c8b4f7e	CHEBI:31011	Valerate	MAPPED	pass	../records.tsv (byte-identical source)
data/ingredients/mapped/Valeric_Acid.yaml	67ef8d965bb89f4862fac1b03aa2cdfab4505741b27017ae5d2c33fb4ad31a56	CHEBI:17418	Valeric acid	MAPPED	pass	../records.tsv (byte-identical source)
data/ingredients/mapped/Valerolactone.yaml	dc55edea1fae5c49b49185a0419968ae385cc531177b67ab9b3ad10941888538	CHEBI:16545	Valerolactone	MAPPED	pass	../records.tsv (byte-identical source)
data/ingredients/mapped/Vanadium_Chloride.yaml	c8aea81224aa456d3adaba2c0b09192b067bb612d45878774d3d6cab981aaa36	cas:7718-98-1	vanadium chloride	MAPPED	needs_curation	../records.tsv (byte-identical source)
data/ingredients/mapped/Vancomycin.yaml	aa0049a05e874e525eb416cc26b48e3437352bd3e5a6a12f6da07864c66765d5	CHEBI:28001	Vancomycin	MAPPED	pass	../records.tsv (byte-identical source)
data/ingredients/mapped/Vancomycin_Hydrochloride_From_Streptomyces_Orientalis.yaml	1ec3918aaaebfd97d87d712c6539cbdad0a1f063169aed25e7fd0778a438692b	CHEBI:9932	Vancomycin Hydrochloride from Streptomyces orientalis	MAPPED	needs_curation	../records.tsv (byte-identical source)
data/ingredients/mapped/Vancomycin_Hydrochloride_Hydrate.yaml	7b2a0d9439f1922307397b1470b9bf6d1052129aa298e3fac572188935e240f5	cas:123409-00-7	Vancomycin Hydrochloride Hydrate	MAPPED	needs_curation	../records.tsv (byte-identical source)
data/ingredients/mapped/Vancoresmycin.yaml	9cf0b86fe169b4011363225db1b121bc3140c5745068cd2881f1672c96e04ab8	CHEBI:213208	Vancoresmycin	MAPPED	pass	../records.tsv (byte-identical source)
data/ingredients/mapped/Vanillic_Acid.yaml	a8129fb415f96850fcd4301f30cba15efd962bfb88dbff6e753a3adc56a5eb26	CHEBI:30816	Vanillic Acid	MAPPED	pass	../records.tsv (byte-identical source)
data/ingredients/mapped/Vanillin.yaml	8dc220fef22f9414193f1c26749f40aa4fc5ff44a53426e87a06c5d562c4959c	CHEBI:18346	Vanillin	MAPPED	pass	../records.tsv (byte-identical source)
data/ingredients/mapped/Vanillyl_Alcohol.yaml	28f578e072aa9c997d62f0737fe251b70b179576e330fa1555e13798e8c7541c	CHEBI:18353	Vanillyl Alcohol	MAPPED	pass	../records.tsv (byte-identical source)
data/ingredients/mapped/Vanillylmandelic_Acid.yaml	a0050cf787ee135c576e9b20e7871c4ca1f9f8956bf98c89f0787a0444c21d9e	CHEBI:20106	vanillylmandelic acid	MAPPED	pass	../records.tsv (byte-identical source)
data/ingredients/mapped/Venturicidin_B.yaml	df4831d4cf273c74096f0d23bd6de8627d540f4de8651ee2b43e908ec7fae85f	mesh:C068160	Venturicidin B	MAPPED	pass	../records.tsv (byte-identical source)
data/ingredients/mapped/Verapamil_Hydrochloride.yaml	b23920274f76cc0bbb8396c844aedee1f1b8cab35a973ae7d6f3e13cdd764eb9	CHEBI:53188	(+/-)-Verapamil hydrochloride	MAPPED	pass	../records.tsv (byte-identical source)
data/ingredients/mapped/Veratric_Acid.yaml	af5320a3699190ded917518422fb148e960729261fe15637e58db9953fdcff41	CHEBI:296881	Veratric Acid	MAPPED	pass	../records.tsv (byte-identical source)
data/ingredients/mapped/Veratrine_Hydrochloride.yaml	56008cfc7af13e115513138f29e9354568b284f96ba073b5c2d5295621eada98	cas:17666-25-0	Veratrine hydrochloride	MAPPED	pass	../records.tsv (byte-identical source)
data/ingredients/mapped/Verbascose.yaml	74418126fd006d67a5df15cbdde780f2394bc8f3115fa04f082668c30a11451b	CHEBI:28586	Verbascose	MAPPED	needs_curation	../records.tsv (byte-identical source)
data/ingredients/mapped/Vermont_Soil.yaml	01539d1727fe3c91e43b8ae5ca7e56e98a6152ce4e8967cc5b38a5ca5108e72b	kgmicrobe.ingredient:vermont_soil	Vermont Soil	MAPPED	pass	../records.tsv (byte-identical source)
data/ingredients/mapped/Vibriostat.yaml	258313d7f630abae620f5057aba7d2716f1f2d83b64fa74c6a5418d84e400189	CHEBI:73908	Vibriostat	MAPPED	pass	../records.tsv (byte-identical source)
data/ingredients/mapped/Viomycin.yaml	dc6c5282589b46fbdc82dca29dde754a47022759e482c1279806cb09324abefe	CHEBI:15782	Viomycin	MAPPED	pass	../records.tsv (byte-identical source)
data/ingredients/mapped/Virginiamycin.yaml	952446e520e3de85945a30afa70b98dbd2a4635b524afc8660a6e5880ea757ef	CHEBI:87209	Virginiamycin	MAPPED	pass	../records.tsv (byte-identical source)
data/ingredients/mapped/Visnagin.yaml	9a9d32f2b0d68df0d6c7461dc9a9a00ccd0e795824e3eaf37a80faf8a287d882	CHEBI:10002	Visnagin	MAPPED	pass	../records.tsv (byte-identical source)
data/ingredients/mapped/Vitamin_B12.yaml	be3c236aa4e64ed30433693cbd5dc261f7aa012ce5c79bc24608d51786060c1b	CHEBI:176843	Vitamin B12	MAPPED	needs_curation	../records.tsv (byte-identical source)
data/ingredients/mapped/Vitamin_D3.yaml	6ed21e23c188e496e3d84227fd9f645eeee67a261ac5cca91fe04c4c389a4fc3	CHEBI:28940	Vitamin D3	MAPPED	pass	../records.tsv (byte-identical source)
data/ingredients/mapped/Vitamin_K.yaml	e96f49da3a764bd8166472af45e028a28b7851e702d6e2bcdf523ec4baec4ce0	CHEBI:28384	Vitamin K	MAPPED	pass	../records.tsv (byte-identical source)
data/ingredients/mapped/Vitamin_K1.yaml	b1b4d7e83be0bbefa3d6100a34159db0c6806253cad60ee2c121be58357fb94a	CHEBI:18067	Vitamin K1	MAPPED	needs_curation	../records.tsv (byte-identical source)
data/ingredients/mapped/Vitamin_Solution.yaml	305d7f69b9a02684450fd10df96c558cc1d7828a306bc661a9d3887fb4e57d7e	MICRO:0000460	Vitamin solution	MAPPED	needs_curation	../records.tsv (byte-identical source)
data/ingredients/mapped/Vitamin_Solution_See_Medium_No_403.yaml	32345a69b68f891ceae2da28db7a4840648823327726b4ad3bb645569060ca48	kgmicrobe.ingredient:vitamin_solution_see_medium_no_403	Vitamin solution see Medium No. 403	MAPPED	needs_curation	../records.tsv (byte-identical source)
data/ingredients/mapped/Vitamin_Solution_Thermophilic_Formulation.yaml	5c1ff126d499e61de9ee263e569b9c967994ced7f604fbbc5cade893dc2c6ab2	kgmicrobe.ingredient:vitamin_solution_~28thermophilic_formulation~29	Vitamin solution (thermophilic formulation)	MAPPED	needs_curation	../records.tsv (byte-identical source)
data/ingredients/mapped/Vitamins-solution.yaml	ea34c751db66a00ab1e9d2a4866d0c5f72a88c032f28f6f040fda13f0205be27	kgmicrobe.ingredient:vitamins_solution	Vitamins-solution	REJECTED	excluded_rejected	../records.tsv (byte-identical source)
data/ingredients/mapped/Vitamins.yaml	8876f5e34a6bbc4b074dce44333aaf814593a36eb8fc8b88caf2c049a4c2e177	CHEBI:33229	Vitamins	MAPPED	needs_curation	../records.tsv (byte-identical source)
data/ingredients/mapped/Vitamins_Solution.yaml	c70a8cd43c2ea04647281f358e8a0a026301017988b68b8004149f549ed76a54	kgmicrobe.ingredient:vitamins_solution	Vitamins solution	MAPPED	pass	../records.tsv (byte-identical source)
data/ingredients/mapped/Vitox.yaml	8337406ca316140137dbb0573f0d069f308728e204877b33987c70b8d1317b7c	kgmicrobe.ingredient:vitox	Vitox	MAPPED	pass	../records.tsv (byte-identical source)
data/ingredients/mapped/Voso4_X_2_H2o.yaml	6f07aa7907ded0ba08a20bb6cff5a76b7350a17aa52925346eae9163d5a5d1ee	CHEBI:87009	VOSO4 x 2 H2O	MAPPED	pass	../records.tsv (byte-identical source)
data/ingredients/mapped/Voso4_X_5_H2o.yaml	2903645ba0ba6c7c0455dc876db9b88bb355d72e0f8a818e269fdfb39800b192	CHEBI:132758	VOSO4 x 5 H2O	MAPPED	needs_curation	../records.tsv (byte-identical source)
data/ingredients/mapped/Voso4_X_N_H2o.yaml	bd15f57d4e547908edcffa874470f4cc2adfe672002fe3532be67c30e63caeaf	CHEBI:87020	VOSO4 x n H2O	MAPPED	pass	../records.tsv (byte-identical source)
data/ingredients/mapped/Vulgamycin.yaml	a602884e4b0ada6c719c9fb22b0e8163ead1943ff7c5abbd9ebdb4cfe2b50dbe	mesh:C012306	Vulgamycin	MAPPED	needs_curation	../records.tsv (byte-identical source)
data/ingredients/mapped/Vulpinic_Acid.yaml	eb294ff6f3075e16dbd31aa862dfe2005cc413324c82f1d80c92e633f8c25eb7	CHEBI:144250	Vulpinic acid	MAPPED	pass	../records.tsv (byte-identical source)
data/ingredients/mapped/Warfarin.yaml	cd0e25f11bc11af85a763b4c4f3c9a290d46d05ee542a8f565a54f6b3f432503	CHEBI:10033	Warfarin	MAPPED	pass	../records.tsv (byte-identical source)
data/ingredients/mapped/Washed_agar.yaml	4a309314727f6ed9af7533e50b4434d67732169275444eb4c761b46fcae95c19	MICRO:0001723	washed agar	MAPPED	pass	../records.tsv (byte-identical source)
data/ingredients/mapped/Wc_Trace_Elements_Solution.yaml	692af797eb0d2e1a83938dbdd111e8ddcadcc9d881f03696358cede40a126aee	MICRO:0000455	WC Trace Elements Solution	MAPPED	needs_curation	../records.tsv (byte-identical source)
data/ingredients/mapped/Wheat_Arabinoxylan.yaml	a0b9c5f85a746d5fd48f030e181dacb8455c0373e00a9b8f1616bd61ed5cc35a	CHEBI:28427	Wheat Arabinoxylan	MAPPED	needs_curation	../records.tsv (byte-identical source)
data/ingredients/mapped/White_Wine.yaml	805255a381f26e5786c98e54bc8213d36bb3a744460266b91f72785df56019a7	NCIT:C84877	White wine	MAPPED	needs_curation	../records.tsv (byte-identical source)
data/ingredients/mapped/Wolfes_Mineral_Mix.yaml	8c3a73cfa1887197e1e795b7dc99195b2072f4688ac4404f0db83b00e3e95a89	kgmicrobe.ingredient:wolfes_mineral_mix	Wolfe's mineral mix	MAPPED	pass	../records.tsv (byte-identical source)
data/ingredients/mapped/Wolfes_Mineral_Mix_minus_Nitrilotriacetic_acid.yaml	00ab4ac682417d373b27e624d42e5eb236bf7e54becd188259ef25edd78ad828	kgmicrobe.ingredient:wolfes_mineral_mix_minus_nitrilotriacetic_acid	Wolfe's mineral mix_minus_Nitrilotriacetic_acid	MAPPED	needs_curation	../records.tsv (byte-identical source)
data/ingredients/mapped/Wolfes_Vitamin_Mix.yaml	709749bd7c83c38a09400fc1893885ead753847ff9d1cbbe4ec76b431d349738	kgmicrobe.ingredient:wolfes_vitamin_mix	Wolfe's vitamin mix	MAPPED	pass	../records.tsv (byte-identical source)
data/ingredients/mapped/X10_Jamarin_S.yaml	281f93e09964a7285cdefaec3f2e6084ba0a5392bac9f613a09ef4241568a7f5	kgmicrobe.ingredient:x10_jamarin_s	X10 Jamarin S	MAPPED	pass	../records.tsv (byte-identical source)
data/ingredients/mapped/Xanthan.yaml	791c9e0bcfcc90049c114f96171991481b29a1da6c15d4646aab2257bb322a31	CHEBI:189560	Xanthan	MAPPED	pass	../records.tsv (byte-identical source)
data/ingredients/mapped/Xanthan_From_Xanthomonas_Campestris.yaml	a33cca50d4b76fd6ab807fb1a889dc3d14f1e181576a5154f5e7cc9de244539c	cas:11138-66-2	Xanthan from Xanthomonas campestris	MAPPED	needs_curation	../records.tsv (byte-identical source)
data/ingredients/mapped/Xanthine.yaml	ff85f317bd42cd5e28812554c53cc04ad4e788d7d34f62226471d2cce2990c1f	CHEBI:17712	Xanthine	MAPPED	pass	../records.tsv (byte-identical source)
data/ingredients/mapped/Xanthocidin.yaml	ba7cbc1a0edb478929e8ff71e4714555bf448783cbf779500696755f28007a04	kgmicrobe.compound:xanthocidin	Xanthocidin	MAPPED	pass	../records.tsv (byte-identical source)
data/ingredients/mapped/Xanthosine.yaml	08a720c390890da0e24126d3f6180024d61180b145b840595da7d928307e80b2	CHEBI:18107	Xanthosine	MAPPED	pass	../records.tsv (byte-identical source)
data/ingredients/mapped/Xanthyletin.yaml	bf12cdff227d0678d9276e585bcc133fea90d4887ac5d94d1a2349751e8ca862	CHEBI:10073	Xanthyletin	MAPPED	pass	../records.tsv (byte-identical source)
data/ingredients/mapped/Xylan.yaml	8c3133d4cfe6f4f8b9186ef7920f972ac6b5f226426fec18cd2a77b2cc0fc4ce	CHEBI:37166	Xylan	MAPPED	needs_curation	../records.tsv (byte-identical source)
data/ingredients/mapped/Xylan_From_Beechwood.yaml	8743b1a3eb5e0364d14550adf7f1a3251b5e369d417749d7d4e0e4993b521a71	CHEBI:15447	Xylan from Beechwood	MAPPED	needs_curation	../records.tsv (byte-identical source)
data/ingredients/mapped/Xylitol.yaml	b189074cd106009c3dce08bfc71b9ae8ecc1c4f01da8c2733979c31be992d636	CHEBI:17151	Xylitol	MAPPED	needs_curation	../records.tsv (byte-identical source)
data/ingredients/mapped/Xylobiose.yaml	c0329daf6d1496687c90f0c8c1c4d27fec6629a14e2e86ca21127cb488a26e0e	CHEBI:28309	Xylobiose	MAPPED	needs_curation	../records.tsv (byte-identical source)
data/ingredients/mapped/Xyloglucan_From_Tamarind.yaml	ebdee635b622b919002c63f63e40766a35932b68fba92448b49efce3b2266d41	cas:37294-28-3	Xyloglucan from tamarind	MAPPED	needs_curation	../records.tsv (byte-identical source)
data/ingredients/mapped/Xylose.yaml	7ab6e9db5d436e4c42b39acb608931301d88ea13b75d04e4a8453e1afd0432b2	CHEBI:18222	Xylose	MAPPED	needs_curation	../records.tsv (byte-identical source)
data/ingredients/mapped/Xylotetraose.yaml	3b8a12f4212c4d43d4080f6165180714de5e896c5d028b18c0a4361d95dfba6d	CHEBI:62972	Xylotetraose	MAPPED	needs_curation	../records.tsv (byte-identical source)
data/ingredients/mapped/Xylotriose.yaml	a1caaf842fb5fe5245ce724cd23f9b68b00026599641cc94dba47ecadd5b5ae0	CHEBI:149429	Xylotriose	MAPPED	needs_curation	../records.tsv (byte-identical source)
data/ingredients/mapped/Yeast.yaml	43bdb48b5f14686043a720ef52314c7f84a94043c08123c171fa6556992c896a	FOODON:03411345	Yeast	MAPPED	pass	../records.tsv (byte-identical source)
data/ingredients/mapped/Yeast_Extract-malt_Extract_Agar.yaml	9d080567cfe115af849ebe01e7c09f096e1d5df46a0619b21270a52ac7fa5eb1	kgmicrobe.ingredient:yeast_extract_malt_extract_agar	Yeast extract-malt extract agar	MAPPED	pass	../records.tsv (byte-identical source)
data/ingredients/mapped/Yeast_Extract.yaml	e7cdc5aa92020487a97c08814514fa48b852ff48c78a1d1890b69afaaf372d28	FOODON:03315426	Yeast extract	MAPPED	needs_curation	../records.tsv (byte-identical source)
data/ingredients/mapped/Yeast_Extract_Gluconate.yaml	df37e5dd3857fc9886a8793ab3d73a8dd65bfa9ab568f9bbab8ce6185bf53b62	kgmicrobe.ingredient:yeast_extract_gluconate	Yeast Extract + Gluconate	MAPPED	pass	../records.tsv (byte-identical source)
data/ingredients/mapped/Yeast_Extract_Glucose.yaml	43a1f7e05dfdd3b5575f735fb79fd6dacf80472c8d43a2094c1fccb0b35910be	kgmicrobe.ingredient:yeast_extract_glucose	Yeast Extract + Glucose	MAPPED	pass	../records.tsv (byte-identical source)
data/ingredients/mapped/Yeast_Extract_Peptone.yaml	6659173de7a86924183da69f502b4827d6583f5a5f50966a3158bb3f64243ab6	kgmicrobe.ingredient:yeast_extract_peptone	Yeast Extract + Peptone	MAPPED	pass	../records.tsv (byte-identical source)
data/ingredients/mapped/Yeast_Extract_Sulfur.yaml	5219e0b7dd18290b5d0c8e726bed2ff808e0f8139f73ad34deaa19c865ae4463	kgmicrobe.ingredient:yeast_extract_sulfur	Yeast Extract + Sulfur	MAPPED	pass	../records.tsv (byte-identical source)
data/ingredients/mapped/Yeast_Meat_Extract_H2.yaml	532680aa187d87f37cdb6afcb3e0d3011f44bb3e6dc63795d8620507e83dd2ad	kgmicrobe.ingredient:yeast_meat_extract_h2	Yeast + Meat Extract + H2	MAPPED	needs_curation	../records.tsv (byte-identical source)
data/ingredients/mapped/Yeastolate_BD_2_autoclaved.yaml	4cc7aec4170d4ac7ce274b8e8dc4ab75fb3aa2997aeed46aa14b592b59d4d937	MICRO:0000522	Yeastolate (BD; 2%, autoclaved)	MAPPED	needs_curation	../records.tsv (byte-identical source)
data/ingredients/mapped/Zafirlukast.yaml	dcdf2d6f3c20ed24379120cdb8fa9d4b7e3924ca129947571b1c5f663c4bd04c	CHEBI:10100	Zafirlukast	MAPPED	pass	../records.tsv (byte-identical source)
data/ingredients/mapped/Zeikus_Trace_Element_Solution.yaml	d62e9aa0c9a42cbbb78b44a3b86f91aecad2a3f00ecbf056d48b73efd7db0850	kgmicrobe.ingredient:zeikus_trace_element_solution	Zeikus trace element solution	MAPPED	pass	../records.tsv (byte-identical source)
data/ingredients/mapped/Zinc_Acetate.yaml	0b85ce9a3101931b9f1deaec6cc66454b22c0f9a2a8a6f5c630a435c4c018614	CHEBI:62984	Zinc Acetate	MAPPED	needs_curation	../records.tsv (byte-identical source)
data/ingredients/mapped/Zinc_Pyrithione.yaml	f086fae768823deb4b8b3432a8e98ebf4eb0d15c31f69da6957f921dc50b3d40	CHEBI:32076	Zinc Pyrithione	MAPPED	pass	../records.tsv (byte-identical source)
data/ingredients/mapped/Zinc_Sulfate.yaml	708627087f2d1a0a1fa1f7dea4e53d62a0730075f098b32606828a58605ef996	CHEBI:35176	Zinc sulfate	MAPPED	pass	../records.tsv (byte-identical source)
data/ingredients/mapped/Zncl2.yaml	9b97dc28fa87441be44422c8d86bab2c2e6defcf8e9057c2104648f94bee60ca	CHEBI:49976	ZnCl2	MAPPED	needs_curation	../records.tsv (byte-identical source)
data/ingredients/mapped/Znso4_X_6_H2o.yaml	aa1fbbd60156312d8858cf52a265aad27fd57a754634f015297650a67ff79066	CHEBI:132762	ZnSO4 x 6 H2O	MAPPED	needs_curation	../records.tsv (byte-identical source)
data/ingredients/mapped/Znso4_X_7_H2o.yaml	2a8b07050006f6d9d0d167997107fbb3b3c453657c98c0b512276e182f4bc791	CHEBI:32312	ZnSO4 x 7 H2O	MAPPED	needs_curation	../records.tsv (byte-identical source)
data/ingredients/mapped/Zymosan.yaml	efaae694249ba096f2a57452d068add076b83b30fde6b9f6a40aacaf3bdcd7de	cas:9010-72-4	Zymosan	MAPPED	pass	../records.tsv (byte-identical source)
data/ingredients/mapped/cholesterol.yaml	afc001eb1bb391e00483dac0cd80ad85a9a100fe4b01f59413e386c7ef0e5734	CHEBI:16113	cholesterol	MAPPED	needs_curation	../records.tsv (byte-identical source)
data/ingredients/mapped/deuterated_water.yaml	e8b27d98c172dfad9913452170db03c39a92e37f577147dd88cddc5e64559659	CHEBI:41981	deuterated water	MAPPED	pass	../records.tsv (byte-identical source)
data/ingredients/mapped/spermidine.yaml	5e4f9c50f8569534a0cd1578161dfe42869154f7a3f1ee4d53d6d851110684bc	CHEBI:16610	spermidine	MAPPED	pass	../records.tsv (byte-identical source)
data/ingredients/mapped/Α-lipoic_Acid.yaml	f7326359f69a4022a6d6399f272109180611423bcd3debc2defccae8fc1ae7b6	CHEBI:16494	α-lipoic acid	REJECTED	excluded_rejected	../records.tsv (byte-identical source)
data/ingredients/mapped/Α1-Acid_Glycoprotein_From_Bovine_Plasma.yaml	2d9104282eb1042fb9ff58f92f837d2bb2b7f11b965a839610b40a03913a30d2	cas:66455-27-4	α1-Acid Glycoprotein from bovine plasma	MAPPED	needs_curation	../records.tsv (byte-identical source)
data/ingredients/unmapped/0129_(2.yaml	c9644a3b1ceab9b9904f3aa64990a9f52838e1a11949bafc1ae77a0f6b9834b5	kgmicrobe.compound:24-diamino-67-di-iso-propylpteridine_phosphate	0129 (2	REJECTED	excluded_rejected	../records.tsv (byte-identical source)
data/ingredients/unmapped/1122-Tetrachloroethane.yaml	dc002405624306671023168ed27cd1b2d2b5d83c34a483e60d217c3f08cf8e56	UNMAPPED_0785	2-tetrachloroethane	AMBIGUOUS	unsupported_identity_withdrawn_source_resolution_pending	identity-plan.json
data/ingredients/unmapped/2-Carene-3-One.yaml	6d8586486da1059f4668a88bfbb424fc19ecb26a2ad8d67322830ec9885ae169	UNMAPPED_0196	2-Carene-3-One	UNMAPPED	reviewed_unmapped	../records.tsv (byte-identical source)
data/ingredients/unmapped/2-dimethylsuccinic_Acid.yaml	8c151a568f0c279d5d8f3701cdea77399d0cb274a7e1ab13b6712eae13370942	UNMAPPED_0696	2-dimethylsuccinic Acid	AMBIGUOUS	unsupported_identity_withdrawn_source_resolution_pending	identity-plan.json
data/ingredients/unmapped/2-methyladeninyl_Cobamide.yaml	73a4c74fcca07505c17ca747bad4f760af152a7dd1450bd87787f2442e22aa7e	UNMAPPED_0182	2-methyladeninyl cobamide	UNMAPPED	reviewed_unmapped	../records.tsv (byte-identical source)
data/ingredients/unmapped/22-Bisepigallocatechin_Digallate.yaml	138c9b44c7bd58e48a1a0bc24e1b53c902f0854c2e9ad79a3f931bd037f16f39	UNMAPPED_0190	2',2'-Bisepigallocatechin Digallate	UNMAPPED	reviewed_unmapped	../records.tsv (byte-identical source)
data/ingredients/unmapped/3-methylacetate.yaml	98d0af6ac0a86e2ae354ffeb39933840658bfec5550a0b2e81a1f59246eb604a	UNMAPPED_0736	3-methylacetate	REJECTED	excluded_rejected	../records.tsv (byte-identical source)
data/ingredients/unmapped/3Beta-Hydroxydeoxodihydrodeoxygedunin.yaml	99a91c6b1321509e618896eacec18bd39447012d735a3942c0e5bec6a7e491f8	UNMAPPED_0195	3Beta-Hydroxydeoxodihydrodeoxygedunin	UNMAPPED	reviewed_unmapped	../records.tsv (byte-identical source)
data/ingredients/unmapped/4-Diamino-6.yaml	02dd08f55d58a47b309f3e720c0cd85941acf7b00f8d922b66b3b82500c2e1a6	kgmicrobe.compound:24-diamino-67-di-iso-propylpteridine_phosphate	4-Diamino-6	REJECTED	excluded_rejected	../records.tsv (byte-identical source)
data/ingredients/unmapped/4-diol.yaml	372151ea40a9460c27a9d6dc3e91b10d2bc2ee4e1d509176f35801e56269792b	CHEBI:41189	4-diol	REJECTED	excluded_rejected	../records.tsv (byte-identical source)
data/ingredients/unmapped/4-nitrophenyl_Beta-D-galactopyranoside_Hydrolysate.yaml	3433abdc800cc76ee5b5d546b03b1879f69d4147b8485970a3232cf377bb3fc9	UNMAPPED_0651	4-nitrophenyl Beta-D-galactopyranoside Hydrolysate	REJECTED	excluded_rejected	../records.tsv (byte-identical source)
data/ingredients/unmapped/44-Dimethoxydalbergione.yaml	db22eb4a3497d34036c968ac89dcb856b041e8f800dc16faf5c96c9d681ca036	UNMAPPED_0194	4,4'-Dimethoxydalbergione	UNMAPPED	reviewed_unmapped	../records.tsv (byte-identical source)
data/ingredients/unmapped/5-methoxybenzimidazolyl_Cobamide.yaml	4d5b66507b42a4cd8a2fd7d259af13451148bc339face4cf0595c26871338e81	UNMAPPED_0180	5-methoxybenzimidazolyl cobamide	UNMAPPED	reviewed_unmapped	../records.tsv (byte-identical source)
data/ingredients/unmapped/5-methylbenzimidazolyl_Cobamide.yaml	94cae1ac31833935c9cfc4d4f5e697f25705df9bf9b4e3da3d6f18b643459b8b	UNMAPPED_0179	5-methylbenzimidazolyl cobamide	UNMAPPED	reviewed_unmapped	../records.tsv (byte-identical source)
data/ingredients/unmapped/6-methylnicotinate.yaml	456f78dae5f70565fdcaa5664ba093c4a3e179d0b956627c13574777a992f154	UNMAPPED_0320	6-methylnicotinate	UNMAPPED	reviewed_unmapped	../records.tsv (byte-identical source)
data/ingredients/unmapped/72-Dimethoxyflavone.yaml	70c06058c7c71c43c9e60f3ef4eb14a14b4bf6cdc3569306aedf566e0ca44204	UNMAPPED_0199	7,2'-Dimethoxyflavone	UNMAPPED	reviewed_unmapped	../records.tsv (byte-identical source)
data/ingredients/unmapped/74-Dimethoxyisoflavone.yaml	18015475831c4e5ef302e53fa2bdb0a054209d99a9792f14a85f0bf5e1d6213a	UNMAPPED_0189	7,4'-Dimethoxyisoflavone	UNMAPPED	reviewed_unmapped	../records.tsv (byte-identical source)
data/ingredients/unmapped/Acetyl-Dihydro-7-Epikhivorin.yaml	d68a8aacd9787f8c4da0d0802ce334c3c98a3e78948bfdf9a83078be4408635c	UNMAPPED_0197	Acetyl-Dihydro-7-Epikhivorin	UNMAPPED	reviewed_unmapped	../records.tsv (byte-identical source)
data/ingredients/unmapped/Actilight.yaml	bf5d4c94ad7f4e94e56ba5f0a0af6db7b42e09a15318a6b4caa3b62b4c2e3d6d	UNMAPPED_0224	Actilight	UNMAPPED	reviewed_unmapped	../records.tsv (byte-identical source)
data/ingredients/unmapped/Adeninyl_Cobamide.yaml	dc274c4db20ef4f04ff1bf112085ce69ebc60ef2ae30a502c6d7554c556c80b3	UNMAPPED_0181	adeninyl cobamide	UNMAPPED	reviewed_unmapped	../records.tsv (byte-identical source)
data/ingredients/unmapped/Agelasine.yaml	7b357e34154909fd9fe124980956dbea3ab2a0119f4749a8ddebc4ada3b94bf2	UNMAPPED_0198	Agelasine	UNMAPPED	reviewed_unmapped	../records.tsv (byte-identical source)
data/ingredients/unmapped/Allen_Medium.yaml	a011e3eb3ea0ea06df41aa0f09468bde04588b7c66bf601f293189644570c2e3	UNMAPPED_0070	Allen Medium	UNMAPPED	reviewed_unmapped	../records.tsv (byte-identical source)
data/ingredients/unmapped/Aluminum-NTA.yaml	98edffb71f4d354b657f6e89b0d30290509f1291a0de6e7b6db78b471de40fb4	UNMAPPED_0157	Aluminum-NTA	UNMAPPED	reviewed_unmapped	../records.tsv (byte-identical source)
data/ingredients/unmapped/Amphotericin.yaml	2707caafe7de9f3b5598f4b32b91182816853464bd4944cfa6e5caa7f4480006	UNMAPPED_0325	Amphotericin	UNMAPPED	reviewed_unmapped	../records.tsv (byte-identical source)
data/ingredients/unmapped/Anaerobe_Basal_Broth_CM0957.yaml	f86cb49dbd5b52a0f6481c2b3267030b0a4e4f4c162c2bc50a6fc9b8c8cd9915	UNMAPPED_0327	Anaerobe Basal Broth CM0957	UNMAPPED	reviewed_unmapped	../records.tsv (byte-identical source)
data/ingredients/unmapped/Apo-yersiniabactin.yaml	44a0e9d8c1ee87116fdb4ffb663317be94d8b89f2854fe40451de2b02e00f27d	UNMAPPED_0239	apo-yersiniabactin	UNMAPPED	reviewed_unmapped	../records.tsv (byte-identical source)
data/ingredients/unmapped/Artepaulin.yaml	61cf0005d67ddb5bc6fcbdf15fe1292e739f7b5ea7484350bc642d49c79dc86c	UNMAPPED_0819	Artepaulin	AMBIGUOUS	unsupported_identity_withdrawn_source_resolution_pending	identity-plan.json
data/ingredients/unmapped/Asolectin_From_Soybean.yaml	580a1cddfabeb039c39378d11f39399a8705270aa7ad14a2e5c0fcd4dd696a73	UNMAPPED_0232	Asolectin from soybean	UNMAPPED	reviewed_unmapped	../records.tsv (byte-identical source)
data/ingredients/unmapped/Avantafiber.yaml	1bb88d83990ee23e12e7b00c30a68874fd1c15e249d977ff3b5a60f5b2f94de3	UNMAPPED_0221	Avantafiber	UNMAPPED	reviewed_unmapped	../records.tsv (byte-identical source)
data/ingredients/unmapped/Avocatin_A.yaml	139a02d14587b0e13a11c85a6a8767ce587cbd2c4692fb3da07e71244b43a217	UNMAPPED_0187	Avocatin A	UNMAPPED	reviewed_unmapped	../records.tsv (byte-identical source)
data/ingredients/unmapped/B-glucan_From_Barley.yaml	4c7e26cc2f8a9f0b6738736562499984b8822545004a3fd3953740a32f183467	UNMAPPED_0247	b-glucan from Barley	UNMAPPED	reviewed_unmapped	../records.tsv (byte-identical source)
data/ingredients/unmapped/B-glucan_From_Beet_12-b-glucan.yaml	676a57d073eee8188a4dbaaa2e916eb77d96dae56bd745d6aa6653e7d1a9dc27	UNMAPPED_0237	b-Glucan from Beet (1,2-b-Glucan)	UNMAPPED	reviewed_unmapped	../records.tsv (byte-identical source)
data/ingredients/unmapped/B-glucan_From_Yeast.yaml	0f4d1e87026ec3ae39c3eeb10a84750ff1fd021c361011220ba2917956f982ea	UNMAPPED_0235	B-glucan from yeast	UNMAPPED	reviewed_unmapped	../records.tsv (byte-identical source)
data/ingredients/unmapped/BCYE_Agar.yaml	8c19e2c5c18fa8f0531d714d1818e266b81563ce94e04e03edfa5e8117ef1d57	UNMAPPED_0113	BCYE agar	UNMAPPED	reviewed_unmapped	../records.tsv (byte-identical source)
data/ingredients/unmapped/BC_Lignin_Sorghum.yaml	0b2938ae1a8932c29247a8bb83b194b85cdee9590a764449fce10d1f8feba0b4	UNMAPPED_0169	BC Lignin Sorghum	UNMAPPED	reviewed_unmapped	../records.tsv (byte-identical source)
data/ingredients/unmapped/BL_Agar.yaml	9b4a48c0eb12b6a14fcef2f75225b2b06a523b3e89a2f9a19aaf5aff564f23ae	UNMAPPED_0114	BL Agar	UNMAPPED	reviewed_unmapped	../records.tsv (byte-identical source)
data/ingredients/unmapped/Bacto_Bitone.yaml	844fc438634cac8f34f3159a36089e2d1b2086f4286fa4f8113736e82a730a15	UNMAPPED_0330	Bacto Bitone	UNMAPPED	reviewed_unmapped	../records.tsv (byte-identical source)
data/ingredients/unmapped/Bacto_Heart_Infusion_Broth.yaml	4889d8a364518c3129c985d62d5e2af079aad76f5c5a09270bfd053a6885b72d	UNMAPPED_0332	Bacto Heart Infusion Broth	UNMAPPED	reviewed_unmapped	../records.tsv (byte-identical source)
data/ingredients/unmapped/Bacto_M_TGE_Broth.yaml	e741ec1635dbe6961a1ee1379e7793f0a45298f94d4c3415203c4935c98a725e	UNMAPPED_0333	Bacto m TGE broth	UNMAPPED	reviewed_unmapped	../records.tsv (byte-identical source)
data/ingredients/unmapped/Bacto_Middlebrook_7H10_Agar.yaml	f25d976b381c87a91bc9932b822b3839dcaf40d75f985148b880b864a20124f4	UNMAPPED_0115	Bacto Middlebrook 7H10 agar	UNMAPPED	reviewed_unmapped	../records.tsv (byte-identical source)
data/ingredients/unmapped/Bacto_Panton.yaml	d7e24fc0a62e7f08a456cc74453819484e99c11037dd59a494710e52ae70d3a7	UNMAPPED_0334	Bacto Panton	UNMAPPED	reviewed_unmapped	../records.tsv (byte-identical source)
data/ingredients/unmapped/Barley_Grains.yaml	1a954879e6f48dfdd8d079fef24cf5737fdac6b757c9925df7b5e41e99994721	UNMAPPED_0096	Barley grains	UNMAPPED	reviewed_unmapped	../records.tsv (byte-identical source)
data/ingredients/unmapped/Barley_Grains_Autoclaved.yaml	4d7a6f6c4f53a27ecaec9cb3f6ab6821b7f2509c9da3dc07ff3c92929ce88e71	UNMAPPED_0104	Barley grains autoclaved	UNMAPPED	reviewed_unmapped	../records.tsv (byte-identical source)
data/ingredients/unmapped/Basal_Mineral_NaCl_Medium.yaml	99d0c58008716f47865125fe6ac84ba31f69b8c460250277d3554260183d962c	UNMAPPED_0336	Basal mineral NaCl medium	UNMAPPED	reviewed_unmapped	../records.tsv (byte-identical source)
data/ingredients/unmapped/Benzimidazolyl_Cobamide.yaml	c6a8a2387c620fe027c8e616776e378148a631df4695c324ab1a244f4a15c0a6	UNMAPPED_0178	benzimidazolyl cobamide	UNMAPPED	reviewed_unmapped	../records.tsv (byte-identical source)
data/ingredients/unmapped/Bioecolians.yaml	cea8cfa0116b2474bb68ed8e93f219c034c3ef6308975fb60d54fe3362d1e7fa	UNMAPPED_0207	Bioecolians	UNMAPPED	reviewed_unmapped	../records.tsv (byte-identical source)
data/ingredients/unmapped/Blood_Agar_Base.yaml	eca59b059303d5c49b6f9a11fe111490cb5be522fcabe54b8b1d069b2b0d704d	UNMAPPED_0339	Blood Agar Base	UNMAPPED	reviewed_unmapped	../records.tsv (byte-identical source)
data/ingredients/unmapped/Blood_Agar_No_2.yaml	a1e85787c11199da3a3fba0d891857eeeac9f8a5ee1db0ad025af9f5ad7f0980	UNMAPPED_0340	Blood agar No 2	UNMAPPED	reviewed_unmapped	../records.tsv (byte-identical source)
data/ingredients/unmapped/Bold_1nv_Medium.yaml	751dca7a29578bad2b700c1fa1eb6e1c7549ca53fd5e92b9b11e1480d5d6f221	UNMAPPED_0051	Bold 1NV Medium	UNMAPPED	reviewed_unmapped	../records.tsv (byte-identical source)
data/ingredients/unmapped/Bordet-Gengou-Agar-Base.yaml	f0c7d3cbe473d0feba72e981abcf5cbff714a241eca1621a0412a62231686ba4	UNMAPPED_0341	Bordet-Gengou-Agar-Base	UNMAPPED	reviewed_unmapped	../records.tsv (byte-identical source)
data/ingredients/unmapped/Bovine_Horn_Meal.yaml	df1212952b80ccbdd7696669279d339448ea57251c85bd71fce8126ec14425b8	UNMAPPED_0344	Bovine horn meal	UNMAPPED	reviewed_unmapped	../records.tsv (byte-identical source)
data/ingredients/unmapped/Bovine_Serum.yaml	31c09e4c6df658ccb66e0eedfcee3f9337dfb754dd6a72c48d254e1684002227	UNMAPPED_0345	Bovine serum	UNMAPPED	reviewed_unmapped	../records.tsv (byte-identical source)
data/ingredients/unmapped/Brewer_Anaerobic_Agar.yaml	768eed9a01ab4eea99ddf161a565795f41c3cbab592a4d781005957c81d5c74d	UNMAPPED_0116	Brewer anaerobic agar	UNMAPPED	reviewed_unmapped	../records.tsv (byte-identical source)
data/ingredients/unmapped/Bristol_Medium.yaml	3a76a19d9930ba56b238b494027c83a5dd7fe59515408e23671aaf1ab72b9cc3	UNMAPPED_0023	Bristol Medium	UNMAPPED	reviewed_unmapped	../records.tsv (byte-identical source)
data/ingredients/unmapped/Brucella_Broth.yaml	3a3a17cf52ac4d2c70c17405ac2c9450069d13a2984dc0b130339cb05c9b6951	UNMAPPED_0348	Brucella Broth	UNMAPPED	reviewed_unmapped	../records.tsv (byte-identical source)
data/ingredients/unmapped/CMRL_1066.yaml	5ec81ababe3130834fa8e46faebf4b4c321bbbbb65e340685e5e597dbe2342b0	UNMAPPED_0359	CMRL 1066	UNMAPPED	reviewed_unmapped	../records.tsv (byte-identical source)
data/ingredients/unmapped/Ca.yaml	6a03b511c5ec090b792709a429d879c28fef07ef3fda37eccf1cad8606b2320a	UNMAPPED_0049	Ca	UNMAPPED	reviewed_unmapped	../records.tsv (byte-identical source)
data/ingredients/unmapped/Cadmium-NTA.yaml	3a4b361f76f4873b77c2c2bda93f9ce5b9d0255a94966c380506523a6366901d	UNMAPPED_0156	Cadmium-NTA	UNMAPPED	reviewed_unmapped	../records.tsv (byte-identical source)
data/ingredients/unmapped/Calf_Brains.yaml	6bd47b24545672f18205bbdcd5592f4c6aa17c2e442ad89e014f66dd798ab085	UNMAPPED_0170	Calf brains	UNMAPPED	reviewed_unmapped	../records.tsv (byte-identical source)
data/ingredients/unmapped/Calprotectin_S1.yaml	6bf3ecb53b4e0b836bec465db254af95451fddce7b6e38fffc97f26445dce706	UNMAPPED_0229	Calprotectin S1	UNMAPPED	reviewed_unmapped	../records.tsv (byte-identical source)
data/ingredients/unmapped/Calprotectin_S1S2.yaml	01b8588abd419c764a65ac9ada4a17ab90de320490d68322dc6a8e24a2675f2c	UNMAPPED_0230	Calprotectin S1S2	UNMAPPED	reviewed_unmapped	../records.tsv (byte-identical source)
data/ingredients/unmapped/Casman-Agar-Base.yaml	74be2c231c9d88860aff20a0822c688a6fedcad3c80ec17212a40dff3d59a603	UNMAPPED_0353	Casman-Agar-Base	UNMAPPED	reviewed_unmapped	../records.tsv (byte-identical source)
data/ingredients/unmapped/CeNO33_X_6_H2O.yaml	b6909792f69eb1098e590d07c5949dc92a2ec24c8342d66b80fb386c7460705d	UNMAPPED_0355	CeNO33 x 6 H2O	UNMAPPED	reviewed_unmapped	../records.tsv (byte-identical source)
data/ingredients/unmapped/Cellulose_MN_300.yaml	0c8d8ea63c1b847439e43b42784385cb5b0245ea41f97a651014ab43550e64cb	UNMAPPED_0354	Cellulose MN 300	UNMAPPED	reviewed_unmapped	../records.tsv (byte-identical source)
data/ingredients/unmapped/Cereal_Leaves.yaml	f6c3584ff828b32a718c7767070c17108388645934d3aef3515b3ff734242616	UNMAPPED_0356	Cereal leaves	UNMAPPED	reviewed_unmapped	../records.tsv (byte-identical source)
data/ingredients/unmapped/Cerophyll.yaml	005c5ca4840a0580f0e5b7e3dcfcccb8a90e4ff2a93ab9bb147131d7cf25a94b	UNMAPPED_0357	Cerophyll	UNMAPPED	reviewed_unmapped	../records.tsv (byte-identical source)
data/ingredients/unmapped/Chitin_From_Shrimp_Shells.yaml	06104c43c1f5d9f74b2bc6bceca4158cd6916316a2736044795c9b71eb4fdb83	UNMAPPED_0248	Chitin from shrimp shells	UNMAPPED	reviewed_unmapped	../records.tsv (byte-identical source)
data/ingredients/unmapped/Cholinium_Alpha_Ketoglutarate.yaml	149e0ac98c8662a0da9bdf937de3d903566534ac01af7a435014456b42048b3a	UNMAPPED_0164	Cholinium alpha ketoglutarate	UNMAPPED	reviewed_unmapped	../records.tsv (byte-identical source)
data/ingredients/unmapped/Cholinium_Aspartate.yaml	8cf25c9dbdce11163d9392df6a51fcb342a580836ee5d291b14697d92cc487b5	UNMAPPED_0163	Cholinium aspartate	UNMAPPED	reviewed_unmapped	../records.tsv (byte-identical source)
data/ingredients/unmapped/Cholinium_Glutamate.yaml	2d14336244315017393ebda77c539f16dda5e347eb500eed759619b79c171773	UNMAPPED_0161	Cholinium glutamate	UNMAPPED	reviewed_unmapped	../records.tsv (byte-identical source)
data/ingredients/unmapped/Cholinium_Hydrogen_Phosphate.yaml	84dc3be5f714724403e30e813827ca6eadef597ad54b8290ab300a41a74ae668	UNMAPPED_0162	Cholinium hydrogen phosphate	UNMAPPED	reviewed_unmapped	../records.tsv (byte-identical source)
data/ingredients/unmapped/Cholinium_Phosphate.yaml	e02446cfe63863f26b3cb61c9db60240d19ee60f5793d8ec1db9109cfb1f1d87	UNMAPPED_0160	Cholinium phosphate	UNMAPPED	reviewed_unmapped	../records.tsv (byte-identical source)
data/ingredients/unmapped/Chromium-NTA.yaml	9d8f1c6c2fe3704c75f02853b4f6ebcf10fea1e6876bcb46de227ac72d864862	UNMAPPED_0153	Chromium-NTA	UNMAPPED	reviewed_unmapped	../records.tsv (byte-identical source)
data/ingredients/unmapped/Clovis_Xylem_Sap.yaml	f9fccde7260edeac79f8f23f98830aee44acacb5c6dc43889a75f02c0907316f	UNMAPPED_0177	Clovis xylem sap	UNMAPPED	reviewed_unmapped	../records.tsv (byte-identical source)
data/ingredients/unmapped/Cobalt-NTA.yaml	21f8c1daa547338fb6d259608437f20f2a6754e8d3083daa0a6635ad8ffe6212	UNMAPPED_0154	Cobalt-NTA	UNMAPPED	reviewed_unmapped	../records.tsv (byte-identical source)
data/ingredients/unmapped/Cobalt_Iii-edta.yaml	1f731a0078e3788cc995ed4b1c31e8d997b5caa94c2335687f0e4ceb77332ce0	UNMAPPED_0143	cobalt (III)-EDTA	UNMAPPED	reviewed_unmapped	../records.tsv (byte-identical source)
data/ingredients/unmapped/Colloidal_Chitin.yaml	d212ac576d63e4504a5b1b60a4df4af327a7941f263e56070cbf19b33f9f6e51	UNMAPPED_0361	Colloidal chitin	UNMAPPED	reviewed_unmapped	../records.tsv (byte-identical source)
data/ingredients/unmapped/Columbia_Blood_Agar_Base.yaml	29ed63a00d3f4f7a1652beee549526d625eef231f29b40691bd128d2f7608324	UNMAPPED_0118	Columbia blood agar base	UNMAPPED	reviewed_unmapped	../records.tsv (byte-identical source)
data/ingredients/unmapped/Complan.yaml	4c42c23942d3a06a6d9560c1150bed3a521f5c59be0b4782b3259e6a1bb00023	UNMAPPED_0363	Complan	UNMAPPED	reviewed_unmapped	../records.tsv (byte-identical source)
data/ingredients/unmapped/Copper-NTA.yaml	05477ce9d2bd64c497bc73cdea36be0c6d2b2319e00579d4d938c79351fa7734	UNMAPPED_0151	Copper-NTA	UNMAPPED	reviewed_unmapped	../records.tsv (byte-identical source)
data/ingredients/unmapped/Corn_Meal_Agar.yaml	1b9bf8bf4a702dd002c0c516852742461b245f4d577716e4319de93fca30c278	UNMAPPED_0130	Corn meal agar	UNMAPPED	reviewed_unmapped	../records.tsv (byte-identical source)
data/ingredients/unmapped/Corn_Steep_Powder.yaml	90782981bcc54dc066b91cadf4794b0f166ea7d6a2d0a80336dcfe302ace35bb	UNMAPPED_0366	Corn steep powder	UNMAPPED	reviewed_unmapped	../records.tsv (byte-identical source)
data/ingredients/unmapped/Cravingzgone.yaml	a772281671e43d5451d2b4004ffe6c8b6a17a6511884ab8967889ae22a8f8dd8	UNMAPPED_0213	Cravingzgone	UNMAPPED	reviewed_unmapped	../records.tsv (byte-identical source)
data/ingredients/unmapped/Czapek-Dox_Liquid_Medium.yaml	eaf7aea0c9b51dff8b303e537108212e2539a731bc40756bb0312ae5a8a420bb	UNMAPPED_0370	Czapek-Dox liquid medium	UNMAPPED	reviewed_unmapped	../records.tsv (byte-identical source)
data/ingredients/unmapped/Czapek_Dox_Agar.yaml	8960783ee7229aa45df5ea7dc22cb6a741f4b0931b50e88ff4bb47e51795a9e9	UNMAPPED_0119	Czapek Dox agar	UNMAPPED	reviewed_unmapped	../records.tsv (byte-identical source)
data/ingredients/unmapped/DL-2-gamma-aminobutyrate.yaml	692a3d73bae4b33fa4b38bbc9fe802dfd73f8d795760d837248f34e0dee699d6	UNMAPPED_0710	DL-2-gamma-aminobutyrate	REJECTED	excluded_rejected	../records.tsv (byte-identical source)
data/ingredients/unmapped/Dehydrated_RCM_Medium.yaml	5cd0b1d7f6121d0824e99573a98093c2c2f30f0578c890a6c75c2fc1217dd096	UNMAPPED_0372	dehydrated RCM medium	UNMAPPED	reviewed_unmapped	../records.tsv (byte-identical source)
data/ingredients/unmapped/Dehydrated_Wilkins-Chalgren_Medium.yaml	e08067576d6dfbb31963df2400ef5090aa40b5f0751d99982f3a11cfbe0780d9	UNMAPPED_0373	dehydrated Wilkins-Chalgren medium	UNMAPPED	reviewed_unmapped	../records.tsv (byte-identical source)
data/ingredients/unmapped/Deoxysappanone_B_73-Dimethyl_Ether.yaml	1b268dbb3d9e92e0395759c81497f9f9b41179a31ac98640b2c8bfc785dfebb1	UNMAPPED_0200	Deoxysappanone B 7,3'-Dimethyl Ether	UNMAPPED	reviewed_unmapped	../records.tsv (byte-identical source)
data/ingredients/unmapped/Desicatted_Ox-bile.yaml	aa7a189593271ca93c76c9f538d85db908736eb542dc01b16bc0b0059ee01663	UNMAPPED_0374	Desicatted Ox-bile	UNMAPPED	reviewed_unmapped	../records.tsv (byte-identical source)
data/ingredients/unmapped/Dextran_Mw_1270.yaml	583d692e4e77bd2ce09db4bf11bde0ea2648dee17bf54310d28e1d70b48fdc83	UNMAPPED_0167	dextran, Mw ~1,270	UNMAPPED	reviewed_unmapped	../records.tsv (byte-identical source)
data/ingredients/unmapped/Dextran_Mw_200000.yaml	aa891046eeeb00cdb8406427d083f79a67284b38b7fed0f70a661ae7299625d7	UNMAPPED_0168	dextran, Mw ~200,000	UNMAPPED	reviewed_unmapped	../records.tsv (byte-identical source)
data/ingredients/unmapped/Diced_Potato.yaml	c38b36195742f1c8b8d67217eea454eadbea720de03885c4ed2a1462c2378dd0	UNMAPPED_0375	Diced potato	UNMAPPED	reviewed_unmapped	../records.tsv (byte-identical source)
data/ingredients/unmapped/Dichloran-Glycerol-agar_Base.yaml	523f5790afd08bf3cdbeb9e0869c11c13bdda790612fbd06a9d398c514f84872	UNMAPPED_0376	Dichloran-Glycerol-agar base	UNMAPPED	reviewed_unmapped	../records.tsv (byte-identical source)
data/ingredients/unmapped/Difco_0001.yaml	1022f65c906f4ea050aaf3d671a01a030fdc538f66052afed941ed80f98633be	UNMAPPED_0377	Difco 0001	UNMAPPED	reviewed_unmapped	../records.tsv (byte-identical source)
data/ingredients/unmapped/Difco_Marine_Broth.yaml	84a2137a9ab6453f32ded2cc4d579be6e16015e293ce1720ee535012202c4abc	UNMAPPED_0378	Difco marine broth	UNMAPPED	reviewed_unmapped	../records.tsv (byte-identical source)
data/ingredients/unmapped/Dihydrodehydroerosone.yaml	dba046795cb638d6e36e09cef0a878b7f4447e338c28d926c5b0a5f81d8c0d94	UNMAPPED_0192	Dihydrodehydroerosone	UNMAPPED	reviewed_unmapped	../records.tsv (byte-identical source)
data/ingredients/unmapped/Dv_base_Y_medium.yaml	05724bb6b842f649a545351a51b2b900756d8a37713570694a8be6c1b9f72e1c	UNMAPPED_0278	Dv_base_Y_medium	UNMAPPED	reviewed_unmapped	../records.tsv (byte-identical source)
data/ingredients/unmapped/Dv_base_medium.yaml	00908fc244e3de38d0b39a4c4d33d4abd08a69c811008e1c89b1445183db8b72	UNMAPPED_0305	Dv_base_medium	UNMAPPED	reviewed_unmapped	../records.tsv (byte-identical source)
data/ingredients/unmapped/Dyiii_Medium.yaml	4cba37d1585bd65ff52ea6dee46966d9083b79cb9aa271309165d5595b62b446	UNMAPPED_0083	DYIII Medium	UNMAPPED	reviewed_unmapped	../records.tsv (byte-identical source)
data/ingredients/unmapped/EBIOS.yaml	130f1d9a20d6e16b9a10939a7251242d290bc8b13eb2a140be697e7b86cf87a4	UNMAPPED_0380	EBIOS	UNMAPPED	reviewed_unmapped	../records.tsv (byte-identical source)
data/ingredients/unmapped/Enriched_Seawater_Medium.yaml	c62cbe058fb8f588888d8a7245880749793a48fe7a9a7c7179d83ce89ebe45bb	UNMAPPED_0062	Enriched Seawater Medium	UNMAPPED	reviewed_unmapped	../records.tsv (byte-identical source)
data/ingredients/unmapped/Epitheaflavic_Acid.yaml	b6624162c776bdbdd8a4984288688ec77f35fc6bbb5f00804ef587b2db29fe5e	UNMAPPED_0188	Epitheaflavic Acid	UNMAPPED	reviewed_unmapped	../records.tsv (byte-identical source)
data/ingredients/unmapped/Erdschreibers_Medium.yaml	567a37c23a17b6adb31389317f09593cb7b8ef288f70d73c1f56284857cb0d54	UNMAPPED_0024	Erdschreiber's Medium	UNMAPPED	reviewed_unmapped	../records.tsv (byte-identical source)
data/ingredients/unmapped/Esculin_Hydrolysate.yaml	59da6de45358b7175d21b3591948c9506fce193b9b9df5abe37f5037b422685f	UNMAPPED_0688	Esculin Hydrolysate	REJECTED	excluded_rejected	../records.tsv (byte-identical source)
data/ingredients/unmapped/Ethanolamine_Acetate.yaml	719a0b57e703a50bd396f6f347c4aa84e19293abb3eafa8d273868f2392c0675	UNMAPPED_0159	Ethanolamine acetate	UNMAPPED	reviewed_unmapped	../records.tsv (byte-identical source)
data/ingredients/unmapped/Euglena_Medium.yaml	7bcfbc8590d331b8ca55b909840a7d6e6ed469265569a287c548bbba6e6cb711	UNMAPPED_0064	Euglena Medium	UNMAPPED	reviewed_unmapped	../records.tsv (byte-identical source)
data/ingredients/unmapped/F2_Medium.yaml	2e30e16a4bd82864536b74958493dbe45068f0451b836290e674e1cb81fda970	UNMAPPED_0033	F/2 Medium	UNMAPPED	reviewed_unmapped	../records.tsv (byte-identical source)
data/ingredients/unmapped/Fastidious_Anaerobe_Agar.yaml	b6948a273ca480ffb537ecd2d8b425b12df23fc90bcf8fb1a0704723e9a32406	UNMAPPED_0120	Fastidious Anaerobe Agar	UNMAPPED	reviewed_unmapped	../records.tsv (byte-identical source)
data/ingredients/unmapped/Fastidious_Anaerobe_Basal_Broth.yaml	e5aa9b3aa28da9677bebc9183314e2a72ee9c7fca6eb3bbbc6091542c9088b6c	UNMAPPED_0381	Fastidious Anaerobe Basal Broth	UNMAPPED	reviewed_unmapped	../records.tsv (byte-identical source)
data/ingredients/unmapped/FeSO43_X_N_H2O.yaml	41b93858dfbb033525efacf2d146118d52325d5f9a4b67fa47ba6fd0b2bd3fe3	UNMAPPED_0385	FeSO43 x n H2O	UNMAPPED	reviewed_unmapped	../records.tsv (byte-identical source)
data/ingredients/unmapped/Ferric-NTA.yaml	20a2b9b98c420de758fab7e9b7f6416c421b3eedd13391e5f65225e1ac26be21	UNMAPPED_0149	Ferric-NTA	UNMAPPED	reviewed_unmapped	../records.tsv (byte-identical source)
data/ingredients/unmapped/Fibersol-2-AG.yaml	ca58e624d42774a65ed789b2a71c4909759f67ce698e1aa2e8bb6c839e2c90f9	UNMAPPED_0211	Fibersol-2-AG	UNMAPPED	reviewed_unmapped	../records.tsv (byte-identical source)
data/ingredients/unmapped/Fresh_Egg_Mixture.yaml	c72f8064e6b4027a6a9461ea440fa89f375c8664c9c41314f1d4943569c27a57	UNMAPPED_0387	Fresh egg mixture	UNMAPPED	reviewed_unmapped	../records.tsv (byte-identical source)
data/ingredients/unmapped/Fructooligosaccharides_From_Chicory.yaml	64c8bb0bdeb650546cdabe4185cde561bb1312c5b8ec012c87a71cad9d374b55	UNMAPPED_0209	Fructooligosaccharides from chicory	UNMAPPED	reviewed_unmapped	../records.tsv (byte-identical source)
data/ingredients/unmapped/Full_Composition_Available_At_Source_Database.yaml	3521b19020100e3a606627502c3e066dca7f9b6343af0352206837891bef82c0	UNMAPPED_0001	Full composition available at source database	UNMAPPED	reviewed_unmapped	../records.tsv (byte-identical source)
data/ingredients/unmapped/GAM_Agar.yaml	79e02455ec44f5500df86d57fe6ef99f16e2fbca295ef470b0927caa4e2a6f2e	UNMAPPED_0121	GAM agar	UNMAPPED	reviewed_unmapped	../records.tsv (byte-identical source)
data/ingredients/unmapped/GAM_Broth.yaml	ec91ffd83c33d1fd9345942358adf53cdbaebc4dfde70895b8cb849dd63fd5e0	UNMAPPED_0388	GAM broth	UNMAPPED	reviewed_unmapped	../records.tsv (byte-identical source)
data/ingredients/unmapped/GAM_Broth_Mod_Powder.yaml	f5a5ac22fdcdb9431b535af9c8094422d795304389e40207c7a92c9509885100	UNMAPPED_0389	GAM Broth mod. powder	UNMAPPED	reviewed_unmapped	../records.tsv (byte-identical source)
data/ingredients/unmapped/GAM_Broth_Powder.yaml	d9eeda5b7a94703f7558850a36191cb8300ada8f0303eff2228595e1b202a4e4	UNMAPPED_0390	GAM Broth powder	UNMAPPED	reviewed_unmapped	../records.tsv (byte-identical source)
data/ingredients/unmapped/GYP-sodium_Acetate-mineral_Salts_Broth.yaml	b3aed94d0043a0e6bdc941d52492f6ff98b5e3e571e75ffa15a9189592e1b026	UNMAPPED_0397	GYP-sodium acetate-mineral salts broth	UNMAPPED	reviewed_unmapped	../records.tsv (byte-identical source)
data/ingredients/unmapped/Galactan_From_Potato.yaml	2e938db747870cb90373db1e36cec06a3284cadca9f07b9d0a35b85355fc75d9	UNMAPPED_0238	Galactan from Potato	UNMAPPED	reviewed_unmapped	../records.tsv (byte-identical source)
data/ingredients/unmapped/Gamborg_B5_Medium_Incl_Vitamins.yaml	0b2cd62babf78240c42d77181199d34f9d2565f2f8532fa9d978f4881731b4fd	UNMAPPED_0391	Gamborg B5 Medium incl. Vitamins	UNMAPPED	reviewed_unmapped	../records.tsv (byte-identical source)
data/ingredients/unmapped/Gelatin_Hydrolyzed.yaml	38c33c601cad324ac3807650e280a6466d70def5e71785f65995da4aea63241e	UNMAPPED_0731	Gelatin Hydrolyzed	REJECTED	excluded_rejected	../records.tsv (byte-identical source)
data/ingredients/unmapped/Gjerstad_Humics.yaml	6c794afaa5f16abaedcdeb14dea94aac46ae858736ba67f909153e6b65622f2e	UNMAPPED_0145	Gjerstad humics	UNMAPPED	reviewed_unmapped	../records.tsv (byte-identical source)
data/ingredients/unmapped/Glycerol-asparagine_Agar.yaml	a20ab80bfd721b38622db05c4890f6f5ae80540ae038959e0e91446d9edaf5d5	UNMAPPED_0122	Glycerol-asparagine agar	UNMAPPED	reviewed_unmapped	../records.tsv (byte-identical source)
data/ingredients/unmapped/Glycyl-L-bromosuccinic_Glutamic_Acid.yaml	d0921088e01118db4557a5da8ecf518abb4cbd65a656ef5661b21f68ef54f7b6	UNMAPPED_0817	Glycyl-L-bromosuccinic Glutamic Acid	REJECTED	excluded_rejected	../records.tsv (byte-identical source)
data/ingredients/unmapped/Gossypol-Acetic_Acid_Complex.yaml	e345ebae9fef5c6b972ee9897ca07319013bae7338d230f2f6576128a83afa1b	UNMAPPED_0193	Gossypol-Acetic Acid Complex	UNMAPPED	reviewed_unmapped	../records.tsv (byte-identical source)
data/ingredients/unmapped/Graces_Insect_Medium.yaml	98d818debe40f93d28b7c08b2a7437b6a3c8566e12c857aa7f42fd3c1cdafa3e	UNMAPPED_0395	Grace's Insect Medium	UNMAPPED	reviewed_unmapped	../records.tsv (byte-identical source)
data/ingredients/unmapped/HBO3.yaml	3d7968f576f17f3ae4fac68158d36ce4193421591c18c6b43650c0409aed4295	UNMAPPED_0398	HBO3	UNMAPPED	reviewed_unmapped	../records.tsv (byte-identical source)
data/ingredients/unmapped/Heart_Infusion_Broth.yaml	37daa8717d4acf0fe6966514cd44f54536d193725a04da19a133e13caa4311bf	UNMAPPED_0399	Heart Infusion Broth	UNMAPPED	reviewed_unmapped	../records.tsv (byte-identical source)
data/ingredients/unmapped/Horikoshi-I_Medium.yaml	5b99e04b34a7f7c9fc334bb80a2e65bcc959ae3f35f546aa223cf733bcf291ce	UNMAPPED_0402	Horikoshi-I medium	UNMAPPED	reviewed_unmapped	../records.tsv (byte-identical source)
data/ingredients/unmapped/Hy-Case_Amino.yaml	9b3e37fd766d6f5c587dc30bcd266e3e9602b2f924bbe6cff7ca79835f50d1bc	UNMAPPED_0404	Hy-Case Amino	UNMAPPED	reviewed_unmapped	../records.tsv (byte-identical source)
data/ingredients/unmapped/IMDM-Medium.yaml	940777dced0852fbf2da7f9a3b4c8ffa0cb2be41ec16a9977df3c2e21cbba25a	UNMAPPED_0405	IMDM-Medium	UNMAPPED	reviewed_unmapped	../records.tsv (byte-identical source)
data/ingredients/unmapped/ISOT.yaml	8d7853faf99dc21087d76b7d0a7aadeaa066864683dc17c43ffb9bd0da8334cc	UNMAPPED_0220	ISOT	UNMAPPED	reviewed_unmapped	../records.tsv (byte-identical source)
data/ingredients/unmapped/ISOT_LC742-071714.yaml	6d06a940de7c76aaffc1b175b1595efd0228cc10fa9ab48c68bb614a45071d0e	UNMAPPED_0218	ISOT LC742-071714	UNMAPPED	reviewed_unmapped	../records.tsv (byte-identical source)
data/ingredients/unmapped/ISOT_Lot160120.yaml	029e73bd78921ec17539c087338ca835a4a1767f0ea86b78a605dbd24a09547e	UNMAPPED_0219	ISOT Lot160120	UNMAPPED	reviewed_unmapped	../records.tsv (byte-identical source)
data/ingredients/unmapped/ISOT_Umich-01.yaml	8c6eae656963adab92ae69593e818c2c9b219a6dc6011d63ff60ec0e09e0621a	UNMAPPED_0205	ISOT Umich-01	UNMAPPED	reviewed_unmapped	../records.tsv (byte-identical source)
data/ingredients/unmapped/ISOT_Umich-02b.yaml	86e024982fe42dde4c041ae977fe5382517396fae463f48b0faf47e33df617de	UNMAPPED_0206	ISOT Umich-02.b	UNMAPPED	reviewed_unmapped	../records.tsv (byte-identical source)
data/ingredients/unmapped/ISP_7_Medium.yaml	66048f6ccdbbf9ff496ec4c5c653f7617305a021266d857b0c4853d57a3357d9	UNMAPPED_0408	ISP 7 Medium	UNMAPPED	reviewed_unmapped	../records.tsv (byte-identical source)
data/ingredients/unmapped/Infusion_Broth.yaml	95badb1bb47f161eff6ed5b0fe48eff8debe0404dfc787435c163f973071af60	UNMAPPED_0406	Infusion Broth	UNMAPPED	reviewed_unmapped	../records.tsv (byte-identical source)
data/ingredients/unmapped/Infusion_From_Potatoes.yaml	c732301cbddd2ed5d855916f9738401381f374937a2b1503f97b6a8288a5aa48	UNMAPPED_0251	Infusion from Potatoes	UNMAPPED	reviewed_unmapped	../records.tsv (byte-identical source)
data/ingredients/unmapped/Inorganic_Salts-starch_Agar.yaml	76a430265f543685167823888f68629d2cbfc652f6faced54387692517118178	UNMAPPED_0123	Inorganic salts-starch agar	UNMAPPED	needs_curation	../records.tsv (byte-identical source)
data/ingredients/unmapped/Iron-EDTA.yaml	b8d7d6913bd06487bdecb6b4458092e07a1a6354d95876cbba5cf5bd4722c4db	UNMAPPED_0606	Iron-EDTA	UNMAPPED	reviewed_unmapped	../records.tsv (byte-identical source)
data/ingredients/unmapped/Iron_As_Fecl3_In_Edta.yaml	ef281b8231d437e1edab7555aa1fa785388a67b748d0a6902483862b93075ac6	UNMAPPED_0604	Iron (as FeCl3 in EDTA)	UNMAPPED	needs_curation	../records.tsv (byte-identical source)
data/ingredients/unmapped/Isopropyl_3-keto-N-acetyl-a-D-glucosamine.yaml	61f37dc849e432a9f9588393eed9441d2b58377b5fe50377cc81bfe639ce6af0	UNMAPPED_0234	isopropyl 3-keto-N-acetyl-a-D-glucosamine	UNMAPPED	reviewed_unmapped	../records.tsv (byte-identical source)
data/ingredients/unmapped/Khayasin_C.yaml	4f0afabbd0da3ac05f695bfeb8261eeeb5d748e2617d9dceecead7a7b45b3f05	UNMAPPED_0191	Khayasin C	UNMAPPED	needs_curation	../records.tsv (byte-identical source)
data/ingredients/unmapped/L-15_Medium.yaml	be63536e6ccb408d51fcd104eabea2c8a909d6bf139b2579afcff25e97e56828	UNMAPPED_0414	L-15 medium	UNMAPPED	reviewed_unmapped	../records.tsv (byte-identical source)
data/ingredients/unmapped/L-15_Powder.yaml	43db258c251683f294d7d97af553eb153438ace603909f42e0a94b3a2420e3fb	UNMAPPED_0415	L-15 powder	UNMAPPED	reviewed_unmapped	../records.tsv (byte-identical source)
data/ingredients/unmapped/LL17-29.yaml	3413effbb14464d84cc184c5d4973255bb177f5c32c4b24c61df2f8182bb53aa	UNMAPPED_0172	LL17-29	UNMAPPED	reviewed_unmapped	../records.tsv (byte-identical source)
data/ingredients/unmapped/LaNO33_X_6_H2O.yaml	5dc6349dec7b21113a7e08b4692c802cf1d0f79e3baa3f93559d8519a022f012	UNMAPPED_0423	LaNO33 x 6 H2O	UNMAPPED	reviewed_unmapped	../records.tsv (byte-identical source)
data/ingredients/unmapped/Lab_Lemco_Powder.yaml	60e5db3426ff114ee3e4b7460b0c84fb828dd6910dd0fda404e56e653a3921fb	UNMAPPED_0419	Lab Lemco powder	UNMAPPED	reviewed_unmapped	../records.tsv (byte-identical source)
data/ingredients/unmapped/Lactobacilli_MRS_Broth.yaml	91cc9798a158bc82b6aedf02a16d8736b18ad48f7cef672a4c8ece25d3cdaf80	UNMAPPED_0421	Lactobacilli MRS broth	UNMAPPED	reviewed_unmapped	../records.tsv (byte-identical source)
data/ingredients/unmapped/Lactobacillus_MRS_Broth.yaml	210f757d6c1962ecba2ddeb06c3b28175b60c3e9a24b8df78782d4e43b7258aa	UNMAPPED_0422	Lactobacillus MRS broth	UNMAPPED	reviewed_unmapped	../records.tsv (byte-identical source)
data/ingredients/unmapped/Larchwood_Xylan.yaml	9957aca70b657f9186c16fda9786ace9ce2cc8c40440ef67a33613129ef4d08f	UNMAPPED_0424	Larchwood xylan	UNMAPPED	reviewed_unmapped	../records.tsv (byte-identical source)
data/ingredients/unmapped/Leptospira_Medium_Base_EMJH.yaml	a5959d7c2363434932c1fe1bf1d839428ba1a3150d2f73fe0cff3a81d03de358	UNMAPPED_0426	Leptospira Medium Base EMJH	UNMAPPED	reviewed_unmapped	../records.tsv (byte-identical source)
data/ingredients/unmapped/Linsmaier_Skoog_Medium_Including_Vitamins.yaml	997fe910f5f0b1ecbc616496082fefaa08fb3b809afcd98a2f725659443b51f1	UNMAPPED_0427	Linsmaier & Skoog Medium including vitamins	UNMAPPED	reviewed_unmapped	../records.tsv (byte-identical source)
data/ingredients/unmapped/Lipoprotein_Concentrate.yaml	dbed3c39d05db532944dab960ca03091780c75cc601970ce010f4b2143c05a54	UNMAPPED_0428	lipoprotein concentrate	UNMAPPED	reviewed_unmapped	../records.tsv (byte-identical source)
data/ingredients/unmapped/Liver_Concentrate.yaml	a828aab22ffd61bd0dcae87e2869bca171a924efc34e8bdd545134919a9b906b	UNMAPPED_0429	Liver Concentrate	UNMAPPED	reviewed_unmapped	../records.tsv (byte-identical source)
data/ingredients/unmapped/MEM-Medium.yaml	a1feb42caa10276eb10b06e00df60f6b7b4e3e24d4c2ab988fcbe27ff80ff865	UNMAPPED_0438	MEM-Medium	UNMAPPED	reviewed_unmapped	../records.tsv (byte-identical source)
data/ingredients/unmapped/MEM_Alpha_Modification.yaml	53bef2ebf4a08858099277f59554eb8d7563fc00ccc4415399f2b68294ed5008	UNMAPPED_0437	MEM alpha Modification	UNMAPPED	reviewed_unmapped	../records.tsv (byte-identical source)
data/ingredients/unmapped/MRS_Broth.yaml	d9e92ec9fce41effb227c735e4a8516b636bc05b3e71eb0ce3f35e1af1c07f7e	UNMAPPED_0453	MRS broth	UNMAPPED	reviewed_unmapped	../records.tsv (byte-identical source)
data/ingredients/unmapped/MRS_Medium.yaml	9245ec05560072e5f2292827e69a01761036bd8e8b53c1fe2e2150e4add64c57	UNMAPPED_0454	MRS medium	UNMAPPED	reviewed_unmapped	../records.tsv (byte-identical source)
data/ingredients/unmapped/Man_Rogosa_Sharp_Broth.yaml	ae7d8466b2d1b048cf5160daf8793c6b7fdc204ece7835633b00d324387de77b	UNMAPPED_0432	Man Rogosa Sharp broth	UNMAPPED	reviewed_unmapped	../records.tsv (byte-identical source)
data/ingredients/unmapped/Manganese-NTA.yaml	61552c7aa003fa306fb2e4c825d5f76cf4dd0166feb3cd5d844f30c9c202e858	UNMAPPED_0155	Manganese-NTA	UNMAPPED	reviewed_unmapped	../records.tsv (byte-identical source)
data/ingredients/unmapped/Marine_Broth.yaml	42a5aea4f5671ea994f55a48fd75e00b0c0e6ce37d592ab31d5ae537bb6ed960	UNMAPPED_0433	Marine Broth	UNMAPPED	reviewed_unmapped	../records.tsv (byte-identical source)
data/ingredients/unmapped/Meat_Infusion.yaml	225f4a063120e74219a07e5666d62dc891fd0e1a23e6ebb5cd31a179dacb6594	UNMAPPED_0436	Meat infusion	UNMAPPED	reviewed_unmapped	../records.tsv (byte-identical source)
data/ingredients/unmapped/Methanol-utilizing_Bacteria_Medium_B.yaml	60b5ed9ad5527927ee4b4539e4871be52eee3b945a7e50336196d056b47b3da7	UNMAPPED_0443	Methanol-utilizing bacteria medium B	UNMAPPED	reviewed_unmapped	../records.tsv (byte-identical source)
data/ingredients/unmapped/Methyl_3-keto-a-D-glucopyranoside.yaml	82aaa8bcfbfae12e4bb8513de90739307576449b7b23dfc4e909f470126884fa	UNMAPPED_0233	methyl 3-keto-a-D-glucopyranoside	UNMAPPED	reviewed_unmapped	../records.tsv (byte-identical source)
data/ingredients/unmapped/Mineral_Salts_Medium_Base.yaml	7573c9ef624a7e6d09ef79cdc89da1baddeccaa5027f781ddace216c7716c2b7	UNMAPPED_0609	Mineral salts medium base	UNMAPPED	reviewed_unmapped	../records.tsv (byte-identical source)
data/ingredients/unmapped/MnCl4_X_6_H2O.yaml	c8d2c97fff402bdd85b16d5d71c4fdd1ea175141c21eb1ba848ebfce3f019488	UNMAPPED_0450	MnCl4 x 6 H2O	UNMAPPED	reviewed_unmapped	../records.tsv (byte-identical source)
data/ingredients/unmapped/MnII_X_EDTA.yaml	45ce565420a5cff5d36490b064f7a25a4b9c111e23497131bb8cdc23c3d4bfa2	UNMAPPED_0451	MnII x EDTA	UNMAPPED	reviewed_unmapped	../records.tsv (byte-identical source)
data/ingredients/unmapped/MoLS4.yaml	3f932e22edccb8da4a78b082d45fecf7bcea639cd53251d51a8271fe5be517d5	UNMAPPED_0292	MoLS4	UNMAPPED	reviewed_unmapped	../records.tsv (byte-identical source)
data/ingredients/unmapped/MoYLS4.yaml	d48ef933df6190b71b3181ec931d55f25c64b5946a906451bd287041e5561d47	UNMAPPED_0264	MoYLS4	UNMAPPED	reviewed_unmapped	../records.tsv (byte-identical source)
data/ingredients/unmapped/Modified_Bold_3n_Medium.yaml	7699e77458df69b5857f8a05debbdeb7a3637a72047e6a63e94457a4c43f579b	UNMAPPED_0089	Modified Bold 3N Medium	UNMAPPED	reviewed_unmapped	../records.tsv (byte-identical source)
data/ingredients/unmapped/Modified_Combo_Medium.yaml	a6f6b58cc1aa69e0c48286e504356dd4fc36ab01efb2d0140e798e9b822065e9	UNMAPPED_0111	Modified COMBO Medium	UNMAPPED	reviewed_unmapped	../records.tsv (byte-identical source)
data/ingredients/unmapped/Mueller_Hinton_II_Agar.yaml	a0f0c5365069fa748d0a83b0a196e2bdb3c4ea7c9cd8705b79ba46cce0a90a5f	UNMAPPED_0128	Mueller Hinton II agar	UNMAPPED	reviewed_unmapped	../records.tsv (byte-identical source)
data/ingredients/unmapped/Murashige_Skoog_Medium.yaml	7dfb7c0e7f65149881b08e2bee8f30a258eb5518d49e25b2a641f157c72c29b1	UNMAPPED_0455	Murashige & Skoog medium	UNMAPPED	reviewed_unmapped	../records.tsv (byte-identical source)
data/ingredients/unmapped/N-Z-Amine_A.yaml	ce2bff1b6931364260cb5469ae368622a574aeb59bffd1a6be9c5e7499fea078	UNMAPPED_0458	N-Z-Amine® A	UNMAPPED	reviewed_unmapped	../records.tsv (byte-identical source)
data/ingredients/unmapped/N-Z-Case.yaml	6cbc14e3a60be2996f2df26720070690c5ea62b0fc9d3e325e95d2d85cae057b	UNMAPPED_0459	N-Z-Case	UNMAPPED	reviewed_unmapped	../records.tsv (byte-identical source)
data/ingredients/unmapped/N-Z_Amine.yaml	04a6280ff4194111ff27f13f5f98cde91290488d25239e0546d3da0ad5d9f053	UNMAPPED_0457	N-Z amine	UNMAPPED	reviewed_unmapped	../records.tsv (byte-identical source)
data/ingredients/unmapped/N-disuccinic_Acid_(EDDS).yaml	7ceb8de7188c719b7112cf3c6e4708a10149876ded8728c1f7218a26291eca70	kgmicrobe.compound:ethylenediamine_n_n_disuccinic_acid	N'-disuccinic Acid (EDDS)	REJECTED	excluded_rejected	../records.tsv (byte-identical source)
data/ingredients/unmapped/Na-Nitrilotriacetat.yaml	c0dd380d69a3b50509f46da4c20eba411b572a4b6d7c78db9a8872d70701f208	UNMAPPED_0460	Na-Nitrilotriacetat	UNMAPPED	reviewed_unmapped	../records.tsv (byte-identical source)
data/ingredients/unmapped/Na-tetrathionate.yaml	0f62edf35ed515ead1f4ef678558f7a6e344bb479e48d530033fcf4a67ab4193	UNMAPPED_0463	Na-tetrathionate	UNMAPPED	reviewed_unmapped	../records.tsv (byte-identical source)
data/ingredients/unmapped/Na3-NTA_X_H2O.yaml	9a83196f39aaf6cf563af23cabe5336be49445e5aa55d19d19608761055a3992	UNMAPPED_0475	Na3-NTA x H2O	UNMAPPED	reviewed_unmapped	../records.tsv (byte-identical source)
data/ingredients/unmapped/NaSiO3_X_9_H2O.yaml	c14c9024621b01e8ebc93a9b8c853bef8f69c2d5df9fd656d5548c52f146b2dd	UNMAPPED_0477	NaSiO3 x 9 H2O	UNMAPPED	reviewed_unmapped	../records.tsv (byte-identical source)
data/ingredients/unmapped/Natural_Sea-salt.yaml	1701fbfddfd9e6e826710584cec045abc4a2fdfa73236c0689cd92370c7ab612	UNMAPPED_0050	Natural sea-salt	UNMAPPED	reviewed_unmapped	../records.tsv (byte-identical source)
data/ingredients/unmapped/NdCl3_X_6_H2O.yaml	f275bd5659798b16a4f9914d8f6df8c15c687fd8c5607485369708f2b3752261	UNMAPPED_0479	NdCl3 x 6 H2O	UNMAPPED	reviewed_unmapped	../records.tsv (byte-identical source)
data/ingredients/unmapped/Nickel-NTA.yaml	ce2ce2b47697fc6ac8acb466d42d60101f9ba03374cb2c7441a1f3ca47f32a23	UNMAPPED_0152	Nickel-NTA	UNMAPPED	reviewed_unmapped	../records.tsv (byte-identical source)
data/ingredients/unmapped/Nutrient_Agar.yaml	388e1ef281ecb16b643b4f9b97e2b59fb8b74da2ac5128c9fcb027ef0c08e3a6	UNMAPPED_0481	Nutrient agar	UNMAPPED	reviewed_unmapped	../records.tsv (byte-identical source)
data/ingredients/unmapped/O-methyl-D-glucuronoxylan.yaml	554eca660f5e81fa63b3faeb064c1390bd8fd3e84fab4fa1bad8fe9e03f379f1	UNMAPPED_0227	O-methyl-D-glucuronoxylan	UNMAPPED	reviewed_unmapped	../records.tsv (byte-identical source)
data/ingredients/unmapped/OXOID_Legionella_CYE-Agar_Base.yaml	f9e07a9e71fc41844bbd60446748606b4a05fa3aa89afd93d116929fd50b7656	UNMAPPED_0487	OXOID Legionella CYE-Agar base	UNMAPPED	reviewed_unmapped	../records.tsv (byte-identical source)
data/ingredients/unmapped/Oatmeal_Agar.yaml	aa4f77229d6fc8516ec918b5d784ca5d2482f655e4c81e6073b342069fc534b3	UNMAPPED_0129	Oatmeal agar	UNMAPPED	reviewed_unmapped	../records.tsv (byte-identical source)
data/ingredients/unmapped/Organic_Peat.yaml	68896bc8edcf16237b41c40be65874e3f65ec3561137916cffd289eed28c356b	UNMAPPED_0099	Organic Peat	UNMAPPED	reviewed_unmapped	../records.tsv (byte-identical source)
data/ingredients/unmapped/Oxgall.yaml	f372c20b222de55b099a3f7c75e42d155e87ece58302779cb5de5fd2ae49aa3e	UNMAPPED_0486	Oxgall	UNMAPPED	reviewed_unmapped	../records.tsv (byte-identical source)
data/ingredients/unmapped/PPLO_Broth.yaml	06105aa265990c75676c9c79817f3713a3a4703e8c63d7a39898c3ec74a34621	UNMAPPED_0497	PPLO broth	UNMAPPED	reviewed_unmapped	../records.tsv (byte-identical source)
data/ingredients/unmapped/Pectic_Galactan_From_Potato.yaml	186f9fd05e308eac5ea7593c45b0e38149474c94d90a1e0f38aef5fb4436b1d1	UNMAPPED_0231	Pectic galactan from potato	UNMAPPED	reviewed_unmapped	../records.tsv (byte-identical source)
data/ingredients/unmapped/Plain_Flour.yaml	becb2e4860868161607a709d6c4b5cbef56c2b4a3e06c9a4fc9214e35e4e9a8e	UNMAPPED_0490	Plain flour	UNMAPPED	reviewed_unmapped	../records.tsv (byte-identical source)
data/ingredients/unmapped/Planctomyces_artificial_seawater.yaml	5e26d476fb74669cbd00ed369efc557c8dc3cc409457d6aef8232f84705782c0	UNMAPPED_0291	Planctomyces_artificial_seawater	UNMAPPED	reviewed_unmapped	../records.tsv (byte-identical source)
data/ingredients/unmapped/Polar_Lipid_Fraction.yaml	c7b7083543ee272653609069bad1f4e993c17c9c55eb96bd2cc14e5ae7b149f8	UNMAPPED_0491	Polar lipid fraction	UNMAPPED	reviewed_unmapped	../records.tsv (byte-identical source)
data/ingredients/unmapped/Poly-ß-hydroxybutyric_Acid.yaml	6bc65fb13e8851914d447ee47cecec0578720017cb8aea0b955a5d1674a1e640	UNMAPPED_0493	poly-ß-hydroxybutyric acid	UNMAPPED	reviewed_unmapped	../records.tsv (byte-identical source)
data/ingredients/unmapped/PolyR-3-hydroxybutyric_Acid.yaml	f5acc06a83a3438a156a9ae1806ceeda60caa8909f5b658e297999483ac5fde8	UNMAPPED_0494	Poly[R-3-hydroxybutyric acid]	UNMAPPED	reviewed_unmapped	../records.tsv (byte-identical source)
data/ingredients/unmapped/Poly_Hexamethylene_Carbonate.yaml	aac1480938a33402271232fef7c9b1b730ea643f1c855fff936b38fe1acda402	UNMAPPED_0492	Poly hexamethylene carbonate	UNMAPPED	reviewed_unmapped	../records.tsv (byte-identical source)
data/ingredients/unmapped/PrCl3_X_H2O.yaml	028e993ebadb8580efad84770baa5bcd8d8ed2c0a0a8e160c836d45d430760ec	UNMAPPED_0498	PrCl3 x H2O	UNMAPPED	reviewed_unmapped	../records.tsv (byte-identical source)
data/ingredients/unmapped/Prebiotin.yaml	c61672365d46c20a6202e813c9bc7b88581b977b8926b6e69bd1bdd074478daa	UNMAPPED_0210	Prebiotin	UNMAPPED	reviewed_unmapped	../records.tsv (byte-identical source)
data/ingredients/unmapped/PreticX.yaml	64d134835f0331e173974f72adac7fd2334cd70e3c169bfe385f945619d9fae7	UNMAPPED_0216	PreticX	UNMAPPED	reviewed_unmapped	../records.tsv (byte-identical source)
data/ingredients/unmapped/Probumin_Universal_Grade.yaml	e4f2811fa995811b29fc83f14443021e0254f46ca65c0627b7c669ec48b4b9ec	UNMAPPED_0499	Probumin Universal Grade	UNMAPPED	reviewed_unmapped	../records.tsv (byte-identical source)
data/ingredients/unmapped/Promitor.yaml	2d4b95cd090a55bcfaaa9c349a64db9d6a5c32e5715dc96f9e5d2e399fee081e	UNMAPPED_0212	Promitor	UNMAPPED	reviewed_unmapped	../records.tsv (byte-identical source)
data/ingredients/unmapped/Proteose_Yeastolate.yaml	470d5049ae7615b6676bf0a720b261d4840e44c343d2ed4d9cce9c8b0f9c96c3	UNMAPPED_0500	Proteose yeastolate	UNMAPPED	reviewed_unmapped	../records.tsv (byte-identical source)
data/ingredients/unmapped/Pulp_Of_Sour_Stone_Cherries.yaml	4705beaf0832b2a47455ace09f1eeedc62c4f4fb592d4e1a77749acb12efeec4	UNMAPPED_0501	Pulp of sour stone cherries	UNMAPPED	reviewed_unmapped	../records.tsv (byte-identical source)
data/ingredients/unmapped/R_Agar.yaml	1153b72d9c74e6ee6f15037261a07fd2c799086e1f3dc766a8774072224dd390	UNMAPPED_0132	R agar	UNMAPPED	reviewed_unmapped	../records.tsv (byte-identical source)
data/ingredients/unmapped/Red_Arabinan_From_Sugar-beet.yaml	0e2317f3133043c80232fe5c35b41f7ec793d5a79a94d9aaeddf9a0a3ebd75de	UNMAPPED_0166	Red Arabinan from sugar-beet	UNMAPPED	reviewed_unmapped	../records.tsv (byte-identical source)
data/ingredients/unmapped/Reinforced_Clostridial_Medium.yaml	7f94183c0d9b070b57c1ffa8beab53817b48791a75278957163619ece7a24c2e	UNMAPPED_0507	Reinforced clostridial medium	UNMAPPED	reviewed_unmapped	../records.tsv (byte-identical source)
data/ingredients/unmapped/Rhamnogalacturonan-II_From_Apple_Juice_Concentrate.yaml	b14b1f4297c6efcc78b5ecb865e6146a15dd637229499722deb12d6bab87df4b	UNMAPPED_0240	Rhamnogalacturonan-II from apple juice concentrate	UNMAPPED	reviewed_unmapped	../records.tsv (byte-identical source)
data/ingredients/unmapped/Rhamnogalacturonan_-_From_Potato.yaml	ac52005577ddb4b6b5fa96c13a1206a522f6c31c4bd6b9bdd00e19627dfa7b76	UNMAPPED_0175	Rhamnogalacturonan - from potato	UNMAPPED	reviewed_unmapped	../records.tsv (byte-identical source)
data/ingredients/unmapped/Riboflavin_Solution_See_Medium_No_462.yaml	91ab27a3dde263a063cb2dd4d599d610f60960e959283dd94797a18557ffef2b	UNMAPPED_0508	Riboflavin solution see Medium No. 462	UNMAPPED	reviewed_unmapped	../records.tsv (byte-identical source)
data/ingredients/unmapped/Rye_Grass.yaml	d596d7281521a34f3354767e88d6aae6c1740ef16832b1124133111ddca9e551	UNMAPPED_0511	Rye grass	UNMAPPED	reviewed_unmapped	../records.tsv (byte-identical source)
data/ingredients/unmapped/S6_Medium.yaml	b695c49aee4fb2ded3824eda4850b35a0e21fbc1fe4db5eaa8e89e95de954c8e	UNMAPPED_0512	S6 medium	UNMAPPED	reviewed_unmapped	../records.tsv (byte-identical source)
data/ingredients/unmapped/SABOURAUD-_Glucose-Bouillon.yaml	16a488870e9482b4214215bcf0482817f0f1311c9bbe58597fec4018b82901aa	UNMAPPED_0513	SABOURAUD- Glucose-Bouillon	UNMAPPED	reviewed_unmapped	../records.tsv (byte-identical source)
data/ingredients/unmapped/SDM_noCarbon.yaml	589b11bce489f007ed28cd9d80987e706370890c343633e94905b49e503e80b2	UNMAPPED_0286	SDM_noCarbon	UNMAPPED	reviewed_unmapped	../records.tsv (byte-identical source)
data/ingredients/unmapped/Se-acid.yaml	1a10bb7df9210af5e7a7190270b96539a8a42b4a7f989a72d5c7fa2cc9faa0a6	UNMAPPED_0517	Se-acid	UNMAPPED	reviewed_unmapped	../records.tsv (byte-identical source)
data/ingredients/unmapped/See_Source_For_Composition.yaml	2de2827adfa36024bf6409bb55e7da3692b9ad12e77ab071bc7e5f93ff88b7cb	UNMAPPED_0002	See source for composition	UNMAPPED	reviewed_unmapped	../records.tsv (byte-identical source)
data/ingredients/unmapped/Selenite-tungstate_Solution_See_Medium_No_431.yaml	ad02ea5d31f05ad4f5a71af9718cab059c17a983d01fb0aa101d6b61b8a94549	UNMAPPED_0519	Selenite-tungstate solution see Medium No. 431	UNMAPPED	reviewed_unmapped	../records.tsv (byte-identical source)
data/ingredients/unmapped/Sigmacell_Alpha_Type_50.yaml	628c06aea5f0041e8c57febeaaf8a80fc90a08940bc6dbb2b822032f721696e5	UNMAPPED_0520	Sigmacell alpha Type 50	UNMAPPED	reviewed_unmapped	../records.tsv (byte-identical source)
data/ingredients/unmapped/Sodium_Phosphate_Monobasic_Phosphorus_Source.yaml	6d395988c0343e92746a7a638c79a6fab0497445390f61651bf7432a5a452170	UNMAPPED_0615	Sodium phosphate monobasic (phosphorus source)	UNMAPPED	reviewed_unmapped	../records.tsv (byte-identical source)
data/ingredients/unmapped/Soil_Defined_Carbon_Mix.yaml	d39268e0828d6318e580275bedfd0276b5455ecf02e9c2a45066290fe93eab5f	UNMAPPED_0303	Soil Defined Carbon Mix	UNMAPPED	reviewed_unmapped	../records.tsv (byte-identical source)
data/ingredients/unmapped/Soilseawater_Medium.yaml	7b81b148fcc192fbad936183ff873e13bc33c7239c985fd73e012905879acfeb	UNMAPPED_0055	Soil+Seawater Medium	UNMAPPED	reviewed_unmapped	../records.tsv (byte-identical source)
data/ingredients/unmapped/Soilwater_Gr-_Medium.yaml	d83f3563a31e246852e71a8abf32cb7db18dc34ee0af485feea2153dac84d445	UNMAPPED_0078	Soilwater: GR- Medium	UNMAPPED	reviewed_unmapped	../records.tsv (byte-identical source)
data/ingredients/unmapped/Soilwater_Gr_Medium.yaml	51325c460d3543c2b6361aa312326cc92cb998446683195b0b65f5699dd817e5	UNMAPPED_0012	Soilwater: GR+ Medium	UNMAPPED	reviewed_unmapped	../records.tsv (byte-identical source)
data/ingredients/unmapped/Soilwater_Peat_Medium.yaml	8ea2c833145947d396e722cf3fc04a22e1a4db54f2db931387c9a64a14897c26	UNMAPPED_0103	Soilwater: Peat Medium	UNMAPPED	reviewed_unmapped	../records.tsv (byte-identical source)
data/ingredients/unmapped/Sphagnum_Extract.yaml	eb8e215427fe75c45517ab75a3a1d69d7bdb55b75b72034b43232a9ce692803b	UNMAPPED_0098	Sphagnum extract	UNMAPPED	reviewed_unmapped	../records.tsv (byte-identical source)
data/ingredients/unmapped/Spring_Sampling_GW821_Filtered_With_02uM_Filter.yaml	338a97f1931d31668036a82215e1a18dd1e535cb8c68b86ce48bb2fb502cbd83	UNMAPPED_0275	Spring sampling GW821 filtered with 0.2uM filter	UNMAPPED	reviewed_unmapped	../records.tsv (byte-identical source)
data/ingredients/unmapped/Standard_I_Broth.yaml	8a7bcc3877867d52bee41ea2f5bf731f52df07229706cd9fd0295e3ae8b190e9	UNMAPPED_0532	Standard I Broth	UNMAPPED	reviewed_unmapped	../records.tsv (byte-identical source)
data/ingredients/unmapped/Sterile_Serum.yaml	29287e70537f3ceaa457f2e6eb178e12ca9fbb7bbe135e0d1b10047bd5f8183a	UNMAPPED_0534	Sterile serum	UNMAPPED	reviewed_unmapped	../records.tsv (byte-identical source)
data/ingredients/unmapped/Sugarcane_Straw_Lignocellulose_Substrate.yaml	88eea1b119dc704758bcf15b05ddd07a38b884506702cdc11627ebabdd0b9683	UNMAPPED_0616	Sugarcane straw (lignocellulose substrate)	UNMAPPED	reviewed_unmapped	../records.tsv (byte-identical source)
data/ingredients/unmapped/Sunfiber.yaml	a52d205c41d51e677ff754a38f55cdb4d88791da9a5d8d8e8f6dda3afce2052b	UNMAPPED_0217	Sunfiber	UNMAPPED	reviewed_unmapped	../records.tsv (byte-identical source)
data/ingredients/unmapped/Swine_Serum.yaml	856b3f7388b406ffb2b0095a9faa5fb9942b78b41bdb0c5124ba3171a90df981	UNMAPPED_0536	Swine serum	UNMAPPED	reviewed_unmapped	../records.tsv (byte-identical source)
data/ingredients/unmapped/TNM-FH_Medium.yaml	191a29935cb55058b40cb41e40c689abbf5b4da4bc7e8b18d6fc5595ba9bd045	UNMAPPED_0543	TNM-FH Medium	UNMAPPED	reviewed_unmapped	../records.tsv (byte-identical source)
data/ingredients/unmapped/Tetrazolium.yaml	5c729a4d77818fd0bb3aeab81f690669660c083777b86bd413e91853320a9f6b	UNMAPPED_0734	Tetrazolium	REJECTED	excluded_rejected	../records.tsv (byte-identical source)
data/ingredients/unmapped/Thiamine_Solution_See_Medium_No_403.yaml	74bb43ed1eab206af3fec38251b617b7afff4d07877b5d2cc9110a0fc94a30d0	UNMAPPED_0538	Thiamine solution see Medium No. 403	UNMAPPED	reviewed_unmapped	../records.tsv (byte-identical source)
data/ingredients/unmapped/Titanium_Iii_Citrate.yaml	ee7f157da3ba132085fee31155545d9035f5cc10c0176d3675ddfcbeeb16f11a	UNMAPPED_0618	Titanium(III) citrate	UNMAPPED	reviewed_unmapped	../records.tsv (byte-identical source)
data/ingredients/unmapped/Titriplex1.yaml	b67f6ed4af316a23df4f0b3a9353c23692899ecefb33b2dc6d7e29555664b7a4	UNMAPPED_0542	Titriplex1	UNMAPPED	reviewed_unmapped	../records.tsv (byte-identical source)
data/ingredients/unmapped/Todd_Hewitt_Broth.yaml	f42e8f764c1fb7ee13e3812f0308d21995dac4faf2271e8c8c3238cf3cf4977d	UNMAPPED_0544	Todd Hewitt Broth	UNMAPPED	reviewed_unmapped	../records.tsv (byte-identical source)
data/ingredients/unmapped/Tomato_Extract.yaml	0c800360b7fbba58fe154f7ec778344daf6709d868508b09c30e752271acd554	UNMAPPED_0545	Tomato extract	UNMAPPED	reviewed_unmapped	../records.tsv (byte-identical source)
data/ingredients/unmapped/Trace_Minerals_See_Medium_No_151.yaml	a46036fd9903d5178d4898e4ba6b3d120496ed570613fbd81a78b100eb619b18	UNMAPPED_0553	Trace minerals see Medium No. 151	UNMAPPED	reviewed_unmapped	../records.tsv (byte-identical source)
data/ingredients/unmapped/Trace_Minerals_See_Medium_No_197.yaml	a9e737479a38a8691ae742f88cedc7a591762a2c972bbc60271f87440c23ad0e	UNMAPPED_0554	Trace minerals see Medium No. 197	UNMAPPED	reviewed_unmapped	../records.tsv (byte-identical source)
data/ingredients/unmapped/Trace_Vitamins_Solution_See_Medium_No_284.yaml	f14f409a04b1e113f11473f3d7846cd8bc0a85ac19bb4d8fba5a20eaea31f08a	UNMAPPED_0555	Trace vitamins solution see Medium No. 284	UNMAPPED	reviewed_unmapped	../records.tsv (byte-identical source)
data/ingredients/unmapped/Trypticase_Soy_Agar.yaml	4a3700dd02e697b78714e2aea0158e82c5394cc6cbd88bb85c5e3ae001463ada	UNMAPPED_0557	Trypticase soy agar	UNMAPPED	reviewed_unmapped	../records.tsv (byte-identical source)
data/ingredients/unmapped/Trypticase_Soy_Broth.yaml	217e88e15c71823e46aa27998777a68fa5345302fe595c638227511a2d5adc88	UNMAPPED_0252	Trypticase soy broth	UNMAPPED	reviewed_unmapped	../records.tsv (byte-identical source)
data/ingredients/unmapped/Tryptone_Soya_Broth_Oxoid.yaml	7f6eb19e8aeecb6eb0bde218d78655aed8f49f3cf756826432cbef3f95548223	UNMAPPED_0138	Tryptone soya broth (Oxoid)	UNMAPPED	reviewed_unmapped	../records.tsv (byte-identical source)
data/ingredients/unmapped/Tryptose-phosphate.yaml	4000d85632dbdc194218aed1d01fba63e4b628334d503e4b2848538cd69cc620	UNMAPPED_0560	Tryptose-phosphate	UNMAPPED	reviewed_unmapped	../records.tsv (byte-identical source)
data/ingredients/unmapped/Tryptose-phosphate_Broth.yaml	3724e8c747a719db86936ce0b66478df58051c61a462275c2c47d741eef9ab26	UNMAPPED_0561	Tryptose-phosphate broth	UNMAPPED	reviewed_unmapped	../records.tsv (byte-identical source)
data/ingredients/unmapped/V8_Canned_Vegetable_Juice.yaml	b9915ee2d271c8ebd609aa3f08a2e6db4c92b0b2db2b91531d096122f73eee02	UNMAPPED_0564	V8 canned vegetable juice	UNMAPPED	reviewed_unmapped	../records.tsv (byte-identical source)
data/ingredients/unmapped/Veal_Infusion_Broth.yaml	bffea3c81ac3205bae12a13f73650ba13b531fdb1b5449185ab7b239e8e98980	UNMAPPED_0566	Veal infusion broth	UNMAPPED	reviewed_unmapped	../records.tsv (byte-identical source)
data/ingredients/unmapped/Vitafiber.yaml	dc5df0b91fd1e27ef88689910f6ebe37b6bc4041ac89eafc36643203c9c4bbeb	UNMAPPED_0204	Vitafiber	UNMAPPED	reviewed_unmapped	../records.tsv (byte-identical source)
data/ingredients/unmapped/Vitagos_5650.yaml	05e9b8b51b57669e66abd035fc6d6cc5217cec4812f2fb8718ea1a7e82c54434	UNMAPPED_0214	Vitagos 5650	UNMAPPED	reviewed_unmapped	../records.tsv (byte-identical source)
data/ingredients/unmapped/Vitamin_B.yaml	6b788857507a34b5f6d8c008df384e6f7b0f7a835ab678f08076c218c5eb4598	UNMAPPED_0005	Vitamin B	UNMAPPED	reviewed_unmapped	../records.tsv (byte-identical source)
data/ingredients/unmapped/Vitamin_B12_Solution_See_Medium_No_403.yaml	1a9bcd5868a4a1e1385b3574ee5682c571e8f5dcd78fb86ae8d213d11951a471	UNMAPPED_0567	Vitamin B12 solution see Medium No. 403	UNMAPPED	reviewed_unmapped	../records.tsv (byte-identical source)
data/ingredients/unmapped/Volvox_Medium.yaml	da945b3fc2966ffe7aaf6a0ab038b5f847be38e750355b72d59a6ff763826b42	UNMAPPED_0072	Volvox Medium	UNMAPPED	reviewed_unmapped	../records.tsv (byte-identical source)
data/ingredients/unmapped/Wako_Isomaltooligosaccharides.yaml	b22cfaa5abee26bea34abd644b275e112aa3067e3de37d0190477c6c1462131a	UNMAPPED_0222	Wako Isomaltooligosaccharides	UNMAPPED	reviewed_unmapped	../records.tsv (byte-identical source)
data/ingredients/unmapped/Waris_Medium.yaml	2b81d7853f99a16e1da3dcb1ef7544692a824487cf43f73d6f9c894f62842a41	UNMAPPED_0063	Waris Medium	UNMAPPED	reviewed_unmapped	../records.tsv (byte-identical source)
data/ingredients/unmapped/Water_Distilled_Or_Tapwater.yaml	dd6498fa32ba1077cc1ffc72e27d67876a7caf0714836eaa2697bb7f3371be14	UNMAPPED_0575	water distilled or tapwater	UNMAPPED	reviewed_unmapped	../records.tsv (byte-identical source)
data/ingredients/unmapped/Wheat_Grains.yaml	edac587e81337cfddd767d74f6c05fe72ca2d1978541cc9ebc05ffe955ba1ca4	UNMAPPED_0576	Wheat Grains	UNMAPPED	reviewed_unmapped	../records.tsv (byte-identical source)
data/ingredients/unmapped/Whole_Egg.yaml	09f22c8ad0daf8048889340d514cfa715399df2a308a972fe435a26bdf264932	UNMAPPED_0577	Whole egg	UNMAPPED	reviewed_unmapped	../records.tsv (byte-identical source)
data/ingredients/unmapped/Wilkins-Chalgren-Anaerobe-Broth.yaml	22d4e4be05de3a308f5aacebd8e6fb4b871577ae7612de08cd3a44f46f6cf0dd	UNMAPPED_0579	Wilkins-Chalgren-Anaerobe-Broth	UNMAPPED	reviewed_unmapped	../records.tsv (byte-identical source)
data/ingredients/unmapped/Wilkins_Chalgrene_Anaerobe_Broth.yaml	62caf082e8739b58a0bafa548b0f5a8a6eff664a25b10b22839a9b5cb46d6d79	UNMAPPED_0578	Wilkins Chalgrene Anaerobe Broth	UNMAPPED	reviewed_unmapped	../records.tsv (byte-identical source)
data/ingredients/unmapped/X.yaml	5c40ac59896d7163c8bd1784b3fd537b4c87c128942fffc28c584327657776e8	UNMAPPED_0818	X	UNMAPPED	reviewed_unmapped	../records.tsv (byte-identical source)
data/ingredients/unmapped/Xyloglucan_Heptaoctanona_Saccharides.yaml	295bf2d993db3c5a5090a1619dbf750bf652ff11d41a43ee388740aaeb9ac834	UNMAPPED_0174	Xyloglucan (hepta+octa+nona saccharides)	UNMAPPED	needs_curation	../records.tsv (byte-identical source)
data/ingredients/unmapped/YM_Broth.yaml	b5935fbc9aae5a68f1f57d67e8ec9340d07011ed02123fca13a21ef05d828fc9	UNMAPPED_0583	YM broth	UNMAPPED	reviewed_unmapped	../records.tsv (byte-identical source)
data/ingredients/unmapped/Yacontrol_Yacon_Root_Syrup.yaml	1fa827f29a4717b2da9ba47fbaf9381e9062e832fbff243f037ef4c991484bee	UNMAPPED_0208	Yacontrol (Yacon root syrup)	UNMAPPED	reviewed_unmapped	../records.tsv (byte-identical source)
data/ingredients/unmapped/Yeast_Cell_Paste.yaml	48f80a904c853250f65d7a8c6b04e53a8ac5541499197984d5c644e9b76f3c70	UNMAPPED_0581	Yeast cell paste	UNMAPPED	reviewed_unmapped	../records.tsv (byte-identical source)
data/ingredients/unmapped/ZMB.yaml	23f72ed173b568dbfb969ca11e841a1195abc39f05e165c6a1266b479b5879cd	UNMAPPED_0290	ZMB	UNMAPPED	reviewed_unmapped	../records.tsv (byte-identical source)
data/ingredients/unmapped/ZMB_ALS.yaml	43cfafcde49b6e5b65dcb7809fc086ade6bd9573cef4ab97cd4abd4792b0f6d3	UNMAPPED_0272	ZMB_ALS	UNMAPPED	reviewed_unmapped	../records.tsv (byte-identical source)
data/ingredients/unmapped/Zinc-NTA.yaml	5a99dab7682d0e984f772192e634dc84633f5b083bfefbebe9c3aa6994d7220b	UNMAPPED_0150	Zinc-NTA	UNMAPPED	reviewed_unmapped	../records.tsv (byte-identical source)
data/ingredients/unmapped/Α-D-Glucose_Monohydrate.yaml	a1dd8d6bb0cf00af9ebd94480ff558485b259adcb89d15987ec4b0ee013ba36d	UNMAPPED_0587	α-D-Glucose monohydrate	UNMAPPED	reviewed_unmapped	../records.tsv (byte-identical source)
