placeholder_curie	category	label	source_columns	occurrences
kgmicrobe.pathway:chemoheterotrophy	biolink:BiologicalProcess	chemoheterotrophy	faprotax:type_of_metabolism	10493
kgmicrobe.trait:0	biolink:PhenotypicQuality	0	BacDive_Motility|BacDive_Salt_concentration|BacDive_Spore_formation|BacDive_Temperature_for_growth	10227
kgmicrobe.trait:rod_shaped	biolink:PhenotypicQuality	rod-shaped	BacDive_Cell_shape	7988
kgmicrobe.pathway:aerobic_chemoheterotrophy	biolink:BiologicalProcess	aerobic_chemoheterotrophy	faprotax:type_of_metabolism	7875
kgmicrobe.trait:environmental	biolink:PhenotypicQuality	#Environmental	BacDive_Isolation_category_1	7698
kgmicrobe.trait:1	biolink:PhenotypicQuality	1	BacDive_Cell_length|BacDive_Cell_width|BacDive_Colony_size|BacDive_Metabolite_utilization|BacDive_Motility|BacDive_Pathogenicity_animal|BacDive_Pathogenicity_human|BacDive_Pathogenicity_plant|BacDive_Salt_concentration|BacDive_Spore_formation	7489
kgmicrobe.trait:unlabeled	biolink:PhenotypicQuality	%	BacDive_Indole_test|BacDive_Salt_concentration_unit|BacDive_Voges_proskauer	7379
kgmicrobe.trait:catalase	biolink:PhenotypicQuality	catalase	BacDive_Enzyme_activity	6827
kgmicrobe.trait:negative	biolink:PhenotypicQuality	negative	BacDive_Gram_stain	6114
kgmicrobe.trait:aerobe	biolink:PhenotypicQuality	aerobe	BacDive_Oxygen_tolerance	6092
kgmicrobe.trait:indole	biolink:PhenotypicQuality	indole	BacDive_Metabolite_production|BacDive_Metabolite_utilization	6005
kgmicrobe.trait:alkaline_phosphatase	biolink:PhenotypicQuality	alkaline phosphatase	BacDive_Enzyme_activity	5649
kgmicrobe.pathway:other	biolink:BiologicalProcess	Other	bergey:type_of_metabolism	5647
kgmicrobe.trait:acid_phosphatase	biolink:PhenotypicQuality	acid phosphatase	BacDive_Enzyme_activity	5448
kgmicrobe.pathway:phototrophy	biolink:BiologicalProcess	phototrophy	faprotax:type_of_metabolism	5391
kgmicrobe.pathway:photoautotrophy	biolink:BiologicalProcess	photoautotrophy	faprotax:type_of_metabolism	5327
kgmicrobe.pathway:oxygenic_photoautotrophy	biolink:BiologicalProcess	oxygenic_photoautotrophy	faprotax:type_of_metabolism	5221
kgmicrobe.pathway:photosynthetic_cyanobacteria	biolink:BiologicalProcess	photosynthetic_cyanobacteria	faprotax:type_of_metabolism	5221
kgmicrobe.trait:30	biolink:PhenotypicQuality	30	BacDive_Cell_length|BacDive_Temperature_for_growth	5168
kgmicrobe.trait:28	biolink:PhenotypicQuality	28	BacDive_Temperature_for_growth	5139
kgmicrobe.trait:host	biolink:PhenotypicQuality	#Host	BacDive_Isolation_category_1	4897
kgmicrobe.pathway:fermentation	biolink:BiologicalProcess	Fermentation	bergey:type_of_metabolism|faprotax:type_of_metabolism|literature:type_of_metabolism|vpi:type_of_metabolism	4819
kgmicrobe.trait:terrestrial	biolink:PhenotypicQuality	#Terrestrial	BacDive_Isolation_category_2	4376
kgmicrobe.trait:esterase_c_4	biolink:PhenotypicQuality	esterase (C 4)	BacDive_Enzyme_activity	4150
kgmicrobe.trait:leucine_arylamidase	biolink:PhenotypicQuality	leucine arylamidase	BacDive_Enzyme_activity	4036
kgmicrobe.trait:esterase_lipase_c_8	biolink:PhenotypicQuality	esterase lipase (C 8)	BacDive_Enzyme_activity	3904
kgmicrobe.trait:aquatic	biolink:PhenotypicQuality	#Aquatic	BacDive_Isolation_category_2	3870
kgmicrobe.trait:positive	biolink:PhenotypicQuality	positive	BacDive_Gram_stain	3870
kgmicrobe.trait:cytochrome_oxidase	biolink:PhenotypicQuality	cytochrome oxidase	BacDive_Enzyme_activity	3835
kgmicrobe.trait:37	biolink:PhenotypicQuality	37	BacDive_Cell_length|BacDive_Salt_concentration|BacDive_Temperature_for_growth	3617
kgmicrobe.trait:esculin	biolink:PhenotypicQuality	esculin	BacDive_Metabolite_production|BacDive_Metabolite_utilization	3569
kgmicrobe.trait:alpha_glucosidase	biolink:PhenotypicQuality	alpha-glucosidase	BacDive_Enzyme_activity	3495
kgmicrobe.trait:d_glucose	biolink:PhenotypicQuality	D-glucose	BacDive_Metabolite_production|BacDive_Metabolite_utilization	3377
kgmicrobe.trait:glucose	biolink:PhenotypicQuality	glucose	BacDive_Metabolite_utilization	3329
kgmicrobe.trait:beta_galactosidase	biolink:PhenotypicQuality	beta-galactosidase	BacDive_Enzyme_activity	3280
kgmicrobe.trait:beta_glucosidase	biolink:PhenotypicQuality	beta-glucosidase	BacDive_Enzyme_activity	3028
kgmicrobe.trait:soil	biolink:PhenotypicQuality	#Soil	BacDive_Isolation_category_3	3007
kgmicrobe.trait:engineered	biolink:PhenotypicQuality	#Engineered	BacDive_Isolation_category_1	2711
kgmicrobe.trait:naphthol_as_bi_phosphohydrolase	biolink:PhenotypicQuality	naphthol-AS-BI-phosphohydrolase	BacDive_Enzyme_activity	2677
kgmicrobe.trait:cellobiose	biolink:PhenotypicQuality	cellobiose	BacDive_Metabolite_utilization	2622
kgmicrobe.trait:maltose	biolink:PhenotypicQuality	maltose	BacDive_Metabolite_production|BacDive_Metabolite_utilization	2536
kgmicrobe.trait:host_body_site	biolink:PhenotypicQuality	#Host Body-Site	BacDive_Isolation_category_1	2457
kgmicrobe.trait:hydrogen_sulfide	biolink:PhenotypicQuality	hydrogen sulfide	BacDive_Metabolite_production|BacDive_Metabolite_utilization	2365
kgmicrobe.trait:nitrate	biolink:PhenotypicQuality	nitrate	BacDive_Metabolite_production|BacDive_Metabolite_utilization	2321
kgmicrobe.trait:anaerobe	biolink:PhenotypicQuality	anaerobe	BacDive_Oxygen_tolerance	2318
kgmicrobe.trait:d_mannose	biolink:PhenotypicQuality	D-mannose	BacDive_Metabolite_production|BacDive_Metabolite_utilization	2257
kgmicrobe.trait:w_v	biolink:PhenotypicQuality	%(w/v)	BacDive_Metabolite_utilization|BacDive_Salt_concentration_unit	2181
kgmicrobe.trait:d_fructose	biolink:PhenotypicQuality	D-fructose	BacDive_Metabolite_utilization	2179
kgmicrobe.trait:fructose	biolink:PhenotypicQuality	fructose	BacDive_Metabolite_utilization	2169
kgmicrobe.trait:arabinose	biolink:PhenotypicQuality	arabinose	BacDive_Metabolite_utilization	1998
kgmicrobe.trait:acetoin	biolink:PhenotypicQuality	acetoin	BacDive_Metabolite_production|BacDive_Metabolite_utilization	1908
kgmicrobe.trait:obligate_aerobe	biolink:PhenotypicQuality	obligate aerobe	BacDive_Oxygen_tolerance	1876
kgmicrobe.trait:gelatinase	biolink:PhenotypicQuality	gelatinase	BacDive_Enzyme_activity	1821
kgmicrobe.trait:facultative_anaerobe	biolink:PhenotypicQuality	facultative anaerobe	BacDive_Oxygen_tolerance	1808
kgmicrobe.trait:plants	biolink:PhenotypicQuality	#Plants	BacDive_Isolation_category_2	1785
kgmicrobe.trait:alpha_galactosidase	biolink:PhenotypicQuality	alpha-galactosidase	BacDive_Enzyme_activity	1724
kgmicrobe.trait:gelatin	biolink:PhenotypicQuality	gelatin	BacDive_Metabolite_production|BacDive_Metabolite_utilization	1699
kgmicrobe.trait:condition	biolink:PhenotypicQuality	#Condition	BacDive_Isolation_category_1	1668
kgmicrobe.trait:d_mannitol	biolink:PhenotypicQuality	D-mannitol	BacDive_Metabolite_production|BacDive_Metabolite_utilization	1659
kgmicrobe.trait:citrate	biolink:PhenotypicQuality	citrate	BacDive_Metabolite_production|BacDive_Metabolite_utilization	1654
kgmicrobe.trait:marine	biolink:PhenotypicQuality	#Marine	BacDive_Isolation_category_3	1554
kgmicrobe.trait:25	biolink:PhenotypicQuality	25	BacDive_Cell_length|BacDive_Salt_concentration|BacDive_Temperature_for_growth	1547
kgmicrobe.trait:d_galactose	biolink:PhenotypicQuality	D-galactose	BacDive_Metabolite_utilization	1489
kgmicrobe.trait:10	biolink:PhenotypicQuality	10	BacDive_Cell_length|BacDive_Colony_size|BacDive_Salt_concentration|BacDive_Temperature_for_growth|BacDive_pH_for_growth	1465
kgmicrobe.pathway:nitrate_reduction	biolink:BiologicalProcess	nitrate_reduction	faprotax:type_of_metabolism	1450
kgmicrobe.trait:cystine_arylamidase	biolink:PhenotypicQuality	cystine arylamidase	BacDive_Enzyme_activity	1420
kgmicrobe.trait:urease	biolink:PhenotypicQuality	urease	BacDive_Enzyme_activity	1356
kgmicrobe.trait:galactose	biolink:PhenotypicQuality	galactose	BacDive_Metabolite_utilization	1352
kgmicrobe.trait:acetate	biolink:PhenotypicQuality	acetate	BacDive_Metabolite_production|BacDive_Metabolite_utilization	1342
kgmicrobe.trait:2	biolink:PhenotypicQuality	2	BacDive_Cell_length|BacDive_Cell_width|BacDive_Colony_size|BacDive_Metabolite_production|BacDive_Metabolite_utilization|BacDive_Salt_concentration|BacDive_Temperature_for_growth	1299
kgmicrobe.trait:sediment	biolink:PhenotypicQuality	#Sediment	BacDive_Isolation_category_3	1275
kgmicrobe.trait:sucrose	biolink:PhenotypicQuality	sucrose	BacDive_Metabolite_utilization	1265
kgmicrobe.trait:8	biolink:PhenotypicQuality	8	BacDive_Cell_length|BacDive_Colony_size|BacDive_Salt_concentration|BacDive_Temperature_for_growth|BacDive_pH_for_growth	1230
kgmicrobe.trait:6	biolink:PhenotypicQuality	6	BacDive_Cell_length|BacDive_Salt_concentration|BacDive_Temperature_for_growth|BacDive_pH_for_growth	1219
kgmicrobe.trait:0129_2	biolink:PhenotypicQuality	0129 (2	BacDive_Antibiotic_resistance|BacDive_Antibiotic_sensitivity	1212
kgmicrobe.trait:4_diamino_6	biolink:PhenotypicQuality	4-Diamino-6	BacDive_Antibiotic_resistance|BacDive_Antibiotic_sensitivity	1212
kgmicrobe.trait:7_di_iso_propylpteridine_phosphate	biolink:PhenotypicQuality	7-di-iso-propylpteridine phosphate)	BacDive_Antibiotic_resistance|BacDive_Antibiotic_sensitivity	1212
kgmicrobe.trait:lactose	biolink:PhenotypicQuality	lactose	BacDive_Metabolite_utilization	1209
kgmicrobe.trait:alpha_chymotrypsin	biolink:PhenotypicQuality	alpha-chymotrypsin	BacDive_Enzyme_activity	1196
kgmicrobe.trait:host_body_product	biolink:PhenotypicQuality	#Host Body Product	BacDive_Isolation_category_1	1182
kgmicrobe.trait:mannose	biolink:PhenotypicQuality	mannose	BacDive_Metabolite_utilization	1180
kgmicrobe.trait:mannitol	biolink:PhenotypicQuality	mannitol	BacDive_Metabolite_utilization	1116
kgmicrobe.trait:plant	biolink:PhenotypicQuality	#Plant	BacDive_Isolation_category_2	1102
kgmicrobe.trait:10_14_days	biolink:PhenotypicQuality	10-14 days	BacDive_Incubation_period	1081
kgmicrobe.trait:malate	biolink:PhenotypicQuality	malate	BacDive_Metabolite_utilization	1076
kgmicrobe.trait:d_ribose	biolink:PhenotypicQuality	D-ribose	BacDive_Metabolite_utilization	1069
kgmicrobe.trait:0_5	biolink:PhenotypicQuality	0-5	BacDive_Cell_length|BacDive_Cell_width|BacDive_Colony_size|BacDive_Salt_concentration	1053
kgmicrobe.trait:glycerol	biolink:PhenotypicQuality	glycerol	BacDive_Metabolite_utilization	1052
kgmicrobe.trait:crops	biolink:PhenotypicQuality	Crops)	BacDive_Isolation_category_3	1021
kgmicrobe.trait:herbaceous_plants_grass	biolink:PhenotypicQuality	#Herbaceous plants (Grass	BacDive_Isolation_category_3	1021
kgmicrobe.trait:coccus_shaped	biolink:PhenotypicQuality	coccus-shaped	BacDive_Cell_shape	999
kgmicrobe.trait:microaerophile	biolink:PhenotypicQuality	microaerophile	BacDive_Oxygen_tolerance	982
kgmicrobe.trait:arginine	biolink:PhenotypicQuality	arginine	BacDive_Metabolite_utilization	947
kgmicrobe.trait:2_days	biolink:PhenotypicQuality	2 days	BacDive_Incubation_period	944
kgmicrobe.trait:gluconate	biolink:PhenotypicQuality	gluconate	BacDive_Metabolite_utilization	936
kgmicrobe.trait:arginine_dihydrolase	biolink:PhenotypicQuality	arginine dihydrolase	BacDive_Enzyme_activity	934
kgmicrobe.trait:4	biolink:PhenotypicQuality	4	BacDive_Cell_length|BacDive_Colony_size|BacDive_Metabolite_utilization|BacDive_Salt_concentration|BacDive_Temperature_for_growth|BacDive_pH_for_growth	926
kgmicrobe.trait:gastrointestinal_tract	biolink:PhenotypicQuality	#Gastrointestinal tract	BacDive_Isolation_category_2	917
kgmicrobe.trait:l_arabinose	biolink:PhenotypicQuality	L-arabinose	BacDive_Metabolite_utilization	911
kgmicrobe.trait:mammals	biolink:PhenotypicQuality	#Mammals	BacDive_Isolation_category_2	887
kgmicrobe.trait:human	biolink:PhenotypicQuality	#Human	BacDive_Isolation_category_2	879
kgmicrobe.trait:n_acetyl_beta_glucosaminidase	biolink:PhenotypicQuality	N-acetyl-beta-glucosaminidase	BacDive_Enzyme_activity	867
kgmicrobe.trait:n_acetylglucosamine	biolink:PhenotypicQuality	N-acetylglucosamine	BacDive_Metabolite_utilization	856
kgmicrobe.trait:d_xylose	biolink:PhenotypicQuality	D-xylose	BacDive_Metabolite_utilization	828
kgmicrobe.trait:oxidase	biolink:PhenotypicQuality	oxidase	BacDive_Enzyme_activity	805
kgmicrobe.pathway:animal_parasites_or_symbionts	biolink:BiologicalProcess	animal_parasites_or_symbionts	faprotax:type_of_metabolism	802
kgmicrobe.trait:arbutin	biolink:PhenotypicQuality	arbutin	BacDive_Metabolite_utilization	792
kgmicrobe.trait:infection	biolink:PhenotypicQuality	#Infection	BacDive_Isolation_category_1	768
kgmicrobe.trait:valine_arylamidase	biolink:PhenotypicQuality	valine arylamidase	BacDive_Enzyme_activity	765
kgmicrobe.trait:chloramphenicol	biolink:PhenotypicQuality	chloramphenicol	BacDive_Antibiotic_resistance|BacDive_Antibiotic_sensitivity|BacDive_Metabolite_production	757
kgmicrobe.trait:ampicillin	biolink:PhenotypicQuality	ampicillin	BacDive_Antibiotic_resistance|BacDive_Antibiotic_sensitivity|BacDive_Metabolite_utilization	734
kgmicrobe.trait:alpha_mannosidase	biolink:PhenotypicQuality	alpha-mannosidase	BacDive_Enzyme_activity	733
kgmicrobe.trait:amygdalin	biolink:PhenotypicQuality	amygdalin	BacDive_Metabolite_utilization	720
kgmicrobe.trait:0_4	biolink:PhenotypicQuality	0.4	BacDive_Cell_length|BacDive_Cell_width|BacDive_Colony_size|BacDive_Salt_concentration	687
kgmicrobe.trait:3_days	biolink:PhenotypicQuality	3 days	BacDive_Incubation_period	671
kgmicrobe.trait:glycogen	biolink:PhenotypicQuality	glycogen	BacDive_Metabolite_utilization	662
kgmicrobe.trait:kanamycin	biolink:PhenotypicQuality	kanamycin	BacDive_Antibiotic_resistance|BacDive_Antibiotic_sensitivity|BacDive_Metabolite_production	662
kgmicrobe.trait:raffinose	biolink:PhenotypicQuality	raffinose	BacDive_Metabolite_utilization	643
kgmicrobe.trait:gentamicin	biolink:PhenotypicQuality	gentamicin	BacDive_Antibiotic_resistance|BacDive_Antibiotic_sensitivity|BacDive_Metabolite_production	638
kgmicrobe.trait:saline	biolink:PhenotypicQuality	#Saline	BacDive_Isolation_category_2	638
kgmicrobe.trait:0_2	biolink:PhenotypicQuality	0-2	BacDive_Cell_length|BacDive_Cell_width|BacDive_Colony_size|BacDive_Salt_concentration	633
kgmicrobe.trait:alanine	biolink:PhenotypicQuality	alanine	BacDive_Metabolite_production|BacDive_Metabolite_utilization	620
kgmicrobe.pathway:ureolysis	biolink:BiologicalProcess	ureolysis	faprotax:type_of_metabolism	600
kgmicrobe.trait:waste	biolink:PhenotypicQuality	#Waste	BacDive_Isolation_category_2	598
kgmicrobe.trait:urea	biolink:PhenotypicQuality	urea	BacDive_Metabolite_production|BacDive_Metabolite_utilization	592
kgmicrobe.trait:2_5	biolink:PhenotypicQuality	2-5	BacDive_Cell_length|BacDive_Cell_width|BacDive_Colony_size|BacDive_Salt_concentration	580
kgmicrobe.trait:melibiose	biolink:PhenotypicQuality	melibiose	BacDive_Metabolite_utilization	579
kgmicrobe.trait:amylase	biolink:PhenotypicQuality	amylase	BacDive_Enzyme_activity	577
kgmicrobe.trait:caseinase	biolink:PhenotypicQuality	caseinase	BacDive_Enzyme_activity	567
kgmicrobe.trait:hippurate	biolink:PhenotypicQuality	hippurate	BacDive_Metabolite_utilization	565
kgmicrobe.trait:rhamnose	biolink:PhenotypicQuality	rhamnose	BacDive_Metabolite_utilization	557
kgmicrobe.trait:lactate	biolink:PhenotypicQuality	lactate	BacDive_Metabolite_production|BacDive_Metabolite_utilization	555
kgmicrobe.trait:food_production	biolink:PhenotypicQuality	#Food production	BacDive_Isolation_category_2	549
kgmicrobe.trait:casein	biolink:PhenotypicQuality	casein	BacDive_Metabolite_production|BacDive_Metabolite_utilization	546
kgmicrobe.trait:gamma_glutamyltransferase	biolink:PhenotypicQuality	gamma-glutamyltransferase	BacDive_Enzyme_activity	542
kgmicrobe.trait:trypsin	biolink:PhenotypicQuality	trypsin	BacDive_Enzyme_activity	540
kgmicrobe.trait:erythromycin	biolink:PhenotypicQuality	erythromycin	BacDive_Antibiotic_resistance|BacDive_Antibiotic_sensitivity|BacDive_Metabolite_production	532
kgmicrobe.trait:3	biolink:PhenotypicQuality	3	BacDive_Cell_length|BacDive_Colony_size|BacDive_Salt_concentration|BacDive_Temperature_for_growth|BacDive_pH_for_growth	531
kgmicrobe.trait:beta_glucuronidase	biolink:PhenotypicQuality	beta-glucuronidase	BacDive_Enzyme_activity	531
kgmicrobe.trait:feces_stool	biolink:PhenotypicQuality	#Feces (Stool)	BacDive_Isolation_category_3	531
kgmicrobe.trait:streptomycin	biolink:PhenotypicQuality	streptomycin	BacDive_Antibiotic_resistance|BacDive_Antibiotic_sensitivity|BacDive_Metabolite_production	531
kgmicrobe.trait:agriculture	biolink:PhenotypicQuality	#Agriculture	BacDive_Isolation_category_2	520
kgmicrobe.trait:0_6	biolink:PhenotypicQuality	0.6	BacDive_Cell_length|BacDive_Cell_width|BacDive_Colony_size|BacDive_Salt_concentration	519
kgmicrobe.pathway:aromatic_compound_degradation	biolink:BiologicalProcess	aromatic_compound_degradation	faprotax:type_of_metabolism	516
kgmicrobe.trait:dextrin	biolink:PhenotypicQuality	dextrin	BacDive_Metabolite_utilization	513
kgmicrobe.trait:thermophilic_45_c	biolink:PhenotypicQuality	#Thermophilic (>45°C)	BacDive_Isolation_category_2	508
kgmicrobe.trait:other	biolink:PhenotypicQuality	#Other	BacDive_Cell_shape|BacDive_Isolation_category_2	506
kgmicrobe.trait:tetracycline	biolink:PhenotypicQuality	tetracycline	BacDive_Antibiotic_resistance|BacDive_Antibiotic_sensitivity	503
kgmicrobe.pathway:respiration_of_sulfur_compounds	biolink:BiologicalProcess	respiration_of_sulfur_compounds	faprotax:type_of_metabolism	502
kgmicrobe.trait:lake_large	biolink:PhenotypicQuality	#Lake (large)	BacDive_Isolation_category_3	498
kgmicrobe.trait:1_2_days	biolink:PhenotypicQuality	1-2 days	BacDive_Incubation_period	497
kgmicrobe.trait:patient	biolink:PhenotypicQuality	#Patient	BacDive_Isolation_category_2	482
kgmicrobe.trait:fluids	biolink:PhenotypicQuality	#Fluids	BacDive_Isolation_category_2	478
kgmicrobe.pathway:nitrogen_fixation	biolink:BiologicalProcess	nitrogen_fixation	faprotax:type_of_metabolism	477
kgmicrobe.trait:10_37	biolink:PhenotypicQuality	10-37	BacDive_Temperature_for_growth	476
kgmicrobe.trait:5	biolink:PhenotypicQuality	5	BacDive_Cell_length|BacDive_Colony_size|BacDive_Salt_concentration|BacDive_Temperature_for_growth|BacDive_pH_for_growth	474
kgmicrobe.trait:adipate	biolink:PhenotypicQuality	adipate	BacDive_Metabolite_utilization	466
kgmicrobe.trait:glutamate	biolink:PhenotypicQuality	glutamate	BacDive_Metabolite_production|BacDive_Metabolite_utilization	465
kgmicrobe.trait:15_37	biolink:PhenotypicQuality	15-37	BacDive_Temperature_for_growth	460
kgmicrobe.trait:oral_cavity_and_airways	biolink:PhenotypicQuality	#Oral cavity and airways	BacDive_Isolation_category_2	455
kgmicrobe.pathway:nitrogen_respiration	biolink:BiologicalProcess	nitrogen_respiration	faprotax:type_of_metabolism	453
kgmicrobe.trait:polar	biolink:PhenotypicQuality	polar	BacDive_Flagellum_arrangement|BacDive_Isolation_category_3	445
kgmicrobe.pathway:nitrate_respiration	biolink:BiologicalProcess	nitrate_respiration	faprotax:type_of_metabolism	441
kgmicrobe.trait:1_2	biolink:PhenotypicQuality	1-2	BacDive_Cell_length|BacDive_Cell_width|BacDive_Colony_size|BacDive_Salt_concentration	437
kgmicrobe.trait:industrial	biolink:PhenotypicQuality	#Industrial	BacDive_Isolation_category_2	433
kgmicrobe.trait:trehalose	biolink:PhenotypicQuality	trehalose	BacDive_Metabolite_utilization	432
kgmicrobe.trait:aspartate	biolink:PhenotypicQuality	aspartate	BacDive_Metabolite_utilization	431
kgmicrobe.trait:invertebrates_other	biolink:PhenotypicQuality	#Invertebrates (Other)	BacDive_Isolation_category_2	427
kgmicrobe.trait:cellulose	biolink:PhenotypicQuality	cellulose	BacDive_Metabolite_production|BacDive_Metabolite_utilization	425
kgmicrobe.pathway:human_associated	biolink:BiologicalProcess	human_associated	faprotax:type_of_metabolism	424
kgmicrobe.trait:myo_inositol	biolink:PhenotypicQuality	myo-inositol	BacDive_Metabolite_utilization	421
kgmicrobe.trait:0_3	biolink:PhenotypicQuality	0.3	BacDive_Cell_width|BacDive_Colony_size|BacDive_Salt_concentration	409
kgmicrobe.trait:20	biolink:PhenotypicQuality	20	BacDive_Cell_length|BacDive_Salt_concentration|BacDive_Temperature_for_growth	408
kgmicrobe.trait:alpha_fucosidase	biolink:PhenotypicQuality	alpha-fucosidase	BacDive_Enzyme_activity	408
kgmicrobe.trait:0_1	biolink:PhenotypicQuality	0-1	BacDive_Cell_width|BacDive_Colony_size|BacDive_Salt_concentration	407
kgmicrobe.pathway:hydrocarbon_degradation	biolink:BiologicalProcess	hydrocarbon_degradation	faprotax:type_of_metabolism	406
kgmicrobe.trait:xylose	biolink:PhenotypicQuality	xylose	BacDive_Metabolite_utilization	404
kgmicrobe.trait:dnase	biolink:PhenotypicQuality	DNase	BacDive_Enzyme_activity	398
kgmicrobe.trait:30_37	biolink:PhenotypicQuality	30-37	BacDive_Temperature_for_growth	396
kgmicrobe.trait:novobiocin	biolink:PhenotypicQuality	novobiocin	BacDive_Antibiotic_resistance|BacDive_Antibiotic_sensitivity	394
kgmicrobe.trait:alpha_d_glucose	biolink:PhenotypicQuality	alpha-D-glucose	BacDive_Metabolite_utilization	393
kgmicrobe.trait:decanoate	biolink:PhenotypicQuality	decanoate	BacDive_Metabolite_utilization	392
kgmicrobe.trait:3_hydroxybutyrate	biolink:PhenotypicQuality	3-hydroxybutyrate	BacDive_Metabolite_production|BacDive_Metabolite_utilization	391
kgmicrobe.trait:2_3_days	biolink:PhenotypicQuality	2-3 days	BacDive_Incubation_period	383
kgmicrobe.trait:pyruvate	biolink:PhenotypicQuality	pyruvate	BacDive_Metabolite_production|BacDive_Metabolite_utilization	381
kgmicrobe.trait:d_sorbitol	biolink:PhenotypicQuality	D-sorbitol	BacDive_Metabolite_utilization	380
kgmicrobe.trait:neomycin	biolink:PhenotypicQuality	neomycin	BacDive_Antibiotic_resistance|BacDive_Antibiotic_sensitivity|BacDive_Metabolite_production	368
kgmicrobe.trait:nalidixic_acid	biolink:PhenotypicQuality	nalidixic acid	BacDive_Antibiotic_resistance|BacDive_Antibiotic_sensitivity|BacDive_Metabolite_utilization	364
kgmicrobe.trait:tree	biolink:PhenotypicQuality	#Tree	BacDive_Isolation_category_3	360
kgmicrobe.trait:organ	biolink:PhenotypicQuality	#Organ	BacDive_Isolation_category_2	358
kgmicrobe.trait:lipase_c_14	biolink:PhenotypicQuality	lipase (C 14)	BacDive_Enzyme_activity	354
kgmicrobe.trait:freshwater	biolink:PhenotypicQuality	#Freshwater	BacDive_Isolation_category_3	353
kgmicrobe.trait:penicillin_g	biolink:PhenotypicQuality	penicillin g	BacDive_Antibiotic_resistance|BacDive_Antibiotic_sensitivity	353
kgmicrobe.trait:1_5	biolink:PhenotypicQuality	1-5	BacDive_Cell_length|BacDive_Cell_width|BacDive_Colony_size|BacDive_Salt_concentration	352
kgmicrobe.trait:0_10	biolink:PhenotypicQuality	0-10	BacDive_Salt_concentration|BacDive_Temperature_for_growth	351
kgmicrobe.trait:ovoid_shaped	biolink:PhenotypicQuality	ovoid-shaped	BacDive_Cell_shape	350
kgmicrobe.trait:0_8	biolink:PhenotypicQuality	0.8	BacDive_Cell_length|BacDive_Cell_width|BacDive_Colony_size|BacDive_Salt_concentration	349
kgmicrobe.trait:1_day	biolink:PhenotypicQuality	1 day	BacDive_Incubation_period	337
kgmicrobe.trait:35	biolink:PhenotypicQuality	35	BacDive_Temperature_for_growth	336
kgmicrobe.pathway:sulfate_respiration	biolink:BiologicalProcess	sulfate_respiration	faprotax:type_of_metabolism	334
kgmicrobe.trait:rifampicin	biolink:PhenotypicQuality	rifampicin	BacDive_Antibiotic_resistance|BacDive_Antibiotic_sensitivity	334
kgmicrobe.trait:d_arabinose	biolink:PhenotypicQuality	D-arabinose	BacDive_Metabolite_utilization	332
kgmicrobe.trait:d_arabitol	biolink:PhenotypicQuality	D-arabitol	BacDive_Metabolite_utilization	331
kgmicrobe.trait:cytochrome_c_oxidase	biolink:PhenotypicQuality	cytochrome-c oxidase	BacDive_Enzyme_activity	329
kgmicrobe.trait:ribose	biolink:PhenotypicQuality	ribose	BacDive_Metabolite_utilization	325
kgmicrobe.trait:asparagine	biolink:PhenotypicQuality	asparagine	BacDive_Metabolite_utilization	320
kgmicrobe.trait:nitrite	biolink:PhenotypicQuality	nitrite	BacDive_Metabolite_production|BacDive_Metabolite_utilization	319
kgmicrobe.trait:tween_80	biolink:PhenotypicQuality	tween 80	BacDive_Antibiotic_resistance|BacDive_Metabolite_utilization	319
kgmicrobe.trait:25_37	biolink:PhenotypicQuality	25-37	BacDive_Temperature_for_growth	317
kgmicrobe.pathway:methanogenesis	biolink:BiologicalProcess	methanogenesis	bergey:type_of_metabolism|faprotax:type_of_metabolism|literature:type_of_metabolism	315
kgmicrobe.trait:mud_sludge	biolink:PhenotypicQuality	#Mud (Sludge)	BacDive_Isolation_category_3	312
kgmicrobe.trait:gliding	biolink:PhenotypicQuality	gliding	BacDive_Flagellum_arrangement	305
kgmicrobe.trait:rhizosphere	biolink:PhenotypicQuality	#Rhizosphere	BacDive_Isolation_category_3	304
kgmicrobe.trait:fucose	biolink:PhenotypicQuality	fucose	BacDive_Metabolite_utilization	302
kgmicrobe.trait:3_7_days	biolink:PhenotypicQuality	3-7 days	BacDive_Incubation_period	298
kgmicrobe.trait:thermal_spring	biolink:PhenotypicQuality	#Thermal spring	BacDive_Isolation_category_3	298
kgmicrobe.trait:0_7	biolink:PhenotypicQuality	0-7	BacDive_Cell_length|BacDive_Cell_width|BacDive_Colony_size|BacDive_Salt_concentration	296
kgmicrobe.trait:ornithine	biolink:PhenotypicQuality	ornithine	BacDive_Metabolite_utilization	295
kgmicrobe.pathway:human_pathogens_all	biolink:BiologicalProcess	human_pathogens_all	faprotax:type_of_metabolism	291
kgmicrobe.pathway:dark_hydrogen_oxidation	biolink:BiologicalProcess	dark_hydrogen_oxidation	faprotax:type_of_metabolism	288
kgmicrobe.trait:5_dehydro_d_gluconate	biolink:PhenotypicQuality	5-dehydro-D-gluconate	BacDive_Metabolite_production|BacDive_Metabolite_utilization	288
kgmicrobe.trait:l_rhamnose	biolink:PhenotypicQuality	L-rhamnose	BacDive_Metabolite_utilization	287
kgmicrobe.trait:lysine	biolink:PhenotypicQuality	lysine	BacDive_Metabolite_production|BacDive_Metabolite_utilization	285
kgmicrobe.trait:lincomycin	biolink:PhenotypicQuality	lincomycin	BacDive_Antibiotic_resistance|BacDive_Antibiotic_sensitivity	281
kgmicrobe.trait:7	biolink:PhenotypicQuality	7	BacDive_Cell_length|BacDive_Colony_size|BacDive_Salt_concentration|BacDive_Temperature_for_growth|BacDive_pH_for_growth	280
kgmicrobe.trait:gentiobiose	biolink:PhenotypicQuality	gentiobiose	BacDive_Metabolite_utilization	279
kgmicrobe.trait:field	biolink:PhenotypicQuality	#Field	BacDive_Isolation_category_3	275
kgmicrobe.trait:succinate	biolink:PhenotypicQuality	succinate	BacDive_Metabolite_production|BacDive_Metabolite_utilization	273
kgmicrobe.trait:polymyxin_b	biolink:PhenotypicQuality	polymyxin b	BacDive_Antibiotic_resistance|BacDive_Antibiotic_sensitivity	272
kgmicrobe.trait:starch	biolink:PhenotypicQuality	starch	BacDive_Metabolite_production|BacDive_Metabolite_utilization	271
kgmicrobe.trait:arthropoda	biolink:PhenotypicQuality	#Arthropoda	BacDive_Isolation_category_2	270
kgmicrobe.trait:carbenicillin	biolink:PhenotypicQuality	carbenicillin	BacDive_Antibiotic_resistance|BacDive_Antibiotic_sensitivity	269
kgmicrobe.trait:salicin	biolink:PhenotypicQuality	salicin	BacDive_Metabolite_utilization	265
kgmicrobe.trait:forest	biolink:PhenotypicQuality	#Forest	BacDive_Isolation_category_3	259
kgmicrobe.trait:formate	biolink:PhenotypicQuality	formate	BacDive_Metabolite_production|BacDive_Metabolite_utilization	257
kgmicrobe.trait:contamination	biolink:PhenotypicQuality	#Contamination	BacDive_Isolation_category_2	256
kgmicrobe.trait:2_oxoglutarate	biolink:PhenotypicQuality	2-oxoglutarate	BacDive_Metabolite_utilization	255
kgmicrobe.trait:built_environment	biolink:PhenotypicQuality	#Built environment	BacDive_Isolation_category_2	251
kgmicrobe.trait:vancomycin	biolink:PhenotypicQuality	vancomycin	BacDive_Antibiotic_resistance|BacDive_Antibiotic_sensitivity|BacDive_Metabolite_production	251
kgmicrobe.trait:0_9	biolink:PhenotypicQuality	0.9	BacDive_Cell_length|BacDive_Cell_width|BacDive_Colony_size|BacDive_Salt_concentration	249
kgmicrobe.trait:25_41	biolink:PhenotypicQuality	25-41	BacDive_Temperature_for_growth	243
kgmicrobe.trait:alanine_arylamidase	biolink:PhenotypicQuality	alanine arylamidase	BacDive_Enzyme_activity	243
kgmicrobe.trait:root_rhizome	biolink:PhenotypicQuality	#Root (Rhizome)	BacDive_Isolation_category_3	242
kgmicrobe.trait:monotrichous	biolink:PhenotypicQuality	monotrichous	BacDive_Flagellum_arrangement	234
kgmicrobe.trait:alcohol_dehydrogenase	biolink:PhenotypicQuality	alcohol dehydrogenase	BacDive_Enzyme_activity	232
kgmicrobe.trait:tween_20	biolink:PhenotypicQuality	tween 20	BacDive_Metabolite_production|BacDive_Metabolite_utilization	232
kgmicrobe.trait:disease	biolink:PhenotypicQuality	#Disease	BacDive_Isolation_category_2	231
kgmicrobe.trait:lysine_decarboxylase	biolink:PhenotypicQuality	lysine decarboxylase	BacDive_Enzyme_activity	231
kgmicrobe.trait:10_40	biolink:PhenotypicQuality	10-40	BacDive_Cell_length|BacDive_Temperature_for_growth	227
kgmicrobe.trait:oval_shaped	biolink:PhenotypicQuality	oval-shaped	BacDive_Cell_shape	224
kgmicrobe.trait:tween_40	biolink:PhenotypicQuality	tween 40	BacDive_Metabolite_utilization	223
kgmicrobe.trait:25_30	biolink:PhenotypicQuality	25-30	BacDive_Temperature_for_growth	222
kgmicrobe.trait:10_30	biolink:PhenotypicQuality	10-30	BacDive_Salt_concentration|BacDive_Temperature_for_growth	221
kgmicrobe.trait:2_3	biolink:PhenotypicQuality	2-3	BacDive_Cell_length|BacDive_Colony_size|BacDive_Salt_concentration	220
kgmicrobe.trait:geologic	biolink:PhenotypicQuality	#Geologic	BacDive_Isolation_category_3	220
kgmicrobe.trait:peritrichous	biolink:PhenotypicQuality	peritrichous	BacDive_Flagellum_arrangement	220
kgmicrobe.trait:3_5	biolink:PhenotypicQuality	3-5	BacDive_Cell_length|BacDive_Colony_size|BacDive_Salt_concentration|BacDive_pH_for_growth	218
kgmicrobe.trait:ciprofloxacin	biolink:PhenotypicQuality	ciprofloxacin	BacDive_Antibiotic_resistance|BacDive_Antibiotic_sensitivity	218
kgmicrobe.trait:ethanol	biolink:PhenotypicQuality	ethanol	BacDive_Metabolite_production|BacDive_Metabolite_utilization	218
kgmicrobe.trait:ornithine_decarboxylase	biolink:PhenotypicQuality	ornithine decarboxylase	BacDive_Enzyme_activity	218
kgmicrobe.pathway:methylotrophy	biolink:BiologicalProcess	methylotrophy	faprotax:type_of_metabolism	217
kgmicrobe.trait:06_09	biolink:PhenotypicQuality	06-09	BacDive_pH_for_growth	216
kgmicrobe.trait:alpha_cyclodextrin	biolink:PhenotypicQuality	alpha-cyclodextrin	BacDive_Metabolite_utilization	216
kgmicrobe.trait:20_37	biolink:PhenotypicQuality	20-37	BacDive_Temperature_for_growth	215
kgmicrobe.trait:15_40	biolink:PhenotypicQuality	15-40	BacDive_Temperature_for_growth	212
kgmicrobe.trait:6_0_9_0	biolink:PhenotypicQuality	6.0-9.0	BacDive_pH_for_growth	211
kgmicrobe.trait:0_75	biolink:PhenotypicQuality	0.75	BacDive_Cell_length|BacDive_Cell_width|BacDive_Salt_concentration	210
kgmicrobe.trait:biodegradation	biolink:PhenotypicQuality	#Biodegradation	BacDive_Isolation_category_2	210
kgmicrobe.trait:sorbitol	biolink:PhenotypicQuality	sorbitol	BacDive_Metabolite_utilization	210
kgmicrobe.trait:pond_small	biolink:PhenotypicQuality	#Pond (small)	BacDive_Isolation_category_3	208
kgmicrobe.trait:acetoacetate	biolink:PhenotypicQuality	acetoacetate	BacDive_Metabolite_utilization	206
kgmicrobe.trait:propionate	biolink:PhenotypicQuality	propionate	BacDive_Metabolite_production|BacDive_Metabolite_utilization	205
kgmicrobe.trait:river_creek	biolink:PhenotypicQuality	#River (Creek)	BacDive_Isolation_category_3	204
kgmicrobe.trait:anoxic_anaerobic	biolink:PhenotypicQuality	#Anoxic (anaerobic)	BacDive_Isolation_category_2	202
kgmicrobe.trait:insecta	biolink:PhenotypicQuality	#Insecta	BacDive_Isolation_category_3	202
kgmicrobe.trait:penicillin	biolink:PhenotypicQuality	penicillin	BacDive_Antibiotic_resistance|BacDive_Antibiotic_sensitivity	201
kgmicrobe.pathway:xylanolysis	biolink:BiologicalProcess	xylanolysis	faprotax:type_of_metabolism	200
kgmicrobe.trait:bovinae_cow	biolink:PhenotypicQuality	#Bovinae (Cow	BacDive_Isolation_category_3	200
kgmicrobe.trait:cattle	biolink:PhenotypicQuality	Cattle)	BacDive_Isolation_category_3	200
kgmicrobe.trait:d_fucose	biolink:PhenotypicQuality	D-fucose	BacDive_Metabolite_utilization	200
kgmicrobe.trait:tidal_flat	biolink:PhenotypicQuality	#Tidal flat	BacDive_Isolation_category_3	199
kgmicrobe.trait:15_30	biolink:PhenotypicQuality	15-30	BacDive_Salt_concentration|BacDive_Temperature_for_growth	196
kgmicrobe.trait:alkaline	biolink:PhenotypicQuality	#Alkaline	BacDive_Isolation_category_2	195
kgmicrobe.trait:0_3_0_5	biolink:PhenotypicQuality	0.3-0.5	BacDive_Cell_length|BacDive_Cell_width|BacDive_Colony_size|BacDive_Salt_concentration	193
kgmicrobe.trait:55	biolink:PhenotypicQuality	55	BacDive_Temperature_for_growth	193
kgmicrobe.trait:0_4_0_6	biolink:PhenotypicQuality	0.4-0.6	BacDive_Cell_length|BacDive_Cell_width|BacDive_Colony_size	192
kgmicrobe.trait:amikacin	biolink:PhenotypicQuality	Amikacin	BacDive_Antibiotic_resistance|BacDive_Antibiotic_sensitivity	192
kgmicrobe.trait:coast	biolink:PhenotypicQuality	#Coast	BacDive_Isolation_category_3	192
kgmicrobe.trait:5_days	biolink:PhenotypicQuality	5 days	BacDive_Incubation_period	191
kgmicrobe.trait:shrub_scrub	biolink:PhenotypicQuality	#Shrub (Scrub)	BacDive_Isolation_category_3	191
kgmicrobe.trait:6_5	biolink:PhenotypicQuality	6.5	BacDive_Cell_length|BacDive_Salt_concentration|BacDive_pH_for_growth	190
kgmicrobe.trait:obligate_anaerobe	biolink:PhenotypicQuality	obligate anaerobe	BacDive_Oxygen_tolerance	188
kgmicrobe.trait:pyrazinamidase	biolink:PhenotypicQuality	pyrazinamidase	BacDive_Enzyme_activity	188
kgmicrobe.trait:d_tagatose	biolink:PhenotypicQuality	D-tagatose	BacDive_Metabolite_utilization	185
kgmicrobe.trait:wastewater	biolink:PhenotypicQuality	#Wastewater	BacDive_Isolation_category_3	184
kgmicrobe.trait:0_5_1_0	biolink:PhenotypicQuality	0.5-1.0	BacDive_Cell_length|BacDive_Cell_width|BacDive_Colony_size|BacDive_Salt_concentration	182
kgmicrobe.trait:10_45	biolink:PhenotypicQuality	10-45	BacDive_Temperature_for_growth	179
kgmicrobe.trait:pyrrolidonyl_arylamidase	biolink:PhenotypicQuality	pyrrolidonyl arylamidase	BacDive_Enzyme_activity	178
kgmicrobe.pathway:sulfur_respiration	biolink:BiologicalProcess	sulfur_respiration	faprotax:type_of_metabolism	177
kgmicrobe.trait:proline	biolink:PhenotypicQuality	proline	BacDive_Metabolite_production|BacDive_Metabolite_utilization	175
kgmicrobe.trait:tryptophan_deaminase	biolink:PhenotypicQuality	tryptophan deaminase	BacDive_Enzyme_activity	175
kgmicrobe.trait:0_4_0_5	biolink:PhenotypicQuality	0.4-0.5	BacDive_Cell_length|BacDive_Cell_width|BacDive_Colony_size	172
kgmicrobe.trait:1_0_2_0	biolink:PhenotypicQuality	1.0-2.0	BacDive_Cell_length|BacDive_Cell_width|BacDive_Colony_size|BacDive_Salt_concentration	171
kgmicrobe.pathway:intracellular_parasites	biolink:BiologicalProcess	intracellular_parasites	faprotax:type_of_metabolism	169
kgmicrobe.trait:06_08	biolink:PhenotypicQuality	06-08	BacDive_pH_for_growth	169
kgmicrobe.trait:0_5_0_7	biolink:PhenotypicQuality	0.5-0.7	BacDive_Cell_length|BacDive_Cell_width|BacDive_Colony_size|BacDive_Salt_concentration	169
kgmicrobe.trait:15_45	biolink:PhenotypicQuality	15-45	BacDive_Temperature_for_growth	169
kgmicrobe.trait:histidine	biolink:PhenotypicQuality	histidine	BacDive_Metabolite_utilization	169
kgmicrobe.trait:birds	biolink:PhenotypicQuality	#Birds	BacDive_Isolation_category_2	168
kgmicrobe.trait:6_0_8_0	biolink:PhenotypicQuality	6.0-8.0	BacDive_Salt_concentration|BacDive_pH_for_growth	167
kgmicrobe.trait:fishes	biolink:PhenotypicQuality	#Fishes	BacDive_Isolation_category_2	167
kgmicrobe.trait:sandy	biolink:PhenotypicQuality	#Sandy	BacDive_Isolation_category_3	167
kgmicrobe.trait:1_3	biolink:PhenotypicQuality	1-3	BacDive_Cell_length|BacDive_Cell_width|BacDive_Colony_size|BacDive_Salt_concentration|BacDive_pH_for_growth	166
kgmicrobe.trait:bromosuccinate	biolink:PhenotypicQuality	bromosuccinate	BacDive_Metabolite_utilization	165
kgmicrobe.trait:lecithinase	biolink:PhenotypicQuality	lecithinase	BacDive_Enzyme_activity	165
kgmicrobe.trait:2_oxopentanoate	biolink:PhenotypicQuality	2-oxopentanoate	BacDive_Metabolite_utilization	164
kgmicrobe.trait:esculin_ferric_citrate	biolink:PhenotypicQuality	esculin ferric citrate	BacDive_Metabolite_production|BacDive_Metabolite_utilization	164
kgmicrobe.trait:22	biolink:PhenotypicQuality	22	BacDive_Cell_length|BacDive_Temperature_for_growth	163
kgmicrobe.trait:0_45	biolink:PhenotypicQuality	0.45	BacDive_Cell_length|BacDive_Cell_width|BacDive_Salt_concentration|BacDive_Temperature_for_growth	160
kgmicrobe.trait:15	biolink:PhenotypicQuality	15	BacDive_Cell_length|BacDive_Salt_concentration|BacDive_Temperature_for_growth	160
kgmicrobe.trait:50	biolink:PhenotypicQuality	50	BacDive_Cell_length|BacDive_Salt_concentration|BacDive_Temperature_for_growth	160
kgmicrobe.trait:activated_sludge	biolink:PhenotypicQuality	#Activated sludge	BacDive_Isolation_category_3	160
kgmicrobe.trait:0_5_0_8	biolink:PhenotypicQuality	0.5-0.8	BacDive_Cell_length|BacDive_Cell_width|BacDive_Colony_size	159
kgmicrobe.trait:6_9	biolink:PhenotypicQuality	6-9	BacDive_Temperature_for_growth|BacDive_pH_for_growth	159
kgmicrobe.trait:d_lyxose	biolink:PhenotypicQuality	D-lyxose	BacDive_Metabolite_utilization	159
kgmicrobe.trait:05_09	biolink:PhenotypicQuality	05-09	BacDive_Salt_concentration|BacDive_pH_for_growth	158
kgmicrobe.trait:blood	biolink:PhenotypicQuality	#Blood	BacDive_Isolation_category_3	158
kgmicrobe.trait:fermented	biolink:PhenotypicQuality	#Fermented	BacDive_Isolation_category_3	158
kgmicrobe.trait:glycine	biolink:PhenotypicQuality	glycine	BacDive_Metabolite_utilization	156
kgmicrobe.trait:l_glutamate	biolink:PhenotypicQuality	L-glutamate	BacDive_Metabolite_production|BacDive_Metabolite_utilization	156
kgmicrobe.trait:suidae_pig	biolink:PhenotypicQuality	#Suidae (Pig	BacDive_Isolation_category_3	156
kgmicrobe.trait:swine	biolink:PhenotypicQuality	Swine)	BacDive_Isolation_category_3	156
kgmicrobe.trait:hydrothermal_vent	biolink:PhenotypicQuality	#Hydrothermal vent	BacDive_Isolation_category_3	155
kgmicrobe.trait:laboratory	biolink:PhenotypicQuality	#Laboratory	BacDive_Isolation_category_2	154
kgmicrobe.pathway:cellulolysis	biolink:BiologicalProcess	cellulolysis	faprotax:type_of_metabolism	152
kgmicrobe.trait:20_40	biolink:PhenotypicQuality	20-40	BacDive_Temperature_for_growth	152
kgmicrobe.trait:2_dehydro_d_gluconate	biolink:PhenotypicQuality	2-dehydro-D-gluconate	BacDive_Metabolite_production|BacDive_Metabolite_utilization	152
kgmicrobe.pathway:mammal_gut	biolink:BiologicalProcess	mammal_gut	faprotax:type_of_metabolism	151
kgmicrobe.trait:l_arginine_arylamidase	biolink:PhenotypicQuality	L-arginine arylamidase	BacDive_Enzyme_activity	151
kgmicrobe.pathway:human_gut	biolink:BiologicalProcess	human_gut	faprotax:type_of_metabolism	150
kgmicrobe.trait:0_5_1	biolink:PhenotypicQuality	0.5-1	BacDive_Cell_length|BacDive_Cell_width|BacDive_Colony_size|BacDive_Salt_concentration	150
kgmicrobe.trait:0_6_0_8	biolink:PhenotypicQuality	0.6-0.8	BacDive_Cell_length|BacDive_Cell_width|BacDive_Colony_size	150
kgmicrobe.trait:2_hydroxybutyrate	biolink:PhenotypicQuality	2-hydroxybutyrate	BacDive_Metabolite_utilization	150
kgmicrobe.trait:algae	biolink:PhenotypicQuality	#Algae	BacDive_Isolation_category_2	150
kgmicrobe.trait:leucyl_glycin_arylamidase	biolink:PhenotypicQuality	leucyl glycin arylamidase	BacDive_Enzyme_activity	150
kgmicrobe.trait:45	biolink:PhenotypicQuality	45	BacDive_Temperature_for_growth	149
kgmicrobe.trait:2_oxobutanoate	biolink:PhenotypicQuality	2-oxobutanoate	BacDive_Metabolite_utilization	146
kgmicrobe.trait:l_alanine	biolink:PhenotypicQuality	L-alanine	BacDive_Metabolite_utilization	146
kgmicrobe.pathway:plant_pathogen	biolink:BiologicalProcess	plant_pathogen	faprotax:type_of_metabolism	145
kgmicrobe.trait:tryptophan	biolink:PhenotypicQuality	tryptophan	BacDive_Metabolite_production|BacDive_Metabolite_utilization	145
kgmicrobe.pathway:hydrogenotrophic_methanogenesis	biolink:BiologicalProcess	hydrogenotrophic_methanogenesis	faprotax:type_of_metabolism	144
kgmicrobe.trait:0_65	biolink:PhenotypicQuality	0.65	BacDive_Cell_length|BacDive_Cell_width	144
kgmicrobe.trait:climate	biolink:PhenotypicQuality	#Climate	BacDive_Isolation_category_1	144
kgmicrobe.trait:microbial_community	biolink:PhenotypicQuality	#Microbial community	BacDive_Isolation_category_2	144
kgmicrobe.trait:d_gluconate	biolink:PhenotypicQuality	D-gluconate	BacDive_Metabolite_production|BacDive_Metabolite_utilization	143
kgmicrobe.trait:05_10	biolink:PhenotypicQuality	05-10	BacDive_Cell_length|BacDive_Salt_concentration|BacDive_pH_for_growth	141
kgmicrobe.trait:sterilized_plant_part	biolink:PhenotypicQuality	#Sterilized plant part	BacDive_Isolation_category_3	141
kgmicrobe.pathway:methanogenesis_by_co2_reduction_with_h2	biolink:BiologicalProcess	methanogenesis_by_CO2_reduction_with_H2	faprotax:type_of_metabolism	140
kgmicrobe.pathway:nitrite_respiration	biolink:BiologicalProcess	nitrite_respiration	faprotax:type_of_metabolism	140
kgmicrobe.trait:l_arabitol	biolink:PhenotypicQuality	L-arabitol	BacDive_Metabolite_utilization	139
kgmicrobe.trait:0_5_0_6	biolink:PhenotypicQuality	0.5-0.6	BacDive_Cell_length|BacDive_Cell_width	138
kgmicrobe.trait:bacitracin	biolink:PhenotypicQuality	bacitracin	BacDive_Antibiotic_resistance|BacDive_Antibiotic_sensitivity	138
kgmicrobe.trait:surface_water	biolink:PhenotypicQuality	#Surface water	BacDive_Isolation_category_3	138
kgmicrobe.trait:6_8	biolink:PhenotypicQuality	6-8	BacDive_Salt_concentration|BacDive_pH_for_growth	137
kgmicrobe.trait:dna	biolink:PhenotypicQuality	dna	BacDive_Metabolite_utilization	137
kgmicrobe.trait:lipase	biolink:PhenotypicQuality	lipase	BacDive_Enzyme_activity	137
kgmicrobe.pathway:dark_oxidation_of_sulfur_compounds	biolink:BiologicalProcess	dark_oxidation_of_sulfur_compounds	faprotax:type_of_metabolism	136
kgmicrobe.trait:root_nodule	biolink:PhenotypicQuality	#Root nodule	BacDive_Isolation_category_3	136
kgmicrobe.trait:22_37	biolink:PhenotypicQuality	22-37	BacDive_Temperature_for_growth	135
kgmicrobe.trait:d_galacturonic_acid	biolink:PhenotypicQuality	D-galacturonic acid	BacDive_Metabolite_utilization	135
kgmicrobe.trait:1_25	biolink:PhenotypicQuality	1.25	BacDive_Cell_length|BacDive_Cell_width|BacDive_Salt_concentration|BacDive_Temperature_for_growth	134
kgmicrobe.trait:25_45	biolink:PhenotypicQuality	25-45	BacDive_Temperature_for_growth	134
kgmicrobe.trait:5_0_9_0	biolink:PhenotypicQuality	5.0-9.0	BacDive_pH_for_growth	133
kgmicrobe.trait:5_30	biolink:PhenotypicQuality	5-30	BacDive_Temperature_for_growth	133
kgmicrobe.trait:amoxicillin	biolink:PhenotypicQuality	amoxicillin	BacDive_Antibiotic_resistance|BacDive_Antibiotic_sensitivity	133
kgmicrobe.trait:urogenital_tract	biolink:PhenotypicQuality	#Urogenital tract	BacDive_Isolation_category_2	133
kgmicrobe.trait:inflammation	biolink:PhenotypicQuality	#Inflammation	BacDive_Isolation_category_2	131
kgmicrobe.trait:malonate	biolink:PhenotypicQuality	malonate	BacDive_Metabolite_utilization	131
kgmicrobe.trait:tween_esterase	biolink:PhenotypicQuality	tween esterase	BacDive_Enzyme_activity	131
kgmicrobe.trait:0_0_5	biolink:PhenotypicQuality	0-0.5	BacDive_Salt_concentration	130
kgmicrobe.trait:26	biolink:PhenotypicQuality	26	BacDive_Salt_concentration|BacDive_Temperature_for_growth	130
kgmicrobe.trait:alanyl_phenylalanyl_proline_arylamidase	biolink:PhenotypicQuality	Alanyl-Phenylalanyl-Proline arylamidase	BacDive_Enzyme_activity	130
kgmicrobe.trait:engineered_product	biolink:PhenotypicQuality	#Engineered product	BacDive_Isolation_category_3	130
kgmicrobe.trait:mine	biolink:PhenotypicQuality	#Mine	BacDive_Isolation_category_3	130
kgmicrobe.trait:0_35	biolink:PhenotypicQuality	0.35	BacDive_Cell_length|BacDive_Cell_width|BacDive_Salt_concentration|BacDive_Temperature_for_growth	129
kgmicrobe.trait:10_41	biolink:PhenotypicQuality	10-41	BacDive_Temperature_for_growth	129
kgmicrobe.trait:leucine	biolink:PhenotypicQuality	leucine	BacDive_Metabolite_production|BacDive_Metabolite_utilization	129
kgmicrobe.trait:06_10	biolink:PhenotypicQuality	06-10	BacDive_Salt_concentration|BacDive_pH_for_growth	128
kgmicrobe.trait:2_4	biolink:PhenotypicQuality	2-4	BacDive_Cell_length|BacDive_Cell_width|BacDive_Colony_size|BacDive_Salt_concentration	127
kgmicrobe.trait:mollusca	biolink:PhenotypicQuality	#Mollusca	BacDive_Isolation_category_3	127
kgmicrobe.trait:4_days	biolink:PhenotypicQuality	4 days	BacDive_Incubation_period	126
kgmicrobe.trait:alpha_lactose	biolink:PhenotypicQuality	alpha-lactose	BacDive_Metabolite_utilization	126
kgmicrobe.trait:composting	biolink:PhenotypicQuality	#Composting	BacDive_Isolation_category_3	126
kgmicrobe.trait:proline_arylamidase	biolink:PhenotypicQuality	proline-arylamidase	BacDive_Enzyme_activity	126
kgmicrobe.pathway:methanol_oxidation	biolink:BiologicalProcess	methanol_oxidation	faprotax:type_of_metabolism	125
kgmicrobe.trait:04_37	biolink:PhenotypicQuality	04-37	BacDive_Temperature_for_growth	125
kgmicrobe.trait:leaf_phyllosphere	biolink:PhenotypicQuality	#Leaf (Phyllosphere)	BacDive_Isolation_category_3	123
kgmicrobe.trait:s_lactate	biolink:PhenotypicQuality	(S)-lactate	BacDive_Metabolite_production|BacDive_Metabolite_utilization	123
kgmicrobe.trait:0_55	biolink:PhenotypicQuality	0.55	BacDive_Cell_length|BacDive_Cell_width|BacDive_Salt_concentration	120
kgmicrobe.trait:carboxymethylcellulose	biolink:PhenotypicQuality	carboxymethylcellulose	BacDive_Metabolite_utilization	120
kgmicrobe.trait:7_days	biolink:PhenotypicQuality	7 days	BacDive_Incubation_period	119
kgmicrobe.trait:ceftriaxone	biolink:PhenotypicQuality	ceftriaxone	BacDive_Antibiotic_resistance|BacDive_Antibiotic_sensitivity	118
kgmicrobe.trait:desert	biolink:PhenotypicQuality	#Desert	BacDive_Isolation_category_3	118
kgmicrobe.trait:variable	biolink:PhenotypicQuality	variable	BacDive_Gram_stain	116
kgmicrobe.trait:male	biolink:PhenotypicQuality	#Male	BacDive_Isolation_category_3	115
kgmicrobe.compound:pyg	biolink:ChemicalEntity	PYG	bergey:substrates	114
kgmicrobe.trait:60	biolink:PhenotypicQuality	60	BacDive_Cell_length|BacDive_Salt_concentration|BacDive_Temperature_for_growth	114
kgmicrobe.trait:wetland_swamp	biolink:PhenotypicQuality	#Wetland (Swamp)	BacDive_Isolation_category_3	114
kgmicrobe.trait:sputum	biolink:PhenotypicQuality	#Sputum	BacDive_Isolation_category_3	113
kgmicrobe.trait:6_0_10_0	biolink:PhenotypicQuality	6.0-10.0	BacDive_Salt_concentration|BacDive_pH_for_growth	112
kgmicrobe.trait:6_10	biolink:PhenotypicQuality	6-10	BacDive_Salt_concentration|BacDive_pH_for_growth	112
kgmicrobe.trait:d_fructose_6_phosphate	biolink:PhenotypicQuality	D-fructose 6-phosphate	BacDive_Metabolite_utilization	112
kgmicrobe.trait:stomach	biolink:PhenotypicQuality	#Stomach	BacDive_Isolation_category_3	112
kgmicrobe.trait:7_5	biolink:PhenotypicQuality	7.5	BacDive_Cell_length|BacDive_Salt_concentration|BacDive_pH_for_growth	110
kgmicrobe.trait:mangrove	biolink:PhenotypicQuality	#Mangrove	BacDive_Isolation_category_3	110
kgmicrobe.pathway:anoxygenic_photoautotrophy	biolink:BiologicalProcess	anoxygenic_photoautotrophy	faprotax:type_of_metabolism	109
kgmicrobe.trait:0_25	biolink:PhenotypicQuality	0.25	BacDive_Cell_length|BacDive_Cell_width|BacDive_Colony_size|BacDive_Salt_concentration|BacDive_Temperature_for_growth	109
kgmicrobe.trait:20_30	biolink:PhenotypicQuality	20-30	BacDive_Salt_concentration|BacDive_Temperature_for_growth	109
kgmicrobe.trait:0_2_5	biolink:PhenotypicQuality	0-2.5	BacDive_Salt_concentration	108
kgmicrobe.trait:1_6	biolink:PhenotypicQuality	1-6	BacDive_Cell_length|BacDive_Cell_width|BacDive_Colony_size|BacDive_Salt_concentration	108
kgmicrobe.trait:bioreactor	biolink:PhenotypicQuality	#Bioreactor	BacDive_Isolation_category_2	108
kgmicrobe.trait:cefazolin	biolink:PhenotypicQuality	cefazolin	BacDive_Antibiotic_resistance|BacDive_Antibiotic_sensitivity	108
kgmicrobe.trait:microbial_mat	biolink:PhenotypicQuality	#Microbial mat	BacDive_Isolation_category_3	108
kgmicrobe.trait:0_3_0_4	biolink:PhenotypicQuality	0.3-0.4	BacDive_Cell_length|BacDive_Cell_width|BacDive_Colony_size	107
kgmicrobe.trait:1_75	biolink:PhenotypicQuality	1.75	BacDive_Cell_length|BacDive_Cell_width|BacDive_Salt_concentration	107
kgmicrobe.trait:microbial	biolink:PhenotypicQuality	#Microbial	BacDive_Isolation_category_2	107
kgmicrobe.trait:5_9	biolink:PhenotypicQuality	5-9	BacDive_Cell_length|BacDive_pH_for_growth	106
kgmicrobe.trait:esterase	biolink:PhenotypicQuality	esterase	BacDive_Enzyme_activity	106
kgmicrobe.trait:sulfamethoxazole	biolink:PhenotypicQuality	sulfamethoxazole	BacDive_Antibiotic_resistance|BacDive_Antibiotic_sensitivity	106
kgmicrobe.trait:wound	biolink:PhenotypicQuality	#Wound	BacDive_Isolation_category_3	106
kgmicrobe.trait:cephalothin	biolink:PhenotypicQuality	cephalothin	BacDive_Antibiotic_resistance|BacDive_Antibiotic_sensitivity	105
kgmicrobe.pathway:thiosulfate_respiration	biolink:BiologicalProcess	thiosulfate_respiration	faprotax:type_of_metabolism	104
kgmicrobe.trait:40	biolink:PhenotypicQuality	40	BacDive_Cell_length|BacDive_Salt_concentration|BacDive_Temperature_for_growth	104
kgmicrobe.trait:aztreonam	biolink:PhenotypicQuality	aztreonam	BacDive_Antibiotic_resistance|BacDive_Antibiotic_sensitivity|BacDive_Metabolite_utilization	104
kgmicrobe.trait:beta_hydroxybutyrate	biolink:PhenotypicQuality	beta-hydroxybutyrate	BacDive_Metabolite_production|BacDive_Metabolite_utilization	104
kgmicrobe.trait:clindamycin	biolink:PhenotypicQuality	clindamycin	BacDive_Antibiotic_resistance|BacDive_Antibiotic_sensitivity	104
kgmicrobe.trait:oleandomycin	biolink:PhenotypicQuality	oleandomycin	BacDive_Antibiotic_resistance|BacDive_Antibiotic_sensitivity	104
kgmicrobe.trait:fumarate	biolink:PhenotypicQuality	fumarate	BacDive_Metabolite_production|BacDive_Metabolite_utilization	103
kgmicrobe.trait:glycin_arylamidase	biolink:PhenotypicQuality	glycin arylamidase	BacDive_Enzyme_activity	103
kgmicrobe.trait:l_proline	biolink:PhenotypicQuality	L-proline	BacDive_Metabolite_utilization	103
kgmicrobe.trait:norfloxacin	biolink:PhenotypicQuality	norfloxacin	BacDive_Antibiotic_resistance|BacDive_Antibiotic_sensitivity	103
kgmicrobe.trait:plant_factory	biolink:PhenotypicQuality	#Plant (Factory)	BacDive_Isolation_category_3	103
kgmicrobe.pathway:aromatic_hydrocarbon_degradation	biolink:BiologicalProcess	aromatic_hydrocarbon_degradation	faprotax:type_of_metabolism	102
kgmicrobe.trait:4_hydroxybenzoate	biolink:PhenotypicQuality	4-hydroxybenzoate	BacDive_Metabolite_utilization	102
kgmicrobe.trait:acetic_acid	biolink:PhenotypicQuality	acetic acid	BacDive_Metabolite_production|BacDive_Metabolite_utilization	102
kgmicrobe.trait:dinitrogen	biolink:PhenotypicQuality	dinitrogen	BacDive_Metabolite_production|BacDive_Metabolite_utilization	102
kgmicrobe.trait:filament_shaped	biolink:PhenotypicQuality	filament-shaped	BacDive_Cell_shape	101
kgmicrobe.compound:h2_co2	biolink:ChemicalEntity	H2 + CO2	bergey:substrates|literature:substrates	100
kgmicrobe.trait:14_days	biolink:PhenotypicQuality	14 days	BacDive_Incubation_period	100
kgmicrobe.trait:air	biolink:PhenotypicQuality	#Air	BacDive_Isolation_category_2	100
kgmicrobe.trait:water_treatment_plant	biolink:PhenotypicQuality	#Water treatment plant	BacDive_Isolation_category_3	100
kgmicrobe.trait:20_45	biolink:PhenotypicQuality	20-45	BacDive_Temperature_for_growth	99
kgmicrobe.trait:8_14_days	biolink:PhenotypicQuality	8-14 days	BacDive_Incubation_period	99
kgmicrobe.pathway:anoxygenic_photoautotrophy_s_oxidizing	biolink:BiologicalProcess	anoxygenic_photoautotrophy_S_oxidizing	faprotax:type_of_metabolism	98
kgmicrobe.trait:0_8_1_0	biolink:PhenotypicQuality	0.8-1.0	BacDive_Cell_length|BacDive_Cell_width|BacDive_Colony_size	98
kgmicrobe.trait:10_35	biolink:PhenotypicQuality	10-35	BacDive_Salt_concentration|BacDive_Temperature_for_growth	98
kgmicrobe.trait:lab_enrichment	biolink:PhenotypicQuality	#Lab enrichment	BacDive_Isolation_category_3	98
kgmicrobe.trait:methyl_pyruvate	biolink:PhenotypicQuality	methyl pyruvate	BacDive_Metabolite_utilization	98
kgmicrobe.trait:tween_60	biolink:PhenotypicQuality	tween 60	BacDive_Metabolite_utilization	98
kgmicrobe.trait:facultative_aerobe	biolink:PhenotypicQuality	facultative aerobe	BacDive_Oxygen_tolerance	97
kgmicrobe.trait:6_5_8_5	biolink:PhenotypicQuality	6.5-8.5	BacDive_pH_for_growth	96
kgmicrobe.trait:1_4	biolink:PhenotypicQuality	1.4	BacDive_Cell_length|BacDive_Cell_width|BacDive_Colony_size|BacDive_Salt_concentration	95
kgmicrobe.trait:acidic	biolink:PhenotypicQuality	#Acidic	BacDive_Isolation_category_2	95
kgmicrobe.trait:fruit_seed	biolink:PhenotypicQuality	#Fruit (Seed)	BacDive_Isolation_category_3	95
kgmicrobe.pathway:photoheterotrophy	biolink:BiologicalProcess	photoheterotrophy	faprotax:type_of_metabolism	94
kgmicrobe.trait:2_6	biolink:PhenotypicQuality	2-6	BacDive_Cell_length|BacDive_Colony_size|BacDive_Salt_concentration|BacDive_pH_for_growth	94
kgmicrobe.trait:30_41	biolink:PhenotypicQuality	30-41	BacDive_Temperature_for_growth	94
kgmicrobe.trait:3_butanediol	biolink:PhenotypicQuality	3-butanediol	BacDive_Metabolite_utilization	94
kgmicrobe.trait:4_hydroxy_l_proline	biolink:PhenotypicQuality	4-hydroxy-L-proline	BacDive_Metabolite_utilization	94
kgmicrobe.pathway:iron_respiration	biolink:BiologicalProcess	iron_respiration	faprotax:type_of_metabolism	93
kgmicrobe.trait:female	biolink:PhenotypicQuality	#Female	BacDive_Isolation_category_3	93
kgmicrobe.trait:histidine_arylamidase	biolink:PhenotypicQuality	histidine arylamidase	BacDive_Enzyme_activity	93
kgmicrobe.trait:4_30	biolink:PhenotypicQuality	4-30	BacDive_Temperature_for_growth	92
kgmicrobe.trait:5_10	biolink:PhenotypicQuality	5-10	BacDive_Cell_length|BacDive_Colony_size|BacDive_Salt_concentration|BacDive_Temperature_for_growth|BacDive_pH_for_growth	92
kgmicrobe.trait:cefotaxime	biolink:PhenotypicQuality	cefotaxime	BacDive_Antibiotic_resistance|BacDive_Antibiotic_sensitivity	92
kgmicrobe.pathway:methanotrophy	biolink:BiologicalProcess	methanotrophy	faprotax:type_of_metabolism	91
kgmicrobe.trait:5_37	biolink:PhenotypicQuality	5-37	BacDive_Temperature_for_growth	91
kgmicrobe.trait:ceftazidime	biolink:PhenotypicQuality	ceftazidime	BacDive_Antibiotic_resistance|BacDive_Antibiotic_sensitivity	91
kgmicrobe.trait:muridae_mouse_rat	biolink:PhenotypicQuality	#Muridae (Mouse/Rat)	BacDive_Isolation_category_3	91
kgmicrobe.trait:beverage	biolink:PhenotypicQuality	#Beverage	BacDive_Isolation_category_3	90
kgmicrobe.trait:food	biolink:PhenotypicQuality	#Food	BacDive_Isolation_category_3	90
kgmicrobe.trait:0_85	biolink:PhenotypicQuality	0.85	BacDive_Cell_length|BacDive_Cell_width|BacDive_Salt_concentration	89
kgmicrobe.trait:0_8_1	biolink:PhenotypicQuality	0.8-1	BacDive_Cell_length|BacDive_Cell_width|BacDive_Colony_size	89
kgmicrobe.trait:4_5	biolink:PhenotypicQuality	4.5	BacDive_Cell_length|BacDive_Colony_size|BacDive_Salt_concentration|BacDive_pH_for_growth	89
kgmicrobe.trait:65	biolink:PhenotypicQuality	65	BacDive_Temperature_for_growth	89
kgmicrobe.trait:d_glucuronate	biolink:PhenotypicQuality	D-glucuronate	BacDive_Metabolite_utilization	89
kgmicrobe.trait:oil_fuel	biolink:PhenotypicQuality	#Oil (Fuel)	BacDive_Isolation_category_3	89
kgmicrobe.trait:1_1	biolink:PhenotypicQuality	1.1	BacDive_Cell_length|BacDive_Cell_width|BacDive_Salt_concentration	88
kgmicrobe.trait:alpha_arabinosidase	biolink:PhenotypicQuality	alpha-arabinosidase	BacDive_Enzyme_activity	88
kgmicrobe.trait:trimethoprim	biolink:PhenotypicQuality	trimethoprim	BacDive_Antibiotic_resistance|BacDive_Antibiotic_sensitivity	88
kgmicrobe.trait:0_8_1_2	biolink:PhenotypicQuality	0.8-1.2	BacDive_Cell_length|BacDive_Cell_width|BacDive_Colony_size	87
kgmicrobe.trait:15_35	biolink:PhenotypicQuality	15-35	BacDive_Cell_length|BacDive_Salt_concentration|BacDive_Temperature_for_growth	87
kgmicrobe.trait:2_0_3_0	biolink:PhenotypicQuality	2.0-3.0	BacDive_Cell_length|BacDive_Colony_size|BacDive_Salt_concentration	87
kgmicrobe.trait:4_37	biolink:PhenotypicQuality	4-37	BacDive_Temperature_for_growth	87
kgmicrobe.trait:bacteria	biolink:PhenotypicQuality	#Bacteria	BacDive_Isolation_category_3	87
kgmicrobe.trait:glucuronamide	biolink:PhenotypicQuality	glucuronamide	BacDive_Metabolite_utilization	87
kgmicrobe.trait:hair	biolink:PhenotypicQuality	Hair	BacDive_Isolation_category_3	87
kgmicrobe.trait:l_arginine	biolink:PhenotypicQuality	L-arginine	BacDive_Metabolite_utilization	87
kgmicrobe.trait:l_fucose	biolink:PhenotypicQuality	L-fucose	BacDive_Metabolite_utilization	87
kgmicrobe.trait:nail	biolink:PhenotypicQuality	Nail	BacDive_Isolation_category_3	87
kgmicrobe.trait:oil_reservoir	biolink:PhenotypicQuality	#Oil reservoir	BacDive_Isolation_category_3	87
kgmicrobe.trait:serine	biolink:PhenotypicQuality	serine	BacDive_Metabolite_utilization	87
kgmicrobe.trait:skin	biolink:PhenotypicQuality	#Skin	BacDive_Isolation_category_3	87
kgmicrobe.trait:d_trehalose	biolink:PhenotypicQuality	D-trehalose	BacDive_Metabolite_utilization	86
kgmicrobe.trait:dairy_product	biolink:PhenotypicQuality	#Dairy product	BacDive_Isolation_category_3	86
kgmicrobe.trait:inositol	biolink:PhenotypicQuality	inositol	BacDive_Metabolite_utilization	86
kgmicrobe.trait:1_0_1_5	biolink:PhenotypicQuality	1.0-1.5	BacDive_Cell_length|BacDive_Cell_width|BacDive_Colony_size|BacDive_Salt_concentration	85
kgmicrobe.trait:05_08	biolink:PhenotypicQuality	05-08	BacDive_Salt_concentration|BacDive_pH_for_growth	84
kgmicrobe.trait:0_6_0_7	biolink:PhenotypicQuality	0.6-0.7	BacDive_Cell_length|BacDive_Cell_width|BacDive_Colony_size	84
kgmicrobe.trait:butyrate	biolink:PhenotypicQuality	butyrate	BacDive_Metabolite_production|BacDive_Metabolite_utilization	84
kgmicrobe.pathway:sulfite_respiration	biolink:BiologicalProcess	sulfite_respiration	faprotax:type_of_metabolism	83
kgmicrobe.trait:2_10	biolink:PhenotypicQuality	2-10	BacDive_Cell_length|BacDive_Colony_size|BacDive_Salt_concentration|BacDive_Temperature_for_growth	83
kgmicrobe.trait:milk	biolink:PhenotypicQuality	#Milk	BacDive_Isolation_category_3|BacDive_Metabolite_utilization	83
kgmicrobe.pathway:chitinolysis	biolink:BiologicalProcess	chitinolysis	faprotax:type_of_metabolism	82
kgmicrobe.trait:0_3_0_6	biolink:PhenotypicQuality	0.3-0.6	BacDive_Cell_length|BacDive_Cell_width|BacDive_Colony_size	82
kgmicrobe.trait:1_1_5	biolink:PhenotypicQuality	1-1.5	BacDive_Cell_length|BacDive_Cell_width|BacDive_Colony_size|BacDive_Salt_concentration	82
kgmicrobe.trait:ammonium	biolink:PhenotypicQuality	ammonium	BacDive_Metabolite_production|BacDive_Metabolite_utilization	81
kgmicrobe.trait:biofilm	biolink:PhenotypicQuality	#Biofilm	BacDive_Isolation_category_2	81
kgmicrobe.trait:5_0_10_0	biolink:PhenotypicQuality	5.0-10.0	BacDive_Cell_length|BacDive_Salt_concentration|BacDive_pH_for_growth	80
kgmicrobe.trait:abscess	biolink:PhenotypicQuality	#Abscess	BacDive_Isolation_category_3	80
kgmicrobe.trait:tobramycin	biolink:PhenotypicQuality	tobramycin	BacDive_Antibiotic_resistance|BacDive_Antibiotic_sensitivity|BacDive_Metabolite_production	80
kgmicrobe.pathway:denitrification	biolink:BiologicalProcess	denitrification	faprotax:type_of_metabolism	79
kgmicrobe.trait:0_2_0_4	biolink:PhenotypicQuality	0.2-0.4	BacDive_Cell_width|BacDive_Colony_size|BacDive_Salt_concentration	79
kgmicrobe.trait:2_25	biolink:PhenotypicQuality	-2-25	BacDive_Cell_length|BacDive_Cell_width|BacDive_Salt_concentration|BacDive_Temperature_for_growth	79
kgmicrobe.trait:5_5_8_5	biolink:PhenotypicQuality	5.5-8.5	BacDive_pH_for_growth	79
kgmicrobe.trait:sewage_sludge	biolink:PhenotypicQuality	#Sewage sludge	BacDive_Isolation_category_3	79
kgmicrobe.pathway:dark_thiosulfate_oxidation	biolink:BiologicalProcess	dark_thiosulfate_oxidation	faprotax:type_of_metabolism	78
kgmicrobe.pathway:fumarate_respiration	biolink:BiologicalProcess	fumarate_respiration	faprotax:type_of_metabolism	78
kgmicrobe.trait:15_41	biolink:PhenotypicQuality	15-41	BacDive_Temperature_for_growth	78
kgmicrobe.trait:15_42	biolink:PhenotypicQuality	15-42	BacDive_Temperature_for_growth	78
kgmicrobe.trait:1_7	biolink:PhenotypicQuality	1-7	BacDive_Cell_length|BacDive_Cell_width|BacDive_Colony_size|BacDive_Salt_concentration	78
kgmicrobe.pathway:dark_sulfur_oxidation	biolink:BiologicalProcess	dark_sulfur_oxidation	faprotax:type_of_metabolism	77
kgmicrobe.trait:04_30	biolink:PhenotypicQuality	04-30	BacDive_Temperature_for_growth	77
kgmicrobe.trait:d_alanine	biolink:PhenotypicQuality	D-alanine	BacDive_Metabolite_utilization	77
kgmicrobe.trait:phenylacetate	biolink:PhenotypicQuality	phenylacetate	BacDive_Metabolite_production|BacDive_Metabolite_utilization	77
kgmicrobe.trait:volcanic	biolink:PhenotypicQuality	#Volcanic	BacDive_Isolation_category_3	77
kgmicrobe.pathway:aliphatic_non_methane_hydrocarbon_degradation	biolink:BiologicalProcess	aliphatic_non_methane_hydrocarbon_degradation	faprotax:type_of_metabolism	76
kgmicrobe.pathway:nitrite_denitrification	biolink:BiologicalProcess	nitrite_denitrification	faprotax:type_of_metabolism	76
kgmicrobe.trait:5_5_9_5	biolink:PhenotypicQuality	5.5-9.5	BacDive_pH_for_growth	76
kgmicrobe.trait:10_42	biolink:PhenotypicQuality	10-42	BacDive_Temperature_for_growth	75
kgmicrobe.trait:4_hydroxyphenylacetic_acid	biolink:PhenotypicQuality	4-hydroxyphenylacetic acid	BacDive_Metabolite_utilization	75
kgmicrobe.trait:aquaculture	biolink:PhenotypicQuality	#Aquaculture	BacDive_Isolation_category_3	75
kgmicrobe.trait:l_histidine	biolink:PhenotypicQuality	L-histidine	BacDive_Metabolite_utilization	75
kgmicrobe.trait:0_2_0_3	biolink:PhenotypicQuality	0.2-0.3	BacDive_Cell_length|BacDive_Cell_width|BacDive_Colony_size|BacDive_Salt_concentration	74
kgmicrobe.trait:28_37	biolink:PhenotypicQuality	28-37	BacDive_Temperature_for_growth	74
kgmicrobe.trait:5_0_8_0	biolink:PhenotypicQuality	5.0-8.0	BacDive_Cell_length|BacDive_pH_for_growth	74
kgmicrobe.trait:elemental_sulfur	biolink:PhenotypicQuality	elemental sulfur	BacDive_Antibiotic_sensitivity|BacDive_Metabolite_production|BacDive_Metabolite_utilization	74
kgmicrobe.trait:sulfuric	biolink:PhenotypicQuality	#Sulfuric	BacDive_Isolation_category_2	74
kgmicrobe.pathway:nitrate_denitrification	biolink:BiologicalProcess	nitrate_denitrification	faprotax:type_of_metabolism	73
kgmicrobe.trait:70	biolink:PhenotypicQuality	70	BacDive_Temperature_for_growth	73
kgmicrobe.trait:cold	biolink:PhenotypicQuality	#Cold	BacDive_Isolation_category_2	73
kgmicrobe.trait:l_alaninamide	biolink:PhenotypicQuality	L-alaninamide	BacDive_Metabolite_utilization	73
kgmicrobe.trait:3_hydroxybenzoate	biolink:PhenotypicQuality	3-hydroxybenzoate	BacDive_Metabolite_utilization	72
kgmicrobe.trait:galacturonate	biolink:PhenotypicQuality	galacturonate	BacDive_Metabolite_utilization	72
kgmicrobe.trait:inosine	biolink:PhenotypicQuality	inosine	BacDive_Metabolite_utilization	72
kgmicrobe.trait:lung	biolink:PhenotypicQuality	#Lung	BacDive_Isolation_category_3	72
kgmicrobe.trait:spiral_shaped	biolink:PhenotypicQuality	spiral-shaped	BacDive_Cell_shape	72
kgmicrobe.trait:0_1_5	biolink:PhenotypicQuality	0-1.5	BacDive_Salt_concentration	71
kgmicrobe.trait:industrial_wastewater	biolink:PhenotypicQuality	#Industrial wastewater	BacDive_Isolation_category_3	71
kgmicrobe.trait:m	biolink:PhenotypicQuality	M	BacDive_Salt_concentration_unit	71
kgmicrobe.trait:sulfide	biolink:PhenotypicQuality	sulfide	BacDive_Metabolite_production|BacDive_Metabolite_utilization	71
kgmicrobe.trait:0_5_1_5	biolink:PhenotypicQuality	0.5-1.5	BacDive_Cell_length|BacDive_Cell_width|BacDive_Colony_size|BacDive_Salt_concentration	70
kgmicrobe.trait:1_8	biolink:PhenotypicQuality	1.8	BacDive_Cell_length|BacDive_Cell_width|BacDive_Colony_size|BacDive_Salt_concentration	70
kgmicrobe.trait:decomposing_plant	biolink:PhenotypicQuality	#Decomposing plant	BacDive_Isolation_category_3	70
kgmicrobe.trait:l_tyrosine	biolink:PhenotypicQuality	L-tyrosine	BacDive_Metabolite_utilization	70
kgmicrobe.trait:phenylalanine_arylamidase	biolink:PhenotypicQuality	phenylalanine arylamidase	BacDive_Enzyme_activity	70
kgmicrobe.trait:stem_branch	biolink:PhenotypicQuality	#Stem (Branch)	BacDive_Isolation_category_3	70
kgmicrobe.pathway:invertebrate_parasites	biolink:BiologicalProcess	invertebrate_parasites	faprotax:type_of_metabolism	69
kgmicrobe.trait:l_asparagine	biolink:PhenotypicQuality	L-asparagine	BacDive_Metabolite_utilization	69
kgmicrobe.trait:limb	biolink:PhenotypicQuality	#Limb	BacDive_Isolation_category_2	69
kgmicrobe.trait:0_2_0_5	biolink:PhenotypicQuality	0.2-0.5	BacDive_Cell_width|BacDive_Colony_size|BacDive_Salt_concentration	68
kgmicrobe.trait:caprinae_sheep_goat	biolink:PhenotypicQuality	#Caprinae (Sheep/Goat)	BacDive_Isolation_category_3	68
kgmicrobe.trait:cefuroxime	biolink:PhenotypicQuality	cefuroxime	BacDive_Antibiotic_resistance|BacDive_Antibiotic_sensitivity	68
kgmicrobe.trait:d_glucose_6_phosphate	biolink:PhenotypicQuality	D-glucose 6-phosphate	BacDive_Metabolite_utilization	68
kgmicrobe.trait:doxycycline	biolink:PhenotypicQuality	doxycycline	BacDive_Antibiotic_resistance|BacDive_Antibiotic_sensitivity	68
kgmicrobe.trait:porifera_sponges	biolink:PhenotypicQuality	#Porifera (Sponges)	BacDive_Isolation_category_3	68
kgmicrobe.trait:spring	biolink:PhenotypicQuality	#Spring	BacDive_Isolation_category_3	68
kgmicrobe.trait:07_09	biolink:PhenotypicQuality	07-09	BacDive_pH_for_growth	67
kgmicrobe.trait:1_15	biolink:PhenotypicQuality	1.15	BacDive_Cell_length|BacDive_Cell_width|BacDive_Salt_concentration	67
kgmicrobe.trait:melezitose	biolink:PhenotypicQuality	melezitose	BacDive_Metabolite_utilization	67
kgmicrobe.trait:water_reservoir_aquarium_pool	biolink:PhenotypicQuality	#Water reservoir (Aquarium/pool)	BacDive_Isolation_category_3	67
kgmicrobe.trait:0_0_1_0	biolink:PhenotypicQuality	0.0-1.0	BacDive_Salt_concentration	66
kgmicrobe.trait:0_15	biolink:PhenotypicQuality	0-15	BacDive_Cell_width|BacDive_Colony_size|BacDive_Salt_concentration	66
kgmicrobe.trait:0_7_0_9	biolink:PhenotypicQuality	0.7-0.9	BacDive_Cell_length|BacDive_Cell_width|BacDive_Colony_size	66
kgmicrobe.trait:22_45	biolink:PhenotypicQuality	22-45	BacDive_Temperature_for_growth	66
kgmicrobe.trait:cefalotin	biolink:PhenotypicQuality	cefalotin	BacDive_Antibiotic_resistance|BacDive_Antibiotic_sensitivity	66
kgmicrobe.trait:garden	biolink:PhenotypicQuality	#Garden	BacDive_Isolation_category_3	66
kgmicrobe.trait:30_45	biolink:PhenotypicQuality	30-45	BacDive_Temperature_for_growth	65
kgmicrobe.trait:casamino_acids	biolink:PhenotypicQuality	casamino acids	BacDive_Metabolite_utilization	65
kgmicrobe.trait:chymotrypsin	biolink:PhenotypicQuality	chymotrypsin	BacDive_Enzyme_activity	65
kgmicrobe.trait:hypoxanthine	biolink:PhenotypicQuality	hypoxanthine	BacDive_Metabolite_utilization	65
kgmicrobe.trait:l_aspartate	biolink:PhenotypicQuality	L-aspartate	BacDive_Metabolite_utilization	65
kgmicrobe.trait:ofloxacin	biolink:PhenotypicQuality	ofloxacin	BacDive_Antibiotic_resistance|BacDive_Antibiotic_sensitivity	65
kgmicrobe.trait:4_hydroxybutyrate	biolink:PhenotypicQuality	4-hydroxybutyrate	BacDive_Metabolite_utilization	64
kgmicrobe.trait:glutamyl_glutamate_arylamidase	biolink:PhenotypicQuality	glutamyl-glutamate arylamidase	BacDive_Enzyme_activity	64
kgmicrobe.trait:glycyl_tryptophan_arylamidase	biolink:PhenotypicQuality	glycyl tryptophan arylamidase	BacDive_Enzyme_activity	64
kgmicrobe.trait:5_5_9	biolink:PhenotypicQuality	5.5-9	BacDive_pH_for_growth	63
kgmicrobe.trait:cefoxitin	biolink:PhenotypicQuality	cefoxitin	BacDive_Antibiotic_resistance|BacDive_Antibiotic_sensitivity	63
kgmicrobe.trait:inulin	biolink:PhenotypicQuality	inulin	BacDive_Metabolite_utilization	63
kgmicrobe.trait:oxacillin	biolink:PhenotypicQuality	oxacillin	BacDive_Antibiotic_resistance|BacDive_Antibiotic_sensitivity|BacDive_Metabolite_utilization	63
kgmicrobe.trait:thiosulfate	biolink:PhenotypicQuality	thiosulfate	BacDive_Metabolite_utilization	63
kgmicrobe.trait:canidae_dog	biolink:PhenotypicQuality	#Canidae (Dog)	BacDive_Isolation_category_3	62
kgmicrobe.trait:cefoperazone	biolink:PhenotypicQuality	cefoperazone	BacDive_Antibiotic_resistance|BacDive_Antibiotic_sensitivity	62
kgmicrobe.trait:pleomorphic_shaped	biolink:PhenotypicQuality	pleomorphic-shaped	BacDive_Cell_shape	62
kgmicrobe.trait:rumen	biolink:PhenotypicQuality	#Rumen	BacDive_Isolation_category_3	62
kgmicrobe.trait:tyrosine_arylamidase	biolink:PhenotypicQuality	tyrosine arylamidase	BacDive_Enzyme_activity	62
kgmicrobe.pathway:dark_sulfide_oxidation	biolink:BiologicalProcess	dark_sulfide_oxidation	faprotax:type_of_metabolism	61
kgmicrobe.trait:5_5	biolink:PhenotypicQuality	5.5	BacDive_Cell_length|BacDive_Salt_concentration|BacDive_pH_for_growth	61
kgmicrobe.trait:5_5_9_0	biolink:PhenotypicQuality	5.5-9.0	BacDive_pH_for_growth	61
kgmicrobe.trait:brackish	biolink:PhenotypicQuality	#Brackish	BacDive_Isolation_category_3	61
kgmicrobe.trait:chicken	biolink:PhenotypicQuality	#Chicken	BacDive_Isolation_category_3	61
kgmicrobe.trait:cnidaria_corals	biolink:PhenotypicQuality	#Cnidaria (Corals)	BacDive_Isolation_category_3	61
kgmicrobe.trait:fusidate	biolink:PhenotypicQuality	fusidate	BacDive_Antibiotic_resistance|BacDive_Antibiotic_sensitivity|BacDive_Metabolite_utilization	61
kgmicrobe.trait:5_5_8	biolink:PhenotypicQuality	5.5-8	BacDive_pH_for_growth	60
kgmicrobe.trait:cephalexin	biolink:PhenotypicQuality	cephalexin	BacDive_Antibiotic_resistance|BacDive_Antibiotic_sensitivity|BacDive_Metabolite_utilization	60
kgmicrobe.trait:chitin	biolink:PhenotypicQuality	chitin	BacDive_Metabolite_utilization	60
kgmicrobe.trait:minocycline	biolink:PhenotypicQuality	minocycline	BacDive_Antibiotic_resistance|BacDive_Antibiotic_sensitivity|BacDive_Metabolite_utilization	60
kgmicrobe.trait:psychrophilic_10_c	biolink:PhenotypicQuality	#Psychrophilic (<10°C)	BacDive_Isolation_category_2	60
kgmicrobe.trait:0_4_0_7	biolink:PhenotypicQuality	0.4-0.7	BacDive_Cell_length|BacDive_Cell_width|BacDive_Colony_size	59
kgmicrobe.trait:1_sodium_lactate	biolink:PhenotypicQuality	1 % sodium lactate	BacDive_Antibiotic_resistance|BacDive_Antibiotic_sensitivity|BacDive_Metabolite_utilization	59
kgmicrobe.trait:4_40	biolink:PhenotypicQuality	4-40	BacDive_Temperature_for_growth	59
kgmicrobe.trait:hot	biolink:PhenotypicQuality	#Hot	BacDive_Isolation_category_2	59
kgmicrobe.trait:potassium_gluconate	biolink:PhenotypicQuality	potassium gluconate	BacDive_Metabolite_utilization	59
kgmicrobe.trait:rodentia_other	biolink:PhenotypicQuality	#Rodentia (Other)	BacDive_Isolation_category_3	59
kgmicrobe.trait:06_11	biolink:PhenotypicQuality	06-11	BacDive_pH_for_growth	58
kgmicrobe.trait:3_o_methyl_d_glucose	biolink:PhenotypicQuality	3-O-methyl-D-glucose	BacDive_Metabolite_utilization	58
kgmicrobe.trait:anaerobic_digestor	biolink:PhenotypicQuality	#Anaerobic digestor	BacDive_Isolation_category_3	58
kgmicrobe.trait:cis_aconitate	biolink:PhenotypicQuality	cis-aconitate	BacDive_Metabolite_utilization	58
kgmicrobe.trait:0_4_0_8	biolink:PhenotypicQuality	0.4-0.8	BacDive_Cell_length|BacDive_Cell_width|BacDive_Colony_size	57
kgmicrobe.trait:1_5_2_5	biolink:PhenotypicQuality	1.5-2.5	BacDive_Cell_length|BacDive_Colony_size|BacDive_Salt_concentration	57
kgmicrobe.trait:22_30	biolink:PhenotypicQuality	22-30	BacDive_Temperature_for_growth	57
kgmicrobe.trait:5_8	biolink:PhenotypicQuality	5-8	BacDive_Cell_length|BacDive_Colony_size|BacDive_Salt_concentration|BacDive_pH_for_growth	57
kgmicrobe.trait:meat	biolink:PhenotypicQuality	#Meat	BacDive_Isolation_category_3	57
kgmicrobe.trait:xerophilic	biolink:PhenotypicQuality	#Xerophilic	BacDive_Isolation_category_2	57
kgmicrobe.trait:child	biolink:PhenotypicQuality	#Child	BacDive_Isolation_category_3	56
kgmicrobe.trait:groundwater	biolink:PhenotypicQuality	#Groundwater	BacDive_Isolation_category_3	56
kgmicrobe.trait:protease	biolink:PhenotypicQuality	protease	BacDive_Enzyme_activity	56
kgmicrobe.trait:swab	biolink:PhenotypicQuality	#Swab	BacDive_Isolation_category_3	56
kgmicrobe.trait:42	biolink:PhenotypicQuality	42	BacDive_Temperature_for_growth	55
kgmicrobe.trait:6_9_5	biolink:PhenotypicQuality	6-9.5	BacDive_pH_for_growth	55
kgmicrobe.trait:glucosamine	biolink:PhenotypicQuality	glucosamine	BacDive_Metabolite_utilization	55
kgmicrobe.trait:medical_environment	biolink:PhenotypicQuality	#Medical environment	BacDive_Isolation_category_2	55
kgmicrobe.trait:nematoda	biolink:PhenotypicQuality	#Nematoda	BacDive_Isolation_category_3	55
kgmicrobe.trait:phenylalanine	biolink:PhenotypicQuality	phenylalanine	BacDive_Metabolite_production|BacDive_Metabolite_utilization	55
kgmicrobe.trait:0_7_0_8	biolink:PhenotypicQuality	0.7-0.8	BacDive_Cell_length|BacDive_Cell_width|BacDive_Colony_size	54
kgmicrobe.trait:25_42	biolink:PhenotypicQuality	25-42	BacDive_Temperature_for_growth	54
kgmicrobe.trait:3_4	biolink:PhenotypicQuality	3-4	BacDive_Cell_length|BacDive_Colony_size|BacDive_Salt_concentration	54
kgmicrobe.trait:4_nitrophenyl_beta_d_galactopyranoside	biolink:PhenotypicQuality	4-nitrophenyl beta-D-galactopyranoside	BacDive_Enzyme_activity|BacDive_Metabolite_utilization	54
kgmicrobe.trait:l_serine	biolink:PhenotypicQuality	L-serine	BacDive_Metabolite_utilization	54
kgmicrobe.trait:tooth	biolink:PhenotypicQuality	#Tooth	BacDive_Isolation_category_3	54
kgmicrobe.trait:0_12	biolink:PhenotypicQuality	0-12	BacDive_Salt_concentration	53
kgmicrobe.trait:20_50	biolink:PhenotypicQuality	20-50	BacDive_Temperature_for_growth	53
kgmicrobe.trait:6_8_5	biolink:PhenotypicQuality	6-8.5	BacDive_pH_for_growth	53
kgmicrobe.trait:d_tryptophan	biolink:PhenotypicQuality	D-tryptophan	BacDive_Metabolite_utilization	53
kgmicrobe.trait:estuary	biolink:PhenotypicQuality	#Estuary	BacDive_Isolation_category_3	53
kgmicrobe.trait:glacier	biolink:PhenotypicQuality	#Glacier	BacDive_Isolation_category_3	53
kgmicrobe.trait:alginate	biolink:PhenotypicQuality	alginate	BacDive_Metabolite_utilization	52
kgmicrobe.trait:fungi	biolink:PhenotypicQuality	#Fungi	BacDive_Isolation_category_2	52
kgmicrobe.trait:primates	biolink:PhenotypicQuality	#Primates	BacDive_Isolation_category_3	52
kgmicrobe.trait:25_40	biolink:PhenotypicQuality	25-40	BacDive_Temperature_for_growth	51
kgmicrobe.trait:2_8	biolink:PhenotypicQuality	2-8	BacDive_Cell_length|BacDive_Colony_size|BacDive_Salt_concentration	51
kgmicrobe.pathway:nitrite_ammonification	biolink:BiologicalProcess	nitrite_ammonification	faprotax:type_of_metabolism	50
kgmicrobe.trait:0_6_0_9	biolink:PhenotypicQuality	0.6-0.9	BacDive_Cell_length|BacDive_Cell_width|BacDive_Colony_size	50
kgmicrobe.trait:1_5_2_0	biolink:PhenotypicQuality	1.5-2.0	BacDive_Cell_length|BacDive_Cell_width|BacDive_Colony_size|BacDive_Salt_concentration	50
kgmicrobe.trait:6_5_9	biolink:PhenotypicQuality	6.5-9	BacDive_pH_for_growth	50
kgmicrobe.trait:6_5_9_5	biolink:PhenotypicQuality	6.5-9.5	BacDive_pH_for_growth	50
kgmicrobe.trait:ice	biolink:PhenotypicQuality	#Ice	BacDive_Isolation_category_3	50
kgmicrobe.trait:large_intestine	biolink:PhenotypicQuality	#Large intestine	BacDive_Isolation_category_3	50
kgmicrobe.trait:spectinomycin	biolink:PhenotypicQuality	spectinomycin	BacDive_Antibiotic_resistance|BacDive_Antibiotic_sensitivity|BacDive_Metabolite_production	50
kgmicrobe.trait:02_03	biolink:PhenotypicQuality	02-03	BacDive_Cell_length|BacDive_Salt_concentration	49
kgmicrobe.trait:industrial_production	biolink:PhenotypicQuality	#Industrial production	BacDive_Isolation_category_3	49
kgmicrobe.trait:phenylalanine_ammonia_lyase	biolink:PhenotypicQuality	phenylalanine ammonia-lyase	BacDive_Enzyme_activity	49
kgmicrobe.trait:ribitol	biolink:PhenotypicQuality	ribitol	BacDive_Metabolite_utilization	49
kgmicrobe.pathway:nitrate_ammonification	biolink:BiologicalProcess	nitrate_ammonification	faprotax:type_of_metabolism	48
kgmicrobe.trait:04_40	biolink:PhenotypicQuality	04-40	BacDive_Temperature_for_growth	48
kgmicrobe.trait:20_42	biolink:PhenotypicQuality	20-42	BacDive_Temperature_for_growth	48
kgmicrobe.trait:22_41	biolink:PhenotypicQuality	22-41	BacDive_Temperature_for_growth	48
kgmicrobe.trait:equidae_horse	biolink:PhenotypicQuality	#Equidae (Horse)	BacDive_Isolation_category_3	48
kgmicrobe.trait:g_l	biolink:PhenotypicQuality	g/L	BacDive_Salt_concentration_unit	48
kgmicrobe.trait:l_malate	biolink:PhenotypicQuality	L-malate	BacDive_Metabolite_utilization	48
kgmicrobe.trait:methyl_alpha_d_glucopyranoside	biolink:PhenotypicQuality	methyl alpha-D-glucopyranoside	BacDive_Metabolite_utilization	48
kgmicrobe.trait:nitrofurantoin	biolink:PhenotypicQuality	nitrofurantoin	BacDive_Antibiotic_resistance|BacDive_Antibiotic_sensitivity	48
kgmicrobe.trait:peptone	biolink:PhenotypicQuality	peptone	BacDive_Metabolite_utilization	48
kgmicrobe.trait:seafood	biolink:PhenotypicQuality	#Seafood	BacDive_Isolation_category_3	48
kgmicrobe.trait:turanose	biolink:PhenotypicQuality	turanose	BacDive_Metabolite_utilization	48
kgmicrobe.trait:1_5_2	biolink:PhenotypicQuality	1.5-2	BacDive_Cell_length|BacDive_Cell_width|BacDive_Colony_size|BacDive_Salt_concentration	47
kgmicrobe.trait:3_25	biolink:PhenotypicQuality	3.25	BacDive_Cell_length|BacDive_Cell_width|BacDive_Salt_concentration	47
kgmicrobe.trait:7_0_9_0	biolink:PhenotypicQuality	7.0-9.0	BacDive_pH_for_growth	47
kgmicrobe.trait:container_reservoir	biolink:PhenotypicQuality	#Container (Reservoir)	BacDive_Isolation_category_3	47
kgmicrobe.trait:potassium_5_ketogluconate	biolink:PhenotypicQuality	Potassium 5-ketogluconate	BacDive_Metabolite_utilization	47
kgmicrobe.trait:6_5_9_0	biolink:PhenotypicQuality	6.5-9.0	BacDive_pH_for_growth	46
kgmicrobe.trait:9	biolink:PhenotypicQuality	9	BacDive_Cell_length|BacDive_Salt_concentration|BacDive_Temperature_for_growth|BacDive_pH_for_growth	46
kgmicrobe.trait:clinic	biolink:PhenotypicQuality	#Clinic	BacDive_Isolation_category_3	46
kgmicrobe.trait:melanin	biolink:PhenotypicQuality	melanin	BacDive_Metabolite_production	46
kgmicrobe.trait:yeast_extract	biolink:PhenotypicQuality	yeast extract	BacDive_Metabolite_utilization	46
kgmicrobe.pathway:methanogenesis_by_disproportionation_of_methyl_groups	biolink:BiologicalProcess	methanogenesis_by_disproportionation_of_methyl_groups	faprotax:type_of_metabolism	45
kgmicrobe.trait:4_35	biolink:PhenotypicQuality	4-35	BacDive_Salt_concentration|BacDive_Temperature_for_growth	45
kgmicrobe.trait:5_41	biolink:PhenotypicQuality	5-41	BacDive_Temperature_for_growth	45
kgmicrobe.trait:5_5_10	biolink:PhenotypicQuality	5.5-10	BacDive_pH_for_growth	45
kgmicrobe.trait:6_0_8_5	biolink:PhenotypicQuality	6.0-8.5	BacDive_pH_for_growth	45
kgmicrobe.trait:85	biolink:PhenotypicQuality	85	BacDive_Temperature_for_growth	45
kgmicrobe.trait:erythritol	biolink:PhenotypicQuality	erythritol	BacDive_Antibiotic_sensitivity|BacDive_Metabolite_utilization	45
kgmicrobe.trait:valerate	biolink:PhenotypicQuality	valerate	BacDive_Metabolite_utilization	45
kgmicrobe.trait:01_03	biolink:PhenotypicQuality	01-03	BacDive_Cell_length|BacDive_Salt_concentration	44
kgmicrobe.trait:01_05	biolink:PhenotypicQuality	01-05	BacDive_Cell_length|BacDive_Salt_concentration|BacDive_Temperature_for_growth	44
kgmicrobe.trait:0_5_5	biolink:PhenotypicQuality	0.5-5	BacDive_Colony_size|BacDive_Salt_concentration	44
kgmicrobe.trait:0_8_1_5	biolink:PhenotypicQuality	0.8-1.5	BacDive_Cell_length|BacDive_Cell_width|BacDive_Colony_size	44
kgmicrobe.trait:1_0_3_0	biolink:PhenotypicQuality	1.0-3.0	BacDive_Cell_length|BacDive_Colony_size|BacDive_Salt_concentration	44
kgmicrobe.trait:2_75	biolink:PhenotypicQuality	2.75	BacDive_Cell_length|BacDive_Cell_width|BacDive_Salt_concentration	44
kgmicrobe.trait:4_45	biolink:PhenotypicQuality	4-45	BacDive_Temperature_for_growth	44
kgmicrobe.trait:7_9	biolink:PhenotypicQuality	7-9	BacDive_pH_for_growth	44
kgmicrobe.trait:curved_shaped	biolink:PhenotypicQuality	curved-shaped	BacDive_Cell_shape	44
kgmicrobe.trait:decomposing_animal	biolink:PhenotypicQuality	#Decomposing animal	BacDive_Isolation_category_3	44
kgmicrobe.trait:glutamate_decarboxylase	biolink:PhenotypicQuality	glutamate decarboxylase	BacDive_Enzyme_activity	44
kgmicrobe.trait:mouth	biolink:PhenotypicQuality	#Mouth	BacDive_Isolation_category_3	44
kgmicrobe.trait:0_1_0	biolink:PhenotypicQuality	0-1.0	BacDive_Salt_concentration	43
kgmicrobe.trait:18_37	biolink:PhenotypicQuality	18-37	BacDive_Temperature_for_growth	43
kgmicrobe.trait:20_35	biolink:PhenotypicQuality	20-35	BacDive_Temperature_for_growth	43
kgmicrobe.trait:clarithromycin	biolink:PhenotypicQuality	clarithromycin	BacDive_Antibiotic_resistance|BacDive_Antibiotic_sensitivity	43
kgmicrobe.pathway:aerobic_anoxygenic_phototrophy	biolink:BiologicalProcess	aerobic_anoxygenic_phototrophy	faprotax:type_of_metabolism	42
kgmicrobe.pathway:knallgas_bacteria	biolink:BiologicalProcess	knallgas_bacteria	faprotax:type_of_metabolism	42
kgmicrobe.trait:05_11	biolink:PhenotypicQuality	05-11	BacDive_pH_for_growth	42
kgmicrobe.trait:0_0_2_0	biolink:PhenotypicQuality	0.0-2.0	BacDive_Salt_concentration	42
kgmicrobe.trait:1_9	biolink:PhenotypicQuality	1-9	BacDive_Cell_length|BacDive_Salt_concentration	42
kgmicrobe.trait:airways	biolink:PhenotypicQuality	#Airways	BacDive_Isolation_category_3	42
kgmicrobe.trait:imipenem	biolink:PhenotypicQuality	imipenem	BacDive_Antibiotic_resistance|BacDive_Antibiotic_sensitivity	42
kgmicrobe.trait:piperacillin	biolink:PhenotypicQuality	piperacillin	BacDive_Antibiotic_resistance|BacDive_Antibiotic_sensitivity	42
kgmicrobe.trait:01_02	biolink:PhenotypicQuality	01-02	BacDive_Cell_length|BacDive_Salt_concentration	41
kgmicrobe.trait:07_10	biolink:PhenotypicQuality	07-10	BacDive_pH_for_growth	41
kgmicrobe.trait:1_5_3_0	biolink:PhenotypicQuality	1.5-3.0	BacDive_Cell_length|BacDive_Colony_size|BacDive_Salt_concentration	41
kgmicrobe.trait:4_10	biolink:PhenotypicQuality	4-10	BacDive_Cell_length|BacDive_Salt_concentration|BacDive_pH_for_growth	41
kgmicrobe.trait:7_8	biolink:PhenotypicQuality	7-8	BacDive_Colony_size|BacDive_Salt_concentration|BacDive_pH_for_growth	41
kgmicrobe.trait:bark	biolink:PhenotypicQuality	#Bark	BacDive_Isolation_category_3	41
kgmicrobe.trait:colistin	biolink:PhenotypicQuality	colistin	BacDive_Antibiotic_resistance|BacDive_Antibiotic_sensitivity	41
kgmicrobe.trait:crustacea	biolink:PhenotypicQuality	#Crustacea	BacDive_Isolation_category_3	41
kgmicrobe.trait:dihydrogen	biolink:PhenotypicQuality	dihydrogen	BacDive_Metabolite_production|BacDive_Metabolite_utilization	41
kgmicrobe.trait:methyl_beta_d_glucopyranoside	biolink:PhenotypicQuality	methyl beta-D-glucopyranoside	BacDive_Metabolite_utilization	41
kgmicrobe.trait:oxytetracycline	biolink:PhenotypicQuality	oxytetracycline	BacDive_Antibiotic_resistance|BacDive_Antibiotic_sensitivity|BacDive_Metabolite_production	41
kgmicrobe.trait:specimen	biolink:PhenotypicQuality	#Specimen	BacDive_Isolation_category_3	41
kgmicrobe.trait:0_0_3_0	biolink:PhenotypicQuality	0.0-3.0	BacDive_Salt_concentration	40
kgmicrobe.trait:0_7_1_2	biolink:PhenotypicQuality	0.7-1.2	BacDive_Cell_length|BacDive_Cell_width|BacDive_Colony_size	40
kgmicrobe.trait:18	biolink:PhenotypicQuality	<18	BacDive_Cell_length|BacDive_Salt_concentration|BacDive_Temperature_for_growth	40
kgmicrobe.trait:1_0	biolink:PhenotypicQuality	<1.0	BacDive_Cell_length|BacDive_Colony_size|BacDive_Salt_concentration|BacDive_Temperature_for_growth	40
kgmicrobe.trait:aquatic_plant	biolink:PhenotypicQuality	#Aquatic plant	BacDive_Isolation_category_3	40
kgmicrobe.pathway:reductive_acetogenesis	biolink:BiologicalProcess	reductive_acetogenesis	faprotax:type_of_metabolism	39
kgmicrobe.trait:0_5_10	biolink:PhenotypicQuality	0.5-10	BacDive_Cell_length|BacDive_Salt_concentration	39
kgmicrobe.trait:28_30	biolink:PhenotypicQuality	28-30	BacDive_Temperature_for_growth	39
kgmicrobe.trait:butanol	biolink:PhenotypicQuality	butanol	BacDive_Metabolite_production|BacDive_Metabolite_utilization	39
kgmicrobe.trait:echinodermata	biolink:PhenotypicQuality	#Echinodermata	BacDive_Isolation_category_3	39
kgmicrobe.trait:galactitol	biolink:PhenotypicQuality	galactitol	BacDive_Metabolite_utilization	39
kgmicrobe.trait:gamma_aminobutyric_acid	biolink:PhenotypicQuality	gamma-aminobutyric acid	BacDive_Metabolite_production|BacDive_Metabolite_utilization	39
kgmicrobe.trait:itaconate	biolink:PhenotypicQuality	itaconate	BacDive_Metabolite_utilization	39
kgmicrobe.trait:04_35	biolink:PhenotypicQuality	04-35	BacDive_Temperature_for_growth	38
kgmicrobe.trait:0_7_5	biolink:PhenotypicQuality	0-7.5	BacDive_Salt_concentration	38
kgmicrobe.trait:0_9_1_1	biolink:PhenotypicQuality	0.9-1.1	BacDive_Cell_length|BacDive_Cell_width	38
kgmicrobe.trait:1_05	biolink:PhenotypicQuality	1.05	BacDive_Cell_length|BacDive_Cell_width	38
kgmicrobe.trait:1_0_2_5	biolink:PhenotypicQuality	1.0-2.5	BacDive_Cell_length|BacDive_Cell_width|BacDive_Colony_size|BacDive_Salt_concentration	38
kgmicrobe.trait:27	biolink:PhenotypicQuality	27	BacDive_Salt_concentration|BacDive_Temperature_for_growth	38
kgmicrobe.trait:2_0_4_0	biolink:PhenotypicQuality	2.0-4.0	BacDive_Cell_length|BacDive_Cell_width|BacDive_Colony_size|BacDive_Salt_concentration	38
kgmicrobe.trait:7_0_8_0	biolink:PhenotypicQuality	7.0-8.0	BacDive_Salt_concentration|BacDive_pH_for_growth	38
kgmicrobe.trait:80	biolink:PhenotypicQuality	80	BacDive_Temperature_for_growth	38
kgmicrobe.trait:cephradine	biolink:PhenotypicQuality	cephradine	BacDive_Antibiotic_resistance|BacDive_Antibiotic_sensitivity	38
kgmicrobe.trait:green_algae	biolink:PhenotypicQuality	#Green algae	BacDive_Isolation_category_3	38
kgmicrobe.trait:leucine_aminopeptidase	biolink:PhenotypicQuality	leucine aminopeptidase	BacDive_Enzyme_activity	38
kgmicrobe.trait:potassium_5_dehydro_d_gluconate	biolink:PhenotypicQuality	potassium 5-dehydro-D-gluconate	BacDive_Metabolite_utilization	38
kgmicrobe.compound:2	biolink:ChemicalEntity	2	bergey:major_end_products|bergey:minor_end_products|bergey:substrates	37
kgmicrobe.pathway:dark_iron_oxidation	biolink:BiologicalProcess	dark_iron_oxidation	faprotax:type_of_metabolism	37
kgmicrobe.trait:0_3_0_7	biolink:PhenotypicQuality	0.3-0.7	BacDive_Cell_length|BacDive_Cell_width	37
kgmicrobe.trait:1_35	biolink:PhenotypicQuality	1.35	BacDive_Cell_length|BacDive_Cell_width|BacDive_Temperature_for_growth	37
kgmicrobe.trait:5_0	biolink:PhenotypicQuality	5.0	BacDive_Cell_length|BacDive_Colony_size|BacDive_Salt_concentration|BacDive_pH_for_growth	37
kgmicrobe.trait:5_25	biolink:PhenotypicQuality	5-25	BacDive_Cell_length|BacDive_Salt_concentration|BacDive_Temperature_for_growth	37
kgmicrobe.trait:beta_mannosidase	biolink:PhenotypicQuality	beta-mannosidase	BacDive_Enzyme_activity	37
kgmicrobe.trait:co_trimoxazole	biolink:PhenotypicQuality	co-trimoxazole	BacDive_Antibiotic_resistance|BacDive_Antibiotic_sensitivity	37
kgmicrobe.trait:pullulan	biolink:PhenotypicQuality	pullulan	BacDive_Metabolite_utilization	37
kgmicrobe.trait:sodium_citrate	biolink:PhenotypicQuality	sodium citrate	BacDive_Metabolite_utilization	37
kgmicrobe.trait:tyrosine	biolink:PhenotypicQuality	tyrosine	BacDive_Antibiotic_resistance|BacDive_Metabolite_utilization	37
kgmicrobe.trait:1_0_1_2	biolink:PhenotypicQuality	1.0-1.2	BacDive_Cell_length|BacDive_Cell_width|BacDive_Colony_size	36
kgmicrobe.trait:1_1_2	biolink:PhenotypicQuality	1-1.2	BacDive_Cell_length|BacDive_Cell_width|BacDive_Colony_size	36
kgmicrobe.trait:2_1	biolink:PhenotypicQuality	2.1	BacDive_Cell_length|BacDive_Cell_width|BacDive_Salt_concentration	36
kgmicrobe.trait:2_15	biolink:PhenotypicQuality	2.15	BacDive_Cell_length|BacDive_Cell_width|BacDive_Salt_concentration|BacDive_Temperature_for_growth	36
kgmicrobe.trait:6_5_8_0	biolink:PhenotypicQuality	6.5-8.0	BacDive_pH_for_growth	36
kgmicrobe.trait:annelida	biolink:PhenotypicQuality	#Annelida	BacDive_Isolation_category_3	36
kgmicrobe.trait:carbon_dioxide	biolink:PhenotypicQuality	carbon dioxide	BacDive_Metabolite_production|BacDive_Metabolite_utilization	36
kgmicrobe.trait:d_serine	biolink:PhenotypicQuality	d-serine	BacDive_Antibiotic_resistance|BacDive_Antibiotic_sensitivity|BacDive_Metabolite_utilization	36
kgmicrobe.trait:lithium_chloride	biolink:PhenotypicQuality	lithium chloride	BacDive_Antibiotic_resistance|BacDive_Antibiotic_sensitivity|BacDive_Metabolite_utilization	36
kgmicrobe.trait:urine	biolink:PhenotypicQuality	#Urine	BacDive_Isolation_category_3	36
kgmicrobe.trait:07_08	biolink:PhenotypicQuality	07-08	BacDive_Salt_concentration|BacDive_pH_for_growth	35
kgmicrobe.trait:0_7_1_0	biolink:PhenotypicQuality	0.7-1.0	BacDive_Cell_length|BacDive_Cell_width|BacDive_Colony_size	35
kgmicrobe.trait:6_0_11_0	biolink:PhenotypicQuality	6.0-11.0	BacDive_Cell_length|BacDive_pH_for_growth	35
kgmicrobe.trait:agar	biolink:PhenotypicQuality	agar	BacDive_Metabolite_utilization	35
kgmicrobe.trait:aquatic_mammal	biolink:PhenotypicQuality	#Aquatic mammal	BacDive_Isolation_category_3	35
kgmicrobe.trait:arginine_arylamidase	biolink:PhenotypicQuality	arginine arylamidase	BacDive_Enzyme_activity	35
kgmicrobe.trait:creatine	biolink:PhenotypicQuality	creatine	BacDive_Metabolite_utilization	35
kgmicrobe.trait:nitrate_reductase	biolink:PhenotypicQuality	nitrate reductase	BacDive_Enzyme_activity	35
kgmicrobe.trait:vegetable_incl_grains	biolink:PhenotypicQuality	#Vegetable (incl. Grains)	BacDive_Isolation_category_3	35
kgmicrobe.trait:vibrio_shaped	biolink:PhenotypicQuality	vibrio-shaped	BacDive_Cell_shape	35
kgmicrobe.pathway:manganese_oxidation	biolink:BiologicalProcess	manganese_oxidation	faprotax:type_of_metabolism	34
kgmicrobe.trait:0_5_0_9	biolink:PhenotypicQuality	0.5-0.9	BacDive_Cell_length|BacDive_Cell_width|BacDive_Colony_size	34
kgmicrobe.trait:0_5_2_0	biolink:PhenotypicQuality	0.5-2.0	BacDive_Cell_length|BacDive_Cell_width|BacDive_Colony_size|BacDive_Salt_concentration	34
kgmicrobe.trait:0_5_8	biolink:PhenotypicQuality	0.5-8	BacDive_Salt_concentration	34
kgmicrobe.trait:0_6_1	biolink:PhenotypicQuality	0.6-1	BacDive_Cell_length|BacDive_Cell_width|BacDive_Colony_size	34
kgmicrobe.trait:0_95	biolink:PhenotypicQuality	0.95	BacDive_Cell_length|BacDive_Cell_width|BacDive_Colony_size	34
kgmicrobe.trait:5_5_8_0	biolink:PhenotypicQuality	5.5-8.0	BacDive_Cell_length|BacDive_pH_for_growth	34
kgmicrobe.trait:5_8_5	biolink:PhenotypicQuality	5-8.5	BacDive_pH_for_growth	34
kgmicrobe.trait:6_5_7_5	biolink:PhenotypicQuality	6.5-7.5	BacDive_pH_for_growth	34
kgmicrobe.trait:core_sample	biolink:PhenotypicQuality	#Core sample	BacDive_Isolation_category_3	34
kgmicrobe.trait:gingiva	biolink:PhenotypicQuality	#Gingiva	BacDive_Isolation_category_3	34
kgmicrobe.pathway:plastic_degradation	biolink:BiologicalProcess	plastic_degradation	faprotax:type_of_metabolism	33
kgmicrobe.trait:0_0_0_5	biolink:PhenotypicQuality	0.0-0.5	BacDive_Salt_concentration	33
kgmicrobe.trait:0_20	biolink:PhenotypicQuality	0-20	BacDive_Salt_concentration|BacDive_Temperature_for_growth	33
kgmicrobe.trait:0_5_6	biolink:PhenotypicQuality	0.5-6	BacDive_Cell_length|BacDive_Salt_concentration	33
kgmicrobe.trait:0_6_1_0	biolink:PhenotypicQuality	0.6-1.0	BacDive_Cell_length|BacDive_Cell_width|BacDive_Colony_size|BacDive_Salt_concentration	33
kgmicrobe.trait:1_2_1_5	biolink:PhenotypicQuality	1.2-1.5	BacDive_Cell_length|BacDive_Cell_width	33
kgmicrobe.trait:25_50	biolink:PhenotypicQuality	25-50	BacDive_Temperature_for_growth	33
kgmicrobe.trait:6_0_9_5	biolink:PhenotypicQuality	6.0-9.5	BacDive_pH_for_growth	33
kgmicrobe.trait:beta_galactosidase_6_phosphate	biolink:PhenotypicQuality	beta-Galactosidase 6-phosphate	BacDive_Enzyme_activity	33
kgmicrobe.trait:brown_algae	biolink:PhenotypicQuality	#Brown Algae	BacDive_Isolation_category_3	33
kgmicrobe.trait:d_malate	biolink:PhenotypicQuality	D-malate	BacDive_Metabolite_utilization	33
kgmicrobe.trait:heavy_metal	biolink:PhenotypicQuality	#Heavy metal	BacDive_Isolation_category_3	33
kgmicrobe.trait:l_lysine	biolink:PhenotypicQuality	L-lysine	BacDive_Metabolite_utilization	33
kgmicrobe.trait:peat_moss	biolink:PhenotypicQuality	#Peat moss	BacDive_Isolation_category_3	33
kgmicrobe.trait:potassium_tellurite	biolink:PhenotypicQuality	potassium tellurite	BacDive_Antibiotic_resistance|BacDive_Antibiotic_sensitivity|BacDive_Metabolite_utilization	33
kgmicrobe.trait:salmonidae	biolink:PhenotypicQuality	#Salmonidae	BacDive_Isolation_category_3	33
kgmicrobe.trait:vagina	biolink:PhenotypicQuality	#Vagina	BacDive_Isolation_category_3	33
kgmicrobe.trait:01_10	biolink:PhenotypicQuality	01-10	BacDive_Cell_length|BacDive_Salt_concentration	32
kgmicrobe.trait:25_35	biolink:PhenotypicQuality	25-35	BacDive_Temperature_for_growth	32
kgmicrobe.trait:2_0	biolink:PhenotypicQuality	>2.0	BacDive_Cell_length|BacDive_Colony_size|BacDive_Salt_concentration	32
kgmicrobe.trait:6_phospho_beta_galactosidase	biolink:PhenotypicQuality	6-phospho-beta-galactosidase	BacDive_Enzyme_activity	32
kgmicrobe.trait:guanidinium_chloride	biolink:PhenotypicQuality	guanidinium chloride	BacDive_Antibiotic_resistance|BacDive_Antibiotic_sensitivity|BacDive_Metabolite_utilization	32
kgmicrobe.trait:livestock_husbandry	biolink:PhenotypicQuality	#Livestock (Husbandry)	BacDive_Isolation_category_3	32
kgmicrobe.trait:02_04	biolink:PhenotypicQuality	02-04	BacDive_Cell_length|BacDive_Salt_concentration	31
kgmicrobe.trait:05_35	biolink:PhenotypicQuality	05-35	BacDive_Temperature_for_growth	31
kgmicrobe.trait:0_8_1_1	biolink:PhenotypicQuality	0.8-1.1	BacDive_Cell_length|BacDive_Cell_width|BacDive_Colony_size	31
kgmicrobe.trait:12	biolink:PhenotypicQuality	12	BacDive_Cell_length|BacDive_Salt_concentration|BacDive_Temperature_for_growth|BacDive_pH_for_growth	31
kgmicrobe.trait:30_42	biolink:PhenotypicQuality	30-42	BacDive_Temperature_for_growth	31
kgmicrobe.trait:benzoate	biolink:PhenotypicQuality	benzoate	BacDive_Metabolite_utilization	31
kgmicrobe.trait:blood_culture	biolink:PhenotypicQuality	#Blood culture	BacDive_Isolation_category_3	31
kgmicrobe.trait:serine_arylamidase	biolink:PhenotypicQuality	serine arylamidase	BacDive_Enzyme_activity	31
kgmicrobe.trait:sodium_thiosulfate	biolink:PhenotypicQuality	sodium thiosulfate	BacDive_Metabolite_utilization	31
kgmicrobe.trait:threonine	biolink:PhenotypicQuality	threonine	BacDive_Metabolite_utilization	31
kgmicrobe.trait:tunicata	biolink:PhenotypicQuality	#Tunicata	BacDive_Isolation_category_3	31
kgmicrobe.trait:01_06	biolink:PhenotypicQuality	01-06	BacDive_Cell_length|BacDive_Salt_concentration	30
kgmicrobe.trait:02_05	biolink:PhenotypicQuality	02-05	BacDive_Cell_length|BacDive_Salt_concentration	30
kgmicrobe.trait:04_42	biolink:PhenotypicQuality	04-42	BacDive_Temperature_for_growth	30
kgmicrobe.trait:04_45	biolink:PhenotypicQuality	04-45	BacDive_Temperature_for_growth	30
kgmicrobe.trait:15_50	biolink:PhenotypicQuality	15-50	BacDive_Cell_length|BacDive_Temperature_for_growth	30
kgmicrobe.trait:2_7	biolink:PhenotypicQuality	2.7	BacDive_Cell_length|BacDive_Colony_size|BacDive_Salt_concentration|BacDive_pH_for_growth	30
kgmicrobe.trait:4_0_8_0	biolink:PhenotypicQuality	4.0-8.0	BacDive_Cell_length|BacDive_Colony_size|BacDive_Salt_concentration|BacDive_pH_for_growth	30
kgmicrobe.trait:caecal_content	biolink:PhenotypicQuality	#Caecal content	BacDive_Isolation_category_3	30
kgmicrobe.trait:d_aspartate	biolink:PhenotypicQuality	D-aspartate	BacDive_Metabolite_utilization	30
kgmicrobe.trait:01_07	biolink:PhenotypicQuality	01-07	BacDive_Cell_length|BacDive_Salt_concentration	29
kgmicrobe.trait:0_8_1_3	biolink:PhenotypicQuality	0.8-1.3	BacDive_Cell_length|BacDive_Cell_width	29
kgmicrobe.trait:0_9_1_5	biolink:PhenotypicQuality	0.9-1.5	BacDive_Cell_length|BacDive_Cell_width|BacDive_Colony_size	29
kgmicrobe.trait:1_45	biolink:PhenotypicQuality	1.45	BacDive_Cell_length|BacDive_Cell_width|BacDive_Salt_concentration	29
kgmicrobe.trait:4_25	biolink:PhenotypicQuality	4.25	BacDive_Cell_length|BacDive_Salt_concentration|BacDive_Temperature_for_growth	29
kgmicrobe.trait:4_42	biolink:PhenotypicQuality	4-42	BacDive_Temperature_for_growth	29
kgmicrobe.trait:4_9	biolink:PhenotypicQuality	4-9	BacDive_Cell_length|BacDive_Salt_concentration|BacDive_pH_for_growth	29
kgmicrobe.trait:5_5_7_5	biolink:PhenotypicQuality	5.5-7.5	BacDive_pH_for_growth	29
kgmicrobe.trait:6_5_8	biolink:PhenotypicQuality	6.5-8	BacDive_pH_for_growth	29
kgmicrobe.trait:75	biolink:PhenotypicQuality	75	BacDive_Temperature_for_growth	29
kgmicrobe.trait:acetylspiramycin	biolink:PhenotypicQuality	acetylspiramycin	BacDive_Antibiotic_resistance|BacDive_Antibiotic_sensitivity	29
kgmicrobe.trait:cefepime	biolink:PhenotypicQuality	cefepime	BacDive_Antibiotic_resistance|BacDive_Antibiotic_sensitivity	29
kgmicrobe.trait:clavulanic_acid	biolink:PhenotypicQuality	clavulanic acid	BacDive_Antibiotic_resistance|BacDive_Antibiotic_sensitivity	29
kgmicrobe.trait:moss	biolink:PhenotypicQuality	#Moss	BacDive_Isolation_category_3	29
kgmicrobe.trait:polymyxin	biolink:PhenotypicQuality	polymyxin	BacDive_Antibiotic_resistance|BacDive_Antibiotic_sensitivity	29
kgmicrobe.trait:throat	biolink:PhenotypicQuality	#Throat	BacDive_Isolation_category_3	29
kgmicrobe.trait:xylitol	biolink:PhenotypicQuality	xylitol	BacDive_Metabolite_utilization	29
kgmicrobe.pathway:human_pathogens_meningitis	biolink:BiologicalProcess	human_pathogens_meningitis	faprotax:type_of_metabolism	28
kgmicrobe.pathway:manganese_respiration	biolink:BiologicalProcess	manganese_respiration	faprotax:type_of_metabolism	28
kgmicrobe.trait:0_3_5	biolink:PhenotypicQuality	0-3.5	BacDive_Salt_concentration	28
kgmicrobe.trait:1_2_5	biolink:PhenotypicQuality	1-2.5	BacDive_Cell_length|BacDive_Cell_width|BacDive_Colony_size|BacDive_Salt_concentration	28
kgmicrobe.trait:7_10	biolink:PhenotypicQuality	7-10	BacDive_Salt_concentration|BacDive_pH_for_growth	28
kgmicrobe.trait:arid	biolink:PhenotypicQuality	#Arid	BacDive_Isolation_category_3	28
kgmicrobe.trait:d_rhamnose	biolink:PhenotypicQuality	D-rhamnose	BacDive_Metabolite_utilization	28
kgmicrobe.trait:eye	biolink:PhenotypicQuality	#Eye	BacDive_Isolation_category_3	28
kgmicrobe.trait:glycyl_l_glutamate	biolink:PhenotypicQuality	glycyl-l-glutamate	BacDive_Metabolite_utilization	28
kgmicrobe.trait:nose	biolink:PhenotypicQuality	#Nose	BacDive_Isolation_category_3	28
kgmicrobe.trait:permafrost	biolink:PhenotypicQuality	#Permafrost	BacDive_Isolation_category_3	28
kgmicrobe.trait:red_algae	biolink:PhenotypicQuality	#Red algae	BacDive_Isolation_category_3	28
kgmicrobe.trait:rifamycin_sv	biolink:PhenotypicQuality	rifamycin sv	BacDive_Antibiotic_resistance|BacDive_Antibiotic_sensitivity	28
kgmicrobe.trait:sulfate	biolink:PhenotypicQuality	sulfate	BacDive_Antibiotic_sensitivity|BacDive_Metabolite_utilization	28
kgmicrobe.pathway:human_pathogens_septicemia	biolink:BiologicalProcess	human_pathogens_septicemia	faprotax:type_of_metabolism	27
kgmicrobe.pathway:methanogenesis_using_formate	biolink:BiologicalProcess	methanogenesis_using_formate	faprotax:type_of_metabolism	27
kgmicrobe.trait:04_32	biolink:PhenotypicQuality	04-32	BacDive_Temperature_for_growth	27
kgmicrobe.trait:05_37	biolink:PhenotypicQuality	05-37	BacDive_Temperature_for_growth	27
kgmicrobe.trait:05_40	biolink:PhenotypicQuality	05-40	BacDive_Temperature_for_growth	27
kgmicrobe.trait:0_5_15	biolink:PhenotypicQuality	0.5-15	BacDive_Salt_concentration	27
kgmicrobe.trait:25_28	biolink:PhenotypicQuality	25-28	BacDive_Temperature_for_growth	27
kgmicrobe.trait:2_0_5_0	biolink:PhenotypicQuality	2.0-5.0	BacDive_Cell_length|BacDive_Colony_size|BacDive_Salt_concentration	27
kgmicrobe.trait:33	biolink:PhenotypicQuality	33	BacDive_Temperature_for_growth	27
kgmicrobe.trait:37_42	biolink:PhenotypicQuality	37-42	BacDive_Temperature_for_growth	27
kgmicrobe.trait:5_5_10_5	biolink:PhenotypicQuality	5.5-10.5	BacDive_pH_for_growth	27
kgmicrobe.trait:arylsulfatase	biolink:PhenotypicQuality	arylsulfatase	BacDive_Enzyme_activity	27
kgmicrobe.trait:citric_acid	biolink:PhenotypicQuality	citric acid	BacDive_Metabolite_utilization	27
kgmicrobe.trait:dl_carnitine	biolink:PhenotypicQuality	DL-carnitine	BacDive_Metabolite_utilization	27
kgmicrobe.trait:ear	biolink:PhenotypicQuality	#Ear	BacDive_Isolation_category_3	27
kgmicrobe.trait:grassland	biolink:PhenotypicQuality	#Grassland	BacDive_Isolation_category_3	27
kgmicrobe.trait:l_cysteine	biolink:PhenotypicQuality	L-cysteine	BacDive_Metabolite_utilization	27
kgmicrobe.trait:liver	biolink:PhenotypicQuality	#Liver	BacDive_Isolation_category_3	27
kgmicrobe.trait:lophotrichous	biolink:PhenotypicQuality	lophotrichous	BacDive_Flagellum_arrangement	27
kgmicrobe.trait:metronidazole	biolink:PhenotypicQuality	metronidazole	BacDive_Antibiotic_resistance|BacDive_Antibiotic_sensitivity	27
kgmicrobe.trait:nystatin	biolink:PhenotypicQuality	nystatin	BacDive_Antibiotic_resistance|BacDive_Antibiotic_sensitivity	27
kgmicrobe.trait:quinic_acid	biolink:PhenotypicQuality	(-)-quinic acid	BacDive_Metabolite_utilization	27
kgmicrobe.pathway:anoxygenic_photoautotrophy_h2_oxidizing	biolink:BiologicalProcess	anoxygenic_photoautotrophy_H2_oxidizing	faprotax:type_of_metabolism	26
kgmicrobe.pathway:dissimilatory_arsenate_reduction	biolink:BiologicalProcess	dissimilatory_arsenate_reduction	faprotax:type_of_metabolism	26
kgmicrobe.trait:05_07	biolink:PhenotypicQuality	05-07	BacDive_Salt_concentration|BacDive_pH_for_growth	26
kgmicrobe.trait:0_5_2	biolink:PhenotypicQuality	0.5-2	BacDive_Cell_length|BacDive_Colony_size|BacDive_Salt_concentration	26
kgmicrobe.trait:10_0	biolink:PhenotypicQuality	10.0	BacDive_Colony_size|BacDive_Salt_concentration|BacDive_Temperature_for_growth|BacDive_pH_for_growth	26
kgmicrobe.trait:15_0_40_0	biolink:PhenotypicQuality	15.0-40.0	BacDive_Temperature_for_growth	26
kgmicrobe.trait:1_0_4_0	biolink:PhenotypicQuality	1.0-4.0	BacDive_Cell_length|BacDive_Cell_width|BacDive_Colony_size|BacDive_Salt_concentration	26
kgmicrobe.trait:3_0_5_0	biolink:PhenotypicQuality	3.0-5.0	BacDive_Cell_length|BacDive_Colony_size|BacDive_Salt_concentration	26
kgmicrobe.trait:3_5_days	biolink:PhenotypicQuality	3-5 days	BacDive_Incubation_period	26
kgmicrobe.trait:3_75	biolink:PhenotypicQuality	3.75	BacDive_Cell_length|BacDive_Cell_width|BacDive_Salt_concentration	26
kgmicrobe.trait:5_11	biolink:PhenotypicQuality	5-11	BacDive_pH_for_growth	26
kgmicrobe.trait:6_5_10	biolink:PhenotypicQuality	6.5-10	BacDive_pH_for_growth	26
kgmicrobe.trait:beta_alanine	biolink:PhenotypicQuality	beta-alanine	BacDive_Metabolite_utilization	26
kgmicrobe.trait:l_sorbose	biolink:PhenotypicQuality	L-sorbose	BacDive_Metabolite_utilization	26
kgmicrobe.trait:meadow	biolink:PhenotypicQuality	#Meadow	BacDive_Isolation_category_3	26
kgmicrobe.trait:methyl_d_glucoside	biolink:PhenotypicQuality	methyl D-glucoside	BacDive_Metabolite_utilization	26
kgmicrobe.trait:solid_waste	biolink:PhenotypicQuality	#Solid waste	BacDive_Isolation_category_3	26
kgmicrobe.trait:sulfite	biolink:PhenotypicQuality	sulfite	BacDive_Metabolite_utilization	26
kgmicrobe.trait:timber	biolink:PhenotypicQuality	#Timber	BacDive_Isolation_category_3	26
kgmicrobe.trait:01_04	biolink:PhenotypicQuality	01-04	BacDive_Cell_length|BacDive_Salt_concentration	25
kgmicrobe.trait:04_08	biolink:PhenotypicQuality	04-08	BacDive_Cell_length|BacDive_Salt_concentration|BacDive_pH_for_growth	25
kgmicrobe.trait:04_09	biolink:PhenotypicQuality	04-09	BacDive_Salt_concentration|BacDive_pH_for_growth	25
kgmicrobe.trait:04_10	biolink:PhenotypicQuality	04-10	BacDive_pH_for_growth	25
kgmicrobe.trait:0_6_1_2	biolink:PhenotypicQuality	0.6-1.2	BacDive_Cell_length|BacDive_Cell_width|BacDive_Colony_size	25
kgmicrobe.trait:0_8_0_9	biolink:PhenotypicQuality	0.8-0.9	BacDive_Cell_length|BacDive_Cell_width	25
kgmicrobe.trait:10_days	biolink:PhenotypicQuality	10 days	BacDive_Incubation_period	25
kgmicrobe.trait:24	biolink:PhenotypicQuality	24	BacDive_Cell_length|BacDive_Salt_concentration|BacDive_Temperature_for_growth	25
kgmicrobe.trait:4_28	biolink:PhenotypicQuality	4-28	BacDive_Temperature_for_growth	25
kgmicrobe.trait:biopsy	biolink:PhenotypicQuality	#Biopsy	BacDive_Isolation_category_3	25
kgmicrobe.trait:bioremediation	biolink:PhenotypicQuality	#Bioremediation	BacDive_Isolation_category_2	25
kgmicrobe.trait:d_glucarate	biolink:PhenotypicQuality	D-glucarate	BacDive_Metabolite_utilization	25
kgmicrobe.trait:furazolidone	biolink:PhenotypicQuality	furazolidone	BacDive_Antibiotic_resistance|BacDive_Antibiotic_sensitivity|BacDive_Metabolite_utilization	25
kgmicrobe.trait:greenhouse	biolink:PhenotypicQuality	#Greenhouse	BacDive_Isolation_category_3	25
kgmicrobe.trait:methanol	biolink:PhenotypicQuality	methanol	BacDive_Metabolite_utilization	25
kgmicrobe.trait:troleandomycin	biolink:PhenotypicQuality	troleandomycin	BacDive_Antibiotic_resistance|BacDive_Antibiotic_sensitivity	25
kgmicrobe.trait:0_0_5_0	biolink:PhenotypicQuality	0.0-5.0	BacDive_Salt_concentration	24
kgmicrobe.trait:0_5_5_0	biolink:PhenotypicQuality	0.5-5.0	BacDive_Colony_size|BacDive_Salt_concentration	24
kgmicrobe.trait:10_50	biolink:PhenotypicQuality	10-50	BacDive_Cell_length|BacDive_Salt_concentration|BacDive_Temperature_for_growth	24
kgmicrobe.trait:1_0_5_0	biolink:PhenotypicQuality	1.0-5.0	BacDive_Cell_length|BacDive_Salt_concentration	24
kgmicrobe.trait:20_55	biolink:PhenotypicQuality	20-55	BacDive_Temperature_for_growth	24
kgmicrobe.trait:25_55	biolink:PhenotypicQuality	25-55	BacDive_Temperature_for_growth	24
kgmicrobe.trait:30_40	biolink:PhenotypicQuality	30-40	BacDive_Temperature_for_growth	24
kgmicrobe.trait:37_41	biolink:PhenotypicQuality	37-41	BacDive_Temperature_for_growth	24
kgmicrobe.trait:37_45	biolink:PhenotypicQuality	37-45	BacDive_Temperature_for_growth	24
kgmicrobe.trait:4_0_9_0	biolink:PhenotypicQuality	4.0-9.0	BacDive_pH_for_growth	24
kgmicrobe.trait:4_6	biolink:PhenotypicQuality	4-6	BacDive_Cell_length|BacDive_Colony_size|BacDive_Salt_concentration|BacDive_pH_for_growth	24
kgmicrobe.trait:4_8	biolink:PhenotypicQuality	4-8	BacDive_Cell_length|BacDive_Salt_concentration|BacDive_pH_for_growth	24
kgmicrobe.trait:6_11	biolink:PhenotypicQuality	6-11	BacDive_pH_for_growth	24
kgmicrobe.trait:alpha_hydroxybutyrate	biolink:PhenotypicQuality	alpha-hydroxybutyrate	BacDive_Metabolite_utilization	24
kgmicrobe.trait:bottled	biolink:PhenotypicQuality	#Bottled	BacDive_Isolation_category_3	24
kgmicrobe.trait:canned	biolink:PhenotypicQuality	canned	BacDive_Isolation_category_3	24
kgmicrobe.trait:cloxacillin	biolink:PhenotypicQuality	cloxacillin	BacDive_Antibiotic_resistance|BacDive_Antibiotic_sensitivity	24
kgmicrobe.trait:hygromycin	biolink:PhenotypicQuality	hygromycin	BacDive_Antibiotic_resistance|BacDive_Antibiotic_sensitivity|BacDive_Metabolite_production	24
kgmicrobe.trait:indoor_air	biolink:PhenotypicQuality	#Indoor Air	BacDive_Isolation_category_3	24
kgmicrobe.trait:mushroom	biolink:PhenotypicQuality	#Mushroom	BacDive_Isolation_category_3	24
kgmicrobe.trait:niaproof	biolink:PhenotypicQuality	niaproof	BacDive_Antibiotic_resistance|BacDive_Antibiotic_sensitivity	24
kgmicrobe.trait:packed_food	biolink:PhenotypicQuality	packed food	BacDive_Isolation_category_3	24
kgmicrobe.trait:sodium_bromate	biolink:PhenotypicQuality	sodium bromate	BacDive_Antibiotic_resistance|BacDive_Antibiotic_sensitivity|BacDive_Metabolite_utilization	24
kgmicrobe.pathway:human_pathogens_gastroenteritis	biolink:BiologicalProcess	human_pathogens_gastroenteritis	faprotax:type_of_metabolism	23
kgmicrobe.pathway:predatory_or_exoparasitic	biolink:BiologicalProcess	predatory_or_exoparasitic	faprotax:type_of_metabolism	23
kgmicrobe.trait:0_1_0_2	biolink:PhenotypicQuality	0.1-0.2	BacDive_Cell_width|BacDive_Colony_size	23
kgmicrobe.trait:0_2_0_6	biolink:PhenotypicQuality	0.2-0.6	BacDive_Cell_length|BacDive_Cell_width	23
kgmicrobe.trait:0_3_0_8	biolink:PhenotypicQuality	0.3-0.8	BacDive_Cell_length|BacDive_Cell_width|BacDive_Colony_size	23
kgmicrobe.trait:0_7_1	biolink:PhenotypicQuality	0.7-1	BacDive_Cell_length|BacDive_Cell_width|BacDive_Colony_size	23
kgmicrobe.trait:12_37	biolink:PhenotypicQuality	12-37	BacDive_Temperature_for_growth	23
kgmicrobe.trait:1_10	biolink:PhenotypicQuality	1-10	BacDive_Cell_length|BacDive_Salt_concentration	23
kgmicrobe.trait:1_1_1_5	biolink:PhenotypicQuality	1.1-1.5	BacDive_Cell_length|BacDive_Cell_width	23
kgmicrobe.trait:1_2_1_8	biolink:PhenotypicQuality	1.2-1.8	BacDive_Cell_length|BacDive_Cell_width|BacDive_Colony_size	23
kgmicrobe.trait:34	biolink:PhenotypicQuality	34	BacDive_Salt_concentration|BacDive_Temperature_for_growth	23
kgmicrobe.trait:3_4_days	biolink:PhenotypicQuality	3-4 days	BacDive_Incubation_period	23
kgmicrobe.trait:5_0_11_0	biolink:PhenotypicQuality	5.0-11.0	BacDive_Cell_length|BacDive_pH_for_growth	23
kgmicrobe.trait:6_7	biolink:PhenotypicQuality	6-7	BacDive_Cell_length|BacDive_pH_for_growth	23
kgmicrobe.trait:adenine	biolink:PhenotypicQuality	adenine	BacDive_Metabolite_utilization	23
kgmicrobe.trait:adenosine	biolink:PhenotypicQuality	adenosine	BacDive_Metabolite_utilization	23
kgmicrobe.trait:cefotaxime_sodium	biolink:PhenotypicQuality	cefotaxime sodium	BacDive_Antibiotic_resistance|BacDive_Antibiotic_sensitivity	23
kgmicrobe.trait:ethanolamine	biolink:PhenotypicQuality	ethanolamine	BacDive_Metabolite_utilization	23
kgmicrobe.trait:l_phenylalanine	biolink:PhenotypicQuality	L-phenylalanine	BacDive_Metabolite_utilization	23
kgmicrobe.trait:sphere_shaped	biolink:PhenotypicQuality	sphere-shaped	BacDive_Cell_shape	23
kgmicrobe.trait:tetrathionate	biolink:PhenotypicQuality	tetrathionate	BacDive_Metabolite_utilization	23
kgmicrobe.trait:tick	biolink:PhenotypicQuality	#Tick	BacDive_Isolation_category_3	23
kgmicrobe.trait:tropical	biolink:PhenotypicQuality	#Tropical	BacDive_Isolation_category_3	23
kgmicrobe.trait:tundra	biolink:PhenotypicQuality	#Tundra	BacDive_Isolation_category_3	23
kgmicrobe.trait:03_05	biolink:PhenotypicQuality	03-05	BacDive_Cell_length|BacDive_Salt_concentration	22
kgmicrobe.trait:0_5_1_2	biolink:PhenotypicQuality	0.5-1.2	BacDive_Cell_length|BacDive_Cell_width|BacDive_Colony_size	22
kgmicrobe.trait:0_5_4	biolink:PhenotypicQuality	0.5-4	BacDive_Cell_length|BacDive_Colony_size|BacDive_Salt_concentration	22
kgmicrobe.trait:0_7_1_1	biolink:PhenotypicQuality	0.7-1.1	BacDive_Cell_length|BacDive_Cell_width	22
kgmicrobe.trait:0_9_1_2	biolink:PhenotypicQuality	0.9-1.2	BacDive_Cell_length|BacDive_Cell_width|BacDive_Colony_size	22
kgmicrobe.trait:11	biolink:PhenotypicQuality	11	BacDive_Cell_length|BacDive_Salt_concentration|BacDive_Temperature_for_growth|BacDive_pH_for_growth	22
kgmicrobe.trait:1_2_1_6	biolink:PhenotypicQuality	1.2-1.6	BacDive_Cell_length|BacDive_Cell_width	22
kgmicrobe.trait:1_5_3	biolink:PhenotypicQuality	1.5-3	BacDive_Cell_length|BacDive_Colony_size|BacDive_Salt_concentration|BacDive_pH_for_growth	22
kgmicrobe.trait:22_42	biolink:PhenotypicQuality	22-42	BacDive_Temperature_for_growth	22
kgmicrobe.trait:30_55	biolink:PhenotypicQuality	30-55	BacDive_Temperature_for_growth	22
kgmicrobe.trait:7_0_10_0	biolink:PhenotypicQuality	7.0-10.0	BacDive_Salt_concentration|BacDive_pH_for_growth	22
kgmicrobe.trait:ammonia	biolink:PhenotypicQuality	ammonia	BacDive_Metabolite_production|BacDive_Metabolite_utilization	22
kgmicrobe.trait:felidae_cat	biolink:PhenotypicQuality	#Felidae (Cat)	BacDive_Isolation_category_3	22
kgmicrobe.trait:l_alanine_4_nitroanilide	biolink:PhenotypicQuality	L-alanine 4-nitroanilide	BacDive_Metabolite_utilization	22
kgmicrobe.trait:l_aspartate_arylamidase	biolink:PhenotypicQuality	L-aspartate arylamidase	BacDive_Enzyme_activity	22
kgmicrobe.trait:leg	biolink:PhenotypicQuality	#Leg	BacDive_Isolation_category_3	22
kgmicrobe.trait:painting	biolink:PhenotypicQuality	#Painting	BacDive_Isolation_category_3	22
kgmicrobe.trait:rectum	biolink:PhenotypicQuality	#Rectum	BacDive_Isolation_category_3	22
kgmicrobe.pathway:ligninolysis	biolink:BiologicalProcess	ligninolysis	faprotax:type_of_metabolism	21
kgmicrobe.trait:05_25	biolink:PhenotypicQuality	05-25	BacDive_Salt_concentration|BacDive_Temperature_for_growth	21
kgmicrobe.trait:05_30	biolink:PhenotypicQuality	05-30	BacDive_Salt_concentration|BacDive_Temperature_for_growth	21
kgmicrobe.trait:07_11	biolink:PhenotypicQuality	07-11	BacDive_pH_for_growth	21
kgmicrobe.trait:0_14	biolink:PhenotypicQuality	0-14	BacDive_Salt_concentration	21
kgmicrobe.trait:0_2_0	biolink:PhenotypicQuality	0-2.0	BacDive_Salt_concentration	21
kgmicrobe.trait:10_25	biolink:PhenotypicQuality	10-25	BacDive_Cell_length|BacDive_Salt_concentration|BacDive_Temperature_for_growth	21
kgmicrobe.trait:10_36	biolink:PhenotypicQuality	10-36	BacDive_Temperature_for_growth	21
kgmicrobe.trait:1_2_1_4	biolink:PhenotypicQuality	1.2-1.4	BacDive_Cell_length|BacDive_Cell_width	21
kgmicrobe.trait:2_0_2_5	biolink:PhenotypicQuality	2.0-2.5	BacDive_Cell_length|BacDive_Colony_size|BacDive_Salt_concentration	21
kgmicrobe.trait:32	biolink:PhenotypicQuality	32	BacDive_Cell_length|BacDive_Temperature_for_growth	21
kgmicrobe.trait:3_0	biolink:PhenotypicQuality	3.0	BacDive_Colony_size|BacDive_Salt_concentration	21
kgmicrobe.trait:azithromycin	biolink:PhenotypicQuality	azithromycin	BacDive_Antibiotic_resistance|BacDive_Antibiotic_sensitivity	21
kgmicrobe.trait:beta_d_fucosidase	biolink:PhenotypicQuality	beta-D-fucosidase	BacDive_Enzyme_activity	21
kgmicrobe.trait:d_galactonic_acid_lactone	biolink:PhenotypicQuality	D-galactonic acid lactone	BacDive_Metabolite_utilization	21
kgmicrobe.trait:foot	biolink:PhenotypicQuality	#Foot	BacDive_Isolation_category_3	21
kgmicrobe.trait:galactonate	biolink:PhenotypicQuality	galactonate	BacDive_Metabolite_utilization	21
kgmicrobe.pathway:human_pathogens_pneumonia	biolink:BiologicalProcess	human_pathogens_pneumonia	faprotax:type_of_metabolism	20
kgmicrobe.trait:0_0_4_0	biolink:PhenotypicQuality	0.0-4.0	BacDive_Salt_concentration	20
kgmicrobe.trait:0_9_1	biolink:PhenotypicQuality	0.9-1	BacDive_Cell_length|BacDive_Cell_width	20
kgmicrobe.trait:15_25	biolink:PhenotypicQuality	15-25	BacDive_Cell_length|BacDive_Salt_concentration|BacDive_Temperature_for_growth	20
kgmicrobe.trait:1_0_6_0	biolink:PhenotypicQuality	1.0-6.0	BacDive_Cell_length|BacDive_Salt_concentration	20
kgmicrobe.trait:1_65	biolink:PhenotypicQuality	1.65	BacDive_Cell_length	20
kgmicrobe.trait:30_35	biolink:PhenotypicQuality	30-35	BacDive_Temperature_for_growth	20
kgmicrobe.trait:5_5_11	biolink:PhenotypicQuality	5.5-11	BacDive_pH_for_growth	20
kgmicrobe.trait:5_9_5	biolink:PhenotypicQuality	5-9.5	BacDive_pH_for_growth	20
kgmicrobe.trait:6_5_10_5	biolink:PhenotypicQuality	6.5-10.5	BacDive_pH_for_growth	20
kgmicrobe.trait:6_7_5	biolink:PhenotypicQuality	6-7.5	BacDive_pH_for_growth	20
kgmicrobe.trait:ammonium_chloride	biolink:PhenotypicQuality	ammonium chloride	BacDive_Metabolite_utilization	20
kgmicrobe.trait:bacteriochlorophyll_alpha	biolink:PhenotypicQuality	bacteriochlorophyll alpha	BacDive_Metabolite_production	20
kgmicrobe.trait:cystic_fibrosis	biolink:PhenotypicQuality	#Cystic fibrosis	BacDive_Isolation_category_3	20
kgmicrobe.trait:lymph_node	biolink:PhenotypicQuality	#Lymph node	BacDive_Isolation_category_3	20
kgmicrobe.trait:n_acetyl_d_glucosamine	biolink:PhenotypicQuality	N-acetyl-D-glucosamine	BacDive_Metabolite_utilization	20
kgmicrobe.trait:tryptone	biolink:PhenotypicQuality	tryptone	BacDive_Metabolite_utilization	20
kgmicrobe.pathway:arsenate_respiration	biolink:BiologicalProcess	arsenate_respiration	faprotax:type_of_metabolism	19
kgmicrobe.trait:0_13	biolink:PhenotypicQuality	0-13	BacDive_Salt_concentration	19
kgmicrobe.trait:0_9_1_3	biolink:PhenotypicQuality	0.9-1.3	BacDive_Cell_length|BacDive_Cell_width|BacDive_Colony_size	19
kgmicrobe.trait:18_42	biolink:PhenotypicQuality	18-42	BacDive_Temperature_for_growth	19
kgmicrobe.trait:1_0_7_0	biolink:PhenotypicQuality	1.0-7.0	BacDive_Salt_concentration	19
kgmicrobe.trait:1_55	biolink:PhenotypicQuality	1.55	BacDive_Cell_length|BacDive_Cell_width	19
kgmicrobe.trait:1_95	biolink:PhenotypicQuality	1.95	BacDive_Cell_length	19
kgmicrobe.trait:20_25	biolink:PhenotypicQuality	20-25	BacDive_Salt_concentration|BacDive_Temperature_for_growth	19
kgmicrobe.trait:2_2	biolink:PhenotypicQuality	2.2	BacDive_Cell_length|BacDive_Salt_concentration	19
kgmicrobe.trait:2_2_5	biolink:PhenotypicQuality	2-2.5	BacDive_Cell_length|BacDive_Cell_width|BacDive_Colony_size|BacDive_Salt_concentration	19
kgmicrobe.trait:2_9	biolink:PhenotypicQuality	2-9	BacDive_Cell_length|BacDive_Salt_concentration	19
kgmicrobe.trait:4_0_10_0	biolink:PhenotypicQuality	4.0-10.0	BacDive_pH_for_growth	19
kgmicrobe.trait:4_5_8_5	biolink:PhenotypicQuality	4.5-8.5	BacDive_pH_for_growth	19
kgmicrobe.trait:4_nitrophenyl_beta_d_galactopyranoside_hydrolysate	biolink:PhenotypicQuality	4-nitrophenyl beta-D-galactopyranoside hydrolysate	BacDive_Metabolite_utilization	19
kgmicrobe.trait:5_5_10_0	biolink:PhenotypicQuality	5.5-10.0	BacDive_pH_for_growth	19
kgmicrobe.trait:apramycin	biolink:PhenotypicQuality	apramycin	BacDive_Antibiotic_resistance|BacDive_Antibiotic_sensitivity|BacDive_Metabolite_production	19
kgmicrobe.trait:casein_hydrolysate	biolink:PhenotypicQuality	casein hydrolysate	BacDive_Metabolite_utilization	19
kgmicrobe.trait:cycloheximide	biolink:PhenotypicQuality	cycloheximide	BacDive_Antibiotic_resistance|BacDive_Antibiotic_sensitivity	19
kgmicrobe.trait:d_psicose	biolink:PhenotypicQuality	D-psicose	BacDive_Metabolite_utilization	19
kgmicrobe.trait:dextran	biolink:PhenotypicQuality	dextran	BacDive_Metabolite_production|BacDive_Metabolite_utilization	19
kgmicrobe.trait:house	biolink:PhenotypicQuality	#House	BacDive_Isolation_category_3	19
kgmicrobe.trait:kidney	biolink:PhenotypicQuality	#Kidney	BacDive_Isolation_category_3	19
kgmicrobe.trait:l_lactate	biolink:PhenotypicQuality	L-lactate	BacDive_Metabolite_production|BacDive_Metabolite_utilization	19
kgmicrobe.trait:non_marine_saline_and_alkaline	biolink:PhenotypicQuality	#Non-marine Saline and Alkaline	BacDive_Isolation_category_3	19
kgmicrobe.trait:plaque	biolink:PhenotypicQuality	#Plaque	BacDive_Isolation_category_3	19
kgmicrobe.trait:r_lactate	biolink:PhenotypicQuality	(R)-lactate	BacDive_Metabolite_production|BacDive_Metabolite_utilization	19
kgmicrobe.trait:02_06	biolink:PhenotypicQuality	02-06	BacDive_Cell_length|BacDive_Salt_concentration|BacDive_pH_for_growth	18
kgmicrobe.trait:0_5_10_0	biolink:PhenotypicQuality	0.5-10.0	BacDive_Cell_length|BacDive_Salt_concentration	18
kgmicrobe.trait:0_5_3	biolink:PhenotypicQuality	0-5.3	BacDive_Cell_length|BacDive_Cell_width|BacDive_Colony_size|BacDive_Salt_concentration	18
kgmicrobe.trait:0_5_6_0	biolink:PhenotypicQuality	0.5-6.0	BacDive_Cell_length|BacDive_Salt_concentration	18
kgmicrobe.trait:0_8_1_8	biolink:PhenotypicQuality	0.8-1.8	BacDive_Cell_length|BacDive_Colony_size	18
kgmicrobe.trait:10_0_40_0	biolink:PhenotypicQuality	10.0-40.0	BacDive_Salt_concentration|BacDive_Temperature_for_growth	18
kgmicrobe.trait:10_15	biolink:PhenotypicQuality	10-15	BacDive_Cell_length|BacDive_Colony_size|BacDive_Salt_concentration|BacDive_Temperature_for_growth	18
kgmicrobe.trait:10_33	biolink:PhenotypicQuality	10-33	BacDive_Temperature_for_growth	18
kgmicrobe.trait:1_0_1_3	biolink:PhenotypicQuality	1.0-1.3	BacDive_Cell_length|BacDive_Cell_width|BacDive_Colony_size	18
kgmicrobe.trait:1_2_2_5	biolink:PhenotypicQuality	1.2-2.5	BacDive_Cell_length|BacDive_Colony_size	18
kgmicrobe.trait:1_5_3_5	biolink:PhenotypicQuality	1.5-3.5	BacDive_Cell_length|BacDive_Colony_size|BacDive_Salt_concentration	18
kgmicrobe.trait:1_5_4_0	biolink:PhenotypicQuality	1.5-4.0	BacDive_Cell_length|BacDive_Colony_size|BacDive_Salt_concentration	18
kgmicrobe.trait:3_6	biolink:PhenotypicQuality	3-6	BacDive_Cell_length|BacDive_Colony_size|BacDive_Salt_concentration	18
kgmicrobe.trait:4_nitrophenyl_beta_d_glucopyranoside	biolink:PhenotypicQuality	4-nitrophenyl beta-D-glucopyranoside	BacDive_Metabolite_utilization	18
kgmicrobe.trait:5_7	biolink:PhenotypicQuality	5-7	BacDive_Salt_concentration|BacDive_pH_for_growth	18
kgmicrobe.trait:cerebrospinal_fluid	biolink:PhenotypicQuality	#Cerebrospinal fluid	BacDive_Isolation_category_3	18
kgmicrobe.trait:cobalamin	biolink:PhenotypicQuality	cobalamin	BacDive_Metabolite_production|BacDive_Metabolite_utilization	18
kgmicrobe.trait:fosfomycin	biolink:PhenotypicQuality	fosfomycin	BacDive_Antibiotic_resistance|BacDive_Antibiotic_sensitivity|BacDive_Metabolite_production	18
kgmicrobe.trait:heart	biolink:PhenotypicQuality	#Heart	BacDive_Isolation_category_3	18
kgmicrobe.trait:l_leucine	biolink:PhenotypicQuality	L-leucine	BacDive_Metabolite_utilization	18
kgmicrobe.trait:l_ornithine	biolink:PhenotypicQuality	L-ornithine	BacDive_Metabolite_utilization	18
kgmicrobe.trait:netilmycin	biolink:PhenotypicQuality	netilmycin	BacDive_Antibiotic_resistance|BacDive_Antibiotic_sensitivity	18
kgmicrobe.trait:optochin	biolink:PhenotypicQuality	optochin	BacDive_Antibiotic_resistance|BacDive_Antibiotic_sensitivity	18
kgmicrobe.trait:phosphatase	biolink:PhenotypicQuality	phosphatase	BacDive_Enzyme_activity	18
kgmicrobe.trait:r_malic_acid	biolink:PhenotypicQuality	(R)-malic acid	BacDive_Metabolite_utilization	18
kgmicrobe.trait:reptilia	biolink:PhenotypicQuality	#Reptilia	BacDive_Isolation_category_2	18
kgmicrobe.trait:s_malic_acid	biolink:PhenotypicQuality	(S)-malic acid	BacDive_Metabolite_utilization	18
kgmicrobe.trait:sodium_butyrate	biolink:PhenotypicQuality	sodium butyrate	BacDive_Antibiotic_resistance|BacDive_Antibiotic_sensitivity|BacDive_Metabolite_utilization	18
kgmicrobe.trait:treatment	biolink:PhenotypicQuality	#Treatment	BacDive_Isolation_category_2	18
kgmicrobe.trait:01_08	biolink:PhenotypicQuality	01-08	BacDive_Cell_length|BacDive_Salt_concentration	17
kgmicrobe.trait:03_04	biolink:PhenotypicQuality	03-04	BacDive_Cell_length|BacDive_Salt_concentration	17
kgmicrobe.trait:0_0_4	biolink:PhenotypicQuality	0-0.4	BacDive_Salt_concentration	17
kgmicrobe.trait:0_0_7_0	biolink:PhenotypicQuality	0.0-7.0	BacDive_Salt_concentration	17
kgmicrobe.trait:0_11	biolink:PhenotypicQuality	0-11	BacDive_Salt_concentration	17
kgmicrobe.trait:0_3_0	biolink:PhenotypicQuality	0-3.0	BacDive_Salt_concentration	17
kgmicrobe.trait:10_0_37_0	biolink:PhenotypicQuality	10.0-37.0	BacDive_Temperature_for_growth	17
kgmicrobe.trait:1_1_1_4	biolink:PhenotypicQuality	1.1-1.4	BacDive_Cell_length|BacDive_Cell_width|BacDive_Colony_size	17
kgmicrobe.trait:1_2_2_2	biolink:PhenotypicQuality	1.2-2.2	BacDive_Cell_length|BacDive_Cell_width	17
kgmicrobe.trait:1_3_1_5	biolink:PhenotypicQuality	1.3-1.5	BacDive_Cell_length|BacDive_Cell_width	17
kgmicrobe.trait:1_3_1_7	biolink:PhenotypicQuality	1.3-1.7	BacDive_Cell_length|BacDive_Cell_width	17
kgmicrobe.trait:21	biolink:PhenotypicQuality	21	BacDive_Salt_concentration|BacDive_Temperature_for_growth	17
kgmicrobe.trait:29	biolink:PhenotypicQuality	29	BacDive_Temperature_for_growth	17
kgmicrobe.trait:2_nitrophenyl_beta_d_galactopyranoside	biolink:PhenotypicQuality	2-nitrophenyl beta-D-galactopyranoside	BacDive_Enzyme_activity	17
kgmicrobe.trait:30_50	biolink:PhenotypicQuality	30-50	BacDive_Temperature_for_growth	17
kgmicrobe.trait:5_15	biolink:PhenotypicQuality	5.15	BacDive_Cell_length|BacDive_Salt_concentration|BacDive_Temperature_for_growth	17
kgmicrobe.trait:7_0_11_0	biolink:PhenotypicQuality	7.0-11.0	BacDive_pH_for_growth	17
kgmicrobe.trait:alpine	biolink:PhenotypicQuality	#Alpine	BacDive_Isolation_category_3	17
kgmicrobe.trait:biofilter	biolink:PhenotypicQuality	#Biofilter	BacDive_Isolation_category_3	17
kgmicrobe.trait:bis_4_nitrophenyl_phosphate	biolink:PhenotypicQuality	bis-4-nitrophenyl phosphate	BacDive_Metabolite_utilization	17
kgmicrobe.trait:cephalosporin	biolink:PhenotypicQuality	cephalosporin	BacDive_Antibiotic_resistance|BacDive_Antibiotic_sensitivity	17
kgmicrobe.trait:d_lactate	biolink:PhenotypicQuality	D-lactate	BacDive_Metabolite_production|BacDive_Metabolite_utilization	17
kgmicrobe.trait:dioxygen	biolink:PhenotypicQuality	dioxygen	BacDive_Metabolite_utilization	17
kgmicrobe.trait:glycyl_l_aspartic_acid	biolink:PhenotypicQuality	glycyl L-aspartic acid	BacDive_Metabolite_utilization	17
kgmicrobe.trait:l_threonine	biolink:PhenotypicQuality	L-threonine	BacDive_Metabolite_utilization	17
kgmicrobe.trait:small_intestine	biolink:PhenotypicQuality	#Small intestine	BacDive_Isolation_category_3	17
kgmicrobe.trait:sodium_chloride	biolink:PhenotypicQuality	sodium chloride	BacDive_Antibiotic_resistance|BacDive_Antibiotic_sensitivity|BacDive_Metabolite_utilization	17
kgmicrobe.trait:tetrazolium_blue	biolink:PhenotypicQuality	tetrazolium blue	BacDive_Antibiotic_resistance|BacDive_Antibiotic_sensitivity	17
kgmicrobe.trait:xylan	biolink:PhenotypicQuality	xylan	BacDive_Metabolite_utilization	17
kgmicrobe.trait:01_20	biolink:PhenotypicQuality	01-20	BacDive_Salt_concentration	16
kgmicrobe.trait:03_07	biolink:PhenotypicQuality	03-07	BacDive_Cell_length|BacDive_Salt_concentration|BacDive_pH_for_growth	16
kgmicrobe.trait:04_34	biolink:PhenotypicQuality	04-34	BacDive_Temperature_for_growth	16
kgmicrobe.trait:0_0_6_0	biolink:PhenotypicQuality	0.0-6.0	BacDive_Salt_concentration	16
kgmicrobe.trait:0_5_7	biolink:PhenotypicQuality	0.5-7	BacDive_Salt_concentration	16
kgmicrobe.trait:0_8_2_0	biolink:PhenotypicQuality	0.8-2.0	BacDive_Cell_length|BacDive_Cell_width|BacDive_Colony_size	16
kgmicrobe.trait:0_9_1_0	biolink:PhenotypicQuality	0.9-1.0	BacDive_Cell_length|BacDive_Cell_width	16
kgmicrobe.trait:16	biolink:PhenotypicQuality	16	BacDive_Cell_length|BacDive_Salt_concentration|BacDive_Temperature_for_growth	16
kgmicrobe.trait:16_37	biolink:PhenotypicQuality	16-37	BacDive_Temperature_for_growth	16
kgmicrobe.trait:1_1_1_3	biolink:PhenotypicQuality	1.1-1.3	BacDive_Cell_length|BacDive_Cell_width	16
kgmicrobe.trait:1_2_2_0	biolink:PhenotypicQuality	1.2-2.0	BacDive_Cell_length|BacDive_Cell_width|BacDive_Colony_size	16
kgmicrobe.trait:1_3_1_9	biolink:PhenotypicQuality	1.3-1.9	BacDive_Cell_length	16
kgmicrobe.trait:1_85	biolink:PhenotypicQuality	1.85	BacDive_Cell_length|BacDive_Cell_width|BacDive_Salt_concentration	16
kgmicrobe.trait:2_0_6_0	biolink:PhenotypicQuality	2.0-6.0	BacDive_Cell_length|BacDive_Salt_concentration|BacDive_pH_for_growth	16
kgmicrobe.trait:3_0_4_0	biolink:PhenotypicQuality	3.0-4.0	BacDive_Cell_length|BacDive_Colony_size|BacDive_Salt_concentration	16
kgmicrobe.trait:3_1	biolink:PhenotypicQuality	3.1	BacDive_Cell_length|BacDive_Cell_width|BacDive_Salt_concentration	16
kgmicrobe.trait:4_5_10	biolink:PhenotypicQuality	4.5-10	BacDive_pH_for_growth	16
kgmicrobe.trait:90	biolink:PhenotypicQuality	90	BacDive_Temperature_for_growth	16
kgmicrobe.trait:abdomen	biolink:PhenotypicQuality	#Abdomen	BacDive_Isolation_category_3	16
kgmicrobe.trait:contaminant	biolink:PhenotypicQuality	#Contaminant	BacDive_Isolation_category_3	16
kgmicrobe.trait:cooling_tower	biolink:PhenotypicQuality	#Cooling tower	BacDive_Isolation_category_3	16
kgmicrobe.trait:cysteine	biolink:PhenotypicQuality	cysteine	BacDive_Metabolite_utilization	16
kgmicrobe.trait:cystine_aminopeptidase	biolink:PhenotypicQuality	cystine aminopeptidase	BacDive_Enzyme_activity	16
kgmicrobe.trait:d_glucosaminic_acid	biolink:PhenotypicQuality	D-glucosaminic acid	BacDive_Metabolite_utilization	16
kgmicrobe.trait:d_saccharate	biolink:PhenotypicQuality	D-saccharate	BacDive_Metabolite_utilization	16
kgmicrobe.trait:l_glutamine	biolink:PhenotypicQuality	L-glutamine	BacDive_Metabolite_utilization	16
kgmicrobe.trait:leporidae_rabbit_hare	biolink:PhenotypicQuality	#Leporidae (Rabbit/Hare)	BacDive_Isolation_category_3	16
kgmicrobe.trait:lichen	biolink:PhenotypicQuality	#Lichen	BacDive_Isolation_category_3	16
kgmicrobe.trait:linezolid	biolink:PhenotypicQuality	linezolid	BacDive_Antibiotic_resistance|BacDive_Antibiotic_sensitivity	16
kgmicrobe.trait:pectin	biolink:PhenotypicQuality	pectin	BacDive_Metabolite_utilization	16
kgmicrobe.trait:polysaccharides	biolink:PhenotypicQuality	polysaccharides	BacDive_Metabolite_production	16
kgmicrobe.trait:putrescine	biolink:PhenotypicQuality	putrescine	BacDive_Metabolite_utilization	16
kgmicrobe.trait:sodium_acetate	biolink:PhenotypicQuality	sodium acetate	BacDive_Metabolite_utilization	16
kgmicrobe.trait:suberic_acid	biolink:PhenotypicQuality	suberic acid	BacDive_Metabolite_utilization	16
kgmicrobe.trait:thiostrepton	biolink:PhenotypicQuality	thiostrepton	BacDive_Antibiotic_resistance|BacDive_Antibiotic_sensitivity|BacDive_Metabolite_production	16
kgmicrobe.trait:vibriostat	biolink:PhenotypicQuality	vibriostat	BacDive_Antibiotic_resistance|BacDive_Antibiotic_sensitivity	16
kgmicrobe.trait:01_15	biolink:PhenotypicQuality	01-15	BacDive_Cell_length|BacDive_Salt_concentration	15
kgmicrobe.trait:04_25	biolink:PhenotypicQuality	04-25	BacDive_Temperature_for_growth	15
kgmicrobe.trait:0_0	biolink:PhenotypicQuality	0.0	BacDive_Salt_concentration	15
kgmicrobe.trait:0_05	biolink:PhenotypicQuality	0.05	BacDive_Salt_concentration	15
kgmicrobe.trait:0_0_8_0	biolink:PhenotypicQuality	0.0-8.0	BacDive_Salt_concentration	15
kgmicrobe.trait:0_4_5	biolink:PhenotypicQuality	0-4.5	BacDive_Salt_concentration	15
kgmicrobe.trait:10_28	biolink:PhenotypicQuality	10-28	BacDive_Salt_concentration|BacDive_Temperature_for_growth	15
kgmicrobe.trait:13	biolink:PhenotypicQuality	13	BacDive_Cell_length|BacDive_Salt_concentration|BacDive_Temperature_for_growth	15
kgmicrobe.trait:1_8_2_2	biolink:PhenotypicQuality	1.8-2.2	BacDive_Cell_length|BacDive_Colony_size	15
kgmicrobe.trait:1_8_2_5	biolink:PhenotypicQuality	1.8-2.5	BacDive_Cell_length|BacDive_Cell_width|BacDive_Colony_size	15
kgmicrobe.trait:22_55	biolink:PhenotypicQuality	22-55	BacDive_Temperature_for_growth	15
kgmicrobe.trait:2_5_3_5	biolink:PhenotypicQuality	2.5-3.5	BacDive_Cell_length|BacDive_Colony_size|BacDive_Salt_concentration	15
kgmicrobe.trait:2_deoxyadenosine	biolink:PhenotypicQuality	2-deoxyadenosine	BacDive_Metabolite_utilization	15
kgmicrobe.trait:2_oxogluconate	biolink:PhenotypicQuality	2-oxogluconate	BacDive_Metabolite_utilization	15
kgmicrobe.trait:4_0_7_0	biolink:PhenotypicQuality	4.0-7.0	BacDive_Cell_length|BacDive_pH_for_growth	15
kgmicrobe.trait:5_0_7_0	biolink:PhenotypicQuality	5.0-7.0	BacDive_Salt_concentration|BacDive_pH_for_growth	15
kgmicrobe.trait:5_22	biolink:PhenotypicQuality	5-22	BacDive_Temperature_for_growth	15
kgmicrobe.trait:5_35	biolink:PhenotypicQuality	5.35	BacDive_Cell_length|BacDive_Salt_concentration|BacDive_Temperature_for_growth	15
kgmicrobe.trait:5_7_days	biolink:PhenotypicQuality	5-7 days	BacDive_Incubation_period	15
kgmicrobe.trait:6_12	biolink:PhenotypicQuality	6-12	BacDive_Cell_length|BacDive_pH_for_growth	15
kgmicrobe.trait:6_5_10_0	biolink:PhenotypicQuality	6.5-10.0	BacDive_pH_for_growth	15
kgmicrobe.trait:6_days	biolink:PhenotypicQuality	6 days	BacDive_Incubation_period	15
kgmicrobe.trait:beta_lactamase	biolink:PhenotypicQuality	beta-lactamase	BacDive_Enzyme_activity	15
kgmicrobe.trait:cellulase	biolink:PhenotypicQuality	cellulase	BacDive_Enzyme_activity	15
kgmicrobe.trait:clean_room	biolink:PhenotypicQuality	#Clean room	BacDive_Isolation_category_3	15
kgmicrobe.trait:dust	biolink:PhenotypicQuality	#Dust	BacDive_Isolation_category_3	15
kgmicrobe.trait:flower	biolink:PhenotypicQuality	#Flower	BacDive_Isolation_category_3	15
kgmicrobe.trait:galactarate	biolink:PhenotypicQuality	galactarate	BacDive_Metabolite_utilization	15
kgmicrobe.trait:protozoa	biolink:PhenotypicQuality	#Protozoa	BacDive_Isolation_category_2	15
kgmicrobe.trait:salt_marsh	biolink:PhenotypicQuality	#Salt marsh	BacDive_Isolation_category_3	15
kgmicrobe.trait:spleen	biolink:PhenotypicQuality	#Spleen	BacDive_Isolation_category_3	15
kgmicrobe.trait:sterilized_desinfected	biolink:PhenotypicQuality	#Sterilized (Desinfected)	BacDive_Isolation_category_3	15
kgmicrobe.trait:subgingival_plaque	biolink:PhenotypicQuality	#Subgingival plaque	BacDive_Isolation_category_3	15
kgmicrobe.trait:sulbactam	biolink:PhenotypicQuality	sulbactam	BacDive_Antibiotic_resistance|BacDive_Antibiotic_sensitivity	15
kgmicrobe.trait:tetrazolium_violet	biolink:PhenotypicQuality	tetrazolium violet	BacDive_Antibiotic_resistance|BacDive_Antibiotic_sensitivity|BacDive_Metabolite_utilization	15
kgmicrobe.pathway:human_pathogens_diarrhea	biolink:BiologicalProcess	human_pathogens_diarrhea	faprotax:type_of_metabolism	14
kgmicrobe.pathway:oil_bioremediation	biolink:BiologicalProcess	oil_bioremediation	faprotax:type_of_metabolism	14
kgmicrobe.trait:05_12	biolink:PhenotypicQuality	05-12	BacDive_pH_for_growth	14
kgmicrobe.trait:0_50	biolink:PhenotypicQuality	0.50	BacDive_Salt_concentration	14
kgmicrobe.trait:0_8_1_4	biolink:PhenotypicQuality	0.8-1.4	BacDive_Cell_length|BacDive_Cell_width|BacDive_Colony_size	14
kgmicrobe.trait:15_0_37_0	biolink:PhenotypicQuality	15.0-37.0	BacDive_Temperature_for_growth	14
kgmicrobe.trait:1_2_1_7	biolink:PhenotypicQuality	1.2-1.7	BacDive_Cell_length|BacDive_Colony_size	14
kgmicrobe.trait:1_2_2	biolink:PhenotypicQuality	1.2-2	BacDive_Cell_length|BacDive_Colony_size	14
kgmicrobe.trait:3_15	biolink:PhenotypicQuality	3.15	BacDive_Cell_length|BacDive_Salt_concentration	14
kgmicrobe.trait:4_5_7	biolink:PhenotypicQuality	4.5-7	BacDive_pH_for_growth	14
kgmicrobe.trait:56	biolink:PhenotypicQuality	56	BacDive_Temperature_for_growth	14
kgmicrobe.trait:5_0_8_5	biolink:PhenotypicQuality	5.0-8.5	BacDive_pH_for_growth	14
kgmicrobe.trait:5_40	biolink:PhenotypicQuality	5-40	BacDive_Temperature_for_growth	14
kgmicrobe.trait:cefixime	biolink:PhenotypicQuality	cefixime	BacDive_Antibiotic_resistance|BacDive_Antibiotic_sensitivity	14
kgmicrobe.trait:dihydroxyacetone	biolink:PhenotypicQuality	dihydroxyacetone	BacDive_Metabolite_production|BacDive_Metabolite_utilization	14
kgmicrobe.trait:glutamine	biolink:PhenotypicQuality	glutamine	BacDive_Metabolite_utilization	14
kgmicrobe.trait:grove_orchard	biolink:PhenotypicQuality	#Grove (Orchard)	BacDive_Isolation_category_3	14
kgmicrobe.trait:humid	biolink:PhenotypicQuality	#Humid	BacDive_Isolation_category_2	14
kgmicrobe.trait:landfill	biolink:PhenotypicQuality	#Landfill	BacDive_Isolation_category_3	14
kgmicrobe.trait:medical_device	biolink:PhenotypicQuality	#Medical device	BacDive_Isolation_category_2	14
kgmicrobe.trait:polyhydroxybutyrate	biolink:PhenotypicQuality	polyhydroxybutyrate	BacDive_Metabolite_production	14
kgmicrobe.compound:sugars	biolink:ChemicalEntity	sugars	bergey:substrates	13
kgmicrobe.trait:01_12	biolink:PhenotypicQuality	01-12	BacDive_Salt_concentration	13
kgmicrobe.trait:01_25	biolink:PhenotypicQuality	01-25	BacDive_Salt_concentration|BacDive_Temperature_for_growth	13
kgmicrobe.trait:02_07	biolink:PhenotypicQuality	02-07	BacDive_Cell_length|BacDive_Salt_concentration	13
kgmicrobe.trait:04_05	biolink:PhenotypicQuality	04-05	BacDive_Cell_length|BacDive_Salt_concentration	13
kgmicrobe.trait:06_07	biolink:PhenotypicQuality	06-07	BacDive_Salt_concentration|BacDive_pH_for_growth	13
kgmicrobe.trait:0_18	biolink:PhenotypicQuality	0-18	BacDive_Salt_concentration|BacDive_Temperature_for_growth	13
kgmicrobe.trait:10_32	biolink:PhenotypicQuality	10-32	BacDive_Temperature_for_growth	13
kgmicrobe.trait:10_38	biolink:PhenotypicQuality	10-38	BacDive_Temperature_for_growth	13
kgmicrobe.trait:15_33	biolink:PhenotypicQuality	15-33	BacDive_Temperature_for_growth	13
kgmicrobe.trait:1_0_1_6	biolink:PhenotypicQuality	1.0-1.6	BacDive_Cell_length|BacDive_Cell_width	13
kgmicrobe.trait:1_3_2_5	biolink:PhenotypicQuality	1.3-2.5	BacDive_Cell_length|BacDive_Colony_size	13
kgmicrobe.trait:20_0_37_0	biolink:PhenotypicQuality	20.0-37.0	BacDive_Temperature_for_growth	13
kgmicrobe.trait:20_28	biolink:PhenotypicQuality	20-28	BacDive_Temperature_for_growth	13
kgmicrobe.trait:2_35	biolink:PhenotypicQuality	2.35	BacDive_Cell_length|BacDive_Salt_concentration|BacDive_Temperature_for_growth	13
kgmicrobe.trait:2_5_5	biolink:PhenotypicQuality	2.5-5	BacDive_Cell_length|BacDive_Salt_concentration|BacDive_pH_for_growth	13
kgmicrobe.trait:4_5_9_0	biolink:PhenotypicQuality	4.5-9.0	BacDive_Cell_length|BacDive_pH_for_growth	13
kgmicrobe.trait:4_5_days	biolink:PhenotypicQuality	4-5 days	BacDive_Incubation_period	13
kgmicrobe.trait:5_0_7_5	biolink:PhenotypicQuality	5.0-7.5	BacDive_Salt_concentration|BacDive_Temperature_for_growth|BacDive_pH_for_growth	13
kgmicrobe.trait:5_0_9_5	biolink:PhenotypicQuality	5.0-9.5	BacDive_pH_for_growth	13
kgmicrobe.trait:5_7_5	biolink:PhenotypicQuality	5-7.5	BacDive_Salt_concentration|BacDive_pH_for_growth	13
kgmicrobe.trait:6_0_7_0	biolink:PhenotypicQuality	6.0-7.0	BacDive_pH_for_growth	13
kgmicrobe.trait:6_10_5	biolink:PhenotypicQuality	6-10.5	BacDive_pH_for_growth	13
kgmicrobe.trait:7_11	biolink:PhenotypicQuality	7-11	BacDive_Cell_length|BacDive_pH_for_growth	13
kgmicrobe.trait:95	biolink:PhenotypicQuality	95	BacDive_Temperature_for_growth	13
kgmicrobe.trait:alpha_d_glucose_6_phosphate	biolink:PhenotypicQuality	alpha-D-glucose 6-phosphate	BacDive_Metabolite_utilization	13
kgmicrobe.trait:azelaate	biolink:PhenotypicQuality	azelaate	BacDive_Metabolite_utilization	13
kgmicrobe.trait:brain	biolink:PhenotypicQuality	#Brain	BacDive_Isolation_category_3	13
kgmicrobe.trait:chlortetracyclin	biolink:PhenotypicQuality	chlortetracyclin	BacDive_Antibiotic_resistance|BacDive_Antibiotic_sensitivity	13
kgmicrobe.trait:d_glucosamine	biolink:PhenotypicQuality	D-glucosamine	BacDive_Metabolite_utilization	13
kgmicrobe.trait:ferric_citrate	biolink:PhenotypicQuality	ferric citrate	BacDive_Metabolite_production|BacDive_Metabolite_utilization	13
kgmicrobe.trait:glycine_proline	biolink:PhenotypicQuality	glycine-proline	BacDive_Metabolite_utilization	13
kgmicrobe.trait:helical_shaped	biolink:PhenotypicQuality	helical-shaped	BacDive_Cell_shape	13
kgmicrobe.trait:joint	biolink:PhenotypicQuality	#Joint	BacDive_Isolation_category_3	13
kgmicrobe.trait:levofloxacin	biolink:PhenotypicQuality	levofloxacin	BacDive_Antibiotic_resistance|BacDive_Antibiotic_sensitivity	13
kgmicrobe.trait:methyl_beta_d_xylopyranoside	biolink:PhenotypicQuality	methyl beta-D-xylopyranoside	BacDive_Metabolite_utilization	13
kgmicrobe.trait:oxaloacetate	biolink:PhenotypicQuality	oxaloacetate	BacDive_Metabolite_utilization	13
kgmicrobe.trait:periodontal_pocket	biolink:PhenotypicQuality	#Periodontal pocket	BacDive_Isolation_category_3	13
kgmicrobe.trait:phosphoamidase	biolink:PhenotypicQuality	phosphoamidase	BacDive_Enzyme_activity	13
kgmicrobe.trait:pyroglutamic_acid_arylamidase	biolink:PhenotypicQuality	pyroglutamic acid arylamidase	BacDive_Enzyme_activity	13
kgmicrobe.trait:saliva	biolink:PhenotypicQuality	#Saliva	BacDive_Isolation_category_3	13
kgmicrobe.trait:subpolar	biolink:PhenotypicQuality	subpolar	BacDive_Flagellum_arrangement	13
kgmicrobe.trait:sulfamethoxydiazine	biolink:PhenotypicQuality	sulfamethoxydiazine	BacDive_Antibiotic_resistance|BacDive_Antibiotic_sensitivity	13
kgmicrobe.trait:temperate	biolink:PhenotypicQuality	#Temperate	BacDive_Isolation_category_2	13
kgmicrobe.compound:dimethylsulfide	biolink:ChemicalEntity	dimethylsulfide	bergey:substrates	12
kgmicrobe.trait:04_06	biolink:PhenotypicQuality	04-06	BacDive_Cell_length|BacDive_Salt_concentration|BacDive_pH_for_growth	12
kgmicrobe.trait:05_45	biolink:PhenotypicQuality	05-45	BacDive_Temperature_for_growth	12
kgmicrobe.trait:0_0_2	biolink:PhenotypicQuality	0-0.2	BacDive_Salt_concentration	12
kgmicrobe.trait:0_4_1	biolink:PhenotypicQuality	0.4-1	BacDive_Cell_length|BacDive_Cell_width|BacDive_Colony_size	12
kgmicrobe.trait:0_5_12	biolink:PhenotypicQuality	0.5-12	BacDive_Salt_concentration	12
kgmicrobe.trait:0_5_7_0	biolink:PhenotypicQuality	0.5-7.0	BacDive_Salt_concentration	12
kgmicrobe.trait:15_0_45_0	biolink:PhenotypicQuality	15.0-45.0	BacDive_Temperature_for_growth	12
kgmicrobe.trait:15_36	biolink:PhenotypicQuality	15-36	BacDive_Temperature_for_growth	12
kgmicrobe.trait:1_3_1_6	biolink:PhenotypicQuality	1.3-1.6	BacDive_Cell_length|BacDive_Cell_width	12
kgmicrobe.trait:21_days	biolink:PhenotypicQuality	21 days	BacDive_Incubation_period	12
kgmicrobe.trait:23	biolink:PhenotypicQuality	23	BacDive_Salt_concentration|BacDive_Temperature_for_growth	12
kgmicrobe.trait:28_45	biolink:PhenotypicQuality	28-45	BacDive_Temperature_for_growth	12
kgmicrobe.trait:2_5_4	biolink:PhenotypicQuality	2.5-4	BacDive_Cell_length|BacDive_Colony_size	12
kgmicrobe.trait:4_11	biolink:PhenotypicQuality	4-11	BacDive_Cell_length|BacDive_pH_for_growth	12
kgmicrobe.trait:4_5_8	biolink:PhenotypicQuality	4.5-8	BacDive_pH_for_growth	12
kgmicrobe.trait:4_5_9_5	biolink:PhenotypicQuality	4.5-9.5	BacDive_pH_for_growth	12
kgmicrobe.trait:6_0	biolink:PhenotypicQuality	<6.0	BacDive_Salt_concentration|BacDive_pH_for_growth	12
kgmicrobe.trait:6_0_10_5	biolink:PhenotypicQuality	6.0-10.5	BacDive_pH_for_growth	12
kgmicrobe.trait:8_5	biolink:PhenotypicQuality	8.5	BacDive_Cell_length|BacDive_Salt_concentration|BacDive_pH_for_growth	12
kgmicrobe.trait:9_0	biolink:PhenotypicQuality	9.0	BacDive_Salt_concentration|BacDive_pH_for_growth	12
kgmicrobe.trait:beta_galactopyranosidase	biolink:PhenotypicQuality	beta-galactopyranosidase	BacDive_Enzyme_activity	12
kgmicrobe.trait:egg	biolink:PhenotypicQuality	#Egg	BacDive_Isolation_category_3	12
kgmicrobe.trait:ferric_iron	biolink:PhenotypicQuality	ferric iron	BacDive_Metabolite_utilization	12
kgmicrobe.trait:indoor	biolink:PhenotypicQuality	#Indoor	BacDive_Isolation_category_3	12
kgmicrobe.trait:isobutyrate	biolink:PhenotypicQuality	isobutyrate	BacDive_Metabolite_production|BacDive_Metabolite_utilization	12
kgmicrobe.trait:l_cystine	biolink:PhenotypicQuality	L-cystine	BacDive_Metabolite_utilization	12
kgmicrobe.trait:machines_and_devices	biolink:PhenotypicQuality	#Machines and devices	BacDive_Isolation_category_3	12
kgmicrobe.trait:magnesium_2	biolink:PhenotypicQuality	magnesium(2+)	BacDive_Metabolite_utilization	12
kgmicrobe.trait:methane	biolink:PhenotypicQuality	methane	BacDive_Metabolite_production|BacDive_Metabolite_utilization	12
kgmicrobe.trait:monopolar	biolink:PhenotypicQuality	monopolar	BacDive_Flagellum_arrangement	12
kgmicrobe.trait:neomycin_sulfate	biolink:PhenotypicQuality	neomycin sulfate	BacDive_Antibiotic_resistance|BacDive_Antibiotic_sensitivity	12
kgmicrobe.trait:phenylalanine_deaminase	biolink:PhenotypicQuality	phenylalanine deaminase	BacDive_Enzyme_activity	12
kgmicrobe.trait:skimmed_milk	biolink:PhenotypicQuality	skimmed milk	BacDive_Metabolite_utilization	12
kgmicrobe.trait:trachea	biolink:PhenotypicQuality	#Trachea	BacDive_Isolation_category_3	12
kgmicrobe.trait:valine_aminopeptidase	biolink:PhenotypicQuality	valine aminopeptidase	BacDive_Enzyme_activity	12
kgmicrobe.compound:trypticase_glucose_yeast_extract	biolink:ChemicalEntity	trypticase-glucose-yeast extract	bergey:substrates	11
kgmicrobe.pathway:human_pathogens_nosocomia	biolink:BiologicalProcess	human_pathogens_nosocomia	faprotax:type_of_metabolism	11
kgmicrobe.pathway:nitrification	biolink:BiologicalProcess	nitrification	faprotax:type_of_metabolism	11
kgmicrobe.trait:03_06	biolink:PhenotypicQuality	03-06	BacDive_Cell_length|BacDive_Salt_concentration|BacDive_pH_for_growth	11
kgmicrobe.trait:04_33	biolink:PhenotypicQuality	04-33	BacDive_Temperature_for_growth	11
kgmicrobe.trait:04_41	biolink:PhenotypicQuality	04-41	BacDive_Temperature_for_growth	11
kgmicrobe.trait:0_4_1_0	biolink:PhenotypicQuality	0.4-1.0	BacDive_Cell_length|BacDive_Cell_width|BacDive_Colony_size	11
kgmicrobe.trait:0_5_0	biolink:PhenotypicQuality	0-5.0	BacDive_Salt_concentration	11
kgmicrobe.trait:10_43	biolink:PhenotypicQuality	10-43	BacDive_Temperature_for_growth	11
kgmicrobe.trait:10_44	biolink:PhenotypicQuality	10-44	BacDive_Temperature_for_growth	11
kgmicrobe.trait:15_55	biolink:PhenotypicQuality	15-55	BacDive_Temperature_for_growth	11
kgmicrobe.trait:16_40	biolink:PhenotypicQuality	16-40	BacDive_Temperature_for_growth	11
kgmicrobe.trait:1_2_3_0	biolink:PhenotypicQuality	1.2-3.0	BacDive_Cell_length|BacDive_Cell_width	11
kgmicrobe.trait:1_4_1_8	biolink:PhenotypicQuality	1.4-1.8	BacDive_Cell_length|BacDive_Cell_width	11
kgmicrobe.trait:1_5_4	biolink:PhenotypicQuality	1.5-4	BacDive_Cell_length|BacDive_Salt_concentration	11
kgmicrobe.trait:1_6_2_2	biolink:PhenotypicQuality	1.6-2.2	BacDive_Cell_length	11
kgmicrobe.trait:2_5_3_0	biolink:PhenotypicQuality	2.5-3.0	BacDive_Cell_length|BacDive_Salt_concentration	11
kgmicrobe.trait:2_5_4_0	biolink:PhenotypicQuality	2.5-4.0	BacDive_Cell_length|BacDive_Colony_size|BacDive_Salt_concentration	11
kgmicrobe.trait:33_37	biolink:PhenotypicQuality	33-37	BacDive_Temperature_for_growth	11
kgmicrobe.trait:35_60	biolink:PhenotypicQuality	35-60	BacDive_Temperature_for_growth	11
kgmicrobe.trait:36	biolink:PhenotypicQuality	36	BacDive_Temperature_for_growth	11
kgmicrobe.trait:37_55	biolink:PhenotypicQuality	37-55	BacDive_Temperature_for_growth	11
kgmicrobe.trait:4_32	biolink:PhenotypicQuality	4-32	BacDive_Temperature_for_growth	11
kgmicrobe.trait:4_5_7_5	biolink:PhenotypicQuality	4.5-7.5	BacDive_pH_for_growth	11
kgmicrobe.trait:4_nitrophenyl_alpha_d_glucopyranoside	biolink:PhenotypicQuality	4-nitrophenyl alpha-D-glucopyranoside	BacDive_Metabolite_utilization	11
kgmicrobe.trait:4_oxopentanoate	biolink:PhenotypicQuality	4-oxopentanoate	BacDive_Metabolite_utilization	11
kgmicrobe.trait:6_0_12_0	biolink:PhenotypicQuality	6.0-12.0	BacDive_Cell_length|BacDive_Salt_concentration|BacDive_Temperature_for_growth|BacDive_pH_for_growth	11
kgmicrobe.trait:6_25	biolink:PhenotypicQuality	6.25	BacDive_Cell_length|BacDive_Salt_concentration	11
kgmicrobe.trait:7_5_10	biolink:PhenotypicQuality	7.5-10	BacDive_Salt_concentration|BacDive_pH_for_growth	11
kgmicrobe.trait:aerotolerant	biolink:PhenotypicQuality	aerotolerant	BacDive_Oxygen_tolerance	11
kgmicrobe.trait:allantoin	biolink:PhenotypicQuality	allantoin	BacDive_Metabolite_utilization	11
kgmicrobe.trait:alpha_maltosidase	biolink:PhenotypicQuality	alpha-maltosidase	BacDive_Enzyme_activity	11
kgmicrobe.trait:arabinitol	biolink:PhenotypicQuality	arabinitol	BacDive_Metabolite_utilization	11
kgmicrobe.trait:aspirate	biolink:PhenotypicQuality	#Aspirate	BacDive_Isolation_category_3	11
kgmicrobe.trait:beta_cyclodextrin	biolink:PhenotypicQuality	beta-cyclodextrin	BacDive_Metabolite_utilization	11
kgmicrobe.trait:bone	biolink:PhenotypicQuality	#Bone	BacDive_Isolation_category_3	11
kgmicrobe.trait:domestic_waste	biolink:PhenotypicQuality	#Domestic waste	BacDive_Isolation_category_3	11
kgmicrobe.trait:dust_ash	biolink:PhenotypicQuality	#Dust (Ash)	BacDive_Isolation_category_3	11
kgmicrobe.trait:hexanoate	biolink:PhenotypicQuality	hexanoate	BacDive_Metabolite_production|BacDive_Metabolite_utilization	11
kgmicrobe.trait:isovalerate	biolink:PhenotypicQuality	isovalerate	BacDive_Metabolite_production|BacDive_Metabolite_utilization	11
kgmicrobe.trait:juice_natural	biolink:PhenotypicQuality	#Juice (natural)	BacDive_Isolation_category_3	11
kgmicrobe.trait:l_tryptophan	biolink:PhenotypicQuality	L-tryptophan	BacDive_Metabolite_production|BacDive_Metabolite_utilization	11
kgmicrobe.trait:l_xylose	biolink:PhenotypicQuality	L-xylose	BacDive_Metabolite_utilization	11
kgmicrobe.trait:methionine	biolink:PhenotypicQuality	methionine	BacDive_Metabolite_utilization	11
kgmicrobe.trait:midecamycin	biolink:PhenotypicQuality	midecamycin	BacDive_Antibiotic_resistance|BacDive_Antibiotic_sensitivity	11
kgmicrobe.trait:outdoor_air	biolink:PhenotypicQuality	#Outdoor Air	BacDive_Isolation_category_3	11
kgmicrobe.trait:tripeptide_aminopeptidase	biolink:PhenotypicQuality	tripeptide aminopeptidase	BacDive_Enzyme_activity	11
kgmicrobe.trait:yeast	biolink:PhenotypicQuality	#Yeast	BacDive_Isolation_category_2	11
kgmicrobe.trait:02_08	biolink:PhenotypicQuality	02-08	BacDive_Cell_length|BacDive_Salt_concentration|BacDive_pH_for_growth	10
kgmicrobe.trait:04_07	biolink:PhenotypicQuality	04-07	BacDive_Cell_length|BacDive_Salt_concentration|BacDive_pH_for_growth	10
kgmicrobe.trait:04_28	biolink:PhenotypicQuality	04-28	BacDive_Temperature_for_growth	10
kgmicrobe.trait:0_2_0_8	biolink:PhenotypicQuality	0.2-0.8	BacDive_Cell_length|BacDive_Cell_width|BacDive_Colony_size	10
kgmicrobe.trait:0_37	biolink:PhenotypicQuality	0.37	BacDive_Cell_width|BacDive_Temperature_for_growth	10
kgmicrobe.trait:0_5_4_0	biolink:PhenotypicQuality	0.5-4.0	BacDive_Cell_length|BacDive_Colony_size|BacDive_Salt_concentration|BacDive_pH_for_growth	10
kgmicrobe.trait:0_5_7_5	biolink:PhenotypicQuality	0.5-7.5	BacDive_Salt_concentration	10
kgmicrobe.trait:0_8_1_6	biolink:PhenotypicQuality	0.8-1.6	BacDive_Cell_length|BacDive_Cell_width	10
kgmicrobe.trait:0_8_2	biolink:PhenotypicQuality	0.8-2	BacDive_Cell_length|BacDive_Cell_width	10
kgmicrobe.trait:0_9_1_6	biolink:PhenotypicQuality	0.9-1.6	BacDive_Cell_length|BacDive_Cell_width|BacDive_Colony_size	10
kgmicrobe.trait:14	biolink:PhenotypicQuality	14	BacDive_Cell_length|BacDive_Salt_concentration|BacDive_Temperature_for_growth	10
kgmicrobe.trait:15_0_50_0	biolink:PhenotypicQuality	15.0-50.0	BacDive_Temperature_for_growth	10
kgmicrobe.trait:17	biolink:PhenotypicQuality	17	BacDive_Salt_concentration|BacDive_Temperature_for_growth	10
kgmicrobe.trait:17_37	biolink:PhenotypicQuality	17-37	BacDive_Temperature_for_growth	10
kgmicrobe.trait:18_40	biolink:PhenotypicQuality	18-40	BacDive_Temperature_for_growth	10
kgmicrobe.trait:1_4_2_2	biolink:PhenotypicQuality	1.4-2.2	BacDive_Cell_length	10
kgmicrobe.trait:1_5_2_1	biolink:PhenotypicQuality	1.5-2.1	BacDive_Cell_length|BacDive_Cell_width	10
kgmicrobe.trait:1_5_2_2	biolink:PhenotypicQuality	1.5-2.2	BacDive_Cell_length|BacDive_Colony_size	10
kgmicrobe.trait:1_5_days	biolink:PhenotypicQuality	1.5 days	BacDive_Incubation_period	10
kgmicrobe.trait:20_60	biolink:PhenotypicQuality	20-60	BacDive_Temperature_for_growth	10
kgmicrobe.trait:28_42	biolink:PhenotypicQuality	28-42	BacDive_Temperature_for_growth	10
kgmicrobe.trait:2_0_10_0	biolink:PhenotypicQuality	2.0-10.0	BacDive_Cell_length|BacDive_Salt_concentration|BacDive_pH_for_growth	10
kgmicrobe.trait:2_5_3	biolink:PhenotypicQuality	2.5-3	BacDive_Cell_length|BacDive_Salt_concentration	10
kgmicrobe.trait:30_60	biolink:PhenotypicQuality	30-60	BacDive_Salt_concentration|BacDive_Temperature_for_growth	10
kgmicrobe.trait:37_0	biolink:PhenotypicQuality	37.0	BacDive_Temperature_for_growth	10
kgmicrobe.trait:3_10	biolink:PhenotypicQuality	3-10	BacDive_Cell_length|BacDive_Colony_size|BacDive_pH_for_growth	10
kgmicrobe.trait:45_65	biolink:PhenotypicQuality	45-65	BacDive_Temperature_for_growth	10
kgmicrobe.trait:4_0	biolink:PhenotypicQuality	<4.0	BacDive_Colony_size|BacDive_Salt_concentration|BacDive_Temperature_for_growth	10
kgmicrobe.trait:4_0_37_0	biolink:PhenotypicQuality	4.0-37.0	BacDive_Temperature_for_growth	10
kgmicrobe.trait:4_41	biolink:PhenotypicQuality	4-41	BacDive_Temperature_for_growth	10
kgmicrobe.trait:4_5_9	biolink:PhenotypicQuality	4.5-9	BacDive_pH_for_growth	10
kgmicrobe.trait:4_7	biolink:PhenotypicQuality	4-7	BacDive_Cell_length|BacDive_Salt_concentration|BacDive_Temperature_for_growth|BacDive_pH_for_growth	10
kgmicrobe.trait:6_0_7_5	biolink:PhenotypicQuality	6.0-7.5	BacDive_pH_for_growth	10
kgmicrobe.trait:8_10	biolink:PhenotypicQuality	8-10	BacDive_Salt_concentration|BacDive_pH_for_growth	10
kgmicrobe.trait:anisomycin	biolink:PhenotypicQuality	(-)-anisomycin	BacDive_Antibiotic_resistance|BacDive_Antibiotic_sensitivity	10
kgmicrobe.trait:dinoflagellate	biolink:PhenotypicQuality	#Dinoflagellate	BacDive_Isolation_category_3	10
kgmicrobe.trait:fructose_6_phosphate_phosphoketolase	biolink:PhenotypicQuality	fructose-6-phosphate phosphoketolase	BacDive_Enzyme_activity	10
kgmicrobe.trait:industrial_waste	biolink:PhenotypicQuality	#Industrial waste	BacDive_Isolation_category_3	10
kgmicrobe.trait:mammary_gland	biolink:PhenotypicQuality	#Mammary gland	BacDive_Isolation_category_3	10
kgmicrobe.trait:plant_infections	biolink:PhenotypicQuality	#Plant infections	BacDive_Isolation_category_2	10
kgmicrobe.trait:propanol	biolink:PhenotypicQuality	propanol	BacDive_Metabolite_utilization	10
kgmicrobe.trait:solid_plant_waste	biolink:PhenotypicQuality	#Solid plant waste	BacDive_Isolation_category_3	10
kgmicrobe.trait:sulfamerazine	biolink:PhenotypicQuality	sulfamerazine	BacDive_Antibiotic_resistance|BacDive_Antibiotic_sensitivity	10
kgmicrobe.trait:teicoplanin	biolink:PhenotypicQuality	teicoplanin	BacDive_Antibiotic_resistance|BacDive_Antibiotic_sensitivity	10
kgmicrobe.trait:vascular_system	biolink:PhenotypicQuality	#Vascular system	BacDive_Isolation_category_3	10
kgmicrobe.trait:xanthine	biolink:PhenotypicQuality	xanthine	BacDive_Metabolite_utilization	10
kgmicrobe.pathway:dissimilatory_arsenite_oxidation	biolink:BiologicalProcess	dissimilatory_arsenite_oxidation	faprotax:type_of_metabolism	9
kgmicrobe.trait:04_36	biolink:PhenotypicQuality	04-36	BacDive_Temperature_for_growth	9
kgmicrobe.trait:04_38	biolink:PhenotypicQuality	04-38	BacDive_Temperature_for_growth	9
kgmicrobe.trait:05_06	biolink:PhenotypicQuality	05-06	BacDive_Cell_length|BacDive_Salt_concentration|BacDive_pH_for_growth	9
kgmicrobe.trait:0_0_3	biolink:PhenotypicQuality	0-0.3	BacDive_Salt_concentration	9
kgmicrobe.trait:0_1_0_4	biolink:PhenotypicQuality	0.1-0.4	BacDive_Cell_width|BacDive_Colony_size	9
kgmicrobe.trait:0_30	biolink:PhenotypicQuality	0-30	BacDive_Salt_concentration|BacDive_Temperature_for_growth	9
kgmicrobe.trait:0_4_0_9	biolink:PhenotypicQuality	0.4-0.9	BacDive_Cell_length|BacDive_Cell_width|BacDive_Colony_size	9
kgmicrobe.trait:0_5_11	biolink:PhenotypicQuality	0.5-11	BacDive_Salt_concentration	9
kgmicrobe.trait:0_5_6_5	biolink:PhenotypicQuality	0.5-6.5	BacDive_Salt_concentration	9
kgmicrobe.trait:0_5_9	biolink:PhenotypicQuality	0.5-9	BacDive_Salt_concentration	9
kgmicrobe.trait:0_6_1_1	biolink:PhenotypicQuality	0.6-1.1	BacDive_Cell_length|BacDive_Cell_width|BacDive_Colony_size	9
kgmicrobe.trait:0_7_1_3	biolink:PhenotypicQuality	0.7-1.3	BacDive_Cell_length|BacDive_Cell_width|BacDive_Colony_size	9
kgmicrobe.trait:0_8_2_5	biolink:PhenotypicQuality	0.8-2.5	BacDive_Cell_length	9
kgmicrobe.trait:0_9_1_4	biolink:PhenotypicQuality	0.9-1.4	BacDive_Cell_length|BacDive_Cell_width	9
kgmicrobe.trait:10_39	biolink:PhenotypicQuality	10-39	BacDive_Temperature_for_growth	9
kgmicrobe.trait:10_55	biolink:PhenotypicQuality	10-55	BacDive_Salt_concentration|BacDive_Temperature_for_growth	9
kgmicrobe.trait:15_0	biolink:PhenotypicQuality	15.0	BacDive_Salt_concentration|BacDive_Temperature_for_growth	9
kgmicrobe.trait:15_28	biolink:PhenotypicQuality	15-28	BacDive_Salt_concentration|BacDive_Temperature_for_growth	9
kgmicrobe.trait:16_45	biolink:PhenotypicQuality	16-45	BacDive_Temperature_for_growth	9
kgmicrobe.trait:1_0_1_4	biolink:PhenotypicQuality	1.0-1.4	BacDive_Cell_length|BacDive_Cell_width	9
kgmicrobe.trait:1_0_1_8	biolink:PhenotypicQuality	1.0-1.8	BacDive_Cell_length|BacDive_Colony_size	9
kgmicrobe.trait:1_1_1_2	biolink:PhenotypicQuality	1.1-1.2	BacDive_Cell_length|BacDive_Cell_width|BacDive_Colony_size	9
kgmicrobe.trait:1_1_1_7	biolink:PhenotypicQuality	1.1-1.7	BacDive_Cell_length	9
kgmicrobe.trait:1_1_1_8	biolink:PhenotypicQuality	1.1-1.8	BacDive_Cell_length|BacDive_Colony_size	9
kgmicrobe.trait:1_1_2_0	biolink:PhenotypicQuality	1.1-2.0	BacDive_Cell_length	9
kgmicrobe.trait:1_1_4	biolink:PhenotypicQuality	1-1.4	BacDive_Cell_length|BacDive_Cell_width|BacDive_Colony_size	9
kgmicrobe.trait:1_1_6	biolink:PhenotypicQuality	1-1.6	BacDive_Cell_length|BacDive_Colony_size|BacDive_Salt_concentration	9
kgmicrobe.trait:1_3_1_8	biolink:PhenotypicQuality	1.3-1.8	BacDive_Cell_length|BacDive_Cell_width	9
kgmicrobe.trait:1_3_2	biolink:PhenotypicQuality	1-3.2	BacDive_Cell_length	9
kgmicrobe.trait:1_5_1_8	biolink:PhenotypicQuality	1.5-1.8	BacDive_Cell_length|BacDive_Cell_width|BacDive_Colony_size	9
kgmicrobe.trait:1_5_4_5	biolink:PhenotypicQuality	1.5-4.5	BacDive_Cell_length|BacDive_Salt_concentration	9
kgmicrobe.trait:1_5_5	biolink:PhenotypicQuality	1.5-5	BacDive_Cell_length|BacDive_Colony_size|BacDive_Salt_concentration	9
kgmicrobe.trait:1_8_2	biolink:PhenotypicQuality	1.8-2	BacDive_Cell_length|BacDive_Cell_width	9
kgmicrobe.trait:28_32	biolink:PhenotypicQuality	28-32	BacDive_Temperature_for_growth	9
kgmicrobe.trait:28_35	biolink:PhenotypicQuality	28-35	BacDive_Temperature_for_growth	9
kgmicrobe.trait:28_40	biolink:PhenotypicQuality	28-40	BacDive_Temperature_for_growth	9
kgmicrobe.trait:2_3_5	biolink:PhenotypicQuality	2-3.5	BacDive_Cell_length|BacDive_Colony_size|BacDive_Salt_concentration	9
kgmicrobe.trait:2_5_days	biolink:PhenotypicQuality	2.5 days	BacDive_Incubation_period	9
kgmicrobe.trait:2_aminobutyrate	biolink:PhenotypicQuality	2-aminobutyrate	BacDive_Metabolite_utilization	9
kgmicrobe.trait:30_0	biolink:PhenotypicQuality	30.0	BacDive_Temperature_for_growth	9
kgmicrobe.trait:3_8	biolink:PhenotypicQuality	3-8	BacDive_Cell_length|BacDive_Colony_size|BacDive_Salt_concentration|BacDive_pH_for_growth	9
kgmicrobe.trait:3_o_methyl_alpha_d_glucopyranoside	biolink:PhenotypicQuality	3-O-methyl alpha-D-glucopyranoside	BacDive_Metabolite_utilization	9
kgmicrobe.trait:40_65	biolink:PhenotypicQuality	40-65	BacDive_Temperature_for_growth	9
kgmicrobe.trait:45_55	biolink:PhenotypicQuality	45-55	BacDive_Temperature_for_growth	9
kgmicrobe.trait:4_8_5	biolink:PhenotypicQuality	4-8.5	BacDive_pH_for_growth	9
kgmicrobe.trait:5_45	biolink:PhenotypicQuality	5-45	BacDive_Salt_concentration|BacDive_Temperature_for_growth	9
kgmicrobe.trait:amphitrichous	biolink:PhenotypicQuality	amphitrichous	BacDive_Flagellum_arrangement	9
kgmicrobe.trait:beef_extract	biolink:PhenotypicQuality	beef extract	BacDive_Metabolite_utilization	9
kgmicrobe.trait:beta_gentiobiose	biolink:PhenotypicQuality	beta-gentiobiose	BacDive_Metabolite_utilization	9
kgmicrobe.trait:beta_lactose	biolink:PhenotypicQuality	beta-lactose	BacDive_Metabolite_utilization	9
kgmicrobe.trait:bronchial_wash	biolink:PhenotypicQuality	#Bronchial wash	BacDive_Isolation_category_3	9
kgmicrobe.trait:coral_reef	biolink:PhenotypicQuality	#Coral reef	BacDive_Isolation_category_3	9
kgmicrobe.trait:d_sorbose	biolink:PhenotypicQuality	D-sorbose	BacDive_Metabolite_utilization	9
kgmicrobe.trait:hand	biolink:PhenotypicQuality	#Hand	BacDive_Isolation_category_3	9
kgmicrobe.trait:plant_sap_flux	biolink:PhenotypicQuality	#Plant sap (Flux)	BacDive_Isolation_category_3	9
kgmicrobe.trait:plantation	biolink:PhenotypicQuality	#Plantation	BacDive_Isolation_category_3	9
kgmicrobe.trait:sodium_pyruvate	biolink:PhenotypicQuality	sodium pyruvate	BacDive_Metabolite_utilization	9
kgmicrobe.trait:subtropical	biolink:PhenotypicQuality	#Subtropical	BacDive_Isolation_category_3	9
kgmicrobe.trait:thymidine	biolink:PhenotypicQuality	thymidine	BacDive_Metabolite_utilization	9
kgmicrobe.trait:triphenyltetrazolium_chloride	biolink:PhenotypicQuality	triphenyltetrazolium chloride	BacDive_Metabolite_utilization	9
kgmicrobe.compound:2_propanol_co2	biolink:ChemicalEntity	2-propanol+CO2	bergey:substrates	8
kgmicrobe.compound:glucose_yeast_extract	biolink:ChemicalEntity	glucose + yeast extract	bergey:substrates	8
kgmicrobe.pathway:aerobic_ammonia_oxidation	biolink:BiologicalProcess	aerobic_ammonia_oxidation	faprotax:type_of_metabolism	8
kgmicrobe.pathway:arsenite_oxidation_detoxification	biolink:BiologicalProcess	arsenite_oxidation_detoxification	faprotax:type_of_metabolism	8
kgmicrobe.trait:02_10	biolink:PhenotypicQuality	02-10	BacDive_Cell_length|BacDive_Salt_concentration	8
kgmicrobe.trait:03_08	biolink:PhenotypicQuality	03-08	BacDive_Cell_length|BacDive_Salt_concentration|BacDive_pH_for_growth	8
kgmicrobe.trait:05_15	biolink:PhenotypicQuality	05-15	BacDive_Salt_concentration	8
kgmicrobe.trait:06_12	biolink:PhenotypicQuality	06-12	BacDive_pH_for_growth	8
kgmicrobe.trait:08_10	biolink:PhenotypicQuality	08-10	BacDive_Salt_concentration|BacDive_pH_for_growth	8
kgmicrobe.trait:0_0_1	biolink:PhenotypicQuality	0-0.1	BacDive_Salt_concentration	8
kgmicrobe.trait:0_0_10_0	biolink:PhenotypicQuality	0.0-10.0	BacDive_Salt_concentration	8
kgmicrobe.trait:0_10_0	biolink:PhenotypicQuality	0-10.0	BacDive_Salt_concentration	8
kgmicrobe.trait:0_16	biolink:PhenotypicQuality	0-16	BacDive_Salt_concentration	8
kgmicrobe.trait:0_34	biolink:PhenotypicQuality	0-34	BacDive_Cell_width|BacDive_Temperature_for_growth	8
kgmicrobe.trait:0_5_3_5	biolink:PhenotypicQuality	0.5-3.5	BacDive_Cell_length|BacDive_Colony_size|BacDive_Salt_concentration	8
kgmicrobe.trait:0_6_0	biolink:PhenotypicQuality	0-6.0	BacDive_Salt_concentration	8
kgmicrobe.trait:0_6_1_8	biolink:PhenotypicQuality	0.6-1.8	BacDive_Cell_length|BacDive_Cell_width|BacDive_Colony_size	8
kgmicrobe.trait:0_6_5	biolink:PhenotypicQuality	0-6.5	BacDive_Salt_concentration	8
kgmicrobe.trait:0_7_1_5	biolink:PhenotypicQuality	0.7-1.5	BacDive_Cell_length|BacDive_Cell_width|BacDive_Colony_size	8
kgmicrobe.trait:0_8_1_7	biolink:PhenotypicQuality	0.8-1.7	BacDive_Cell_length|BacDive_Cell_width|BacDive_Colony_size	8
kgmicrobe.trait:0_9_1_8	biolink:PhenotypicQuality	0.9-1.8	BacDive_Cell_length|BacDive_Cell_width	8
kgmicrobe.trait:100	biolink:PhenotypicQuality	>100	BacDive_Cell_length|BacDive_Salt_concentration|BacDive_Temperature_for_growth	8
kgmicrobe.trait:10_0_45_0	biolink:PhenotypicQuality	10.0-45.0	BacDive_Temperature_for_growth	8
kgmicrobe.trait:10_20	biolink:PhenotypicQuality	10-20	BacDive_Cell_length|BacDive_Salt_concentration|BacDive_Temperature_for_growth	8
kgmicrobe.trait:10_34	biolink:PhenotypicQuality	10-34	BacDive_Temperature_for_growth	8
kgmicrobe.trait:12_36	biolink:PhenotypicQuality	12-36	BacDive_Temperature_for_growth	8
kgmicrobe.trait:12_40	biolink:PhenotypicQuality	12-40	BacDive_Temperature_for_growth	8
kgmicrobe.trait:12_42	biolink:PhenotypicQuality	12-42	BacDive_Temperature_for_growth	8
kgmicrobe.trait:16_42	biolink:PhenotypicQuality	16-42	BacDive_Temperature_for_growth	8
kgmicrobe.trait:18_30	biolink:PhenotypicQuality	18-30	BacDive_Salt_concentration|BacDive_Temperature_for_growth	8
kgmicrobe.trait:1_0_8_0	biolink:PhenotypicQuality	1.0-8.0	BacDive_Salt_concentration	8
kgmicrobe.trait:1_1_3	biolink:PhenotypicQuality	1-1.3	BacDive_Cell_length|BacDive_Cell_width|BacDive_Colony_size	8
kgmicrobe.trait:1_1_8	biolink:PhenotypicQuality	1-1.8	BacDive_Cell_length|BacDive_Colony_size	8
kgmicrobe.trait:1_20	biolink:PhenotypicQuality	1-20	BacDive_Salt_concentration|BacDive_Temperature_for_growth	8
kgmicrobe.trait:1_2_1_3	biolink:PhenotypicQuality	1.2-1.3	BacDive_Cell_length|BacDive_Cell_width	8
kgmicrobe.trait:1_2_3_5	biolink:PhenotypicQuality	1.2-3.5	BacDive_Cell_length	8
kgmicrobe.trait:1_4_2_0	biolink:PhenotypicQuality	1.4-2.0	BacDive_Cell_length	8
kgmicrobe.trait:1_50	biolink:PhenotypicQuality	1.50	BacDive_Salt_concentration	8
kgmicrobe.trait:1_5_5_0	biolink:PhenotypicQuality	1.5-5.0	BacDive_Cell_length|BacDive_Colony_size|BacDive_Salt_concentration	8
kgmicrobe.trait:1_5_6	biolink:PhenotypicQuality	1.5-6	BacDive_Cell_length|BacDive_Salt_concentration|BacDive_pH_for_growth	8
kgmicrobe.trait:1_7_1_9	biolink:PhenotypicQuality	1.7-1.9	BacDive_Cell_length|BacDive_Cell_width|BacDive_Colony_size	8
kgmicrobe.trait:20_0	biolink:PhenotypicQuality	20.0	BacDive_Salt_concentration|BacDive_Temperature_for_growth	8
kgmicrobe.trait:22_25	biolink:PhenotypicQuality	22-25	BacDive_Temperature_for_growth	8
kgmicrobe.trait:25_60	biolink:PhenotypicQuality	25-60	BacDive_Temperature_for_growth	8
kgmicrobe.trait:26_30	biolink:PhenotypicQuality	26-30	BacDive_Temperature_for_growth	8
kgmicrobe.trait:2_0_8_0	biolink:PhenotypicQuality	2.0-8.0	BacDive_Cell_length|BacDive_Salt_concentration	8
kgmicrobe.trait:2_45	biolink:PhenotypicQuality	2.45	BacDive_Cell_length	8
kgmicrobe.trait:2_95	biolink:PhenotypicQuality	2.95	BacDive_Cell_length	8
kgmicrobe.trait:35_0	biolink:PhenotypicQuality	35.0	BacDive_Temperature_for_growth	8
kgmicrobe.trait:45_70	biolink:PhenotypicQuality	45-70	BacDive_Temperature_for_growth	8
kgmicrobe.trait:4_0_40_0	biolink:PhenotypicQuality	4.0-40.0	BacDive_Temperature_for_growth	8
kgmicrobe.trait:4_33	biolink:PhenotypicQuality	4-33	BacDive_Temperature_for_growth	8
kgmicrobe.trait:4_5_10_5	biolink:PhenotypicQuality	4.5-10.5	BacDive_pH_for_growth	8
kgmicrobe.trait:4_5_7_0	biolink:PhenotypicQuality	4.5-7.0	BacDive_pH_for_growth	8
kgmicrobe.trait:4_5_8_0	biolink:PhenotypicQuality	4.5-8.0	BacDive_Cell_length|BacDive_pH_for_growth	8
kgmicrobe.trait:5_0_12_0	biolink:PhenotypicQuality	5.0-12.0	BacDive_pH_for_growth	8
kgmicrobe.trait:5_10_5	biolink:PhenotypicQuality	5-10.5	BacDive_pH_for_growth	8
kgmicrobe.trait:5_1_10_1	biolink:PhenotypicQuality	5.1-10.1	BacDive_pH_for_growth	8
kgmicrobe.trait:5_5_7	biolink:PhenotypicQuality	5.5-7	BacDive_pH_for_growth	8
kgmicrobe.trait:6_0_10	biolink:PhenotypicQuality	6.0-10	BacDive_pH_for_growth	8
kgmicrobe.trait:7_0_9_5	biolink:PhenotypicQuality	7.0-9.5	BacDive_pH_for_growth	8
kgmicrobe.trait:7_7_5	biolink:PhenotypicQuality	7-7.5	BacDive_pH_for_growth	8
kgmicrobe.trait:8_0_10_0	biolink:PhenotypicQuality	8.0-10.0	BacDive_Cell_length|BacDive_Salt_concentration|BacDive_pH_for_growth	8
kgmicrobe.trait:8_75	biolink:PhenotypicQuality	8.75	BacDive_Cell_length|BacDive_Salt_concentration	8
kgmicrobe.trait:abort	biolink:PhenotypicQuality	#Abort	BacDive_Isolation_category_3	8
kgmicrobe.trait:acetamide	biolink:PhenotypicQuality	acetamide	BacDive_Metabolite_utilization	8
kgmicrobe.trait:agarose	biolink:PhenotypicQuality	agarose	BacDive_Metabolite_utilization	8
kgmicrobe.trait:amphotericin_b	biolink:PhenotypicQuality	amphotericin b	BacDive_Antibiotic_resistance|BacDive_Antibiotic_sensitivity|BacDive_Metabolite_production	8
kgmicrobe.trait:betaine	biolink:PhenotypicQuality	betaine	BacDive_Metabolite_utilization	8
kgmicrobe.trait:cefadroxil	biolink:PhenotypicQuality	cefadroxil	BacDive_Antibiotic_resistance|BacDive_Antibiotic_sensitivity	8
kgmicrobe.trait:crotonate	biolink:PhenotypicQuality	crotonate	BacDive_Metabolite_utilization	8
kgmicrobe.trait:d_salicin	biolink:PhenotypicQuality	D-salicin	BacDive_Metabolite_utilization	8
kgmicrobe.trait:exopolysaccharide	biolink:PhenotypicQuality	exopolysaccharide	BacDive_Metabolite_production	8
kgmicrobe.trait:glutaric_acid	biolink:PhenotypicQuality	glutaric acid	BacDive_Metabolite_utilization	8
kgmicrobe.trait:hydroxyproline	biolink:PhenotypicQuality	hydroxyproline	BacDive_Metabolite_utilization	8
kgmicrobe.trait:indole_3_acetic_acid	biolink:PhenotypicQuality	indole-3-acetic acid	BacDive_Metabolite_production|BacDive_Metabolite_utilization	8
kgmicrobe.trait:laminarin	biolink:PhenotypicQuality	laminarin	BacDive_Metabolite_utilization	8
kgmicrobe.trait:lecithin	biolink:PhenotypicQuality	lecithin	BacDive_Metabolite_utilization	8
kgmicrobe.trait:maltose_hydrate	biolink:PhenotypicQuality	maltose hydrate	BacDive_Metabolite_utilization	8
kgmicrobe.trait:meropenem	biolink:PhenotypicQuality	meropenem	BacDive_Antibiotic_resistance|BacDive_Antibiotic_sensitivity	8
kgmicrobe.trait:monomethyl_succinate	biolink:PhenotypicQuality	monomethyl succinate	BacDive_Metabolite_utilization	8
kgmicrobe.trait:o_nitrophenyl_beta_d_galactopyranosid	biolink:PhenotypicQuality	O-nitrophenyl-beta-D-galactopyranosid	BacDive_Metabolite_production|BacDive_Metabolite_utilization	8
kgmicrobe.trait:phenol	biolink:PhenotypicQuality	phenol	BacDive_Antibiotic_resistance|BacDive_Metabolite_production|BacDive_Metabolite_utilization	8
kgmicrobe.trait:phosphohydrolase	biolink:PhenotypicQuality	phosphohydrolase	BacDive_Enzyme_activity	8
kgmicrobe.trait:potassium_2_dehydro_d_gluconate	biolink:PhenotypicQuality	potassium 2-dehydro-D-gluconate	BacDive_Metabolite_utilization	8
kgmicrobe.trait:pyrazinamide	biolink:PhenotypicQuality	pyrazinamide	BacDive_Metabolite_utilization	8
kgmicrobe.trait:rhizoplane	biolink:PhenotypicQuality	#Rhizoplane	BacDive_Isolation_category_3	8
kgmicrobe.trait:semen	biolink:PhenotypicQuality	#Semen	BacDive_Isolation_category_3	8
kgmicrobe.trait:tributyrin	biolink:PhenotypicQuality	tributyrin	BacDive_Metabolite_utilization	8
kgmicrobe.compound:2_butanol_co2	biolink:ChemicalEntity	2-butanol+CO2	bergey:substrates	7
kgmicrobe.pathway:arsenate_detoxification	biolink:BiologicalProcess	arsenate_detoxification	faprotax:type_of_metabolism	7
kgmicrobe.pathway:dark_sulfite_oxidation	biolink:BiologicalProcess	dark_sulfite_oxidation	faprotax:type_of_metabolism	7
kgmicrobe.trait:01_30	biolink:PhenotypicQuality	01-30	BacDive_Cell_length|BacDive_Salt_concentration|BacDive_Temperature_for_growth	7
kgmicrobe.trait:03_20	biolink:PhenotypicQuality	03-20	BacDive_Salt_concentration	7
kgmicrobe.trait:03_25	biolink:PhenotypicQuality	03-25	BacDive_Salt_concentration|BacDive_Temperature_for_growth	7
kgmicrobe.trait:04_11	biolink:PhenotypicQuality	04-11	BacDive_pH_for_growth	7
kgmicrobe.trait:04_31	biolink:PhenotypicQuality	04-31	BacDive_Temperature_for_growth	7
kgmicrobe.trait:07_12	biolink:PhenotypicQuality	07-12	BacDive_pH_for_growth	7
kgmicrobe.trait:0_0_1_5	biolink:PhenotypicQuality	0.0-1.5	BacDive_Salt_concentration	7
kgmicrobe.trait:0_1_0_3	biolink:PhenotypicQuality	0.1-0.3	BacDive_Cell_width|BacDive_Colony_size	7
kgmicrobe.trait:0_2_0_9	biolink:PhenotypicQuality	0.2-0.9	BacDive_Cell_length|BacDive_Cell_width|BacDive_Salt_concentration	7
kgmicrobe.trait:0_2_1_0	biolink:PhenotypicQuality	0.2-1.0	BacDive_Cell_width|BacDive_Colony_size	7
kgmicrobe.trait:0_3_1_0	biolink:PhenotypicQuality	0.3-1.0	BacDive_Cell_width|BacDive_Colony_size	7
kgmicrobe.trait:0_4_0	biolink:PhenotypicQuality	0-4.0	BacDive_Salt_concentration	7
kgmicrobe.trait:0_4_1_1	biolink:PhenotypicQuality	0.4-1.1	BacDive_Cell_length|BacDive_Cell_width	7
kgmicrobe.trait:0_5_0_75	biolink:PhenotypicQuality	0.5-0.75	BacDive_Cell_width|BacDive_Colony_size	7
kgmicrobe.trait:0_5_25	biolink:PhenotypicQuality	0.5-25	BacDive_Salt_concentration	7
kgmicrobe.trait:0_5_25_0	biolink:PhenotypicQuality	0.5-25.0	BacDive_Salt_concentration	7
kgmicrobe.trait:0_5_3_0	biolink:PhenotypicQuality	0.5-3.0	BacDive_Cell_length|BacDive_Colony_size|BacDive_Salt_concentration	7
kgmicrobe.trait:0_7_0	biolink:PhenotypicQuality	0-7.0	BacDive_Salt_concentration	7
kgmicrobe.trait:0_7_1_4	biolink:PhenotypicQuality	0.7-1.4	BacDive_Cell_length|BacDive_Cell_width	7
kgmicrobe.trait:11_5	biolink:PhenotypicQuality	11.5	BacDive_Cell_length|BacDive_Salt_concentration	7
kgmicrobe.trait:12_45	biolink:PhenotypicQuality	12-45	BacDive_Temperature_for_growth	7
kgmicrobe.trait:15_20	biolink:PhenotypicQuality	15-20	BacDive_Salt_concentration|BacDive_Temperature_for_growth	7
kgmicrobe.trait:15_32	biolink:PhenotypicQuality	15-32	BacDive_Temperature_for_growth	7
kgmicrobe.trait:15_38	biolink:PhenotypicQuality	15-38	BacDive_Temperature_for_growth	7
kgmicrobe.trait:18_45	biolink:PhenotypicQuality	18-45	BacDive_Temperature_for_growth	7
kgmicrobe.trait:19_72	biolink:PhenotypicQuality	19.72	BacDive_Salt_concentration	7
kgmicrobe.trait:1_0_10_0	biolink:PhenotypicQuality	1.0-10.0	BacDive_Cell_length|BacDive_Salt_concentration|BacDive_Temperature_for_growth	7
kgmicrobe.trait:1_0_2_2	biolink:PhenotypicQuality	1.0-2.2	BacDive_Cell_length	7
kgmicrobe.trait:1_0_4_5	biolink:PhenotypicQuality	1.0-4.5	BacDive_Cell_length|BacDive_Salt_concentration	7
kgmicrobe.trait:1_12	biolink:PhenotypicQuality	1-12	BacDive_Salt_concentration	7
kgmicrobe.trait:1_1_1_6	biolink:PhenotypicQuality	1.1-1.6	BacDive_Cell_length|BacDive_Cell_width	7
kgmicrobe.trait:1_1_2_3	biolink:PhenotypicQuality	1.1-2.3	BacDive_Cell_length	7
kgmicrobe.trait:1_2_2_3	biolink:PhenotypicQuality	1.2-2.3	BacDive_Cell_length	7
kgmicrobe.trait:1_2_3	biolink:PhenotypicQuality	1.2-3	BacDive_Cell_length	7
kgmicrobe.trait:1_4_1_6	biolink:PhenotypicQuality	1.4-1.6	BacDive_Cell_length|BacDive_Cell_width	7
kgmicrobe.trait:1_5_1_7	biolink:PhenotypicQuality	1.5-1.7	BacDive_Cell_length	7
kgmicrobe.trait:1_5_2_8	biolink:PhenotypicQuality	1.5-2.8	BacDive_Cell_length	7
kgmicrobe.trait:1_5_6_0	biolink:PhenotypicQuality	1.5-6.0	BacDive_Cell_length|BacDive_Salt_concentration	7
kgmicrobe.trait:1_6_1_8	biolink:PhenotypicQuality	1.6-1.8	BacDive_Cell_length|BacDive_Cell_width	7
kgmicrobe.trait:20_0_45_0	biolink:PhenotypicQuality	20.0-45.0	BacDive_Temperature_for_growth	7
kgmicrobe.trait:22_5	biolink:PhenotypicQuality	22.5	BacDive_Cell_length|BacDive_Salt_concentration|BacDive_Temperature_for_growth	7
kgmicrobe.trait:2_0_3_5	biolink:PhenotypicQuality	2.0-3.5	BacDive_Cell_length|BacDive_Colony_size	7
kgmicrobe.trait:2_4_days	biolink:PhenotypicQuality	2-4 days	BacDive_Incubation_period	7
kgmicrobe.trait:2_6_5	biolink:PhenotypicQuality	2-6.5	BacDive_Cell_length|BacDive_Salt_concentration|BacDive_pH_for_growth	7
kgmicrobe.trait:2_85	biolink:PhenotypicQuality	2.85	BacDive_Cell_length	7
kgmicrobe.trait:35_37	biolink:PhenotypicQuality	35-37	BacDive_Temperature_for_growth	7
kgmicrobe.trait:35_40	biolink:PhenotypicQuality	35-40	BacDive_Temperature_for_growth	7
kgmicrobe.trait:35_65	biolink:PhenotypicQuality	35-65	BacDive_Temperature_for_growth	7
kgmicrobe.trait:3_0_6_0	biolink:PhenotypicQuality	3.0-6.0	BacDive_Cell_length|BacDive_pH_for_growth	7
kgmicrobe.trait:3_5_6_5	biolink:PhenotypicQuality	3.5-6.5	BacDive_pH_for_growth	7
kgmicrobe.trait:3_7	biolink:PhenotypicQuality	3.7	BacDive_Cell_length|BacDive_Salt_concentration|BacDive_pH_for_growth	7
kgmicrobe.trait:4_0_30_0	biolink:PhenotypicQuality	4.0-30.0	BacDive_Temperature_for_growth	7
kgmicrobe.trait:4_0_5_0	biolink:PhenotypicQuality	4.0-5.0	BacDive_Cell_length|BacDive_Colony_size|BacDive_Salt_concentration	7
kgmicrobe.trait:4_0_6_0	biolink:PhenotypicQuality	4.0-6.0	BacDive_Cell_length|BacDive_Salt_concentration|BacDive_pH_for_growth	7
kgmicrobe.trait:4_3	biolink:PhenotypicQuality	4.3	BacDive_Cell_length|BacDive_Salt_concentration|BacDive_pH_for_growth	7
kgmicrobe.trait:4_34	biolink:PhenotypicQuality	4-34	BacDive_Temperature_for_growth	7
kgmicrobe.trait:4_50	biolink:PhenotypicQuality	4-50	BacDive_Temperature_for_growth	7
kgmicrobe.trait:4_aminobutyrate	biolink:PhenotypicQuality	4-aminobutyrate	BacDive_Metabolite_utilization	7
kgmicrobe.trait:4_nitrophenyl_beta_d_xylopyranoside	biolink:PhenotypicQuality	4-nitrophenyl beta-D-xylopyranoside	BacDive_Metabolite_utilization	7
kgmicrobe.trait:50_70	biolink:PhenotypicQuality	50-70	BacDive_Temperature_for_growth	7
kgmicrobe.trait:5_12	biolink:PhenotypicQuality	5-12	BacDive_pH_for_growth	7
kgmicrobe.trait:5_aminovaleric_acid	biolink:PhenotypicQuality	5-aminovaleric acid	BacDive_Metabolite_utilization	7
kgmicrobe.trait:6_5_8_2	biolink:PhenotypicQuality	6.5-8.2	BacDive_pH_for_growth	7
kgmicrobe.trait:7_0	biolink:PhenotypicQuality	7.0	BacDive_Salt_concentration|BacDive_pH_for_growth	7
kgmicrobe.trait:7_2	biolink:PhenotypicQuality	7.2	BacDive_pH_for_growth	7
kgmicrobe.trait:88	biolink:PhenotypicQuality	88	BacDive_Temperature_for_growth	7
kgmicrobe.trait:ammonium_sulfate	biolink:PhenotypicQuality	ammonium sulfate	BacDive_Metabolite_utilization	7
kgmicrobe.trait:arsenate	biolink:PhenotypicQuality	arsenate	BacDive_Metabolite_utilization	7
kgmicrobe.trait:beta_d_glucose	biolink:PhenotypicQuality	beta-d-glucose	BacDive_Metabolite_utilization	7
kgmicrobe.trait:biotin	biolink:PhenotypicQuality	biotin	BacDive_Metabolite_utilization	7
kgmicrobe.trait:carrageenan	biolink:PhenotypicQuality	carrageenan	BacDive_Metabolite_utilization	7
kgmicrobe.trait:chitosan	biolink:PhenotypicQuality	chitosan	BacDive_Metabolite_utilization	7
kgmicrobe.trait:dimethyl_sulfoxide	biolink:PhenotypicQuality	dimethyl sulfoxide	BacDive_Metabolite_utilization	7
kgmicrobe.trait:disodium_malate	biolink:PhenotypicQuality	disodium malate	BacDive_Metabolite_utilization	7
kgmicrobe.trait:dl_alanine	biolink:PhenotypicQuality	dl-alanine	BacDive_Metabolite_utilization	7
kgmicrobe.trait:dl_lactate	biolink:PhenotypicQuality	DL-lactate	BacDive_Metabolite_production	7
kgmicrobe.trait:foam	biolink:PhenotypicQuality	#Foam	BacDive_Isolation_category_3	7
kgmicrobe.trait:glucose_1_phosphate	biolink:PhenotypicQuality	glucose 1-phosphate	BacDive_Metabolite_utilization	7
kgmicrobe.trait:glycyl_l_proline	biolink:PhenotypicQuality	glycyl-L-proline	BacDive_Metabolite_utilization	7
kgmicrobe.trait:isocitrate	biolink:PhenotypicQuality	isocitrate	BacDive_Metabolite_utilization	7
kgmicrobe.trait:isoleucine	biolink:PhenotypicQuality	isoleucine	BacDive_Metabolite_production|BacDive_Metabolite_utilization	7
kgmicrobe.trait:juvenile	biolink:PhenotypicQuality	#Juvenile	BacDive_Isolation_category_2	7
kgmicrobe.trait:l_methionine	biolink:PhenotypicQuality	L-methionine	BacDive_Metabolite_utilization	7
kgmicrobe.trait:moxifloxacin	biolink:PhenotypicQuality	moxifloxacin	BacDive_Antibiotic_resistance|BacDive_Antibiotic_sensitivity	7
kgmicrobe.trait:trithionate	biolink:PhenotypicQuality	trithionate	BacDive_Metabolite_utilization	7
kgmicrobe.trait:uridine	biolink:PhenotypicQuality	uridine	BacDive_Metabolite_utilization	7
kgmicrobe.trait:04_12	biolink:PhenotypicQuality	04-12	BacDive_Cell_length|BacDive_pH_for_growth	6
kgmicrobe.trait:04_43	biolink:PhenotypicQuality	04-43	BacDive_Temperature_for_growth	6
kgmicrobe.trait:04_50	biolink:PhenotypicQuality	04-50	BacDive_Temperature_for_growth	6
kgmicrobe.trait:05_20	biolink:PhenotypicQuality	05-20	BacDive_Salt_concentration|BacDive_Temperature_for_growth	6
kgmicrobe.trait:08_12	biolink:PhenotypicQuality	08-12	BacDive_Salt_concentration|BacDive_pH_for_growth	6
kgmicrobe.trait:08_37	biolink:PhenotypicQuality	08-37	BacDive_Temperature_for_growth	6
kgmicrobe.trait:0_0_25_0	biolink:PhenotypicQuality	0.0-25.0	BacDive_Salt_concentration|BacDive_Temperature_for_growth	6
kgmicrobe.trait:0_0_8	biolink:PhenotypicQuality	0-0.8	BacDive_Salt_concentration	6
kgmicrobe.trait:0_0_9_0	biolink:PhenotypicQuality	0.0-9.0	BacDive_Salt_concentration	6
kgmicrobe.trait:0_17	biolink:PhenotypicQuality	0-17	BacDive_Salt_concentration	6
kgmicrobe.trait:0_33	biolink:PhenotypicQuality	0-33	BacDive_Cell_width|BacDive_Temperature_for_growth	6
kgmicrobe.trait:0_43	biolink:PhenotypicQuality	0.43	BacDive_Cell_length|BacDive_Cell_width|BacDive_Salt_concentration	6
kgmicrobe.trait:0_47	biolink:PhenotypicQuality	0.47	BacDive_Cell_width|BacDive_Salt_concentration	6
kgmicrobe.trait:0_4_10_0	biolink:PhenotypicQuality	0.4-10.0	BacDive_Cell_length	6
kgmicrobe.trait:0_5_1_1	biolink:PhenotypicQuality	0.5-1.1	BacDive_Cell_length|BacDive_Cell_width|BacDive_Colony_size	6
kgmicrobe.trait:0_5_1_3	biolink:PhenotypicQuality	0.5-1.3	BacDive_Cell_length|BacDive_Cell_width	6
kgmicrobe.trait:0_5_20	biolink:PhenotypicQuality	0.5-20	BacDive_Cell_length|BacDive_Salt_concentration	6
kgmicrobe.trait:0_5_20_0	biolink:PhenotypicQuality	0.5-20.0	BacDive_Salt_concentration	6
kgmicrobe.trait:0_5_2_5	biolink:PhenotypicQuality	0.5-2.5	BacDive_Cell_length|BacDive_Cell_width|BacDive_Colony_size|BacDive_Salt_concentration	6
kgmicrobe.trait:0_5_4_5	biolink:PhenotypicQuality	0.5-4.5	BacDive_Cell_length|BacDive_Salt_concentration	6
kgmicrobe.trait:0_5_9_0	biolink:PhenotypicQuality	0.5-9.0	BacDive_Salt_concentration	6
kgmicrobe.trait:0_875	biolink:PhenotypicQuality	0.875	BacDive_Cell_length|BacDive_Cell_width	6
kgmicrobe.trait:0_8_5	biolink:PhenotypicQuality	0.8-5	BacDive_Cell_length|BacDive_Salt_concentration	6
kgmicrobe.trait:0_9_1_7	biolink:PhenotypicQuality	0.9-1.7	BacDive_Cell_length	6
kgmicrobe.trait:10_22	biolink:PhenotypicQuality	10-22	BacDive_Temperature_for_growth	6
kgmicrobe.trait:12_5	biolink:PhenotypicQuality	12.5	BacDive_Cell_length|BacDive_Salt_concentration	6
kgmicrobe.trait:13_37	biolink:PhenotypicQuality	13-37	BacDive_Temperature_for_growth	6
kgmicrobe.trait:15_43	biolink:PhenotypicQuality	15-43	BacDive_Temperature_for_growth	6
kgmicrobe.trait:19	biolink:PhenotypicQuality	>19	BacDive_Salt_concentration|BacDive_Temperature_for_growth	6
kgmicrobe.trait:1_0_20_0	biolink:PhenotypicQuality	1.0-20.0	BacDive_Salt_concentration	6
kgmicrobe.trait:1_16	biolink:PhenotypicQuality	1.16	BacDive_Cell_length|BacDive_Salt_concentration	6
kgmicrobe.trait:1_1_2_4	biolink:PhenotypicQuality	1.1-2.4	BacDive_Cell_length|BacDive_Colony_size	6
kgmicrobe.trait:1_1_7	biolink:PhenotypicQuality	1-1.7	BacDive_Cell_length|BacDive_Cell_width	6
kgmicrobe.trait:1_2_1_9	biolink:PhenotypicQuality	1.2-1.9	BacDive_Cell_length	6
kgmicrobe.trait:1_2_4_0	biolink:PhenotypicQuality	1.2-4.0	BacDive_Cell_length	6
kgmicrobe.trait:1_2_8	biolink:PhenotypicQuality	1-2.8	BacDive_Cell_length	6
kgmicrobe.trait:1_3_5	biolink:PhenotypicQuality	1.3-5	BacDive_Cell_length|BacDive_Salt_concentration	6
kgmicrobe.trait:1_4_1_5	biolink:PhenotypicQuality	1.4-1.5	BacDive_Cell_length|BacDive_Cell_width	6
kgmicrobe.trait:1_5_1_9	biolink:PhenotypicQuality	1.5-1.9	BacDive_Cell_length	6
kgmicrobe.trait:1_7_2_1	biolink:PhenotypicQuality	1.7-2.1	BacDive_Cell_length|BacDive_Cell_width	6
kgmicrobe.trait:1_8_2_1	biolink:PhenotypicQuality	1.8-2.1	BacDive_Cell_length	6
kgmicrobe.trait:1_8_2_8	biolink:PhenotypicQuality	1.8-2.8	BacDive_Cell_length	6
kgmicrobe.trait:20_44	biolink:PhenotypicQuality	20-44	BacDive_Temperature_for_growth	6
kgmicrobe.trait:22_28	biolink:PhenotypicQuality	22-28	BacDive_Temperature_for_growth	6
kgmicrobe.trait:22_40	biolink:PhenotypicQuality	22-40	BacDive_Temperature_for_growth	6
kgmicrobe.trait:25_0_45_0	biolink:PhenotypicQuality	25.0-45.0	BacDive_Temperature_for_growth	6
kgmicrobe.trait:25_32	biolink:PhenotypicQuality	25-32	BacDive_Temperature_for_growth	6
kgmicrobe.trait:26_37	biolink:PhenotypicQuality	26-37	BacDive_Temperature_for_growth	6
kgmicrobe.trait:2_05	biolink:PhenotypicQuality	2.05	BacDive_Cell_length	6
kgmicrobe.trait:2_0_7_0	biolink:PhenotypicQuality	2.0-7.0	BacDive_Cell_length|BacDive_Salt_concentration	6
kgmicrobe.trait:2_50	biolink:PhenotypicQuality	2.50	BacDive_Salt_concentration	6
kgmicrobe.trait:2_55	biolink:PhenotypicQuality	2.55	BacDive_Cell_length|BacDive_Salt_concentration	6
kgmicrobe.trait:2_5_5_0	biolink:PhenotypicQuality	2.5-5.0	BacDive_Cell_length|BacDive_Salt_concentration	6
kgmicrobe.trait:3_0_8_0	biolink:PhenotypicQuality	3.0-8.0	BacDive_Cell_length	6
kgmicrobe.trait:3_5_9	biolink:PhenotypicQuality	3.5-9	BacDive_pH_for_growth	6
kgmicrobe.trait:3_9	biolink:PhenotypicQuality	3-9	BacDive_Cell_length|BacDive_Salt_concentration|BacDive_pH_for_growth	6
kgmicrobe.trait:3_methylglucose	biolink:PhenotypicQuality	3-methylglucose	BacDive_Metabolite_utilization	6
kgmicrobe.trait:40_60	biolink:PhenotypicQuality	40-60	BacDive_Temperature_for_growth	6
kgmicrobe.trait:42_0	biolink:PhenotypicQuality	42.0	BacDive_Temperature_for_growth	6
kgmicrobe.trait:4_0_11_0	biolink:PhenotypicQuality	4.0-11.0	BacDive_pH_for_growth	6
kgmicrobe.trait:4_0_4_5	biolink:PhenotypicQuality	4.0-4.5	BacDive_pH_for_growth	6
kgmicrobe.trait:4_0_7_5	biolink:PhenotypicQuality	4.0-7.5	BacDive_pH_for_growth	6
kgmicrobe.trait:4_36	biolink:PhenotypicQuality	4-36	BacDive_Temperature_for_growth	6
kgmicrobe.trait:50_65	biolink:PhenotypicQuality	50-65	BacDive_Temperature_for_growth	6
kgmicrobe.trait:5_1_12_1	biolink:PhenotypicQuality	5.1-12.1	BacDive_pH_for_growth	6
kgmicrobe.trait:5_6	biolink:PhenotypicQuality	5-6	BacDive_Cell_length|BacDive_Salt_concentration|BacDive_pH_for_growth	6
kgmicrobe.trait:5_6_days	biolink:PhenotypicQuality	5-6 days	BacDive_Incubation_period	6
kgmicrobe.trait:68	biolink:PhenotypicQuality	68	BacDive_Temperature_for_growth	6
kgmicrobe.trait:6_8_8	biolink:PhenotypicQuality	6-8.8	BacDive_pH_for_growth	6
kgmicrobe.trait:7_10_days	biolink:PhenotypicQuality	7-10 days	BacDive_Incubation_period	6
kgmicrobe.trait:7_25	biolink:PhenotypicQuality	7.25	BacDive_Cell_length|BacDive_Salt_concentration	6
kgmicrobe.trait:7_5_8	biolink:PhenotypicQuality	7.5-8	BacDive_pH_for_growth	6
kgmicrobe.trait:7_5_9	biolink:PhenotypicQuality	7.5-9	BacDive_Cell_length|BacDive_pH_for_growth	6
kgmicrobe.trait:8_0	biolink:PhenotypicQuality	<8.0	BacDive_Salt_concentration|BacDive_pH_for_growth	6
kgmicrobe.trait:8_0_12_0	biolink:PhenotypicQuality	8.0-12.0	BacDive_Cell_length|BacDive_Salt_concentration|BacDive_pH_for_growth	6
kgmicrobe.trait:8_37	biolink:PhenotypicQuality	8-37	BacDive_Temperature_for_growth	6
kgmicrobe.trait:alanine_aminopeptidase	biolink:PhenotypicQuality	alanine aminopeptidase	BacDive_Enzyme_activity	6
kgmicrobe.trait:animal_feed	biolink:PhenotypicQuality	#Animal feed	BacDive_Isolation_category_3	6
kgmicrobe.trait:arm	biolink:PhenotypicQuality	#Arm	BacDive_Isolation_category_3	6
kgmicrobe.trait:beta_d_glucuronic_acid	biolink:PhenotypicQuality	beta-D-glucuronic acid	BacDive_Metabolite_utilization	6
kgmicrobe.trait:capreomycin	biolink:PhenotypicQuality	capreomycin	BacDive_Antibiotic_resistance|BacDive_Antibiotic_sensitivity|BacDive_Metabolite_production	6
kgmicrobe.trait:elastin	biolink:PhenotypicQuality	elastin	BacDive_Metabolite_utilization	6
kgmicrobe.trait:epibiont	biolink:PhenotypicQuality	#Epibiont	BacDive_Isolation_category_3	6
kgmicrobe.trait:ertapenem	biolink:PhenotypicQuality	ertapenem	BacDive_Antibiotic_sensitivity	6
kgmicrobe.trait:esculin_hydrolysate	biolink:PhenotypicQuality	esculin hydrolysate	BacDive_Metabolite_utilization	6
kgmicrobe.trait:gall	biolink:PhenotypicQuality	#Gall	BacDive_Isolation_category_3	6
kgmicrobe.trait:gellan_gum	biolink:PhenotypicQuality	gellan gum	BacDive_Metabolite_utilization	6
kgmicrobe.trait:glycolate	biolink:PhenotypicQuality	glycolate	BacDive_Metabolite_utilization	6
kgmicrobe.trait:head	biolink:PhenotypicQuality	#Head	BacDive_Isolation_category_3	6
kgmicrobe.trait:l_alanylglycine	biolink:PhenotypicQuality	L-alanylglycine	BacDive_Metabolite_utilization	6
kgmicrobe.trait:l_isoleucine	biolink:PhenotypicQuality	L-isoleucine	BacDive_Metabolite_utilization	6
kgmicrobe.trait:l_proline_4_nitroanilide	biolink:PhenotypicQuality	L-proline-4-nitroanilide	BacDive_Metabolite_utilization	6
kgmicrobe.trait:meningitis	biolink:PhenotypicQuality	#Meningitis	BacDive_Isolation_category_3	6
kgmicrobe.trait:methicillin	biolink:PhenotypicQuality	methicillin	BacDive_Antibiotic_resistance|BacDive_Antibiotic_sensitivity	6
kgmicrobe.trait:mucus	biolink:PhenotypicQuality	#Mucus	BacDive_Isolation_category_3	6
kgmicrobe.trait:potassium_nitrate	biolink:PhenotypicQuality	potassium nitrate	BacDive_Metabolite_utilization	6
kgmicrobe.trait:roxithromycin	biolink:PhenotypicQuality	roxithromycin	BacDive_Antibiotic_resistance|BacDive_Antibiotic_sensitivity	6
kgmicrobe.trait:rumen_fluid	biolink:PhenotypicQuality	#Rumen fluid	BacDive_Isolation_category_3	6
kgmicrobe.trait:spore_shaped	biolink:PhenotypicQuality	spore-shaped	BacDive_Cell_shape	6
kgmicrobe.trait:vaginal_secretion	biolink:PhenotypicQuality	#Vaginal secretion	BacDive_Isolation_category_3	6
kgmicrobe.trait:waste_gas	biolink:PhenotypicQuality	#Waste gas	BacDive_Isolation_category_3	6
kgmicrobe.pathway:methanogenesis_by_reduction_of_methyl_compounds_with_h2	biolink:BiologicalProcess	methanogenesis_by_reduction_of_methyl_compounds_with_H2	faprotax:type_of_metabolism	5
kgmicrobe.trait:04_39	biolink:PhenotypicQuality	04-39	BacDive_Temperature_for_growth	5
kgmicrobe.trait:05_33	biolink:PhenotypicQuality	05-33	BacDive_Temperature_for_growth	5
kgmicrobe.trait:06_45	biolink:PhenotypicQuality	06-45	BacDive_Temperature_for_growth	5
kgmicrobe.trait:08_09	biolink:PhenotypicQuality	08-09	BacDive_Cell_length|BacDive_Salt_concentration|BacDive_pH_for_growth	5
kgmicrobe.trait:08_11	biolink:PhenotypicQuality	08-11	BacDive_pH_for_growth	5
kgmicrobe.trait:08_40	biolink:PhenotypicQuality	08-40	BacDive_Temperature_for_growth	5
kgmicrobe.trait:0_0_0_1	biolink:PhenotypicQuality	0.0-0.1	BacDive_Salt_concentration	5
kgmicrobe.trait:0_0_11_0	biolink:PhenotypicQuality	0.0-11.0	BacDive_Salt_concentration	5
kgmicrobe.trait:0_0_30_0	biolink:PhenotypicQuality	0.0-30.0	BacDive_Salt_concentration|BacDive_Temperature_for_growth	5
kgmicrobe.trait:0_0_75	biolink:PhenotypicQuality	0-0.75	BacDive_Salt_concentration	5
kgmicrobe.trait:0_1_4	biolink:PhenotypicQuality	0-1.4	BacDive_Salt_concentration	5
kgmicrobe.trait:0_22	biolink:PhenotypicQuality	0-22	BacDive_Salt_concentration|BacDive_Temperature_for_growth	5
kgmicrobe.trait:0_25_0_5	biolink:PhenotypicQuality	0.25-0.5	BacDive_Cell_width|BacDive_Salt_concentration	5
kgmicrobe.trait:0_2_0_7	biolink:PhenotypicQuality	0.2-0.7	BacDive_Cell_width|BacDive_Colony_size	5
kgmicrobe.trait:0_2_1	biolink:PhenotypicQuality	0.2-1	BacDive_Cell_width|BacDive_Colony_size|BacDive_Salt_concentration	5
kgmicrobe.trait:0_3_0_9	biolink:PhenotypicQuality	0.3-0.9	BacDive_Cell_length|BacDive_Cell_width	5
kgmicrobe.trait:0_3_10_0	biolink:PhenotypicQuality	0.3-10.0	BacDive_Cell_length	5
kgmicrobe.trait:0_3_2_5	biolink:PhenotypicQuality	0.3-2.5	BacDive_Cell_length	5
kgmicrobe.trait:0_40	biolink:PhenotypicQuality	0-40	BacDive_Salt_concentration|BacDive_Temperature_for_growth	5
kgmicrobe.trait:0_4_10	biolink:PhenotypicQuality	0.4-10	BacDive_Cell_length	5
kgmicrobe.trait:0_4_1_3	biolink:PhenotypicQuality	0.4-1.3	BacDive_Cell_length|BacDive_Cell_width	5
kgmicrobe.trait:0_4_1_5	biolink:PhenotypicQuality	0.4-1.5	BacDive_Cell_length|BacDive_Cell_width	5
kgmicrobe.trait:0_5_13	biolink:PhenotypicQuality	0.5-13	BacDive_Salt_concentration	5
kgmicrobe.trait:0_5_8_0	biolink:PhenotypicQuality	0.5-8.0	BacDive_Cell_length|BacDive_Salt_concentration	5
kgmicrobe.trait:0_6_1_3	biolink:PhenotypicQuality	0.6-1.3	BacDive_Cell_length|BacDive_Cell_width	5
kgmicrobe.trait:0_6_1_4	biolink:PhenotypicQuality	0.6-1.4	BacDive_Cell_length	5
kgmicrobe.trait:0_6_1_5	biolink:PhenotypicQuality	0.6-1.5	BacDive_Cell_length|BacDive_Cell_width|BacDive_Colony_size	5
kgmicrobe.trait:0_6_2_0	biolink:PhenotypicQuality	0.6-2.0	BacDive_Cell_length	5
kgmicrobe.trait:0_8_0	biolink:PhenotypicQuality	0-8.0	BacDive_Salt_concentration	5
kgmicrobe.trait:0_8_3	biolink:PhenotypicQuality	0.8-3	BacDive_Cell_length	5
kgmicrobe.trait:10_0_35_0	biolink:PhenotypicQuality	10.0-35.0	BacDive_Temperature_for_growth	5
kgmicrobe.trait:10_12	biolink:PhenotypicQuality	10-12	BacDive_Cell_length|BacDive_Salt_concentration|BacDive_Temperature_for_growth	5
kgmicrobe.trait:11_36	biolink:PhenotypicQuality	11-36	BacDive_Temperature_for_growth	5
kgmicrobe.trait:11_6	biolink:PhenotypicQuality	<11.6	BacDive_Salt_concentration	5
kgmicrobe.trait:12_44	biolink:PhenotypicQuality	12-44	BacDive_Temperature_for_growth	5
kgmicrobe.trait:14_21_days	biolink:PhenotypicQuality	14-21 days	BacDive_Incubation_period	5
kgmicrobe.trait:15_0_30_0	biolink:PhenotypicQuality	15.0-30.0	BacDive_Temperature_for_growth	5
kgmicrobe.trait:15_0_35_0	biolink:PhenotypicQuality	15.0-35.0	BacDive_Temperature_for_growth	5
kgmicrobe.trait:15_22	biolink:PhenotypicQuality	15-22	BacDive_Temperature_for_growth	5
kgmicrobe.trait:15_27	biolink:PhenotypicQuality	15-27	BacDive_Cell_length|BacDive_Temperature_for_growth	5
kgmicrobe.trait:15_48	biolink:PhenotypicQuality	15-48	BacDive_Temperature_for_growth	5
kgmicrobe.trait:16_0_37_0	biolink:PhenotypicQuality	16.0-37.0	BacDive_Temperature_for_growth	5
kgmicrobe.trait:16_30	biolink:PhenotypicQuality	16-30	BacDive_Temperature_for_growth	5
kgmicrobe.trait:17_4	biolink:PhenotypicQuality	17.4	BacDive_Salt_concentration	5
kgmicrobe.trait:1_0_12_0	biolink:PhenotypicQuality	1.0-12.0	BacDive_Cell_length|BacDive_Salt_concentration	5
kgmicrobe.trait:1_0_15_0	biolink:PhenotypicQuality	1.0-15.0	BacDive_Salt_concentration	5
kgmicrobe.trait:1_0_1_7	biolink:PhenotypicQuality	1.0-1.7	BacDive_Cell_length|BacDive_Colony_size	5
kgmicrobe.trait:1_0_9_0	biolink:PhenotypicQuality	1.0-9.0	BacDive_Cell_length|BacDive_Salt_concentration	5
kgmicrobe.trait:1_2_2_1	biolink:PhenotypicQuality	1.2-2.1	BacDive_Cell_length|BacDive_Colony_size	5
kgmicrobe.trait:1_2_2_4	biolink:PhenotypicQuality	1.2-2.4	BacDive_Cell_length|BacDive_pH_for_growth	5
kgmicrobe.trait:1_3_1_4	biolink:PhenotypicQuality	1.3-1.4	BacDive_Cell_length|BacDive_Cell_width	5
kgmicrobe.trait:1_3_2_0	biolink:PhenotypicQuality	1.3-2.0	BacDive_Cell_length	5
kgmicrobe.trait:1_3_2_1	biolink:PhenotypicQuality	1.3-2.1	BacDive_Cell_length|BacDive_Cell_width	5
kgmicrobe.trait:1_3_2_2	biolink:PhenotypicQuality	1.3-2.2	BacDive_Cell_length	5
kgmicrobe.trait:1_3_2_3	biolink:PhenotypicQuality	1.3-2.3	BacDive_Cell_length	5
kgmicrobe.trait:1_3_3	biolink:PhenotypicQuality	1.3-3	BacDive_Cell_length	5
kgmicrobe.trait:1_5_2_3	biolink:PhenotypicQuality	1.5-2.3	BacDive_Cell_length|BacDive_Cell_width	5
kgmicrobe.trait:1_5_3_1	biolink:PhenotypicQuality	1.5-3.1	BacDive_Cell_length	5
kgmicrobe.trait:1_5_7	biolink:PhenotypicQuality	1.5-7	BacDive_Cell_length|BacDive_Salt_concentration	5
kgmicrobe.trait:1_6_2	biolink:PhenotypicQuality	1.6-2	BacDive_Cell_length	5
kgmicrobe.trait:1_6_2_0	biolink:PhenotypicQuality	1.6-2.0	BacDive_Cell_length	5
kgmicrobe.trait:1_6_2_3	biolink:PhenotypicQuality	1.6-2.3	BacDive_Cell_length	5
kgmicrobe.trait:1_6_2_4	biolink:PhenotypicQuality	1.6-2.4	BacDive_Cell_length	5
kgmicrobe.trait:1_7_2_5	biolink:PhenotypicQuality	1.7-2.5	BacDive_Cell_length	5
kgmicrobe.trait:1_7_5	biolink:PhenotypicQuality	1.7-5	BacDive_Salt_concentration	5
kgmicrobe.trait:1_8_2_0	biolink:PhenotypicQuality	1.8-2.0	BacDive_Cell_length|BacDive_Colony_size	5
kgmicrobe.trait:1_9_2_2	biolink:PhenotypicQuality	1.9-2.2	BacDive_Cell_length	5
kgmicrobe.trait:1_9_2_5	biolink:PhenotypicQuality	1.9-2.5	BacDive_Cell_length|BacDive_Salt_concentration	5
kgmicrobe.trait:20_0_40_0	biolink:PhenotypicQuality	20.0-40.0	BacDive_Temperature_for_growth	5
kgmicrobe.trait:20_22	biolink:PhenotypicQuality	20-22	BacDive_Salt_concentration|BacDive_Temperature_for_growth	5
kgmicrobe.trait:20_34	biolink:PhenotypicQuality	20-34	BacDive_Temperature_for_growth	5
kgmicrobe.trait:20_48	biolink:PhenotypicQuality	20-48	BacDive_Temperature_for_growth	5
kgmicrobe.trait:23_37	biolink:PhenotypicQuality	23-37	BacDive_Temperature_for_growth	5
kgmicrobe.trait:24_0	biolink:PhenotypicQuality	24.0	BacDive_Salt_concentration	5
kgmicrobe.trait:25_0	biolink:PhenotypicQuality	>25.0	BacDive_Salt_concentration|BacDive_Temperature_for_growth	5
kgmicrobe.trait:25_43	biolink:PhenotypicQuality	25-43	BacDive_Temperature_for_growth	5
kgmicrobe.trait:26_42	biolink:PhenotypicQuality	26-42	BacDive_Temperature_for_growth	5
kgmicrobe.trait:28_33	biolink:PhenotypicQuality	28-33	BacDive_Temperature_for_growth	5
kgmicrobe.trait:28_days	biolink:PhenotypicQuality	28 days	BacDive_Incubation_period	5
kgmicrobe.trait:2_0_9_0	biolink:PhenotypicQuality	2.0-9.0	BacDive_Cell_length|BacDive_Salt_concentration	5
kgmicrobe.trait:2_5_3_2	biolink:PhenotypicQuality	2.5-3.2	BacDive_Cell_length	5
kgmicrobe.trait:2_5_4_5	biolink:PhenotypicQuality	2.5-4.5	BacDive_Cell_length|BacDive_Salt_concentration	5
kgmicrobe.trait:2_5_8	biolink:PhenotypicQuality	2.5-8	BacDive_Cell_length|BacDive_Salt_concentration	5
kgmicrobe.trait:2_65	biolink:PhenotypicQuality	2.65	BacDive_Cell_length	5
kgmicrobe.trait:2_jan	biolink:PhenotypicQuality	2-Jan	BacDive_Cell_width	5
kgmicrobe.trait:35_45	biolink:PhenotypicQuality	35-45	BacDive_Temperature_for_growth	5
kgmicrobe.trait:37_60	biolink:PhenotypicQuality	37-60	BacDive_Temperature_for_growth	5
kgmicrobe.trait:37_65	biolink:PhenotypicQuality	37-65	BacDive_Temperature_for_growth	5
kgmicrobe.trait:3_05	biolink:PhenotypicQuality	3.05	BacDive_Cell_length	5
kgmicrobe.trait:3_0_7_5	biolink:PhenotypicQuality	3.0-7.5	BacDive_pH_for_growth	5
kgmicrobe.trait:3_5_6_0	biolink:PhenotypicQuality	3.5-6.0	BacDive_Cell_length|BacDive_Salt_concentration|BacDive_pH_for_growth	5
kgmicrobe.trait:3_5_7	biolink:PhenotypicQuality	3-5.7	BacDive_Cell_length|BacDive_pH_for_growth	5
kgmicrobe.trait:3_85	biolink:PhenotypicQuality	3.85	BacDive_Cell_length|BacDive_Salt_concentration	5
kgmicrobe.trait:41	biolink:PhenotypicQuality	41	BacDive_Temperature_for_growth	5
kgmicrobe.trait:45_0	biolink:PhenotypicQuality	45.0	BacDive_Temperature_for_growth	5
kgmicrobe.trait:47	biolink:PhenotypicQuality	47	BacDive_Temperature_for_growth	5
kgmicrobe.trait:4_0_37	biolink:PhenotypicQuality	4.0-37	BacDive_Temperature_for_growth	5
kgmicrobe.trait:4_0_45_0	biolink:PhenotypicQuality	4.0-45.0	BacDive_Temperature_for_growth	5
kgmicrobe.trait:4_0_8_5	biolink:PhenotypicQuality	4.0-8.5	BacDive_pH_for_growth	5
kgmicrobe.trait:4_38	biolink:PhenotypicQuality	4-38	BacDive_Cell_length|BacDive_Temperature_for_growth	5
kgmicrobe.trait:4_aminobenzoate	biolink:PhenotypicQuality	4-aminobenzoate	BacDive_Metabolite_utilization	5
kgmicrobe.trait:5_18	biolink:PhenotypicQuality	5-18	BacDive_Temperature_for_growth	5
kgmicrobe.trait:5_20	biolink:PhenotypicQuality	5-20	BacDive_Cell_length|BacDive_Temperature_for_growth	5
kgmicrobe.trait:5_5_7_0	biolink:PhenotypicQuality	5.5-7.0	BacDive_pH_for_growth	5
kgmicrobe.trait:5_oxoproline	biolink:PhenotypicQuality	5-oxoproline	BacDive_Metabolite_utilization	5
kgmicrobe.trait:6_1_10_1	biolink:PhenotypicQuality	6.1-10.1	BacDive_pH_for_growth	5
kgmicrobe.trait:6_5_11	biolink:PhenotypicQuality	6.5-11	BacDive_pH_for_growth	5
kgmicrobe.trait:6_5_11_0	biolink:PhenotypicQuality	6.5-11.0	BacDive_pH_for_growth	5
kgmicrobe.trait:6_5_7_4	biolink:PhenotypicQuality	6.5-7.4	BacDive_pH_for_growth	5
kgmicrobe.trait:6_8_7_5	biolink:PhenotypicQuality	6.8-7.5	BacDive_pH_for_growth	5
kgmicrobe.trait:7_5_10_5	biolink:PhenotypicQuality	7.5-10.5	BacDive_pH_for_growth	5
kgmicrobe.trait:7_5_8_5	biolink:PhenotypicQuality	7.5-8.5	BacDive_pH_for_growth	5
kgmicrobe.trait:8_25	biolink:PhenotypicQuality	8-25	BacDive_Cell_length|BacDive_Salt_concentration	5
kgmicrobe.trait:8_days	biolink:PhenotypicQuality	8 days	BacDive_Incubation_period	5
kgmicrobe.trait:acetone	biolink:PhenotypicQuality	acetone	BacDive_Metabolite_production|BacDive_Metabolite_utilization	5
kgmicrobe.trait:air_conditioner	biolink:PhenotypicQuality	#Air conditioner	BacDive_Isolation_category_3	5
kgmicrobe.trait:amphibia	biolink:PhenotypicQuality	#Amphibia	BacDive_Isolation_category_2	5
kgmicrobe.trait:arabinogalactan	biolink:PhenotypicQuality	arabinogalactan	BacDive_Metabolite_utilization	5
kgmicrobe.trait:arginine_decarboxylase	biolink:PhenotypicQuality	arginine decarboxylase	BacDive_Enzyme_activity	5
kgmicrobe.trait:ascorbate	biolink:PhenotypicQuality	ascorbate	BacDive_Metabolite_utilization	5
kgmicrobe.trait:bis_4_nitrophenyl_phosphorylcholine	biolink:PhenotypicQuality	bis-4-nitrophenyl-phosphorylcholine	BacDive_Metabolite_utilization	5
kgmicrobe.trait:casitone	biolink:PhenotypicQuality	casitone	BacDive_Metabolite_utilization	5
kgmicrobe.trait:cefuroxime_sodium	biolink:PhenotypicQuality	cefuroxime sodium	BacDive_Antibiotic_resistance|BacDive_Antibiotic_sensitivity	5
kgmicrobe.trait:chitinase	biolink:PhenotypicQuality	chitinase	BacDive_Enzyme_activity	5
kgmicrobe.trait:chondroitin_sulfate	biolink:PhenotypicQuality	chondroitin sulfate	BacDive_Metabolite_utilization	5
kgmicrobe.trait:coagulase	biolink:PhenotypicQuality	coagulase	BacDive_Enzyme_activity	5
kgmicrobe.trait:corn_oil	biolink:PhenotypicQuality	corn oil	BacDive_Metabolite_utilization	5
kgmicrobe.trait:dental_plaque	biolink:PhenotypicQuality	#Dental plaque	BacDive_Isolation_category_3	5
kgmicrobe.trait:gentisate	biolink:PhenotypicQuality	gentisate	BacDive_Metabolite_utilization	5
kgmicrobe.trait:glycerol_3_phosphate	biolink:PhenotypicQuality	glycerol 3-phosphate	BacDive_Metabolite_utilization	5
kgmicrobe.trait:glyoxylate	biolink:PhenotypicQuality	glyoxylate	BacDive_Metabolite_utilization	5
kgmicrobe.trait:guanine	biolink:PhenotypicQuality	guanine	BacDive_Metabolite_utilization	5
kgmicrobe.trait:indole_3_acetate	biolink:PhenotypicQuality	indole-3-acetate	BacDive_Metabolite_production	5
kgmicrobe.trait:l_tartrate	biolink:PhenotypicQuality	L-tartrate	BacDive_Metabolite_utilization	5
kgmicrobe.trait:meat_extract	biolink:PhenotypicQuality	meat extract	BacDive_Metabolite_utilization	5
kgmicrobe.trait:medical_practice	biolink:PhenotypicQuality	#Medical practice	BacDive_Isolation_category_3	5
kgmicrobe.trait:methyl_alpha_d_mannoside	biolink:PhenotypicQuality	methyl alpha-D-mannoside	BacDive_Metabolite_utilization	5
kgmicrobe.trait:n_acetylgalactosamine	biolink:PhenotypicQuality	N-acetylgalactosamine	BacDive_Metabolite_utilization	5
kgmicrobe.trait:ovary	biolink:PhenotypicQuality	#Ovary	BacDive_Isolation_category_3	5
kgmicrobe.trait:plant_litter_forest	biolink:PhenotypicQuality	#Plant litter (Forest)	BacDive_Isolation_category_3	5
kgmicrobe.trait:semiarid	biolink:PhenotypicQuality	#Semiarid	BacDive_Isolation_category_3	5
kgmicrobe.trait:starter_culture	biolink:PhenotypicQuality	#Starter culture	BacDive_Isolation_category_3	5
kgmicrobe.trait:straw	biolink:PhenotypicQuality	#Straw	BacDive_Isolation_category_3	5
kgmicrobe.trait:sugary_food	biolink:PhenotypicQuality	#Sugary food	BacDive_Isolation_category_3	5
kgmicrobe.trait:thoracic_segment	biolink:PhenotypicQuality	#Thoracic segment	BacDive_Isolation_category_3	5
kgmicrobe.trait:tuberculosis	biolink:PhenotypicQuality	#Tuberculosis	BacDive_Isolation_category_3	5
kgmicrobe.compound:not_reported	biolink:ChemicalEntity	Not reported	bergey:substrates	4
kgmicrobe.pathway:acetoclastic_methanogenesis	biolink:BiologicalProcess	acetoclastic_methanogenesis	faprotax:type_of_metabolism	4
kgmicrobe.pathway:anoxygenic_photoautotrophy_fe_oxidizing	biolink:BiologicalProcess	anoxygenic_photoautotrophy_Fe_oxidizing	faprotax:type_of_metabolism	4
kgmicrobe.pathway:fish_parasites	biolink:BiologicalProcess	fish_parasites	faprotax:type_of_metabolism	4
kgmicrobe.trait:01_09	biolink:PhenotypicQuality	01-09	BacDive_Salt_concentration	4
kgmicrobe.trait:02_12	biolink:PhenotypicQuality	02-12	BacDive_Cell_length|BacDive_Salt_concentration|BacDive_Temperature_for_growth	4
kgmicrobe.trait:02_15	biolink:PhenotypicQuality	02-15	BacDive_Cell_length|BacDive_Salt_concentration	4
kgmicrobe.trait:03_10	biolink:PhenotypicQuality	03-10	BacDive_Salt_concentration|BacDive_pH_for_growth	4
kgmicrobe.trait:04_48	biolink:PhenotypicQuality	04-48	BacDive_Temperature_for_growth	4
kgmicrobe.trait:05_32	biolink:PhenotypicQuality	05-32	BacDive_Temperature_for_growth	4
kgmicrobe.trait:08_30	biolink:PhenotypicQuality	08-30	BacDive_Temperature_for_growth	4
kgmicrobe.trait:09_10	biolink:PhenotypicQuality	09-10	BacDive_Salt_concentration|BacDive_pH_for_growth	4
kgmicrobe.trait:09_12	biolink:PhenotypicQuality	09-12	BacDive_Salt_concentration|BacDive_pH_for_growth	4
kgmicrobe.trait:09_37	biolink:PhenotypicQuality	09-37	BacDive_Temperature_for_growth	4
kgmicrobe.trait:0_0_12_0	biolink:PhenotypicQuality	0.0-12.0	BacDive_Salt_concentration	4
kgmicrobe.trait:0_0_15_0	biolink:PhenotypicQuality	0.0-15.0	BacDive_Salt_concentration	4
kgmicrobe.trait:0_0_20_0	biolink:PhenotypicQuality	0.0-20.0	BacDive_Salt_concentration	4
kgmicrobe.trait:0_0_25	biolink:PhenotypicQuality	0-0.25	BacDive_Salt_concentration	4
kgmicrobe.trait:0_0_2_5	biolink:PhenotypicQuality	0.0-2.5	BacDive_Salt_concentration	4
kgmicrobe.trait:0_0_6	biolink:PhenotypicQuality	0-0.6	BacDive_Salt_concentration	4
kgmicrobe.trait:0_1_0_5	biolink:PhenotypicQuality	0.1-0.5	BacDive_Cell_length|BacDive_Cell_width|BacDive_Colony_size|BacDive_Salt_concentration	4
kgmicrobe.trait:0_1_1	biolink:PhenotypicQuality	0-1.1	BacDive_Colony_size|BacDive_Salt_concentration	4
kgmicrobe.trait:0_28	biolink:PhenotypicQuality	0.28	BacDive_Cell_width|BacDive_Temperature_for_growth	4
kgmicrobe.trait:0_29	biolink:PhenotypicQuality	0.29	BacDive_Cell_width|BacDive_Salt_concentration|BacDive_Temperature_for_growth	4
kgmicrobe.trait:0_2_3	biolink:PhenotypicQuality	0.2-3	BacDive_Salt_concentration	4
kgmicrobe.trait:0_36	biolink:PhenotypicQuality	0.36	BacDive_Cell_width|BacDive_Temperature_for_growth	4
kgmicrobe.trait:0_375	biolink:PhenotypicQuality	0.375	BacDive_Cell_length|BacDive_Salt_concentration	4
kgmicrobe.trait:0_3_1_1	biolink:PhenotypicQuality	0.3-1.1	BacDive_Cell_width|BacDive_Colony_size	4
kgmicrobe.trait:0_3_1_2	biolink:PhenotypicQuality	0.3-1.2	BacDive_Cell_length|BacDive_Cell_width|BacDive_Colony_size	4
kgmicrobe.trait:0_46	biolink:PhenotypicQuality	0-46	BacDive_Cell_width|BacDive_Temperature_for_growth	4
kgmicrobe.trait:0_475	biolink:PhenotypicQuality	0.475	BacDive_Cell_width	4
kgmicrobe.trait:0_4_2_5	biolink:PhenotypicQuality	0.4-2.5	BacDive_Cell_length|BacDive_Cell_width|BacDive_Salt_concentration	4
kgmicrobe.trait:0_52	biolink:PhenotypicQuality	0.52	BacDive_Cell_width	4
kgmicrobe.trait:0_53	biolink:PhenotypicQuality	0.53	BacDive_Cell_width	4
kgmicrobe.trait:0_58	biolink:PhenotypicQuality	0.58	BacDive_Cell_width|BacDive_Salt_concentration	4
kgmicrobe.trait:0_5_1_7	biolink:PhenotypicQuality	0.5-1.7	BacDive_Cell_length|BacDive_Colony_size	4
kgmicrobe.trait:0_5_1_8	biolink:PhenotypicQuality	0.5-1.8	BacDive_Cell_length|BacDive_Colony_size	4
kgmicrobe.trait:0_75_1_0	biolink:PhenotypicQuality	0.75-1.0	BacDive_Colony_size	4
kgmicrobe.trait:0_83	biolink:PhenotypicQuality	0.83	BacDive_Cell_width	4
kgmicrobe.trait:0_86	biolink:PhenotypicQuality	0.86	BacDive_Cell_length|BacDive_Cell_width	4
kgmicrobe.trait:0_8_1_9	biolink:PhenotypicQuality	0.8-1.9	BacDive_Cell_length|BacDive_Colony_size	4
kgmicrobe.trait:0_9_0	biolink:PhenotypicQuality	0-9.0	BacDive_Salt_concentration	4
kgmicrobe.trait:0_9_1_9	biolink:PhenotypicQuality	0.9-1.9	BacDive_Cell_length	4
kgmicrobe.trait:0_9_2_0	biolink:PhenotypicQuality	0.9-2.0	BacDive_Cell_length	4
kgmicrobe.trait:0_9_3_5	biolink:PhenotypicQuality	0.9-3.5	BacDive_Cell_length|BacDive_Salt_concentration	4
kgmicrobe.trait:0_9_5	biolink:PhenotypicQuality	0-9.5	BacDive_Cell_length|BacDive_Salt_concentration	4
kgmicrobe.trait:10_0_50_0	biolink:PhenotypicQuality	10.0-50.0	BacDive_Temperature_for_growth	4
kgmicrobe.trait:11_6_29	biolink:PhenotypicQuality	11.6-29	BacDive_Salt_concentration	4
kgmicrobe.trait:14_38	biolink:PhenotypicQuality	14-38	BacDive_Temperature_for_growth	4
kgmicrobe.trait:14_5_29	biolink:PhenotypicQuality	14.5-29	BacDive_Salt_concentration	4
kgmicrobe.trait:15_0_42_0	biolink:PhenotypicQuality	15.0-42.0	BacDive_Temperature_for_growth	4
kgmicrobe.trait:15_34	biolink:PhenotypicQuality	15-34	BacDive_Temperature_for_growth	4
kgmicrobe.trait:15_44	biolink:PhenotypicQuality	15-44	BacDive_Temperature_for_growth	4
kgmicrobe.trait:17_40	biolink:PhenotypicQuality	17-40	BacDive_Salt_concentration|BacDive_Temperature_for_growth	4
kgmicrobe.trait:18_22	biolink:PhenotypicQuality	18-22	BacDive_Temperature_for_growth	4
kgmicrobe.trait:18_32	biolink:PhenotypicQuality	18-32	BacDive_Temperature_for_growth	4
kgmicrobe.trait:1_0_1_1	biolink:PhenotypicQuality	1.0-1.1	BacDive_Cell_length|BacDive_Cell_width	4
kgmicrobe.trait:1_0_3_5	biolink:PhenotypicQuality	1.0-3.5	BacDive_Cell_length|BacDive_Cell_width	4
kgmicrobe.trait:1_14	biolink:PhenotypicQuality	1-14	BacDive_Salt_concentration	4
kgmicrobe.trait:1_1_2_1	biolink:PhenotypicQuality	1.1-2.1	BacDive_Cell_length|BacDive_Cell_width	4
kgmicrobe.trait:1_1_2_5	biolink:PhenotypicQuality	1.1-2.5	BacDive_Cell_length	4
kgmicrobe.trait:1_24	biolink:PhenotypicQuality	1.24	BacDive_Salt_concentration	4
kgmicrobe.trait:1_2_2_6	biolink:PhenotypicQuality	1.2-2.6	BacDive_Cell_length|BacDive_Colony_size	4
kgmicrobe.trait:1_2_4	biolink:PhenotypicQuality	1.2-4	BacDive_Cell_length	4
kgmicrobe.trait:1_30	biolink:PhenotypicQuality	1-30	BacDive_Temperature_for_growth	4
kgmicrobe.trait:1_3_2_6	biolink:PhenotypicQuality	1.3-2.6	BacDive_Cell_length|BacDive_Cell_width	4
kgmicrobe.trait:1_3_2_8	biolink:PhenotypicQuality	1.3-2.8	BacDive_Cell_length	4
kgmicrobe.trait:1_3_3_0	biolink:PhenotypicQuality	1.3-3.0	BacDive_Cell_length	4
kgmicrobe.trait:1_4_1_9	biolink:PhenotypicQuality	1.4-1.9	BacDive_Cell_length	4
kgmicrobe.trait:1_4_2_8	biolink:PhenotypicQuality	1.4-2.8	BacDive_Cell_length|BacDive_Colony_size	4
kgmicrobe.trait:1_4_5	biolink:PhenotypicQuality	1.4-5	BacDive_Cell_length	4
kgmicrobe.trait:1_5_1_6	biolink:PhenotypicQuality	1.5-1.6	BacDive_Cell_length	4
kgmicrobe.trait:1_6_1_9	biolink:PhenotypicQuality	1.6-1.9	BacDive_Cell_length	4
kgmicrobe.trait:1_6_2_8	biolink:PhenotypicQuality	1.6-2.8	BacDive_Cell_length	4
kgmicrobe.trait:1_6_3_2	biolink:PhenotypicQuality	1.6-3.2	BacDive_Cell_length	4
kgmicrobe.trait:1_6_3_8	biolink:PhenotypicQuality	1.6-3.8	BacDive_Cell_length	4
kgmicrobe.trait:1_6_5	biolink:PhenotypicQuality	1-6.5	BacDive_Salt_concentration	4
kgmicrobe.trait:1_8_2_6	biolink:PhenotypicQuality	1.8-2.6	BacDive_Cell_length	4
kgmicrobe.trait:1_8_3	biolink:PhenotypicQuality	1.8-3	BacDive_Cell_length	4
kgmicrobe.trait:1_8_3_0	biolink:PhenotypicQuality	1.8-3.0	BacDive_Cell_length	4
kgmicrobe.trait:1_8_3_2	biolink:PhenotypicQuality	1.8-3.2	BacDive_Cell_length|BacDive_Cell_width	4
kgmicrobe.trait:1_9_2_1	biolink:PhenotypicQuality	1.9-2.1	BacDive_Cell_length	4
kgmicrobe.trait:1_9_2_4	biolink:PhenotypicQuality	1.9-2.4	BacDive_Cell_length	4
kgmicrobe.trait:1_9_2_7	biolink:PhenotypicQuality	1.9-2.7	BacDive_Cell_length	4
kgmicrobe.trait:1_days	biolink:PhenotypicQuality	1 days	BacDive_Incubation_period	4
kgmicrobe.trait:20_0_35_0	biolink:PhenotypicQuality	20.0-35.0	BacDive_Temperature_for_growth	4
kgmicrobe.trait:20_0_42_0	biolink:PhenotypicQuality	20.0-42.0	BacDive_Temperature_for_growth	4
kgmicrobe.trait:21_23	biolink:PhenotypicQuality	21-23	BacDive_Temperature_for_growth	4
kgmicrobe.trait:24_26	biolink:PhenotypicQuality	24-26	BacDive_Temperature_for_growth	4
kgmicrobe.trait:25_58	biolink:PhenotypicQuality	25-58	BacDive_Temperature_for_growth	4
kgmicrobe.trait:27_37	biolink:PhenotypicQuality	27-37	BacDive_Temperature_for_growth	4
kgmicrobe.trait:28_50	biolink:PhenotypicQuality	28-50	BacDive_Temperature_for_growth	4
kgmicrobe.trait:2_0_12_0	biolink:PhenotypicQuality	2.0-12.0	BacDive_Cell_length|BacDive_Salt_concentration	4
kgmicrobe.trait:2_0_2_2	biolink:PhenotypicQuality	2.0-2.2	BacDive_Cell_length	4
kgmicrobe.trait:2_0_33_0	biolink:PhenotypicQuality	2.0-33.0	BacDive_Temperature_for_growth	4
kgmicrobe.trait:2_13	biolink:PhenotypicQuality	2.13	BacDive_Cell_length|BacDive_Salt_concentration	4
kgmicrobe.trait:2_20	biolink:PhenotypicQuality	2-20	BacDive_Cell_length|BacDive_Salt_concentration	4
kgmicrobe.trait:2_2_2_6	biolink:PhenotypicQuality	2.2-2.6	BacDive_Cell_length	4
kgmicrobe.trait:2_2_3_5	biolink:PhenotypicQuality	2.2-3.5	BacDive_Cell_length|BacDive_Colony_size	4
kgmicrobe.trait:2_4_3	biolink:PhenotypicQuality	2-4.3	BacDive_Cell_length	4
kgmicrobe.trait:2_5_6_0	biolink:PhenotypicQuality	2.5-6.0	BacDive_Cell_length|BacDive_pH_for_growth	4
kgmicrobe.trait:2_d_lactose	biolink:PhenotypicQuality	(2)-D-lactose	BacDive_Metabolite_utilization	4
kgmicrobe.trait:2_deoxythymidine_5_4_nitrophenyl_phosphate	biolink:PhenotypicQuality	2-deoxythymidine-5'-4-nitrophenyl phosphate	BacDive_Metabolite_utilization	4
kgmicrobe.trait:2_dimethylsuccinic_acid	biolink:PhenotypicQuality	2-dimethylsuccinic acid	BacDive_Metabolite_utilization	4
kgmicrobe.trait:30_days	biolink:PhenotypicQuality	30 days	BacDive_Incubation_period	4
kgmicrobe.trait:37_40	biolink:PhenotypicQuality	37-40	BacDive_Temperature_for_growth	4
kgmicrobe.trait:39	biolink:PhenotypicQuality	39	BacDive_Temperature_for_growth	4
kgmicrobe.trait:3_0_10_0	biolink:PhenotypicQuality	3.0-10.0	BacDive_Cell_length|BacDive_Salt_concentration|BacDive_pH_for_growth	4
kgmicrobe.trait:3_2	biolink:PhenotypicQuality	3.2	BacDive_Cell_length|BacDive_Colony_size|BacDive_Salt_concentration	4
kgmicrobe.trait:3_3_5	biolink:PhenotypicQuality	3-3.5	BacDive_Cell_length	4
kgmicrobe.trait:3_50	biolink:PhenotypicQuality	3.50	BacDive_Salt_concentration	4
kgmicrobe.trait:3_5_7_5	biolink:PhenotypicQuality	3.5-7.5	BacDive_Cell_length|BacDive_pH_for_growth	4
kgmicrobe.trait:3_5_8	biolink:PhenotypicQuality	3.5-8	BacDive_pH_for_growth	4
kgmicrobe.trait:3_5_8_0	biolink:PhenotypicQuality	3.5-8.0	BacDive_Cell_length|BacDive_pH_for_growth	4
kgmicrobe.trait:3_5_8_5	biolink:PhenotypicQuality	3.5-8.5	BacDive_pH_for_growth	4
kgmicrobe.trait:3_5_9_5	biolink:PhenotypicQuality	3.5-9.5	BacDive_pH_for_growth	4
kgmicrobe.trait:3_aminobutyrate	biolink:PhenotypicQuality	3-aminobutyrate	BacDive_Metabolite_utilization	4
kgmicrobe.trait:40_70	biolink:PhenotypicQuality	40-70	BacDive_Temperature_for_growth	4
kgmicrobe.trait:43	biolink:PhenotypicQuality	43	BacDive_Temperature_for_growth	4
kgmicrobe.trait:45_60	biolink:PhenotypicQuality	45-60	BacDive_Temperature_for_growth	4
kgmicrobe.trait:4_0_35	biolink:PhenotypicQuality	4.0-35	BacDive_Temperature_for_growth	4
kgmicrobe.trait:4_1	biolink:PhenotypicQuality	4.1	BacDive_Cell_length	4
kgmicrobe.trait:4_12	biolink:PhenotypicQuality	4-12	BacDive_Cell_length|BacDive_pH_for_growth	4
kgmicrobe.trait:4_5_10_0	biolink:PhenotypicQuality	4.5-10.0	BacDive_pH_for_growth	4
kgmicrobe.trait:4_5_5	biolink:PhenotypicQuality	4-5.5	BacDive_Cell_length|BacDive_pH_for_growth	4
kgmicrobe.trait:4_5_7_2	biolink:PhenotypicQuality	4.5-7.2	BacDive_pH_for_growth	4
kgmicrobe.trait:4_6_days	biolink:PhenotypicQuality	4-6 days	BacDive_Incubation_period	4
kgmicrobe.trait:4_75	biolink:PhenotypicQuality	4.75	BacDive_Cell_length|BacDive_Salt_concentration	4
kgmicrobe.trait:50_80	biolink:PhenotypicQuality	50-80	BacDive_Temperature_for_growth	4
kgmicrobe.trait:55_80	biolink:PhenotypicQuality	55-80	BacDive_Temperature_for_growth	4
kgmicrobe.trait:5_0_10	biolink:PhenotypicQuality	5.0-10	BacDive_Cell_length|BacDive_pH_for_growth	4
kgmicrobe.trait:5_0_10_5	biolink:PhenotypicQuality	5.0-10.5	BacDive_pH_for_growth	4
kgmicrobe.trait:5_0_11_5	biolink:PhenotypicQuality	5.0-11.5	BacDive_pH_for_growth	4
kgmicrobe.trait:5_0_20_0	biolink:PhenotypicQuality	5.0-20.0	BacDive_Cell_length|BacDive_Salt_concentration	4
kgmicrobe.trait:5_0_45_0	biolink:PhenotypicQuality	5.0-45.0	BacDive_Temperature_for_growth	4
kgmicrobe.trait:5_28	biolink:PhenotypicQuality	5-28	BacDive_Temperature_for_growth	4
kgmicrobe.trait:5_31	biolink:PhenotypicQuality	5-31	BacDive_Temperature_for_growth	4
kgmicrobe.trait:5_32	biolink:PhenotypicQuality	5-32	BacDive_Temperature_for_growth	4
kgmicrobe.trait:5_34	biolink:PhenotypicQuality	5-34	BacDive_Temperature_for_growth	4
kgmicrobe.trait:5_5_11_0	biolink:PhenotypicQuality	5.5-11.0	BacDive_pH_for_growth	4
kgmicrobe.trait:5_75	biolink:PhenotypicQuality	5.75	BacDive_Cell_length	4
kgmicrobe.trait:5_8_8_5	biolink:PhenotypicQuality	5.8-8.5	BacDive_pH_for_growth	4
kgmicrobe.trait:62	biolink:PhenotypicQuality	62	BacDive_Temperature_for_growth	4
kgmicrobe.trait:6_1_12_1	biolink:PhenotypicQuality	6.1-12.1	BacDive_pH_for_growth	4
kgmicrobe.trait:6_37	biolink:PhenotypicQuality	6-37	BacDive_Temperature_for_growth	4
kgmicrobe.trait:6_3_6_8	biolink:PhenotypicQuality	6.3-6.8	BacDive_pH_for_growth	4
kgmicrobe.trait:6_3_9_1	biolink:PhenotypicQuality	6.3-9.1	BacDive_pH_for_growth	4
kgmicrobe.trait:6_5_12	biolink:PhenotypicQuality	6.5-12	BacDive_pH_for_growth	4
kgmicrobe.trait:6_5_7	biolink:PhenotypicQuality	6.5-7	BacDive_pH_for_growth	4
kgmicrobe.trait:6_7_8	biolink:PhenotypicQuality	6-7.8	BacDive_pH_for_growth	4
kgmicrobe.trait:6_7_days	biolink:PhenotypicQuality	6-7 days	BacDive_Incubation_period	4
kgmicrobe.trait:7_0_10_5	biolink:PhenotypicQuality	7.0-10.5	BacDive_pH_for_growth	4
kgmicrobe.trait:7_0_7_5	biolink:PhenotypicQuality	7.0-7.5	BacDive_pH_for_growth	4
kgmicrobe.trait:7_0_8_5	biolink:PhenotypicQuality	7.0-8.5	BacDive_pH_for_growth	4
kgmicrobe.trait:7_14_days	biolink:PhenotypicQuality	7-14 days	BacDive_Incubation_period	4
kgmicrobe.trait:7_37	biolink:PhenotypicQuality	7-37	BacDive_Temperature_for_growth	4
kgmicrobe.trait:7_5_12	biolink:PhenotypicQuality	7.5-12	BacDive_pH_for_growth	4
kgmicrobe.trait:7_9_5	biolink:PhenotypicQuality	7-9.5	BacDive_pH_for_growth	4
kgmicrobe.trait:8_40	biolink:PhenotypicQuality	8-40	BacDive_Temperature_for_growth	4
kgmicrobe.trait:8_45	biolink:PhenotypicQuality	8-45	BacDive_Temperature_for_growth	4
kgmicrobe.trait:97	biolink:PhenotypicQuality	97	BacDive_Temperature_for_growth	4
kgmicrobe.trait:98	biolink:PhenotypicQuality	98	BacDive_Temperature_for_growth	4
kgmicrobe.trait:9_6	biolink:PhenotypicQuality	9.6	BacDive_pH_for_growth	4
kgmicrobe.trait:acetylene	biolink:PhenotypicQuality	acetylene	BacDive_Metabolite_utilization	4
kgmicrobe.trait:agarase	biolink:PhenotypicQuality	agarase	BacDive_Enzyme_activity	4
kgmicrobe.trait:ammonium_nitrate	biolink:PhenotypicQuality	ammonium nitrate	BacDive_Metabolite_utilization	4
kgmicrobe.trait:amylose	biolink:PhenotypicQuality	amylose	BacDive_Metabolite_utilization	4
kgmicrobe.trait:beta_n_acetylgalactosaminidase	biolink:PhenotypicQuality	beta-N-acetylgalactosaminidase	BacDive_Enzyme_activity	4
kgmicrobe.trait:bis_4_nitrophenyl_phenyl_phosphonate	biolink:PhenotypicQuality	bis-4-nitrophenyl-phenyl phosphonate	BacDive_Metabolite_utilization	4
kgmicrobe.trait:bladder	biolink:PhenotypicQuality	#Bladder	BacDive_Isolation_category_3	4
kgmicrobe.trait:carnitine	biolink:PhenotypicQuality	carnitine	BacDive_Metabolite_utilization	4
kgmicrobe.trait:cefprozil	biolink:PhenotypicQuality	cefprozil	BacDive_Antibiotic_sensitivity	4
kgmicrobe.trait:collagen	biolink:PhenotypicQuality	collagen	BacDive_Metabolite_utilization	4
kgmicrobe.trait:cyclodextrin	biolink:PhenotypicQuality	cyclodextrin	BacDive_Antibiotic_resistance|BacDive_Metabolite_utilization	4
kgmicrobe.trait:defined_media	biolink:PhenotypicQuality	#Defined media	BacDive_Isolation_category_3	4
kgmicrobe.trait:ellipsoidal	biolink:PhenotypicQuality	ellipsoidal	BacDive_Cell_shape	4
kgmicrobe.trait:enoxacin	biolink:PhenotypicQuality	enoxacin	BacDive_Antibiotic_resistance|BacDive_Antibiotic_sensitivity	4
kgmicrobe.trait:flask_shaped	biolink:PhenotypicQuality	flask-shaped	BacDive_Cell_shape	4
kgmicrobe.trait:fluorescein	biolink:PhenotypicQuality	fluorescein	BacDive_Metabolite_production	4
kgmicrobe.trait:gamma_cyclodextrin	biolink:PhenotypicQuality	gamma-cyclodextrin	BacDive_Metabolite_utilization	4
kgmicrobe.trait:glucuronate	biolink:PhenotypicQuality	glucuronate	BacDive_Metabolite_utilization	4
kgmicrobe.trait:glutamyl_arylamidase_pna	biolink:PhenotypicQuality	glutamyl arylamidase pNA	BacDive_Enzyme_activity	4
kgmicrobe.trait:gramicidin_s	biolink:PhenotypicQuality	gramicidin s	BacDive_Antibiotic_resistance|BacDive_Antibiotic_sensitivity	4
kgmicrobe.trait:l_fructose	biolink:PhenotypicQuality	L-fructose	BacDive_Metabolite_utilization	4
kgmicrobe.trait:lactulose	biolink:PhenotypicQuality	lactulose	BacDive_Metabolite_utilization	4
kgmicrobe.trait:lomefloxacin	biolink:PhenotypicQuality	lomefloxacin	BacDive_Antibiotic_resistance|BacDive_Antibiotic_sensitivity	4
kgmicrobe.trait:lysostaphin	biolink:PhenotypicQuality	lysostaphin	BacDive_Antibiotic_sensitivity	4
kgmicrobe.trait:macrolide_antibiotic	biolink:PhenotypicQuality	macrolide antibiotic	BacDive_Antibiotic_sensitivity	4
kgmicrobe.trait:manganese	biolink:PhenotypicQuality	manganese	BacDive_Metabolite_utilization	4
kgmicrobe.trait:methylamine	biolink:PhenotypicQuality	methylamine	BacDive_Metabolite_utilization	4
kgmicrobe.trait:microaerotolerant	biolink:PhenotypicQuality	microaerotolerant	BacDive_Oxygen_tolerance	4
kgmicrobe.trait:nectar	biolink:PhenotypicQuality	#Nectar	BacDive_Isolation_category_3	4
kgmicrobe.trait:nicotinate	biolink:PhenotypicQuality	nicotinate	BacDive_Metabolite_production|BacDive_Metabolite_utilization	4
kgmicrobe.trait:nife_hydrogenase	biolink:PhenotypicQuality	NiFe-hydrogenase	BacDive_Enzyme_activity	4
kgmicrobe.trait:oxolinate	biolink:PhenotypicQuality	oxolinate	BacDive_Antibiotic_resistance|BacDive_Antibiotic_sensitivity	4
kgmicrobe.trait:phosphatidate_phosphatase	biolink:PhenotypicQuality	phosphatidate phosphatase	BacDive_Enzyme_activity	4
kgmicrobe.trait:polytrichous	biolink:PhenotypicQuality	polytrichous	BacDive_Flagellum_arrangement	4
kgmicrobe.trait:potassium_2_ketogluconate	biolink:PhenotypicQuality	Potassium 2-ketogluconate	BacDive_Metabolite_utilization	4
kgmicrobe.trait:preserved	biolink:PhenotypicQuality	#Preserved	BacDive_Isolation_category_3	4
kgmicrobe.trait:protocatechuate	biolink:PhenotypicQuality	protocatechuate	BacDive_Metabolite_utilization	4
kgmicrobe.trait:quinate	biolink:PhenotypicQuality	quinate	BacDive_Metabolite_utilization	4
kgmicrobe.trait:salinomycin	biolink:PhenotypicQuality	salinomycin	BacDive_Antibiotic_resistance	4
kgmicrobe.trait:sebacic_acid	biolink:PhenotypicQuality	sebacic acid	BacDive_Metabolite_utilization	4
kgmicrobe.trait:siderophore	biolink:PhenotypicQuality	siderophore	BacDive_Metabolite_production	4
kgmicrobe.trait:solid_animal_waste	biolink:PhenotypicQuality	#Solid animal waste	BacDive_Isolation_category_3	4
kgmicrobe.trait:sorbose	biolink:PhenotypicQuality	sorbose	BacDive_Metabolite_utilization	4
kgmicrobe.trait:tazobactam	biolink:PhenotypicQuality	tazobactam	BacDive_Antibiotic_resistance|BacDive_Antibiotic_sensitivity	4
kgmicrobe.trait:ticarcillin	biolink:PhenotypicQuality	ticarcillin	BacDive_Antibiotic_resistance|BacDive_Antibiotic_sensitivity	4
kgmicrobe.trait:urocanic_acid	biolink:PhenotypicQuality	urocanic acid	BacDive_Metabolite_utilization	4
kgmicrobe.trait:yeast_extract_0_01	biolink:PhenotypicQuality	yeast extract (0.01 %	BacDive_Metabolite_utilization	4
kgmicrobe.compound:cyclopentanol_co2	biolink:ChemicalEntity	cyclopentanol+CO2	bergey:substrates	3
kgmicrobe.compound:glucose_acetate	biolink:ChemicalEntity	glucose + acetate	bergey:substrates	3
kgmicrobe.compound:h2_methanol	biolink:ChemicalEntity	H2+methanol	bergey:substrates	3
kgmicrobe.compound:pygs	biolink:ChemicalEntity	PYGS	bergey:substrates	3
kgmicrobe.compound:sucrose_yeast_extract	biolink:ChemicalEntity	sucrose + yeast extract	bergey:substrates	3
kgmicrobe.pathway:aerobic_nitrite_oxidation	biolink:BiologicalProcess	aerobic_nitrite_oxidation	faprotax:type_of_metabolism	3
kgmicrobe.pathway:nitrous_oxide_denitrification	biolink:BiologicalProcess	nitrous_oxide_denitrification	faprotax:type_of_metabolism	3
kgmicrobe.trait:02_09	biolink:PhenotypicQuality	02-09	BacDive_Cell_length|BacDive_Salt_concentration|BacDive_pH_for_growth	3
kgmicrobe.trait:02_30	biolink:PhenotypicQuality	02-30	BacDive_Temperature_for_growth	3
kgmicrobe.trait:03_12	biolink:PhenotypicQuality	03-12	BacDive_Cell_length|BacDive_Salt_concentration	3
kgmicrobe.trait:04_20	biolink:PhenotypicQuality	04-20	BacDive_Salt_concentration|BacDive_Temperature_for_growth	3
kgmicrobe.trait:04_26	biolink:PhenotypicQuality	04-26	BacDive_Salt_concentration|BacDive_Temperature_for_growth	3
kgmicrobe.trait:04_55	biolink:PhenotypicQuality	04-55	BacDive_Temperature_for_growth	3
kgmicrobe.trait:05_41	biolink:PhenotypicQuality	05-41	BacDive_Temperature_for_growth	3
kgmicrobe.trait:05_42	biolink:PhenotypicQuality	05-42	BacDive_Temperature_for_growth	3
kgmicrobe.trait:06_37	biolink:PhenotypicQuality	06-37	BacDive_Temperature_for_growth	3
kgmicrobe.trait:07_37	biolink:PhenotypicQuality	07-37	BacDive_Temperature_for_growth	3
kgmicrobe.trait:07_45	biolink:PhenotypicQuality	07-45	BacDive_Temperature_for_growth	3
kgmicrobe.trait:08_35	biolink:PhenotypicQuality	08-35	BacDive_Temperature_for_growth	3
kgmicrobe.trait:08_44	biolink:PhenotypicQuality	08-44	BacDive_Temperature_for_growth	3
kgmicrobe.trait:09_30	biolink:PhenotypicQuality	09-30	BacDive_Salt_concentration	3
kgmicrobe.trait:0_0_10	biolink:PhenotypicQuality	0.0-10	BacDive_Salt_concentration	3
kgmicrobe.trait:0_0_7	biolink:PhenotypicQuality	0-0.7	BacDive_Salt_concentration	3
kgmicrobe.trait:0_12_5	biolink:PhenotypicQuality	0-12.5	BacDive_Salt_concentration	3
kgmicrobe.trait:0_19	biolink:PhenotypicQuality	0-19	BacDive_Salt_concentration|BacDive_Temperature_for_growth	3
kgmicrobe.trait:0_1_0_6	biolink:PhenotypicQuality	0.1-0.6	BacDive_Colony_size|BacDive_Salt_concentration	3
kgmicrobe.trait:0_1_1_0	biolink:PhenotypicQuality	0.1-1.0	BacDive_Colony_size|BacDive_Salt_concentration	3
kgmicrobe.trait:0_1_2	biolink:PhenotypicQuality	0.1-2	BacDive_Colony_size|BacDive_Salt_concentration	3
kgmicrobe.trait:0_1_2_0	biolink:PhenotypicQuality	0.1-2.0	BacDive_Salt_concentration	3
kgmicrobe.trait:0_20_0	biolink:PhenotypicQuality	0-20.0	BacDive_Salt_concentration	3
kgmicrobe.trait:0_21	biolink:PhenotypicQuality	0-21	BacDive_Cell_width|BacDive_Salt_concentration	3
kgmicrobe.trait:0_23	biolink:PhenotypicQuality	0-23	BacDive_Cell_width|BacDive_Salt_concentration|BacDive_Temperature_for_growth	3
kgmicrobe.trait:0_24	biolink:PhenotypicQuality	0.24	BacDive_Cell_width|BacDive_Salt_concentration|BacDive_Temperature_for_growth	3
kgmicrobe.trait:0_26	biolink:PhenotypicQuality	0-26	BacDive_Cell_width|BacDive_Salt_concentration|BacDive_Temperature_for_growth	3
kgmicrobe.trait:0_27	biolink:PhenotypicQuality	0.27	BacDive_Cell_width|BacDive_Salt_concentration|BacDive_Temperature_for_growth	3
kgmicrobe.trait:0_2_3_5	biolink:PhenotypicQuality	0.2-3.5	BacDive_Cell_length|BacDive_Salt_concentration	3
kgmicrobe.trait:0_32	biolink:PhenotypicQuality	0-32	BacDive_Temperature_for_growth	3
kgmicrobe.trait:0_35_0_4	biolink:PhenotypicQuality	0.35-0.4	BacDive_Cell_width	3
kgmicrobe.trait:0_35_0_5	biolink:PhenotypicQuality	0.35-0.5	BacDive_Cell_width	3
kgmicrobe.trait:0_38	biolink:PhenotypicQuality	0.38	BacDive_Cell_width	3
kgmicrobe.trait:0_3_1	biolink:PhenotypicQuality	0.3-1	BacDive_Cell_width|BacDive_Colony_size	3
kgmicrobe.trait:0_3_10	biolink:PhenotypicQuality	0.3-10	BacDive_Salt_concentration	3
kgmicrobe.trait:0_3_1_5	biolink:PhenotypicQuality	0.3-1.5	BacDive_Cell_length|BacDive_Colony_size	3
kgmicrobe.trait:0_3_2_0	biolink:PhenotypicQuality	0.3-2.0	BacDive_Cell_length|BacDive_Salt_concentration	3
kgmicrobe.trait:0_41	biolink:PhenotypicQuality	0.41	BacDive_Cell_width	3
kgmicrobe.trait:0_42	biolink:PhenotypicQuality	0.42	BacDive_Cell_width|BacDive_Temperature_for_growth	3
kgmicrobe.trait:0_425	biolink:PhenotypicQuality	0.425	BacDive_Cell_width	3
kgmicrobe.trait:0_45_0_65	biolink:PhenotypicQuality	0.45-0.65	BacDive_Cell_width	3
kgmicrobe.trait:0_4_1_2	biolink:PhenotypicQuality	0.4-1.2	BacDive_Cell_length|BacDive_Cell_width	3
kgmicrobe.trait:0_4_3_0	biolink:PhenotypicQuality	0.4-3.0	BacDive_Cell_length|BacDive_Colony_size|BacDive_Salt_concentration	3
kgmicrobe.trait:0_4_4_0	biolink:PhenotypicQuality	0.4-4.0	BacDive_Cell_length	3
kgmicrobe.trait:0_56	biolink:PhenotypicQuality	0.56	BacDive_Cell_length|BacDive_Cell_width	3
kgmicrobe.trait:0_59	biolink:PhenotypicQuality	0.59	BacDive_Cell_width	3
kgmicrobe.trait:0_5_14	biolink:PhenotypicQuality	0.5-14	BacDive_Salt_concentration	3
kgmicrobe.trait:0_5_15_0	biolink:PhenotypicQuality	0.5-15.0	BacDive_Salt_concentration	3
kgmicrobe.trait:0_5_30	biolink:PhenotypicQuality	0.5-30	BacDive_Salt_concentration	3
kgmicrobe.trait:0_5_8_5	biolink:PhenotypicQuality	0.5-8.5	BacDive_Salt_concentration	3
kgmicrobe.trait:0_61	biolink:PhenotypicQuality	0.61	BacDive_Cell_length|BacDive_Cell_width	3
kgmicrobe.trait:0_64	biolink:PhenotypicQuality	0.64	BacDive_Cell_width|BacDive_Salt_concentration	3
kgmicrobe.trait:0_69	biolink:PhenotypicQuality	0.69	BacDive_Cell_length|BacDive_Cell_width	3
kgmicrobe.trait:0_6_1_6	biolink:PhenotypicQuality	0.6-1.6	BacDive_Cell_length|BacDive_Cell_width|BacDive_Colony_size	3
kgmicrobe.trait:0_6_2_2	biolink:PhenotypicQuality	0.6-2.2	BacDive_Cell_length|BacDive_Cell_width|BacDive_Colony_size	3
kgmicrobe.trait:0_6_5_5	biolink:PhenotypicQuality	0.6-5.5	BacDive_Cell_length	3
kgmicrobe.trait:0_73	biolink:PhenotypicQuality	0.73	BacDive_Cell_width	3
kgmicrobe.trait:0_7_1_6	biolink:PhenotypicQuality	0.7-1.6	BacDive_Cell_length	3
kgmicrobe.trait:0_7_1_9	biolink:PhenotypicQuality	0.7-1.9	BacDive_Cell_length	3
kgmicrobe.trait:0_7_2_5	biolink:PhenotypicQuality	0.7-2.5	BacDive_Cell_length	3
kgmicrobe.trait:0_7_3_0	biolink:PhenotypicQuality	0.7-3.0	BacDive_Cell_length|BacDive_Salt_concentration	3
kgmicrobe.trait:0_7_4	biolink:PhenotypicQuality	0.7-4	BacDive_Cell_length|BacDive_Salt_concentration	3
kgmicrobe.trait:0_87	biolink:PhenotypicQuality	0.87	BacDive_Cell_length|BacDive_Cell_width|BacDive_Salt_concentration	3
kgmicrobe.trait:0_8_2_2	biolink:PhenotypicQuality	0.8-2.2	BacDive_Cell_length|BacDive_Colony_size	3
kgmicrobe.trait:0_8_2_4	biolink:PhenotypicQuality	0.8-2.4	BacDive_Cell_length	3
kgmicrobe.trait:0_9_2_2	biolink:PhenotypicQuality	0.9-2.2	BacDive_Cell_length	3
kgmicrobe.trait:0_9_3_4	biolink:PhenotypicQuality	0.9-3.4	BacDive_Cell_length|BacDive_Salt_concentration	3
kgmicrobe.trait:10_0_15_0	biolink:PhenotypicQuality	10.0-15.0	BacDive_Salt_concentration	3
kgmicrobe.trait:10_47	biolink:PhenotypicQuality	10-47	BacDive_Temperature_for_growth	3
kgmicrobe.trait:10_48	biolink:PhenotypicQuality	10-48	BacDive_Temperature_for_growth	3
kgmicrobe.trait:10_60	biolink:PhenotypicQuality	10-60	BacDive_Salt_concentration|BacDive_Temperature_for_growth	3
kgmicrobe.trait:11_27	biolink:PhenotypicQuality	11-27	BacDive_Salt_concentration|BacDive_Temperature_for_growth	3
kgmicrobe.trait:11_37	biolink:PhenotypicQuality	11-37	BacDive_Temperature_for_growth	3
kgmicrobe.trait:11_40	biolink:PhenotypicQuality	11-40	BacDive_Temperature_for_growth	3
kgmicrobe.trait:12_30	biolink:PhenotypicQuality	12-30	BacDive_Salt_concentration|BacDive_Temperature_for_growth	3
kgmicrobe.trait:12_50	biolink:PhenotypicQuality	12-50	BacDive_Temperature_for_growth	3
kgmicrobe.trait:13_40	biolink:PhenotypicQuality	13-40	BacDive_Temperature_for_growth	3
kgmicrobe.trait:13_42	biolink:PhenotypicQuality	13-42	BacDive_Temperature_for_growth	3
kgmicrobe.trait:14_40	biolink:PhenotypicQuality	14-40	BacDive_Temperature_for_growth	3
kgmicrobe.trait:15_08_24_94	biolink:PhenotypicQuality	15.08-24.94	BacDive_Salt_concentration	3
kgmicrobe.trait:15_0_43_0	biolink:PhenotypicQuality	15.0-43.0	BacDive_Temperature_for_growth	3
kgmicrobe.trait:15_46	biolink:PhenotypicQuality	15-46	BacDive_Temperature_for_growth	3
kgmicrobe.trait:15_47	biolink:PhenotypicQuality	15-47	BacDive_Temperature_for_growth	3
kgmicrobe.trait:15_49	biolink:PhenotypicQuality	15-49	BacDive_Temperature_for_growth	3
kgmicrobe.trait:15_days	biolink:PhenotypicQuality	15 days	BacDive_Incubation_period	3
kgmicrobe.trait:16_33	biolink:PhenotypicQuality	16-33	BacDive_Temperature_for_growth	3
kgmicrobe.trait:16_38	biolink:PhenotypicQuality	16-38	BacDive_Temperature_for_growth	3
kgmicrobe.trait:16_44	biolink:PhenotypicQuality	16-44	BacDive_Temperature_for_growth	3
kgmicrobe.trait:16_50	biolink:PhenotypicQuality	16-50	BacDive_Salt_concentration|BacDive_Temperature_for_growth	3
kgmicrobe.trait:17_33	biolink:PhenotypicQuality	17-33	BacDive_Temperature_for_growth	3
kgmicrobe.trait:18_36	biolink:PhenotypicQuality	18-36	BacDive_Temperature_for_growth	3
kgmicrobe.trait:18_38	biolink:PhenotypicQuality	18-38	BacDive_Temperature_for_growth	3
kgmicrobe.trait:18_48	biolink:PhenotypicQuality	18-48	BacDive_Temperature_for_growth	3
kgmicrobe.trait:1_0_11_0	biolink:PhenotypicQuality	1.0-11.0	BacDive_Salt_concentration	3
kgmicrobe.trait:1_0_22_0	biolink:PhenotypicQuality	1.0-22.0	BacDive_Salt_concentration	3
kgmicrobe.trait:1_0_2_4	biolink:PhenotypicQuality	1.0-2.4	BacDive_Cell_length	3
kgmicrobe.trait:1_0_2_7	biolink:PhenotypicQuality	1.0-2.7	BacDive_Cell_length	3
kgmicrobe.trait:1_0_7_5	biolink:PhenotypicQuality	1.0-7.5	BacDive_Salt_concentration	3
kgmicrobe.trait:1_19	biolink:PhenotypicQuality	1.19	BacDive_Cell_length|BacDive_Cell_width	3
kgmicrobe.trait:1_1_2_6	biolink:PhenotypicQuality	1.1-2.6	BacDive_Cell_length|BacDive_Colony_size	3
kgmicrobe.trait:1_1_5_days	biolink:PhenotypicQuality	1-1.5 days	BacDive_Incubation_period	3
kgmicrobe.trait:1_1_9	biolink:PhenotypicQuality	1-1.9	BacDive_Cell_length|BacDive_Cell_width|BacDive_Colony_size	3
kgmicrobe.trait:1_2_2_7	biolink:PhenotypicQuality	1.2-2.7	BacDive_Cell_length	3
kgmicrobe.trait:1_2_4_5	biolink:PhenotypicQuality	1.2-4.5	BacDive_Cell_length	3
kgmicrobe.trait:1_3_2_7	biolink:PhenotypicQuality	1.3-2.7	BacDive_Cell_length	3
kgmicrobe.trait:1_3_3_5	biolink:PhenotypicQuality	1.3-3.5	BacDive_Cell_length	3
kgmicrobe.trait:1_3_4_5	biolink:PhenotypicQuality	1.3-4.5	BacDive_Cell_length	3
kgmicrobe.trait:1_4_1_7	biolink:PhenotypicQuality	1.4-1.7	BacDive_Cell_length|BacDive_Cell_width	3
kgmicrobe.trait:1_4_2	biolink:PhenotypicQuality	1.4-2	BacDive_Cell_length	3
kgmicrobe.trait:1_4_2_5	biolink:PhenotypicQuality	1.4-2.5	BacDive_Cell_length|BacDive_Salt_concentration	3
kgmicrobe.trait:1_4_2_6	biolink:PhenotypicQuality	1.4-2.6	BacDive_Cell_length	3
kgmicrobe.trait:1_4_2_7	biolink:PhenotypicQuality	1.4-2.7	BacDive_Cell_length	3
kgmicrobe.trait:1_4_3_2	biolink:PhenotypicQuality	1.4-3.2	BacDive_Cell_length	3
kgmicrobe.trait:1_4_3_5	biolink:PhenotypicQuality	1.4-3.5	BacDive_Cell_length	3
kgmicrobe.trait:1_4_4_8	biolink:PhenotypicQuality	1.4-4.8	BacDive_Salt_concentration	3
kgmicrobe.trait:1_5_15	biolink:PhenotypicQuality	1.5-15	BacDive_Cell_length	3
kgmicrobe.trait:1_5_2_4	biolink:PhenotypicQuality	1.5-2.4	BacDive_Cell_length|BacDive_Colony_size	3
kgmicrobe.trait:1_5_3_3	biolink:PhenotypicQuality	1.5-3.3	BacDive_Cell_length	3
kgmicrobe.trait:1_5_3_4	biolink:PhenotypicQuality	1.5-3.4	BacDive_Cell_length	3
kgmicrobe.trait:1_6_1_7	biolink:PhenotypicQuality	1.6-1.7	BacDive_Cell_length	3
kgmicrobe.trait:1_6_2_5	biolink:PhenotypicQuality	1.6-2.5	BacDive_Cell_length	3
kgmicrobe.trait:1_6_2_6	biolink:PhenotypicQuality	1.6-2.6	BacDive_Cell_length|BacDive_Cell_width	3
kgmicrobe.trait:1_6_3_0	biolink:PhenotypicQuality	1.6-3.0	BacDive_Cell_length	3
kgmicrobe.trait:1_6_3_3	biolink:PhenotypicQuality	1.6-3.3	BacDive_Cell_length	3
kgmicrobe.trait:1_6_3_5	biolink:PhenotypicQuality	1.6-3.5	BacDive_Cell_length	3
kgmicrobe.trait:1_7_1_8	biolink:PhenotypicQuality	1.7-1.8	BacDive_Cell_length|BacDive_Cell_width	3
kgmicrobe.trait:1_7_2	biolink:PhenotypicQuality	1-7.2	BacDive_Cell_length|BacDive_Salt_concentration	3
kgmicrobe.trait:1_7_2_0	biolink:PhenotypicQuality	1.7-2.0	BacDive_Cell_length	3
kgmicrobe.trait:1_7_2_4	biolink:PhenotypicQuality	1.7-2.4	BacDive_Cell_length	3
kgmicrobe.trait:1_7_2_6	biolink:PhenotypicQuality	1.7-2.6	BacDive_Cell_length	3
kgmicrobe.trait:1_7_2_7	biolink:PhenotypicQuality	1.7-2.7	BacDive_Cell_length	3
kgmicrobe.trait:1_7_2_8	biolink:PhenotypicQuality	1.7-2.8	BacDive_Cell_length	3
kgmicrobe.trait:1_7_5_1	biolink:PhenotypicQuality	1.7-5.1	BacDive_Salt_concentration	3
kgmicrobe.trait:1_8_2_4	biolink:PhenotypicQuality	1.8-2.4	BacDive_Cell_length	3
kgmicrobe.trait:1_8_3_5	biolink:PhenotypicQuality	1.8-3.5	BacDive_Cell_length	3
kgmicrobe.trait:1_9_2_8	biolink:PhenotypicQuality	1.9-2.8	BacDive_Cell_length|BacDive_Colony_size	3
kgmicrobe.trait:20_32	biolink:PhenotypicQuality	20-32	BacDive_Temperature_for_growth	3
kgmicrobe.trait:20_36	biolink:PhenotypicQuality	20-36	BacDive_Temperature_for_growth	3
kgmicrobe.trait:20_38	biolink:PhenotypicQuality	20-38	BacDive_Temperature_for_growth	3
kgmicrobe.trait:20_39	biolink:PhenotypicQuality	20-39	BacDive_Temperature_for_growth	3
kgmicrobe.trait:20_41	biolink:PhenotypicQuality	20-41	BacDive_Temperature_for_growth	3
kgmicrobe.trait:20_65	biolink:PhenotypicQuality	20-65	BacDive_Temperature_for_growth	3
kgmicrobe.trait:21_42	biolink:PhenotypicQuality	21-42	BacDive_Temperature_for_growth	3
kgmicrobe.trait:22_36	biolink:PhenotypicQuality	22-36	BacDive_Temperature_for_growth	3
kgmicrobe.trait:22_44	biolink:PhenotypicQuality	22-44	BacDive_Temperature_for_growth	3
kgmicrobe.trait:22_48	biolink:PhenotypicQuality	22-48	BacDive_Temperature_for_growth	3
kgmicrobe.trait:23_0	biolink:PhenotypicQuality	23.0	BacDive_Salt_concentration	3
kgmicrobe.trait:25_0_37_0	biolink:PhenotypicQuality	25.0-37.0	BacDive_Temperature_for_growth	3
kgmicrobe.trait:25_46	biolink:PhenotypicQuality	25-46	BacDive_Temperature_for_growth	3
kgmicrobe.trait:25_47	biolink:PhenotypicQuality	25-47	BacDive_Temperature_for_growth	3
kgmicrobe.trait:27_30	biolink:PhenotypicQuality	27-30	BacDive_Temperature_for_growth	3
kgmicrobe.trait:2_0_2_7	biolink:PhenotypicQuality	2.0-2.7	BacDive_Cell_length	3
kgmicrobe.trait:2_0_30_0	biolink:PhenotypicQuality	2.0-30.0	BacDive_Temperature_for_growth	3
kgmicrobe.trait:2_0_3_2	biolink:PhenotypicQuality	2.0-3.2	BacDive_Cell_length	3
kgmicrobe.trait:2_0_4_5	biolink:PhenotypicQuality	2.0-4.5	BacDive_Cell_length	3
kgmicrobe.trait:2_11	biolink:PhenotypicQuality	2-11	BacDive_Salt_concentration	3
kgmicrobe.trait:2_1_2_6	biolink:PhenotypicQuality	2.1-2.6	BacDive_Cell_length|BacDive_Salt_concentration	3
kgmicrobe.trait:2_1_3_0	biolink:PhenotypicQuality	2.1-3.0	BacDive_Cell_length	3
kgmicrobe.trait:2_2_3	biolink:PhenotypicQuality	2-2.3	BacDive_Cell_length	3
kgmicrobe.trait:2_2_3_2	biolink:PhenotypicQuality	2.2-3.2	BacDive_Cell_length	3
kgmicrobe.trait:2_30	biolink:PhenotypicQuality	2-30	BacDive_Cell_length|BacDive_Temperature_for_growth	3
kgmicrobe.trait:2_3_2_5	biolink:PhenotypicQuality	2.3-2.5	BacDive_Cell_length	3
kgmicrobe.trait:2_4_5	biolink:PhenotypicQuality	2.4-5	BacDive_Cell_length|BacDive_Salt_concentration	3
kgmicrobe.trait:2_5_3_3	biolink:PhenotypicQuality	2.5-3.3	BacDive_Cell_length|BacDive_Colony_size	3
kgmicrobe.trait:2_5_5_5	biolink:PhenotypicQuality	2.5-5.5	BacDive_Cell_length|BacDive_pH_for_growth	3
kgmicrobe.trait:2_6_3_5	biolink:PhenotypicQuality	2.6-3.5	BacDive_Cell_length	3
kgmicrobe.trait:2_aminopentanoic_acid	biolink:PhenotypicQuality	2-aminopentanoic acid	BacDive_Metabolite_utilization	3
kgmicrobe.trait:2_deoxy_d_ribose	biolink:PhenotypicQuality	2-deoxy-d-ribose	BacDive_Metabolite_utilization	3
kgmicrobe.trait:2_naphthyl_dihydrogen_phosphate	biolink:PhenotypicQuality	2-naphthyl dihydrogen phosphate	BacDive_Metabolite_utilization	3
kgmicrobe.trait:30_43	biolink:PhenotypicQuality	30-43	BacDive_Temperature_for_growth	3
kgmicrobe.trait:30_70	biolink:PhenotypicQuality	30-70	BacDive_Temperature_for_growth	3
kgmicrobe.trait:32_35	biolink:PhenotypicQuality	32-35	BacDive_Temperature_for_growth	3
kgmicrobe.trait:35_55	biolink:PhenotypicQuality	35-55	BacDive_Temperature_for_growth	3
kgmicrobe.trait:36_37	biolink:PhenotypicQuality	36-37	BacDive_Temperature_for_growth	3
kgmicrobe.trait:36_39	biolink:PhenotypicQuality	36-39	BacDive_Temperature_for_growth	3
kgmicrobe.trait:37_0_60_0	biolink:PhenotypicQuality	37.0-60.0	BacDive_Temperature_for_growth	3
kgmicrobe.trait:37_68	biolink:PhenotypicQuality	37-68	BacDive_Temperature_for_growth	3
kgmicrobe.trait:38	biolink:PhenotypicQuality	38	BacDive_Temperature_for_growth	3
kgmicrobe.trait:3_0_3_5	biolink:PhenotypicQuality	3.0-3.5	BacDive_Colony_size|BacDive_Salt_concentration|BacDive_pH_for_growth	3
kgmicrobe.trait:3_0_6_8	biolink:PhenotypicQuality	3.0-6.8	BacDive_pH_for_growth	3
kgmicrobe.trait:3_0_7_0	biolink:PhenotypicQuality	3.0-7.0	BacDive_Cell_length|BacDive_Salt_concentration	3
kgmicrobe.trait:3_0_9_0	biolink:PhenotypicQuality	3.0-9.0	BacDive_pH_for_growth	3
kgmicrobe.trait:3_17	biolink:PhenotypicQuality	3-17	BacDive_Salt_concentration	3
kgmicrobe.trait:3_3	biolink:PhenotypicQuality	3.3	BacDive_Cell_length|BacDive_Salt_concentration	3
kgmicrobe.trait:3_35	biolink:PhenotypicQuality	3.35	BacDive_Cell_length|BacDive_Temperature_for_growth	3
kgmicrobe.trait:3_45	biolink:PhenotypicQuality	3.45	BacDive_Cell_length|BacDive_Salt_concentration	3
kgmicrobe.trait:3_55	biolink:PhenotypicQuality	3.55	BacDive_Cell_length	3
kgmicrobe.trait:3_5_10	biolink:PhenotypicQuality	3.5-10	BacDive_pH_for_growth	3
kgmicrobe.trait:3_5_4	biolink:PhenotypicQuality	3.5-4	BacDive_Salt_concentration	3
kgmicrobe.trait:3_5_4_0	biolink:PhenotypicQuality	3.5-4.0	BacDive_Cell_length	3
kgmicrobe.trait:3_5_5_0	biolink:PhenotypicQuality	3.5-5.0	BacDive_Cell_length|BacDive_Salt_concentration	3
kgmicrobe.trait:3_5_5_5	biolink:PhenotypicQuality	3.5-5.5	BacDive_Cell_length|BacDive_pH_for_growth	3
kgmicrobe.trait:3_5_7_0	biolink:PhenotypicQuality	3.5-7.0	BacDive_Cell_length|BacDive_pH_for_growth	3
kgmicrobe.trait:3_65	biolink:PhenotypicQuality	3.65	BacDive_Cell_length	3
kgmicrobe.trait:3_6_4_5	biolink:PhenotypicQuality	3.6-4.5	BacDive_Cell_length	3
kgmicrobe.trait:3_6_5	biolink:PhenotypicQuality	3-6.5	BacDive_Cell_length|BacDive_pH_for_growth	3
kgmicrobe.trait:40_0	biolink:PhenotypicQuality	40.0	BacDive_Temperature_for_growth	3
kgmicrobe.trait:45_50	biolink:PhenotypicQuality	45-50	BacDive_Temperature_for_growth	3
kgmicrobe.trait:45_75	biolink:PhenotypicQuality	45-75	BacDive_Temperature_for_growth	3
kgmicrobe.trait:48	biolink:PhenotypicQuality	48	BacDive_Temperature_for_growth	3
kgmicrobe.trait:4_0_32	biolink:PhenotypicQuality	4.0-32	BacDive_Temperature_for_growth	3
kgmicrobe.trait:4_0_34_0	biolink:PhenotypicQuality	4.0-34.0	BacDive_Temperature_for_growth	3
kgmicrobe.trait:4_0_35_0	biolink:PhenotypicQuality	4.0-35.0	BacDive_Temperature_for_growth	3
kgmicrobe.trait:4_0_48	biolink:PhenotypicQuality	4.0-48	BacDive_Temperature_for_growth	3
kgmicrobe.trait:4_0_6_5	biolink:PhenotypicQuality	4.0-6.5	BacDive_Cell_length|BacDive_Salt_concentration	3
kgmicrobe.trait:4_15	biolink:PhenotypicQuality	4-15	BacDive_Cell_length|BacDive_Temperature_for_growth	3
kgmicrobe.trait:4_20	biolink:PhenotypicQuality	4-20	BacDive_Temperature_for_growth	3
kgmicrobe.trait:4_2_10	biolink:PhenotypicQuality	4.2-10	BacDive_Cell_length|BacDive_pH_for_growth	3
kgmicrobe.trait:4_2_7_5	biolink:PhenotypicQuality	4.2-7.5	BacDive_pH_for_growth	3
kgmicrobe.trait:4_4	biolink:PhenotypicQuality	4.4	BacDive_Cell_length	3
kgmicrobe.trait:4_55	biolink:PhenotypicQuality	4-55	BacDive_Temperature_for_growth	3
kgmicrobe.trait:4_5_6_5	biolink:PhenotypicQuality	4.5-6.5	BacDive_Cell_length|BacDive_pH_for_growth	3
kgmicrobe.trait:4_7_5	biolink:PhenotypicQuality	4-7.5	BacDive_pH_for_growth	3
kgmicrobe.trait:4_7_days	biolink:PhenotypicQuality	4-7 days	BacDive_Incubation_period	3
kgmicrobe.trait:4_nitrophenyl_alpha_d_galactoside	biolink:PhenotypicQuality	4-nitrophenyl alpha-D-galactoside	BacDive_Metabolite_utilization	3
kgmicrobe.trait:4_nitrophenyl_n_acetyl_beta_d_glucosaminide	biolink:PhenotypicQuality	4-nitrophenyl N-acetyl-beta-D-glucosaminide	BacDive_Metabolite_utilization	3
kgmicrobe.trait:50_73	biolink:PhenotypicQuality	50-73	BacDive_Temperature_for_growth	3
kgmicrobe.trait:50_75	biolink:PhenotypicQuality	50-75	BacDive_Temperature_for_growth	3
kgmicrobe.trait:55_70	biolink:PhenotypicQuality	55-70	BacDive_Temperature_for_growth	3
kgmicrobe.trait:5_0_30	biolink:PhenotypicQuality	5.0-30	BacDive_Temperature_for_growth	3
kgmicrobe.trait:5_0_30_0	biolink:PhenotypicQuality	5.0-30.0	BacDive_Salt_concentration|BacDive_Temperature_for_growth	3
kgmicrobe.trait:5_0_35	biolink:PhenotypicQuality	5.0-35	BacDive_Temperature_for_growth	3
kgmicrobe.trait:5_0_7_4	biolink:PhenotypicQuality	5.0-7.4	BacDive_pH_for_growth	3
kgmicrobe.trait:5_1_9_1	biolink:PhenotypicQuality	5.1-9.1	BacDive_pH_for_growth	3
kgmicrobe.trait:5_2_9_4	biolink:PhenotypicQuality	5.2-9.4	BacDive_pH_for_growth	3
kgmicrobe.trait:5_3	biolink:PhenotypicQuality	5.3	BacDive_Cell_length|BacDive_pH_for_growth	3
kgmicrobe.trait:5_3_7_8	biolink:PhenotypicQuality	5.3-7.8	BacDive_pH_for_growth	3
kgmicrobe.trait:5_3_9_3	biolink:PhenotypicQuality	5.3-9.3	BacDive_Cell_length|BacDive_pH_for_growth	3
kgmicrobe.trait:5_5_12	biolink:PhenotypicQuality	5.5-12	BacDive_pH_for_growth	3
kgmicrobe.trait:5_5_12_5	biolink:PhenotypicQuality	5.5-12.5	BacDive_pH_for_growth	3
kgmicrobe.trait:5_5_6_0	biolink:PhenotypicQuality	5.5-6.0	BacDive_Cell_length|BacDive_pH_for_growth	3
kgmicrobe.trait:5_5_6_5	biolink:PhenotypicQuality	5.5-6.5	BacDive_pH_for_growth	3
kgmicrobe.trait:5_8_8_4	biolink:PhenotypicQuality	5.8-8.4	BacDive_pH_for_growth	3
kgmicrobe.trait:5_9_8_8	biolink:PhenotypicQuality	5.9-8.8	BacDive_pH_for_growth	3
kgmicrobe.trait:60_65	biolink:PhenotypicQuality	60-65	BacDive_Temperature_for_growth	3
kgmicrobe.trait:6_0_8_3	biolink:PhenotypicQuality	6.0-8.3	BacDive_pH_for_growth	3
kgmicrobe.trait:6_15	biolink:PhenotypicQuality	6-15	BacDive_Cell_length	3
kgmicrobe.trait:6_1_8_8	biolink:PhenotypicQuality	6.1-8.8	BacDive_pH_for_growth	3
kgmicrobe.trait:6_2_8	biolink:PhenotypicQuality	6.2-8	BacDive_pH_for_growth	3
kgmicrobe.trait:6_2_8_0	biolink:PhenotypicQuality	6.2-8.0	BacDive_pH_for_growth	3
kgmicrobe.trait:6_30	biolink:PhenotypicQuality	6-30	BacDive_Salt_concentration|BacDive_Temperature_for_growth	3
kgmicrobe.trait:6_40	biolink:PhenotypicQuality	6-40	BacDive_Temperature_for_growth	3
kgmicrobe.trait:6_4_8_5	biolink:PhenotypicQuality	6.4-8.5	BacDive_pH_for_growth	3
kgmicrobe.trait:6_6	biolink:PhenotypicQuality	6.6	BacDive_Cell_length|BacDive_Salt_concentration	3
kgmicrobe.trait:6_6_5	biolink:PhenotypicQuality	6-6.5	BacDive_pH_for_growth	3
kgmicrobe.trait:6_75	biolink:PhenotypicQuality	6.75	BacDive_Cell_length|BacDive_Salt_concentration	3
kgmicrobe.trait:6_7_8_5	biolink:PhenotypicQuality	6.7-8.5	BacDive_pH_for_growth	3
kgmicrobe.trait:7_0_12_0	biolink:PhenotypicQuality	7.0-12.0	BacDive_pH_for_growth	3
kgmicrobe.trait:7_5_10_0	biolink:PhenotypicQuality	7.5-10.0	BacDive_Salt_concentration|BacDive_pH_for_growth	3
kgmicrobe.trait:7_5_11	biolink:PhenotypicQuality	7.5-11	BacDive_pH_for_growth	3
kgmicrobe.trait:7_8_5	biolink:PhenotypicQuality	7-8.5	BacDive_pH_for_growth	3
kgmicrobe.trait:7_9_6	biolink:PhenotypicQuality	7-9.6	BacDive_pH_for_growth	3
kgmicrobe.trait:83	biolink:PhenotypicQuality	83	BacDive_Temperature_for_growth	3
kgmicrobe.trait:8_0_10_5	biolink:PhenotypicQuality	8.0-10.5	BacDive_pH_for_growth	3
kgmicrobe.trait:8_10_5	biolink:PhenotypicQuality	8-10.5	BacDive_pH_for_growth	3
kgmicrobe.trait:8_2_10_2	biolink:PhenotypicQuality	8.2-10.2	BacDive_pH_for_growth	3
kgmicrobe.trait:8_42	biolink:PhenotypicQuality	8-42	BacDive_Temperature_for_growth	3
kgmicrobe.trait:9_86_29_58	biolink:PhenotypicQuality	9.86-29.58	BacDive_Salt_concentration	3
kgmicrobe.trait:alpha_amylase	biolink:PhenotypicQuality	alpha-Amylase	BacDive_Enzyme_activity	3
kgmicrobe.trait:aminoglycoside_antibiotic	biolink:PhenotypicQuality	aminoglycoside antibiotic	BacDive_Antibiotic_sensitivity	3
kgmicrobe.trait:amp	biolink:PhenotypicQuality	amp	BacDive_Metabolite_utilization	3
kgmicrobe.trait:antibiotic_treatment	biolink:PhenotypicQuality	#Antibiotic treatment	BacDive_Isolation_category_3	3
kgmicrobe.trait:aphidicolin	biolink:PhenotypicQuality	aphidicolin	BacDive_Antibiotic_resistance|BacDive_Antibiotic_sensitivity	3
kgmicrobe.trait:bacteriochlorophyll_a	biolink:PhenotypicQuality	bacteriochlorophyll a	BacDive_Metabolite_production	3
kgmicrobe.trait:benzene	biolink:PhenotypicQuality	benzene	BacDive_Metabolite_utilization	3
kgmicrobe.trait:beta_phenylethylamine	biolink:PhenotypicQuality	beta-phenylethylamine	BacDive_Metabolite_production|BacDive_Metabolite_utilization	3
kgmicrobe.trait:beta_xylosidase	biolink:PhenotypicQuality	beta-xylosidase	BacDive_Enzyme_activity	3
kgmicrobe.trait:blasticidin_s	biolink:PhenotypicQuality	blasticidin S	BacDive_Metabolite_production	3
kgmicrobe.trait:calcium_2	biolink:PhenotypicQuality	calcium(2+)	BacDive_Metabolite_utilization	3
kgmicrobe.trait:casamino_acids_0_01	biolink:PhenotypicQuality	casamino acids (0.01 %	BacDive_Metabolite_utilization	3
kgmicrobe.trait:catheter	biolink:PhenotypicQuality	#Catheter	BacDive_Isolation_category_3	3
kgmicrobe.trait:cefaclor	biolink:PhenotypicQuality	cefaclor	BacDive_Antibiotic_resistance|BacDive_Antibiotic_sensitivity	3
kgmicrobe.trait:cefamandole	biolink:PhenotypicQuality	cefamandole	BacDive_Antibiotic_resistance|BacDive_Antibiotic_sensitivity	3
kgmicrobe.trait:d_galactonate	biolink:PhenotypicQuality	D-galactonate	BacDive_Metabolite_utilization	3
kgmicrobe.trait:d_lactic_acid_methyl_ester	biolink:PhenotypicQuality	D-lactic acid methyl ester	BacDive_Metabolite_utilization	3
kgmicrobe.trait:desferrioxamine	biolink:PhenotypicQuality	desferrioxamine	BacDive_Antibiotic_sensitivity	3
kgmicrobe.trait:dinitrogen_oxide	biolink:PhenotypicQuality	dinitrogen oxide	BacDive_Metabolite_production|BacDive_Metabolite_utilization	3
kgmicrobe.trait:disodium_fumarate	biolink:PhenotypicQuality	disodium fumarate	BacDive_Metabolite_utilization	3
kgmicrobe.trait:dl_2_gamma_aminobutyrate	biolink:PhenotypicQuality	DL-2-gamma-aminobutyrate	BacDive_Metabolite_utilization	3
kgmicrobe.trait:egg_yolk	biolink:PhenotypicQuality	egg yolk	BacDive_Metabolite_utilization	3
kgmicrobe.trait:endo_1	biolink:PhenotypicQuality	endo-1	BacDive_Enzyme_activity	3
kgmicrobe.trait:enrofloxacin	biolink:PhenotypicQuality	enrofloxacin	BacDive_Antibiotic_resistance|BacDive_Antibiotic_sensitivity	3
kgmicrobe.trait:ethambutol	biolink:PhenotypicQuality	ethambutol	BacDive_Antibiotic_resistance|BacDive_Antibiotic_sensitivity	3
kgmicrobe.trait:fermented_rumen_extract	biolink:PhenotypicQuality	fermented rumen extract	BacDive_Metabolite_utilization	3
kgmicrobe.trait:ferrihydrite	biolink:PhenotypicQuality	ferrihydrite	BacDive_Metabolite_utilization	3
kgmicrobe.trait:fucoidan	biolink:PhenotypicQuality	fucoidan	BacDive_Metabolite_utilization	3
kgmicrobe.trait:glucomannan	biolink:PhenotypicQuality	glucomannan	BacDive_Metabolite_utilization	3
kgmicrobe.trait:glutamyl_glutamic_acid	biolink:PhenotypicQuality	glutamyl-glutamic acid	BacDive_Metabolite_utilization	3
kgmicrobe.trait:glycerate	biolink:PhenotypicQuality	glycerate	BacDive_Metabolite_utilization	3
kgmicrobe.trait:glycerol_1_phosphate	biolink:PhenotypicQuality	glycerol 1-phosphate	BacDive_Metabolite_utilization	3
kgmicrobe.trait:in_situ	biolink:PhenotypicQuality	#In situ	BacDive_Isolation_category_3	3
kgmicrobe.trait:iron	biolink:PhenotypicQuality	iron	BacDive_Metabolite_utilization	3
kgmicrobe.trait:kasugamycin	biolink:PhenotypicQuality	kasugamycin	BacDive_Antibiotic_resistance|BacDive_Antibiotic_sensitivity	3
kgmicrobe.trait:l_galactonic_acid_gamma_lactone	biolink:PhenotypicQuality	L-galactonic acid gamma-lactone	BacDive_Metabolite_utilization	3
kgmicrobe.trait:l_pyroglutamic_acid	biolink:PhenotypicQuality	L-pyroglutamic acid	BacDive_Metabolite_utilization	3
kgmicrobe.trait:l_valine	biolink:PhenotypicQuality	L-valine	BacDive_Metabolite_utilization	3
kgmicrobe.trait:maltodextrin	biolink:PhenotypicQuality	maltodextrin	BacDive_Metabolite_utilization	3
kgmicrobe.trait:manganese_dioxide	biolink:PhenotypicQuality	manganese dioxide	BacDive_Metabolite_utilization	3
kgmicrobe.trait:medical_product	biolink:PhenotypicQuality	#Medical product	BacDive_Isolation_category_2	3
kgmicrobe.trait:methyl_r_lactate	biolink:PhenotypicQuality	methyl (R)-lactate	BacDive_Metabolite_utilization	3
kgmicrobe.trait:mezlocillin	biolink:PhenotypicQuality	mezlocillin	BacDive_Antibiotic_sensitivity	3
kgmicrobe.trait:natamycin	biolink:PhenotypicQuality	natamycin	BacDive_Antibiotic_resistance|BacDive_Metabolite_production	3
kgmicrobe.trait:nitrite_reductase	biolink:PhenotypicQuality	nitrite reductase	BacDive_Enzyme_activity	3
kgmicrobe.trait:oil_food	biolink:PhenotypicQuality	#Oil (Food)	BacDive_Isolation_category_3	3
kgmicrobe.trait:paddy_ricefield	biolink:PhenotypicQuality	#Paddy (Ricefield)	BacDive_Isolation_category_3	3
kgmicrobe.trait:paromomycin	biolink:PhenotypicQuality	paromomycin	BacDive_Metabolite_production	3
kgmicrobe.trait:pleural_fluid	biolink:PhenotypicQuality	#Pleural fluid	BacDive_Isolation_category_3	3
kgmicrobe.trait:polypeptone	biolink:PhenotypicQuality	polypeptone	BacDive_Metabolite_utilization	3
kgmicrobe.trait:pyocyanin	biolink:PhenotypicQuality	pyocyanin	BacDive_Antibiotic_sensitivity|BacDive_Metabolite_production	3
kgmicrobe.trait:rifamycin	biolink:PhenotypicQuality	rifamycin	BacDive_Antibiotic_resistance|BacDive_Metabolite_production	3
kgmicrobe.trait:simulated_communities	biolink:PhenotypicQuality	#Simulated communities	BacDive_Isolation_category_3	3
kgmicrobe.trait:sodium_formate	biolink:PhenotypicQuality	sodium formate	BacDive_Antibiotic_resistance|BacDive_Antibiotic_sensitivity	3
kgmicrobe.trait:spiramycin	biolink:PhenotypicQuality	spiramycin	BacDive_Antibiotic_resistance|BacDive_Antibiotic_sensitivity|BacDive_Metabolite_production	3
kgmicrobe.trait:subarctic	biolink:PhenotypicQuality	#Subarctic	BacDive_Isolation_category_3	3
kgmicrobe.trait:sulfisoxazole	biolink:PhenotypicQuality	sulfisoxazole	BacDive_Antibiotic_resistance|BacDive_Antibiotic_sensitivity	3
kgmicrobe.trait:sulfonamide	biolink:PhenotypicQuality	sulfonamide	BacDive_Antibiotic_resistance|BacDive_Antibiotic_sensitivity	3
kgmicrobe.trait:tartrate	biolink:PhenotypicQuality	tartrate	BacDive_Metabolite_utilization	3
kgmicrobe.trait:uric_acid	biolink:PhenotypicQuality	uric acid	BacDive_Metabolite_utilization	3
kgmicrobe.trait:vibriostatic_agent_o_129	biolink:PhenotypicQuality	Vibriostatic agent O/129	BacDive_Antibiotic_resistance|BacDive_Antibiotic_sensitivity	3
kgmicrobe.trait:vineyard	biolink:PhenotypicQuality	#Vineyard	BacDive_Isolation_category_3	3
kgmicrobe.trait:zooplankton	biolink:PhenotypicQuality	#Zooplankton	BacDive_Isolation_category_3	3
kgmicrobe.compound:1_propanol_co2	biolink:ChemicalEntity	1-propanol+CO2	bergey:substrates	2
kgmicrobe.compound:bhi	biolink:ChemicalEntity	BHI	bergey:substrates	2
kgmicrobe.compound:mucin	biolink:ChemicalEntity	mucin	bergey:substrates|literature:substrates	2
kgmicrobe.compound:peptone_yeast_extract	biolink:ChemicalEntity	peptone + yeast extract	bergey:substrates|literature:substrates	2
kgmicrobe.compound:peptones	biolink:ChemicalEntity	peptones	bergey:substrates	2
kgmicrobe.compound:py_cellobiose	biolink:ChemicalEntity	PY-cellobiose	bergey:substrates	2
kgmicrobe.trait:01_13	biolink:PhenotypicQuality	01-13	BacDive_Salt_concentration	2
kgmicrobe.trait:01_18	biolink:PhenotypicQuality	01-18	BacDive_Salt_concentration	2
kgmicrobe.trait:01_22	biolink:PhenotypicQuality	01-22	BacDive_Salt_concentration	2
kgmicrobe.trait:01_37	biolink:PhenotypicQuality	01-37	BacDive_Temperature_for_growth	2
kgmicrobe.trait:02_14	biolink:PhenotypicQuality	02-14	BacDive_Salt_concentration	2
kgmicrobe.trait:02_18	biolink:PhenotypicQuality	02-18	BacDive_Salt_concentration|BacDive_Temperature_for_growth	2
kgmicrobe.trait:02_20	biolink:PhenotypicQuality	02-20	BacDive_Salt_concentration	2
kgmicrobe.trait:02_28	biolink:PhenotypicQuality	02-28	BacDive_Temperature_for_growth	2
kgmicrobe.trait:02_33	biolink:PhenotypicQuality	02-33	BacDive_Temperature_for_growth	2
kgmicrobe.trait:02_35	biolink:PhenotypicQuality	02-35	BacDive_Cell_length|BacDive_Temperature_for_growth	2
kgmicrobe.trait:02_40	biolink:PhenotypicQuality	02-40	BacDive_Cell_length	2
kgmicrobe.trait:03_11	biolink:PhenotypicQuality	03-11	BacDive_pH_for_growth	2
kgmicrobe.trait:03_37	biolink:PhenotypicQuality	03-37	BacDive_Temperature_for_growth	2
kgmicrobe.trait:04_29	biolink:PhenotypicQuality	04-29	BacDive_Temperature_for_growth	2
kgmicrobe.trait:04_49	biolink:PhenotypicQuality	04-49	BacDive_Temperature_for_growth	2
kgmicrobe.trait:05_13	biolink:PhenotypicQuality	05-13	BacDive_pH_for_growth	2
kgmicrobe.trait:05_27	biolink:PhenotypicQuality	05-27	BacDive_Cell_length|BacDive_Temperature_for_growth	2
kgmicrobe.trait:05_34	biolink:PhenotypicQuality	05-34	BacDive_Temperature_for_growth	2
kgmicrobe.trait:05_36	biolink:PhenotypicQuality	05-36	BacDive_Temperature_for_growth	2
kgmicrobe.trait:05_39	biolink:PhenotypicQuality	05-39	BacDive_Temperature_for_growth	2
kgmicrobe.trait:06_30	biolink:PhenotypicQuality	06-30	BacDive_Salt_concentration|BacDive_Temperature_for_growth	2
kgmicrobe.trait:06_40	biolink:PhenotypicQuality	06-40	BacDive_Temperature_for_growth	2
kgmicrobe.trait:07_23	biolink:PhenotypicQuality	07-23	BacDive_Salt_concentration|BacDive_Temperature_for_growth	2
kgmicrobe.trait:07_32	biolink:PhenotypicQuality	07-32	BacDive_Salt_concentration|BacDive_Temperature_for_growth	2
kgmicrobe.trait:07_36	biolink:PhenotypicQuality	07-36	BacDive_Temperature_for_growth	2
kgmicrobe.trait:07_42	biolink:PhenotypicQuality	07-42	BacDive_Temperature_for_growth	2
kgmicrobe.trait:08_43	biolink:PhenotypicQuality	08-43	BacDive_Temperature_for_growth	2
kgmicrobe.trait:09_32	biolink:PhenotypicQuality	09-32	BacDive_Temperature_for_growth	2
kgmicrobe.trait:0_03	biolink:PhenotypicQuality	0.03	BacDive_Salt_concentration	2
kgmicrobe.trait:0_04	biolink:PhenotypicQuality	0.04	BacDive_Salt_concentration	2
kgmicrobe.trait:0_05_0_5	biolink:PhenotypicQuality	0.05-0.5	BacDive_Salt_concentration	2
kgmicrobe.trait:0_0_13_0	biolink:PhenotypicQuality	0.0-13.0	BacDive_Salt_concentration	2
kgmicrobe.trait:0_0_14	biolink:PhenotypicQuality	0.0-14	BacDive_Salt_concentration	2
kgmicrobe.trait:0_0_14_0	biolink:PhenotypicQuality	0.0-14.0	BacDive_Salt_concentration	2
kgmicrobe.trait:0_0_15	biolink:PhenotypicQuality	0.0-15	BacDive_Salt_concentration	2
kgmicrobe.trait:0_0_22_0	biolink:PhenotypicQuality	0.0-22.0	BacDive_Salt_concentration	2
kgmicrobe.trait:0_0_9	biolink:PhenotypicQuality	0-0.9	BacDive_Salt_concentration	2
kgmicrobe.trait:0_11_0	biolink:PhenotypicQuality	0-11.0	BacDive_Salt_concentration	2
kgmicrobe.trait:0_15_0	biolink:PhenotypicQuality	0-15.0	BacDive_Salt_concentration	2
kgmicrobe.trait:0_15_0_2	biolink:PhenotypicQuality	0.15-0.2	BacDive_Cell_width	2
kgmicrobe.trait:0_15_0_3	biolink:PhenotypicQuality	0.15-0.3	BacDive_Cell_width	2
kgmicrobe.trait:0_1_10	biolink:PhenotypicQuality	0.1-10	BacDive_Salt_concentration	2
kgmicrobe.trait:0_1_1_5	biolink:PhenotypicQuality	0.1-1.5	BacDive_Colony_size|BacDive_Salt_concentration	2
kgmicrobe.trait:0_1_4_0	biolink:PhenotypicQuality	0.1-4.0	BacDive_Salt_concentration	2
kgmicrobe.trait:0_1_7	biolink:PhenotypicQuality	0.1-7	BacDive_Salt_concentration	2
kgmicrobe.trait:0_1_9_0	biolink:PhenotypicQuality	0.1-9.0	BacDive_Salt_concentration	2
kgmicrobe.trait:0_25_0_3	biolink:PhenotypicQuality	0.25-0.3	BacDive_Cell_width	2
kgmicrobe.trait:0_25_0_35	biolink:PhenotypicQuality	0.25-0.35	BacDive_Cell_width	2
kgmicrobe.trait:0_25_0_4	biolink:PhenotypicQuality	0.25-0.4	BacDive_Cell_width	2
kgmicrobe.trait:0_25_0_55	biolink:PhenotypicQuality	0.25-0.55	BacDive_Cell_width|BacDive_Colony_size	2
kgmicrobe.trait:0_25_10	biolink:PhenotypicQuality	0.25-10	BacDive_Salt_concentration	2
kgmicrobe.trait:0_275	biolink:PhenotypicQuality	0.275	BacDive_Cell_width	2
kgmicrobe.trait:0_2_0_25	biolink:PhenotypicQuality	0.2-0.25	BacDive_Cell_width	2
kgmicrobe.trait:0_2_1_3	biolink:PhenotypicQuality	0.2-1.3	BacDive_Cell_width|BacDive_Colony_size	2
kgmicrobe.trait:0_2_1_5	biolink:PhenotypicQuality	0.2-1.5	BacDive_Salt_concentration	2
kgmicrobe.trait:0_2_2	biolink:PhenotypicQuality	0.2-2	BacDive_Salt_concentration	2
kgmicrobe.trait:0_2_4	biolink:PhenotypicQuality	0-2.4	BacDive_Salt_concentration	2
kgmicrobe.trait:0_31	biolink:PhenotypicQuality	0-31	BacDive_Cell_width|BacDive_Temperature_for_growth	2
kgmicrobe.trait:0_385	biolink:PhenotypicQuality	0.385	BacDive_Cell_width	2
kgmicrobe.trait:0_39	biolink:PhenotypicQuality	0.39	BacDive_Cell_width	2
kgmicrobe.trait:0_3_0_65	biolink:PhenotypicQuality	0.3-0.65	BacDive_Cell_width	2
kgmicrobe.trait:0_3_1_4	biolink:PhenotypicQuality	0.3-1.4	BacDive_Cell_width|BacDive_Salt_concentration	2
kgmicrobe.trait:0_3_2	biolink:PhenotypicQuality	0.3-2	BacDive_Cell_length	2
kgmicrobe.trait:0_428	biolink:PhenotypicQuality	0.428	BacDive_Salt_concentration	2
kgmicrobe.trait:0_42_0_58	biolink:PhenotypicQuality	0.42-0.58	BacDive_Cell_width	2
kgmicrobe.trait:0_44	biolink:PhenotypicQuality	0.44	BacDive_Cell_width	2
kgmicrobe.trait:0_45_0_55	biolink:PhenotypicQuality	0.45-0.55	BacDive_Cell_width	2
kgmicrobe.trait:0_4_1_4	biolink:PhenotypicQuality	0.4-1.4	BacDive_Cell_length	2
kgmicrobe.trait:0_4_1_6	biolink:PhenotypicQuality	0.4-1.6	BacDive_Cell_length	2
kgmicrobe.trait:0_4_3	biolink:PhenotypicQuality	0.4-3	BacDive_Cell_length	2
kgmicrobe.trait:0_4_5_4	biolink:PhenotypicQuality	0.4-5.4	BacDive_Salt_concentration	2
kgmicrobe.trait:0_51	biolink:PhenotypicQuality	0.51	BacDive_Cell_width	2
kgmicrobe.trait:0_525	biolink:PhenotypicQuality	0.525	BacDive_Cell_width	2
kgmicrobe.trait:0_54	biolink:PhenotypicQuality	0.54	BacDive_Cell_width	2
kgmicrobe.trait:0_54_0_83	biolink:PhenotypicQuality	0.54-0.83	BacDive_Cell_length|BacDive_Cell_width	2
kgmicrobe.trait:0_55_0_65	biolink:PhenotypicQuality	0.55-0.65	BacDive_Cell_width	2
kgmicrobe.trait:0_58_5_8	biolink:PhenotypicQuality	0.58-5.8	BacDive_Salt_concentration	2
kgmicrobe.trait:0_5_0_5	biolink:PhenotypicQuality	0.5-0.5	BacDive_Cell_width	2
kgmicrobe.trait:0_5_14_0	biolink:PhenotypicQuality	0.5-14.0	BacDive_Salt_concentration	2
kgmicrobe.trait:0_5_16	biolink:PhenotypicQuality	0.5-16	BacDive_Salt_concentration	2
kgmicrobe.trait:0_5_17_5	biolink:PhenotypicQuality	0.5-17.5	BacDive_Salt_concentration	2
kgmicrobe.trait:0_5_18	biolink:PhenotypicQuality	0.5-18	BacDive_Salt_concentration	2
kgmicrobe.trait:0_5_1_4	biolink:PhenotypicQuality	0.5-1.4	BacDive_Cell_length	2
kgmicrobe.trait:0_5_1_6	biolink:PhenotypicQuality	0.5-1.6	BacDive_Cell_length|BacDive_Cell_width	2
kgmicrobe.trait:0_5_22	biolink:PhenotypicQuality	0.5-22	BacDive_Salt_concentration	2
kgmicrobe.trait:0_5_24_0	biolink:PhenotypicQuality	0.5-24.0	BacDive_Salt_concentration	2
kgmicrobe.trait:0_5_30_0	biolink:PhenotypicQuality	0.5-30.0	BacDive_Salt_concentration	2
kgmicrobe.trait:0_5_5_5	biolink:PhenotypicQuality	0.5-5.5	BacDive_Salt_concentration	2
kgmicrobe.trait:0_625	biolink:PhenotypicQuality	0.625	BacDive_Cell_width	2
kgmicrobe.trait:0_65_0_75	biolink:PhenotypicQuality	0.65-0.75	BacDive_Cell_width	2
kgmicrobe.trait:0_66	biolink:PhenotypicQuality	0.66	BacDive_Cell_width	2
kgmicrobe.trait:0_66_1_33	biolink:PhenotypicQuality	0.66-1.33	BacDive_Cell_length	2
kgmicrobe.trait:0_68	biolink:PhenotypicQuality	0.68	BacDive_Cell_width	2
kgmicrobe.trait:0_6_0_75	biolink:PhenotypicQuality	0.6-0.75	BacDive_Cell_width	2
kgmicrobe.trait:0_6_10	biolink:PhenotypicQuality	0.6-10	BacDive_Cell_length	2
kgmicrobe.trait:0_6_1_7	biolink:PhenotypicQuality	0.6-1.7	BacDive_Cell_length|BacDive_Cell_width	2
kgmicrobe.trait:0_6_2	biolink:PhenotypicQuality	0.6-2	BacDive_Cell_length	2
kgmicrobe.trait:0_6_2_7	biolink:PhenotypicQuality	0.6-2.7	BacDive_Cell_length|BacDive_Cell_width	2
kgmicrobe.trait:0_6_3_0	biolink:PhenotypicQuality	0.6-3.0	BacDive_Cell_length	2
kgmicrobe.trait:0_6_8_0	biolink:PhenotypicQuality	0.6-8.0	BacDive_Cell_length|BacDive_Salt_concentration	2
kgmicrobe.trait:0_6_96	biolink:PhenotypicQuality	0-6.96	BacDive_Salt_concentration	2
kgmicrobe.trait:0_74	biolink:PhenotypicQuality	0.74	BacDive_Cell_length	2
kgmicrobe.trait:0_75_1	biolink:PhenotypicQuality	0.75-1	BacDive_Colony_size	2
kgmicrobe.trait:0_75_day	biolink:PhenotypicQuality	0.75 day	BacDive_Incubation_period	2
kgmicrobe.trait:0_76	biolink:PhenotypicQuality	0.76	BacDive_Cell_length|BacDive_Cell_width	2
kgmicrobe.trait:0_775	biolink:PhenotypicQuality	0.775	BacDive_Cell_length|BacDive_Cell_width	2
kgmicrobe.trait:0_79	biolink:PhenotypicQuality	0.79	BacDive_Cell_width|BacDive_Salt_concentration	2
kgmicrobe.trait:0_7_0_75	biolink:PhenotypicQuality	0.7-0.75	BacDive_Cell_width|BacDive_Colony_size	2
kgmicrobe.trait:0_7_1_7	biolink:PhenotypicQuality	0.7-1.7	BacDive_Cell_length	2
kgmicrobe.trait:0_7_1_8	biolink:PhenotypicQuality	0.7-1.8	BacDive_Cell_length	2
kgmicrobe.trait:0_7_2	biolink:PhenotypicQuality	0.7-2	BacDive_Cell_length	2
kgmicrobe.trait:0_7_2_0	biolink:PhenotypicQuality	0.7-2.0	BacDive_Cell_length	2
kgmicrobe.trait:0_7_2_1	biolink:PhenotypicQuality	0.7-2.1	BacDive_Cell_length	2
kgmicrobe.trait:0_7_2_8	biolink:PhenotypicQuality	0.7-2.8	BacDive_Cell_length	2
kgmicrobe.trait:0_7_3_5	biolink:PhenotypicQuality	0.7-3.5	BacDive_Cell_length	2
kgmicrobe.trait:0_8_10	biolink:PhenotypicQuality	0.8-10	BacDive_Cell_length	2
kgmicrobe.trait:0_8_2_3	biolink:PhenotypicQuality	0.8-2.3	BacDive_Cell_length	2
kgmicrobe.trait:0_8_2_8	biolink:PhenotypicQuality	0.8-2.8	BacDive_Cell_length	2
kgmicrobe.trait:0_8_3_0	biolink:PhenotypicQuality	0.8-3.0	BacDive_Cell_length	2
kgmicrobe.trait:0_8_6	biolink:PhenotypicQuality	0.8-6	BacDive_Cell_length	2
kgmicrobe.trait:0_8_7	biolink:PhenotypicQuality	0.8-7	BacDive_Cell_length|BacDive_Salt_concentration	2
kgmicrobe.trait:0_93	biolink:PhenotypicQuality	0.93	BacDive_Cell_length	2
kgmicrobe.trait:0_975	biolink:PhenotypicQuality	0.975	BacDive_Cell_length|BacDive_Cell_width	2
kgmicrobe.trait:0_98	biolink:PhenotypicQuality	0.98	BacDive_Cell_length|BacDive_Cell_width	2
kgmicrobe.trait:0_9_2_5	biolink:PhenotypicQuality	0.9-2.5	BacDive_Cell_length	2
kgmicrobe.trait:0_9_2_6	biolink:PhenotypicQuality	0.9-2.6	BacDive_Cell_length	2
kgmicrobe.trait:0_9_3	biolink:PhenotypicQuality	0.9-3	BacDive_Cell_length|BacDive_Colony_size	2
kgmicrobe.trait:0_9_3_0	biolink:PhenotypicQuality	0.9-3.0	BacDive_Cell_length	2
kgmicrobe.trait:0_9_4	biolink:PhenotypicQuality	0.9-4	BacDive_Cell_length	2
kgmicrobe.trait:0_9_4_2	biolink:PhenotypicQuality	0.9-4.2	BacDive_Cell_length|BacDive_Salt_concentration	2
kgmicrobe.trait:0_9_6	biolink:PhenotypicQuality	0.9-6	BacDive_Cell_length|BacDive_Salt_concentration	2
kgmicrobe.trait:10_0_30_0	biolink:PhenotypicQuality	10.0-30.0	BacDive_Cell_length|BacDive_Temperature_for_growth	2
kgmicrobe.trait:10_100	biolink:PhenotypicQuality	10-100	BacDive_Cell_length|BacDive_Salt_concentration	2
kgmicrobe.trait:10_18	biolink:PhenotypicQuality	10-18	BacDive_Cell_length|BacDive_Temperature_for_growth	2
kgmicrobe.trait:10_31	biolink:PhenotypicQuality	10-31	BacDive_Temperature_for_growth	2
kgmicrobe.trait:10_46	biolink:PhenotypicQuality	10-46	BacDive_Temperature_for_growth	2
kgmicrobe.trait:10_49	biolink:PhenotypicQuality	10-49	BacDive_Temperature_for_growth	2
kgmicrobe.trait:10_5	biolink:PhenotypicQuality	10.5	BacDive_Cell_length|BacDive_Salt_concentration	2
kgmicrobe.trait:10_52	biolink:PhenotypicQuality	10-52	BacDive_Temperature_for_growth	2
kgmicrobe.trait:11_0	biolink:PhenotypicQuality	11.0	BacDive_Salt_concentration|BacDive_pH_for_growth	2
kgmicrobe.trait:11_02_31_32	biolink:PhenotypicQuality	11.02-31.32	BacDive_Salt_concentration	2
kgmicrobe.trait:11_25	biolink:PhenotypicQuality	11.25	BacDive_Cell_length	2
kgmicrobe.trait:11_45	biolink:PhenotypicQuality	11-45	BacDive_Temperature_for_growth	2
kgmicrobe.trait:11_8_29	biolink:PhenotypicQuality	11.8-29	BacDive_Salt_concentration	2
kgmicrobe.trait:12_34	biolink:PhenotypicQuality	12-34	BacDive_Temperature_for_growth	2
kgmicrobe.trait:12_35	biolink:PhenotypicQuality	12-35	BacDive_Temperature_for_growth	2
kgmicrobe.trait:12_38	biolink:PhenotypicQuality	12-38	BacDive_Temperature_for_growth	2
kgmicrobe.trait:13_30	biolink:PhenotypicQuality	13-30	BacDive_Temperature_for_growth	2
kgmicrobe.trait:13_41	biolink:PhenotypicQuality	13-41	BacDive_Temperature_for_growth	2
kgmicrobe.trait:13_45	biolink:PhenotypicQuality	13-45	BacDive_Temperature_for_growth	2
kgmicrobe.trait:14_30	biolink:PhenotypicQuality	14-30	BacDive_Salt_concentration|BacDive_Temperature_for_growth	2
kgmicrobe.trait:14_36	biolink:PhenotypicQuality	14-36	BacDive_Salt_concentration|BacDive_Temperature_for_growth	2
kgmicrobe.trait:14_37	biolink:PhenotypicQuality	14-37	BacDive_Temperature_for_growth	2
kgmicrobe.trait:14_39	biolink:PhenotypicQuality	14-39	BacDive_Temperature_for_growth	2
kgmicrobe.trait:14_5_17_4	biolink:PhenotypicQuality	14.5-17.4	BacDive_Salt_concentration	2
kgmicrobe.trait:14_5_30_16	biolink:PhenotypicQuality	14.5-30.16	BacDive_Salt_concentration	2
kgmicrobe.trait:15_08	biolink:PhenotypicQuality	15.08	BacDive_Salt_concentration	2
kgmicrobe.trait:15_0_55_0	biolink:PhenotypicQuality	15.0-55.0	BacDive_Temperature_for_growth	2
kgmicrobe.trait:15_24	biolink:PhenotypicQuality	15-24	BacDive_Temperature_for_growth	2
kgmicrobe.trait:15_34_4	biolink:PhenotypicQuality	15-34.4	BacDive_Temperature_for_growth	2
kgmicrobe.trait:15_53	biolink:PhenotypicQuality	15-53	BacDive_Temperature_for_growth	2
kgmicrobe.trait:15_60	biolink:PhenotypicQuality	15-60	BacDive_Temperature_for_growth	2
kgmicrobe.trait:15_65	biolink:PhenotypicQuality	15-65	BacDive_Cell_length|BacDive_Salt_concentration	2
kgmicrobe.trait:16_18	biolink:PhenotypicQuality	16-18	BacDive_Cell_length|BacDive_Temperature_for_growth	2
kgmicrobe.trait:16_28	biolink:PhenotypicQuality	16-28	BacDive_Temperature_for_growth	2
kgmicrobe.trait:16_35	biolink:PhenotypicQuality	16-35	BacDive_Temperature_for_growth	2
kgmicrobe.trait:16_36	biolink:PhenotypicQuality	16-36	BacDive_Salt_concentration|BacDive_Temperature_for_growth	2
kgmicrobe.trait:16_41	biolink:PhenotypicQuality	16-41	BacDive_Temperature_for_growth	2
kgmicrobe.trait:17_32	biolink:PhenotypicQuality	17-32	BacDive_Temperature_for_growth	2
kgmicrobe.trait:17_42	biolink:PhenotypicQuality	17-42	BacDive_Temperature_for_growth	2
kgmicrobe.trait:17_43	biolink:PhenotypicQuality	17-43	BacDive_Temperature_for_growth	2
kgmicrobe.trait:17_98	biolink:PhenotypicQuality	17.98	BacDive_Salt_concentration	2
kgmicrobe.trait:18_20	biolink:PhenotypicQuality	18-20	BacDive_Salt_concentration|BacDive_Temperature_for_growth	2
kgmicrobe.trait:18_20_days	biolink:PhenotypicQuality	18-20 days	BacDive_Incubation_period	2
kgmicrobe.trait:18_34	biolink:PhenotypicQuality	18-34	BacDive_Temperature_for_growth	2
kgmicrobe.trait:18_35	biolink:PhenotypicQuality	18-35	BacDive_Temperature_for_growth	2
kgmicrobe.trait:18_5	biolink:PhenotypicQuality	18.5	BacDive_Salt_concentration	2
kgmicrobe.trait:18_50	biolink:PhenotypicQuality	18-50	BacDive_Temperature_for_growth	2
kgmicrobe.trait:19_0	biolink:PhenotypicQuality	19.0	BacDive_Salt_concentration	2
kgmicrobe.trait:19_5	biolink:PhenotypicQuality	19.5	BacDive_Salt_concentration	2
kgmicrobe.trait:1_02	biolink:PhenotypicQuality	1.02	BacDive_Salt_concentration	2
kgmicrobe.trait:1_0_15	biolink:PhenotypicQuality	1.0-15	BacDive_Salt_concentration	2
kgmicrobe.trait:1_0_1_9	biolink:PhenotypicQuality	1.0-1.9	BacDive_Cell_length	2
kgmicrobe.trait:1_0_25_0	biolink:PhenotypicQuality	1.0-25.0	BacDive_Temperature_for_growth	2
kgmicrobe.trait:1_0_2_1	biolink:PhenotypicQuality	1.0-2.1	BacDive_Cell_length	2
kgmicrobe.trait:1_0_2_3	biolink:PhenotypicQuality	1.0-2.3	BacDive_Cell_length	2
kgmicrobe.trait:1_0_2_8	biolink:PhenotypicQuality	1.0-2.8	BacDive_Cell_length	2
kgmicrobe.trait:1_0_2_9	biolink:PhenotypicQuality	1.0-2.9	BacDive_Cell_length	2
kgmicrobe.trait:1_125	biolink:PhenotypicQuality	1.125	BacDive_Cell_length|BacDive_Cell_width	2
kgmicrobe.trait:1_13	biolink:PhenotypicQuality	1.13	BacDive_Cell_length|BacDive_Salt_concentration	2
kgmicrobe.trait:1_16_8_7	biolink:PhenotypicQuality	1.16-8.7	BacDive_Salt_concentration	2
kgmicrobe.trait:1_17	biolink:PhenotypicQuality	1.17	BacDive_Cell_length|BacDive_Salt_concentration	2
kgmicrobe.trait:1_18	biolink:PhenotypicQuality	1-18	BacDive_Salt_concentration	2
kgmicrobe.trait:1_1_1	biolink:PhenotypicQuality	1-1.1	BacDive_Cell_length	2
kgmicrobe.trait:1_1_2_8	biolink:PhenotypicQuality	1.1-2.8	BacDive_Cell_length	2
kgmicrobe.trait:1_1_3_4	biolink:PhenotypicQuality	1.1-3.4	BacDive_Cell_length	2
kgmicrobe.trait:1_1_4_4	biolink:PhenotypicQuality	1.1-4.4	BacDive_Cell_length	2
kgmicrobe.trait:1_1_6_5	biolink:PhenotypicQuality	1.1-6.5	BacDive_Cell_length	2
kgmicrobe.trait:1_25_8	biolink:PhenotypicQuality	1.25-8	BacDive_Salt_concentration	2
kgmicrobe.trait:1_2_1	biolink:PhenotypicQuality	1-2.1	BacDive_Cell_length	2
kgmicrobe.trait:1_2_2_8	biolink:PhenotypicQuality	1.2-2.8	BacDive_Cell_length	2
kgmicrobe.trait:1_2_3_2	biolink:PhenotypicQuality	1.2-3.2	BacDive_Cell_length	2
kgmicrobe.trait:1_2_6_0	biolink:PhenotypicQuality	1.2-6.0	BacDive_Cell_length	2
kgmicrobe.trait:1_39	biolink:PhenotypicQuality	1.39	BacDive_Cell_length	2
kgmicrobe.trait:1_3_2_4	biolink:PhenotypicQuality	1.3-2.4	BacDive_Cell_length	2
kgmicrobe.trait:1_3_3_3	biolink:PhenotypicQuality	1.3-3.3	BacDive_Cell_length	2
kgmicrobe.trait:1_3_4	biolink:PhenotypicQuality	1.3-4	BacDive_Cell_length	2
kgmicrobe.trait:1_3_4_4	biolink:PhenotypicQuality	1.3-4.4	BacDive_Cell_length	2
kgmicrobe.trait:1_3_days	biolink:PhenotypicQuality	1 -3 days	BacDive_Incubation_period	2
kgmicrobe.trait:1_43	biolink:PhenotypicQuality	1.43	BacDive_Cell_length	2
kgmicrobe.trait:1_4_2_3	biolink:PhenotypicQuality	1.4-2.3	BacDive_Cell_length	2
kgmicrobe.trait:1_4_3_1	biolink:PhenotypicQuality	1.4-3.1	BacDive_Cell_length	2
kgmicrobe.trait:1_4_3_3	biolink:PhenotypicQuality	1.4-3.3	BacDive_Cell_length	2
kgmicrobe.trait:1_4_3_6	biolink:PhenotypicQuality	1.4-3.6	BacDive_Cell_length	2
kgmicrobe.trait:1_4_3_7	biolink:PhenotypicQuality	1.4-3.7	BacDive_Cell_length	2
kgmicrobe.trait:1_4_4_1	biolink:PhenotypicQuality	1.4-4.1	BacDive_Cell_length	2
kgmicrobe.trait:1_58	biolink:PhenotypicQuality	1.58	BacDive_Cell_length	2
kgmicrobe.trait:1_5_10	biolink:PhenotypicQuality	1.5-10	BacDive_Cell_length|BacDive_Salt_concentration	2
kgmicrobe.trait:1_5_10_0	biolink:PhenotypicQuality	1.5-10.0	BacDive_Cell_length	2
kgmicrobe.trait:1_5_12	biolink:PhenotypicQuality	1.5-12	BacDive_Cell_length|BacDive_Salt_concentration	2
kgmicrobe.trait:1_5_20	biolink:PhenotypicQuality	1.5-20	BacDive_Salt_concentration	2
kgmicrobe.trait:1_5_2_6	biolink:PhenotypicQuality	1.5-2.6	BacDive_Cell_length	2
kgmicrobe.trait:1_5_30	biolink:PhenotypicQuality	1.5-30	BacDive_Cell_length|BacDive_Salt_concentration	2
kgmicrobe.trait:1_5_3_2	biolink:PhenotypicQuality	1.5-3.2	BacDive_Cell_length	2
kgmicrobe.trait:1_5_5_1	biolink:PhenotypicQuality	1.5-5.1	BacDive_Salt_concentration	2
kgmicrobe.trait:1_5_5_5	biolink:PhenotypicQuality	1.5-5.5	BacDive_Cell_length|BacDive_Salt_concentration	2
kgmicrobe.trait:1_5_8	biolink:PhenotypicQuality	1.5-8	BacDive_Cell_length	2
kgmicrobe.trait:1_5_9_0	biolink:PhenotypicQuality	1.5-9.0	BacDive_Cell_length|BacDive_Salt_concentration	2
kgmicrobe.trait:1_6_2_1	biolink:PhenotypicQuality	1.6-2.1	BacDive_Cell_length	2
kgmicrobe.trait:1_6_2_7	biolink:PhenotypicQuality	1.6-2.7	BacDive_Cell_length	2
kgmicrobe.trait:1_6_4_2	biolink:PhenotypicQuality	1.6-4.2	BacDive_Cell_length	2
kgmicrobe.trait:1_6_5_6	biolink:PhenotypicQuality	1.6-5.6	BacDive_Cell_length|BacDive_Salt_concentration	2
kgmicrobe.trait:1_73	biolink:PhenotypicQuality	1.73	BacDive_Cell_length	2
kgmicrobe.trait:1_7_2_3	biolink:PhenotypicQuality	1.7-2.3	BacDive_Cell_length	2
kgmicrobe.trait:1_7_3_6	biolink:PhenotypicQuality	1.7-3.6	BacDive_Cell_length	2
kgmicrobe.trait:1_7_4	biolink:PhenotypicQuality	1.7-4	BacDive_Cell_length	2
kgmicrobe.trait:1_7_4_8	biolink:PhenotypicQuality	1.7-4.8	BacDive_Salt_concentration	2
kgmicrobe.trait:1_8_2_3	biolink:PhenotypicQuality	1.8-2.3	BacDive_Cell_length	2
kgmicrobe.trait:1_8_2_9	biolink:PhenotypicQuality	1.8-2.9	BacDive_Cell_length	2
kgmicrobe.trait:1_8_3_1	biolink:PhenotypicQuality	1.8-3.1	BacDive_Cell_length	2
kgmicrobe.trait:1_8_3_6	biolink:PhenotypicQuality	1.8-3.6	BacDive_Cell_length	2
kgmicrobe.trait:1_8_4_5	biolink:PhenotypicQuality	1.8-4.5	BacDive_Cell_length	2
kgmicrobe.trait:1_972	biolink:PhenotypicQuality	1.972	BacDive_Salt_concentration	2
kgmicrobe.trait:1_99	biolink:PhenotypicQuality	1.99	BacDive_Cell_length	2
kgmicrobe.trait:1_9_2	biolink:PhenotypicQuality	1.9-2	BacDive_Cell_length	2
kgmicrobe.trait:1_9_2_6	biolink:PhenotypicQuality	1.9-2.6	BacDive_Cell_length|BacDive_Colony_size	2
kgmicrobe.trait:1_9_3_7	biolink:PhenotypicQuality	1.9-3.7	BacDive_Cell_length	2
kgmicrobe.trait:1_9_5_4	biolink:PhenotypicQuality	1.9-5.4	BacDive_Cell_length|BacDive_Salt_concentration	2
kgmicrobe.trait:1_o_methyl_alpha_galactopyranoside	biolink:PhenotypicQuality	1-o-methyl alpha-galactopyranoside	BacDive_Metabolite_utilization	2
kgmicrobe.trait:1_sodium_chloride	biolink:PhenotypicQuality	1% sodium chloride	BacDive_Metabolite_utilization	2
kgmicrobe.trait:20_0_30_0	biolink:PhenotypicQuality	20.0-30.0	BacDive_Salt_concentration|BacDive_Temperature_for_growth	2
kgmicrobe.trait:20_0_50_0	biolink:PhenotypicQuality	20.0-50.0	BacDive_Temperature_for_growth	2
kgmicrobe.trait:20_33	biolink:PhenotypicQuality	20-33	BacDive_Temperature_for_growth	2
kgmicrobe.trait:20_75	biolink:PhenotypicQuality	20.75	BacDive_Cell_length	2
kgmicrobe.trait:20_80	biolink:PhenotypicQuality	20-80	BacDive_Salt_concentration|BacDive_Temperature_for_growth	2
kgmicrobe.trait:20_days	biolink:PhenotypicQuality	20 days	BacDive_Incubation_period	2
kgmicrobe.trait:21_0	biolink:PhenotypicQuality	21.0	BacDive_Salt_concentration	2
kgmicrobe.trait:21_28_days	biolink:PhenotypicQuality	21-28 days	BacDive_Incubation_period	2
kgmicrobe.trait:21_30	biolink:PhenotypicQuality	21-30	BacDive_Temperature_for_growth	2
kgmicrobe.trait:21_45	biolink:PhenotypicQuality	21-45	BacDive_Temperature_for_growth	2
kgmicrobe.trait:22_35	biolink:PhenotypicQuality	22-35	BacDive_Temperature_for_growth	2
kgmicrobe.trait:22_38	biolink:PhenotypicQuality	22-38	BacDive_Temperature_for_growth	2
kgmicrobe.trait:22_62	biolink:PhenotypicQuality	22.62	BacDive_Salt_concentration	2
kgmicrobe.trait:24_40	biolink:PhenotypicQuality	24-40	BacDive_Temperature_for_growth	2
kgmicrobe.trait:24_42	biolink:PhenotypicQuality	24-42	BacDive_Temperature_for_growth	2
kgmicrobe.trait:24_45	biolink:PhenotypicQuality	24-45	BacDive_Temperature_for_growth	2
kgmicrobe.trait:25_0_44_0	biolink:PhenotypicQuality	25.0-44.0	BacDive_Temperature_for_growth	2
kgmicrobe.trait:25_27	biolink:PhenotypicQuality	25-27	BacDive_Temperature_for_growth	2
kgmicrobe.trait:25_33	biolink:PhenotypicQuality	25-33	BacDive_Temperature_for_growth	2
kgmicrobe.trait:25_39	biolink:PhenotypicQuality	25-39	BacDive_Temperature_for_growth	2
kgmicrobe.trait:25_65	biolink:PhenotypicQuality	25-65	BacDive_Temperature_for_growth	2
kgmicrobe.trait:25_70	biolink:PhenotypicQuality	25-70	BacDive_Temperature_for_growth	2
kgmicrobe.trait:26_34	biolink:PhenotypicQuality	26-34	BacDive_Temperature_for_growth	2
kgmicrobe.trait:28_34	biolink:PhenotypicQuality	28-34	BacDive_Temperature_for_growth	2
kgmicrobe.trait:28_58	biolink:PhenotypicQuality	28-58	BacDive_Temperature_for_growth	2
kgmicrobe.trait:28_65	biolink:PhenotypicQuality	28-65	BacDive_Temperature_for_growth	2
kgmicrobe.trait:29_37	biolink:PhenotypicQuality	29-37	BacDive_Temperature_for_growth	2
kgmicrobe.trait:2_0_2_8	biolink:PhenotypicQuality	2.0-2.8	BacDive_Cell_length	2
kgmicrobe.trait:2_0_3_3	biolink:PhenotypicQuality	2.0-3.3	BacDive_Cell_length|BacDive_Colony_size	2
kgmicrobe.trait:2_0_3_6	biolink:PhenotypicQuality	2.0-3.6	BacDive_Cell_length	2
kgmicrobe.trait:2_18	biolink:PhenotypicQuality	2-18	BacDive_Salt_concentration|BacDive_Temperature_for_growth	2
kgmicrobe.trait:2_1_2_7	biolink:PhenotypicQuality	2.1-2.7	BacDive_Cell_length	2
kgmicrobe.trait:2_1_2_8	biolink:PhenotypicQuality	2.1-2.8	BacDive_Cell_length	2
kgmicrobe.trait:2_1_3_4	biolink:PhenotypicQuality	2.1-3.4	BacDive_Cell_length	2
kgmicrobe.trait:2_1_3_6	biolink:PhenotypicQuality	2.1-3.6	BacDive_Cell_length	2
kgmicrobe.trait:2_28	biolink:PhenotypicQuality	-2-28	BacDive_Cell_length|BacDive_Temperature_for_growth	2
kgmicrobe.trait:2_2_2_5	biolink:PhenotypicQuality	2.2-2.5	BacDive_Cell_length	2
kgmicrobe.trait:2_2_3_8	biolink:PhenotypicQuality	2.2-3.8	BacDive_Cell_length|BacDive_Cell_width	2
kgmicrobe.trait:2_2_3_9	biolink:PhenotypicQuality	2.2-3.9	BacDive_Cell_length|BacDive_Cell_width	2
kgmicrobe.trait:2_33	biolink:PhenotypicQuality	2-33	BacDive_Temperature_for_growth	2
kgmicrobe.trait:2_36	biolink:PhenotypicQuality	2.36	BacDive_Cell_length|BacDive_Temperature_for_growth	2
kgmicrobe.trait:2_3_2	biolink:PhenotypicQuality	2-3.2	BacDive_Cell_length	2
kgmicrobe.trait:2_3_2_7	biolink:PhenotypicQuality	2.3-2.7	BacDive_Cell_length	2
kgmicrobe.trait:2_3_2_8	biolink:PhenotypicQuality	2.3-2.8	BacDive_Cell_length	2
kgmicrobe.trait:2_3_3_0	biolink:PhenotypicQuality	2.3-3.0	BacDive_Cell_length	2
kgmicrobe.trait:2_3_3_2	biolink:PhenotypicQuality	2.3-3.2	BacDive_Cell_length	2
kgmicrobe.trait:2_3_3_3	biolink:PhenotypicQuality	2.3-3.3	BacDive_Cell_length	2
kgmicrobe.trait:2_3_3_4	biolink:PhenotypicQuality	2.3-3.4	BacDive_Cell_length	2
kgmicrobe.trait:2_3_6	biolink:PhenotypicQuality	2-3.6	BacDive_Cell_length	2
kgmicrobe.trait:2_4_3_0	biolink:PhenotypicQuality	2.4-3.0	BacDive_Cell_length	2
kgmicrobe.trait:2_4_3_1	biolink:PhenotypicQuality	2.4-3.1	BacDive_Cell_length	2
kgmicrobe.trait:2_4_3_6	biolink:PhenotypicQuality	2.4-3.6	BacDive_Cell_length	2
kgmicrobe.trait:2_5_15_0	biolink:PhenotypicQuality	2.5-15.0	BacDive_Cell_length|BacDive_Salt_concentration	2
kgmicrobe.trait:2_5_2_9	biolink:PhenotypicQuality	2.5-2.9	BacDive_Cell_length	2
kgmicrobe.trait:2_5_6	biolink:PhenotypicQuality	2.5-6	BacDive_Cell_length	2
kgmicrobe.trait:2_6_3_1	biolink:PhenotypicQuality	2.6-3.1	BacDive_Cell_length|BacDive_Salt_concentration	2
kgmicrobe.trait:2_7_3_2	biolink:PhenotypicQuality	2.7-3.2	BacDive_Cell_length	2
kgmicrobe.trait:2_7_3_8	biolink:PhenotypicQuality	2.7-3.8	BacDive_Cell_length	2
kgmicrobe.trait:2_7_5	biolink:PhenotypicQuality	2-7.5	BacDive_Cell_length|BacDive_Salt_concentration	2
kgmicrobe.trait:2_8_4_2	biolink:PhenotypicQuality	2.8-4.2	BacDive_Cell_length|BacDive_Colony_size	2
kgmicrobe.trait:2_9_23_2	biolink:PhenotypicQuality	2.9-23.2	BacDive_Salt_concentration	2
kgmicrobe.trait:2_9_4_5	biolink:PhenotypicQuality	2.9-4.5	BacDive_Cell_length	2
kgmicrobe.trait:2_dichloroethane	biolink:PhenotypicQuality	2-dichloroethane	BacDive_Metabolite_utilization	2
kgmicrobe.trait:2_propandiol	biolink:PhenotypicQuality	2-propandiol	BacDive_Metabolite_utilization	2
kgmicrobe.trait:30_0_40_0	biolink:PhenotypicQuality	30.0-40.0	BacDive_Temperature_for_growth	2
kgmicrobe.trait:30_33	biolink:PhenotypicQuality	30-33	BacDive_Temperature_for_growth	2
kgmicrobe.trait:30_44	biolink:PhenotypicQuality	30-44	BacDive_Temperature_for_growth	2
kgmicrobe.trait:30_56	biolink:PhenotypicQuality	30-56	BacDive_Temperature_for_growth	2
kgmicrobe.trait:30_65	biolink:PhenotypicQuality	30-65	BacDive_Temperature_for_growth	2
kgmicrobe.trait:30_68	biolink:PhenotypicQuality	30-68	BacDive_Temperature_for_growth	2
kgmicrobe.trait:30_75	biolink:PhenotypicQuality	30-75	BacDive_Temperature_for_growth	2
kgmicrobe.trait:31_40	biolink:PhenotypicQuality	31-40	BacDive_Temperature_for_growth	2
kgmicrobe.trait:32_37	biolink:PhenotypicQuality	32-37	BacDive_Salt_concentration|BacDive_Temperature_for_growth	2
kgmicrobe.trait:35_42	biolink:PhenotypicQuality	35-42	BacDive_Temperature_for_growth	2
kgmicrobe.trait:35_70	biolink:PhenotypicQuality	35-70	BacDive_Temperature_for_growth	2
kgmicrobe.trait:3_0_12_0	biolink:PhenotypicQuality	3.0-12.0	BacDive_Cell_length	2
kgmicrobe.trait:3_0_20_0	biolink:PhenotypicQuality	3.0-20.0	BacDive_Salt_concentration	2
kgmicrobe.trait:3_0_5_5	biolink:PhenotypicQuality	3.0-5.5	BacDive_Cell_length|BacDive_pH_for_growth	2
kgmicrobe.trait:3_0_6_5	biolink:PhenotypicQuality	3.0-6.5	BacDive_Colony_size|BacDive_pH_for_growth	2
kgmicrobe.trait:3_12	biolink:PhenotypicQuality	3-12	BacDive_Salt_concentration|BacDive_pH_for_growth	2
kgmicrobe.trait:3_2_7_1	biolink:PhenotypicQuality	3.2-7.1	BacDive_pH_for_growth	2
kgmicrobe.trait:3_3_2	biolink:PhenotypicQuality	3-3.2	BacDive_Cell_length	2
kgmicrobe.trait:3_3_5_3	biolink:PhenotypicQuality	3.3-5.3	BacDive_Cell_length	2
kgmicrobe.trait:3_48	biolink:PhenotypicQuality	3.48	BacDive_Salt_concentration	2
kgmicrobe.trait:3_5_10_0	biolink:PhenotypicQuality	3.5-10.0	BacDive_Cell_length|BacDive_pH_for_growth	2
kgmicrobe.trait:3_5_4_5	biolink:PhenotypicQuality	3.5-4.5	BacDive_Cell_length	2
kgmicrobe.trait:3_5_5	biolink:PhenotypicQuality	3.5-5	BacDive_Cell_length|BacDive_pH_for_growth	2
kgmicrobe.trait:3_6_8	biolink:PhenotypicQuality	3-6.8	BacDive_pH_for_growth	2
kgmicrobe.trait:3_8_8_9	biolink:PhenotypicQuality	3.8-8.9	BacDive_Cell_length|BacDive_pH_for_growth	2
kgmicrobe.trait:3_95	biolink:PhenotypicQuality	3.95	BacDive_Cell_length|BacDive_Salt_concentration	2
kgmicrobe.trait:40_67	biolink:PhenotypicQuality	40-67	BacDive_Temperature_for_growth	2
kgmicrobe.trait:40_68	biolink:PhenotypicQuality	40-68	BacDive_Temperature_for_growth	2
kgmicrobe.trait:40_77	biolink:PhenotypicQuality	40-77	BacDive_Temperature_for_growth	2
kgmicrobe.trait:42_45	biolink:PhenotypicQuality	42-45	BacDive_Temperature_for_growth	2
kgmicrobe.trait:42_56	biolink:PhenotypicQuality	42-56	BacDive_Temperature_for_growth	2
kgmicrobe.trait:45_0_65_0	biolink:PhenotypicQuality	45.0-65.0	BacDive_Temperature_for_growth	2
kgmicrobe.trait:45_0_70_0	biolink:PhenotypicQuality	45.0-70.0	BacDive_Temperature_for_growth	2
kgmicrobe.trait:45_80	biolink:PhenotypicQuality	45-80	BacDive_Temperature_for_growth	2
kgmicrobe.trait:4_0_12_0	biolink:PhenotypicQuality	4.0-12.0	BacDive_pH_for_growth	2
kgmicrobe.trait:4_0_25_0	biolink:PhenotypicQuality	4.0-25.0	BacDive_Temperature_for_growth	2
kgmicrobe.trait:4_0_30	biolink:PhenotypicQuality	4.0-30	BacDive_Temperature_for_growth	2
kgmicrobe.trait:4_0_32_0	biolink:PhenotypicQuality	4.0-32.0	BacDive_Temperature_for_growth	2
kgmicrobe.trait:4_0_33	biolink:PhenotypicQuality	4.0-33	BacDive_Temperature_for_growth	2
kgmicrobe.trait:4_0_40	biolink:PhenotypicQuality	4.0-40	BacDive_Temperature_for_growth	2
kgmicrobe.trait:4_0_42	biolink:PhenotypicQuality	4.0-42	BacDive_Temperature_for_growth	2
kgmicrobe.trait:4_0_50_0	biolink:PhenotypicQuality	4.0-50.0	BacDive_Temperature_for_growth	2
kgmicrobe.trait:4_0_9_5	biolink:PhenotypicQuality	4.0-9.5	BacDive_pH_for_growth	2
kgmicrobe.trait:4_1_12_1	biolink:PhenotypicQuality	4.1-12.1	BacDive_pH_for_growth	2
kgmicrobe.trait:4_2	biolink:PhenotypicQuality	4.2	BacDive_Cell_length	2
kgmicrobe.trait:4_26	biolink:PhenotypicQuality	4-26	BacDive_Temperature_for_growth	2
kgmicrobe.trait:4_2_8_2	biolink:PhenotypicQuality	4.2-8.2	BacDive_pH_for_growth	2
kgmicrobe.trait:4_31	biolink:PhenotypicQuality	4-31	BacDive_Temperature_for_growth	2
kgmicrobe.trait:4_39	biolink:PhenotypicQuality	4-39	BacDive_Temperature_for_growth	2
kgmicrobe.trait:4_3_10	biolink:PhenotypicQuality	4.3-10	BacDive_pH_for_growth	2
kgmicrobe.trait:4_43	biolink:PhenotypicQuality	4-43	BacDive_Temperature_for_growth	2
kgmicrobe.trait:4_4_5	biolink:PhenotypicQuality	4-4.5	BacDive_Cell_length|BacDive_pH_for_growth	2
kgmicrobe.trait:4_5_6_8	biolink:PhenotypicQuality	4.5-6.8	BacDive_pH_for_growth	2
kgmicrobe.trait:4_6_5	biolink:PhenotypicQuality	4-6.5	BacDive_Salt_concentration|BacDive_pH_for_growth	2
kgmicrobe.trait:4_8_8	biolink:PhenotypicQuality	4.8-8	BacDive_Cell_length|BacDive_pH_for_growth	2
kgmicrobe.trait:4_8_8_5	biolink:PhenotypicQuality	4.8-8.5	BacDive_pH_for_growth	2
kgmicrobe.trait:4_9_5	biolink:PhenotypicQuality	4-9.5	BacDive_pH_for_growth	2
kgmicrobe.trait:4_beta_xylanase	biolink:PhenotypicQuality	4-beta-xylanase	BacDive_Enzyme_activity	2
kgmicrobe.trait:4_nitrophenyl_6_o_phosphono_beta_d_galactoside	biolink:PhenotypicQuality	4-nitrophenyl 6-O-phosphono-beta-D-galactoside	BacDive_Metabolite_utilization	2
kgmicrobe.trait:4_nitrophenyl_beta_d_glucuronide	biolink:PhenotypicQuality	4-nitrophenyl beta-D-glucuronide	BacDive_Metabolite_utilization	2
kgmicrobe.trait:52	biolink:PhenotypicQuality	52	BacDive_Temperature_for_growth	2
kgmicrobe.trait:5_0_11	biolink:PhenotypicQuality	5.0-11	BacDive_pH_for_growth	2
kgmicrobe.trait:5_0_15_0	biolink:PhenotypicQuality	5.0-15.0	BacDive_Cell_length|BacDive_Salt_concentration	2
kgmicrobe.trait:5_0_35_0	biolink:PhenotypicQuality	5.0-35.0	BacDive_Temperature_for_growth	2
kgmicrobe.trait:5_0_37	biolink:PhenotypicQuality	5.0-37	BacDive_Temperature_for_growth	2
kgmicrobe.trait:5_0_45	biolink:PhenotypicQuality	5.0-45	BacDive_Temperature_for_growth	2
kgmicrobe.trait:5_1	biolink:PhenotypicQuality	5.1	BacDive_Salt_concentration	2
kgmicrobe.trait:5_10_days	biolink:PhenotypicQuality	5-10 days	BacDive_Incubation_period	2
kgmicrobe.trait:5_2_8_0	biolink:PhenotypicQuality	5.2-8.0	BacDive_pH_for_growth	2
kgmicrobe.trait:5_3_8_3	biolink:PhenotypicQuality	5.3-8.3	BacDive_pH_for_growth	2
kgmicrobe.trait:5_4	biolink:PhenotypicQuality	5.4	BacDive_Cell_length|BacDive_Salt_concentration	2
kgmicrobe.trait:5_42	biolink:PhenotypicQuality	5-42	BacDive_Temperature_for_growth	2
kgmicrobe.trait:5_4_8_7	biolink:PhenotypicQuality	5.4-8.7	BacDive_pH_for_growth	2
kgmicrobe.trait:5_5_11_5	biolink:PhenotypicQuality	5.5-11.5	BacDive_pH_for_growth	2
kgmicrobe.trait:5_5_12_0	biolink:PhenotypicQuality	5.5-12.0	BacDive_pH_for_growth	2
kgmicrobe.trait:5_5_7_8	biolink:PhenotypicQuality	5.5-7.8	BacDive_pH_for_growth	2
kgmicrobe.trait:5_6_5	biolink:PhenotypicQuality	5-6.5	BacDive_Cell_length|BacDive_pH_for_growth	2
kgmicrobe.trait:5_6_6_8	biolink:PhenotypicQuality	5.6-6.8	BacDive_pH_for_growth	2
kgmicrobe.trait:5_6_7_9	biolink:PhenotypicQuality	5.6-7.9	BacDive_pH_for_growth	2
kgmicrobe.trait:5_6_8_5	biolink:PhenotypicQuality	5.6-8.5	BacDive_pH_for_growth	2
kgmicrobe.trait:5_7_7	biolink:PhenotypicQuality	5.7-7	BacDive_pH_for_growth	2
kgmicrobe.trait:5_7_8_0	biolink:PhenotypicQuality	5.7-8.0	BacDive_pH_for_growth	2
kgmicrobe.trait:5_8_6	biolink:PhenotypicQuality	5-8.6	BacDive_pH_for_growth	2
kgmicrobe.trait:5_8_8_0	biolink:PhenotypicQuality	5.8-8.0	BacDive_pH_for_growth	2
kgmicrobe.trait:5_8_8_2	biolink:PhenotypicQuality	5.8-8.2	BacDive_pH_for_growth	2
kgmicrobe.trait:5_8_8_7	biolink:PhenotypicQuality	5.8-8.7	BacDive_pH_for_growth	2
kgmicrobe.trait:5_9_8_6	biolink:PhenotypicQuality	5.9-8.6	BacDive_pH_for_growth	2
kgmicrobe.trait:5_didehydro_d_gluconate	biolink:PhenotypicQuality	5-didehydro-D-gluconate	BacDive_Metabolite_production	2
kgmicrobe.trait:60_80	biolink:PhenotypicQuality	60-80	BacDive_Temperature_for_growth	2
kgmicrobe.trait:65_0	biolink:PhenotypicQuality	65.0	BacDive_Temperature_for_growth	2
kgmicrobe.trait:65_85	biolink:PhenotypicQuality	65-85	BacDive_Temperature_for_growth	2
kgmicrobe.trait:6_0_11	biolink:PhenotypicQuality	6.0-11	BacDive_pH_for_growth	2
kgmicrobe.trait:6_0_6_8	biolink:PhenotypicQuality	6.0-6.8	BacDive_pH_for_growth	2
kgmicrobe.trait:6_0_9_3	biolink:PhenotypicQuality	6.0-9.3	BacDive_pH_for_growth	2
kgmicrobe.trait:6_0_9_6	biolink:PhenotypicQuality	6.0-9.6	BacDive_pH_for_growth	2
kgmicrobe.trait:6_10_days	biolink:PhenotypicQuality	6-10 days	BacDive_Incubation_period	2
kgmicrobe.trait:6_1_7_5	biolink:PhenotypicQuality	6.1-7.5	BacDive_Cell_length|BacDive_pH_for_growth	2
kgmicrobe.trait:6_1_8_1	biolink:PhenotypicQuality	6.1-8.1	BacDive_pH_for_growth	2
kgmicrobe.trait:6_2_8_8	biolink:PhenotypicQuality	6.2-8.8	BacDive_pH_for_growth	2
kgmicrobe.trait:6_3	biolink:PhenotypicQuality	6.3	BacDive_Cell_length|BacDive_Salt_concentration	2
kgmicrobe.trait:6_38	biolink:PhenotypicQuality	<6.38	BacDive_Salt_concentration|BacDive_Temperature_for_growth	2
kgmicrobe.trait:6_3_7_8	biolink:PhenotypicQuality	6.3-7.8	BacDive_pH_for_growth	2
kgmicrobe.trait:6_3_8_5	biolink:PhenotypicQuality	6.3-8.5	BacDive_pH_for_growth	2
kgmicrobe.trait:6_44	biolink:PhenotypicQuality	6-44	BacDive_Temperature_for_growth	2
kgmicrobe.trait:6_4_7_8	biolink:PhenotypicQuality	6.4-7.8	BacDive_pH_for_growth	2
kgmicrobe.trait:6_4_7_9	biolink:PhenotypicQuality	6.4-7.9	BacDive_pH_for_growth	2
kgmicrobe.trait:6_4_8_4	biolink:PhenotypicQuality	6.4-8.4	BacDive_pH_for_growth	2
kgmicrobe.trait:6_5_11_5	biolink:PhenotypicQuality	6.5-11.5	BacDive_pH_for_growth	2
kgmicrobe.trait:6_5_12_0	biolink:PhenotypicQuality	6.5-12.0	BacDive_pH_for_growth	2
kgmicrobe.trait:6_5_7_2	biolink:PhenotypicQuality	6.5-7.2	BacDive_pH_for_growth	2
kgmicrobe.trait:6_5_7_9	biolink:PhenotypicQuality	6.5-7.9	BacDive_pH_for_growth	2
kgmicrobe.trait:6_5_8_4	biolink:PhenotypicQuality	6.5-8.4	BacDive_pH_for_growth	2
kgmicrobe.trait:6_5_9_1	biolink:PhenotypicQuality	6.5-9.1	BacDive_pH_for_growth	2
kgmicrobe.trait:6_6_7_4	biolink:PhenotypicQuality	6.6-7.4	BacDive_pH_for_growth	2
kgmicrobe.trait:6_8_7_4	biolink:PhenotypicQuality	6.8-7.4	BacDive_pH_for_growth	2
kgmicrobe.trait:6_8_8_5	biolink:PhenotypicQuality	6.8-8.5	BacDive_pH_for_growth	2
kgmicrobe.trait:6_9_2	biolink:PhenotypicQuality	6-9.2	BacDive_pH_for_growth	2
kgmicrobe.trait:72	biolink:PhenotypicQuality	72	BacDive_Temperature_for_growth	2
kgmicrobe.trait:78	biolink:PhenotypicQuality	78	BacDive_Temperature_for_growth	2
kgmicrobe.trait:7_0_11	biolink:PhenotypicQuality	7.0-11	BacDive_pH_for_growth	2
kgmicrobe.trait:7_0_7_6	biolink:PhenotypicQuality	7.0-7.6	BacDive_pH_for_growth	2
kgmicrobe.trait:7_1	biolink:PhenotypicQuality	7.1	BacDive_Salt_concentration|BacDive_pH_for_growth	2
kgmicrobe.trait:7_12	biolink:PhenotypicQuality	7-12	BacDive_pH_for_growth	2
kgmicrobe.trait:7_2_7_8	biolink:PhenotypicQuality	7.2-7.8	BacDive_pH_for_growth	2
kgmicrobe.trait:7_30	biolink:PhenotypicQuality	7-30	BacDive_Salt_concentration|BacDive_Temperature_for_growth	2
kgmicrobe.trait:80_0	biolink:PhenotypicQuality	80.0	BacDive_Temperature_for_growth	2
kgmicrobe.trait:82	biolink:PhenotypicQuality	82	BacDive_Temperature_for_growth	2
kgmicrobe.trait:8_11	biolink:PhenotypicQuality	8-11	BacDive_pH_for_growth	2
kgmicrobe.trait:8_12	biolink:PhenotypicQuality	8-12	BacDive_Salt_concentration|BacDive_pH_for_growth	2
kgmicrobe.trait:8_12_29_58	biolink:PhenotypicQuality	8.12-29.58	BacDive_Salt_concentration	2
kgmicrobe.trait:8_30	biolink:PhenotypicQuality	8-30	BacDive_Cell_length|BacDive_Temperature_for_growth	2
kgmicrobe.trait:8_3_10_5	biolink:PhenotypicQuality	8.3-10.5	BacDive_pH_for_growth	2
kgmicrobe.trait:8_5_10_5	biolink:PhenotypicQuality	8.5-10.5	BacDive_pH_for_growth	2
kgmicrobe.trait:8_5_13	biolink:PhenotypicQuality	8.5-13	BacDive_pH_for_growth	2
kgmicrobe.trait:8_8_5	biolink:PhenotypicQuality	8-8.5	BacDive_pH_for_growth	2
kgmicrobe.trait:8_9	biolink:PhenotypicQuality	8-9	BacDive_pH_for_growth	2
kgmicrobe.trait:8_azaguanine	biolink:PhenotypicQuality	8-azaguanine	BacDive_Metabolite_production	2
kgmicrobe.trait:9_12	biolink:PhenotypicQuality	9-12	BacDive_Salt_concentration	2
kgmicrobe.trait:9_5	biolink:PhenotypicQuality	9.5	BacDive_Salt_concentration	2
kgmicrobe.trait:9_86_24_94	biolink:PhenotypicQuality	9.86-24.94	BacDive_Salt_concentration	2
kgmicrobe.trait:aburamycin_a	biolink:PhenotypicQuality	aburamycin A	BacDive_Metabolite_production	2
kgmicrobe.trait:aconitate	biolink:PhenotypicQuality	aconitate	BacDive_Metabolite_utilization	2
kgmicrobe.trait:actinomycin_d	biolink:PhenotypicQuality	actinomycin d	BacDive_Antibiotic_sensitivity|BacDive_Metabolite_production	2
kgmicrobe.trait:actinomycin_x	biolink:PhenotypicQuality	actinomycin X	BacDive_Metabolite_production	2
kgmicrobe.trait:alpha_l_rhamnosidase	biolink:PhenotypicQuality	alpha-L-rhamnosidase	BacDive_Enzyme_activity	2
kgmicrobe.trait:amorphous_fe_iii_oxyhydroxid	biolink:PhenotypicQuality	amorphous fe(iii) oxyhydroxid	BacDive_Metabolite_utilization	2
kgmicrobe.trait:amylopectin	biolink:PhenotypicQuality	amylopectin	BacDive_Metabolite_utilization	2
kgmicrobe.trait:animal_habitation_nest	biolink:PhenotypicQuality	#Animal habitation (Nest	BacDive_Isolation_category_3	2
kgmicrobe.trait:aureothricin	biolink:PhenotypicQuality	aureothricin	BacDive_Metabolite_production	2
kgmicrobe.trait:beta_d_galactoside	biolink:PhenotypicQuality	beta-D-galactoside	BacDive_Metabolite_utilization	2
kgmicrobe.trait:beta_d_xylose	biolink:PhenotypicQuality	beta-D-xylose	BacDive_Metabolite_utilization	2
kgmicrobe.trait:beta_maltosidase	biolink:PhenotypicQuality	beta-maltosidase	BacDive_Enzyme_activity	2
kgmicrobe.trait:bile_acid	biolink:PhenotypicQuality	bile acid	BacDive_Metabolite_utilization	2
kgmicrobe.trait:biphenyl	biolink:PhenotypicQuality	biphenyl	BacDive_Antibiotic_resistance|BacDive_Metabolite_utilization	2
kgmicrobe.trait:burrow	biolink:PhenotypicQuality	Burrow)	BacDive_Isolation_category_3	2
kgmicrobe.trait:carbon_monoxide	biolink:PhenotypicQuality	carbon monoxide	BacDive_Metabolite_utilization	2
kgmicrobe.trait:cefaloridine	biolink:PhenotypicQuality	cefaloridine	BacDive_Antibiotic_resistance|BacDive_Antibiotic_sensitivity	2
kgmicrobe.trait:cefotetan	biolink:PhenotypicQuality	cefotetan	BacDive_Antibiotic_resistance	2
kgmicrobe.trait:cinnamycin	biolink:PhenotypicQuality	cinnamycin	BacDive_Metabolite_production	2
kgmicrobe.trait:citraconate	biolink:PhenotypicQuality	citraconate	BacDive_Metabolite_utilization	2
kgmicrobe.trait:citrulline	biolink:PhenotypicQuality	citrulline	BacDive_Metabolite_utilization	2
kgmicrobe.trait:colistin_sulfate	biolink:PhenotypicQuality	colistin sulfate	BacDive_Antibiotic_resistance	2
kgmicrobe.trait:d_glycerate	biolink:PhenotypicQuality	D-glycerate	BacDive_Metabolite_utilization	2
kgmicrobe.trait:d_methionine	biolink:PhenotypicQuality	D-methionine	BacDive_Metabolite_utilization	2
kgmicrobe.trait:d_valine	biolink:PhenotypicQuality	D-valine	BacDive_Metabolite_utilization	2
kgmicrobe.trait:dactimicin	biolink:PhenotypicQuality	dactimicin	BacDive_Metabolite_production	2
kgmicrobe.trait:decane	biolink:PhenotypicQuality	decane	BacDive_Metabolite_utilization	2
kgmicrobe.trait:dihydrostreptomycin	biolink:PhenotypicQuality	dihydrostreptomycin	BacDive_Antibiotic_resistance|BacDive_Metabolite_production	2
kgmicrobe.trait:dimethylamine	biolink:PhenotypicQuality	dimethylamine	BacDive_Metabolite_utilization	2
kgmicrobe.trait:diplococcus_shaped	biolink:PhenotypicQuality	diplococcus-shaped	BacDive_Cell_shape	2
kgmicrobe.trait:dodecanoate	biolink:PhenotypicQuality	dodecanoate	BacDive_Metabolite_utilization	2
kgmicrobe.trait:doripenem	biolink:PhenotypicQuality	doripenem	BacDive_Antibiotic_sensitivity	2
kgmicrobe.trait:dumbbell_shaped	biolink:PhenotypicQuality	dumbbell-shaped	BacDive_Cell_shape	2
kgmicrobe.trait:endosphere	biolink:PhenotypicQuality	#Endosphere	BacDive_Isolation_category_3	2
kgmicrobe.trait:ferulate	biolink:PhenotypicQuality	ferulate	BacDive_Metabolite_utilization	2
kgmicrobe.trait:fleroxacin	biolink:PhenotypicQuality	fleroxacin	BacDive_Antibiotic_resistance	2
kgmicrobe.trait:folate	biolink:PhenotypicQuality	folate	BacDive_Metabolite_utilization	2
kgmicrobe.trait:fungichromin	biolink:PhenotypicQuality	fungichromin	BacDive_Metabolite_production	2
kgmicrobe.trait:gelatin_hydrolyzed	biolink:PhenotypicQuality	gelatin hydrolyzed	BacDive_Metabolite_utilization	2
kgmicrobe.trait:glu_gly_arg_arylamidase	biolink:PhenotypicQuality	glu–gly–arg arylamidase	BacDive_Enzyme_activity	2
kgmicrobe.trait:glutamate_dehydrogenase	biolink:PhenotypicQuality	glutamate dehydrogenase	BacDive_Enzyme_activity	2
kgmicrobe.trait:henicosane	biolink:PhenotypicQuality	henicosane	BacDive_Metabolite_utilization	2
kgmicrobe.trait:hopanoid	biolink:PhenotypicQuality	hopanoid	BacDive_Metabolite_production	2
kgmicrobe.trait:hydroxyethylcellulose	biolink:PhenotypicQuality	hydroxyethylcellulose	BacDive_Metabolite_utilization	2
kgmicrobe.trait:l_lyxose	biolink:PhenotypicQuality	L-lyxose	BacDive_Metabolite_utilization	2
kgmicrobe.trait:lichenin	biolink:PhenotypicQuality	lichenin	BacDive_Metabolite_utilization	2
kgmicrobe.trait:maleic_acid	biolink:PhenotypicQuality	maleic acid	BacDive_Metabolite_utilization	2
kgmicrobe.trait:malonamide	biolink:PhenotypicQuality	malonamide	BacDive_Metabolite_utilization	2
kgmicrobe.trait:maltotriose	biolink:PhenotypicQuality	maltotriose	BacDive_Metabolite_utilization	2
kgmicrobe.trait:n_acetyl_beta_d_mannosamine	biolink:PhenotypicQuality	N-acetyl-beta-D-mannosamine	BacDive_Metabolite_utilization	2
kgmicrobe.trait:n_acetyl_d_galactosamine	biolink:PhenotypicQuality	n-acetyl-D-galactosamine	BacDive_Metabolite_utilization	2
kgmicrobe.trait:oxalate	biolink:PhenotypicQuality	oxalate	BacDive_Metabolite_utilization	2
kgmicrobe.trait:paromomycin_sulfate	biolink:PhenotypicQuality	paromomycin sulfate	BacDive_Antibiotic_sensitivity	2
kgmicrobe.trait:pesticide	biolink:PhenotypicQuality	#Pesticide	BacDive_Isolation_category_3	2
kgmicrobe.trait:phenylethylamine	biolink:PhenotypicQuality	phenylethylamine	BacDive_Metabolite_utilization	2
kgmicrobe.trait:polychlorobiphenyl	biolink:PhenotypicQuality	polychlorobiphenyl	BacDive_Antibiotic_resistance	2
kgmicrobe.trait:propionamide	biolink:PhenotypicQuality	propionamide	BacDive_Metabolite_utilization	2
kgmicrobe.trait:puromycin	biolink:PhenotypicQuality	puromycin	BacDive_Antibiotic_sensitivity	2
kgmicrobe.trait:pyocyanine	biolink:PhenotypicQuality	pyocyanine	BacDive_Metabolite_production	2
kgmicrobe.trait:pyrite	biolink:PhenotypicQuality	pyrite	BacDive_Metabolite_utilization	2
kgmicrobe.trait:r_amygdalin	biolink:PhenotypicQuality	(R)-amygdalin	BacDive_Metabolite_utilization	2
kgmicrobe.trait:ramoplanin	biolink:PhenotypicQuality	ramoplanin	BacDive_Antibiotic_sensitivity	2
kgmicrobe.trait:rifabutin	biolink:PhenotypicQuality	rifabutin	BacDive_Antibiotic_sensitivity	2
kgmicrobe.trait:rifamycin_s	biolink:PhenotypicQuality	rifamycin S	BacDive_Metabolite_production	2
kgmicrobe.trait:ring_shaped	biolink:PhenotypicQuality	ring-shaped	BacDive_Cell_shape	2
kgmicrobe.trait:s_mandelic_acid	biolink:PhenotypicQuality	(S)-mandelic acid	BacDive_Metabolite_utilization	2
kgmicrobe.trait:selenate	biolink:PhenotypicQuality	selenate	BacDive_Metabolite_utilization	2
kgmicrobe.trait:selenite	biolink:PhenotypicQuality	selenite	BacDive_Metabolite_utilization	2
kgmicrobe.trait:setamycin	biolink:PhenotypicQuality	setamycin	BacDive_Metabolite_production	2
kgmicrobe.trait:sodium_alginate	biolink:PhenotypicQuality	sodium alginate	BacDive_Metabolite_utilization	2
kgmicrobe.trait:sodium_azide	biolink:PhenotypicQuality	sodium azide	BacDive_Antibiotic_resistance|BacDive_Antibiotic_sensitivity	2
kgmicrobe.trait:sodium_l_glutamate	biolink:PhenotypicQuality	sodium L-glutamate	BacDive_Metabolite_utilization	2
kgmicrobe.trait:sodium_lactate	biolink:PhenotypicQuality	sodium lactate	BacDive_Antibiotic_resistance|BacDive_Antibiotic_sensitivity	2
kgmicrobe.trait:sodium_succinate	biolink:PhenotypicQuality	sodium succinate	BacDive_Metabolite_utilization	2
kgmicrobe.trait:soyton	biolink:PhenotypicQuality	soyton	BacDive_Metabolite_utilization	2
kgmicrobe.trait:spinal_cord	biolink:PhenotypicQuality	#Spinal Cord	BacDive_Isolation_category_3	2
kgmicrobe.trait:spiramycin_ii	biolink:PhenotypicQuality	spiramycin II	BacDive_Antibiotic_sensitivity	2
kgmicrobe.trait:spoiled	biolink:PhenotypicQuality	#Spoiled	BacDive_Isolation_category_3	2
kgmicrobe.trait:stachyose	biolink:PhenotypicQuality	stachyose	BacDive_Metabolite_utilization	2
kgmicrobe.trait:star_shaped	biolink:PhenotypicQuality	star-shaped	BacDive_Cell_shape	2
kgmicrobe.trait:stem	biolink:PhenotypicQuality	Stem)	BacDive_Isolation_category_3	2
kgmicrobe.trait:succinamate	biolink:PhenotypicQuality	succinamate	BacDive_Metabolite_utilization	2
kgmicrobe.trait:sulfamethizole	biolink:PhenotypicQuality	sulfamethizole	BacDive_Antibiotic_resistance	2
kgmicrobe.trait:synovial_fluid	biolink:PhenotypicQuality	#Synovial fluid	BacDive_Isolation_category_3	2
kgmicrobe.trait:tetrazolium	biolink:PhenotypicQuality	tetrazolium	BacDive_Metabolite_utilization	2
kgmicrobe.trait:thiamine	biolink:PhenotypicQuality	thiamine	BacDive_Metabolite_utilization	2
kgmicrobe.trait:thiolutin	biolink:PhenotypicQuality	thiolutin	BacDive_Metabolite_production	2
kgmicrobe.trait:toluene	biolink:PhenotypicQuality	toluene	BacDive_Metabolite_production	2
kgmicrobe.trait:transportation_ways_roads	biolink:PhenotypicQuality	#Transportation ways (Roads)	BacDive_Isolation_category_3	2
kgmicrobe.trait:trigonelline	biolink:PhenotypicQuality	trigonelline	BacDive_Metabolite_utilization	2
kgmicrobe.trait:trimethylamine	biolink:PhenotypicQuality	trimethylamine	BacDive_Metabolite_utilization	2
kgmicrobe.trait:urethra	biolink:PhenotypicQuality	#Urethra	BacDive_Isolation_category_3	2
kgmicrobe.trait:wound_fluid	biolink:PhenotypicQuality	#Wound fluid	BacDive_Isolation_category_3	2
kgmicrobe.trait:xerophytic	biolink:PhenotypicQuality	#Xerophytic	BacDive_Isolation_category_3	2
kgmicrobe.trait:zebrafish	biolink:PhenotypicQuality	#Zebrafish	BacDive_Isolation_category_3	2
kgmicrobe.compound:1_butanol_co2	biolink:ChemicalEntity	1-butanol+CO2	bergey:substrates	1
kgmicrobe.compound:3	biolink:ChemicalEntity	3	bergey:substrates	1
kgmicrobe.compound:3_methylacetate	biolink:ChemicalEntity	3-methylacetate	bergey:minor_end_products	1
kgmicrobe.compound:4	biolink:ChemicalEntity	4	bergey:substrates	1
kgmicrobe.compound:5_trimethoxybenzoate	biolink:ChemicalEntity	5-trimethoxybenzoate	bergey:substrates	1
kgmicrobe.compound:alpha_aminobutyrate	biolink:ChemicalEntity	alpha-aminobutyrate	bergey:minor_end_products	1
kgmicrobe.compound:aminovalerate	biolink:ChemicalEntity	aminovalerate	bergey:substrates	1
kgmicrobe.compound:casitone_yeast_extract_rumen_fluid	biolink:ChemicalEntity	casitone + yeast extract + rumen fluid	literature:substrates	1
kgmicrobe.compound:cmc_py_horse_serum	biolink:ChemicalEntity	CMC + PY + horse serum	bergey:substrates	1
kgmicrobe.compound:corn_steep_liquor_glucose_fumarate	biolink:ChemicalEntity	corn steep liquor + glucose + fumarate	literature:substrates	1
kgmicrobe.compound:fastidious_anaerobe_broth_with_meat_granules	biolink:ChemicalEntity	Fastidious Anaerobe Broth with meat granules	bergey:substrates	1
kgmicrobe.compound:formate_3_methyl_mercaptopropionate	biolink:ChemicalEntity	formate+3-methyl mercaptopropionate	bergey:substrates	1
kgmicrobe.compound:formate_dimethylsulfide	biolink:ChemicalEntity	formate+dimethylsulfide	bergey:substrates	1
kgmicrobe.compound:formate_methanol	biolink:ChemicalEntity	formate+methanol	bergey:substrates	1
kgmicrobe.compound:formate_tetramethylammonium	biolink:ChemicalEntity	formate+tetramethylammonium	bergey:substrates	1
kgmicrobe.compound:formate_trimethylamine	biolink:ChemicalEntity	formate+trimethylamine	bergey:substrates	1
kgmicrobe.compound:gallate_formate	biolink:ChemicalEntity	gallate + formate	bergey:substrates	1
kgmicrobe.compound:glucose_cellobiose_starch_trypticase_yeast_extract	biolink:ChemicalEntity	glucose + cellobiose + starch + trypticase + yeast extract	literature:substrates	1
kgmicrobe.compound:glucose_formate	biolink:ChemicalEntity	glucose + formate	bergey:substrates	1
kgmicrobe.compound:glucose_lactate	biolink:ChemicalEntity	glucose + lactate	bergey:substrates	1
kgmicrobe.compound:glucose_maltose_cellobiose_starch_glycerol	biolink:ChemicalEntity	glucose + maltose + cellobiose + starch + glycerol	literature:substrates	1
kgmicrobe.compound:glucose_peptone_yeast_extract	biolink:ChemicalEntity	glucose peptone-yeast extract	bergey:substrates	1
kgmicrobe.compound:glucose_xylose	biolink:ChemicalEntity	glucose + xylose	bergey:substrates	1
kgmicrobe.compound:gyps	biolink:ChemicalEntity	GYPS	bergey:substrates	1
kgmicrobe.compound:h2_3_methyl_mercaptopropionate	biolink:ChemicalEntity	H2+3-methyl mercaptopropionate	bergey:substrates	1
kgmicrobe.compound:h2_dimethylsulfide	biolink:ChemicalEntity	H2+dimethylsulfide	bergey:substrates	1
kgmicrobe.compound:h2_tetramethylammonium	biolink:ChemicalEntity	H2+tetramethylammonium	bergey:substrates	1
kgmicrobe.compound:h2_trimethylamine	biolink:ChemicalEntity	H2+trimethylamine	bergey:substrates	1
kgmicrobe.compound:hydroxyacetophenone	biolink:ChemicalEntity	hydroxyacetophenone	bergey:minor_end_products	1
kgmicrobe.compound:iso_butanol	biolink:ChemicalEntity	iso-butanol	bergey:minor_end_products	1
kgmicrobe.compound:isopropionate	biolink:ChemicalEntity	isopropionate	bergey:major_end_products	1
kgmicrobe.compound:methyamine	biolink:ChemicalEntity	methyamine	bergey:substrates	1
kgmicrobe.compound:modified_cooked_meat_medium	biolink:ChemicalEntity	modified cooked meat medium	bergey:substrates	1
kgmicrobe.compound:mono_and_disaccharides	biolink:ChemicalEntity	mono- and disaccharides	bergey:substrates	1
kgmicrobe.compound:peptone_beef_extract_yeast_extract	biolink:ChemicalEntity	peptone + beef extract + yeast extract	literature:substrates	1
kgmicrobe.compound:peptone_yeast_extract_glucose	biolink:ChemicalEntity	peptone-yeast extract-glucose	bergey:substrates	1
kgmicrobe.compound:purines	biolink:ChemicalEntity	purines	bergey:substrates	1
kgmicrobe.compound:py_fructose	biolink:ChemicalEntity	PY-fructose	bergey:substrates	1
kgmicrobe.compound:py_glucose_rumen_fluid	biolink:ChemicalEntity	PY-glucose-rumen fluid	bergey:substrates	1
kgmicrobe.compound:py_maltose	biolink:ChemicalEntity	PY-maltose	bergey:substrates	1
kgmicrobe.compound:py_pectin	biolink:ChemicalEntity	PY-pectin	bergey:substrates	1
kgmicrobe.compound:pyeg	biolink:ChemicalEntity	PYEG	bergey:substrates	1
kgmicrobe.compound:pyg_0_02_tween_80	biolink:ChemicalEntity	PYG-0.02% Tween 80	bergey:substrates	1
kgmicrobe.compound:pyg_rumen_fluid	biolink:ChemicalEntity	PYG + rumen fluid	bergey:substrates	1
kgmicrobe.compound:tartate	biolink:ChemicalEntity	tartate	bergey:substrates	1
kgmicrobe.compound:trimethyleneglycol	biolink:ChemicalEntity	trimethyleneglycol	bergey:major_end_products	1
kgmicrobe.compound:tygvs_glucose	biolink:ChemicalEntity	TYGVS + glucose	bergey:substrates	1
kgmicrobe.compound:yeast_extract_gluconate	biolink:ChemicalEntity	yeast extract + gluconate	bergey:substrates	1
kgmicrobe.compound:yeast_extract_glucose	biolink:ChemicalEntity	yeast extract + glucose	bergey:substrates	1
kgmicrobe.compound:yeast_extract_peptone	biolink:ChemicalEntity	yeast extract + peptone	bergey:substrates	1
kgmicrobe.compound:yeast_extract_sulfur	biolink:ChemicalEntity	yeast extract + sulfur	bergey:substrates	1
kgmicrobe.compound:yeast_meat_extract_h2	biolink:ChemicalEntity	yeast + meat extract + H2	bergey:substrates	1
kgmicrobe.pathway:arsenite_oxidation_energy_yielding	biolink:BiologicalProcess	arsenite_oxidation_energy_yielding	faprotax:type_of_metabolism	1
kgmicrobe.pathway:chlorate_reducers	biolink:BiologicalProcess	chlorate_reducers	faprotax:type_of_metabolism	1
kgmicrobe.trait:01_01	biolink:PhenotypicQuality	01-01	BacDive_Salt_concentration	1
kgmicrobe.trait:01_11	biolink:PhenotypicQuality	01-11	BacDive_Salt_concentration	1
kgmicrobe.trait:01_14	biolink:PhenotypicQuality	01-14	BacDive_Salt_concentration	1
kgmicrobe.trait:01_17	biolink:PhenotypicQuality	01-17	BacDive_Salt_concentration	1
kgmicrobe.trait:01_26	biolink:PhenotypicQuality	01-26	BacDive_Salt_concentration	1
kgmicrobe.trait:01_35	biolink:PhenotypicQuality	01-35	BacDive_Temperature_for_growth	1
kgmicrobe.trait:01_36	biolink:PhenotypicQuality	01-36	BacDive_Temperature_for_growth	1
kgmicrobe.trait:01_45	biolink:PhenotypicQuality	01-45	BacDive_Temperature_for_growth	1
kgmicrobe.trait:02_13	biolink:PhenotypicQuality	02-13	BacDive_Salt_concentration	1
kgmicrobe.trait:02_17	biolink:PhenotypicQuality	02-17	BacDive_Salt_concentration	1
kgmicrobe.trait:02_21	biolink:PhenotypicQuality	02-21	BacDive_Temperature_for_growth	1
kgmicrobe.trait:02_22	biolink:PhenotypicQuality	02-22	BacDive_Temperature_for_growth	1
kgmicrobe.trait:02_27	biolink:PhenotypicQuality	02-27	BacDive_Salt_concentration	1
kgmicrobe.trait:02_29	biolink:PhenotypicQuality	02-29	BacDive_Temperature_for_growth	1
kgmicrobe.trait:02_32	biolink:PhenotypicQuality	02-32	BacDive_Temperature_for_growth	1
kgmicrobe.trait:02_37	biolink:PhenotypicQuality	02-37	BacDive_Temperature_for_growth	1
kgmicrobe.trait:02_38	biolink:PhenotypicQuality	02-38	BacDive_Temperature_for_growth	1
kgmicrobe.trait:02_41	biolink:PhenotypicQuality	02-41	BacDive_Temperature_for_growth	1
kgmicrobe.trait:03_0_7	biolink:PhenotypicQuality	03-0.7	BacDive_Cell_width	1
kgmicrobe.trait:03_14	biolink:PhenotypicQuality	03-14	BacDive_Salt_concentration	1
kgmicrobe.trait:03_15	biolink:PhenotypicQuality	03-15	BacDive_Salt_concentration	1
kgmicrobe.trait:03_18	biolink:PhenotypicQuality	03-18	BacDive_Salt_concentration	1
kgmicrobe.trait:03_26	biolink:PhenotypicQuality	03-26	BacDive_Temperature_for_growth	1
kgmicrobe.trait:03_30	biolink:PhenotypicQuality	03-30	BacDive_Salt_concentration	1
kgmicrobe.trait:03_33	biolink:PhenotypicQuality	03-33	BacDive_Temperature_for_growth	1
kgmicrobe.trait:03_44	biolink:PhenotypicQuality	03-44	BacDive_Temperature_for_growth	1
kgmicrobe.trait:03_50	biolink:PhenotypicQuality	03-50	BacDive_Cell_length	1
kgmicrobe.trait:04_15	biolink:PhenotypicQuality	04-15	BacDive_Temperature_for_growth	1
kgmicrobe.trait:04_16	biolink:PhenotypicQuality	04-16	BacDive_Salt_concentration	1
kgmicrobe.trait:04_21	biolink:PhenotypicQuality	04-21	BacDive_Salt_concentration	1
kgmicrobe.trait:04_23	biolink:PhenotypicQuality	04-23	BacDive_Temperature_for_growth	1
kgmicrobe.trait:04_27	biolink:PhenotypicQuality	04-27	BacDive_Temperature_for_growth	1
kgmicrobe.trait:04_44	biolink:PhenotypicQuality	04-44	BacDive_Temperature_for_growth	1
kgmicrobe.trait:04_46	biolink:PhenotypicQuality	04-46	BacDive_Temperature_for_growth	1
kgmicrobe.trait:04_60	biolink:PhenotypicQuality	04-60	BacDive_Temperature_for_growth	1
kgmicrobe.trait:05_14	biolink:PhenotypicQuality	05-14	BacDive_Cell_length	1
kgmicrobe.trait:05_22	biolink:PhenotypicQuality	05-22	BacDive_Temperature_for_growth	1
kgmicrobe.trait:05_28	biolink:PhenotypicQuality	05-28	BacDive_Temperature_for_growth	1
kgmicrobe.trait:05_38	biolink:PhenotypicQuality	05-38	BacDive_Temperature_for_growth	1
kgmicrobe.trait:05_44	biolink:PhenotypicQuality	05-44	BacDive_Temperature_for_growth	1
kgmicrobe.trait:05_46	biolink:PhenotypicQuality	05-46	BacDive_Temperature_for_growth	1
kgmicrobe.trait:05_47	biolink:PhenotypicQuality	05-47	BacDive_Temperature_for_growth	1
kgmicrobe.trait:05_48	biolink:PhenotypicQuality	05-48	BacDive_Temperature_for_growth	1
kgmicrobe.trait:05_50	biolink:PhenotypicQuality	05-50	BacDive_Temperature_for_growth	1
kgmicrobe.trait:06_14	biolink:PhenotypicQuality	06-14	BacDive_Cell_length	1
kgmicrobe.trait:06_20	biolink:PhenotypicQuality	06-20	BacDive_Temperature_for_growth	1
kgmicrobe.trait:06_22	biolink:PhenotypicQuality	06-22	BacDive_Salt_concentration	1
kgmicrobe.trait:06_26	biolink:PhenotypicQuality	06-26	BacDive_Temperature_for_growth	1
kgmicrobe.trait:06_32	biolink:PhenotypicQuality	06-32	BacDive_Temperature_for_growth	1
kgmicrobe.trait:06_35	biolink:PhenotypicQuality	06-35	BacDive_Temperature_for_growth	1
kgmicrobe.trait:06_41	biolink:PhenotypicQuality	06-41	BacDive_Temperature_for_growth	1
kgmicrobe.trait:06_44	biolink:PhenotypicQuality	06-44	BacDive_Temperature_for_growth	1
kgmicrobe.trait:07_30	biolink:PhenotypicQuality	07-30	BacDive_Temperature_for_growth	1
kgmicrobe.trait:07_33	biolink:PhenotypicQuality	07-33	BacDive_Temperature_for_growth	1
kgmicrobe.trait:07_35	biolink:PhenotypicQuality	07-35	BacDive_Temperature_for_growth	1
kgmicrobe.trait:07_40	biolink:PhenotypicQuality	07-40	BacDive_Temperature_for_growth	1
kgmicrobe.trait:07_41	biolink:PhenotypicQuality	07-41	BacDive_Temperature_for_growth	1
kgmicrobe.trait:07_55	biolink:PhenotypicQuality	07-55	BacDive_Temperature_for_growth	1
kgmicrobe.trait:08_14	biolink:PhenotypicQuality	08-14	BacDive_pH_for_growth	1
kgmicrobe.trait:08_1_0	biolink:PhenotypicQuality	08-1.0	BacDive_Cell_width	1
kgmicrobe.trait:08_31	biolink:PhenotypicQuality	08-31	BacDive_Temperature_for_growth	1
kgmicrobe.trait:08_33	biolink:PhenotypicQuality	08-33	BacDive_Salt_concentration	1
kgmicrobe.trait:08_42	biolink:PhenotypicQuality	08-42	BacDive_Temperature_for_growth	1
kgmicrobe.trait:08_45	biolink:PhenotypicQuality	08-45	BacDive_Temperature_for_growth	1
kgmicrobe.trait:09_21	biolink:PhenotypicQuality	09-21	BacDive_Salt_concentration	1
kgmicrobe.trait:09_23	biolink:PhenotypicQuality	09-23	BacDive_Salt_concentration	1
kgmicrobe.trait:09_28	biolink:PhenotypicQuality	09-28	BacDive_Temperature_for_growth	1
kgmicrobe.trait:09_33	biolink:PhenotypicQuality	09-33	BacDive_Temperature_for_growth	1
kgmicrobe.trait:09_41	biolink:PhenotypicQuality	09-41	BacDive_Temperature_for_growth	1
kgmicrobe.trait:0_001_0_002	biolink:PhenotypicQuality	0.001-0.002	BacDive_Salt_concentration	1
kgmicrobe.trait:0_002_0_145	biolink:PhenotypicQuality	0.002-0.145	BacDive_Salt_concentration	1
kgmicrobe.trait:0_003_20	biolink:PhenotypicQuality	0.003-20	BacDive_Salt_concentration	1
kgmicrobe.trait:0_003_2_0	biolink:PhenotypicQuality	0.003-2.0	BacDive_Salt_concentration	1
kgmicrobe.trait:0_005_0_3	biolink:PhenotypicQuality	0.005-0.3	BacDive_Salt_concentration	1
kgmicrobe.trait:0_005_1	biolink:PhenotypicQuality	0.005-1	BacDive_Salt_concentration	1
kgmicrobe.trait:0_005_5_0	biolink:PhenotypicQuality	0.005-5.0	BacDive_Salt_concentration	1
kgmicrobe.trait:0_015_2_5	biolink:PhenotypicQuality	0.015-2.5	BacDive_Salt_concentration	1
kgmicrobe.trait:0_02	biolink:PhenotypicQuality	0.02	BacDive_Salt_concentration	1
kgmicrobe.trait:0_025	biolink:PhenotypicQuality	0.025	BacDive_Salt_concentration	1
kgmicrobe.trait:0_02_5	biolink:PhenotypicQuality	0.02-5	BacDive_Salt_concentration	1
kgmicrobe.trait:0_03_0_7	biolink:PhenotypicQuality	0.03-0.7	BacDive_Salt_concentration	1
kgmicrobe.trait:0_03_4_5	biolink:PhenotypicQuality	0.03-4.5	BacDive_Salt_concentration	1
kgmicrobe.trait:0_05_10	biolink:PhenotypicQuality	0.05-10	BacDive_Salt_concentration	1
kgmicrobe.trait:0_05_13	biolink:PhenotypicQuality	0.05-13	BacDive_Salt_concentration	1
kgmicrobe.trait:0_05_3_5	biolink:PhenotypicQuality	0.05-3.5	BacDive_Salt_concentration	1
kgmicrobe.trait:0_05_4_5	biolink:PhenotypicQuality	0.05-4.5	BacDive_Salt_concentration	1
kgmicrobe.trait:0_05_6	biolink:PhenotypicQuality	0.05-6	BacDive_Salt_concentration	1
kgmicrobe.trait:0_05_6_0	biolink:PhenotypicQuality	0.05-6.0	BacDive_Salt_concentration	1
kgmicrobe.trait:0_05_8_6	biolink:PhenotypicQuality	0.05-8.6	BacDive_Salt_concentration	1
kgmicrobe.trait:0_06	biolink:PhenotypicQuality	<0.06	BacDive_Salt_concentration	1
kgmicrobe.trait:0_06_0_856	biolink:PhenotypicQuality	0.06-0.856	BacDive_Salt_concentration	1
kgmicrobe.trait:0_06_1_283	biolink:PhenotypicQuality	0.06-1-283	BacDive_Salt_concentration	1
kgmicrobe.trait:0_08	biolink:PhenotypicQuality	0.08	BacDive_Salt_concentration	1
kgmicrobe.trait:0_085_1_7	biolink:PhenotypicQuality	0.085-1.7	BacDive_Salt_concentration	1
kgmicrobe.trait:0_08_0_2	biolink:PhenotypicQuality	0.08-0.2	BacDive_Salt_concentration	1
kgmicrobe.trait:0_08_3_5	biolink:PhenotypicQuality	0.08-3.5	BacDive_Salt_concentration	1
kgmicrobe.trait:0_0_05	biolink:PhenotypicQuality	0-0.05	BacDive_Salt_concentration	1
kgmicrobe.trait:0_0_066	biolink:PhenotypicQuality	0-0.066	BacDive_Salt_concentration	1
kgmicrobe.trait:0_0_0_2	biolink:PhenotypicQuality	0.0-0.2	BacDive_Salt_concentration	1
kgmicrobe.trait:0_0_0_25	biolink:PhenotypicQuality	0.0-0.25	BacDive_Salt_concentration	1
kgmicrobe.trait:0_0_0_4	biolink:PhenotypicQuality	0.0-0.4	BacDive_Salt_concentration	1
kgmicrobe.trait:0_0_0_8	biolink:PhenotypicQuality	0.0-0.8	BacDive_Salt_concentration	1
kgmicrobe.trait:0_0_110	biolink:PhenotypicQuality	0-0.110	BacDive_Salt_concentration	1
kgmicrobe.trait:0_0_12	biolink:PhenotypicQuality	0.0-12	BacDive_Salt_concentration	1
kgmicrobe.trait:0_0_16	biolink:PhenotypicQuality	0.0-16	BacDive_Salt_concentration	1
kgmicrobe.trait:0_0_17_0	biolink:PhenotypicQuality	0.0-17.0	BacDive_Salt_concentration	1
kgmicrobe.trait:0_0_20	biolink:PhenotypicQuality	0.0-20	BacDive_Salt_concentration	1
kgmicrobe.trait:0_0_24_0	biolink:PhenotypicQuality	0.0-24.0	BacDive_Salt_concentration	1
kgmicrobe.trait:0_0_25_5	biolink:PhenotypicQuality	0.0-25.5	BacDive_Salt_concentration	1
kgmicrobe.trait:0_0_3_5	biolink:PhenotypicQuality	0.0-3.5	BacDive_Salt_concentration	1
kgmicrobe.trait:0_0_45	biolink:PhenotypicQuality	0-0.45	BacDive_Salt_concentration	1
kgmicrobe.trait:0_0_4_4	biolink:PhenotypicQuality	0.0-4.4	BacDive_Salt_concentration	1
kgmicrobe.trait:0_0_4_5	biolink:PhenotypicQuality	0.0-4.5	BacDive_Salt_concentration	1
kgmicrobe.trait:0_0_546	biolink:PhenotypicQuality	0-0.546	BacDive_Salt_concentration	1
kgmicrobe.trait:0_0_58	biolink:PhenotypicQuality	0-0.58	BacDive_Salt_concentration	1
kgmicrobe.trait:0_0_5_8	biolink:PhenotypicQuality	0.0-5.8	BacDive_Salt_concentration	1
kgmicrobe.trait:0_0_85	biolink:PhenotypicQuality	0-0.85	BacDive_Salt_concentration	1
kgmicrobe.trait:0_0_860	biolink:PhenotypicQuality	0-0.860	BacDive_Salt_concentration	1
kgmicrobe.trait:0_0_8_99	biolink:PhenotypicQuality	0.0-8.99	BacDive_Salt_concentration	1
kgmicrobe.trait:0_100	biolink:PhenotypicQuality	0-100	BacDive_Salt_concentration	1
kgmicrobe.trait:0_10_0_15	biolink:PhenotypicQuality	0.10-0.15	BacDive_Cell_width	1
kgmicrobe.trait:0_10_0_75	biolink:PhenotypicQuality	0.10-0.75	BacDive_Salt_concentration	1
kgmicrobe.trait:0_116	biolink:PhenotypicQuality	0.116	BacDive_Salt_concentration	1
kgmicrobe.trait:0_11_8	biolink:PhenotypicQuality	0-11.8	BacDive_Salt_concentration	1
kgmicrobe.trait:0_11_91	biolink:PhenotypicQuality	0-11.91	BacDive_Salt_concentration	1
kgmicrobe.trait:0_12_0	biolink:PhenotypicQuality	0-12.0	BacDive_Salt_concentration	1
kgmicrobe.trait:0_12_0_14	biolink:PhenotypicQuality	0.12-0.14	BacDive_Colony_size	1
kgmicrobe.trait:0_12_0_3	biolink:PhenotypicQuality	0.12-0.3	BacDive_Cell_width	1
kgmicrobe.trait:0_12_3_13	biolink:PhenotypicQuality	0.12-3.13	BacDive_Salt_concentration	1
kgmicrobe.trait:0_13_0	biolink:PhenotypicQuality	0-13.0	BacDive_Salt_concentration	1
kgmicrobe.trait:0_13_6_0	biolink:PhenotypicQuality	0.13-6.0	BacDive_Salt_concentration	1
kgmicrobe.trait:0_14_days	biolink:PhenotypicQuality	0-14 days	BacDive_Incubation_period	1
kgmicrobe.trait:0_15_0_25	biolink:PhenotypicQuality	0.15-0.25	BacDive_Cell_width	1
kgmicrobe.trait:0_15_0_4	biolink:PhenotypicQuality	0.15-0.4	BacDive_Colony_size	1
kgmicrobe.trait:0_174_8_7	biolink:PhenotypicQuality	0.174-8.7	BacDive_Salt_concentration	1
kgmicrobe.trait:0_17_0_22	biolink:PhenotypicQuality	0.17-0.22	BacDive_Cell_width	1
kgmicrobe.trait:0_17_0_52	biolink:PhenotypicQuality	0.17-0.52	BacDive_Salt_concentration	1
kgmicrobe.trait:0_17_5	biolink:PhenotypicQuality	0-17.5	BacDive_Salt_concentration	1
kgmicrobe.trait:0_18_0_20	biolink:PhenotypicQuality	0.18-0.20	BacDive_Cell_width	1
kgmicrobe.trait:0_18_0_3	biolink:PhenotypicQuality	0.18-0.3	BacDive_Cell_width	1
kgmicrobe.trait:0_1_0_15	biolink:PhenotypicQuality	0.1-0.15	BacDive_Colony_size	1
kgmicrobe.trait:0_1_0_7	biolink:PhenotypicQuality	0.1-0.7	BacDive_Colony_size	1
kgmicrobe.trait:0_1_0_8	biolink:PhenotypicQuality	0.1-0.8	BacDive_Colony_size	1
kgmicrobe.trait:0_1_12_0	biolink:PhenotypicQuality	0.1-12.0	BacDive_Salt_concentration	1
kgmicrobe.trait:0_1_15_0	biolink:PhenotypicQuality	0.1-15.0	BacDive_Salt_concentration	1
kgmicrobe.trait:0_1_17	biolink:PhenotypicQuality	0.1-17	BacDive_Salt_concentration	1
kgmicrobe.trait:0_1_19	biolink:PhenotypicQuality	0.1-19	BacDive_Salt_concentration	1
kgmicrobe.trait:0_1_1_2	biolink:PhenotypicQuality	0.1-1.2	BacDive_Salt_concentration	1
kgmicrobe.trait:0_1_1_25	biolink:PhenotypicQuality	0.1-1.25	BacDive_Salt_concentration	1
kgmicrobe.trait:0_1_25	biolink:PhenotypicQuality	0-1.25	BacDive_Salt_concentration	1
kgmicrobe.trait:0_1_3_0	biolink:PhenotypicQuality	0.1-3.0	BacDive_Colony_size	1
kgmicrobe.trait:0_1_3_5	biolink:PhenotypicQuality	0.1-3.5	BacDive_Salt_concentration	1
kgmicrobe.trait:0_1_4_5	biolink:PhenotypicQuality	0.1-4.5	BacDive_Salt_concentration	1
kgmicrobe.trait:0_1_5_5	biolink:PhenotypicQuality	0.1-5.5	BacDive_Salt_concentration	1
kgmicrobe.trait:0_1_6	biolink:PhenotypicQuality	0.1-6	BacDive_Salt_concentration	1
kgmicrobe.trait:0_1_74	biolink:PhenotypicQuality	0-1.74	BacDive_Salt_concentration	1
kgmicrobe.trait:0_1_8	biolink:PhenotypicQuality	0-1.8	BacDive_Salt_concentration	1
kgmicrobe.trait:0_20_1_05	biolink:PhenotypicQuality	0.20-1.05	BacDive_Cell_width	1
kgmicrobe.trait:0_22_0_48	biolink:PhenotypicQuality	0.22-0.48	BacDive_Cell_width	1
kgmicrobe.trait:0_22_4_32	biolink:PhenotypicQuality	0.22-4.32	BacDive_Salt_concentration	1
kgmicrobe.trait:0_23_0_27	biolink:PhenotypicQuality	0.23-0.27	BacDive_Cell_width	1
kgmicrobe.trait:0_23_0_28	biolink:PhenotypicQuality	0.23-0.28	BacDive_Cell_width	1
kgmicrobe.trait:0_23_0_37	biolink:PhenotypicQuality	0.23-0.37	BacDive_Cell_width	1
kgmicrobe.trait:0_25_0	biolink:PhenotypicQuality	0-25.0	BacDive_Salt_concentration	1
kgmicrobe.trait:0_25_0_47	biolink:PhenotypicQuality	0.25-0.47	BacDive_Cell_width	1
kgmicrobe.trait:0_25_15	biolink:PhenotypicQuality	0.25-15	BacDive_Salt_concentration	1
kgmicrobe.trait:0_25_2	biolink:PhenotypicQuality	0.25-2	BacDive_Salt_concentration	1
kgmicrobe.trait:0_25_20	biolink:PhenotypicQuality	0.25-20	BacDive_Salt_concentration	1
kgmicrobe.trait:0_25_5_5	biolink:PhenotypicQuality	0.25-5.5	BacDive_Salt_concentration	1
kgmicrobe.trait:0_25_8	biolink:PhenotypicQuality	0.25-8	BacDive_Salt_concentration	1
kgmicrobe.trait:0_25_9_0	biolink:PhenotypicQuality	0.25-9.0	BacDive_Salt_concentration	1
kgmicrobe.trait:0_26_0_42	biolink:PhenotypicQuality	0.26-0.42	BacDive_Cell_width	1
kgmicrobe.trait:0_285	biolink:PhenotypicQuality	0.285	BacDive_Cell_width	1
kgmicrobe.trait:0_28_0_48	biolink:PhenotypicQuality	0.28-0.48	BacDive_Cell_width	1
kgmicrobe.trait:0_28_0_96	biolink:PhenotypicQuality	0.28-0.96	BacDive_Colony_size	1
kgmicrobe.trait:0_29_0_38	biolink:PhenotypicQuality	0.29-0.38	BacDive_Cell_width	1
kgmicrobe.trait:0_29_0_44	biolink:PhenotypicQuality	0.29-0.44	BacDive_Cell_width	1
kgmicrobe.trait:0_29_3	biolink:PhenotypicQuality	0.29-3	BacDive_Salt_concentration	1
kgmicrobe.trait:0_29_5_8	biolink:PhenotypicQuality	0.29-5.8	BacDive_Salt_concentration	1
kgmicrobe.trait:0_2_10	biolink:PhenotypicQuality	0.2-10	BacDive_Cell_length	1
kgmicrobe.trait:0_2_17_0	biolink:PhenotypicQuality	0.2-17.0	BacDive_Cell_length	1
kgmicrobe.trait:0_2_2_0	biolink:PhenotypicQuality	0.2-2.0	BacDive_Colony_size	1
kgmicrobe.trait:0_2_2_5	biolink:PhenotypicQuality	0.2-2.5	BacDive_Salt_concentration	1
kgmicrobe.trait:0_2_3_0	biolink:PhenotypicQuality	0.2-3.0	BacDive_Cell_length	1
kgmicrobe.trait:0_2_6_0	biolink:PhenotypicQuality	0.2-6.0	BacDive_Salt_concentration	1
kgmicrobe.trait:0_2_9	biolink:PhenotypicQuality	0-2.9	BacDive_Salt_concentration	1
kgmicrobe.trait:0_30_0	biolink:PhenotypicQuality	0-30.0	BacDive_Temperature_for_growth	1
kgmicrobe.trait:0_30_1_380	biolink:PhenotypicQuality	0.30-1.380	BacDive_Salt_concentration	1
kgmicrobe.trait:0_315	biolink:PhenotypicQuality	0.315	BacDive_Cell_width	1
kgmicrobe.trait:0_31_0_39	biolink:PhenotypicQuality	0.31-0.39	BacDive_Cell_width	1
kgmicrobe.trait:0_31_0_51	biolink:PhenotypicQuality	0.31-0.51	BacDive_Cell_width	1
kgmicrobe.trait:0_325	biolink:PhenotypicQuality	0.325	BacDive_Cell_width	1
kgmicrobe.trait:0_32_0_39	biolink:PhenotypicQuality	0.32-0.39	BacDive_Cell_width	1
kgmicrobe.trait:0_32_0_5	biolink:PhenotypicQuality	0.32-0.5	BacDive_Cell_width	1
kgmicrobe.trait:0_32_0_74	biolink:PhenotypicQuality	0.32-0.74	BacDive_Cell_width	1
kgmicrobe.trait:0_33_0_51	biolink:PhenotypicQuality	0.33-0.51	BacDive_Cell_width	1
kgmicrobe.trait:0_348	biolink:PhenotypicQuality	0.348	BacDive_Cell_width	1
kgmicrobe.trait:0_34_0_38	biolink:PhenotypicQuality	0.34-0.38	BacDive_Cell_width	1
kgmicrobe.trait:0_35_0_37	biolink:PhenotypicQuality	0.35-0.37	BacDive_Cell_width	1
kgmicrobe.trait:0_35_0_40	biolink:PhenotypicQuality	0.35-0.40	BacDive_Cell_width	1
kgmicrobe.trait:0_35_0_41	biolink:PhenotypicQuality	0.35-0.41	BacDive_Cell_width	1
kgmicrobe.trait:0_35_0_45	biolink:PhenotypicQuality	0.35-0.45	BacDive_Cell_length	1
kgmicrobe.trait:0_35_0_47	biolink:PhenotypicQuality	0.35-0.47	BacDive_Cell_width	1
kgmicrobe.trait:0_35_0_55	biolink:PhenotypicQuality	0.35-0.55	BacDive_Cell_width	1
kgmicrobe.trait:0_35_0_62	biolink:PhenotypicQuality	0.35-0.62	BacDive_Cell_width	1
kgmicrobe.trait:0_35_0_7	biolink:PhenotypicQuality	0.35-0.7	BacDive_Salt_concentration	1
kgmicrobe.trait:0_35_0_74	biolink:PhenotypicQuality	0.35-0.74	BacDive_Cell_width	1
kgmicrobe.trait:0_35_9	biolink:PhenotypicQuality	0.35-9	BacDive_Salt_concentration	1
kgmicrobe.trait:0_36_0_45	biolink:PhenotypicQuality	0.36-0.45	BacDive_Cell_width	1
kgmicrobe.trait:0_37_0_49	biolink:PhenotypicQuality	0.37-0.49	BacDive_Cell_width	1
kgmicrobe.trait:0_38_0_46	biolink:PhenotypicQuality	0.38-0.46	BacDive_Cell_width	1
kgmicrobe.trait:0_38_0_52	biolink:PhenotypicQuality	0.38-0.52	BacDive_Cell_width	1
kgmicrobe.trait:0_38_11_6	biolink:PhenotypicQuality	0.38-11.6	BacDive_Salt_concentration	1
kgmicrobe.trait:0_39_0_43	biolink:PhenotypicQuality	0.39-0.43	BacDive_Cell_width	1
kgmicrobe.trait:0_39_0_45	biolink:PhenotypicQuality	0.39-0.45	BacDive_Cell_width	1
kgmicrobe.trait:0_39_0_7	biolink:PhenotypicQuality	0.39-0.7	BacDive_Cell_width	1
kgmicrobe.trait:0_3_0_35	biolink:PhenotypicQuality	0.3-0.35	BacDive_Cell_width	1
kgmicrobe.trait:0_3_0_45	biolink:PhenotypicQuality	0.3-0.45	BacDive_Cell_width	1
kgmicrobe.trait:0_3_10_2	biolink:PhenotypicQuality	0.3-10.2	BacDive_Salt_concentration	1
kgmicrobe.trait:0_3_1_6	biolink:PhenotypicQuality	0.3-1.6	BacDive_Cell_length	1
kgmicrobe.trait:0_3_2_7	biolink:PhenotypicQuality	0.3-2.7	BacDive_Colony_size	1
kgmicrobe.trait:0_3_3_0	biolink:PhenotypicQuality	0.3-3.0	BacDive_Cell_length	1
kgmicrobe.trait:0_3_4_0	biolink:PhenotypicQuality	0.3-4.0	BacDive_Salt_concentration	1
kgmicrobe.trait:0_3_5_5	biolink:PhenotypicQuality	0.3-5.5	BacDive_Salt_concentration	1
kgmicrobe.trait:0_3_6_0	biolink:PhenotypicQuality	0.3-6.0	BacDive_Cell_length	1
kgmicrobe.trait:0_3_7	biolink:PhenotypicQuality	0.3-7	BacDive_Salt_concentration	1
kgmicrobe.trait:0_3_75	biolink:PhenotypicQuality	0-3.75	BacDive_Salt_concentration	1
kgmicrobe.trait:0_3_8	biolink:PhenotypicQuality	0.3-8	BacDive_Salt_concentration	1
kgmicrobe.trait:0_3_9	biolink:PhenotypicQuality	0.3-9	BacDive_Salt_concentration	1
kgmicrobe.trait:0_41_0_5	biolink:PhenotypicQuality	0.41-0.5	BacDive_Cell_width	1
kgmicrobe.trait:0_41_0_51	biolink:PhenotypicQuality	0.41-0.51	BacDive_Cell_width	1
kgmicrobe.trait:0_41_0_67	biolink:PhenotypicQuality	0.41-0.67	BacDive_Cell_width	1
kgmicrobe.trait:0_427	biolink:PhenotypicQuality	0.427	BacDive_Cell_width	1
kgmicrobe.trait:0_43_0_48	biolink:PhenotypicQuality	0.43-0.48	BacDive_Cell_length	1
kgmicrobe.trait:0_43_0_52	biolink:PhenotypicQuality	0.43-0.52	BacDive_Cell_width	1
kgmicrobe.trait:0_44_0_47	biolink:PhenotypicQuality	0.44-0.47	BacDive_Cell_width	1
kgmicrobe.trait:0_45_0_1	biolink:PhenotypicQuality	0.45-0.1	BacDive_Cell_length	1
kgmicrobe.trait:0_45_0_5	biolink:PhenotypicQuality	0.45-0.5	BacDive_Cell_width	1
kgmicrobe.trait:0_45_0_6	biolink:PhenotypicQuality	0.45-0.6	BacDive_Cell_length	1
kgmicrobe.trait:0_45_0_68	biolink:PhenotypicQuality	0.45-0.68	BacDive_Cell_width	1
kgmicrobe.trait:0_46_0_74	biolink:PhenotypicQuality	0.46-0.74	BacDive_Cell_length	1
kgmicrobe.trait:0_47_0_78	biolink:PhenotypicQuality	0.47-0.78	BacDive_Cell_width	1
kgmicrobe.trait:0_47_1_6	biolink:PhenotypicQuality	0.47-1.6	BacDive_Cell_width	1
kgmicrobe.trait:0_48	biolink:PhenotypicQuality	0.48	BacDive_Cell_width	1
kgmicrobe.trait:0_485	biolink:PhenotypicQuality	0.485	BacDive_Cell_width	1
kgmicrobe.trait:0_48_0_51	biolink:PhenotypicQuality	0.48-0.51	BacDive_Cell_width	1
kgmicrobe.trait:0_48_0_62	biolink:PhenotypicQuality	0.48-0.62	BacDive_Cell_length	1
kgmicrobe.trait:0_48_0_9	biolink:PhenotypicQuality	0.48-0.9	BacDive_Cell_width	1
kgmicrobe.trait:0_49_0_52	biolink:PhenotypicQuality	0.49-0.52	BacDive_Cell_width	1
kgmicrobe.trait:0_49_2	biolink:PhenotypicQuality	0.49-2	BacDive_Cell_length	1
kgmicrobe.trait:0_4_06	biolink:PhenotypicQuality	0-4.06	BacDive_Salt_concentration	1
kgmicrobe.trait:0_4_0_44	biolink:PhenotypicQuality	0.4-0.44	BacDive_Cell_width	1
kgmicrobe.trait:0_4_0_55	biolink:PhenotypicQuality	0.4-0.55	BacDive_Cell_width	1
kgmicrobe.trait:0_4_0_77	biolink:PhenotypicQuality	0.4-0.77	BacDive_Cell_width	1
kgmicrobe.trait:0_4_0_85	biolink:PhenotypicQuality	0.4-0.85	BacDive_Cell_width	1
kgmicrobe.trait:0_4_1_7	biolink:PhenotypicQuality	0.4-1.7	BacDive_Colony_size	1
kgmicrobe.trait:0_4_1_8	biolink:PhenotypicQuality	0.4-1.8	BacDive_Cell_length	1
kgmicrobe.trait:0_4_2	biolink:PhenotypicQuality	0.4-2	BacDive_Cell_length	1
kgmicrobe.trait:0_4_20	biolink:PhenotypicQuality	0.4-20	BacDive_Cell_length	1
kgmicrobe.trait:0_4_25	biolink:PhenotypicQuality	0-4.25	BacDive_Salt_concentration	1
kgmicrobe.trait:0_4_2_0	biolink:PhenotypicQuality	0.4-2.0	BacDive_Cell_length	1
kgmicrobe.trait:0_4_2_3	biolink:PhenotypicQuality	0.4-2.3	BacDive_Colony_size	1
kgmicrobe.trait:0_4_2_6	biolink:PhenotypicQuality	0.4-2.6	BacDive_Cell_length	1
kgmicrobe.trait:0_4_2_8	biolink:PhenotypicQuality	0.4-2.8	BacDive_Colony_size	1
kgmicrobe.trait:0_4_4	biolink:PhenotypicQuality	0-4.4	BacDive_Salt_concentration	1
kgmicrobe.trait:0_4_4_2	biolink:PhenotypicQuality	0.4-4.2	BacDive_Salt_concentration	1
kgmicrobe.trait:0_4_5_0	biolink:PhenotypicQuality	0.4-5.0	BacDive_Cell_length	1
kgmicrobe.trait:0_4_64	biolink:PhenotypicQuality	0-4.64	BacDive_Salt_concentration	1
kgmicrobe.trait:0_4_6_9	biolink:PhenotypicQuality	0.4-6.9	BacDive_Salt_concentration	1
kgmicrobe.trait:0_4_7_5	biolink:PhenotypicQuality	0.4-7.5	BacDive_Salt_concentration	1
kgmicrobe.trait:0_4_8_0	biolink:PhenotypicQuality	0.4-8.0	BacDive_Cell_length	1
kgmicrobe.trait:0_4_9	biolink:PhenotypicQuality	0-4.9	BacDive_Salt_concentration	1
kgmicrobe.trait:0_50_0_57	biolink:PhenotypicQuality	0.50-0.57	BacDive_Cell_length	1
kgmicrobe.trait:0_53_0_63	biolink:PhenotypicQuality	0.53-0.63	BacDive_Cell_width	1
kgmicrobe.trait:0_55_1	biolink:PhenotypicQuality	0.55-1	BacDive_Salt_concentration	1
kgmicrobe.trait:0_55_1_13	biolink:PhenotypicQuality	0.55-1.13	BacDive_Cell_width	1
kgmicrobe.trait:0_56_0_84	biolink:PhenotypicQuality	0.56-0.84	BacDive_Cell_length	1
kgmicrobe.trait:0_575	biolink:PhenotypicQuality	0.575	BacDive_Cell_width	1
kgmicrobe.trait:0_57_0_71	biolink:PhenotypicQuality	0.57-0.71	BacDive_Cell_width	1
kgmicrobe.trait:0_57_0_75	biolink:PhenotypicQuality	0.57-0.75	BacDive_Cell_width	1
kgmicrobe.trait:0_57_1_25	biolink:PhenotypicQuality	0.57-1.25	BacDive_Colony_size	1
kgmicrobe.trait:0_57_1_67	biolink:PhenotypicQuality	0.57-1.67	BacDive_Cell_length	1
kgmicrobe.trait:0_58_0_63	biolink:PhenotypicQuality	0.58-0.63	BacDive_Cell_length	1
kgmicrobe.trait:0_58_0_84	biolink:PhenotypicQuality	0.58-0.84	BacDive_Cell_width	1
kgmicrobe.trait:0_58_0_85	biolink:PhenotypicQuality	0.58-0.85	BacDive_Cell_width	1
kgmicrobe.trait:0_58_2_9	biolink:PhenotypicQuality	0.58-2.9	BacDive_Salt_concentration	1
kgmicrobe.trait:0_58_8_7	biolink:PhenotypicQuality	0.58-8.7	BacDive_Salt_concentration	1
kgmicrobe.trait:0_59_1_41	biolink:PhenotypicQuality	0.59-1.41	BacDive_Cell_width	1
kgmicrobe.trait:0_59_1_74	biolink:PhenotypicQuality	0.59-1.74	BacDive_Cell_length	1
kgmicrobe.trait:0_59_2_07	biolink:PhenotypicQuality	0.59-2.07	BacDive_Cell_length	1
kgmicrobe.trait:0_5_0_55	biolink:PhenotypicQuality	0.5-0.55	BacDive_Cell_width	1
kgmicrobe.trait:0_5_0_65	biolink:PhenotypicQuality	0.5-0.65	BacDive_Cell_length	1
kgmicrobe.trait:0_5_0_68	biolink:PhenotypicQuality	0.5-0.68	BacDive_Cell_length	1
kgmicrobe.trait:0_5_0_95	biolink:PhenotypicQuality	0.5-0.95	BacDive_Cell_length	1
kgmicrobe.trait:0_5_0_96	biolink:PhenotypicQuality	0.5-0.96	BacDive_Cell_width	1
kgmicrobe.trait:0_5_12_0	biolink:PhenotypicQuality	0.5-12.0	BacDive_Salt_concentration	1
kgmicrobe.trait:0_5_12_5	biolink:PhenotypicQuality	0.5-12.5	BacDive_Salt_concentration	1
kgmicrobe.trait:0_5_13_0	biolink:PhenotypicQuality	0.5-13.0	BacDive_Salt_concentration	1
kgmicrobe.trait:0_5_16_5	biolink:PhenotypicQuality	0.5-16.5	BacDive_Salt_concentration	1
kgmicrobe.trait:0_5_18_0	biolink:PhenotypicQuality	0.5-18.0	BacDive_Salt_concentration	1
kgmicrobe.trait:0_5_1_9	biolink:PhenotypicQuality	0.5-1.9	BacDive_Salt_concentration	1
kgmicrobe.trait:0_5_21	biolink:PhenotypicQuality	0.5-21	BacDive_Salt_concentration	1
kgmicrobe.trait:0_5_24	biolink:PhenotypicQuality	0.5-24	BacDive_Salt_concentration	1
kgmicrobe.trait:0_5_27	biolink:PhenotypicQuality	0.5-27	BacDive_Salt_concentration	1
kgmicrobe.trait:0_5_2_1	biolink:PhenotypicQuality	0.5-2.1	BacDive_Cell_length	1
kgmicrobe.trait:0_5_2_4	biolink:PhenotypicQuality	0.5-2.4	BacDive_Cell_length	1
kgmicrobe.trait:0_5_2_6	biolink:PhenotypicQuality	0.5-2.6	BacDive_Salt_concentration	1
kgmicrobe.trait:0_5_2_7	biolink:PhenotypicQuality	0.5-2.7	BacDive_Cell_length	1
kgmicrobe.trait:0_5_5_7	biolink:PhenotypicQuality	0.5-5.7	BacDive_Salt_concentration	1
kgmicrobe.trait:0_5_9_5	biolink:PhenotypicQuality	0.5-9.5	BacDive_Salt_concentration	1
kgmicrobe.trait:0_5_9_6	biolink:PhenotypicQuality	0.5-9.6	BacDive_Salt_concentration	1
kgmicrobe.trait:0_60	biolink:PhenotypicQuality	0-60	BacDive_Salt_concentration	1
kgmicrobe.trait:0_605	biolink:PhenotypicQuality	0.605	BacDive_Cell_length	1
kgmicrobe.trait:0_61_0_75	biolink:PhenotypicQuality	0.61-0.75	BacDive_Cell_width	1
kgmicrobe.trait:0_62_0_70	biolink:PhenotypicQuality	0.62-0.70	BacDive_Cell_width	1
kgmicrobe.trait:0_62_0_75	biolink:PhenotypicQuality	0.62-0.75	BacDive_Cell_width	1
kgmicrobe.trait:0_62_0_78	biolink:PhenotypicQuality	0.62-0.78	BacDive_Cell_width	1
kgmicrobe.trait:0_62_0_85	biolink:PhenotypicQuality	0.62-0.85	BacDive_Cell_width	1
kgmicrobe.trait:0_63_0_7	biolink:PhenotypicQuality	0.63-0.7	BacDive_Cell_width	1
kgmicrobe.trait:0_63_0_81	biolink:PhenotypicQuality	0.63-0.81	BacDive_Cell_width	1
kgmicrobe.trait:0_63_0_96	biolink:PhenotypicQuality	0.63-0.96	BacDive_Cell_length	1
kgmicrobe.trait:0_63_1_08	biolink:PhenotypicQuality	0.63-1.08	BacDive_Cell_length	1
kgmicrobe.trait:0_63_1_4	biolink:PhenotypicQuality	0.63-1.4	BacDive_Cell_length	1
kgmicrobe.trait:0_64_0_78	biolink:PhenotypicQuality	0.64-0.78	BacDive_Cell_width	1
kgmicrobe.trait:0_64_0_81	biolink:PhenotypicQuality	0.64-0.81	BacDive_Cell_width	1
kgmicrobe.trait:0_64_1_16	biolink:PhenotypicQuality	0.64-1.16	BacDive_Cell_length	1
kgmicrobe.trait:0_64_2_55	biolink:PhenotypicQuality	0.64-2.55	BacDive_Cell_length	1
kgmicrobe.trait:0_65_0_70	biolink:PhenotypicQuality	0.65-0.70	BacDive_Cell_length	1
kgmicrobe.trait:0_65_0_77	biolink:PhenotypicQuality	0.65-0.77	BacDive_Cell_width	1
kgmicrobe.trait:0_65_0_85	biolink:PhenotypicQuality	0.65-0.85	BacDive_Cell_width	1
kgmicrobe.trait:0_65_0_95	biolink:PhenotypicQuality	0.65-0.95	BacDive_Cell_width	1
kgmicrobe.trait:0_65_10	biolink:PhenotypicQuality	0.65-10	BacDive_Cell_length	1
kgmicrobe.trait:0_65_1_1	biolink:PhenotypicQuality	0.65-1.1	BacDive_Cell_width	1
kgmicrobe.trait:0_675	biolink:PhenotypicQuality	0.675	BacDive_Cell_width	1
kgmicrobe.trait:0_67_0_70	biolink:PhenotypicQuality	0.67-0.70	BacDive_Cell_width	1
kgmicrobe.trait:0_67_1_01	biolink:PhenotypicQuality	0.67-1.01	BacDive_Cell_length	1
kgmicrobe.trait:0_68_0_76	biolink:PhenotypicQuality	0.68-0.76	BacDive_Cell_width	1
kgmicrobe.trait:0_68_1_22	biolink:PhenotypicQuality	0.68-1.22	BacDive_Cell_length	1
kgmicrobe.trait:0_6_08	biolink:PhenotypicQuality	0.6-08	BacDive_Cell_length	1
kgmicrobe.trait:0_6_0_64	biolink:PhenotypicQuality	0.6-0.64	BacDive_Cell_width	1
kgmicrobe.trait:0_6_0_78	biolink:PhenotypicQuality	0.6-0.78	BacDive_Cell_width	1
kgmicrobe.trait:0_6_10_0	biolink:PhenotypicQuality	0.6-10.0	BacDive_Cell_length	1
kgmicrobe.trait:0_6_16	biolink:PhenotypicQuality	0.6-16	BacDive_Cell_length	1
kgmicrobe.trait:0_6_1_9	biolink:PhenotypicQuality	0.6-1.9	BacDive_Colony_size	1
kgmicrobe.trait:0_6_20	biolink:PhenotypicQuality	0.6-20	BacDive_Salt_concentration	1
kgmicrobe.trait:0_6_2_3	biolink:PhenotypicQuality	0.6-2.3	BacDive_Cell_width	1
kgmicrobe.trait:0_6_2_5	biolink:PhenotypicQuality	0.6-2.5	BacDive_Cell_length	1
kgmicrobe.trait:0_6_3	biolink:PhenotypicQuality	0.6-3	BacDive_Cell_length	1
kgmicrobe.trait:0_6_3_4	biolink:PhenotypicQuality	0.6-3.4	BacDive_Cell_length	1
kgmicrobe.trait:0_6_3_5	biolink:PhenotypicQuality	0.6-3.5	BacDive_Cell_length	1
kgmicrobe.trait:0_6_4	biolink:PhenotypicQuality	0.6-4	BacDive_Cell_length	1
kgmicrobe.trait:0_6_4_0	biolink:PhenotypicQuality	0.6-4.0	BacDive_Cell_width	1
kgmicrobe.trait:0_6_5_0	biolink:PhenotypicQuality	0.6-5.0	BacDive_Cell_length	1
kgmicrobe.trait:0_6_5_7	biolink:PhenotypicQuality	0.6-5.7	BacDive_Cell_length	1
kgmicrobe.trait:0_6_6	biolink:PhenotypicQuality	0.6-6	BacDive_Salt_concentration	1
kgmicrobe.trait:0_6_8	biolink:PhenotypicQuality	0-6.8	BacDive_Salt_concentration	1
kgmicrobe.trait:0_71	biolink:PhenotypicQuality	0.71	BacDive_Cell_width	1
kgmicrobe.trait:0_71_0_76	biolink:PhenotypicQuality	0.71-0.76	BacDive_Cell_width	1
kgmicrobe.trait:0_71_0_77	biolink:PhenotypicQuality	0.71-0.77	BacDive_Cell_width	1
kgmicrobe.trait:0_71_0_86	biolink:PhenotypicQuality	0.71-0.86	BacDive_Cell_width	1
kgmicrobe.trait:0_71_1_03	biolink:PhenotypicQuality	0.71-1.03	BacDive_Cell_width	1
kgmicrobe.trait:0_71_days	biolink:PhenotypicQuality	0.71 days	BacDive_Incubation_period	1
kgmicrobe.trait:0_72_1_09	biolink:PhenotypicQuality	0.72-1.09	BacDive_Cell_width	1
kgmicrobe.trait:0_73_0_97	biolink:PhenotypicQuality	0.73-0.97	BacDive_Cell_length	1
kgmicrobe.trait:0_74_0_93	biolink:PhenotypicQuality	0.74-0.93	BacDive_Cell_width	1
kgmicrobe.trait:0_75_10	biolink:PhenotypicQuality	0.75-10	BacDive_Salt_concentration	1
kgmicrobe.trait:0_75_1_00	biolink:PhenotypicQuality	0.75-1.00	BacDive_Colony_size	1
kgmicrobe.trait:0_75_1_5	biolink:PhenotypicQuality	0.75-1.5	BacDive_Cell_length	1
kgmicrobe.trait:0_75_2	biolink:PhenotypicQuality	0.75-2	BacDive_Cell_length	1
kgmicrobe.trait:0_76_1_09	biolink:PhenotypicQuality	0.76-1.09	BacDive_Salt_concentration	1
kgmicrobe.trait:0_76_1_20	biolink:PhenotypicQuality	0.76-1.20	BacDive_Cell_width	1
kgmicrobe.trait:0_76_1_54	biolink:PhenotypicQuality	0.76-1.54	BacDive_Cell_width	1
kgmicrobe.trait:0_76_2_47	biolink:PhenotypicQuality	0.76-2.47	BacDive_Cell_length	1
kgmicrobe.trait:0_77	biolink:PhenotypicQuality	0.77	BacDive_Cell_width	1
kgmicrobe.trait:0_77_1_15	biolink:PhenotypicQuality	0.77-1.15	BacDive_Cell_length	1
kgmicrobe.trait:0_78_0_84	biolink:PhenotypicQuality	0.78-0.84	BacDive_Cell_width	1
kgmicrobe.trait:0_79_1_48	biolink:PhenotypicQuality	0.79-1.48	BacDive_Cell_length	1
kgmicrobe.trait:0_7_0_1	biolink:PhenotypicQuality	0.7-0.1	BacDive_Cell_width	1
kgmicrobe.trait:0_7_10	biolink:PhenotypicQuality	0.7-10	BacDive_Cell_length	1
kgmicrobe.trait:0_7_1_04	biolink:PhenotypicQuality	0.7-1.04	BacDive_Cell_width	1
kgmicrobe.trait:0_7_1_17	biolink:PhenotypicQuality	0.7-1.17	BacDive_Cell_width	1
kgmicrobe.trait:0_7_1_25	biolink:PhenotypicQuality	0.7-1.25	BacDive_Cell_width	1
kgmicrobe.trait:0_7_2_2	biolink:PhenotypicQuality	0.7-2.2	BacDive_Cell_length	1
kgmicrobe.trait:0_7_2_4	biolink:PhenotypicQuality	0.7-2.4	BacDive_Cell_length	1
kgmicrobe.trait:0_7_2_7	biolink:PhenotypicQuality	0.7-2.7	BacDive_Cell_length	1
kgmicrobe.trait:0_7_2_9	biolink:PhenotypicQuality	0.7-2.9	BacDive_Cell_length	1
kgmicrobe.trait:0_7_4_5	biolink:PhenotypicQuality	0.7-4.5	BacDive_Cell_length	1
kgmicrobe.trait:0_7_54	biolink:PhenotypicQuality	0-7.54	BacDive_Salt_concentration	1
kgmicrobe.trait:0_7_7	biolink:PhenotypicQuality	0.7-7	BacDive_Cell_length	1
kgmicrobe.trait:0_7_8	biolink:PhenotypicQuality	0.7-8	BacDive_Cell_length	1
kgmicrobe.trait:0_80	biolink:PhenotypicQuality	0-80	BacDive_Salt_concentration	1
kgmicrobe.trait:0_81	biolink:PhenotypicQuality	0.81	BacDive_Cell_width	1
kgmicrobe.trait:0_82	biolink:PhenotypicQuality	0.82	BacDive_Cell_width	1
kgmicrobe.trait:0_82_0_84	biolink:PhenotypicQuality	0.82-0.84	BacDive_Cell_width	1
kgmicrobe.trait:0_82_0_93	biolink:PhenotypicQuality	0.82-0.93	BacDive_Cell_width	1
kgmicrobe.trait:0_832	biolink:PhenotypicQuality	0.832	BacDive_Cell_length	1
kgmicrobe.trait:0_83_0_08	biolink:PhenotypicQuality	0.83-0.08	BacDive_Cell_width	1
kgmicrobe.trait:0_85_8	biolink:PhenotypicQuality	0.85-8	BacDive_Salt_concentration	1
kgmicrobe.trait:0_889	biolink:PhenotypicQuality	0.889	BacDive_Cell_length	1
kgmicrobe.trait:0_88_2_45	biolink:PhenotypicQuality	0.88-2.45	BacDive_Cell_length	1
kgmicrobe.trait:0_89_1_63	biolink:PhenotypicQuality	0.89-1.63	BacDive_Cell_length	1
kgmicrobe.trait:0_89_1_96	biolink:PhenotypicQuality	0.89-1.96	BacDive_Cell_length	1
kgmicrobe.trait:0_8_09	biolink:PhenotypicQuality	0.8-09	BacDive_Cell_length	1
kgmicrobe.trait:0_8_0_89	biolink:PhenotypicQuality	0.8-0.89	BacDive_Cell_width	1
kgmicrobe.trait:0_8_14	biolink:PhenotypicQuality	0.8-14	BacDive_Salt_concentration	1
kgmicrobe.trait:0_8_1_25	biolink:PhenotypicQuality	0.8-1.25	BacDive_Cell_length	1
kgmicrobe.trait:0_8_2_1	biolink:PhenotypicQuality	0.8-2.1	BacDive_Cell_length	1
kgmicrobe.trait:0_8_2_6	biolink:PhenotypicQuality	0.8-2.6	BacDive_Cell_length	1
kgmicrobe.trait:0_8_35_8	biolink:PhenotypicQuality	0.8-35.8	BacDive_Cell_length	1
kgmicrobe.trait:0_8_3_1	biolink:PhenotypicQuality	0.8-3.1	BacDive_Cell_length	1
kgmicrobe.trait:0_8_3_2	biolink:PhenotypicQuality	0.8-3.2	BacDive_Cell_length	1
kgmicrobe.trait:0_8_3_5	biolink:PhenotypicQuality	0.8-3.5	BacDive_Cell_length	1
kgmicrobe.trait:0_8_3_6	biolink:PhenotypicQuality	0.8-3.6	BacDive_Cell_length	1
kgmicrobe.trait:0_8_4	biolink:PhenotypicQuality	0.8-4	BacDive_Cell_length	1
kgmicrobe.trait:0_8_4_0	biolink:PhenotypicQuality	0.8-4.0	BacDive_Cell_length	1
kgmicrobe.trait:0_8_4_3	biolink:PhenotypicQuality	0.8-4.3	BacDive_Cell_length	1
kgmicrobe.trait:0_8_4_5	biolink:PhenotypicQuality	0.8-4.5	BacDive_Salt_concentration	1
kgmicrobe.trait:0_8_4_6	biolink:PhenotypicQuality	0.8-4.6	BacDive_Salt_concentration	1
kgmicrobe.trait:0_8_53	biolink:PhenotypicQuality	0.8-53	BacDive_Salt_concentration	1
kgmicrobe.trait:0_8_5_4	biolink:PhenotypicQuality	0.8-5.4	BacDive_Salt_concentration	1
kgmicrobe.trait:0_8_5_5	biolink:PhenotypicQuality	0.8-5.5	BacDive_Salt_concentration	1
kgmicrobe.trait:0_8_6_5	biolink:PhenotypicQuality	0.8-6.5	BacDive_Cell_length	1
kgmicrobe.trait:0_8_70	biolink:PhenotypicQuality	0.8-70	BacDive_Salt_concentration	1
kgmicrobe.trait:0_8_9	biolink:PhenotypicQuality	0.8-9	BacDive_Cell_length	1
kgmicrobe.trait:0_90	biolink:PhenotypicQuality	0.90	BacDive_Salt_concentration	1
kgmicrobe.trait:0_915	biolink:PhenotypicQuality	0.915	BacDive_Cell_width	1
kgmicrobe.trait:0_91_1_0	biolink:PhenotypicQuality	0.91-1.0	BacDive_Cell_length	1
kgmicrobe.trait:0_92	biolink:PhenotypicQuality	0.92	BacDive_Cell_length	1
kgmicrobe.trait:0_925	biolink:PhenotypicQuality	0.925	BacDive_Cell_length	1
kgmicrobe.trait:0_92_1_55	biolink:PhenotypicQuality	0.92-1.55	BacDive_Cell_length	1
kgmicrobe.trait:0_94	biolink:PhenotypicQuality	0.94	BacDive_Cell_length	1
kgmicrobe.trait:0_96	biolink:PhenotypicQuality	0.96	BacDive_Cell_width	1
kgmicrobe.trait:0_96_1_30	biolink:PhenotypicQuality	0.96-1.30	BacDive_Cell_width	1
kgmicrobe.trait:0_97	biolink:PhenotypicQuality	0.97	BacDive_Cell_width	1
kgmicrobe.trait:0_97_1_95	biolink:PhenotypicQuality	0.97-1.95	BacDive_Cell_length	1
kgmicrobe.trait:0_98_1_22	biolink:PhenotypicQuality	0.98-1-22	BacDive_Cell_length	1
kgmicrobe.trait:0_9_2	biolink:PhenotypicQuality	0.9-2	BacDive_Cell_length	1
kgmicrobe.trait:0_9_2_3	biolink:PhenotypicQuality	0.9-2.3	BacDive_Cell_length	1
kgmicrobe.trait:0_9_2_4	biolink:PhenotypicQuality	0.9-2.4	BacDive_Cell_length	1
kgmicrobe.trait:0_9_2_8	biolink:PhenotypicQuality	0.9-2.8	BacDive_Cell_length	1
kgmicrobe.trait:0_9_2_9	biolink:PhenotypicQuality	0.9-2.9	BacDive_Cell_length	1
kgmicrobe.trait:0_9_3_6	biolink:PhenotypicQuality	0.9-3.6	BacDive_Salt_concentration	1
kgmicrobe.trait:0_9_4_8	biolink:PhenotypicQuality	0.9-4.8	BacDive_Salt_concentration	1
kgmicrobe.trait:0_9_4_9	biolink:PhenotypicQuality	0.9-4.9	BacDive_Cell_length	1
kgmicrobe.trait:0_9_5_0	biolink:PhenotypicQuality	0.9-5.0	BacDive_Salt_concentration	1
kgmicrobe.trait:0_9_5_9	biolink:PhenotypicQuality	0.9-5.9	BacDive_Cell_length	1
kgmicrobe.trait:0_9_6_0	biolink:PhenotypicQuality	0.9-6.0	BacDive_Cell_length	1
kgmicrobe.trait:0_9_6_5	biolink:PhenotypicQuality	0.9-6.5	BacDive_Cell_length	1
kgmicrobe.trait:0_9_8_8	biolink:PhenotypicQuality	0.9-8.8	BacDive_Cell_length	1
kgmicrobe.trait:103	biolink:PhenotypicQuality	103	BacDive_Temperature_for_growth	1
kgmicrobe.trait:105	biolink:PhenotypicQuality	105	BacDive_Cell_length	1
kgmicrobe.trait:10_0_12_0	biolink:PhenotypicQuality	10.0-12.0	BacDive_Salt_concentration	1
kgmicrobe.trait:10_0_20_0	biolink:PhenotypicQuality	10.0-20.0	BacDive_Temperature_for_growth	1
kgmicrobe.trait:10_0_25_0	biolink:PhenotypicQuality	10.0-25.0	BacDive_Temperature_for_growth	1
kgmicrobe.trait:10_0_41_0	biolink:PhenotypicQuality	10.0-41.0	BacDive_Temperature_for_growth	1
kgmicrobe.trait:10_0_43_0	biolink:PhenotypicQuality	10.0-43.0	BacDive_Temperature_for_growth	1
kgmicrobe.trait:10_0_44_0	biolink:PhenotypicQuality	10.0-44.0	BacDive_Temperature_for_growth	1
kgmicrobe.trait:10_0_49_0	biolink:PhenotypicQuality	10.0-49.0	BacDive_Temperature_for_growth	1
kgmicrobe.trait:10_0_52_0	biolink:PhenotypicQuality	10.0-52.0	BacDive_Temperature_for_growth	1
kgmicrobe.trait:10_0_55_0	biolink:PhenotypicQuality	10.0-55.0	BacDive_Temperature_for_growth	1
kgmicrobe.trait:10_0_60_0	biolink:PhenotypicQuality	10.0-60.0	BacDive_Salt_concentration	1
kgmicrobe.trait:10_120	biolink:PhenotypicQuality	10-120	BacDive_Salt_concentration	1
kgmicrobe.trait:10_13	biolink:PhenotypicQuality	10-13	BacDive_Salt_concentration	1
kgmicrobe.trait:10_15_days	biolink:PhenotypicQuality	10-15 days	BacDive_Incubation_period	1
kgmicrobe.trait:10_17	biolink:PhenotypicQuality	10-17	BacDive_Cell_length	1
kgmicrobe.trait:10_1_14_6	biolink:PhenotypicQuality	10.1-14.6	BacDive_Cell_length	1
kgmicrobe.trait:10_23	biolink:PhenotypicQuality	10-23	BacDive_Temperature_for_growth	1
kgmicrobe.trait:10_27	biolink:PhenotypicQuality	10-27	BacDive_Temperature_for_growth	1
kgmicrobe.trait:10_42_5	biolink:PhenotypicQuality	10-42.5	BacDive_Temperature_for_growth	1
kgmicrobe.trait:10_44_34_8	biolink:PhenotypicQuality	10.44-34.8	BacDive_Salt_concentration	1
kgmicrobe.trait:10_47_5	biolink:PhenotypicQuality	10-47.5	BacDive_Temperature_for_growth	1
kgmicrobe.trait:10_53	biolink:PhenotypicQuality	10-53	BacDive_Temperature_for_growth	1
kgmicrobe.trait:10_5_30_2	biolink:PhenotypicQuality	10.5-30.2	BacDive_Temperature_for_growth	1
kgmicrobe.trait:10_5_35	biolink:PhenotypicQuality	10.5-35	BacDive_Temperature_for_growth	1
kgmicrobe.trait:10_6	biolink:PhenotypicQuality	10.6	BacDive_Cell_length	1
kgmicrobe.trait:10_65	biolink:PhenotypicQuality	10-65	BacDive_Temperature_for_growth	1
kgmicrobe.trait:10_7_26_7	biolink:PhenotypicQuality	10.7-26.7	BacDive_Cell_length	1
kgmicrobe.trait:10_80	biolink:PhenotypicQuality	>10-80	BacDive_Salt_concentration	1
kgmicrobe.trait:11_0_36_0	biolink:PhenotypicQuality	11.0-36.0	BacDive_Temperature_for_growth	1
kgmicrobe.trait:11_0_52_5	biolink:PhenotypicQuality	11.0-52.5	BacDive_Temperature_for_growth	1
kgmicrobe.trait:11_19	biolink:PhenotypicQuality	11-19	BacDive_Salt_concentration	1
kgmicrobe.trait:11_21_days	biolink:PhenotypicQuality	11-21 days	BacDive_Incubation_period	1
kgmicrobe.trait:11_38	biolink:PhenotypicQuality	11-38	BacDive_Temperature_for_growth	1
kgmicrobe.trait:11_42	biolink:PhenotypicQuality	11-42	BacDive_Temperature_for_growth	1
kgmicrobe.trait:11_49	biolink:PhenotypicQuality	11-49	BacDive_Temperature_for_growth	1
kgmicrobe.trait:11_6_25	biolink:PhenotypicQuality	11.6-25	BacDive_Salt_concentration	1
kgmicrobe.trait:11_7_16_7	biolink:PhenotypicQuality	11.7-16.7	BacDive_Cell_length	1
kgmicrobe.trait:11_8	biolink:PhenotypicQuality	11.8	BacDive_Cell_length	1
kgmicrobe.trait:11_days	biolink:PhenotypicQuality	11 days	BacDive_Incubation_period	1
kgmicrobe.trait:12_0	biolink:PhenotypicQuality	12.0	BacDive_Salt_concentration	1
kgmicrobe.trait:12_0_14_0	biolink:PhenotypicQuality	12.0-14.0	BacDive_Salt_concentration	1
kgmicrobe.trait:12_0_15_0	biolink:PhenotypicQuality	12.0-15.0	BacDive_Salt_concentration	1
kgmicrobe.trait:12_0_30_0	biolink:PhenotypicQuality	12.0-30.0	BacDive_Salt_concentration	1
kgmicrobe.trait:12_0_36_0	biolink:PhenotypicQuality	12.0-36.0	BacDive_Temperature_for_growth	1
kgmicrobe.trait:12_0_37_0	biolink:PhenotypicQuality	12.0-37.0	BacDive_Temperature_for_growth	1
kgmicrobe.trait:12_0_38_0	biolink:PhenotypicQuality	12.0-38.0	BacDive_Temperature_for_growth	1
kgmicrobe.trait:12_0_43_0	biolink:PhenotypicQuality	12.0-43.0	BacDive_Temperature_for_growth	1
kgmicrobe.trait:12_0_46_0	biolink:PhenotypicQuality	12.0-46.0	BacDive_Temperature_for_growth	1
kgmicrobe.trait:12_17_days	biolink:PhenotypicQuality	12-17 days	BacDive_Incubation_period	1
kgmicrobe.trait:12_18_30	biolink:PhenotypicQuality	12.18-30	BacDive_Salt_concentration	1
kgmicrobe.trait:12_23	biolink:PhenotypicQuality	12-23	BacDive_Temperature_for_growth	1
kgmicrobe.trait:12_25	biolink:PhenotypicQuality	12-25	BacDive_Salt_concentration	1
kgmicrobe.trait:12_28	biolink:PhenotypicQuality	12-28	BacDive_Salt_concentration	1
kgmicrobe.trait:12_29	biolink:PhenotypicQuality	12-29	BacDive_Temperature_for_growth	1
kgmicrobe.trait:12_39	biolink:PhenotypicQuality	12-39	BacDive_Temperature_for_growth	1
kgmicrobe.trait:12_49	biolink:PhenotypicQuality	12-49	BacDive_Temperature_for_growth	1
kgmicrobe.trait:12_5_30	biolink:PhenotypicQuality	12.5-30	BacDive_Salt_concentration	1
kgmicrobe.trait:12_6_15_4	biolink:PhenotypicQuality	12.6-15.4	BacDive_Cell_length	1
kgmicrobe.trait:12_75	biolink:PhenotypicQuality	12.75	BacDive_Salt_concentration	1
kgmicrobe.trait:12_76_19_72	biolink:PhenotypicQuality	12.76-19.72	BacDive_Salt_concentration	1
kgmicrobe.trait:12_99	biolink:PhenotypicQuality	12-99	BacDive_Salt_concentration	1
kgmicrobe.trait:135	biolink:PhenotypicQuality	135	BacDive_Salt_concentration	1
kgmicrobe.trait:13_25	biolink:PhenotypicQuality	13.25	BacDive_Cell_length	1
kgmicrobe.trait:13_28	biolink:PhenotypicQuality	13-28	BacDive_Temperature_for_growth	1
kgmicrobe.trait:13_32	biolink:PhenotypicQuality	13-32	BacDive_Temperature_for_growth	1
kgmicrobe.trait:13_33	biolink:PhenotypicQuality	13-33	BacDive_Temperature_for_growth	1
kgmicrobe.trait:13_34	biolink:PhenotypicQuality	13-34	BacDive_Temperature_for_growth	1
kgmicrobe.trait:13_35	biolink:PhenotypicQuality	13-35	BacDive_Temperature_for_growth	1
kgmicrobe.trait:13_43	biolink:PhenotypicQuality	13-43	BacDive_Temperature_for_growth	1
kgmicrobe.trait:13_44	biolink:PhenotypicQuality	13-44	BacDive_Temperature_for_growth	1
kgmicrobe.trait:13_47	biolink:PhenotypicQuality	13-47	BacDive_Temperature_for_growth	1
kgmicrobe.trait:13_48	biolink:PhenotypicQuality	13-48	BacDive_Temperature_for_growth	1
kgmicrobe.trait:13_5	biolink:PhenotypicQuality	13.5	BacDive_Salt_concentration	1
kgmicrobe.trait:13_50	biolink:PhenotypicQuality	13-50	BacDive_Temperature_for_growth	1
kgmicrobe.trait:13_55	biolink:PhenotypicQuality	13-55	BacDive_Temperature_for_growth	1
kgmicrobe.trait:13_75	biolink:PhenotypicQuality	13.75	BacDive_Cell_length	1
kgmicrobe.trait:13_days	biolink:PhenotypicQuality	13 days	BacDive_Incubation_period	1
kgmicrobe.trait:14_27	biolink:PhenotypicQuality	14-27	BacDive_Temperature_for_growth	1
kgmicrobe.trait:14_32	biolink:PhenotypicQuality	14-32	BacDive_Temperature_for_growth	1
kgmicrobe.trait:14_34	biolink:PhenotypicQuality	14-34	BacDive_Temperature_for_growth	1
kgmicrobe.trait:14_35	biolink:PhenotypicQuality	14-35	BacDive_Temperature_for_growth	1
kgmicrobe.trait:14_41	biolink:PhenotypicQuality	14-41	BacDive_Temperature_for_growth	1
kgmicrobe.trait:14_44	biolink:PhenotypicQuality	14-44	BacDive_Temperature_for_growth	1
kgmicrobe.trait:14_5	biolink:PhenotypicQuality	14.5	BacDive_Salt_concentration	1
kgmicrobe.trait:14_5_19_72	biolink:PhenotypicQuality	14.5-19.72	BacDive_Salt_concentration	1
kgmicrobe.trait:14_5_47_0	biolink:PhenotypicQuality	14.5-47.0	BacDive_Temperature_for_growth	1
kgmicrobe.trait:14_8_20_2	biolink:PhenotypicQuality	14.8-20.2	BacDive_Cell_length	1
kgmicrobe.trait:15_08_17_98	biolink:PhenotypicQuality	15.08-17.98	BacDive_Salt_concentration	1
kgmicrobe.trait:15_08_19_72	biolink:PhenotypicQuality	15.08-19.72	BacDive_Salt_concentration	1
kgmicrobe.trait:15_08_29_58	biolink:PhenotypicQuality	15.08-29.58	BacDive_Salt_concentration	1
kgmicrobe.trait:15_0_32_0	biolink:PhenotypicQuality	15.0-32.0	BacDive_Temperature_for_growth	1
kgmicrobe.trait:15_0_34_0	biolink:PhenotypicQuality	15.0-34.0	BacDive_Temperature_for_growth	1
kgmicrobe.trait:15_26	biolink:PhenotypicQuality	15-26	BacDive_Temperature_for_growth	1
kgmicrobe.trait:15_300	biolink:PhenotypicQuality	15-300	BacDive_Cell_length	1
kgmicrobe.trait:15_31	biolink:PhenotypicQuality	15-31	BacDive_Temperature_for_growth	1
kgmicrobe.trait:15_39	biolink:PhenotypicQuality	15-39	BacDive_Temperature_for_growth	1
kgmicrobe.trait:16_0	biolink:PhenotypicQuality	16.0	BacDive_Temperature_for_growth	1
kgmicrobe.trait:16_0_42_0	biolink:PhenotypicQuality	16.0-42.0	BacDive_Temperature_for_growth	1
kgmicrobe.trait:16_0_45_0	biolink:PhenotypicQuality	16.0-45.0	BacDive_Temperature_for_growth	1
kgmicrobe.trait:16_22	biolink:PhenotypicQuality	16-22	BacDive_Temperature_for_growth	1
kgmicrobe.trait:16_32	biolink:PhenotypicQuality	16-32	BacDive_Temperature_for_growth	1
kgmicrobe.trait:16_34	biolink:PhenotypicQuality	16-34	BacDive_Temperature_for_growth	1
kgmicrobe.trait:16_43	biolink:PhenotypicQuality	16-43	BacDive_Temperature_for_growth	1
kgmicrobe.trait:16_47	biolink:PhenotypicQuality	16-47	BacDive_Temperature_for_growth	1
kgmicrobe.trait:16_5	biolink:PhenotypicQuality	16.5	BacDive_Cell_length	1
kgmicrobe.trait:16_51	biolink:PhenotypicQuality	16-51	BacDive_Temperature_for_growth	1
kgmicrobe.trait:16_55	biolink:PhenotypicQuality	16-55	BacDive_Temperature_for_growth	1
kgmicrobe.trait:16_5_38	biolink:PhenotypicQuality	16.5-38	BacDive_Temperature_for_growth	1
kgmicrobe.trait:17_0_55_0	biolink:PhenotypicQuality	17.0-55.0	BacDive_Temperature_for_growth	1
kgmicrobe.trait:17_30	biolink:PhenotypicQuality	17-30	BacDive_Temperature_for_growth	1
kgmicrobe.trait:17_36	biolink:PhenotypicQuality	17-36	BacDive_Temperature_for_growth	1
kgmicrobe.trait:17_38	biolink:PhenotypicQuality	17-38	BacDive_Temperature_for_growth	1
kgmicrobe.trait:17_39	biolink:PhenotypicQuality	17-39	BacDive_Temperature_for_growth	1
kgmicrobe.trait:17_41	biolink:PhenotypicQuality	17-41	BacDive_Temperature_for_growth	1
kgmicrobe.trait:17_44	biolink:PhenotypicQuality	17-44	BacDive_Temperature_for_growth	1
kgmicrobe.trait:17_47	biolink:PhenotypicQuality	17-47	BacDive_Temperature_for_growth	1
kgmicrobe.trait:17_49	biolink:PhenotypicQuality	17-49	BacDive_Temperature_for_growth	1
kgmicrobe.trait:17_5	biolink:PhenotypicQuality	17.5	BacDive_Cell_length	1
kgmicrobe.trait:17_50	biolink:PhenotypicQuality	17-50	BacDive_Temperature_for_growth	1
kgmicrobe.trait:17_5g_l	biolink:PhenotypicQuality	17.5g/L	BacDive_Salt_concentration	1
kgmicrobe.trait:17_days	biolink:PhenotypicQuality	17 days	BacDive_Incubation_period	1
kgmicrobe.trait:18_0	biolink:PhenotypicQuality	18.0	BacDive_Salt_concentration	1
kgmicrobe.trait:18_0_35_0	biolink:PhenotypicQuality	18.0-35.0	BacDive_Temperature_for_growth	1
kgmicrobe.trait:18_24	biolink:PhenotypicQuality	18-24	BacDive_Temperature_for_growth	1
kgmicrobe.trait:18_27	biolink:PhenotypicQuality	18.27	BacDive_Salt_concentration	1
kgmicrobe.trait:18_28	biolink:PhenotypicQuality	18-28	BacDive_Temperature_for_growth	1
kgmicrobe.trait:18_41	biolink:PhenotypicQuality	18-41	BacDive_Temperature_for_growth	1
kgmicrobe.trait:18_44	biolink:PhenotypicQuality	18-44	BacDive_Temperature_for_growth	1
kgmicrobe.trait:18_55	biolink:PhenotypicQuality	18-55	BacDive_Temperature_for_growth	1
kgmicrobe.trait:18_85	biolink:PhenotypicQuality	18.85	BacDive_Salt_concentration	1
kgmicrobe.trait:18_days	biolink:PhenotypicQuality	18 days	BacDive_Incubation_period	1
kgmicrobe.trait:19_24	biolink:PhenotypicQuality	19-24	BacDive_Temperature_for_growth	1
kgmicrobe.trait:19_36	biolink:PhenotypicQuality	19-36	BacDive_Temperature_for_growth	1
kgmicrobe.trait:19_37	biolink:PhenotypicQuality	19-37	BacDive_Temperature_for_growth	1
kgmicrobe.trait:19_38	biolink:PhenotypicQuality	19-38	BacDive_Temperature_for_growth	1
kgmicrobe.trait:19_52	biolink:PhenotypicQuality	19-52	BacDive_Temperature_for_growth	1
kgmicrobe.trait:1_00	biolink:PhenotypicQuality	1.00	BacDive_Colony_size	1
kgmicrobe.trait:1_04	biolink:PhenotypicQuality	1.04	BacDive_Salt_concentration	1
kgmicrobe.trait:1_05_1_17	biolink:PhenotypicQuality	1.05-1.17	BacDive_Cell_length	1
kgmicrobe.trait:1_06_1_92	biolink:PhenotypicQuality	1.06-1.92	BacDive_Cell_length	1
kgmicrobe.trait:1_06_2_24	biolink:PhenotypicQuality	1.06-2.24	BacDive_Cell_length	1
kgmicrobe.trait:1_07	biolink:PhenotypicQuality	1.07	BacDive_Cell_length	1
kgmicrobe.trait:1_07_1_46	biolink:PhenotypicQuality	1.07-1.46	BacDive_Cell_length	1
kgmicrobe.trait:1_08	biolink:PhenotypicQuality	1.08	BacDive_Cell_length	1
kgmicrobe.trait:1_08_1_34	biolink:PhenotypicQuality	1.08-1.34	BacDive_Cell_length	1
kgmicrobe.trait:1_08_1_74	biolink:PhenotypicQuality	1.08-1.74	BacDive_Cell_width	1
kgmicrobe.trait:1_09_1_38	biolink:PhenotypicQuality	1.09-1.38	BacDive_Cell_length	1
kgmicrobe.trait:1_0_10	biolink:PhenotypicQuality	1.0-10	BacDive_Salt_concentration	1
kgmicrobe.trait:1_0_12	biolink:PhenotypicQuality	1.0-12	BacDive_Salt_concentration	1
kgmicrobe.trait:1_0_16_0	biolink:PhenotypicQuality	1.0-16.0	BacDive_Salt_concentration	1
kgmicrobe.trait:1_0_18_0	biolink:PhenotypicQuality	1.0-18.0	BacDive_Salt_concentration	1
kgmicrobe.trait:1_0_1_12	biolink:PhenotypicQuality	1.0-1.12	BacDive_Cell_length	1
kgmicrobe.trait:1_0_2	biolink:PhenotypicQuality	1.0-2	BacDive_Cell_length	1
kgmicrobe.trait:1_0_21_0	biolink:PhenotypicQuality	1.0-21.0	BacDive_Salt_concentration	1
kgmicrobe.trait:1_0_23_0	biolink:PhenotypicQuality	1.0-23.0	BacDive_Salt_concentration	1
kgmicrobe.trait:1_0_24_0	biolink:PhenotypicQuality	1.0-24.0	BacDive_Salt_concentration	1
kgmicrobe.trait:1_0_25	biolink:PhenotypicQuality	1-0.25	BacDive_Cell_length	1
kgmicrobe.trait:1_0_28_0	biolink:PhenotypicQuality	1.0-28.0	BacDive_Temperature_for_growth	1
kgmicrobe.trait:1_0_3_1	biolink:PhenotypicQuality	1.0-3.1	BacDive_Cell_length	1
kgmicrobe.trait:1_0_3_3	biolink:PhenotypicQuality	1.0-3.3	BacDive_Cell_length	1
kgmicrobe.trait:1_0_3_7	biolink:PhenotypicQuality	1.0-3.7	BacDive_Cell_length	1
kgmicrobe.trait:1_0_58	biolink:PhenotypicQuality	1-0.58	BacDive_Cell_width	1
kgmicrobe.trait:1_0_5_5	biolink:PhenotypicQuality	1.0-5.5	BacDive_Salt_concentration	1
kgmicrobe.trait:1_0_8_5	biolink:PhenotypicQuality	1.0-8.5	BacDive_Cell_length	1
kgmicrobe.trait:1_105	biolink:PhenotypicQuality	1.105	BacDive_Cell_width	1
kgmicrobe.trait:1_13_1_16	biolink:PhenotypicQuality	1.13-1.16	BacDive_Cell_length	1
kgmicrobe.trait:1_14_1_38	biolink:PhenotypicQuality	1.14-1.38	BacDive_Cell_length	1
kgmicrobe.trait:1_16_17_4	biolink:PhenotypicQuality	1.16-17.4	BacDive_Salt_concentration	1
kgmicrobe.trait:1_16_7_54	biolink:PhenotypicQuality	1.16-7.54	BacDive_Salt_concentration	1
kgmicrobe.trait:1_175	biolink:PhenotypicQuality	1.175	BacDive_Cell_length	1
kgmicrobe.trait:1_17_4_42	biolink:PhenotypicQuality	1.17-4.42	BacDive_Cell_length	1
kgmicrobe.trait:1_1_1_25	biolink:PhenotypicQuality	1.1-1.25	BacDive_Cell_length	1
kgmicrobe.trait:1_1_1_9	biolink:PhenotypicQuality	1.1-1.9	BacDive_Cell_length	1
kgmicrobe.trait:1_1_25	biolink:PhenotypicQuality	1-1.25	BacDive_Cell_length	1
kgmicrobe.trait:1_1_2_2	biolink:PhenotypicQuality	1.1-2.2	BacDive_Cell_length	1
kgmicrobe.trait:1_1_2_7	biolink:PhenotypicQuality	1.1-2.7	BacDive_Cell_length	1
kgmicrobe.trait:1_1_34	biolink:PhenotypicQuality	1-1.34	BacDive_Colony_size	1
kgmicrobe.trait:1_1_3_0	biolink:PhenotypicQuality	1.1-3.0	BacDive_Cell_length	1
kgmicrobe.trait:1_1_3_5	biolink:PhenotypicQuality	1.1-3.5	BacDive_Cell_length	1
kgmicrobe.trait:1_1_3_6	biolink:PhenotypicQuality	1.1-3.6	BacDive_Cell_length	1
kgmicrobe.trait:1_1_3_8	biolink:PhenotypicQuality	1.1-3.8	BacDive_Colony_size	1
kgmicrobe.trait:1_1_3_9	biolink:PhenotypicQuality	1.1-3.9	BacDive_Cell_length	1
kgmicrobe.trait:1_1_45	biolink:PhenotypicQuality	1-1.45	BacDive_Cell_length	1
kgmicrobe.trait:1_1_55	biolink:PhenotypicQuality	1-1.55	BacDive_Colony_size	1
kgmicrobe.trait:1_1_5_3	biolink:PhenotypicQuality	1.1-5.3	BacDive_Cell_length	1
kgmicrobe.trait:1_1_5_9	biolink:PhenotypicQuality	1.1-5.9	BacDive_Cell_length	1
kgmicrobe.trait:1_1_7_5	biolink:PhenotypicQuality	1.1-7.5	BacDive_Cell_length	1
kgmicrobe.trait:1_201	biolink:PhenotypicQuality	1.201	BacDive_Salt_concentration	1
kgmicrobe.trait:1_20_1_45	biolink:PhenotypicQuality	1.20-1.45	BacDive_Cell_length	1
kgmicrobe.trait:1_20_2_44	biolink:PhenotypicQuality	1.20-2.44	BacDive_Cell_length	1
kgmicrobe.trait:1_21	biolink:PhenotypicQuality	1-21	BacDive_Salt_concentration	1
kgmicrobe.trait:1_225	biolink:PhenotypicQuality	1.225	BacDive_Cell_length	1
kgmicrobe.trait:1_22_1_31	biolink:PhenotypicQuality	1.22-1.31	BacDive_Cell_width	1
kgmicrobe.trait:1_23	biolink:PhenotypicQuality	1-23	BacDive_Salt_concentration	1
kgmicrobe.trait:1_25_1_5	biolink:PhenotypicQuality	1.25-1.5	BacDive_Cell_width	1
kgmicrobe.trait:1_25_25	biolink:PhenotypicQuality	1.25-25	BacDive_Cell_length	1
kgmicrobe.trait:1_25_2_0	biolink:PhenotypicQuality	1.25-2.0	BacDive_Cell_length	1
kgmicrobe.trait:1_25_2_3	biolink:PhenotypicQuality	1.25-2.3	BacDive_Cell_length	1
kgmicrobe.trait:1_25_5	biolink:PhenotypicQuality	1.25-5	BacDive_Salt_concentration	1
kgmicrobe.trait:1_26	biolink:PhenotypicQuality	1.26	BacDive_Cell_length	1
kgmicrobe.trait:1_26_1_80	biolink:PhenotypicQuality	1.26-1.80	BacDive_Cell_length	1
kgmicrobe.trait:1_28_1_96	biolink:PhenotypicQuality	1.28-1.96	BacDive_Cell_length	1
kgmicrobe.trait:1_28_2_42	biolink:PhenotypicQuality	1.28-2.42	BacDive_Cell_length	1
kgmicrobe.trait:1_2_15_0	biolink:PhenotypicQuality	1.2-15.0	BacDive_Cell_length	1
kgmicrobe.trait:1_2_30	biolink:PhenotypicQuality	1.2-30	BacDive_Salt_concentration	1
kgmicrobe.trait:1_2_3_1	biolink:PhenotypicQuality	1.2-3.1	BacDive_Cell_length	1
kgmicrobe.trait:1_2_3_4	biolink:PhenotypicQuality	1.2-3.4	BacDive_Cell_length	1
kgmicrobe.trait:1_2_3_6	biolink:PhenotypicQuality	1.2-3.6	BacDive_Cell_length	1
kgmicrobe.trait:1_2_3_7	biolink:PhenotypicQuality	1.2-3.7	BacDive_Cell_length	1
kgmicrobe.trait:1_2_3_9	biolink:PhenotypicQuality	1.2-3.9	BacDive_Cell_length	1
kgmicrobe.trait:1_2_55	biolink:PhenotypicQuality	1-2.55	BacDive_Colony_size	1
kgmicrobe.trait:1_2_5_8	biolink:PhenotypicQuality	1.2-5.8	BacDive_Salt_concentration	1
kgmicrobe.trait:1_2_5_9	biolink:PhenotypicQuality	1.2-5.9	BacDive_Cell_length	1
kgmicrobe.trait:1_2_8_5	biolink:PhenotypicQuality	1.2-8.5	BacDive_Cell_length	1
kgmicrobe.trait:1_305	biolink:PhenotypicQuality	1.305	BacDive_Cell_length	1
kgmicrobe.trait:1_31	biolink:PhenotypicQuality	1.31	BacDive_Cell_length	1
kgmicrobe.trait:1_33	biolink:PhenotypicQuality	1.33	BacDive_Cell_length	1
kgmicrobe.trait:1_34	biolink:PhenotypicQuality	1.34	BacDive_Cell_length	1
kgmicrobe.trait:1_35_1_65	biolink:PhenotypicQuality	1.35-1.65	BacDive_Colony_size	1
kgmicrobe.trait:1_37	biolink:PhenotypicQuality	1-37	BacDive_Temperature_for_growth	1
kgmicrobe.trait:1_38_3_4	biolink:PhenotypicQuality	1.38-3.4	BacDive_Cell_length	1
kgmicrobe.trait:1_39_2_04	biolink:PhenotypicQuality	1.39-2.04	BacDive_Cell_length	1
kgmicrobe.trait:1_3_12_5	biolink:PhenotypicQuality	1.3-12.5	BacDive_Cell_length	1
kgmicrobe.trait:1_3_15	biolink:PhenotypicQuality	1.3-15	BacDive_Cell_length	1
kgmicrobe.trait:1_3_25_3	biolink:PhenotypicQuality	1.3-25.3	BacDive_Salt_concentration	1
kgmicrobe.trait:1_3_2_45	biolink:PhenotypicQuality	1.3-2.45	BacDive_Cell_length	1
kgmicrobe.trait:1_3_2_9	biolink:PhenotypicQuality	1.3-2.9	BacDive_Cell_length	1
kgmicrobe.trait:1_3_3_1	biolink:PhenotypicQuality	1.3-3.1	BacDive_Cell_length	1
kgmicrobe.trait:1_3_3_2	biolink:PhenotypicQuality	1.3-3.2	BacDive_Cell_length	1
kgmicrobe.trait:1_3_3_24	biolink:PhenotypicQuality	1.3-3.24	BacDive_Cell_length	1
kgmicrobe.trait:1_3_3_6	biolink:PhenotypicQuality	1.3-3.6	BacDive_Cell_length	1
kgmicrobe.trait:1_3_4_0	biolink:PhenotypicQuality	1.3-4.0	BacDive_Cell_length	1
kgmicrobe.trait:1_3_4_7	biolink:PhenotypicQuality	1.3-4.7	BacDive_Cell_length	1
kgmicrobe.trait:1_3_5_9	biolink:PhenotypicQuality	1.3-5.9	BacDive_Cell_length	1
kgmicrobe.trait:1_3_8_5	biolink:PhenotypicQuality	1.3-8.5	BacDive_Cell_length	1
kgmicrobe.trait:1_3_9_2	biolink:PhenotypicQuality	1.3-9.2	BacDive_Cell_length	1
kgmicrobe.trait:1_40_1_79	biolink:PhenotypicQuality	1.40-1.79	BacDive_Cell_length	1
kgmicrobe.trait:1_42	biolink:PhenotypicQuality	1.42	BacDive_Salt_concentration	1
kgmicrobe.trait:1_42_3_37	biolink:PhenotypicQuality	1.42-3.37	BacDive_Cell_length	1
kgmicrobe.trait:1_435	biolink:PhenotypicQuality	1.435	BacDive_Cell_length	1
kgmicrobe.trait:1_43_3_5	biolink:PhenotypicQuality	1.43-3.5	BacDive_Cell_length	1
kgmicrobe.trait:1_46	biolink:PhenotypicQuality	1.46	BacDive_Salt_concentration	1
kgmicrobe.trait:1_46_3_95	biolink:PhenotypicQuality	1.46-3.95	BacDive_Cell_length	1
kgmicrobe.trait:1_47	biolink:PhenotypicQuality	1.47	BacDive_Cell_length	1
kgmicrobe.trait:1_48_1_68	biolink:PhenotypicQuality	1.48-1.68	BacDive_Cell_length	1
kgmicrobe.trait:1_48_2_99	biolink:PhenotypicQuality	1.48-2.99	BacDive_Cell_length	1
kgmicrobe.trait:1_49	biolink:PhenotypicQuality	1.49	BacDive_Salt_concentration	1
kgmicrobe.trait:1_4_0	biolink:PhenotypicQuality	1-4.0	BacDive_Salt_concentration	1
kgmicrobe.trait:1_4_15	biolink:PhenotypicQuality	1.4-15	BacDive_Cell_length	1
kgmicrobe.trait:1_4_20	biolink:PhenotypicQuality	1.4-20	BacDive_Cell_length	1
kgmicrobe.trait:1_4_25	biolink:PhenotypicQuality	1.4-25	BacDive_Salt_concentration	1
kgmicrobe.trait:1_4_2_1	biolink:PhenotypicQuality	1.4-2.1	BacDive_Cell_length	1
kgmicrobe.trait:1_4_2_4	biolink:PhenotypicQuality	1.4-2.4	BacDive_Cell_width	1
kgmicrobe.trait:1_4_2_9	biolink:PhenotypicQuality	1.4-2.9	BacDive_Cell_length	1
kgmicrobe.trait:1_4_3	biolink:PhenotypicQuality	1.4-3	BacDive_Cell_length	1
kgmicrobe.trait:1_4_3_0	biolink:PhenotypicQuality	1.4-3.0	BacDive_Cell_length	1
kgmicrobe.trait:1_4_4	biolink:PhenotypicQuality	1.4-4	BacDive_Cell_length	1
kgmicrobe.trait:1_4_4_0	biolink:PhenotypicQuality	1.4-4.0	BacDive_Colony_size	1
kgmicrobe.trait:1_4_4_6	biolink:PhenotypicQuality	1.4-4.6	BacDive_Cell_length	1
kgmicrobe.trait:1_4_55_0	biolink:PhenotypicQuality	1.4-55.0	BacDive_Cell_length	1
kgmicrobe.trait:1_4_5_0	biolink:PhenotypicQuality	1.4-5.0	BacDive_Cell_length	1
kgmicrobe.trait:1_4_5_5	biolink:PhenotypicQuality	1.4-5.5	BacDive_pH_for_growth	1
kgmicrobe.trait:1_4_5_8	biolink:PhenotypicQuality	1.4-5-8	BacDive_Cell_length	1
kgmicrobe.trait:1_4_6_0	biolink:PhenotypicQuality	1.4-6.0	BacDive_Cell_length	1
kgmicrobe.trait:1_4_7	biolink:PhenotypicQuality	1-4.7	BacDive_Cell_length	1
kgmicrobe.trait:1_4_8	biolink:PhenotypicQuality	1.4-8	BacDive_Cell_length	1
kgmicrobe.trait:1_50_1_63	biolink:PhenotypicQuality	1.50-1.63	BacDive_Cell_length	1
kgmicrobe.trait:1_50_4_00	biolink:PhenotypicQuality	1.50-4.00	BacDive_Cell_length	1
kgmicrobe.trait:1_51	biolink:PhenotypicQuality	1.51	BacDive_Cell_length	1
kgmicrobe.trait:1_525	biolink:PhenotypicQuality	1.525	BacDive_Cell_width	1
kgmicrobe.trait:1_52_1_83	biolink:PhenotypicQuality	1.52-1.83	BacDive_Cell_length	1
kgmicrobe.trait:1_52_3_07	biolink:PhenotypicQuality	1.52-3.07	BacDive_Cell_length	1
kgmicrobe.trait:1_56_1_71	biolink:PhenotypicQuality	1.56-1.71	BacDive_Cell_length	1
kgmicrobe.trait:1_57	biolink:PhenotypicQuality	1.57	BacDive_Cell_length	1
kgmicrobe.trait:1_59_3_56	biolink:PhenotypicQuality	1.59-3.56	BacDive_Cell_length	1
kgmicrobe.trait:1_5_0	biolink:PhenotypicQuality	1-5.0	BacDive_Salt_concentration	1
kgmicrobe.trait:1_5_15_0	biolink:PhenotypicQuality	1.5-15.0	BacDive_Cell_length	1
kgmicrobe.trait:1_5_20_0	biolink:PhenotypicQuality	1.5-20.0	BacDive_Cell_length	1
kgmicrobe.trait:1_5_2_7	biolink:PhenotypicQuality	1.5-2.7	BacDive_Cell_length	1
kgmicrobe.trait:1_5_2_9	biolink:PhenotypicQuality	1.5-2.9	BacDive_Cell_length	1
kgmicrobe.trait:1_5_3_6	biolink:PhenotypicQuality	1.5-3.6	BacDive_Cell_length	1
kgmicrobe.trait:1_5_3_7	biolink:PhenotypicQuality	1.5-3.7	BacDive_Cell_length	1
kgmicrobe.trait:1_5_3_8	biolink:PhenotypicQuality	1.5-3.8	BacDive_Salt_concentration	1
kgmicrobe.trait:1_5_4_1	biolink:PhenotypicQuality	1.5-4.1	BacDive_Cell_length	1
kgmicrobe.trait:1_5_4_2	biolink:PhenotypicQuality	1.5-4.2	BacDive_Cell_length	1
kgmicrobe.trait:1_5_4_4	biolink:PhenotypicQuality	1.5-4.4	BacDive_Cell_length	1
kgmicrobe.trait:1_5_4_6	biolink:PhenotypicQuality	1.5-4.6	BacDive_Cell_length	1
kgmicrobe.trait:1_5_4_8	biolink:PhenotypicQuality	1.5-4.8	BacDive_Cell_length	1
kgmicrobe.trait:1_5_5_2	biolink:PhenotypicQuality	1.5-5.2	BacDive_Cell_length	1
kgmicrobe.trait:1_5_7_0	biolink:PhenotypicQuality	1.5-7.0	BacDive_Salt_concentration	1
kgmicrobe.trait:1_5_9	biolink:PhenotypicQuality	1.5-9	BacDive_Salt_concentration	1
kgmicrobe.trait:1_62	biolink:PhenotypicQuality	1.62	BacDive_Cell_length	1
kgmicrobe.trait:1_64_3_21	biolink:PhenotypicQuality	1.64-3.21	BacDive_Cell_length	1
kgmicrobe.trait:1_655	biolink:PhenotypicQuality	1.655	BacDive_Cell_length	1
kgmicrobe.trait:1_65_3_41	biolink:PhenotypicQuality	1.65-3.41	BacDive_Cell_length	1
kgmicrobe.trait:1_66_2_21	biolink:PhenotypicQuality	1.66-2.21	BacDive_Cell_length	1
kgmicrobe.trait:1_66_2_91	biolink:PhenotypicQuality	1.66-2.91	BacDive_Cell_length	1
kgmicrobe.trait:1_675	biolink:PhenotypicQuality	1.675	BacDive_Cell_length	1
kgmicrobe.trait:1_6_10	biolink:PhenotypicQuality	1.6-10	BacDive_Cell_length	1
kgmicrobe.trait:1_6_10_5	biolink:PhenotypicQuality	1.6-10.5	BacDive_Cell_length	1
kgmicrobe.trait:1_6_12_5	biolink:PhenotypicQuality	1.6-12.5	BacDive_Cell_length	1
kgmicrobe.trait:1_6_2_9	biolink:PhenotypicQuality	1.6-2.9	BacDive_Cell_length	1
kgmicrobe.trait:1_6_3	biolink:PhenotypicQuality	1.6-3	BacDive_Cell_length	1
kgmicrobe.trait:1_6_3_1	biolink:PhenotypicQuality	1.6-3.1	BacDive_Cell_length	1
kgmicrobe.trait:1_6_3_4	biolink:PhenotypicQuality	1.6-3.4	BacDive_Cell_length	1
kgmicrobe.trait:1_6_3_9	biolink:PhenotypicQuality	1.6-3.9	BacDive_Cell_length	1
kgmicrobe.trait:1_6_4_5	biolink:PhenotypicQuality	1.6-4.5	BacDive_Cell_length	1
kgmicrobe.trait:1_6_5_2	biolink:PhenotypicQuality	1.6-5.2	BacDive_Cell_length	1
kgmicrobe.trait:1_6_5_4	biolink:PhenotypicQuality	1.6-5.4	BacDive_Cell_length	1
kgmicrobe.trait:1_6_6_4	biolink:PhenotypicQuality	1.6-6.4	BacDive_Cell_length	1
kgmicrobe.trait:1_6_96	biolink:PhenotypicQuality	1-6.96	BacDive_Salt_concentration	1
kgmicrobe.trait:1_72	biolink:PhenotypicQuality	1.72	BacDive_Cell_length	1
kgmicrobe.trait:1_74_23_2	biolink:PhenotypicQuality	1.74-23.2	BacDive_Salt_concentration	1
kgmicrobe.trait:1_74_2_32	biolink:PhenotypicQuality	1.74-2.32	BacDive_Salt_concentration	1
kgmicrobe.trait:1_75_3_6	biolink:PhenotypicQuality	1.75-3.6	BacDive_Cell_length	1
kgmicrobe.trait:1_75_days	biolink:PhenotypicQuality	1.75 days	BacDive_Incubation_period	1
kgmicrobe.trait:1_76_3_04	biolink:PhenotypicQuality	1.76-3.04	BacDive_Cell_length	1
kgmicrobe.trait:1_76_3_64	biolink:PhenotypicQuality	1.76-3.64	BacDive_Cell_length	1
kgmicrobe.trait:1_7_10_0	biolink:PhenotypicQuality	1.7-10.0	BacDive_Cell_length	1
kgmicrobe.trait:1_7_10_5	biolink:PhenotypicQuality	1.7-10.5	BacDive_Cell_length	1
kgmicrobe.trait:1_7_16	biolink:PhenotypicQuality	1.7-16	BacDive_Cell_length	1
kgmicrobe.trait:1_7_2_2	biolink:PhenotypicQuality	1.7-2.2	BacDive_Cell_length	1
kgmicrobe.trait:1_7_3	biolink:PhenotypicQuality	1.7-3	BacDive_Cell_length	1
kgmicrobe.trait:1_7_3_1	biolink:PhenotypicQuality	1.7-3.1	BacDive_Cell_length	1
kgmicrobe.trait:1_7_3_2	biolink:PhenotypicQuality	1.7-3.2	BacDive_Cell_length	1
kgmicrobe.trait:1_7_3_3	biolink:PhenotypicQuality	1.7-3.3	BacDive_Cell_length	1
kgmicrobe.trait:1_7_3_7	biolink:PhenotypicQuality	1.7-3.7	BacDive_Salt_concentration	1
kgmicrobe.trait:1_7_4_0	biolink:PhenotypicQuality	1.7-4.0	BacDive_Cell_length	1
kgmicrobe.trait:1_7_4_5	biolink:PhenotypicQuality	1.7-4.5	BacDive_Cell_length	1
kgmicrobe.trait:1_7_4_6	biolink:PhenotypicQuality	1.7-4.6	BacDive_Salt_concentration	1
kgmicrobe.trait:1_7_5_5	biolink:PhenotypicQuality	1.7-5.5	BacDive_Salt_concentration	1
kgmicrobe.trait:1_7_5_7	biolink:PhenotypicQuality	1.7-5.7	BacDive_Cell_length	1
kgmicrobe.trait:1_7_6	biolink:PhenotypicQuality	1.7-6	BacDive_Salt_concentration	1
kgmicrobe.trait:1_7_7	biolink:PhenotypicQuality	1.7-7	BacDive_Salt_concentration	1
kgmicrobe.trait:1_7_7_0	biolink:PhenotypicQuality	1.7-7.0	BacDive_Salt_concentration	1
kgmicrobe.trait:1_7_9_4	biolink:PhenotypicQuality	1.7-9.4	BacDive_Cell_length	1
kgmicrobe.trait:1_82_6_05	biolink:PhenotypicQuality	1.82-6.05	BacDive_Cell_width	1
kgmicrobe.trait:1_87_2_75	biolink:PhenotypicQuality	1.87-2.75	BacDive_Cell_length	1
kgmicrobe.trait:1_8_10	biolink:PhenotypicQuality	-1.8-10	BacDive_Temperature_for_growth	1
kgmicrobe.trait:1_8_16	biolink:PhenotypicQuality	-1.8-16	BacDive_Temperature_for_growth	1
kgmicrobe.trait:1_8_19	biolink:PhenotypicQuality	-1.8-19	BacDive_Temperature_for_growth	1
kgmicrobe.trait:1_8_1_9	biolink:PhenotypicQuality	1.8-1.9	BacDive_Cell_length	1
kgmicrobe.trait:1_8_26	biolink:PhenotypicQuality	-1.8-26	BacDive_Temperature_for_growth	1
kgmicrobe.trait:1_8_27	biolink:PhenotypicQuality	-1.8-27	BacDive_Temperature_for_growth	1
kgmicrobe.trait:1_8_3_3	biolink:PhenotypicQuality	1.8-3.3	BacDive_Cell_length	1
kgmicrobe.trait:1_8_4_0	biolink:PhenotypicQuality	1.8-4.0	BacDive_Cell_length	1
kgmicrobe.trait:1_8_4_6	biolink:PhenotypicQuality	1.8-4.6	BacDive_Cell_length	1
kgmicrobe.trait:1_8_5_5	biolink:PhenotypicQuality	1.8-5.5	BacDive_Cell_length	1
kgmicrobe.trait:1_8_6_0	biolink:PhenotypicQuality	1.8-6.0	BacDive_Cell_length	1
kgmicrobe.trait:1_8_6_8	biolink:PhenotypicQuality	1.8-6.8	BacDive_Cell_length	1
kgmicrobe.trait:1_8_6_9	biolink:PhenotypicQuality	1.8-6.9	BacDive_Cell_length	1
kgmicrobe.trait:1_8_7_0	biolink:PhenotypicQuality	1.8-7.0	BacDive_pH_for_growth	1
kgmicrobe.trait:1_8_7_8	biolink:PhenotypicQuality	1.8-7.8	BacDive_Cell_length	1
kgmicrobe.trait:1_8_8	biolink:PhenotypicQuality	1.8-8	BacDive_Cell_length	1
kgmicrobe.trait:1_8_8_5	biolink:PhenotypicQuality	1.8-8.5	BacDive_Cell_length	1
kgmicrobe.trait:1_91_2_45	biolink:PhenotypicQuality	1.91-2.45	BacDive_Cell_length	1
kgmicrobe.trait:1_93_2_28	biolink:PhenotypicQuality	1.93-2.28	BacDive_Cell_length	1
kgmicrobe.trait:1_95_2_05	biolink:PhenotypicQuality	1.95-2.05	BacDive_Cell_length	1
kgmicrobe.trait:1_97_2_54	biolink:PhenotypicQuality	1.97-2.54	BacDive_Cell_length	1
kgmicrobe.trait:1_98_2_30	biolink:PhenotypicQuality	1.98-2.30	BacDive_Cell_length	1
kgmicrobe.trait:1_9_2_0	biolink:PhenotypicQuality	1.9-2.0	BacDive_Cell_length	1
kgmicrobe.trait:1_9_2_3	biolink:PhenotypicQuality	1.9-2.3	BacDive_Cell_width	1
kgmicrobe.trait:1_9_2_9	biolink:PhenotypicQuality	1.9-2.9	BacDive_Cell_length	1
kgmicrobe.trait:1_9_3_1	biolink:PhenotypicQuality	1.9-3.1	BacDive_Cell_length	1
kgmicrobe.trait:1_9_3_2	biolink:PhenotypicQuality	1.9-3.2	BacDive_Cell_length	1
kgmicrobe.trait:1_9_3_3	biolink:PhenotypicQuality	1.9-3.3	BacDive_Cell_length	1
kgmicrobe.trait:1_9_3_6	biolink:PhenotypicQuality	1.9-3.6	BacDive_Cell_width	1
kgmicrobe.trait:1_9_3_8	biolink:PhenotypicQuality	1.9-3.8	BacDive_Cell_length	1
kgmicrobe.trait:1_9_4_0	biolink:PhenotypicQuality	1.9-4.0	BacDive_Cell_length	1
kgmicrobe.trait:1_9_4_1	biolink:PhenotypicQuality	1.9-4.1	BacDive_Cell_length	1
kgmicrobe.trait:1_9_4_2	biolink:PhenotypicQuality	1.9-4.2	BacDive_Cell_length	1
kgmicrobe.trait:1_9_4_3	biolink:PhenotypicQuality	1.9-4.3	BacDive_Cell_length	1
kgmicrobe.trait:1_9_4_5	biolink:PhenotypicQuality	1.9-4.5	BacDive_Cell_length	1
kgmicrobe.trait:1_9_5_2	biolink:PhenotypicQuality	1.9-5.2	BacDive_Cell_length	1
kgmicrobe.trait:1_9_5_9	biolink:PhenotypicQuality	1.9-5.9	BacDive_pH_for_growth	1
kgmicrobe.trait:1_9_6_8	biolink:PhenotypicQuality	1.9-6.8	BacDive_Cell_length	1
kgmicrobe.trait:1_chlorobutane	biolink:PhenotypicQuality	1-chlorobutane	BacDive_Metabolite_utilization	1
kgmicrobe.trait:1_chloropropane	biolink:PhenotypicQuality	1-chloropropane	BacDive_Metabolite_utilization	1
kgmicrobe.trait:1_methylphenanthrene	biolink:PhenotypicQuality	1-methylphenanthrene	BacDive_Metabolite_utilization	1
kgmicrobe.trait:200	biolink:PhenotypicQuality	200	BacDive_Cell_length	1
kgmicrobe.trait:20_0_26_0	biolink:PhenotypicQuality	20.0-26.0	BacDive_Salt_concentration	1
kgmicrobe.trait:20_0_34_0	biolink:PhenotypicQuality	20.0-34.0	BacDive_Temperature_for_growth	1
kgmicrobe.trait:20_0_36_0	biolink:PhenotypicQuality	20.0-36.0	BacDive_Temperature_for_growth	1
kgmicrobe.trait:20_0_55_0	biolink:PhenotypicQuality	20.0-55.0	BacDive_Temperature_for_growth	1
kgmicrobe.trait:20_0_60_0	biolink:PhenotypicQuality	20.0-60.0	BacDive_Temperature_for_growth	1
kgmicrobe.trait:20_100	biolink:PhenotypicQuality	20-100	BacDive_Salt_concentration	1
kgmicrobe.trait:20_120	biolink:PhenotypicQuality	20-120	BacDive_Salt_concentration	1
kgmicrobe.trait:20_200	biolink:PhenotypicQuality	20-200	BacDive_Cell_length	1
kgmicrobe.trait:20_25_days	biolink:PhenotypicQuality	20-25 days	BacDive_Incubation_period	1
kgmicrobe.trait:20_26	biolink:PhenotypicQuality	20-26	BacDive_Temperature_for_growth	1
kgmicrobe.trait:20_3	biolink:PhenotypicQuality	20.3	BacDive_Salt_concentration	1
kgmicrobe.trait:20_37_4	biolink:PhenotypicQuality	20-37.4	BacDive_Temperature_for_growth	1
kgmicrobe.trait:20_3_26_1	biolink:PhenotypicQuality	20.3-26.1	BacDive_Salt_concentration	1
kgmicrobe.trait:20_43	biolink:PhenotypicQuality	20-43	BacDive_Temperature_for_growth	1
kgmicrobe.trait:20_51	biolink:PhenotypicQuality	20-51	BacDive_Temperature_for_growth	1
kgmicrobe.trait:20_52	biolink:PhenotypicQuality	20-52	BacDive_Temperature_for_growth	1
kgmicrobe.trait:20_57	biolink:PhenotypicQuality	20-57	BacDive_Temperature_for_growth	1
kgmicrobe.trait:21_17	biolink:PhenotypicQuality	21.17	BacDive_Salt_concentration	1
kgmicrobe.trait:21_24	biolink:PhenotypicQuality	21-24	BacDive_Salt_concentration	1
kgmicrobe.trait:21_25	biolink:PhenotypicQuality	21-25	BacDive_Salt_concentration	1
kgmicrobe.trait:21_25_days	biolink:PhenotypicQuality	21-25 days	BacDive_Incubation_period	1
kgmicrobe.trait:21_28	biolink:PhenotypicQuality	21-28	BacDive_Temperature_for_growth	1
kgmicrobe.trait:21_40	biolink:PhenotypicQuality	21-40	BacDive_Temperature_for_growth	1
kgmicrobe.trait:21_48	biolink:PhenotypicQuality	21-48	BacDive_Temperature_for_growth	1
kgmicrobe.trait:21_5	biolink:PhenotypicQuality	21.5	BacDive_Temperature_for_growth	1
kgmicrobe.trait:22_0	biolink:PhenotypicQuality	>22.0	BacDive_Salt_concentration	1
kgmicrobe.trait:22_0_45_0	biolink:PhenotypicQuality	22.0-45.0	BacDive_Temperature_for_growth	1
kgmicrobe.trait:22_23	biolink:PhenotypicQuality	22-23	BacDive_Temperature_for_growth	1
kgmicrobe.trait:22_33	biolink:PhenotypicQuality	22-33	BacDive_Temperature_for_growth	1
kgmicrobe.trait:22_39	biolink:PhenotypicQuality	22-39	BacDive_Temperature_for_growth	1
kgmicrobe.trait:22_47	biolink:PhenotypicQuality	22-47	BacDive_Temperature_for_growth	1
kgmicrobe.trait:22_50	biolink:PhenotypicQuality	22-50	BacDive_Temperature_for_growth	1
kgmicrobe.trait:22_6	biolink:PhenotypicQuality	22.6	BacDive_Cell_length	1
kgmicrobe.trait:22_60	biolink:PhenotypicQuality	22-60	BacDive_Temperature_for_growth	1
kgmicrobe.trait:23_0_47_0	biolink:PhenotypicQuality	23.0-47.0	BacDive_Temperature_for_growth	1
kgmicrobe.trait:23_2	biolink:PhenotypicQuality	23.2	BacDive_Salt_concentration	1
kgmicrobe.trait:23_20	biolink:PhenotypicQuality	23.20	BacDive_Salt_concentration	1
kgmicrobe.trait:23_39	biolink:PhenotypicQuality	23-39	BacDive_Temperature_for_growth	1
kgmicrobe.trait:23_40	biolink:PhenotypicQuality	23-40	BacDive_Temperature_for_growth	1
kgmicrobe.trait:23_44	biolink:PhenotypicQuality	23-44	BacDive_Temperature_for_growth	1
kgmicrobe.trait:23_5	biolink:PhenotypicQuality	23.5	BacDive_Cell_length	1
kgmicrobe.trait:23_55	biolink:PhenotypicQuality	23-55	BacDive_Temperature_for_growth	1
kgmicrobe.trait:23_57	biolink:PhenotypicQuality	23-57	BacDive_Temperature_for_growth	1
kgmicrobe.trait:23_75	biolink:PhenotypicQuality	23.75	BacDive_Salt_concentration	1
kgmicrobe.trait:24_07	biolink:PhenotypicQuality	24.07	BacDive_Salt_concentration	1
kgmicrobe.trait:24_0_30_0	biolink:PhenotypicQuality	24.0-30.0	BacDive_Temperature_for_growth	1
kgmicrobe.trait:24_0_45_0	biolink:PhenotypicQuality	24.0-45.0	BacDive_Temperature_for_growth	1
kgmicrobe.trait:24_30	biolink:PhenotypicQuality	24-30	BacDive_Temperature_for_growth	1
kgmicrobe.trait:24_35	biolink:PhenotypicQuality	24-35	BacDive_Temperature_for_growth	1
kgmicrobe.trait:24_36	biolink:PhenotypicQuality	24-36	BacDive_Temperature_for_growth	1
kgmicrobe.trait:24_41	biolink:PhenotypicQuality	24-41	BacDive_Temperature_for_growth	1
kgmicrobe.trait:24_46	biolink:PhenotypicQuality	24-46	BacDive_Temperature_for_growth	1
kgmicrobe.trait:24_60	biolink:PhenotypicQuality	24-60	BacDive_Temperature_for_growth	1
kgmicrobe.trait:24_6_34_2	biolink:PhenotypicQuality	24.6-34.2	BacDive_Temperature_for_growth	1
kgmicrobe.trait:25_0_30_0	biolink:PhenotypicQuality	25.0-30.0	BacDive_Temperature_for_growth	1
kgmicrobe.trait:25_0_42_0	biolink:PhenotypicQuality	25.0-42.0	BacDive_Temperature_for_growth	1
kgmicrobe.trait:25_26	biolink:PhenotypicQuality	25-26	BacDive_Temperature_for_growth	1
kgmicrobe.trait:25_36	biolink:PhenotypicQuality	25-36	BacDive_Temperature_for_growth	1
kgmicrobe.trait:25_38	biolink:PhenotypicQuality	25-38	BacDive_Temperature_for_growth	1
kgmicrobe.trait:25_44	biolink:PhenotypicQuality	25-44	BacDive_Temperature_for_growth	1
kgmicrobe.trait:25_48	biolink:PhenotypicQuality	25-48	BacDive_Temperature_for_growth	1
kgmicrobe.trait:25_52	biolink:PhenotypicQuality	25-52	BacDive_Temperature_for_growth	1
kgmicrobe.trait:25_52_5	biolink:PhenotypicQuality	25-52.5	BacDive_Temperature_for_growth	1
kgmicrobe.trait:25_67	biolink:PhenotypicQuality	25-67	BacDive_Temperature_for_growth	1
kgmicrobe.trait:25_75	biolink:PhenotypicQuality	25-75	BacDive_Temperature_for_growth	1
kgmicrobe.trait:26_31	biolink:PhenotypicQuality	26-31	BacDive_Temperature_for_growth	1
kgmicrobe.trait:26_35	biolink:PhenotypicQuality	26-35	BacDive_Temperature_for_growth	1
kgmicrobe.trait:26_36	biolink:PhenotypicQuality	26-36	BacDive_Temperature_for_growth	1
kgmicrobe.trait:26_38	biolink:PhenotypicQuality	26-38	BacDive_Temperature_for_growth	1
kgmicrobe.trait:26_39	biolink:PhenotypicQuality	26-39	BacDive_Temperature_for_growth	1
kgmicrobe.trait:26_43	biolink:PhenotypicQuality	26-43	BacDive_Temperature_for_growth	1
kgmicrobe.trait:26_44	biolink:PhenotypicQuality	26-44	BacDive_Temperature_for_growth	1
kgmicrobe.trait:26_45	biolink:PhenotypicQuality	26-45	BacDive_Temperature_for_growth	1
kgmicrobe.trait:26_46_5	biolink:PhenotypicQuality	26-46.5	BacDive_Temperature_for_growth	1
kgmicrobe.trait:26_55	biolink:PhenotypicQuality	26-55	BacDive_Temperature_for_growth	1
kgmicrobe.trait:26_56	biolink:PhenotypicQuality	26-56	BacDive_Temperature_for_growth	1
kgmicrobe.trait:26_62	biolink:PhenotypicQuality	26-62	BacDive_Temperature_for_growth	1
kgmicrobe.trait:26_70	biolink:PhenotypicQuality	26-70	BacDive_Temperature_for_growth	1
kgmicrobe.trait:27_31	biolink:PhenotypicQuality	27-31	BacDive_Temperature_for_growth	1
kgmicrobe.trait:27_40	biolink:PhenotypicQuality	27-40	BacDive_Temperature_for_growth	1
kgmicrobe.trait:27_41	biolink:PhenotypicQuality	27-41	BacDive_Temperature_for_growth	1
kgmicrobe.trait:27_45	biolink:PhenotypicQuality	27-45	BacDive_Temperature_for_growth	1
kgmicrobe.trait:27_46	biolink:PhenotypicQuality	27-46	BacDive_Temperature_for_growth	1
kgmicrobe.trait:27_5	biolink:PhenotypicQuality	27.5	BacDive_Cell_length	1
kgmicrobe.trait:27_days	biolink:PhenotypicQuality	27 days	BacDive_Incubation_period	1
kgmicrobe.trait:28_0_37_0	biolink:PhenotypicQuality	28.0-37.0	BacDive_Temperature_for_growth	1
kgmicrobe.trait:28_0_40_0	biolink:PhenotypicQuality	28.0-40.0	BacDive_Temperature_for_growth	1
kgmicrobe.trait:28_0_42_0	biolink:PhenotypicQuality	28.0-42.0	BacDive_Temperature_for_growth	1
kgmicrobe.trait:28_0_60_0	biolink:PhenotypicQuality	28.0-60.0	BacDive_Temperature_for_growth	1
kgmicrobe.trait:28_25	biolink:PhenotypicQuality	28-25	BacDive_Temperature_for_growth	1
kgmicrobe.trait:28_41	biolink:PhenotypicQuality	28-41	BacDive_Temperature_for_growth	1
kgmicrobe.trait:28_47	biolink:PhenotypicQuality	28-47	BacDive_Temperature_for_growth	1
kgmicrobe.trait:28_55	biolink:PhenotypicQuality	28-55	BacDive_Temperature_for_growth	1
kgmicrobe.trait:28_60	biolink:PhenotypicQuality	28-60	BacDive_Temperature_for_growth	1
kgmicrobe.trait:28_70	biolink:PhenotypicQuality	28-70	BacDive_Temperature_for_growth	1
kgmicrobe.trait:2_01_2_05	biolink:PhenotypicQuality	2.01-2.05	BacDive_Cell_length	1
kgmicrobe.trait:2_025	biolink:PhenotypicQuality	2.025	BacDive_Cell_length	1
kgmicrobe.trait:2_03	biolink:PhenotypicQuality	2.03	BacDive_Salt_concentration	1
kgmicrobe.trait:2_03_8	biolink:PhenotypicQuality	2.03-8	BacDive_Salt_concentration	1
kgmicrobe.trait:2_09	biolink:PhenotypicQuality	2.09	BacDive_Cell_length	1
kgmicrobe.trait:2_0_10	biolink:PhenotypicQuality	2.0-10	BacDive_Salt_concentration	1
kgmicrobe.trait:2_0_100_0	biolink:PhenotypicQuality	2.0-100.0	BacDive_Cell_length	1
kgmicrobe.trait:2_0_11_0	biolink:PhenotypicQuality	2.0-11.0	BacDive_Cell_length	1
kgmicrobe.trait:2_0_12_4	biolink:PhenotypicQuality	2.0-12.4	BacDive_Cell_length	1
kgmicrobe.trait:2_0_15	biolink:PhenotypicQuality	2.0-15	BacDive_Salt_concentration	1
kgmicrobe.trait:2_0_15_5	biolink:PhenotypicQuality	2.0-15.5	BacDive_Cell_length	1
kgmicrobe.trait:2_0_16_0	biolink:PhenotypicQuality	2.0-16.0	BacDive_Salt_concentration	1
kgmicrobe.trait:2_0_17_0	biolink:PhenotypicQuality	2.0-17.0	BacDive_Cell_length	1
kgmicrobe.trait:2_0_17_5	biolink:PhenotypicQuality	2.0-17.5	BacDive_Salt_concentration	1
kgmicrobe.trait:2_0_18	biolink:PhenotypicQuality	2.0-18	BacDive_Salt_concentration	1
kgmicrobe.trait:2_0_18_0	biolink:PhenotypicQuality	2.0-18.0	BacDive_Salt_concentration	1
kgmicrobe.trait:2_0_1_7	biolink:PhenotypicQuality	2.0-1.7	BacDive_Cell_length	1
kgmicrobe.trait:2_0_20	biolink:PhenotypicQuality	-2.0-20	BacDive_Temperature_for_growth	1
kgmicrobe.trait:2_0_23	biolink:PhenotypicQuality	-2.0-23	BacDive_Temperature_for_growth	1
kgmicrobe.trait:2_0_2_3	biolink:PhenotypicQuality	2.0-2.3	BacDive_Cell_length	1
kgmicrobe.trait:2_0_2_4	biolink:PhenotypicQuality	2.0-2.4	BacDive_Cell_width	1
kgmicrobe.trait:2_0_30	biolink:PhenotypicQuality	2.0-30	BacDive_Salt_concentration	1
kgmicrobe.trait:2_0_3_1	biolink:PhenotypicQuality	2.0-3.1	BacDive_Cell_length	1
kgmicrobe.trait:2_0_3_4	biolink:PhenotypicQuality	2.0-3.4	BacDive_Cell_length	1
kgmicrobe.trait:2_0_3_9	biolink:PhenotypicQuality	2.0-3.9	BacDive_Cell_length	1
kgmicrobe.trait:2_0_4_1	biolink:PhenotypicQuality	2.0-4.1	BacDive_Cell_length	1
kgmicrobe.trait:2_0_5_1	biolink:PhenotypicQuality	2.0-5.1	BacDive_Salt_concentration	1
kgmicrobe.trait:2_0_5_5	biolink:PhenotypicQuality	2.0-5.5	BacDive_Cell_length	1
kgmicrobe.trait:2_0_6_7	biolink:PhenotypicQuality	2.0-6.7	BacDive_Cell_length	1
kgmicrobe.trait:2_10_days	biolink:PhenotypicQuality	2-10 days	BacDive_Incubation_period	1
kgmicrobe.trait:2_12	biolink:PhenotypicQuality	2-12	BacDive_Salt_concentration	1
kgmicrobe.trait:2_14	biolink:PhenotypicQuality	2-14	BacDive_Salt_concentration	1
kgmicrobe.trait:2_14_5	biolink:PhenotypicQuality	2.14-5	BacDive_Cell_length	1
kgmicrobe.trait:2_16	biolink:PhenotypicQuality	2-16	BacDive_Salt_concentration	1
kgmicrobe.trait:2_17	biolink:PhenotypicQuality	2-17	BacDive_Temperature_for_growth	1
kgmicrobe.trait:2_17_5	biolink:PhenotypicQuality	2-17.5	BacDive_Salt_concentration	1
kgmicrobe.trait:2_19	biolink:PhenotypicQuality	2-19	BacDive_Salt_concentration	1
kgmicrobe.trait:2_1_2_3	biolink:PhenotypicQuality	2.1-2.3	BacDive_Cell_length	1
kgmicrobe.trait:2_1_2_4	biolink:PhenotypicQuality	2.1-2.4	BacDive_Salt_concentration	1
kgmicrobe.trait:2_1_2_5	biolink:PhenotypicQuality	2.1-2.5	BacDive_Cell_length	1
kgmicrobe.trait:2_1_3_1	biolink:PhenotypicQuality	2.1-3.1	BacDive_Cell_length	1
kgmicrobe.trait:2_1_3_2	biolink:PhenotypicQuality	2.1-3.2	BacDive_Cell_length	1
kgmicrobe.trait:2_1_3_3	biolink:PhenotypicQuality	2.1-3.3	BacDive_Cell_length	1
kgmicrobe.trait:2_1_3_5	biolink:PhenotypicQuality	2.1-3.5	BacDive_Cell_length	1
kgmicrobe.trait:2_1_3_7	biolink:PhenotypicQuality	2.1-3.7	BacDive_Cell_length	1
kgmicrobe.trait:2_1_4	biolink:PhenotypicQuality	2.1-4	BacDive_Cell_length	1
kgmicrobe.trait:2_1_4_3	biolink:PhenotypicQuality	2.1-4.3	BacDive_Cell_length	1
kgmicrobe.trait:2_1_4_5	biolink:PhenotypicQuality	2.1-4.5	BacDive_Cell_length	1
kgmicrobe.trait:2_1_4_6	biolink:PhenotypicQuality	2.1-4.6	BacDive_Cell_length	1
kgmicrobe.trait:2_1_4_7	biolink:PhenotypicQuality	2.1-4.7	BacDive_Salt_concentration	1
kgmicrobe.trait:2_1_5_1	biolink:PhenotypicQuality	2.1-5.1	BacDive_Cell_length	1
kgmicrobe.trait:2_1_5_3	biolink:PhenotypicQuality	2.1-5.3	BacDive_Colony_size	1
kgmicrobe.trait:2_1_5_6	biolink:PhenotypicQuality	2.1-5.6	BacDive_Cell_length	1
kgmicrobe.trait:2_24_3_84	biolink:PhenotypicQuality	2.24-3.84	BacDive_Cell_length	1
kgmicrobe.trait:2_25_2_75	biolink:PhenotypicQuality	2.25-2.75	BacDive_Cell_length	1
kgmicrobe.trait:2_2_12	biolink:PhenotypicQuality	2.2-12	BacDive_Cell_length	1
kgmicrobe.trait:2_2_2	biolink:PhenotypicQuality	2-2.2	BacDive_Cell_length	1
kgmicrobe.trait:2_2_2_3	biolink:PhenotypicQuality	2.2-2.3	BacDive_Cell_length	1
kgmicrobe.trait:2_2_2_4	biolink:PhenotypicQuality	2.2-2.4	BacDive_Cell_length	1
kgmicrobe.trait:2_2_2_7	biolink:PhenotypicQuality	2.2-2.7	BacDive_Cell_length	1
kgmicrobe.trait:2_2_2_8	biolink:PhenotypicQuality	2.2-2.8	BacDive_Cell_length	1
kgmicrobe.trait:2_2_2_9	biolink:PhenotypicQuality	2.2-2.9	BacDive_Cell_length	1
kgmicrobe.trait:2_2_3_0	biolink:PhenotypicQuality	2.2-3.0	BacDive_Cell_length	1
kgmicrobe.trait:2_2_3_1	biolink:PhenotypicQuality	2.2-3.1	BacDive_Cell_length	1
kgmicrobe.trait:2_2_3_6	biolink:PhenotypicQuality	2.2-3.6	BacDive_Cell_length	1
kgmicrobe.trait:2_2_3_7	biolink:PhenotypicQuality	2.2-3.7	BacDive_Cell_length	1
kgmicrobe.trait:2_2_4	biolink:PhenotypicQuality	2.2-4	BacDive_Colony_size	1
kgmicrobe.trait:2_2_4_2	biolink:PhenotypicQuality	2.2-4.2	BacDive_Cell_length	1
kgmicrobe.trait:2_2_4_5	biolink:PhenotypicQuality	2.2-4.5	BacDive_Cell_length	1
kgmicrobe.trait:2_2_4_8	biolink:PhenotypicQuality	2.2-4.8	BacDive_Cell_length	1
kgmicrobe.trait:2_2_5_1	biolink:PhenotypicQuality	2.2-5.1	BacDive_Cell_length	1
kgmicrobe.trait:2_2_6	biolink:PhenotypicQuality	2-2.6	BacDive_Cell_length	1
kgmicrobe.trait:2_2_6_2	biolink:PhenotypicQuality	2.2-6.2	BacDive_Cell_length	1
kgmicrobe.trait:2_2_6_4	biolink:PhenotypicQuality	2.2-6.4	BacDive_Cell_length	1
kgmicrobe.trait:2_2_7_5	biolink:PhenotypicQuality	2.2-7.5	BacDive_Cell_length	1
kgmicrobe.trait:2_2_8	biolink:PhenotypicQuality	2-2.8	BacDive_Cell_length	1
kgmicrobe.trait:2_32	biolink:PhenotypicQuality	2.32	BacDive_Salt_concentration	1
kgmicrobe.trait:2_34_2_56	biolink:PhenotypicQuality	2.34-2.56	BacDive_Cell_length	1
kgmicrobe.trait:2_36_2_76	biolink:PhenotypicQuality	2.36-2.76	BacDive_Cell_length	1
kgmicrobe.trait:2_37	biolink:PhenotypicQuality	2-37	BacDive_Temperature_for_growth	1
kgmicrobe.trait:2_3_1	biolink:PhenotypicQuality	2-3.1	BacDive_Cell_length	1
kgmicrobe.trait:2_3_25	biolink:PhenotypicQuality	2-3.25	BacDive_Cell_length	1
kgmicrobe.trait:2_3_2_6	biolink:PhenotypicQuality	2.3-2.6	BacDive_Cell_length	1
kgmicrobe.trait:2_3_2_9	biolink:PhenotypicQuality	2.3-2.9	BacDive_Cell_length	1
kgmicrobe.trait:2_3_3_6	biolink:PhenotypicQuality	2.3-3.6	BacDive_Cell_length	1
kgmicrobe.trait:2_3_3_7	biolink:PhenotypicQuality	2.3-3.7	BacDive_Cell_length	1
kgmicrobe.trait:2_3_3_8	biolink:PhenotypicQuality	2.3-3.8	BacDive_Cell_length	1
kgmicrobe.trait:2_3_4_1	biolink:PhenotypicQuality	2.3-4.1	BacDive_Cell_length	1
kgmicrobe.trait:2_3_4_2	biolink:PhenotypicQuality	2.3-4.2	BacDive_Cell_length	1
kgmicrobe.trait:2_3_4_7	biolink:PhenotypicQuality	2.3-4.7	BacDive_Cell_length	1
kgmicrobe.trait:2_3_4_8	biolink:PhenotypicQuality	2.3-4.8	BacDive_Cell_length	1
kgmicrobe.trait:2_3_5_4	biolink:PhenotypicQuality	2.3-5.4	BacDive_pH_for_growth	1
kgmicrobe.trait:2_3_5_5	biolink:PhenotypicQuality	2.3-5.5	BacDive_Cell_length	1
kgmicrobe.trait:2_3_6_5	biolink:PhenotypicQuality	2.3-6.5	BacDive_Cell_length	1
kgmicrobe.trait:2_3_7	biolink:PhenotypicQuality	2-3.7	BacDive_Cell_length	1
kgmicrobe.trait:2_3_7_3	biolink:PhenotypicQuality	2.3-7.3	BacDive_Cell_length	1
kgmicrobe.trait:2_40	biolink:PhenotypicQuality	2-40	BacDive_Temperature_for_growth	1
kgmicrobe.trait:2_425	biolink:PhenotypicQuality	2.425	BacDive_Cell_length	1
kgmicrobe.trait:2_46	biolink:PhenotypicQuality	2.46	BacDive_Salt_concentration	1
kgmicrobe.trait:2_4_1	biolink:PhenotypicQuality	2-4.1	BacDive_Cell_length	1
kgmicrobe.trait:2_4_20	biolink:PhenotypicQuality	2.4-20	BacDive_Cell_length	1
kgmicrobe.trait:2_4_2_5	biolink:PhenotypicQuality	2.4-2.5	BacDive_Cell_length	1
kgmicrobe.trait:2_4_2_55	biolink:PhenotypicQuality	2.4-2.55	BacDive_Cell_length	1
kgmicrobe.trait:2_4_2_6	biolink:PhenotypicQuality	2.4-2.6	BacDive_Cell_length	1
kgmicrobe.trait:2_4_2_7	biolink:PhenotypicQuality	2.4-2.7	BacDive_Cell_length	1
kgmicrobe.trait:2_4_2_8	biolink:PhenotypicQuality	2.4-2.8	BacDive_Cell_length	1
kgmicrobe.trait:2_4_3_2	biolink:PhenotypicQuality	2.4-3.2	BacDive_Cell_length	1
kgmicrobe.trait:2_4_3_3	biolink:PhenotypicQuality	2.4-3.3	BacDive_Cell_length	1
kgmicrobe.trait:2_4_3_4	biolink:PhenotypicQuality	2.4-3.4	BacDive_Cell_length	1
kgmicrobe.trait:2_4_3_7	biolink:PhenotypicQuality	2.4-3.7	BacDive_Cell_length	1
kgmicrobe.trait:2_4_3_9	biolink:PhenotypicQuality	2.4-3.9	BacDive_Cell_length	1
kgmicrobe.trait:2_4_4_0	biolink:PhenotypicQuality	2.4-4.0	BacDive_Cell_length	1
kgmicrobe.trait:2_4_4_1	biolink:PhenotypicQuality	2.4-4.1	BacDive_Cell_length	1
kgmicrobe.trait:2_4_4_4	biolink:PhenotypicQuality	2.4-4.4	BacDive_Cell_width	1
kgmicrobe.trait:2_4_4_5	biolink:PhenotypicQuality	2.4-4.5	BacDive_Cell_length	1
kgmicrobe.trait:2_4_4_7	biolink:PhenotypicQuality	2.4-4.7	BacDive_Cell_length	1
kgmicrobe.trait:2_4_5_6	biolink:PhenotypicQuality	2.4-5.6	BacDive_Cell_length	1
kgmicrobe.trait:2_4_5_7	biolink:PhenotypicQuality	2.4-5.7	BacDive_Cell_length	1
kgmicrobe.trait:2_4_7	biolink:PhenotypicQuality	2-4.7	BacDive_Cell_length	1
kgmicrobe.trait:2_4_8	biolink:PhenotypicQuality	2-4.8	BacDive_Salt_concentration	1
kgmicrobe.trait:2_4_8_2	biolink:PhenotypicQuality	2.4-8.2	BacDive_Cell_length	1
kgmicrobe.trait:2_50_5_92	biolink:PhenotypicQuality	2.50-5.92	BacDive_Cell_length	1
kgmicrobe.trait:2_59	biolink:PhenotypicQuality	2.59	BacDive_Cell_length	1
kgmicrobe.trait:2_5_10	biolink:PhenotypicQuality	2.5-10	BacDive_Salt_concentration	1
kgmicrobe.trait:2_5_12_5	biolink:PhenotypicQuality	2.5-12.5	BacDive_Salt_concentration	1
kgmicrobe.trait:2_5_15	biolink:PhenotypicQuality	2.5-15	BacDive_Salt_concentration	1
kgmicrobe.trait:2_5_16	biolink:PhenotypicQuality	2.5-16	BacDive_Salt_concentration	1
kgmicrobe.trait:2_5_16_5	biolink:PhenotypicQuality	2.5-16.5	BacDive_Cell_length	1
kgmicrobe.trait:2_5_17	biolink:PhenotypicQuality	2.5-17	BacDive_Cell_length	1
kgmicrobe.trait:2_5_18_7	biolink:PhenotypicQuality	2.5-18.7	BacDive_Cell_length	1
kgmicrobe.trait:2_5_20	biolink:PhenotypicQuality	2.5-20	BacDive_Salt_concentration	1
kgmicrobe.trait:2_5_20_6	biolink:PhenotypicQuality	2.5-20.6	BacDive_Cell_length	1
kgmicrobe.trait:2_5_23_0	biolink:PhenotypicQuality	2.5-23.0	BacDive_Cell_length	1
kgmicrobe.trait:2_5_2_6	biolink:PhenotypicQuality	2.5-2.6	BacDive_Cell_length	1
kgmicrobe.trait:2_5_2_7	biolink:PhenotypicQuality	2.5-2.7	BacDive_Cell_length	1
kgmicrobe.trait:2_5_2_8	biolink:PhenotypicQuality	2.5-2.8	BacDive_Cell_length	1
kgmicrobe.trait:2_5_30	biolink:PhenotypicQuality	2.5-30	BacDive_Temperature_for_growth	1
kgmicrobe.trait:2_5_3_1	biolink:PhenotypicQuality	2.5-3.1	BacDive_Cell_length	1
kgmicrobe.trait:2_5_3_4	biolink:PhenotypicQuality	2.5-3.4	BacDive_Cell_width	1
kgmicrobe.trait:2_5_3_7	biolink:PhenotypicQuality	2.5-3.7	BacDive_Cell_length	1
kgmicrobe.trait:2_5_4_1	biolink:PhenotypicQuality	2.5-4.1	BacDive_Cell_length	1
kgmicrobe.trait:2_5_4_2	biolink:PhenotypicQuality	2.5-4.2	BacDive_Cell_length	1
kgmicrobe.trait:2_5_4_28	biolink:PhenotypicQuality	2.5-4.28	BacDive_Cell_length	1
kgmicrobe.trait:2_5_4_4	biolink:PhenotypicQuality	2.5-4.4	BacDive_Cell_length	1
kgmicrobe.trait:2_5_4_7	biolink:PhenotypicQuality	2.5-4.7	BacDive_Cell_length	1
kgmicrobe.trait:2_5_6_5	biolink:PhenotypicQuality	2.5-6.5	BacDive_Cell_length	1
kgmicrobe.trait:2_5_6_8	biolink:PhenotypicQuality	2.5-6.8	BacDive_Cell_length	1
kgmicrobe.trait:2_5_7	biolink:PhenotypicQuality	2.5-7	BacDive_Cell_length	1
kgmicrobe.trait:2_5_7_3	biolink:PhenotypicQuality	2.5-7.3	BacDive_Cell_length	1
kgmicrobe.trait:2_5_7_5	biolink:PhenotypicQuality	2.5-7.5	BacDive_Cell_length	1
kgmicrobe.trait:2_5_7_6	biolink:PhenotypicQuality	2.5-7.6	BacDive_Cell_length	1
kgmicrobe.trait:2_5_8_0	biolink:PhenotypicQuality	2.5-8.0	BacDive_Salt_concentration	1
kgmicrobe.trait:2_5_9_2	biolink:PhenotypicQuality	2.5-9.2	BacDive_Cell_length	1
kgmicrobe.trait:2_61	biolink:PhenotypicQuality	2.61	BacDive_Cell_length	1
kgmicrobe.trait:2_6_3_2	biolink:PhenotypicQuality	2.6-3.2	BacDive_Cell_length	1
kgmicrobe.trait:2_6_4_3	biolink:PhenotypicQuality	2.6-4.3	BacDive_Cell_length	1
kgmicrobe.trait:2_6_4_6	biolink:PhenotypicQuality	2.6-4.6	BacDive_Cell_length	1
kgmicrobe.trait:2_6_4_7	biolink:PhenotypicQuality	2.6-4.7	BacDive_Cell_length	1
kgmicrobe.trait:2_6_5_1	biolink:PhenotypicQuality	2.6-5.1	BacDive_Salt_concentration	1
kgmicrobe.trait:2_6_8_5	biolink:PhenotypicQuality	2.6-8.5	BacDive_Cell_length	1
kgmicrobe.trait:2_73	biolink:PhenotypicQuality	2.73	BacDive_Cell_length	1
kgmicrobe.trait:2_79	biolink:PhenotypicQuality	2.79	BacDive_Cell_length	1
kgmicrobe.trait:2_7_16_3	biolink:PhenotypicQuality	2.7-16.3	BacDive_Cell_length	1
kgmicrobe.trait:2_7_2_8	biolink:PhenotypicQuality	2.7-2.8	BacDive_Cell_length	1
kgmicrobe.trait:2_7_2_9	biolink:PhenotypicQuality	2.7-2.9	BacDive_Cell_length	1
kgmicrobe.trait:2_7_3_0	biolink:PhenotypicQuality	2.7-3.0	BacDive_Cell_length	1
kgmicrobe.trait:2_7_3_9	biolink:PhenotypicQuality	2.7-3.9	BacDive_Cell_length	1
kgmicrobe.trait:2_7_5_6	biolink:PhenotypicQuality	2.7-5.6	BacDive_Cell_length	1
kgmicrobe.trait:2_7_5_8	biolink:PhenotypicQuality	2.7-5.8	BacDive_Cell_length	1
kgmicrobe.trait:2_7_7_8	biolink:PhenotypicQuality	2.7-7.8	BacDive_Cell_length	1
kgmicrobe.trait:2_7_9_6	biolink:PhenotypicQuality	2.7-9.6	BacDive_Cell_length	1
kgmicrobe.trait:2_7_days	biolink:PhenotypicQuality	2-7 days	BacDive_Incubation_period	1
kgmicrobe.trait:2_8_11	biolink:PhenotypicQuality	2.8-11	BacDive_Cell_length	1
kgmicrobe.trait:2_8_3	biolink:PhenotypicQuality	2.8-3	BacDive_Cell_length	1
kgmicrobe.trait:2_8_3_0	biolink:PhenotypicQuality	2.8-3.0	BacDive_Cell_length	1
kgmicrobe.trait:2_8_3_1	biolink:PhenotypicQuality	2.8-3.1	BacDive_Cell_length	1
kgmicrobe.trait:2_8_3_2	biolink:PhenotypicQuality	2.8-3.2	BacDive_Cell_length	1
kgmicrobe.trait:2_8_3_3	biolink:PhenotypicQuality	2.8-3.3	BacDive_Cell_length	1
kgmicrobe.trait:2_8_3_4	biolink:PhenotypicQuality	2.8-3.4	BacDive_Cell_length	1
kgmicrobe.trait:2_8_3_6	biolink:PhenotypicQuality	2.8-3.6	BacDive_Cell_length	1
kgmicrobe.trait:2_8_4_5	biolink:PhenotypicQuality	2.8-4.5	BacDive_Cell_length	1
kgmicrobe.trait:2_8_7_5	biolink:PhenotypicQuality	2.8-7.5	BacDive_Cell_length	1
kgmicrobe.trait:2_90_7_62	biolink:PhenotypicQuality	2.90-7.62	BacDive_Cell_length	1
kgmicrobe.trait:2_96_3_94	biolink:PhenotypicQuality	2.96-3.94	BacDive_Salt_concentration	1
kgmicrobe.trait:2_98	biolink:PhenotypicQuality	2.98	BacDive_Cell_length	1
kgmicrobe.trait:2_9_14_6	biolink:PhenotypicQuality	2.9-14.6	BacDive_Cell_length	1
kgmicrobe.trait:2_9_3	biolink:PhenotypicQuality	2.9-3	BacDive_Cell_width	1
kgmicrobe.trait:2_9_30_0	biolink:PhenotypicQuality	2.9-30.0	BacDive_Cell_length	1
kgmicrobe.trait:2_9_3_1	biolink:PhenotypicQuality	2.9-3.1	BacDive_Cell_length	1
kgmicrobe.trait:2_9_4_1	biolink:PhenotypicQuality	2.9-4.1	BacDive_Cell_length	1
kgmicrobe.trait:2_9_4_7	biolink:PhenotypicQuality	2.9-4.7	BacDive_Cell_length	1
kgmicrobe.trait:2_9_5_1	biolink:PhenotypicQuality	2.9-5.1	BacDive_Cell_length	1
kgmicrobe.trait:2_9_5_3	biolink:PhenotypicQuality	2.9-5.3	BacDive_Cell_length	1
kgmicrobe.trait:2_9_5_8	biolink:PhenotypicQuality	2.9-5.8	BacDive_Cell_length	1
kgmicrobe.trait:2_9_6	biolink:PhenotypicQuality	2.9-6	BacDive_Cell_length	1
kgmicrobe.trait:2_9_6_5	biolink:PhenotypicQuality	2.9-6.5	BacDive_pH_for_growth	1
kgmicrobe.trait:2_aminobenzoate	biolink:PhenotypicQuality	2-aminobenzoate	BacDive_Metabolite_utilization	1
kgmicrobe.trait:2_d_fructose	biolink:PhenotypicQuality	(2)-D-fructose	BacDive_Metabolite_utilization	1
kgmicrobe.trait:2_d_lyxose	biolink:PhenotypicQuality	(2)-D-lyxose	BacDive_Metabolite_utilization	1
kgmicrobe.trait:2_dichloropropane	biolink:PhenotypicQuality	2-dichloropropane	BacDive_Metabolite_utilization	1
kgmicrobe.trait:2_naphthyl_tetradecanoate	biolink:PhenotypicQuality	2-naphthyl tetradecanoate	BacDive_Metabolite_utilization	1
kgmicrobe.trait:2_propanol	biolink:PhenotypicQuality	2-propanol	BacDive_Metabolite_utilization	1
kgmicrobe.trait:2_tetrachloroethane	biolink:PhenotypicQuality	2-tetrachloroethane	BacDive_Metabolite_utilization	1
kgmicrobe.trait:2_trichloroethane	biolink:PhenotypicQuality	2-trichloroethane	BacDive_Metabolite_utilization	1
kgmicrobe.trait:30_0_55_0	biolink:PhenotypicQuality	30.0-55.0	BacDive_Temperature_for_growth	1
kgmicrobe.trait:30_0_65_0	biolink:PhenotypicQuality	30.0-65.0	BacDive_Temperature_for_growth	1
kgmicrobe.trait:30_34	biolink:PhenotypicQuality	30-34	BacDive_Temperature_for_growth	1
kgmicrobe.trait:30_36	biolink:PhenotypicQuality	30-36	BacDive_Temperature_for_growth	1
kgmicrobe.trait:30_39	biolink:PhenotypicQuality	30-39	BacDive_Temperature_for_growth	1
kgmicrobe.trait:30_46	biolink:PhenotypicQuality	30-46	BacDive_Temperature_for_growth	1
kgmicrobe.trait:30_52_5	biolink:PhenotypicQuality	30-52.5	BacDive_Temperature_for_growth	1
kgmicrobe.trait:30_61	biolink:PhenotypicQuality	30-61	BacDive_Temperature_for_growth	1
kgmicrobe.trait:30_63	biolink:PhenotypicQuality	30-63	BacDive_Temperature_for_growth	1
kgmicrobe.trait:30_7	biolink:PhenotypicQuality	30-7	BacDive_Temperature_for_growth	1
kgmicrobe.trait:31	biolink:PhenotypicQuality	31	BacDive_Temperature_for_growth	1
kgmicrobe.trait:31_58	biolink:PhenotypicQuality	31-58	BacDive_Temperature_for_growth	1
kgmicrobe.trait:32_42	biolink:PhenotypicQuality	32-42	BacDive_Temperature_for_growth	1
kgmicrobe.trait:32_5	biolink:PhenotypicQuality	32.5	BacDive_Temperature_for_growth	1
kgmicrobe.trait:32_5_69	biolink:PhenotypicQuality	32.5-69	BacDive_Temperature_for_growth	1
kgmicrobe.trait:32_61	biolink:PhenotypicQuality	32-61	BacDive_Temperature_for_growth	1
kgmicrobe.trait:33_0_35_0	biolink:PhenotypicQuality	33.0-35.0	BacDive_Temperature_for_growth	1
kgmicrobe.trait:33_34	biolink:PhenotypicQuality	33-34	BacDive_Temperature_for_growth	1
kgmicrobe.trait:33_35	biolink:PhenotypicQuality	33-35	BacDive_Temperature_for_growth	1
kgmicrobe.trait:33_39	biolink:PhenotypicQuality	33-39	BacDive_Temperature_for_growth	1
kgmicrobe.trait:33_42	biolink:PhenotypicQuality	33-42	BacDive_Temperature_for_growth	1
kgmicrobe.trait:33_51	biolink:PhenotypicQuality	33-51	BacDive_Temperature_for_growth	1
kgmicrobe.trait:33_65	biolink:PhenotypicQuality	33-65	BacDive_Temperature_for_growth	1
kgmicrobe.trait:34_37	biolink:PhenotypicQuality	34-37	BacDive_Temperature_for_growth	1
kgmicrobe.trait:34_39	biolink:PhenotypicQuality	34-39	BacDive_Temperature_for_growth	1
kgmicrobe.trait:34_40	biolink:PhenotypicQuality	34-40	BacDive_Temperature_for_growth	1
kgmicrobe.trait:34_5	biolink:PhenotypicQuality	34.5	BacDive_Cell_length	1
kgmicrobe.trait:34_64	biolink:PhenotypicQuality	34-64	BacDive_Temperature_for_growth	1
kgmicrobe.trait:34_72	biolink:PhenotypicQuality	34-72	BacDive_Temperature_for_growth	1
kgmicrobe.trait:35_0_37_0	biolink:PhenotypicQuality	35.0-37.0	BacDive_Temperature_for_growth	1
kgmicrobe.trait:35_0_60_0	biolink:PhenotypicQuality	35.0-60.0	BacDive_Temperature_for_growth	1
kgmicrobe.trait:35_38	biolink:PhenotypicQuality	35-38	BacDive_Temperature_for_growth	1
kgmicrobe.trait:35_47	biolink:PhenotypicQuality	35-47	BacDive_Temperature_for_growth	1
kgmicrobe.trait:35_48	biolink:PhenotypicQuality	35-48	BacDive_Temperature_for_growth	1
kgmicrobe.trait:35_50	biolink:PhenotypicQuality	35-50	BacDive_Temperature_for_growth	1
kgmicrobe.trait:35_57	biolink:PhenotypicQuality	35-57	BacDive_Temperature_for_growth	1
kgmicrobe.trait:35_59	biolink:PhenotypicQuality	35-59	BacDive_Temperature_for_growth	1
kgmicrobe.trait:35_62	biolink:PhenotypicQuality	35-62	BacDive_Temperature_for_growth	1
kgmicrobe.trait:35_68	biolink:PhenotypicQuality	35-68	BacDive_Temperature_for_growth	1
kgmicrobe.trait:35_days	biolink:PhenotypicQuality	35 days	BacDive_Incubation_period	1
kgmicrobe.trait:36_40	biolink:PhenotypicQuality	36-40	BacDive_Temperature_for_growth	1
kgmicrobe.trait:36_62	biolink:PhenotypicQuality	36-62	BacDive_Temperature_for_growth	1
kgmicrobe.trait:36_days	biolink:PhenotypicQuality	36 days	BacDive_Incubation_period	1
kgmicrobe.trait:37_0_40_0	biolink:PhenotypicQuality	37.0-40.0	BacDive_Temperature_for_growth	1
kgmicrobe.trait:37_0_72_0	biolink:PhenotypicQuality	37.0-72.0	BacDive_Temperature_for_growth	1
kgmicrobe.trait:37_0_75_0	biolink:PhenotypicQuality	37.0-75.0	BacDive_Temperature_for_growth	1
kgmicrobe.trait:37_43	biolink:PhenotypicQuality	37-43	BacDive_Temperature_for_growth	1
kgmicrobe.trait:37_44	biolink:PhenotypicQuality	37-44	BacDive_Temperature_for_growth	1
kgmicrobe.trait:37_50	biolink:PhenotypicQuality	37-50	BacDive_Temperature_for_growth	1
kgmicrobe.trait:37_52	biolink:PhenotypicQuality	37-52	BacDive_Temperature_for_growth	1
kgmicrobe.trait:37_70	biolink:PhenotypicQuality	37-70	BacDive_Temperature_for_growth	1
kgmicrobe.trait:37_75	biolink:PhenotypicQuality	37-75	BacDive_Temperature_for_growth	1
kgmicrobe.trait:38_0	biolink:PhenotypicQuality	38.0	BacDive_Temperature_for_growth	1
kgmicrobe.trait:38_66	biolink:PhenotypicQuality	38-66	BacDive_Temperature_for_growth	1
kgmicrobe.trait:38_79	biolink:PhenotypicQuality	38-79	BacDive_Temperature_for_growth	1
kgmicrobe.trait:39_0	biolink:PhenotypicQuality	39.0	BacDive_Temperature_for_growth	1
kgmicrobe.trait:3_025	biolink:PhenotypicQuality	3.025	BacDive_Salt_concentration	1
kgmicrobe.trait:3_03	biolink:PhenotypicQuality	3.03	BacDive_Cell_length	1
kgmicrobe.trait:3_0_15_0	biolink:PhenotypicQuality	3.0-15.0	BacDive_Salt_concentration	1
kgmicrobe.trait:3_0_20	biolink:PhenotypicQuality	3.0-20	BacDive_Salt_concentration	1
kgmicrobe.trait:3_0_25	biolink:PhenotypicQuality	3.0-25	BacDive_Cell_length	1
kgmicrobe.trait:3_0_25_0	biolink:PhenotypicQuality	3.0-25.0	BacDive_Salt_concentration	1
kgmicrobe.trait:3_0_37	biolink:PhenotypicQuality	3.0-37	BacDive_Temperature_for_growth	1
kgmicrobe.trait:3_0_37_0	biolink:PhenotypicQuality	3.0-37.0	BacDive_Temperature_for_growth	1
kgmicrobe.trait:3_0_4_5	biolink:PhenotypicQuality	3.0-4.5	BacDive_Salt_concentration	1
kgmicrobe.trait:3_0_4_8	biolink:PhenotypicQuality	3.0-4.8	BacDive_Cell_length	1
kgmicrobe.trait:3_125	biolink:PhenotypicQuality	3.125	BacDive_Salt_concentration	1
kgmicrobe.trait:3_13	biolink:PhenotypicQuality	3-13	BacDive_Cell_length	1
kgmicrobe.trait:3_18	biolink:PhenotypicQuality	3-18	BacDive_Salt_concentration	1
kgmicrobe.trait:3_1_4	biolink:PhenotypicQuality	3.1-4	BacDive_Colony_size	1
kgmicrobe.trait:3_1_6_5	biolink:PhenotypicQuality	3.1-6.5	BacDive_pH_for_growth	1
kgmicrobe.trait:3_20	biolink:PhenotypicQuality	3-20	BacDive_Salt_concentration	1
kgmicrobe.trait:3_22_5	biolink:PhenotypicQuality	3-22.5	BacDive_Salt_concentration	1
kgmicrobe.trait:3_25_4_62	biolink:PhenotypicQuality	3.25-4.62	BacDive_Salt_concentration	1
kgmicrobe.trait:3_25_5	biolink:PhenotypicQuality	3-25.5	BacDive_Cell_length	1
kgmicrobe.trait:3_26	biolink:PhenotypicQuality	3-26	BacDive_Temperature_for_growth	1
kgmicrobe.trait:3_2_3_3	biolink:PhenotypicQuality	3.2-3.3	BacDive_Cell_length	1
kgmicrobe.trait:3_2_3_5	biolink:PhenotypicQuality	3.2-3.5	BacDive_Cell_length	1
kgmicrobe.trait:3_2_3_6	biolink:PhenotypicQuality	3.2-3.6	BacDive_Cell_length	1
kgmicrobe.trait:3_2_4	biolink:PhenotypicQuality	3.2-4	BacDive_Cell_length	1
kgmicrobe.trait:3_2_4_2	biolink:PhenotypicQuality	3.2-4.2	BacDive_Cell_length	1
kgmicrobe.trait:3_2_4_5	biolink:PhenotypicQuality	3.2-4.5	BacDive_Cell_length	1
kgmicrobe.trait:3_2_4_9	biolink:PhenotypicQuality	3.2-4.9	BacDive_Cell_length	1
kgmicrobe.trait:3_2_5_9	biolink:PhenotypicQuality	3.2-5.9	BacDive_Cell_length	1
kgmicrobe.trait:3_2_8	biolink:PhenotypicQuality	3.2-8	BacDive_Cell_length	1
kgmicrobe.trait:3_30	biolink:PhenotypicQuality	3-30	BacDive_Salt_concentration	1
kgmicrobe.trait:3_33_5	biolink:PhenotypicQuality	3-33.5	BacDive_Temperature_for_growth	1
kgmicrobe.trait:3_3_4_0	biolink:PhenotypicQuality	3.3-4.0	BacDive_Cell_length	1
kgmicrobe.trait:3_3_4_2	biolink:PhenotypicQuality	3.3-4.2	BacDive_Cell_length	1
kgmicrobe.trait:3_3_4_8	biolink:PhenotypicQuality	3.3-4.8	BacDive_Cell_length	1
kgmicrobe.trait:3_3_5_0	biolink:PhenotypicQuality	3.3-5.0	BacDive_Cell_width	1
kgmicrobe.trait:3_3_5_5	biolink:PhenotypicQuality	3.3-5.5	BacDive_Cell_length	1
kgmicrobe.trait:3_3_6	biolink:PhenotypicQuality	3.3-6	BacDive_Cell_length	1
kgmicrobe.trait:3_3_6_1	biolink:PhenotypicQuality	3.3-6.1	BacDive_Cell_length	1
kgmicrobe.trait:3_3_6_7	biolink:PhenotypicQuality	3.3-6.7	BacDive_Cell_length	1
kgmicrobe.trait:3_3_7	biolink:PhenotypicQuality	3-3.7	BacDive_Cell_length	1
kgmicrobe.trait:3_3_7_2	biolink:PhenotypicQuality	3.3-7.2	BacDive_Cell_length	1
kgmicrobe.trait:3_3_8	biolink:PhenotypicQuality	3.3-8	BacDive_pH_for_growth	1
kgmicrobe.trait:3_41	biolink:PhenotypicQuality	3-41	BacDive_Temperature_for_growth	1
kgmicrobe.trait:3_4_7_0	biolink:PhenotypicQuality	3.4-7.0	BacDive_pH_for_growth	1
kgmicrobe.trait:3_4_8	biolink:PhenotypicQuality	3-4.8	BacDive_Salt_concentration	1
kgmicrobe.trait:3_4_beta_glucanase	biolink:PhenotypicQuality	3(4)-beta-glucanase	BacDive_Enzyme_activity	1
kgmicrobe.trait:3_54	biolink:PhenotypicQuality	3.54	BacDive_Cell_length	1
kgmicrobe.trait:3_5_10_5	biolink:PhenotypicQuality	3.5-10.5	BacDive_pH_for_growth	1
kgmicrobe.trait:3_5_11_5	biolink:PhenotypicQuality	3.5-11.5	BacDive_Salt_concentration	1
kgmicrobe.trait:3_5_4_3	biolink:PhenotypicQuality	3.5-4.3	BacDive_Salt_concentration	1
kgmicrobe.trait:3_5_4_6	biolink:PhenotypicQuality	3.5-4.6	BacDive_Cell_length	1
kgmicrobe.trait:3_5_4_7	biolink:PhenotypicQuality	3.5-4.7	BacDive_Cell_length	1
kgmicrobe.trait:3_5_5_3	biolink:PhenotypicQuality	3.5-5.3	BacDive_Cell_length	1
kgmicrobe.trait:3_5_5_4	biolink:PhenotypicQuality	3.5-5.4	BacDive_Cell_length	1
kgmicrobe.trait:3_5_7_1	biolink:PhenotypicQuality	3.5-7.1	BacDive_Cell_length	1
kgmicrobe.trait:3_5_8_6	biolink:PhenotypicQuality	3.5-8.6	BacDive_pH_for_growth	1
kgmicrobe.trait:3_6_2	biolink:PhenotypicQuality	3-6.2	BacDive_pH_for_growth	1
kgmicrobe.trait:3_6_3	biolink:PhenotypicQuality	3-6.3	BacDive_Cell_length	1
kgmicrobe.trait:3_6_4_4	biolink:PhenotypicQuality	3.6-4.4	BacDive_Cell_length	1
kgmicrobe.trait:3_6_6_4	biolink:PhenotypicQuality	3.6-6.4	BacDive_Cell_length	1
kgmicrobe.trait:3_6_7	biolink:PhenotypicQuality	3.6-7	BacDive_Cell_length	1
kgmicrobe.trait:3_6_7_3	biolink:PhenotypicQuality	3.6-7.3	BacDive_Cell_length	1
kgmicrobe.trait:3_6_7_5	biolink:PhenotypicQuality	3.6-7.5	BacDive_pH_for_growth	1
kgmicrobe.trait:3_6_days	biolink:PhenotypicQuality	3-6 days	BacDive_Incubation_period	1
kgmicrobe.trait:3_7_4_2	biolink:PhenotypicQuality	3.7-4.2	BacDive_Cell_length	1
kgmicrobe.trait:3_7_5	biolink:PhenotypicQuality	3-7.5	BacDive_Salt_concentration	1
kgmicrobe.trait:3_7_6_5	biolink:PhenotypicQuality	3.7-6.5	BacDive_pH_for_growth	1
kgmicrobe.trait:3_7_7_6	biolink:PhenotypicQuality	3.7-7.6	BacDive_pH_for_growth	1
kgmicrobe.trait:3_7_7_7	biolink:PhenotypicQuality	3.7-7.7	BacDive_Cell_length	1
kgmicrobe.trait:3_8_4_4	biolink:PhenotypicQuality	3.8-4.4	BacDive_Cell_length	1
kgmicrobe.trait:3_8_5	biolink:PhenotypicQuality	3-8.5	BacDive_pH_for_growth	1
kgmicrobe.trait:3_8_6_0	biolink:PhenotypicQuality	3.8-6.0	BacDive_Cell_length	1
kgmicrobe.trait:3_8_6_2	biolink:PhenotypicQuality	3.8-6.2	BacDive_Cell_length	1
kgmicrobe.trait:3_8_6_5	biolink:PhenotypicQuality	3.8-6.5	BacDive_pH_for_growth	1
kgmicrobe.trait:3_8_7_2	biolink:PhenotypicQuality	3.8-7.2	BacDive_pH_for_growth	1
kgmicrobe.trait:3_8_7_3	biolink:PhenotypicQuality	3.8-7.3	BacDive_pH_for_growth	1
kgmicrobe.trait:3_8_8_1	biolink:PhenotypicQuality	3.8-8.1	BacDive_pH_for_growth	1
kgmicrobe.trait:3_8_8_5	biolink:PhenotypicQuality	3.8-8.5	BacDive_pH_for_growth	1
kgmicrobe.trait:3_8_9_5	biolink:PhenotypicQuality	3.8-9.5	BacDive_pH_for_growth	1
kgmicrobe.trait:3_9_10_8	biolink:PhenotypicQuality	3.9-10.8	BacDive_Cell_length	1
kgmicrobe.trait:3_9_5_4	biolink:PhenotypicQuality	3.9-5.4	BacDive_pH_for_growth	1
kgmicrobe.trait:3_9_8	biolink:PhenotypicQuality	3.9-8	BacDive_pH_for_growth	1
kgmicrobe.trait:3_9_8_0	biolink:PhenotypicQuality	3.9-8.0	BacDive_pH_for_growth	1
kgmicrobe.trait:3_9_9	biolink:PhenotypicQuality	3.9-9	BacDive_pH_for_growth	1
kgmicrobe.trait:3_beta_d_glucan	biolink:PhenotypicQuality	3-beta-d-glucan	BacDive_Metabolite_utilization	1
kgmicrobe.trait:3_dehydro_d_gluconate	biolink:PhenotypicQuality	3-dehydro-D-gluconate	BacDive_Metabolite_utilization	1
kgmicrobe.trait:3_hydroxy_2_butanone	biolink:PhenotypicQuality	3-hydroxy 2-butanone	BacDive_Metabolite_utilization	1
kgmicrobe.trait:3_jan	biolink:PhenotypicQuality	3-Jan	BacDive_Cell_width	1
kgmicrobe.trait:3_nitropropanoate	biolink:PhenotypicQuality	3-nitropropanoate	BacDive_Metabolite_utilization	1
kgmicrobe.trait:3_phenylpropionate	biolink:PhenotypicQuality	3-phenylpropionate	BacDive_Metabolite_production	1
kgmicrobe.trait:3_trehalosamine	biolink:PhenotypicQuality	3-trehalosamine	BacDive_Metabolite_production	1
kgmicrobe.trait:3_trichloropropane	biolink:PhenotypicQuality	3-trichloropropane	BacDive_Metabolite_utilization	1
kgmicrobe.trait:40_0_60_0	biolink:PhenotypicQuality	40.0-60.0	BacDive_Temperature_for_growth	1
kgmicrobe.trait:40_0_70_0	biolink:PhenotypicQuality	40.0-70.0	BacDive_Temperature_for_growth	1
kgmicrobe.trait:40_48	biolink:PhenotypicQuality	40-48	BacDive_Temperature_for_growth	1
kgmicrobe.trait:40_49	biolink:PhenotypicQuality	40-49	BacDive_Temperature_for_growth	1
kgmicrobe.trait:40_5	biolink:PhenotypicQuality	40.5	BacDive_Temperature_for_growth	1
kgmicrobe.trait:40_55	biolink:PhenotypicQuality	40-55	BacDive_Temperature_for_growth	1
kgmicrobe.trait:40_57	biolink:PhenotypicQuality	40-57	BacDive_Temperature_for_growth	1
kgmicrobe.trait:40_69	biolink:PhenotypicQuality	40-69	BacDive_Temperature_for_growth	1
kgmicrobe.trait:40_72	biolink:PhenotypicQuality	40-72	BacDive_Temperature_for_growth	1
kgmicrobe.trait:40_73	biolink:PhenotypicQuality	40-73	BacDive_Temperature_for_growth	1
kgmicrobe.trait:40_75	biolink:PhenotypicQuality	40-75	BacDive_Temperature_for_growth	1
kgmicrobe.trait:40_78	biolink:PhenotypicQuality	40-78	BacDive_Temperature_for_growth	1
kgmicrobe.trait:40_80	biolink:PhenotypicQuality	40-80	BacDive_Temperature_for_growth	1
kgmicrobe.trait:41_45	biolink:PhenotypicQuality	41-45	BacDive_Temperature_for_growth	1
kgmicrobe.trait:42_0_65_0	biolink:PhenotypicQuality	42.0-65.0	BacDive_Temperature_for_growth	1
kgmicrobe.trait:42_50	biolink:PhenotypicQuality	42-50	BacDive_Temperature_for_growth	1
kgmicrobe.trait:42_56_days	biolink:PhenotypicQuality	42-56 days	BacDive_Incubation_period	1
kgmicrobe.trait:42_60	biolink:PhenotypicQuality	42-60	BacDive_Temperature_for_growth	1
kgmicrobe.trait:42_64	biolink:PhenotypicQuality	42-64	BacDive_Temperature_for_growth	1
kgmicrobe.trait:42_70	biolink:PhenotypicQuality	42-70	BacDive_Temperature_for_growth	1
kgmicrobe.trait:42_90	biolink:PhenotypicQuality	42-90	BacDive_Temperature_for_growth	1
kgmicrobe.trait:43_45	biolink:PhenotypicQuality	43-45	BacDive_Temperature_for_growth	1
kgmicrobe.trait:43_60	biolink:PhenotypicQuality	43-60	BacDive_Temperature_for_growth	1
kgmicrobe.trait:44_0	biolink:PhenotypicQuality	44.0	BacDive_Temperature_for_growth	1
kgmicrobe.trait:44_74	biolink:PhenotypicQuality	44-74	BacDive_Temperature_for_growth	1
kgmicrobe.trait:44_77	biolink:PhenotypicQuality	44-77	BacDive_Temperature_for_growth	1
kgmicrobe.trait:45_0_55_0	biolink:PhenotypicQuality	45.0-55.0	BacDive_Temperature_for_growth	1
kgmicrobe.trait:45_0_72_0	biolink:PhenotypicQuality	45.0-72.0	BacDive_Temperature_for_growth	1
kgmicrobe.trait:45_240	biolink:PhenotypicQuality	45-240	BacDive_Salt_concentration	1
kgmicrobe.trait:45_52	biolink:PhenotypicQuality	45-52	BacDive_Temperature_for_growth	1
kgmicrobe.trait:45_69	biolink:PhenotypicQuality	45-69	BacDive_Temperature_for_growth	1
kgmicrobe.trait:45_79	biolink:PhenotypicQuality	45-79	BacDive_Temperature_for_growth	1
kgmicrobe.trait:45_82	biolink:PhenotypicQuality	45-82	BacDive_Temperature_for_growth	1
kgmicrobe.trait:45_85	biolink:PhenotypicQuality	45-85	BacDive_Temperature_for_growth	1
kgmicrobe.trait:46	biolink:PhenotypicQuality	46	BacDive_Temperature_for_growth	1
kgmicrobe.trait:46_59	biolink:PhenotypicQuality	46-59	BacDive_Temperature_for_growth	1
kgmicrobe.trait:46_70	biolink:PhenotypicQuality	46-70	BacDive_Temperature_for_growth	1
kgmicrobe.trait:46_78	biolink:PhenotypicQuality	46-78	BacDive_Temperature_for_growth	1
kgmicrobe.trait:47_75	biolink:PhenotypicQuality	47-75	BacDive_Temperature_for_growth	1
kgmicrobe.trait:47_88	biolink:PhenotypicQuality	47-88	BacDive_Temperature_for_growth	1
kgmicrobe.trait:48_0	biolink:PhenotypicQuality	48.0	BacDive_Temperature_for_growth	1
kgmicrobe.trait:49	biolink:PhenotypicQuality	49	BacDive_Temperature_for_growth	1
kgmicrobe.trait:49_54_days	biolink:PhenotypicQuality	49-54 days	BacDive_Incubation_period	1
kgmicrobe.trait:4_0_10	biolink:PhenotypicQuality	4.0-10	BacDive_pH_for_growth	1
kgmicrobe.trait:4_0_12	biolink:PhenotypicQuality	4.0-12	BacDive_pH_for_growth	1
kgmicrobe.trait:4_0_13	biolink:PhenotypicQuality	4.0-13	BacDive_pH_for_growth	1
kgmicrobe.trait:4_0_13_0	biolink:PhenotypicQuality	4.0-13.0	BacDive_pH_for_growth	1
kgmicrobe.trait:4_0_14_0	biolink:PhenotypicQuality	4.0-14.0	BacDive_Salt_concentration	1
kgmicrobe.trait:4_0_18_0	biolink:PhenotypicQuality	4.0-18.0	BacDive_Salt_concentration	1
kgmicrobe.trait:4_0_20_0	biolink:PhenotypicQuality	4.0-20.0	BacDive_Cell_length	1
kgmicrobe.trait:4_0_25	biolink:PhenotypicQuality	4.0-25	BacDive_Temperature_for_growth	1
kgmicrobe.trait:4_0_28_0	biolink:PhenotypicQuality	4.0-28.0	BacDive_Temperature_for_growth	1
kgmicrobe.trait:4_0_33_0	biolink:PhenotypicQuality	4.0-33.0	BacDive_Temperature_for_growth	1
kgmicrobe.trait:4_0_38	biolink:PhenotypicQuality	4.0-38	BacDive_Temperature_for_growth	1
kgmicrobe.trait:4_0_39	biolink:PhenotypicQuality	4.0-39	BacDive_Temperature_for_growth	1
kgmicrobe.trait:4_0_42_0	biolink:PhenotypicQuality	4.0-42.0	BacDive_Temperature_for_growth	1
kgmicrobe.trait:4_0_43	biolink:PhenotypicQuality	4.0-43	BacDive_Temperature_for_growth	1
kgmicrobe.trait:4_0_45	biolink:PhenotypicQuality	4.0-45	BacDive_Temperature_for_growth	1
kgmicrobe.trait:4_0_50	biolink:PhenotypicQuality	4.0-50	BacDive_Temperature_for_growth	1
kgmicrobe.trait:4_0_5_5	biolink:PhenotypicQuality	4.0-5.5	BacDive_pH_for_growth	1
kgmicrobe.trait:4_0_60_0	biolink:PhenotypicQuality	4.0-60.0	BacDive_Temperature_for_growth	1
kgmicrobe.trait:4_0_6_8	biolink:PhenotypicQuality	4.0-6.8	BacDive_pH_for_growth	1
kgmicrobe.trait:4_0_7_8	biolink:PhenotypicQuality	4.0-7.8	BacDive_pH_for_growth	1
kgmicrobe.trait:4_0_8_9	biolink:PhenotypicQuality	4.0-8.9	BacDive_pH_for_growth	1
kgmicrobe.trait:4_10_5	biolink:PhenotypicQuality	4-10.5	BacDive_pH_for_growth	1
kgmicrobe.trait:4_1_10_0	biolink:PhenotypicQuality	4.1-10.0	BacDive_pH_for_growth	1
kgmicrobe.trait:4_1_10_1	biolink:PhenotypicQuality	4.1-10.1	BacDive_pH_for_growth	1
kgmicrobe.trait:4_1_11_1	biolink:PhenotypicQuality	4.1-11.1	BacDive_pH_for_growth	1
kgmicrobe.trait:4_1_6	biolink:PhenotypicQuality	4.1-6	BacDive_Cell_length	1
kgmicrobe.trait:4_1_6_0	biolink:PhenotypicQuality	4.1-6.0	BacDive_pH_for_growth	1
kgmicrobe.trait:4_1_8	biolink:PhenotypicQuality	4.1-8	BacDive_pH_for_growth	1
kgmicrobe.trait:4_1_8_8	biolink:PhenotypicQuality	4.1-8.8	BacDive_pH_for_growth	1
kgmicrobe.trait:4_22	biolink:PhenotypicQuality	4-22	BacDive_Temperature_for_growth	1
kgmicrobe.trait:4_23	biolink:PhenotypicQuality	4-23	BacDive_Salt_concentration	1
kgmicrobe.trait:4_24	biolink:PhenotypicQuality	4-24	BacDive_Temperature_for_growth	1
kgmicrobe.trait:4_27_5	biolink:PhenotypicQuality	4-27.5	BacDive_Temperature_for_growth	1
kgmicrobe.trait:4_2_4_5	biolink:PhenotypicQuality	4.2-4.5	BacDive_pH_for_growth	1
kgmicrobe.trait:4_2_4_8	biolink:PhenotypicQuality	4.2-4.8	BacDive_Cell_length	1
kgmicrobe.trait:4_2_5	biolink:PhenotypicQuality	4.2-5	BacDive_Colony_size	1
kgmicrobe.trait:4_2_6	biolink:PhenotypicQuality	4.2-6	BacDive_pH_for_growth	1
kgmicrobe.trait:4_2_6_1	biolink:PhenotypicQuality	4.2-6.1	BacDive_Cell_length	1
kgmicrobe.trait:4_2_6_2	biolink:PhenotypicQuality	4.2-6.2	BacDive_pH_for_growth	1
kgmicrobe.trait:4_2_6_8	biolink:PhenotypicQuality	4.2-6.8	BacDive_pH_for_growth	1
kgmicrobe.trait:4_2_7_0	biolink:PhenotypicQuality	4.2-7.0	BacDive_pH_for_growth	1
kgmicrobe.trait:4_2_7_2	biolink:PhenotypicQuality	4.2-7.2	BacDive_pH_for_growth	1
kgmicrobe.trait:4_2_7_4	biolink:PhenotypicQuality	4.2-7.4	BacDive_pH_for_growth	1
kgmicrobe.trait:4_2_7_6	biolink:PhenotypicQuality	4.2-7.6	BacDive_pH_for_growth	1
kgmicrobe.trait:4_2_8_0	biolink:PhenotypicQuality	4.2-8.0	BacDive_pH_for_growth	1
kgmicrobe.trait:4_2_8_3	biolink:PhenotypicQuality	4.2-8.3	BacDive_pH_for_growth	1
kgmicrobe.trait:4_2_8_9	biolink:PhenotypicQuality	4.2-8.9	BacDive_pH_for_growth	1
kgmicrobe.trait:4_3_24_3	biolink:PhenotypicQuality	4.3-24.3	BacDive_Salt_concentration	1
kgmicrobe.trait:4_3_5_1	biolink:PhenotypicQuality	4.3-5.1	BacDive_Salt_concentration	1
kgmicrobe.trait:4_3_6_8	biolink:PhenotypicQuality	4.3-6.8	BacDive_pH_for_growth	1
kgmicrobe.trait:4_3_7_1	biolink:PhenotypicQuality	4.3-7.1	BacDive_Cell_length	1
kgmicrobe.trait:4_3_7_3	biolink:PhenotypicQuality	4.3-7.3	BacDive_pH_for_growth	1
kgmicrobe.trait:4_3_7_9	biolink:PhenotypicQuality	4.3-7.9	BacDive_pH_for_growth	1
kgmicrobe.trait:4_425	biolink:PhenotypicQuality	4.425	BacDive_Salt_concentration	1
kgmicrobe.trait:4_44	biolink:PhenotypicQuality	4-44	BacDive_Temperature_for_growth	1
kgmicrobe.trait:4_4_5_8	biolink:PhenotypicQuality	4.4-5.8	BacDive_Cell_length	1
kgmicrobe.trait:4_4_7_5	biolink:PhenotypicQuality	4.4-7.5	BacDive_pH_for_growth	1
kgmicrobe.trait:4_4_7_7	biolink:PhenotypicQuality	4.4-7.7	BacDive_pH_for_growth	1
kgmicrobe.trait:4_4_8	biolink:PhenotypicQuality	4-4.8	BacDive_Cell_length	1
kgmicrobe.trait:4_4_9_1	biolink:PhenotypicQuality	4.4-9.1	BacDive_pH_for_growth	1
kgmicrobe.trait:4_52	biolink:PhenotypicQuality	4-52	BacDive_Temperature_for_growth	1
kgmicrobe.trait:4_5_11	biolink:PhenotypicQuality	4.5-11	BacDive_pH_for_growth	1
kgmicrobe.trait:4_5_11_0	biolink:PhenotypicQuality	4.5-11.0	BacDive_pH_for_growth	1
kgmicrobe.trait:4_5_11_5	biolink:PhenotypicQuality	4.5-11.5	BacDive_pH_for_growth	1
kgmicrobe.trait:4_5_12_5	biolink:PhenotypicQuality	4.5-12.5	BacDive_pH_for_growth	1
kgmicrobe.trait:4_5_5_0	biolink:PhenotypicQuality	4.5-5.0	BacDive_Cell_length	1
kgmicrobe.trait:4_5_5_5	biolink:PhenotypicQuality	4.5-5.5	BacDive_pH_for_growth	1
kgmicrobe.trait:4_5_7_1	biolink:PhenotypicQuality	4.5-7.1	BacDive_pH_for_growth	1
kgmicrobe.trait:4_5_7_4	biolink:PhenotypicQuality	4.5-7.4	BacDive_Cell_length	1
kgmicrobe.trait:4_5_7_8	biolink:PhenotypicQuality	4.5-7.8	BacDive_pH_for_growth	1
kgmicrobe.trait:4_5_8_4	biolink:PhenotypicQuality	4.5-8.4	BacDive_pH_for_growth	1
kgmicrobe.trait:4_64	biolink:PhenotypicQuality	4.64	BacDive_Salt_concentration	1
kgmicrobe.trait:4_65	biolink:PhenotypicQuality	4-65	BacDive_Temperature_for_growth	1
kgmicrobe.trait:4_6_7_8	biolink:PhenotypicQuality	4.6-7.8	BacDive_pH_for_growth	1
kgmicrobe.trait:4_6_8	biolink:PhenotypicQuality	4.6-8	BacDive_pH_for_growth	1
kgmicrobe.trait:4_6_8_1	biolink:PhenotypicQuality	4.6-8.1	BacDive_pH_for_growth	1
kgmicrobe.trait:4_6_9_5	biolink:PhenotypicQuality	4.6-9.5	BacDive_pH_for_growth	1
kgmicrobe.trait:4_7_10	biolink:PhenotypicQuality	4.7-10	BacDive_Cell_length	1
kgmicrobe.trait:4_7_10_8	biolink:PhenotypicQuality	4.7-10.8	BacDive_Cell_length	1
kgmicrobe.trait:4_7_5_8	biolink:PhenotypicQuality	4.7-5.8	BacDive_pH_for_growth	1
kgmicrobe.trait:4_7_7_2	biolink:PhenotypicQuality	4.7-7.2	BacDive_pH_for_growth	1
kgmicrobe.trait:4_7_7_5	biolink:PhenotypicQuality	4.7-7.5	BacDive_pH_for_growth	1
kgmicrobe.trait:4_7_7_6	biolink:PhenotypicQuality	4.7-7.6	BacDive_pH_for_growth	1
kgmicrobe.trait:4_7_8	biolink:PhenotypicQuality	4-7.8	BacDive_pH_for_growth	1
kgmicrobe.trait:4_7_8_0	biolink:PhenotypicQuality	4.7-8.0	BacDive_Cell_length	1
kgmicrobe.trait:4_7_8_1	biolink:PhenotypicQuality	4.7-8.1	BacDive_pH_for_growth	1
kgmicrobe.trait:4_7_8_5	biolink:PhenotypicQuality	4.7-8.5	BacDive_pH_for_growth	1
kgmicrobe.trait:4_7_9	biolink:PhenotypicQuality	4.7-9	BacDive_pH_for_growth	1
kgmicrobe.trait:4_7_9_0	biolink:PhenotypicQuality	4.7-9.0	BacDive_pH_for_growth	1
kgmicrobe.trait:4_85	biolink:PhenotypicQuality	4.85	BacDive_Cell_length	1
kgmicrobe.trait:4_8_5_4	biolink:PhenotypicQuality	4.8-5.4	BacDive_Cell_length	1
kgmicrobe.trait:4_8_5_8	biolink:PhenotypicQuality	4.8-5.8	BacDive_pH_for_growth	1
kgmicrobe.trait:4_8_6_2	biolink:PhenotypicQuality	4.8-6.2	BacDive_pH_for_growth	1
kgmicrobe.trait:4_8_6_3	biolink:PhenotypicQuality	4.8-6.3	BacDive_Cell_length	1
kgmicrobe.trait:4_8_6_8	biolink:PhenotypicQuality	4.8-6.8	BacDive_pH_for_growth	1
kgmicrobe.trait:4_8_7_7	biolink:PhenotypicQuality	4.8-7.7	BacDive_pH_for_growth	1
kgmicrobe.trait:4_8_7_8	biolink:PhenotypicQuality	4.8-7.8	BacDive_pH_for_growth	1
kgmicrobe.trait:4_8_8_0	biolink:PhenotypicQuality	4.8-8.0	BacDive_Cell_length	1
kgmicrobe.trait:4_8_8_1	biolink:PhenotypicQuality	4.8-8.1	BacDive_pH_for_growth	1
kgmicrobe.trait:4_8_8_6	biolink:PhenotypicQuality	4.8-8.6	BacDive_pH_for_growth	1
kgmicrobe.trait:4_8_days	biolink:PhenotypicQuality	4-8 days	BacDive_Incubation_period	1
kgmicrobe.trait:4_95	biolink:PhenotypicQuality	4.95	BacDive_Cell_length	1
kgmicrobe.trait:4_9_7_2	biolink:PhenotypicQuality	4.9-7.2	BacDive_pH_for_growth	1
kgmicrobe.trait:4_9_7_5	biolink:PhenotypicQuality	4.9-7.5	BacDive_pH_for_growth	1
kgmicrobe.trait:4_9_8_8	biolink:PhenotypicQuality	4.9-8.8	BacDive_pH_for_growth	1
kgmicrobe.trait:4_9_9_5	biolink:PhenotypicQuality	4.9-9.5	BacDive_pH_for_growth	1
kgmicrobe.trait:4_coumarate	biolink:PhenotypicQuality	4-coumarate	BacDive_Metabolite_utilization	1
kgmicrobe.trait:4_dihydroxy_biphenyl	biolink:PhenotypicQuality	4-dihydroxy-biphenyl	BacDive_Metabolite_utilization	1
kgmicrobe.trait:4_diol	biolink:PhenotypicQuality	4-diol	BacDive_Metabolite_utilization	1
kgmicrobe.trait:4_mar	biolink:PhenotypicQuality	4-Mar	BacDive_Cell_width	1
kgmicrobe.trait:4_methylumbelliferone_beta_d_glucuronide	biolink:PhenotypicQuality	4-methylumbelliferone beta-d-glucuronide	BacDive_Metabolite_utilization	1
kgmicrobe.trait:4_nitrophenyl_beta_d_galactoside	biolink:PhenotypicQuality	4-nitrophenyl-beta-D-galactoside	BacDive_Metabolite_utilization	1
kgmicrobe.trait:4_nitrophenyl_phosphate	biolink:PhenotypicQuality	4-nitrophenyl phosphate	BacDive_Metabolite_utilization	1
kgmicrobe.trait:4h_pyran_4_one	biolink:PhenotypicQuality	4h-pyran-4-one	BacDive_Metabolite_production	1
kgmicrobe.trait:50_0	biolink:PhenotypicQuality	50.0	BacDive_Temperature_for_growth	1
kgmicrobe.trait:50_0_80_0	biolink:PhenotypicQuality	50.0-80.0	BacDive_Temperature_for_growth	1
kgmicrobe.trait:50_55	biolink:PhenotypicQuality	50-55	BacDive_Temperature_for_growth	1
kgmicrobe.trait:50_60	biolink:PhenotypicQuality	50-60	BacDive_Salt_concentration	1
kgmicrobe.trait:50_62	biolink:PhenotypicQuality	50-62	BacDive_Temperature_for_growth	1
kgmicrobe.trait:50_67	biolink:PhenotypicQuality	50-67	BacDive_Temperature_for_growth	1
kgmicrobe.trait:50_74	biolink:PhenotypicQuality	50-74	BacDive_Temperature_for_growth	1
kgmicrobe.trait:50_90	biolink:PhenotypicQuality	50-90	BacDive_Temperature_for_growth	1
kgmicrobe.trait:50_92	biolink:PhenotypicQuality	50-92	BacDive_Temperature_for_growth	1
kgmicrobe.trait:52_70	biolink:PhenotypicQuality	52-70	BacDive_Temperature_for_growth	1
kgmicrobe.trait:52_78	biolink:PhenotypicQuality	52-78	BacDive_Temperature_for_growth	1
kgmicrobe.trait:52_82	biolink:PhenotypicQuality	52-82	BacDive_Temperature_for_growth	1
kgmicrobe.trait:54	biolink:PhenotypicQuality	54	BacDive_Temperature_for_growth	1
kgmicrobe.trait:55_64	biolink:PhenotypicQuality	55-64	BacDive_Temperature_for_growth	1
kgmicrobe.trait:55_65	biolink:PhenotypicQuality	55-65	BacDive_Temperature_for_growth	1
kgmicrobe.trait:55_67	biolink:PhenotypicQuality	55-67	BacDive_Temperature_for_growth	1
kgmicrobe.trait:55_68	biolink:PhenotypicQuality	55-68	BacDive_Temperature_for_growth	1
kgmicrobe.trait:55_73	biolink:PhenotypicQuality	55-73	BacDive_Temperature_for_growth	1
kgmicrobe.trait:55_75	biolink:PhenotypicQuality	55-75	BacDive_Temperature_for_growth	1
kgmicrobe.trait:55_77	biolink:PhenotypicQuality	55-77	BacDive_Temperature_for_growth	1
kgmicrobe.trait:55_78	biolink:PhenotypicQuality	55-78	BacDive_Temperature_for_growth	1
kgmicrobe.trait:55_85	biolink:PhenotypicQuality	55-85	BacDive_Temperature_for_growth	1
kgmicrobe.trait:55_90	biolink:PhenotypicQuality	55-90	BacDive_Temperature_for_growth	1
kgmicrobe.trait:56_81	biolink:PhenotypicQuality	56-81	BacDive_Temperature_for_growth	1
kgmicrobe.trait:56_83	biolink:PhenotypicQuality	56-83	BacDive_Temperature_for_growth	1
kgmicrobe.trait:5_0_12	biolink:PhenotypicQuality	5.0-12	BacDive_pH_for_growth	1
kgmicrobe.trait:5_0_25_0	biolink:PhenotypicQuality	5.0-25.0	BacDive_Salt_concentration	1
kgmicrobe.trait:5_0_34_0	biolink:PhenotypicQuality	5.0-34.0	BacDive_Temperature_for_growth	1
kgmicrobe.trait:5_0_36	biolink:PhenotypicQuality	5.0-36	BacDive_Temperature_for_growth	1
kgmicrobe.trait:5_0_40	biolink:PhenotypicQuality	5.0-40	BacDive_Temperature_for_growth	1
kgmicrobe.trait:5_0_42_0	biolink:PhenotypicQuality	5.0-42.0	BacDive_Temperature_for_growth	1
kgmicrobe.trait:5_0_5_5	biolink:PhenotypicQuality	5.0-5.5	BacDive_Salt_concentration	1
kgmicrobe.trait:5_0_6_0	biolink:PhenotypicQuality	5.0-6.0	BacDive_Cell_length	1
kgmicrobe.trait:5_0_6_8	biolink:PhenotypicQuality	5.0-6.8	BacDive_pH_for_growth	1
kgmicrobe.trait:5_0_7_6	biolink:PhenotypicQuality	5.0-7.6	BacDive_pH_for_growth	1
kgmicrobe.trait:5_0_9_6	biolink:PhenotypicQuality	5.0-9.6	BacDive_pH_for_growth	1
kgmicrobe.trait:5_100	biolink:PhenotypicQuality	5-100	BacDive_Salt_concentration	1
kgmicrobe.trait:5_10_2	biolink:PhenotypicQuality	5-10.2	BacDive_pH_for_growth	1
kgmicrobe.trait:5_10_4	biolink:PhenotypicQuality	5-10.4	BacDive_pH_for_growth	1
kgmicrobe.trait:5_11_5	biolink:PhenotypicQuality	5-11.5	BacDive_pH_for_growth	1
kgmicrobe.trait:5_12_days	biolink:PhenotypicQuality	5-12 days	BacDive_Incubation_period	1
kgmicrobe.trait:5_13	biolink:PhenotypicQuality	5-13	BacDive_pH_for_growth	1
kgmicrobe.trait:5_150	biolink:PhenotypicQuality	5-150	BacDive_Salt_concentration	1
kgmicrobe.trait:5_17_5	biolink:PhenotypicQuality	5-17.5	BacDive_Salt_concentration	1
kgmicrobe.trait:5_19_9	biolink:PhenotypicQuality	5-19.9	BacDive_Temperature_for_growth	1
kgmicrobe.trait:5_1_11_1	biolink:PhenotypicQuality	5.1-11.1	BacDive_pH_for_growth	1
kgmicrobe.trait:5_1_12_5	biolink:PhenotypicQuality	5.1-12.5	BacDive_Cell_length	1
kgmicrobe.trait:5_1_5_6	biolink:PhenotypicQuality	5.1-5.6	BacDive_Cell_length	1
kgmicrobe.trait:5_1_7_1	biolink:PhenotypicQuality	5.1-7.1	BacDive_pH_for_growth	1
kgmicrobe.trait:5_1_9_7	biolink:PhenotypicQuality	5.1-9.7	BacDive_pH_for_growth	1
kgmicrobe.trait:5_21_8	biolink:PhenotypicQuality	5-21.8	BacDive_Temperature_for_growth	1
kgmicrobe.trait:5_23	biolink:PhenotypicQuality	5-23	BacDive_Temperature_for_growth	1
kgmicrobe.trait:5_24	biolink:PhenotypicQuality	5-24	BacDive_Salt_concentration	1
kgmicrobe.trait:5_24_1	biolink:PhenotypicQuality	5-24.1	BacDive_Temperature_for_growth	1
kgmicrobe.trait:5_2_11_0	biolink:PhenotypicQuality	5.2-11.0	BacDive_pH_for_growth	1
kgmicrobe.trait:5_2_6_8	biolink:PhenotypicQuality	5.2-6.8	BacDive_pH_for_growth	1
kgmicrobe.trait:5_2_7_2	biolink:PhenotypicQuality	5.2-7.2	BacDive_pH_for_growth	1
kgmicrobe.trait:5_2_7_5	biolink:PhenotypicQuality	5.2-7.5	BacDive_pH_for_growth	1
kgmicrobe.trait:5_2_8	biolink:PhenotypicQuality	5.2-8	BacDive_pH_for_growth	1
kgmicrobe.trait:5_2_8_1	biolink:PhenotypicQuality	5.2-8.1	BacDive_pH_for_growth	1
kgmicrobe.trait:5_2_8_5	biolink:PhenotypicQuality	5.2-8.5	BacDive_pH_for_growth	1
kgmicrobe.trait:5_2_8_8	biolink:PhenotypicQuality	5.2-8.8	BacDive_pH_for_growth	1
kgmicrobe.trait:5_2_9	biolink:PhenotypicQuality	5.2-9	BacDive_pH_for_growth	1
kgmicrobe.trait:5_2_9_0	biolink:PhenotypicQuality	5.2-9.0	BacDive_pH_for_growth	1
kgmicrobe.trait:5_2_9_2	biolink:PhenotypicQuality	5.2-9.2	BacDive_pH_for_growth	1
kgmicrobe.trait:5_2_9_5	biolink:PhenotypicQuality	5.2-9.5	BacDive_pH_for_growth	1
kgmicrobe.trait:5_36	biolink:PhenotypicQuality	5-36	BacDive_Temperature_for_growth	1
kgmicrobe.trait:5_36_8_5	biolink:PhenotypicQuality	5.36-8.5	BacDive_pH_for_growth	1
kgmicrobe.trait:5_37_10_24	biolink:PhenotypicQuality	5.37-10.24	BacDive_Cell_length	1
kgmicrobe.trait:5_38	biolink:PhenotypicQuality	5-38	BacDive_Temperature_for_growth	1
kgmicrobe.trait:5_39	biolink:PhenotypicQuality	5-39	BacDive_Temperature_for_growth	1
kgmicrobe.trait:5_3_10_5	biolink:PhenotypicQuality	5.3-10.5	BacDive_pH_for_growth	1
kgmicrobe.trait:5_3_8_2	biolink:PhenotypicQuality	5.3-8.2	BacDive_pH_for_growth	1
kgmicrobe.trait:5_3_8_8	biolink:PhenotypicQuality	5.3-8.8	BacDive_pH_for_growth	1
kgmicrobe.trait:5_42_5	biolink:PhenotypicQuality	5-42.5	BacDive_Temperature_for_growth	1
kgmicrobe.trait:5_43	biolink:PhenotypicQuality	5-43	BacDive_Temperature_for_growth	1
kgmicrobe.trait:5_4_6_2	biolink:PhenotypicQuality	5.4-6.2	BacDive_Cell_length	1
kgmicrobe.trait:5_4_6_9	biolink:PhenotypicQuality	5.4-6.9	BacDive_pH_for_growth	1
kgmicrobe.trait:5_4_7_0	biolink:PhenotypicQuality	5.4-7.0	BacDive_pH_for_growth	1
kgmicrobe.trait:5_4_7_9	biolink:PhenotypicQuality	5.4-7.9	BacDive_pH_for_growth	1
kgmicrobe.trait:5_4_8_3	biolink:PhenotypicQuality	5.4-8.3	BacDive_pH_for_growth	1
kgmicrobe.trait:5_4_8_4	biolink:PhenotypicQuality	5.4-8.4	BacDive_pH_for_growth	1
kgmicrobe.trait:5_4_8_6	biolink:PhenotypicQuality	5.4-8.6	BacDive_pH_for_growth	1
kgmicrobe.trait:5_4_9_5	biolink:PhenotypicQuality	5.4-9.5	BacDive_pH_for_growth	1
kgmicrobe.trait:5_50	biolink:PhenotypicQuality	5-50	BacDive_Temperature_for_growth	1
kgmicrobe.trait:5_55	biolink:PhenotypicQuality	5-55	BacDive_Temperature_for_growth	1
kgmicrobe.trait:5_5_10_4	biolink:PhenotypicQuality	5.5-10.4	BacDive_pH_for_growth	1
kgmicrobe.trait:5_5_10_75	biolink:PhenotypicQuality	5.5-10.75	BacDive_pH_for_growth	1
kgmicrobe.trait:5_5_6	biolink:PhenotypicQuality	5.5-6	BacDive_Cell_length	1
kgmicrobe.trait:5_5_7_1	biolink:PhenotypicQuality	5.5-7.1	BacDive_pH_for_growth	1
kgmicrobe.trait:5_5_7_9	biolink:PhenotypicQuality	5.5-7.9	BacDive_pH_for_growth	1
kgmicrobe.trait:5_5_8_2	biolink:PhenotypicQuality	5.5-8.2	BacDive_pH_for_growth	1
kgmicrobe.trait:5_5_8_3	biolink:PhenotypicQuality	5.5-8.3	BacDive_pH_for_growth	1
kgmicrobe.trait:5_5_8_6	biolink:PhenotypicQuality	5.5-8.6	BacDive_pH_for_growth	1
kgmicrobe.trait:5_5_8_8	biolink:PhenotypicQuality	5.5-8.8	BacDive_pH_for_growth	1
kgmicrobe.trait:5_5_9_7	biolink:PhenotypicQuality	5.5-9.7	BacDive_pH_for_growth	1
kgmicrobe.trait:5_65	biolink:PhenotypicQuality	5.65	BacDive_Cell_length	1
kgmicrobe.trait:5_6_10_1	biolink:PhenotypicQuality	5.6-10.1	BacDive_pH_for_growth	1
kgmicrobe.trait:5_6_11	biolink:PhenotypicQuality	5.6-11	BacDive_pH_for_growth	1
kgmicrobe.trait:5_6_5_7	biolink:PhenotypicQuality	5.6-5.7	BacDive_pH_for_growth	1
kgmicrobe.trait:5_6_7_6	biolink:PhenotypicQuality	5.6-7.6	BacDive_pH_for_growth	1
kgmicrobe.trait:5_6_7_7	biolink:PhenotypicQuality	5.6-7.7	BacDive_pH_for_growth	1
kgmicrobe.trait:5_6_8	biolink:PhenotypicQuality	5.6-8	BacDive_pH_for_growth	1
kgmicrobe.trait:5_6_8_0	biolink:PhenotypicQuality	5.6-8.0	BacDive_pH_for_growth	1
kgmicrobe.trait:5_6_8_4	biolink:PhenotypicQuality	5.6-8.4	BacDive_pH_for_growth	1
kgmicrobe.trait:5_6_8_7	biolink:PhenotypicQuality	5.6-8.7	BacDive_pH_for_growth	1
kgmicrobe.trait:5_6_8_8	biolink:PhenotypicQuality	5.6-8.8	BacDive_pH_for_growth	1
kgmicrobe.trait:5_6_8_9	biolink:PhenotypicQuality	5.6-8.9	BacDive_Cell_length	1
kgmicrobe.trait:5_6_9_0	biolink:PhenotypicQuality	5.6-9.0	BacDive_pH_for_growth	1
kgmicrobe.trait:5_6_9_8	biolink:PhenotypicQuality	5.6-9.8	BacDive_pH_for_growth	1
kgmicrobe.trait:5_6_9_9	biolink:PhenotypicQuality	5.6-9.9	BacDive_pH_for_growth	1
kgmicrobe.trait:5_70_8_15	biolink:PhenotypicQuality	5.70-8.15	BacDive_pH_for_growth	1
kgmicrobe.trait:5_70_8_45	biolink:PhenotypicQuality	5.70-8.45	BacDive_pH_for_growth	1
kgmicrobe.trait:5_75_8_0	biolink:PhenotypicQuality	5.75-8.0	BacDive_pH_for_growth	1
kgmicrobe.trait:5_75_9_75	biolink:PhenotypicQuality	5.75-9.75	BacDive_pH_for_growth	1
kgmicrobe.trait:5_7_10	biolink:PhenotypicQuality	5.7-10	BacDive_pH_for_growth	1
kgmicrobe.trait:5_7_10_0	biolink:PhenotypicQuality	5.7-10.0	BacDive_pH_for_growth	1
kgmicrobe.trait:5_7_2	biolink:PhenotypicQuality	5-7.2	BacDive_pH_for_growth	1
kgmicrobe.trait:5_7_4	biolink:PhenotypicQuality	5-7.4	BacDive_pH_for_growth	1
kgmicrobe.trait:5_7_6	biolink:PhenotypicQuality	5-7.6	BacDive_pH_for_growth	1
kgmicrobe.trait:5_7_6_8	biolink:PhenotypicQuality	5.7-6.8	BacDive_pH_for_growth	1
kgmicrobe.trait:5_7_7_7	biolink:PhenotypicQuality	5.7-7.7	BacDive_pH_for_growth	1
kgmicrobe.trait:5_7_7_8	biolink:PhenotypicQuality	5.7-7.8	BacDive_pH_for_growth	1
kgmicrobe.trait:5_7_8	biolink:PhenotypicQuality	5.7-8	BacDive_pH_for_growth	1
kgmicrobe.trait:5_7_8_8	biolink:PhenotypicQuality	5.7-8.8	BacDive_pH_for_growth	1
kgmicrobe.trait:5_7_9_0	biolink:PhenotypicQuality	5.7-9.0	BacDive_pH_for_growth	1
kgmicrobe.trait:5_7_9_1	biolink:PhenotypicQuality	5.7-9.1	BacDive_pH_for_growth	1
kgmicrobe.trait:5_80	biolink:PhenotypicQuality	5-80	BacDive_Salt_concentration	1
kgmicrobe.trait:5_8_10	biolink:PhenotypicQuality	5.8-10	BacDive_pH_for_growth	1
kgmicrobe.trait:5_8_10_0	biolink:PhenotypicQuality	5.8-10.0	BacDive_pH_for_growth	1
kgmicrobe.trait:5_8_11_0	biolink:PhenotypicQuality	5.8-11.0	BacDive_pH_for_growth	1
kgmicrobe.trait:5_8_2	biolink:PhenotypicQuality	5-8.2	BacDive_pH_for_growth	1
kgmicrobe.trait:5_8_23_2	biolink:PhenotypicQuality	5.8-23.2	BacDive_Salt_concentration	1
kgmicrobe.trait:5_8_27_84	biolink:PhenotypicQuality	5.8-27.84	BacDive_Salt_concentration	1
kgmicrobe.trait:5_8_6_3	biolink:PhenotypicQuality	5.8-6.3	BacDive_Cell_length	1
kgmicrobe.trait:5_8_7_5	biolink:PhenotypicQuality	5.8-7.5	BacDive_pH_for_growth	1
kgmicrobe.trait:5_8_7_8	biolink:PhenotypicQuality	5.8-7.8	BacDive_pH_for_growth	1
kgmicrobe.trait:5_8_8	biolink:PhenotypicQuality	5.8-8	BacDive_pH_for_growth	1
kgmicrobe.trait:5_8_8_3	biolink:PhenotypicQuality	5.8-8.3	BacDive_pH_for_growth	1
kgmicrobe.trait:5_8_9_2	biolink:PhenotypicQuality	5.8-9.2	BacDive_pH_for_growth	1
kgmicrobe.trait:5_8_9_3	biolink:PhenotypicQuality	5.8-9.3	BacDive_pH_for_growth	1
kgmicrobe.trait:5_8_9_5	biolink:PhenotypicQuality	5.8-9.5	BacDive_pH_for_growth	1
kgmicrobe.trait:5_9_6	biolink:PhenotypicQuality	5-9.6	BacDive_pH_for_growth	1
kgmicrobe.trait:5_9_6_9	biolink:PhenotypicQuality	5.9-6.9	BacDive_pH_for_growth	1
kgmicrobe.trait:5_9_7_7	biolink:PhenotypicQuality	5.9-7.7	BacDive_pH_for_growth	1
kgmicrobe.trait:5_9_7_9	biolink:PhenotypicQuality	5.9-7.9	BacDive_pH_for_growth	1
kgmicrobe.trait:5_9_8	biolink:PhenotypicQuality	5-9.8	BacDive_pH_for_growth	1
kgmicrobe.trait:5_9_8_0	biolink:PhenotypicQuality	5.9-8.0	BacDive_pH_for_growth	1
kgmicrobe.trait:5_9_8_2	biolink:PhenotypicQuality	5.9-8.2	BacDive_pH_for_growth	1
kgmicrobe.trait:5_9_8_5	biolink:PhenotypicQuality	5.9-8.5	BacDive_pH_for_growth	1
kgmicrobe.trait:5_9_8_7	biolink:PhenotypicQuality	5.9-8.7	BacDive_pH_for_growth	1
kgmicrobe.trait:5_9_9	biolink:PhenotypicQuality	5.9-9	BacDive_pH_for_growth	1
kgmicrobe.trait:5_9_9_2	biolink:PhenotypicQuality	5.9-9.2	BacDive_pH_for_growth	1
kgmicrobe.trait:5_9_9_5	biolink:PhenotypicQuality	5.9-9.5	BacDive_pH_for_growth	1
kgmicrobe.trait:5_didehydro_d_gluconic_acid	biolink:PhenotypicQuality	5-didehydro-D-gluconic acid	BacDive_Metabolite_production	1
kgmicrobe.trait:5_fluorouracil	biolink:PhenotypicQuality	5-fluorouracil	BacDive_Antibiotic_resistance	1
kgmicrobe.trait:60_0_88_0	biolink:PhenotypicQuality	60.0-88.0	BacDive_Temperature_for_growth	1
kgmicrobe.trait:60_75	biolink:PhenotypicQuality	60-75	BacDive_Temperature_for_growth	1
kgmicrobe.trait:60_82	biolink:PhenotypicQuality	60-82	BacDive_Temperature_for_growth	1
kgmicrobe.trait:60_90	biolink:PhenotypicQuality	60-90	BacDive_Temperature_for_growth	1
kgmicrobe.trait:60_95	biolink:PhenotypicQuality	60-95	BacDive_Temperature_for_growth	1
kgmicrobe.trait:60_days	biolink:PhenotypicQuality	60 days	BacDive_Incubation_period	1
kgmicrobe.trait:61_80	biolink:PhenotypicQuality	61-80	BacDive_Temperature_for_growth	1
kgmicrobe.trait:64	biolink:PhenotypicQuality	64	BacDive_Temperature_for_growth	1
kgmicrobe.trait:65_0_70_0	biolink:PhenotypicQuality	65.0-70.0	BacDive_Temperature_for_growth	1
kgmicrobe.trait:65_80	biolink:PhenotypicQuality	65-80	BacDive_Temperature_for_growth	1
kgmicrobe.trait:65_93	biolink:PhenotypicQuality	65-93	BacDive_Temperature_for_growth	1
kgmicrobe.trait:67_5_75	biolink:PhenotypicQuality	67.5-75	BacDive_Temperature_for_growth	1
kgmicrobe.trait:67_90	biolink:PhenotypicQuality	67-90	BacDive_Temperature_for_growth	1
kgmicrobe.trait:680	biolink:PhenotypicQuality	680	BacDive_Salt_concentration	1
kgmicrobe.trait:6_0_10_2	biolink:PhenotypicQuality	6.0-10.2	BacDive_pH_for_growth	1
kgmicrobe.trait:6_0_10_3	biolink:PhenotypicQuality	6.0-10.3	BacDive_pH_for_growth	1
kgmicrobe.trait:6_0_10_8	biolink:PhenotypicQuality	6.0-10.8	BacDive_pH_for_growth	1
kgmicrobe.trait:6_0_11_5	biolink:PhenotypicQuality	6.0-11.5	BacDive_pH_for_growth	1
kgmicrobe.trait:6_0_12	biolink:PhenotypicQuality	6.0-12	BacDive_pH_for_growth	1
kgmicrobe.trait:6_0_14_0	biolink:PhenotypicQuality	6.0-14.0	BacDive_Salt_concentration	1
kgmicrobe.trait:6_0_16_0	biolink:PhenotypicQuality	6.0-16.0	BacDive_Cell_length	1
kgmicrobe.trait:6_0_27_5	biolink:PhenotypicQuality	6.0-27.5	BacDive_Cell_length	1
kgmicrobe.trait:6_0_50_0	biolink:PhenotypicQuality	6.0-50.0	BacDive_Temperature_for_growth	1
kgmicrobe.trait:6_0_6_3	biolink:PhenotypicQuality	6.0-6.3	BacDive_Cell_length	1
kgmicrobe.trait:6_0_6_5	biolink:PhenotypicQuality	6.0-6.5	BacDive_pH_for_growth	1
kgmicrobe.trait:6_0_6_6	biolink:PhenotypicQuality	6.0-6.6	BacDive_pH_for_growth	1
kgmicrobe.trait:6_0_7_2	biolink:PhenotypicQuality	6.0-7.2	BacDive_pH_for_growth	1
kgmicrobe.trait:6_0_7_3	biolink:PhenotypicQuality	6.0-7.3	BacDive_pH_for_growth	1
kgmicrobe.trait:6_0_8_2	biolink:PhenotypicQuality	6.0-8.2	BacDive_pH_for_growth	1
kgmicrobe.trait:6_0_8_7	biolink:PhenotypicQuality	6.0-8.7	BacDive_pH_for_growth	1
kgmicrobe.trait:6_0_8_8	biolink:PhenotypicQuality	6.0-8.8	BacDive_pH_for_growth	1
kgmicrobe.trait:6_0_8_9	biolink:PhenotypicQuality	6.0-8.9	BacDive_pH_for_growth	1
kgmicrobe.trait:6_0_9_1	biolink:PhenotypicQuality	6.0-9.1	BacDive_pH_for_growth	1
kgmicrobe.trait:6_1	biolink:PhenotypicQuality	6.1	BacDive_Cell_length	1
kgmicrobe.trait:6_10_6	biolink:PhenotypicQuality	6-10.6	BacDive_pH_for_growth	1
kgmicrobe.trait:6_13	biolink:PhenotypicQuality	6-13	BacDive_pH_for_growth	1
kgmicrobe.trait:6_1_11_1	biolink:PhenotypicQuality	6.1-11.1	BacDive_pH_for_growth	1
kgmicrobe.trait:6_1_7_1	biolink:PhenotypicQuality	6.1-7.1	BacDive_pH_for_growth	1
kgmicrobe.trait:6_1_7_8	biolink:PhenotypicQuality	6.1-7.8	BacDive_pH_for_growth	1
kgmicrobe.trait:6_1_8_2	biolink:PhenotypicQuality	6.1-8.2	BacDive_pH_for_growth	1
kgmicrobe.trait:6_1_8_3	biolink:PhenotypicQuality	6.1-8.3	BacDive_pH_for_growth	1
kgmicrobe.trait:6_1_8_9	biolink:PhenotypicQuality	6.1-8.9	BacDive_pH_for_growth	1
kgmicrobe.trait:6_1_9_2	biolink:PhenotypicQuality	6.1-9.2	BacDive_pH_for_growth	1
kgmicrobe.trait:6_1_9_6	biolink:PhenotypicQuality	6.1-9.6	BacDive_pH_for_growth	1
kgmicrobe.trait:6_1_9_8	biolink:PhenotypicQuality	6.1-9.8	BacDive_pH_for_growth	1
kgmicrobe.trait:6_20	biolink:PhenotypicQuality	6-20	BacDive_Cell_length	1
kgmicrobe.trait:6_25_7_65	biolink:PhenotypicQuality	6.25-7.65	BacDive_pH_for_growth	1
kgmicrobe.trait:6_29	biolink:PhenotypicQuality	6-29	BacDive_Salt_concentration	1
kgmicrobe.trait:6_2_7_5	biolink:PhenotypicQuality	6.2-7.5	BacDive_pH_for_growth	1
kgmicrobe.trait:6_2_7_8	biolink:PhenotypicQuality	6.2-7.8	BacDive_pH_for_growth	1
kgmicrobe.trait:6_2_7_9	biolink:PhenotypicQuality	6.2-7.9	BacDive_pH_for_growth	1
kgmicrobe.trait:6_2_8_1	biolink:PhenotypicQuality	6.2-8.1	BacDive_pH_for_growth	1
kgmicrobe.trait:6_2_8_2	biolink:PhenotypicQuality	6.2-8.2	BacDive_pH_for_growth	1
kgmicrobe.trait:6_2_8_5	biolink:PhenotypicQuality	6.2-8.5	BacDive_pH_for_growth	1
kgmicrobe.trait:6_2_8_7	biolink:PhenotypicQuality	6.2-8.7	BacDive_pH_for_growth	1
kgmicrobe.trait:6_2_8_9	biolink:PhenotypicQuality	6.2-8.9	BacDive_pH_for_growth	1
kgmicrobe.trait:6_2_9_0	biolink:PhenotypicQuality	6.2-9.0	BacDive_pH_for_growth	1
kgmicrobe.trait:6_2_9_1	biolink:PhenotypicQuality	6.2-9.1	BacDive_pH_for_growth	1
kgmicrobe.trait:6_2_9_2	biolink:PhenotypicQuality	6.2-9.2	BacDive_pH_for_growth	1
kgmicrobe.trait:6_2_9_5	biolink:PhenotypicQuality	6.2-9.5	BacDive_pH_for_growth	1
kgmicrobe.trait:6_32	biolink:PhenotypicQuality	6-32	BacDive_Temperature_for_growth	1
kgmicrobe.trait:6_34	biolink:PhenotypicQuality	6-34	BacDive_Temperature_for_growth	1
kgmicrobe.trait:6_35	biolink:PhenotypicQuality	6.35	BacDive_Cell_length	1
kgmicrobe.trait:6_3_10_5	biolink:PhenotypicQuality	6.3-10.5	BacDive_pH_for_growth	1
kgmicrobe.trait:6_3_7_2	biolink:PhenotypicQuality	6.3-7.2	BacDive_pH_for_growth	1
kgmicrobe.trait:6_3_7_5	biolink:PhenotypicQuality	6.3-7.5	BacDive_pH_for_growth	1
kgmicrobe.trait:6_3_8	biolink:PhenotypicQuality	6.3-8	BacDive_pH_for_growth	1
kgmicrobe.trait:6_3_8_4	biolink:PhenotypicQuality	6.3-8.4	BacDive_pH_for_growth	1
kgmicrobe.trait:6_3_8_6	biolink:PhenotypicQuality	6.3-8.6	BacDive_pH_for_growth	1
kgmicrobe.trait:6_3_8_7	biolink:PhenotypicQuality	6.3-8.7	BacDive_pH_for_growth	1
kgmicrobe.trait:6_3_8_8	biolink:PhenotypicQuality	6.3-8.8	BacDive_pH_for_growth	1
kgmicrobe.trait:6_3_9_0	biolink:PhenotypicQuality	6.3-9.0	BacDive_pH_for_growth	1
kgmicrobe.trait:6_3_9_2	biolink:PhenotypicQuality	6.3-9.2	BacDive_pH_for_growth	1
kgmicrobe.trait:6_3_9_5	biolink:PhenotypicQuality	6.3-9.5	BacDive_pH_for_growth	1
kgmicrobe.trait:6_3_9_6	biolink:PhenotypicQuality	6.3-9.6	BacDive_pH_for_growth	1
kgmicrobe.trait:6_3_9_8	biolink:PhenotypicQuality	6.3-9.8	BacDive_pH_for_growth	1
kgmicrobe.trait:6_41	biolink:PhenotypicQuality	6-41	BacDive_Temperature_for_growth	1
kgmicrobe.trait:6_42	biolink:PhenotypicQuality	6-42	BacDive_Temperature_for_growth	1
kgmicrobe.trait:6_43	biolink:PhenotypicQuality	6-43	BacDive_Temperature_for_growth	1
kgmicrobe.trait:6_4_10	biolink:PhenotypicQuality	6.4-10	BacDive_pH_for_growth	1
kgmicrobe.trait:6_4_8_1	biolink:PhenotypicQuality	6.4-8.1	BacDive_pH_for_growth	1
kgmicrobe.trait:6_4_8_7	biolink:PhenotypicQuality	6.4-8.7	BacDive_pH_for_growth	1
kgmicrobe.trait:6_4_9	biolink:PhenotypicQuality	6.4-9	BacDive_Cell_length	1
kgmicrobe.trait:6_4_9_7	biolink:PhenotypicQuality	6.4-9.7	BacDive_pH_for_growth	1
kgmicrobe.trait:6_50	biolink:PhenotypicQuality	6.50	BacDive_Salt_concentration	1
kgmicrobe.trait:6_50_8_00	biolink:PhenotypicQuality	6.50-8.00	BacDive_pH_for_growth	1
kgmicrobe.trait:6_5_10_3	biolink:PhenotypicQuality	6.5-10.3	BacDive_pH_for_growth	1
kgmicrobe.trait:6_5_12_5	biolink:PhenotypicQuality	6.5-12.5	BacDive_pH_for_growth	1
kgmicrobe.trait:6_5_6_8	biolink:PhenotypicQuality	6.5-6.8	BacDive_pH_for_growth	1
kgmicrobe.trait:6_5_7_3	biolink:PhenotypicQuality	6.5-7.3	BacDive_pH_for_growth	1
kgmicrobe.trait:6_5_7_7	biolink:PhenotypicQuality	6.5-7.7	BacDive_pH_for_growth	1
kgmicrobe.trait:6_5_7_75	biolink:PhenotypicQuality	6.5-7.75	BacDive_pH_for_growth	1
kgmicrobe.trait:6_5_7_8	biolink:PhenotypicQuality	6.5-7.8	BacDive_pH_for_growth	1
kgmicrobe.trait:6_5_8_6	biolink:PhenotypicQuality	6.5-8.6	BacDive_pH_for_growth	1
kgmicrobe.trait:6_5_8_8	biolink:PhenotypicQuality	6.5-8.8	BacDive_pH_for_growth	1
kgmicrobe.trait:6_5_9_3	biolink:PhenotypicQuality	6.5-9.3	BacDive_pH_for_growth	1
kgmicrobe.trait:6_5_9_6	biolink:PhenotypicQuality	6.5-9.6	BacDive_pH_for_growth	1
kgmicrobe.trait:6_5_9_7	biolink:PhenotypicQuality	6.5-9.7	BacDive_pH_for_growth	1
kgmicrobe.trait:6_6_6_9	biolink:PhenotypicQuality	6.6-6.9	BacDive_pH_for_growth	1
kgmicrobe.trait:6_6_7	biolink:PhenotypicQuality	6-6.7	BacDive_pH_for_growth	1
kgmicrobe.trait:6_6_7_5	biolink:PhenotypicQuality	6.6-7.5	BacDive_pH_for_growth	1
kgmicrobe.trait:6_6_7_7	biolink:PhenotypicQuality	6.6.-7.7	BacDive_pH_for_growth	1
kgmicrobe.trait:6_6_7_8	biolink:PhenotypicQuality	6.6-7.8	BacDive_pH_for_growth	1
kgmicrobe.trait:6_6_8	biolink:PhenotypicQuality	6-6.8	BacDive_pH_for_growth	1
kgmicrobe.trait:6_6_8_3	biolink:PhenotypicQuality	6.6-8.3	BacDive_pH_for_growth	1
kgmicrobe.trait:6_6_9_0	biolink:PhenotypicQuality	6.6-9.0	BacDive_pH_for_growth	1
kgmicrobe.trait:6_7_10_3	biolink:PhenotypicQuality	6.7-10.3	BacDive_pH_for_growth	1
kgmicrobe.trait:6_7_2	biolink:PhenotypicQuality	6-7.2	BacDive_pH_for_growth	1
kgmicrobe.trait:6_7_7	biolink:PhenotypicQuality	6-7.7	BacDive_pH_for_growth	1
kgmicrobe.trait:6_7_8_0	biolink:PhenotypicQuality	6.7-8.0	BacDive_pH_for_growth	1
kgmicrobe.trait:6_7_9_5	biolink:PhenotypicQuality	6.7-9.5	BacDive_pH_for_growth	1
kgmicrobe.trait:6_7_9_7	biolink:PhenotypicQuality	6.7-9.7	BacDive_pH_for_growth	1
kgmicrobe.trait:6_8_10	biolink:PhenotypicQuality	6.8-10	BacDive_pH_for_growth	1
kgmicrobe.trait:6_8_10_0	biolink:PhenotypicQuality	6.8-10.0	BacDive_pH_for_growth	1
kgmicrobe.trait:6_8_12_0	biolink:PhenotypicQuality	6.8-12.0	BacDive_pH_for_growth	1
kgmicrobe.trait:6_8_3	biolink:PhenotypicQuality	6-8.3	BacDive_pH_for_growth	1
kgmicrobe.trait:6_8_7	biolink:PhenotypicQuality	6-8.7	BacDive_pH_for_growth	1
kgmicrobe.trait:6_8_7_2	biolink:PhenotypicQuality	6.8-7.2	BacDive_pH_for_growth	1
kgmicrobe.trait:6_8_7_6	biolink:PhenotypicQuality	6.8-7.6	BacDive_pH_for_growth	1
kgmicrobe.trait:6_8_8_1	biolink:PhenotypicQuality	6.8-8.1	BacDive_pH_for_growth	1
kgmicrobe.trait:6_8_8_2	biolink:PhenotypicQuality	6.8-8.2	BacDive_pH_for_growth	1
kgmicrobe.trait:6_8_8_8	biolink:PhenotypicQuality	6.8-8.8	BacDive_pH_for_growth	1
kgmicrobe.trait:6_8_9	biolink:PhenotypicQuality	6-8.9	BacDive_pH_for_growth	1
kgmicrobe.trait:6_8_9_0	biolink:PhenotypicQuality	6.8-9.0	BacDive_pH_for_growth	1
kgmicrobe.trait:6_8_9_5	biolink:PhenotypicQuality	6.8-9.5	BacDive_pH_for_growth	1
kgmicrobe.trait:6_8_days	biolink:PhenotypicQuality	6-8 days	BacDive_Incubation_period	1
kgmicrobe.trait:6_9_3	biolink:PhenotypicQuality	6-9.3	BacDive_pH_for_growth	1
kgmicrobe.trait:6_9_4	biolink:PhenotypicQuality	6-9.4	BacDive_pH_for_growth	1
kgmicrobe.trait:6_9_7	biolink:PhenotypicQuality	6-9.7	BacDive_pH_for_growth	1
kgmicrobe.trait:6_9_9_3	biolink:PhenotypicQuality	6.9-9.3	BacDive_pH_for_growth	1
kgmicrobe.trait:6_9_9_9	biolink:PhenotypicQuality	6.9-9.9	BacDive_pH_for_growth	1
kgmicrobe.trait:6_deoxy_d_galactose	biolink:PhenotypicQuality	6-deoxy-d-galactose	BacDive_Metabolite_utilization	1
kgmicrobe.trait:70_100	biolink:PhenotypicQuality	70-100	BacDive_Temperature_for_growth	1
kgmicrobe.trait:70_90	biolink:PhenotypicQuality	70-90	BacDive_Temperature_for_growth	1
kgmicrobe.trait:70_97	biolink:PhenotypicQuality	70-97	BacDive_Temperature_for_growth	1
kgmicrobe.trait:70_98	biolink:PhenotypicQuality	70-98	BacDive_Temperature_for_growth	1
kgmicrobe.trait:72_76	biolink:PhenotypicQuality	72-76	BacDive_Temperature_for_growth	1
kgmicrobe.trait:73_98	biolink:PhenotypicQuality	73-98	BacDive_Temperature_for_growth	1
kgmicrobe.trait:75_95	biolink:PhenotypicQuality	75-95	BacDive_Temperature_for_growth	1
kgmicrobe.trait:75_98	biolink:PhenotypicQuality	75-98	BacDive_Temperature_for_growth	1
kgmicrobe.trait:7_0_10	biolink:PhenotypicQuality	7.0-10.	BacDive_pH_for_growth	1
kgmicrobe.trait:7_0_10_7	biolink:PhenotypicQuality	7.0-10.7	BacDive_pH_for_growth	1
kgmicrobe.trait:7_0_16_0	biolink:PhenotypicQuality	7.0-16.0	BacDive_Cell_length	1
kgmicrobe.trait:7_0_30_0	biolink:PhenotypicQuality	7.0-30.0	BacDive_Salt_concentration	1
kgmicrobe.trait:7_0_8_3	biolink:PhenotypicQuality	7.0-8.3	BacDive_pH_for_growth	1
kgmicrobe.trait:7_0_8_8	biolink:PhenotypicQuality	7.0-8.8	BacDive_pH_for_growth	1
kgmicrobe.trait:7_0_9_2	biolink:PhenotypicQuality	7.0-9.2	BacDive_pH_for_growth	1
kgmicrobe.trait:7_10_2	biolink:PhenotypicQuality	7-10.2	BacDive_pH_for_growth	1
kgmicrobe.trait:7_10_5	biolink:PhenotypicQuality	7-10.5	BacDive_pH_for_growth	1
kgmicrobe.trait:7_10_8	biolink:PhenotypicQuality	7-10.8	BacDive_pH_for_growth	1
kgmicrobe.trait:7_12_5	biolink:PhenotypicQuality	7-12.5	BacDive_pH_for_growth	1
kgmicrobe.trait:7_13	biolink:PhenotypicQuality	7-13	BacDive_pH_for_growth	1
kgmicrobe.trait:7_1_8_1	biolink:PhenotypicQuality	7.1-8.1	BacDive_pH_for_growth	1
kgmicrobe.trait:7_1_9_1	biolink:PhenotypicQuality	7.1-9.1	BacDive_pH_for_growth	1
kgmicrobe.trait:7_23	biolink:PhenotypicQuality	7-23	BacDive_Salt_concentration	1
kgmicrobe.trait:7_2_10_2	biolink:PhenotypicQuality	7.2-10.2	BacDive_pH_for_growth	1
kgmicrobe.trait:7_2_9_0	biolink:PhenotypicQuality	7.2-9.0	BacDive_pH_for_growth	1
kgmicrobe.trait:7_2_9_5	biolink:PhenotypicQuality	7.2-9.5	BacDive_pH_for_growth	1
kgmicrobe.trait:7_2_9_6	biolink:PhenotypicQuality	7.2-9.6	BacDive_pH_for_growth	1
kgmicrobe.trait:7_3	biolink:PhenotypicQuality	7.3	BacDive_Cell_length	1
kgmicrobe.trait:7_39	biolink:PhenotypicQuality	7-39	BacDive_Temperature_for_growth	1
kgmicrobe.trait:7_3_10_0	biolink:PhenotypicQuality	7.3-10.0	BacDive_pH_for_growth	1
kgmicrobe.trait:7_3_10_4	biolink:PhenotypicQuality	7.3-10.4	BacDive_pH_for_growth	1
kgmicrobe.trait:7_41_5	biolink:PhenotypicQuality	7-41.5	BacDive_Temperature_for_growth	1
kgmicrobe.trait:7_42	biolink:PhenotypicQuality	7-42	BacDive_Temperature_for_growth	1
kgmicrobe.trait:7_4_11	biolink:PhenotypicQuality	7.4-11	BacDive_pH_for_growth	1
kgmicrobe.trait:7_4_9_0	biolink:PhenotypicQuality	7.4-9.0	BacDive_pH_for_growth	1
kgmicrobe.trait:7_50	biolink:PhenotypicQuality	7.50	BacDive_Salt_concentration	1
kgmicrobe.trait:7_54	biolink:PhenotypicQuality	7.54	BacDive_Salt_concentration	1
kgmicrobe.trait:7_5_10_6	biolink:PhenotypicQuality	7.5-10.6	BacDive_pH_for_growth	1
kgmicrobe.trait:7_5_10_7	biolink:PhenotypicQuality	7.5-10.7	BacDive_pH_for_growth	1
kgmicrobe.trait:7_5_11_0	biolink:PhenotypicQuality	7.5-11.0	BacDive_pH_for_growth	1
kgmicrobe.trait:7_5_12_0	biolink:PhenotypicQuality	7.5-12.0	BacDive_pH_for_growth	1
kgmicrobe.trait:7_5_13	biolink:PhenotypicQuality	7.5-13	BacDive_pH_for_growth	1
kgmicrobe.trait:7_5_15	biolink:PhenotypicQuality	7.5-15	BacDive_Salt_concentration	1
kgmicrobe.trait:7_5_9_0	biolink:PhenotypicQuality	7.5-9.0	BacDive_pH_for_growth	1
kgmicrobe.trait:7_5_9_5	biolink:PhenotypicQuality	7.5-9.5	BacDive_pH_for_growth	1
kgmicrobe.trait:7_5_9_7	biolink:PhenotypicQuality	7.5-9.7	BacDive_pH_for_growth	1
kgmicrobe.trait:7_6_9_3	biolink:PhenotypicQuality	7.6-9.3	BacDive_pH_for_growth	1
kgmicrobe.trait:7_75	biolink:PhenotypicQuality	7.75	BacDive_Salt_concentration	1
kgmicrobe.trait:7_7_3	biolink:PhenotypicQuality	7-7.3	BacDive_pH_for_growth	1
kgmicrobe.trait:7_7_9_9	biolink:PhenotypicQuality	7.7-9.9	BacDive_pH_for_growth	1
kgmicrobe.trait:7_8_10_1	biolink:PhenotypicQuality	7.8-10.1	BacDive_pH_for_growth	1
kgmicrobe.trait:7_8_10_5	biolink:PhenotypicQuality	7.8-10.5	BacDive_pH_for_growth	1
kgmicrobe.trait:7_8_10_6	biolink:PhenotypicQuality	7.8-10.6	BacDive_pH_for_growth	1
kgmicrobe.trait:7_8_4	biolink:PhenotypicQuality	7-8.4	BacDive_pH_for_growth	1
kgmicrobe.trait:7_8_6	biolink:PhenotypicQuality	7-8.6	BacDive_pH_for_growth	1
kgmicrobe.trait:7_8_9_5	biolink:PhenotypicQuality	7.8-9.5	BacDive_pH_for_growth	1
kgmicrobe.trait:7_9_3	biolink:PhenotypicQuality	7-9.3	BacDive_pH_for_growth	1
kgmicrobe.trait:80_95	biolink:PhenotypicQuality	80-95	BacDive_Temperature_for_growth	1
kgmicrobe.trait:82_85	biolink:PhenotypicQuality	82-85	BacDive_Temperature_for_growth	1
kgmicrobe.trait:82_97	biolink:PhenotypicQuality	82-97	BacDive_Temperature_for_growth	1
kgmicrobe.trait:84	biolink:PhenotypicQuality	84	BacDive_Temperature_for_growth	1
kgmicrobe.trait:85_98	biolink:PhenotypicQuality	85-98	BacDive_Temperature_for_growth	1
kgmicrobe.trait:88_90	biolink:PhenotypicQuality	88-90	BacDive_Temperature_for_growth	1
kgmicrobe.trait:8_0_10_8	biolink:PhenotypicQuality	8.0-10.8	BacDive_pH_for_growth	1
kgmicrobe.trait:8_0_11_0	biolink:PhenotypicQuality	8.0-11.0	BacDive_pH_for_growth	1
kgmicrobe.trait:8_0_18_0	biolink:PhenotypicQuality	8.0-18.0	BacDive_Cell_length	1
kgmicrobe.trait:8_0_20_0	biolink:PhenotypicQuality	8.0-20.0	BacDive_Salt_concentration	1
kgmicrobe.trait:8_0_33_0	biolink:PhenotypicQuality	8.0-33.0	BacDive_Temperature_for_growth	1
kgmicrobe.trait:8_0_35_0	biolink:PhenotypicQuality	8.0-35.0	BacDive_Temperature_for_growth	1
kgmicrobe.trait:8_0_37_0	biolink:PhenotypicQuality	8.0-37.0	BacDive_Temperature_for_growth	1
kgmicrobe.trait:8_0_39_0	biolink:PhenotypicQuality	8.0-39.0	BacDive_Temperature_for_growth	1
kgmicrobe.trait:8_0_42	biolink:PhenotypicQuality	8.0-42	BacDive_Temperature_for_growth	1
kgmicrobe.trait:8_0_43_0	biolink:PhenotypicQuality	8.0-43.0	BacDive_Temperature_for_growth	1
kgmicrobe.trait:8_0_44_6	biolink:PhenotypicQuality	8.0-44.6	BacDive_Temperature_for_growth	1
kgmicrobe.trait:8_0_50	biolink:PhenotypicQuality	8.0-50	BacDive_Temperature_for_growth	1
kgmicrobe.trait:8_0_9_0	biolink:PhenotypicQuality	8.0-9.0	BacDive_pH_for_growth	1
kgmicrobe.trait:8_0_9_1	biolink:PhenotypicQuality	8.0-9.1	BacDive_pH_for_growth	1
kgmicrobe.trait:8_12_5	biolink:PhenotypicQuality	8-12.5	BacDive_pH_for_growth	1
kgmicrobe.trait:8_16	biolink:PhenotypicQuality	8-16	BacDive_Salt_concentration	1
kgmicrobe.trait:8_18	biolink:PhenotypicQuality	8-18	BacDive_Salt_concentration	1
kgmicrobe.trait:8_1_10_9	biolink:PhenotypicQuality	8.1-10.9	BacDive_Cell_length	1
kgmicrobe.trait:8_20	biolink:PhenotypicQuality	8-20	BacDive_Salt_concentration	1
kgmicrobe.trait:8_28	biolink:PhenotypicQuality	8-28	BacDive_Salt_concentration	1
kgmicrobe.trait:8_2_10_0	biolink:PhenotypicQuality	8.2-10.0	BacDive_pH_for_growth	1
kgmicrobe.trait:8_2_10_6	biolink:PhenotypicQuality	8.2-10.6	BacDive_pH_for_growth	1
kgmicrobe.trait:8_34	biolink:PhenotypicQuality	8-34	BacDive_Temperature_for_growth	1
kgmicrobe.trait:8_35	biolink:PhenotypicQuality	8-35	BacDive_Temperature_for_growth	1
kgmicrobe.trait:8_38	biolink:PhenotypicQuality	8-38	BacDive_Temperature_for_growth	1
kgmicrobe.trait:8_39	biolink:PhenotypicQuality	8-39	BacDive_Temperature_for_growth	1
kgmicrobe.trait:8_3_10_4	biolink:PhenotypicQuality	8.3-10.4	BacDive_pH_for_growth	1
kgmicrobe.trait:8_3_12_3	biolink:PhenotypicQuality	8.3-12.3	BacDive_Salt_concentration	1
kgmicrobe.trait:8_4	biolink:PhenotypicQuality	<8.4	BacDive_Salt_concentration	1
kgmicrobe.trait:8_41	biolink:PhenotypicQuality	8-41	BacDive_Temperature_for_growth	1
kgmicrobe.trait:8_44	biolink:PhenotypicQuality	8-44	BacDive_Temperature_for_growth	1
kgmicrobe.trait:8_46	biolink:PhenotypicQuality	8-46	BacDive_Temperature_for_growth	1
kgmicrobe.trait:8_5_10_25	biolink:PhenotypicQuality	8.5-10.25	BacDive_pH_for_growth	1
kgmicrobe.trait:8_5_10_6	biolink:PhenotypicQuality	8.5-10.6	BacDive_pH_for_growth	1
kgmicrobe.trait:8_5_11_5	biolink:PhenotypicQuality	8.5-11.5	BacDive_pH_for_growth	1
kgmicrobe.trait:8_6_10_4	biolink:PhenotypicQuality	8.6-10.4	BacDive_pH_for_growth	1
kgmicrobe.trait:8_6_14_5	biolink:PhenotypicQuality	8.6-14.5	BacDive_Cell_length	1
kgmicrobe.trait:8_7	biolink:PhenotypicQuality	<8.7	BacDive_Salt_concentration	1
kgmicrobe.trait:8_7_9	biolink:PhenotypicQuality	8.7-9	BacDive_Cell_length	1
kgmicrobe.trait:8_7_9_9	biolink:PhenotypicQuality	8.7-9.9	BacDive_Cell_length	1
kgmicrobe.trait:8_8_9_9	biolink:PhenotypicQuality	8.8-9.9	BacDive_Cell_length	1
kgmicrobe.trait:92	biolink:PhenotypicQuality	92	BacDive_Temperature_for_growth	1
kgmicrobe.trait:93	biolink:PhenotypicQuality	93	BacDive_Temperature_for_growth	1
kgmicrobe.trait:99	biolink:PhenotypicQuality	99	BacDive_Temperature_for_growth	1
kgmicrobe.trait:9_0_10_0	biolink:PhenotypicQuality	9.0-10.0	BacDive_Salt_concentration	1
kgmicrobe.trait:9_0_10_3	biolink:PhenotypicQuality	9.0-10.3	BacDive_pH_for_growth	1
kgmicrobe.trait:9_0_11_0	biolink:PhenotypicQuality	9.0-11.0	BacDive_pH_for_growth	1
kgmicrobe.trait:9_0_12_0	biolink:PhenotypicQuality	9.0-12.0	BacDive_pH_for_growth	1
kgmicrobe.trait:9_0_13_0	biolink:PhenotypicQuality	9.0-13.0	BacDive_Salt_concentration	1
kgmicrobe.trait:9_0_47_0	biolink:PhenotypicQuality	9.0-47.0	BacDive_Temperature_for_growth	1
kgmicrobe.trait:9_0_48_0	biolink:PhenotypicQuality	9.0-48.0	BacDive_Temperature_for_growth	1
kgmicrobe.trait:9_1	biolink:PhenotypicQuality	9.1	BacDive_Cell_length	1
kgmicrobe.trait:9_10	biolink:PhenotypicQuality	9-10	BacDive_Salt_concentration	1
kgmicrobe.trait:9_10_5	biolink:PhenotypicQuality	9-10.5	BacDive_pH_for_growth	1
kgmicrobe.trait:9_12_3	biolink:PhenotypicQuality	9-12.3	BacDive_pH_for_growth	1
kgmicrobe.trait:9_15	biolink:PhenotypicQuality	9.15	BacDive_Cell_length	1
kgmicrobe.trait:9_2	biolink:PhenotypicQuality	9.2	BacDive_Cell_length	1
kgmicrobe.trait:9_28_31_32	biolink:PhenotypicQuality	9.28-31.32	BacDive_Salt_concentration	1
kgmicrobe.trait:9_33	biolink:PhenotypicQuality	9-33	BacDive_Temperature_for_growth	1
kgmicrobe.trait:9_40	biolink:PhenotypicQuality	9-40	BacDive_Temperature_for_growth	1
kgmicrobe.trait:9_5_10_5	biolink:PhenotypicQuality	9.5-10.5	BacDive_Salt_concentration	1
kgmicrobe.trait:9_5_12_0	biolink:PhenotypicQuality	9.5-12.0	BacDive_Cell_length	1
kgmicrobe.trait:9_75	biolink:PhenotypicQuality	9.75	BacDive_Cell_length	1
kgmicrobe.trait:9_86_19_72	biolink:PhenotypicQuality	9.86-19.72	BacDive_Salt_concentration	1
kgmicrobe.trait:9_86_27_84	biolink:PhenotypicQuality	9.86-27.84	BacDive_Salt_concentration	1
kgmicrobe.trait:9_9_13_5	biolink:PhenotypicQuality	9.9-13.5	BacDive_Cell_width	1
kgmicrobe.trait:9_9_24_9	biolink:PhenotypicQuality	9.9-24.9	BacDive_Salt_concentration	1
kgmicrobe.trait:abikoviromycin	biolink:PhenotypicQuality	abikoviromycin	BacDive_Metabolite_production	1
kgmicrobe.trait:acc_deaminase	biolink:PhenotypicQuality	ACC deaminase	BacDive_Enzyme_activity	1
kgmicrobe.trait:acetomycin	biolink:PhenotypicQuality	acetomycin	BacDive_Metabolite_production	1
kgmicrobe.trait:achromoviromycin	biolink:PhenotypicQuality	achromoviromycin	BacDive_Metabolite_production	1
kgmicrobe.trait:achromycin	biolink:PhenotypicQuality	achromycin	BacDive_Metabolite_production	1
kgmicrobe.trait:acridine_orange	biolink:PhenotypicQuality	acridine orange	BacDive_Antibiotic_sensitivity	1
kgmicrobe.trait:actinotiocin	biolink:PhenotypicQuality	actinotiocin	BacDive_Metabolite_production	1
kgmicrobe.trait:adenosine_5_monophosphate	biolink:PhenotypicQuality	adenosine 5'-monophosphate	BacDive_Metabolite_utilization	1
kgmicrobe.trait:alazopeptin	biolink:PhenotypicQuality	alazopeptin	BacDive_Metabolite_production	1
kgmicrobe.trait:alginase	biolink:PhenotypicQuality	alginase	BacDive_Enzyme_activity	1
kgmicrobe.trait:alpha_hydroxyglutarate_gamma_lactone	biolink:PhenotypicQuality	alpha-hydroxyglutarate-gamma-lactone	BacDive_Metabolite_utilization	1
kgmicrobe.trait:alpha_l_rhamnose	biolink:PhenotypicQuality	alpha-L-rhamnose	BacDive_Metabolite_utilization	1
kgmicrobe.trait:alpha_xylosidase	biolink:PhenotypicQuality	alpha-xylosidase	BacDive_Enzyme_activity	1
kgmicrobe.trait:althiomycin	biolink:PhenotypicQuality	althiomycin	BacDive_Metabolite_production	1
kgmicrobe.trait:amicoumacin_b	biolink:PhenotypicQuality	amicoumacin B	BacDive_Metabolite_production	1
kgmicrobe.trait:amino_acid	biolink:PhenotypicQuality	amino acid	BacDive_Metabolite_utilization	1
kgmicrobe.trait:aminophenazone	biolink:PhenotypicQuality	aminophenazone	BacDive_Metabolite_utilization	1
kgmicrobe.trait:amniotic_fluid	biolink:PhenotypicQuality	#Amniotic fluid	BacDive_Isolation_category_3	1
kgmicrobe.trait:amorphous_iron_iii_oxide	biolink:PhenotypicQuality	amorphous iron (iii) oxide	BacDive_Metabolite_utilization	1
kgmicrobe.trait:amphomycin	biolink:PhenotypicQuality	amphomycin	BacDive_Metabolite_production	1
kgmicrobe.trait:amphotericin_a	biolink:PhenotypicQuality	amphotericin A	BacDive_Metabolite_production	1
kgmicrobe.trait:angolamycin	biolink:PhenotypicQuality	angolamycin	BacDive_Metabolite_production	1
kgmicrobe.trait:angustmycin	biolink:PhenotypicQuality	angustmycin	BacDive_Metabolite_production	1
kgmicrobe.trait:animal_produced_food_natural	biolink:PhenotypicQuality	#Animal produced food (natural)	BacDive_Isolation_category_3	1
kgmicrobe.trait:ankle	biolink:PhenotypicQuality	#Ankle	BacDive_Isolation_category_3	1
kgmicrobe.trait:anthracene	biolink:PhenotypicQuality	anthracene	BacDive_Metabolite_utilization	1
kgmicrobe.trait:anthracycline_antibiotic	biolink:PhenotypicQuality	anthracycline antibiotic	BacDive_Metabolite_production	1
kgmicrobe.trait:antimonate	biolink:PhenotypicQuality	antimonate	BacDive_Metabolite_utilization	1
kgmicrobe.trait:antimycin_a3	biolink:PhenotypicQuality	antimycin A3	BacDive_Metabolite_production	1
kgmicrobe.trait:antipyrine	biolink:PhenotypicQuality	antipyrine	BacDive_Metabolite_utilization	1
kgmicrobe.trait:ardacin_a	biolink:PhenotypicQuality	ardacin A	BacDive_Metabolite_production	1
kgmicrobe.trait:ardacin_b	biolink:PhenotypicQuality	ardacin B	BacDive_Metabolite_production	1
kgmicrobe.trait:ardacin_c	biolink:PhenotypicQuality	ardacin C	BacDive_Metabolite_production	1
kgmicrobe.trait:ascomycin	biolink:PhenotypicQuality	ascomycin	BacDive_Metabolite_production	1
kgmicrobe.trait:astaxanthin	biolink:PhenotypicQuality	astaxanthin	BacDive_Metabolite_production	1
kgmicrobe.trait:astromicin	biolink:PhenotypicQuality	astromicin	BacDive_Metabolite_production	1
kgmicrobe.trait:avermectin	biolink:PhenotypicQuality	avermectin	BacDive_Metabolite_production	1
kgmicrobe.trait:avoparcin	biolink:PhenotypicQuality	avoparcin	BacDive_Metabolite_production	1
kgmicrobe.trait:azaserine	biolink:PhenotypicQuality	azaserine	BacDive_Metabolite_production	1
kgmicrobe.trait:azomycin	biolink:PhenotypicQuality	azomycin	BacDive_Metabolite_production	1
kgmicrobe.trait:azureomycin	biolink:PhenotypicQuality	azureomycin	BacDive_Metabolite_production	1
kgmicrobe.trait:bacillomycin	biolink:PhenotypicQuality	bacillomycin	BacDive_Antibiotic_sensitivity	1
kgmicrobe.trait:balhimycin	biolink:PhenotypicQuality	balhimycin	BacDive_Metabolite_production	1
kgmicrobe.trait:bandamycin	biolink:PhenotypicQuality	bandamycin	BacDive_Metabolite_production	1
kgmicrobe.trait:barium_chloride	biolink:PhenotypicQuality	barium chloride	BacDive_Metabolite_utilization	1
kgmicrobe.trait:benzoin	biolink:PhenotypicQuality	benzoin	BacDive_Metabolite_utilization	1
kgmicrobe.trait:benzyl_alcohol	biolink:PhenotypicQuality	benzyl alcohol	BacDive_Metabolite_utilization	1
kgmicrobe.trait:beta_cellobiase	biolink:PhenotypicQuality	beta-cellobiase	BacDive_Enzyme_activity	1
kgmicrobe.trait:beta_d_fucose	biolink:PhenotypicQuality	beta-D-fucose	BacDive_Metabolite_utilization	1
kgmicrobe.trait:beta_d_galacto_pyranosyl_d_arabinose	biolink:PhenotypicQuality	beta-D-galacto-pyranosyl-D-arabinose	BacDive_Metabolite_utilization	1
kgmicrobe.trait:beta_d_galactosidase	biolink:PhenotypicQuality	beta-D-galactosidase	BacDive_Enzyme_activity	1
kgmicrobe.trait:beta_d_glucan	biolink:PhenotypicQuality	beta-D-glucan	BacDive_Metabolite_utilization	1
kgmicrobe.trait:beta_galactosaminidase	biolink:PhenotypicQuality	beta-galactosaminidase	BacDive_Enzyme_activity	1
kgmicrobe.trait:bis_2_ethylhexyl_phthalate	biolink:PhenotypicQuality	bis(2-ethylhexyl)phthalate	BacDive_Metabolite_production	1
kgmicrobe.trait:bladder_stone	biolink:PhenotypicQuality	#Bladder stone	BacDive_Isolation_category_3	1
kgmicrobe.trait:blasticidin_a	biolink:PhenotypicQuality	blasticidin A	BacDive_Metabolite_production	1
kgmicrobe.trait:bleomycin	biolink:PhenotypicQuality	bleomycin	BacDive_Antibiotic_sensitivity	1
kgmicrobe.trait:bluensomycin	biolink:PhenotypicQuality	bluensomycin	BacDive_Metabolite_production	1
kgmicrobe.trait:boreal	biolink:PhenotypicQuality	#Boreal	BacDive_Isolation_category_3	1
kgmicrobe.trait:borrelidin	biolink:PhenotypicQuality	borrelidin	BacDive_Metabolite_production	1
kgmicrobe.trait:bottromycin	biolink:PhenotypicQuality	bottromycin	BacDive_Metabolite_production	1
kgmicrobe.trait:bryamycin	biolink:PhenotypicQuality	bryamycin	BacDive_Metabolite_production	1
kgmicrobe.trait:butamine	biolink:PhenotypicQuality	butamine	BacDive_Metabolite_utilization	1
kgmicrobe.trait:butan_1_amine	biolink:PhenotypicQuality	butan-1-amine	BacDive_Metabolite_utilization	1
kgmicrobe.trait:butane_1	biolink:PhenotypicQuality	butane-1	BacDive_Metabolite_utilization	1
kgmicrobe.trait:camphomycin	biolink:PhenotypicQuality	camphomycin	BacDive_Metabolite_production	1
kgmicrobe.trait:carbomycin	biolink:PhenotypicQuality	carbomycin	BacDive_Metabolite_production	1
kgmicrobe.trait:carminate	biolink:PhenotypicQuality	carminate	BacDive_Metabolite_utilization	1
kgmicrobe.trait:carminomycin	biolink:PhenotypicQuality	carminomycin	BacDive_Metabolite_production	1
kgmicrobe.trait:carotenoid	biolink:PhenotypicQuality	carotenoid	BacDive_Metabolite_production	1
kgmicrobe.trait:caryomycin	biolink:PhenotypicQuality	caryomycin	BacDive_Metabolite_production	1
kgmicrobe.trait:catechol	biolink:PhenotypicQuality	catechol	BacDive_Metabolite_utilization	1
kgmicrobe.trait:cave_water	biolink:PhenotypicQuality	#Cave water	BacDive_Isolation_category_3	1
kgmicrobe.trait:cefminox	biolink:PhenotypicQuality	cefminox	BacDive_Antibiotic_sensitivity	1
kgmicrobe.trait:cefotiam	biolink:PhenotypicQuality	cefotiam	BacDive_Antibiotic_sensitivity	1
kgmicrobe.trait:cefpodoxime	biolink:PhenotypicQuality	cefpodoxime	BacDive_Antibiotic_resistance	1
kgmicrobe.trait:celesticetin	biolink:PhenotypicQuality	celesticetin	BacDive_Metabolite_production	1
kgmicrobe.trait:cellostatin	biolink:PhenotypicQuality	cellostatin	BacDive_Metabolite_production	1
kgmicrobe.trait:cellotetraose	biolink:PhenotypicQuality	cellotetraose	BacDive_Metabolite_utilization	1
kgmicrobe.trait:cellotriose	biolink:PhenotypicQuality	cellotriose	BacDive_Metabolite_utilization	1
kgmicrobe.trait:cetocycline	biolink:PhenotypicQuality	Cetocycline	BacDive_Metabolite_production	1
kgmicrobe.trait:chaninin	biolink:PhenotypicQuality	chaninin	BacDive_Metabolite_production	1
kgmicrobe.trait:chartreusin	biolink:PhenotypicQuality	chartreusin	BacDive_Metabolite_production	1
kgmicrobe.trait:chloridazon	biolink:PhenotypicQuality	chloridazon	BacDive_Metabolite_utilization	1
kgmicrobe.trait:chlororaphin	biolink:PhenotypicQuality	chlororaphin	BacDive_Metabolite_production	1
kgmicrobe.trait:chlortetracycline	biolink:PhenotypicQuality	chlortetracycline	BacDive_Metabolite_production	1
kgmicrobe.trait:choline	biolink:PhenotypicQuality	choline	BacDive_Metabolite_utilization	1
kgmicrobe.trait:cinerubin_r	biolink:PhenotypicQuality	cinerubin R	BacDive_Metabolite_production	1
kgmicrobe.trait:cinoxacin	biolink:PhenotypicQuality	cinoxacin	BacDive_Antibiotic_sensitivity	1
kgmicrobe.trait:citramalate	biolink:PhenotypicQuality	citramalate	BacDive_Metabolite_utilization	1
kgmicrobe.trait:cladomycin	biolink:PhenotypicQuality	cladomycin	BacDive_Metabolite_production	1
kgmicrobe.trait:clofazimine	biolink:PhenotypicQuality	clofazimine	BacDive_Antibiotic_resistance	1
kgmicrobe.trait:co_culture	biolink:PhenotypicQuality	#Co-culture	BacDive_Isolation_category_3	1
kgmicrobe.trait:coalbed_water	biolink:PhenotypicQuality	#Coalbed water	BacDive_Isolation_category_3	1
kgmicrobe.trait:collinomycin	biolink:PhenotypicQuality	collinomycin	BacDive_Metabolite_production	1
kgmicrobe.trait:congocidin	biolink:PhenotypicQuality	congocidin	BacDive_Metabolite_production	1
kgmicrobe.trait:coumarate	biolink:PhenotypicQuality	coumarate	BacDive_Metabolite_utilization	1
kgmicrobe.trait:crescent_shaped	biolink:PhenotypicQuality	crescent-shaped	BacDive_Cell_shape	1
kgmicrobe.trait:crude_oil	biolink:PhenotypicQuality	crude oil	BacDive_Metabolite_utilization	1
kgmicrobe.trait:crystalline_cellulose	biolink:PhenotypicQuality	crystalline cellulose	BacDive_Metabolite_utilization	1
kgmicrobe.trait:curamycin_a	biolink:PhenotypicQuality	curamycin A	BacDive_Metabolite_production	1
kgmicrobe.trait:currency	biolink:PhenotypicQuality	#Currency	BacDive_Isolation_category_3	1
kgmicrobe.trait:cycloviracin_b1	biolink:PhenotypicQuality	cycloviracin B1	BacDive_Metabolite_production	1
kgmicrobe.trait:cycloviracin_b2	biolink:PhenotypicQuality	cycloviracin B2	BacDive_Metabolite_production	1
kgmicrobe.trait:cystargin	biolink:PhenotypicQuality	cystargin	BacDive_Metabolite_production	1
kgmicrobe.trait:cystine	biolink:PhenotypicQuality	cystine	BacDive_Metabolite_utilization	1
kgmicrobe.trait:cytochrome	biolink:PhenotypicQuality	cytochrome	BacDive_Metabolite_production	1
kgmicrobe.trait:cytosine	biolink:PhenotypicQuality	cytosine	BacDive_Metabolite_utilization	1
kgmicrobe.trait:d_cycloserine	biolink:PhenotypicQuality	d-cycloserine	BacDive_Antibiotic_resistance	1
kgmicrobe.trait:d_glycogen	biolink:PhenotypicQuality	(+)-D-glycogen	BacDive_Metabolite_utilization	1
kgmicrobe.trait:d_histidine	biolink:PhenotypicQuality	D-histidine	BacDive_Metabolite_utilization	1
kgmicrobe.trait:d_leucine	biolink:PhenotypicQuality	D-leucine	BacDive_Metabolite_utilization	1
kgmicrobe.trait:d_ornithine	biolink:PhenotypicQuality	D-ornithine	BacDive_Metabolite_utilization	1
kgmicrobe.trait:d_threonine	biolink:PhenotypicQuality	D-threonine	BacDive_Metabolite_utilization	1
kgmicrobe.trait:daidzein	biolink:PhenotypicQuality	daidzein	BacDive_Metabolite_production	1
kgmicrobe.trait:danomycin	biolink:PhenotypicQuality	danomycin	BacDive_Metabolite_production	1
kgmicrobe.trait:daptomycin	biolink:PhenotypicQuality	daptomycin	BacDive_Antibiotic_resistance	1
kgmicrobe.trait:daunorubicin	biolink:PhenotypicQuality	daunorubicin	BacDive_Antibiotic_resistance	1
kgmicrobe.trait:decaplanin	biolink:PhenotypicQuality	decaplanin	BacDive_Metabolite_production	1
kgmicrobe.trait:decomposing_algae	biolink:PhenotypicQuality	#Decomposing algae	BacDive_Isolation_category_3	1
kgmicrobe.trait:decoyinine	biolink:PhenotypicQuality	decoyinine	BacDive_Metabolite_production	1
kgmicrobe.trait:diacetyl	biolink:PhenotypicQuality	diacetyl	BacDive_Metabolite_production	1
kgmicrobe.trait:dibenzofuran	biolink:PhenotypicQuality	dibenzofuran	BacDive_Metabolite_utilization	1
kgmicrobe.trait:digitonin	biolink:PhenotypicQuality	digitonin	BacDive_Antibiotic_sensitivity	1
kgmicrobe.trait:dimethyl_disulfide	biolink:PhenotypicQuality	dimethyl disulfide	BacDive_Metabolite_production	1
kgmicrobe.trait:dimethyl_sulfide	biolink:PhenotypicQuality	dimethyl sulfide	BacDive_Metabolite_utilization	1
kgmicrobe.trait:diydrogen	biolink:PhenotypicQuality	diydrogen	BacDive_Metabolite_utilization	1
kgmicrobe.trait:docosane	biolink:PhenotypicQuality	docosane	BacDive_Metabolite_utilization	1
kgmicrobe.trait:dodecane	biolink:PhenotypicQuality	dodecane	BacDive_Metabolite_utilization	1
kgmicrobe.trait:dopsisamine	biolink:PhenotypicQuality	dopsisamine	BacDive_Metabolite_production	1
kgmicrobe.trait:dotriacontane	biolink:PhenotypicQuality	dotriacontane	BacDive_Metabolite_utilization	1
kgmicrobe.trait:doxorubicin	biolink:PhenotypicQuality	doxorubicin	BacDive_Metabolite_production	1
kgmicrobe.trait:durhamycin	biolink:PhenotypicQuality	durhamycin	BacDive_Metabolite_production	1
kgmicrobe.trait:dynemicin	biolink:PhenotypicQuality	dynemicin	BacDive_Metabolite_production	1
kgmicrobe.trait:endosymbiont	biolink:PhenotypicQuality	#Endosymbiont	BacDive_Isolation_category_3	1
kgmicrobe.trait:erythromycin_a	biolink:PhenotypicQuality	erythromycin A	BacDive_Metabolite_production	1
kgmicrobe.trait:erythromycin_b	biolink:PhenotypicQuality	erythromycin B	BacDive_Metabolite_production	1
kgmicrobe.trait:erythrose	biolink:PhenotypicQuality	erythrose	BacDive_Metabolite_utilization	1
kgmicrobe.trait:etamycin	biolink:PhenotypicQuality	etamycin	BacDive_Metabolite_production	1
kgmicrobe.trait:ethionamide	biolink:PhenotypicQuality	ethionamide	BacDive_Antibiotic_resistance	1
kgmicrobe.trait:ethylenediamine_n	biolink:PhenotypicQuality	Ethylenediamine-N	BacDive_Metabolite_production	1
kgmicrobe.trait:eurocidin	biolink:PhenotypicQuality	eurocidin	BacDive_Metabolite_production	1
kgmicrobe.trait:extracellular	biolink:PhenotypicQuality	#Extracellular	BacDive_Isolation_category_3	1
kgmicrobe.trait:ferric_oxide	biolink:PhenotypicQuality	ferric oxide	BacDive_Metabolite_utilization	1
kgmicrobe.trait:ferrous_ion	biolink:PhenotypicQuality	ferrous ion	BacDive_Metabolite_utilization	1
kgmicrobe.trait:ferrous_sulfate	biolink:PhenotypicQuality	ferrous sulfate	BacDive_Metabolite_utilization	1
kgmicrobe.trait:fibrin	biolink:PhenotypicQuality	fibrin	BacDive_Metabolite_utilization	1
kgmicrobe.trait:fidaxomicin	biolink:PhenotypicQuality	fidaxomicin	BacDive_Metabolite_production	1
kgmicrobe.trait:filipin	biolink:PhenotypicQuality	filipin	BacDive_Metabolite_production	1
kgmicrobe.trait:flavin_adenine_dinucleotide	biolink:PhenotypicQuality	flavin adenine dinucleotide	BacDive_Metabolite_production	1
kgmicrobe.trait:flavofungin	biolink:PhenotypicQuality	flavofungin	BacDive_Metabolite_production	1
kgmicrobe.trait:fluorene	biolink:PhenotypicQuality	fluorene	BacDive_Metabolite_utilization	1
kgmicrobe.trait:formamicin	biolink:PhenotypicQuality	formamicin	BacDive_Metabolite_production	1
kgmicrobe.trait:formamide	biolink:PhenotypicQuality	formamide	BacDive_Metabolite_utilization	1
kgmicrobe.trait:fortimicin_b	biolink:PhenotypicQuality	fortimicin B	BacDive_Metabolite_production	1
kgmicrobe.trait:framycetin	biolink:PhenotypicQuality	framycetin	BacDive_Antibiotic_sensitivity	1
kgmicrobe.trait:furaxone	biolink:PhenotypicQuality	furaxone	BacDive_Antibiotic_resistance	1
kgmicrobe.trait:galactomannan	biolink:PhenotypicQuality	galactomannan	BacDive_Metabolite_utilization	1
kgmicrobe.trait:gardimycin	biolink:PhenotypicQuality	gardimycin	BacDive_Metabolite_production	1
kgmicrobe.trait:gentamicin_c2b	biolink:PhenotypicQuality	gentamicin C2b	BacDive_Metabolite_production	1
kgmicrobe.trait:glutarate	biolink:PhenotypicQuality	glutarate	BacDive_Metabolite_utilization	1
kgmicrobe.trait:glutathione	biolink:PhenotypicQuality	glutathione	BacDive_Metabolite_utilization	1
kgmicrobe.trait:glycine_1	biolink:PhenotypicQuality	glycine 1%	BacDive_Metabolite_utilization	1
kgmicrobe.trait:glycol	biolink:PhenotypicQuality	glycol	BacDive_Metabolite_utilization	1
kgmicrobe.trait:glycyl_l_bromosuccinic_glutamic_acid	biolink:PhenotypicQuality	glycyl-L-bromosuccinic glutamic acid	BacDive_Metabolite_utilization	1
kgmicrobe.trait:glycylglycine	biolink:PhenotypicQuality	glycylglycine	BacDive_Metabolite_utilization	1
kgmicrobe.trait:glycylglycylglycine	biolink:PhenotypicQuality	glycylglycylglycine	BacDive_Metabolite_utilization	1
kgmicrobe.trait:granaticin	biolink:PhenotypicQuality	granaticin	BacDive_Metabolite_production	1
kgmicrobe.trait:griseolutein_a	biolink:PhenotypicQuality	griseolutein A	BacDive_Metabolite_production	1
kgmicrobe.trait:griseolutein_b	biolink:PhenotypicQuality	griseolutein B	BacDive_Metabolite_production	1
kgmicrobe.trait:halomicin	biolink:PhenotypicQuality	halomicin	BacDive_Metabolite_production	1
kgmicrobe.trait:heart_valve	biolink:PhenotypicQuality	#Heart valve	BacDive_Isolation_category_3	1
kgmicrobe.trait:heparin_lyase	biolink:PhenotypicQuality	heparin lyase	BacDive_Enzyme_activity	1
kgmicrobe.trait:hexadecane	biolink:PhenotypicQuality	hexadecane	BacDive_Metabolite_utilization	1
kgmicrobe.trait:hexadecanoate	biolink:PhenotypicQuality	hexadecanoate	BacDive_Metabolite_utilization	1
kgmicrobe.trait:hexane	biolink:PhenotypicQuality	hexane	BacDive_Metabolite_utilization	1
kgmicrobe.trait:hitachimycin	biolink:PhenotypicQuality	hitachimycin	BacDive_Metabolite_production	1
kgmicrobe.trait:hyaluronidase	biolink:PhenotypicQuality	hyaluronidase	BacDive_Enzyme_activity	1
kgmicrobe.trait:hydantoin	biolink:PhenotypicQuality	hydantoin	BacDive_Metabolite_utilization	1
kgmicrobe.trait:hydrogen	biolink:PhenotypicQuality	hydrogen	BacDive_Metabolite_production	1
kgmicrobe.trait:hydrogenase	biolink:PhenotypicQuality	hydrogenase	BacDive_Enzyme_activity	1
kgmicrobe.trait:hydroxystreptomycin	biolink:PhenotypicQuality	hydroxystreptomycin	BacDive_Metabolite_production	1
kgmicrobe.trait:hygromycin_a	biolink:PhenotypicQuality	hygromycin A	BacDive_Metabolite_production	1
kgmicrobe.trait:icosane	biolink:PhenotypicQuality	icosane	BacDive_Metabolite_utilization	1
kgmicrobe.trait:indigo_carmine	biolink:PhenotypicQuality	indigo carmine	BacDive_Metabolite_utilization	1
kgmicrobe.trait:indolmycin	biolink:PhenotypicQuality	indolmycin	BacDive_Metabolite_production	1
kgmicrobe.trait:indoxyl_acetate	biolink:PhenotypicQuality	indoxyl acetate	BacDive_Metabolite_utilization	1
kgmicrobe.trait:intracellular	biolink:PhenotypicQuality	#Intracellular	BacDive_Isolation_category_3	1
kgmicrobe.trait:iodide	biolink:PhenotypicQuality	iodide	BacDive_Metabolite_utilization	1
kgmicrobe.trait:iron_trichloride	biolink:PhenotypicQuality	iron trichloride	BacDive_Metabolite_utilization	1
kgmicrobe.trait:isepamicin	biolink:PhenotypicQuality	isepamicin	BacDive_Antibiotic_sensitivity	1
kgmicrobe.trait:isocaproate	biolink:PhenotypicQuality	isocaproate	BacDive_Metabolite_production	1
kgmicrobe.trait:isoorientin	biolink:PhenotypicQuality	isoorientin	BacDive_Metabolite_utilization	1
kgmicrobe.trait:isophthalate	biolink:PhenotypicQuality	isophthalate	BacDive_Metabolite_utilization	1
kgmicrobe.trait:isovitexin	biolink:PhenotypicQuality	isovitexin	BacDive_Metabolite_utilization	1
kgmicrobe.trait:keratin	biolink:PhenotypicQuality	keratin	BacDive_Metabolite_utilization	1
kgmicrobe.trait:kijanimicin	biolink:PhenotypicQuality	kijanimicin	BacDive_Metabolite_production	1
kgmicrobe.trait:l_galactonate	biolink:PhenotypicQuality	L-galactonate	BacDive_Metabolite_utilization	1
kgmicrobe.trait:l_glutamate_gamma_3_carboxy_4_nitroanilide	biolink:PhenotypicQuality	L-glutamate-gamma-3-carboxy-4-nitroanilide	BacDive_Metabolite_utilization	1
kgmicrobe.trait:l_histidine_2_naphthylamide	biolink:PhenotypicQuality	L-histidine 2-naphthylamide	BacDive_Metabolite_utilization	1
kgmicrobe.trait:l_inositol	biolink:PhenotypicQuality	L-inositol	BacDive_Metabolite_utilization	1
kgmicrobe.trait:l_leucyl_2_naphthylamide_hydrolase	biolink:PhenotypicQuality	L-leucyl-2-naphthylamide hydrolase	BacDive_Enzyme_activity	1
kgmicrobe.trait:l_leucylglycine_2_naphthylamide	biolink:PhenotypicQuality	L-leucylglycine 2-naphthylamide	BacDive_Metabolite_utilization	1
kgmicrobe.trait:l_lyxitol	biolink:PhenotypicQuality	(+)-L-lyxitol	BacDive_Metabolite_utilization	1
kgmicrobe.trait:l_norleucine	biolink:PhenotypicQuality	L-norleucine	BacDive_Metabolite_utilization	1
kgmicrobe.trait:l_proline_2_naphthylamide	biolink:PhenotypicQuality	L-proline 2-naphthylamide	BacDive_Metabolite_utilization	1
kgmicrobe.trait:l_pyroglutamic_acid_2_naphthylamide	biolink:PhenotypicQuality	L-pyroglutamic acid 2-naphthylamide	BacDive_Metabolite_utilization	1
kgmicrobe.trait:l_pyrrolydonyl_arylamidase	biolink:PhenotypicQuality	l-pyrrolydonyl arylamidase	BacDive_Enzyme_activity	1
kgmicrobe.trait:l_pyrrolyldonyl_arylamidase	biolink:PhenotypicQuality	l-pyrrolyldonyl-arylamidase	BacDive_Enzyme_activity	1
kgmicrobe.trait:l_serine_2_naphthylamide	biolink:PhenotypicQuality	L-serine 2-naphthylamide	BacDive_Metabolite_utilization	1
kgmicrobe.trait:l_tyrosine_2_naphthylamide	biolink:PhenotypicQuality	L-tyrosine 2-naphthylamide	BacDive_Metabolite_utilization	1
kgmicrobe.trait:lactone	biolink:PhenotypicQuality	lactone	BacDive_Metabolite_utilization	1
kgmicrobe.trait:leupeptin	biolink:PhenotypicQuality	leupeptin	BacDive_Metabolite_production	1
kgmicrobe.trait:lignin	biolink:PhenotypicQuality	lignin	BacDive_Metabolite_utilization	1
kgmicrobe.trait:lipase_tween_80	biolink:PhenotypicQuality	lipase (Tween 80)	BacDive_Enzyme_activity	1
kgmicrobe.trait:lomofungin	biolink:PhenotypicQuality	lomofungin	BacDive_Metabolite_production	1
kgmicrobe.trait:lucimycin	biolink:PhenotypicQuality	lucimycin	BacDive_Metabolite_production	1
kgmicrobe.trait:lydimycin	biolink:PhenotypicQuality	lydimycin	BacDive_Metabolite_production	1
kgmicrobe.trait:lysocellin	biolink:PhenotypicQuality	lysocellin	BacDive_Metabolite_production	1
kgmicrobe.trait:lysozyme	biolink:PhenotypicQuality	lysozyme	BacDive_Enzyme_activity	1
kgmicrobe.trait:maltitol	biolink:PhenotypicQuality	maltitol	BacDive_Metabolite_utilization	1
kgmicrobe.trait:marinostatin	biolink:PhenotypicQuality	marinostatin	BacDive_Metabolite_production	1
kgmicrobe.trait:matamycin	biolink:PhenotypicQuality	matamycin	BacDive_Metabolite_production	1
kgmicrobe.trait:medicamycin	biolink:PhenotypicQuality	medicamycin	BacDive_Antibiotic_sensitivity	1
kgmicrobe.trait:menaquinone	biolink:PhenotypicQuality	menaquinone	BacDive_Antibiotic_sensitivity	1
kgmicrobe.trait:methacycline	biolink:PhenotypicQuality	methacycline	BacDive_Antibiotic_sensitivity	1
kgmicrobe.trait:methanol_dehydrogenase	biolink:PhenotypicQuality	methanol dehydrogenase	BacDive_Enzyme_activity	1
kgmicrobe.trait:methyl_beta_d_galactoside	biolink:PhenotypicQuality	methyl beta-D-galactoside	BacDive_Metabolite_utilization	1
kgmicrobe.trait:mycobacidin	biolink:PhenotypicQuality	mycobacidin	BacDive_Metabolite_production	1
kgmicrobe.trait:mycosis	biolink:PhenotypicQuality	#Mycosis	BacDive_Isolation_category_3	1
kgmicrobe.trait:n_acetyl_glucosidase	biolink:PhenotypicQuality	N-acetyl-glucosidase	BacDive_Enzyme_activity	1
kgmicrobe.trait:n_acetyl_neuraminic_acid	biolink:PhenotypicQuality	n-acetyl-neuraminic acid	BacDive_Metabolite_utilization	1
kgmicrobe.trait:n_acetylneuraminate	biolink:PhenotypicQuality	n-acetylneuraminate	BacDive_Metabolite_utilization	1
kgmicrobe.trait:n_acetyltyramine	biolink:PhenotypicQuality	N-acetyltyramine	BacDive_Metabolite_production	1
kgmicrobe.trait:n_disuccinic_acid_edds	biolink:PhenotypicQuality	N'-disuccinic acid (EDDS)	BacDive_Metabolite_production	1
kgmicrobe.trait:narbomycin	biolink:PhenotypicQuality	narbomycin	BacDive_Metabolite_production	1
kgmicrobe.trait:neoantimycin	biolink:PhenotypicQuality	neoantimycin	BacDive_Metabolite_production	1
kgmicrobe.trait:neomycin_e	biolink:PhenotypicQuality	neomycin E	BacDive_Metabolite_production	1
kgmicrobe.trait:neomycin_f	biolink:PhenotypicQuality	neomycin F	BacDive_Metabolite_production	1
kgmicrobe.trait:nephridium	biolink:PhenotypicQuality	#Nephridium	BacDive_Isolation_category_3	1
kgmicrobe.trait:netilmicin	biolink:PhenotypicQuality	netilmicin	BacDive_Antibiotic_sensitivity	1
kgmicrobe.trait:netropsin	biolink:PhenotypicQuality	netropsin	BacDive_Metabolite_production	1
kgmicrobe.trait:neuramindase	biolink:PhenotypicQuality	neuramindase	BacDive_Enzyme_activity	1
kgmicrobe.trait:niddamycin	biolink:PhenotypicQuality	niddamycin	BacDive_Metabolite_production	1
kgmicrobe.trait:nisin	biolink:PhenotypicQuality	nisin	BacDive_Antibiotic_resistance	1
kgmicrobe.trait:nitrogenase	biolink:PhenotypicQuality	nitrogenase	BacDive_Enzyme_activity	1
kgmicrobe.trait:nocamycin	biolink:PhenotypicQuality	nocamycin	BacDive_Metabolite_production	1
kgmicrobe.trait:nocardimicin_g	biolink:PhenotypicQuality	nocardimicin G	BacDive_Metabolite_production	1
kgmicrobe.trait:nocardimicin_h	biolink:PhenotypicQuality	nocardimicin H	BacDive_Metabolite_production	1
kgmicrobe.trait:nocardimicin_i	biolink:PhenotypicQuality	nocardimicin I	BacDive_Metabolite_production	1
kgmicrobe.trait:nogalamycin	biolink:PhenotypicQuality	nogalamycin	BacDive_Metabolite_production	1
kgmicrobe.trait:nojirimycin	biolink:PhenotypicQuality	nojirimycin	BacDive_Metabolite_production	1
kgmicrobe.trait:nucleocidin	biolink:PhenotypicQuality	nucleocidin	BacDive_Metabolite_production	1
kgmicrobe.trait:nutriacholic_acid	biolink:PhenotypicQuality	nutriacholic acid	BacDive_Metabolite_production	1
kgmicrobe.trait:ossamycin	biolink:PhenotypicQuality	ossamycin	BacDive_Metabolite_production	1
kgmicrobe.trait:oxamicetin	biolink:PhenotypicQuality	oxamicetin	BacDive_Metabolite_production	1
kgmicrobe.trait:pactamycin	biolink:PhenotypicQuality	pactamycin	BacDive_Metabolite_production	1
kgmicrobe.trait:palatinose	biolink:PhenotypicQuality	palatinose	BacDive_Metabolite_utilization	1
kgmicrobe.trait:pamamycin	biolink:PhenotypicQuality	pamamycin	BacDive_Metabolite_production	1
kgmicrobe.trait:parasite	biolink:PhenotypicQuality	#Parasite	BacDive_Isolation_category_3	1
kgmicrobe.trait:pefloxacin	biolink:PhenotypicQuality	pefloxacin	BacDive_Antibiotic_sensitivity	1
kgmicrobe.trait:peptide_synthetase	biolink:PhenotypicQuality	peptide synthetase	BacDive_Enzyme_activity	1
kgmicrobe.trait:peptone_0_01	biolink:PhenotypicQuality	peptone (0.01 %	BacDive_Metabolite_utilization	1
kgmicrobe.trait:phenanthrene	biolink:PhenotypicQuality	phenanthrene	BacDive_Metabolite_utilization	1
kgmicrobe.trait:phenoxymethylpenicillin	biolink:PhenotypicQuality	phenoxymethylpenicillin	BacDive_Antibiotic_resistance	1
kgmicrobe.trait:phoslactomycin	biolink:PhenotypicQuality	phoslactomycin	BacDive_Metabolite_production	1
kgmicrobe.trait:phosphatidylinositol_phospholipase_c	biolink:PhenotypicQuality	phosphatidylinositol phospholipase C	BacDive_Enzyme_activity	1
kgmicrobe.trait:phosphocholine	biolink:PhenotypicQuality	phosphocholine	BacDive_Metabolite_utilization	1
kgmicrobe.trait:phylloplane	biolink:PhenotypicQuality	#Phylloplane	BacDive_Isolation_category_3	1
kgmicrobe.trait:piperidin_2_one	biolink:PhenotypicQuality	piperidin-2-one	BacDive_Metabolite_production	1
kgmicrobe.trait:plant_exudate_resin	biolink:PhenotypicQuality	#Plant exudate (Resin)	BacDive_Isolation_category_3	1
kgmicrobe.trait:poly_beta_hydroxyalkanoate	biolink:PhenotypicQuality	poly-beta-hydroxyalkanoate	BacDive_Metabolite_production	1
kgmicrobe.trait:poly_ethylene_terephthalate	biolink:PhenotypicQuality	poly(ethylene terephthalate)	BacDive_Metabolite_utilization	1
kgmicrobe.trait:polygalacturonic_acid	biolink:PhenotypicQuality	polygalacturonic acid	BacDive_Metabolite_production	1
kgmicrobe.trait:porfiromycin	biolink:PhenotypicQuality	porfiromycin	BacDive_Metabolite_production	1
kgmicrobe.trait:porphyrin	biolink:PhenotypicQuality	porphyrin	BacDive_Metabolite_production	1
kgmicrobe.trait:potassium	biolink:PhenotypicQuality	potassium	BacDive_Metabolite_utilization	1
kgmicrobe.trait:pradimicin	biolink:PhenotypicQuality	pradimicin	BacDive_Metabolite_production	1
kgmicrobe.trait:pravastatin	biolink:PhenotypicQuality	pravastatin	BacDive_Antibiotic_resistance	1
kgmicrobe.trait:pristinamycin	biolink:PhenotypicQuality	pristinamycin	BacDive_Antibiotic_resistance	1
kgmicrobe.trait:proteose	biolink:PhenotypicQuality	proteose	BacDive_Metabolite_utilization	1
kgmicrobe.trait:protist	biolink:PhenotypicQuality	#Protist	BacDive_Isolation_category_3	1
kgmicrobe.trait:psicofuranine	biolink:PhenotypicQuality	psicofuranine	BacDive_Metabolite_production	1
kgmicrobe.trait:pyrene	biolink:PhenotypicQuality	pyrene	BacDive_Metabolite_utilization	1
kgmicrobe.trait:pyridomycin	biolink:PhenotypicQuality	pyridomycin	BacDive_Metabolite_production	1
kgmicrobe.trait:pyrrolidin_2_one	biolink:PhenotypicQuality	pyrrolidin-2-one	BacDive_Metabolite_production	1
kgmicrobe.trait:pyrrolomycin_a	biolink:PhenotypicQuality	pyrrolomycin A	BacDive_Metabolite_production	1
kgmicrobe.trait:pyrrolomycin_b	biolink:PhenotypicQuality	pyrrolomycin B	BacDive_Metabolite_production	1
kgmicrobe.trait:resistomycin	biolink:PhenotypicQuality	resistomycin	BacDive_Metabolite_production	1
kgmicrobe.trait:rhodomycin_a	biolink:PhenotypicQuality	rhodomycin A	BacDive_Metabolite_production	1
kgmicrobe.trait:rhodomycin_b	biolink:PhenotypicQuality	rhodomycin B	BacDive_Metabolite_production	1
kgmicrobe.trait:rifamycin_b	biolink:PhenotypicQuality	rifamycin b	BacDive_Antibiotic_sensitivity	1
kgmicrobe.trait:rifamycin_o	biolink:PhenotypicQuality	rifamycin O	BacDive_Metabolite_production	1
kgmicrobe.trait:ristocetin_a	biolink:PhenotypicQuality	ristocetin A	BacDive_Metabolite_production	1
kgmicrobe.trait:ristocetin_b	biolink:PhenotypicQuality	ristocetin B	BacDive_Metabolite_production	1
kgmicrobe.trait:rna	biolink:PhenotypicQuality	rna	BacDive_Metabolite_utilization	1
kgmicrobe.trait:root_tooth	biolink:PhenotypicQuality	#Root (Tooth)	BacDive_Isolation_category_3	1
kgmicrobe.trait:rosaramicin	biolink:PhenotypicQuality	rosaramicin	BacDive_Metabolite_production	1
kgmicrobe.trait:roseoflavin	biolink:PhenotypicQuality	roseoflavin	BacDive_Metabolite_production	1
kgmicrobe.trait:rot_root	biolink:PhenotypicQuality	#Rot (Root	BacDive_Isolation_category_3	1
kgmicrobe.trait:rubrolone	biolink:PhenotypicQuality	rubrolone	BacDive_Metabolite_production	1
kgmicrobe.trait:s_azetidine_2_carboxylic_acid	biolink:PhenotypicQuality	(S)-azetidine-2-carboxylic acid	BacDive_Metabolite_production	1
kgmicrobe.trait:sandramycin	biolink:PhenotypicQuality	sandramycin	BacDive_Metabolite_production	1
kgmicrobe.trait:sarcidin	biolink:PhenotypicQuality	sarcidin	BacDive_Metabolite_production	1
kgmicrobe.trait:serum	biolink:PhenotypicQuality	serum	BacDive_Metabolite_utilization	1
kgmicrobe.trait:showdomycin	biolink:PhenotypicQuality	showdomycin	BacDive_Metabolite_production	1
kgmicrobe.trait:simvastatin	biolink:PhenotypicQuality	simvastatin	BacDive_Antibiotic_resistance	1
kgmicrobe.trait:sodium	biolink:PhenotypicQuality	sodium(+)	BacDive_Metabolite_utilization	1
kgmicrobe.trait:sodium_dodecyl_sulfate	biolink:PhenotypicQuality	sodium dodecyl sulfate	BacDive_Antibiotic_sensitivity	1
kgmicrobe.trait:sodium_malonate	biolink:PhenotypicQuality	sodium malonate	BacDive_Metabolite_utilization	1
kgmicrobe.trait:spinosyn	biolink:PhenotypicQuality	spinosyn	BacDive_Metabolite_production	1
kgmicrobe.trait:spot_leaf	biolink:PhenotypicQuality	#Spot (Leaf	BacDive_Isolation_category_3	1
kgmicrobe.trait:staurosporine	biolink:PhenotypicQuality	staurosporine	BacDive_Metabolite_production	1
kgmicrobe.trait:sterol	biolink:PhenotypicQuality	sterol	BacDive_Metabolite_utilization	1
kgmicrobe.trait:streptolydigin	biolink:PhenotypicQuality	streptolydigin	BacDive_Metabolite_production	1
kgmicrobe.trait:streptovaricin	biolink:PhenotypicQuality	streptovaricin	BacDive_Metabolite_production	1
kgmicrobe.trait:sulfadimethoxine	biolink:PhenotypicQuality	sulfadimethoxine	BacDive_Antibiotic_resistance	1
kgmicrobe.trait:sulfamonomethoxine	biolink:PhenotypicQuality	sulfamonomethoxine	BacDive_Antibiotic_resistance	1
kgmicrobe.trait:sulfanilamide	biolink:PhenotypicQuality	sulfanilamide	BacDive_Antibiotic_resistance	1
kgmicrobe.trait:synanthrin	biolink:PhenotypicQuality	synanthrin	BacDive_Metabolite_utilization	1
kgmicrobe.trait:synthetic_sea_salts_sss	biolink:PhenotypicQuality	synthetic sea salts (sss)	BacDive_Metabolite_utilization	1
kgmicrobe.trait:tagatose	biolink:PhenotypicQuality	tagatose	BacDive_Metabolite_utilization	1
kgmicrobe.trait:taurine	biolink:PhenotypicQuality	taurine	BacDive_Metabolite_utilization	1
kgmicrobe.trait:taurocholate	biolink:PhenotypicQuality	taurocholate	BacDive_Metabolite_production	1
kgmicrobe.trait:tellurite	biolink:PhenotypicQuality	tellurite	BacDive_Metabolite_utilization	1
kgmicrobe.trait:terephthalate	biolink:PhenotypicQuality	terephthalate	BacDive_Metabolite_utilization	1
kgmicrobe.trait:tertiomycin_a	biolink:PhenotypicQuality	tertiomycin A	BacDive_Metabolite_production	1
kgmicrobe.trait:tertiomycin_b	biolink:PhenotypicQuality	tertiomycin B	BacDive_Metabolite_production	1
kgmicrobe.trait:tetrabromopyrrole	biolink:PhenotypicQuality	tetrabromopyrrole	BacDive_Metabolite_production	1
kgmicrobe.trait:tetraphene	biolink:PhenotypicQuality	tetraphene	BacDive_Metabolite_utilization	1
kgmicrobe.trait:tetrodotoxin	biolink:PhenotypicQuality	tetrodotoxin	BacDive_Metabolite_production	1
kgmicrobe.trait:texazone	biolink:PhenotypicQuality	texazone	BacDive_Metabolite_production	1
kgmicrobe.trait:tigecycline	biolink:PhenotypicQuality	tigecycline	BacDive_Antibiotic_sensitivity	1
kgmicrobe.trait:torso	biolink:PhenotypicQuality	#Torso	BacDive_Isolation_category_3	1
kgmicrobe.trait:toyocamycin	biolink:PhenotypicQuality	toyocamycin	BacDive_Metabolite_production	1
kgmicrobe.trait:trans_styrylacetic_acid	biolink:PhenotypicQuality	trans-styrylacetic acid	BacDive_Metabolite_production	1
kgmicrobe.trait:trimethoxybenzoate	biolink:PhenotypicQuality	trimethoxybenzoate	BacDive_Metabolite_utilization	1
kgmicrobe.trait:trimethylamine_n_oxide	biolink:PhenotypicQuality	trimethylamine n-oxide	BacDive_Metabolite_utilization	1
kgmicrobe.trait:tryptone_yeast_beef_tyb	biolink:PhenotypicQuality	tryptone/yeast/beef (tyb)	BacDive_Metabolite_utilization	1
kgmicrobe.trait:tubelactomicin_a	biolink:PhenotypicQuality	tubelactomicin A	BacDive_Metabolite_production	1
kgmicrobe.trait:tubercidin	biolink:PhenotypicQuality	tubercidin	BacDive_Metabolite_production	1
kgmicrobe.trait:tunicamycin	biolink:PhenotypicQuality	tunicamycin	BacDive_Antibiotic_sensitivity	1
kgmicrobe.trait:tyrosinase	biolink:PhenotypicQuality	tyrosinase	BacDive_Enzyme_activity	1
kgmicrobe.trait:valine	biolink:PhenotypicQuality	valine	BacDive_Metabolite_production	1
kgmicrobe.trait:vancoresmycin	biolink:PhenotypicQuality	vancoresmycin	BacDive_Metabolite_production	1
kgmicrobe.trait:viomycin	biolink:PhenotypicQuality	viomycin	BacDive_Metabolite_production	1
kgmicrobe.trait:virginiamycin	biolink:PhenotypicQuality	virginiamycin	BacDive_Antibiotic_resistance	1
kgmicrobe.trait:viriome	biolink:PhenotypicQuality	#Viriome	BacDive_Isolation_category_3	1
kgmicrobe.trait:vitamin_b12	biolink:PhenotypicQuality	vitamin B12	BacDive_Metabolite_production	1
kgmicrobe.trait:vomit	biolink:PhenotypicQuality	#Vomit	BacDive_Isolation_category_3	1
kgmicrobe.trait:xanthan	biolink:PhenotypicQuality	xanthan	BacDive_Metabolite_utilization	1
