identifier,preferred_term,mapping_status,ontology_id,ontology_source,mapping_quality,occurrences,parent_ingredient,variant_type
kgmicrobe.ingredient:marine_broth_2216,Marine broth 2216,MAPPED,kgmicrobe.ingredient:marine_broth_2216,kgmicrobe.ingredient,FALLBACK_REGISTRY,0,,
kgmicrobe.ingredient:marine_agar_2216,Marine agar 2216,MAPPED,kgmicrobe.ingredient:marine_agar_2216,kgmicrobe.ingredient,FALLBACK_REGISTRY,0,,
MICRO:0000543,R2A agar,MAPPED,MICRO:0000543,MICRO,EXACT_MATCH,0,,
MICRO:0001572,Defibrinated horse blood,MAPPED,MICRO:0001572,MICRO,EXACT_MATCH,0,,
MICRO:0001570,Defibrinated sheep blood,MAPPED,MICRO:0001570,MICRO,EXACT_MATCH,0,,
CHEBI:18186,DL-Tyrosine,MAPPED,CHEBI:18186,CHEBI,CLOSE_MATCH,0,,
CHEBI:189426,Pyridoxine dihydrochloride,MAPPED,CHEBI:189426,CHEBI,EXACT_MATCH,0,,
CHEBI:86370,Neutral red,MAPPED,CHEBI:86370,CHEBI,EXACT_MATCH,0,,
kgmicrobe.ingredient:mineral_solution_see_medium_no_976,Mineral solution see Medium No. 976,MAPPED,kgmicrobe.ingredient:mineral_solution_see_medium_no_976,kgmicrobe.ingredient,FALLBACK_REGISTRY,0,,
kgmicrobe.ingredient:1_butanol_co2,1-butanol+CO2,MAPPED,kgmicrobe.ingredient:1_butanol_co2,kgmicrobe.ingredient,FALLBACK_REGISTRY,0,,
kgmicrobe.ingredient:1_propanol_co2,1-propanol+CO2,MAPPED,kgmicrobe.ingredient:1_propanol_co2,kgmicrobe.ingredient,FALLBACK_REGISTRY,0,,
kgmicrobe.ingredient:2_butanol_co2,2-butanol+CO2,MAPPED,kgmicrobe.ingredient:2_butanol_co2,kgmicrobe.ingredient,FALLBACK_REGISTRY,0,,
kgmicrobe.ingredient:2_propanol_co2,2-propanol+CO2,MAPPED,kgmicrobe.ingredient:2_propanol_co2,kgmicrobe.ingredient,FALLBACK_REGISTRY,0,,
CHEBI:36026,"1,1,2,2-Tetrachloroethane",MAPPED,CHEBI:36026,CHEBI,EXACT_MATCH,0,,
kgmicrobe.ingredient:bhi,BHI,MAPPED,kgmicrobe.ingredient:bhi,kgmicrobe.ingredient,FALLBACK_REGISTRY,0,,
CHEBI:41189,"Butane-1,4-diol",REJECTED,CHEBI:41189,CHEBI,EXACT_MATCH,0,,
kgmicrobe.ingredient:cmc_py_horse_serum,CMC + PY + Horse Serum,MAPPED,kgmicrobe.ingredient:cmc_py_horse_serum,kgmicrobe.ingredient,FALLBACK_REGISTRY,0,,
kgmicrobe.ingredient:casitone_yeast_extract_rumen_fluid,Casitone + Yeast Extract + Rumen Fluid,MAPPED,kgmicrobe.ingredient:casitone_yeast_extract_rumen_fluid,kgmicrobe.ingredient,FALLBACK_REGISTRY,0,,
kgmicrobe.ingredient:corn_steep_liquor_glucose_fumarate,Corn Steep Liquor + Glucose + Fumarate,MAPPED,kgmicrobe.ingredient:corn_steep_liquor_glucose_fumarate,kgmicrobe.ingredient,FALLBACK_REGISTRY,0,,
kgmicrobe.ingredient:cyclopentanol_co2,Cyclopentanol+CO2,MAPPED,kgmicrobe.ingredient:cyclopentanol_co2,kgmicrobe.ingredient,FALLBACK_REGISTRY,0,,
kgmicrobe.ingredient:esculin_ferric_citrate,Esculin Ferric Citrate,MAPPED,kgmicrobe.ingredient:esculin_ferric_citrate,kgmicrobe.ingredient,FALLBACK_REGISTRY,0,,
kgmicrobe.compound:ethylenediamine_n_n_disuccinic_acid,"Ethylenediamine-N,N'-disuccinic acid (EDDS)",MAPPED,kgmicrobe.compound:ethylenediamine_n_n_disuccinic_acid,kgmicrobe.compound,FALLBACK_REGISTRY,0,,
kgmicrobe.ingredient:fastidious_anaerobe_broth_with_meat_granules,Fastidious Anaerobe Broth With Meat Granules,MAPPED,kgmicrobe.ingredient:fastidious_anaerobe_broth_with_meat_granules,kgmicrobe.ingredient,FALLBACK_REGISTRY,0,,
kgmicrobe.ingredient:fermented_rumen_extract,Fermented Rumen Extract,MAPPED,kgmicrobe.ingredient:fermented_rumen_extract,kgmicrobe.ingredient,FALLBACK_REGISTRY,0,,
kgmicrobe.ingredient:formate_3_methyl_mercaptopropionate,Formate+3-methyl Mercaptopropionate,MAPPED,kgmicrobe.ingredient:formate_3_methyl_mercaptopropionate,kgmicrobe.ingredient,FALLBACK_REGISTRY,0,,
kgmicrobe.ingredient:formate_dimethylsulfide,Formate+dimethylsulfide,MAPPED,kgmicrobe.ingredient:formate_dimethylsulfide,kgmicrobe.ingredient,FALLBACK_REGISTRY,0,,
kgmicrobe.ingredient:formate_methanol,Formate+methanol,MAPPED,kgmicrobe.ingredient:formate_methanol,kgmicrobe.ingredient,FALLBACK_REGISTRY,0,,
kgmicrobe.ingredient:formate_tetramethylammonium,Formate+tetramethylammonium,MAPPED,kgmicrobe.ingredient:formate_tetramethylammonium,kgmicrobe.ingredient,FALLBACK_REGISTRY,0,,
kgmicrobe.ingredient:formate_trimethylamine,Formate+trimethylamine,MAPPED,kgmicrobe.ingredient:formate_trimethylamine,kgmicrobe.ingredient,FALLBACK_REGISTRY,0,,
kgmicrobe.ingredient:gyps,GYPS,MAPPED,kgmicrobe.ingredient:gyps,kgmicrobe.ingredient,FALLBACK_REGISTRY,0,,
kgmicrobe.ingredient:gallate_formate,Gallate + Formate,MAPPED,kgmicrobe.ingredient:gallate_formate,kgmicrobe.ingredient,FALLBACK_REGISTRY,0,,
kgmicrobe.ingredient:glucose_acetate,Glucose + Acetate,MAPPED,kgmicrobe.ingredient:glucose_acetate,kgmicrobe.ingredient,FALLBACK_REGISTRY,0,,
kgmicrobe.ingredient:glucose_cellobiose_starch_trypticase_yeast_extract,Glucose + Cellobiose + Starch + Trypticase + Yeast Extract,MAPPED,kgmicrobe.ingredient:glucose_cellobiose_starch_trypticase_yeast_extract,kgmicrobe.ingredient,FALLBACK_REGISTRY,0,,
kgmicrobe.ingredient:glucose_formate,Glucose + Formate,MAPPED,kgmicrobe.ingredient:glucose_formate,kgmicrobe.ingredient,FALLBACK_REGISTRY,0,,
kgmicrobe.ingredient:glucose_lactate,Glucose + Lactate,MAPPED,kgmicrobe.ingredient:glucose_lactate,kgmicrobe.ingredient,FALLBACK_REGISTRY,0,,
kgmicrobe.ingredient:glucose_maltose_cellobiose_starch_glycerol,Glucose + Maltose + Cellobiose + Starch + Glycerol,MAPPED,kgmicrobe.ingredient:glucose_maltose_cellobiose_starch_glycerol,kgmicrobe.ingredient,FALLBACK_REGISTRY,0,,
kgmicrobe.ingredient:glucose_peptone_yeast_extract,Glucose Peptone-yeast Extract,MAPPED,kgmicrobe.ingredient:glucose_peptone_yeast_extract,kgmicrobe.ingredient,FALLBACK_REGISTRY,0,,
kgmicrobe.ingredient:glucose_xylose,Glucose + Xylose,MAPPED,kgmicrobe.ingredient:glucose_xylose,kgmicrobe.ingredient,FALLBACK_REGISTRY,0,,
kgmicrobe.ingredient:glucose_yeast_extract,Glucose + Yeast Extract,MAPPED,kgmicrobe.ingredient:glucose_yeast_extract,kgmicrobe.ingredient,FALLBACK_REGISTRY,0,,
kgmicrobe.ingredient:h2_3_methyl_mercaptopropionate,H2+3-methyl Mercaptopropionate,MAPPED,kgmicrobe.ingredient:h2_3_methyl_mercaptopropionate,kgmicrobe.ingredient,FALLBACK_REGISTRY,0,,
kgmicrobe.ingredient:h2_co2,H2 + CO2,MAPPED,kgmicrobe.ingredient:h2_co2,kgmicrobe.ingredient,FALLBACK_REGISTRY,0,,
kgmicrobe.ingredient:h2_dimethylsulfide,H2+dimethylsulfide,MAPPED,kgmicrobe.ingredient:h2_dimethylsulfide,kgmicrobe.ingredient,FALLBACK_REGISTRY,0,,
kgmicrobe.ingredient:h2_methanol,H2+methanol,MAPPED,kgmicrobe.ingredient:h2_methanol,kgmicrobe.ingredient,FALLBACK_REGISTRY,0,,
kgmicrobe.ingredient:h2_tetramethylammonium,H2+tetramethylammonium,MAPPED,kgmicrobe.ingredient:h2_tetramethylammonium,kgmicrobe.ingredient,FALLBACK_REGISTRY,0,,
kgmicrobe.ingredient:h2_trimethylamine,H2+trimethylamine,MAPPED,kgmicrobe.ingredient:h2_trimethylamine,kgmicrobe.ingredient,FALLBACK_REGISTRY,0,,
kgmicrobe.ingredient:modified_cooked_meat_medium,Modified Cooked Meat Medium,MAPPED,kgmicrobe.ingredient:modified_cooked_meat_medium,kgmicrobe.ingredient,FALLBACK_REGISTRY,0,,
kgmicrobe.ingredient:mono_and_disaccharides,Mono- And Disaccharides,MAPPED,kgmicrobe.ingredient:mono_and_disaccharides,kgmicrobe.ingredient,FALLBACK_REGISTRY,0,,
kgmicrobe.ingredient:py_cellobiose,PY-cellobiose,MAPPED,kgmicrobe.ingredient:py_cellobiose,kgmicrobe.ingredient,FALLBACK_REGISTRY,0,,
kgmicrobe.ingredient:py_fructose,PY-fructose,MAPPED,kgmicrobe.ingredient:py_fructose,kgmicrobe.ingredient,FALLBACK_REGISTRY,0,,
kgmicrobe.ingredient:py_glucose_rumen_fluid,PY-glucose-rumen Fluid,MAPPED,kgmicrobe.ingredient:py_glucose_rumen_fluid,kgmicrobe.ingredient,FALLBACK_REGISTRY,0,,
kgmicrobe.ingredient:py_maltose,PY-maltose,MAPPED,kgmicrobe.ingredient:py_maltose,kgmicrobe.ingredient,FALLBACK_REGISTRY,0,,
kgmicrobe.ingredient:py_pectin,PY-pectin,MAPPED,kgmicrobe.ingredient:py_pectin,kgmicrobe.ingredient,FALLBACK_REGISTRY,0,,
kgmicrobe.ingredient:pyeg,PYEG,MAPPED,kgmicrobe.ingredient:pyeg,kgmicrobe.ingredient,FALLBACK_REGISTRY,0,,
kgmicrobe.ingredient:pyg_0_02_tween_80,PYG-0.02% Tween 80,MAPPED,kgmicrobe.ingredient:pyg_0_02_tween_80,kgmicrobe.ingredient,FALLBACK_REGISTRY,0,,
kgmicrobe.ingredient:pyg,PYG,MAPPED,kgmicrobe.ingredient:pyg,kgmicrobe.ingredient,FALLBACK_REGISTRY,0,,
kgmicrobe.ingredient:pygs,PYGS,MAPPED,kgmicrobe.ingredient:pygs,kgmicrobe.ingredient,FALLBACK_REGISTRY,0,,
kgmicrobe.ingredient:pyg_rumen_fluid,PYG + Rumen Fluid,MAPPED,kgmicrobe.ingredient:pyg_rumen_fluid,kgmicrobe.ingredient,FALLBACK_REGISTRY,0,,
kgmicrobe.ingredient:peptone_yeast_extract_glucose,Peptone-yeast Extract-glucose,MAPPED,kgmicrobe.ingredient:peptone_yeast_extract_glucose,kgmicrobe.ingredient,FALLBACK_REGISTRY,0,,
kgmicrobe.ingredient:peptone_beef_extract_yeast_extract,Peptone + Beef Extract + Yeast Extract,MAPPED,kgmicrobe.ingredient:peptone_beef_extract_yeast_extract,kgmicrobe.ingredient,FALLBACK_REGISTRY,0,,
kgmicrobe.ingredient:peptone_yeast_extract,Peptone + Yeast Extract,MAPPED,kgmicrobe.ingredient:peptone_yeast_extract,kgmicrobe.ingredient,FALLBACK_REGISTRY,0,,
CHEBI:78037,Poly-beta-hydroxyalkanoate,MAPPED,CHEBI:78037,CHEBI,SYNONYM_MATCH,0,,
kgmicrobe.ingredient:sucrose_yeast_extract,Sucrose + Yeast Extract,MAPPED,kgmicrobe.ingredient:sucrose_yeast_extract,kgmicrobe.ingredient,FALLBACK_REGISTRY,0,,
kgmicrobe.compound:sugars,Sugars,MAPPED,CHEBI:16646,CHEBI,NARROW_MATCH,0,,
kgmicrobe.ingredient:tygvs_glucose,TYGVS + Glucose,MAPPED,kgmicrobe.ingredient:tygvs_glucose,kgmicrobe.ingredient,FALLBACK_REGISTRY,0,,
kgmicrobe.ingredient:trypticase_glucose_yeast_extract,Trypticase-glucose-yeast Extract,MAPPED,kgmicrobe.ingredient:trypticase_glucose_yeast_extract,kgmicrobe.ingredient,FALLBACK_REGISTRY,0,,
kgmicrobe.ingredient:tryptone_yeast_beef_tyb,Tryptone/yeast/beef (tyb),MAPPED,kgmicrobe.ingredient:tryptone_yeast_beef_tyb,kgmicrobe.ingredient,FALLBACK_REGISTRY,0,,
kgmicrobe.ingredient:yeast_extract_gluconate,Yeast Extract + Gluconate,MAPPED,kgmicrobe.ingredient:yeast_extract_gluconate,kgmicrobe.ingredient,FALLBACK_REGISTRY,0,,
kgmicrobe.ingredient:yeast_extract_glucose,Yeast Extract + Glucose,MAPPED,kgmicrobe.ingredient:yeast_extract_glucose,kgmicrobe.ingredient,FALLBACK_REGISTRY,0,,
kgmicrobe.ingredient:yeast_extract_peptone,Yeast Extract + Peptone,MAPPED,kgmicrobe.ingredient:yeast_extract_peptone,kgmicrobe.ingredient,FALLBACK_REGISTRY,0,,
kgmicrobe.ingredient:yeast_extract_sulfur,Yeast Extract + Sulfur,MAPPED,kgmicrobe.ingredient:yeast_extract_sulfur,kgmicrobe.ingredient,FALLBACK_REGISTRY,0,,
kgmicrobe.ingredient:yeast_meat_extract_h2,Yeast + Meat Extract + H2,MAPPED,kgmicrobe.ingredient:yeast_meat_extract_h2,kgmicrobe.ingredient,FALLBACK_REGISTRY,0,,
cas:68399-81-5,TAPSO,MAPPED,cas:68399-81-5,CAS,FALLBACK_REGISTRY,10,,
cas:7705-07-9,TitaniumIII chloride,MAPPED,cas:7705-07-9,CAS,FALLBACK_REGISTRY,0,,
cas:13977-65-6,KH2PO3,MAPPED,CHEBI:44976,CHEBI,NARROW_MATCH,0,,
cas:7788-99-0,CrKSO42 x 12 H2O,MAPPED,CHEBI:53471,CHEBI,CLOSE_MATCH,0,,
cas:145224-94-8,MES Hydrat,MAPPED,CHEBI:39005,CHEBI,NARROW_MATCH,0,,
cas:13408-09-8,Na2glycerophosphate•5H2O,MAPPED,CHEBI:15978,CHEBI,NARROW_MATCH,4,,
cas:10049-21-5,NaH2PO4•H2O,MAPPED,CHEBI:37585,CHEBI,NARROW_MATCH,4,,
kgmicrobe.ingredient:hans_100x_vitamins,Hans 100x vitamins,MAPPED,kgmicrobe.ingredient:hans_100x_vitamins,kgmicrobe.ingredient,FALLBACK_REGISTRY,0,,
kgmicrobe.ingredient:hans_1000x_minerals,Hans 1000x minerals,MAPPED,kgmicrobe.ingredient:hans_1000x_minerals,kgmicrobe.ingredient,FALLBACK_REGISTRY,0,,
kgmicrobe.ingredient:glycine-naoh_buffer,Glycine-NaOH buffer,MAPPED,kgmicrobe.ingredient:glycine-naoh_buffer,kgmicrobe.ingredient,FALLBACK_REGISTRY,0,,
kgmicrobe.ingredient:carbon_source_solution,Carbon source solution,MAPPED,kgmicrobe.ingredient:carbon_source_solution,kgmicrobe.ingredient,FALLBACK_REGISTRY,0,,
kgmicrobe.ingredient:aminoacids,Aminoacids,MAPPED,kgmicrobe.ingredient:aminoacids,kgmicrobe.ingredient,FALLBACK_REGISTRY,0,,
kgmicrobe.ingredient:pbs,PBS,MAPPED,NCIT:C178908,NCIT,NARROW_MATCH,0,,
kgmicrobe.ingredient:84_gl_nahco3_solution,84 g/L NaHCO3 solution,MAPPED,CHEBI:32139,CHEBI,NARROW_MATCH,0,,
kgmicrobe.ingredient:l-cysteine_x_hcl_x_h2o_solution,L-Cysteine x HCl x H2O solution,MAPPED,CHEBI:91247,CHEBI,CLOSE_MATCH,0,,
kgmicrobe.ingredient:cholesterol_lipid_concentrate,cholesterol lipid concentrate,MAPPED,CHEBI:16113,CHEBI,NARROW_MATCH,0,,
kgmicrobe.ingredient:menadione_solution,Menadione solution,MAPPED,CHEBI:28869,CHEBI,NARROW_MATCH,0,,
kgmicrobe.ingredient:wolfes_mineral_mix_minus_nitrilotriacetic_acid,Wolfe's mineral mix_minus_Nitrilotriacetic_acid,MAPPED,kgmicrobe.ingredient:wolfes_mineral_mix_minus_nitrilotriacetic_acid,kgmicrobe.ingredient,FALLBACK_REGISTRY,1,,
kgmicrobe.ingredient:uw_concentrated_base_no_sulfur,UW concentrated base no sulfur,MAPPED,kgmicrobe.ingredient:uw_concentrated_base_no_sulfur,kgmicrobe.ingredient,FALLBACK_REGISTRY,1,,
kgmicrobe.ingredient:thauers_vitamin_mix_no_biotin,Thauer's vitamin mix no Biotin,MAPPED,kgmicrobe.ingredient:thauers_vitamin_mix_no_biotin,kgmicrobe.ingredient,FALLBACK_REGISTRY,1,,
kgmicrobe.ingredient:sulfur_free_mineral_mix,Sulfur free mineral mix,MAPPED,kgmicrobe.ingredient:sulfur_free_mineral_mix,kgmicrobe.ingredient,FALLBACK_REGISTRY,1,,
kgmicrobe.ingredient:planctomyces_vitamin_mix,Planctomyces_vitamin_mix,MAPPED,kgmicrobe.ingredient:planctomyces_vitamin_mix,kgmicrobe.ingredient,FALLBACK_REGISTRY,1,,
kgmicrobe.ingredient:planctomyces_trace_element_solution,Planctomyces_trace_element_solution,MAPPED,kgmicrobe.ingredient:planctomyces_trace_element_solution,kgmicrobe.ingredient,FALLBACK_REGISTRY,1,,
kgmicrobe.ingredient:planctomyces_mineral_salts,Planctomyces_mineral_salts,MAPPED,kgmicrobe.ingredient:planctomyces_mineral_salts,kgmicrobe.ingredient,FALLBACK_REGISTRY,1,,
kgmicrobe.ingredient:p-ii_metal_solution,P-II Metal Solution,MAPPED,kgmicrobe.ingredient:p-ii_metal_solution,kgmicrobe.ingredient,FALLBACK_REGISTRY,1,,
kgmicrobe.ingredient:modified_p-iv_chelated_micronutrient_solution,Modified P-IV chelated Micronutrient Solution,MAPPED,kgmicrobe.ingredient:modified_p-iv_chelated_micronutrient_solution,kgmicrobe.ingredient,FALLBACK_REGISTRY,1,,
kgmicrobe.ingredient:minor_nutrients,Minor Nutrients,MAPPED,kgmicrobe.ingredient:minor_nutrients,kgmicrobe.ingredient,FALLBACK_REGISTRY,1,,
kgmicrobe.ingredient:mineral_3b_solution_minus_phosphorus,Mineral 3B solution minus phosphorus,MAPPED,kgmicrobe.ingredient:mineral_3b_solution_minus_phosphorus,kgmicrobe.ingredient,FALLBACK_REGISTRY,1,,
kgmicrobe.ingredient:macro_component_2_for_j_medium,Macro Component 2 for J medium,MAPPED,kgmicrobe.ingredient:macro_component_2_for_j_medium,kgmicrobe.ingredient,FALLBACK_REGISTRY,1,,
kgmicrobe.ingredient:macro_component_1_for_j_medium,Macro Component 1 for J Medium,MAPPED,kgmicrobe.ingredient:macro_component_1_for_j_medium,kgmicrobe.ingredient,FALLBACK_REGISTRY,1,,
kgmicrobe.ingredient:iron_stock,Iron Stock,MAPPED,kgmicrobe.ingredient:iron_stock,kgmicrobe.ingredient,FALLBACK_REGISTRY,1,,
kgmicrobe.ingredient:hunters_trace_stock_solution,Hunter's Trace Stock Solution,MAPPED,kgmicrobe.ingredient:hunters_trace_stock_solution,kgmicrobe.ingredient,FALLBACK_REGISTRY,1,,
kgmicrobe.ingredient:g9_trace_metals_for_j_medium,G9 Trace Metals for J medium,MAPPED,kgmicrobe.ingredient:g9_trace_metals_for_j_medium,kgmicrobe.ingredient,FALLBACK_REGISTRY,1,,
kgmicrobe.ingredient:edta_stock,EDTA Stock,MAPPED,kgmicrobe.ingredient:edta_stock,kgmicrobe.ingredient,FALLBACK_REGISTRY,1,,
kgmicrobe.ingredient:das_macro_solution,DAS Macro Solution,MAPPED,kgmicrobe.ingredient:das_macro_solution,kgmicrobe.ingredient,FALLBACK_REGISTRY,1,,
kgmicrobe.ingredient:chu_stock_solution,Chu Stock Solution,MAPPED,kgmicrobe.ingredient:chu_stock_solution,kgmicrobe.ingredient,FALLBACK_REGISTRY,1,,
kgmicrobe.ingredient:chelated_iron_solution,Chelated Iron Solution,MAPPED,kgmicrobe.ingredient:chelated_iron_solution,kgmicrobe.ingredient,FALLBACK_REGISTRY,1,,
kgmicrobe.ingredient:caso42h2osaturated_solution,CaSO4•2H2Osaturated solution,MAPPED,kgmicrobe.ingredient:caso42h2osaturated_solution,kgmicrobe.ingredient,FALLBACK_REGISTRY,1,,
kgmicrobe.ingredient:boron_stock,Boron Stock,MAPPED,kgmicrobe.ingredient:boron_stock,kgmicrobe.ingredient,FALLBACK_REGISTRY,1,,
kgmicrobe.ingredient:bold_trace_stock,Bold Trace Stock,MAPPED,kgmicrobe.ingredient:bold_trace_stock,kgmicrobe.ingredient,FALLBACK_REGISTRY,1,,
kgmicrobe.ingredient:beijerincks_solution,Beijerinck's Solution,MAPPED,kgmicrobe.ingredient:beijerincks_solution,kgmicrobe.ingredient,FALLBACK_REGISTRY,1,,
kgmicrobe.ingredient:a_trace_components,A+ Trace Components,MAPPED,kgmicrobe.ingredient:a_trace_components,kgmicrobe.ingredient,FALLBACK_REGISTRY,1,,
kgmicrobe.ingredient:atcc_wolfes_mineral_mix_minus_iron,ATCC Wolfe's mineral mix minus iron,MAPPED,kgmicrobe.ingredient:atcc_wolfes_mineral_mix_minus_iron,kgmicrobe.ingredient,FALLBACK_REGISTRY,1,,
kgmicrobe.ingredient:20aa_mix,20AA_mix,MAPPED,kgmicrobe.ingredient:20aa_mix,kgmicrobe.ingredient,FALLBACK_REGISTRY,1,,
kgmicrobe.ingredient:uw_concentrated_base_no_mo,UW concentrated base no Mo,MAPPED,kgmicrobe.ingredient:uw_concentrated_base_no_mo,kgmicrobe.ingredient,FALLBACK_REGISTRY,2,,
kgmicrobe.ingredient:tyg_salts_solution,TYG salts solution,MAPPED,kgmicrobe.ingredient:tyg_salts_solution,kgmicrobe.ingredient,FALLBACK_REGISTRY,2,,
kgmicrobe.ingredient:spir_solution,Spir solution,MAPPED,kgmicrobe.ingredient:spir_solution,kgmicrobe.ingredient,FALLBACK_REGISTRY,2,,
kgmicrobe.ingredient:lcfm_carbon_mix,LCFM Carbon mix,MAPPED,kgmicrobe.ingredient:lcfm_carbon_mix,kgmicrobe.ingredient,FALLBACK_REGISTRY,2,,
kgmicrobe.ingredient:ferric_malate_solution,ferric malate solution,MAPPED,kgmicrobe.ingredient:ferric_malate_solution,kgmicrobe.ingredient,FALLBACK_REGISTRY,2,,
kgmicrobe.ingredient:dyv_metal_solution,DYV Metal Solution,MAPPED,kgmicrobe.ingredient:dyv_metal_solution,kgmicrobe.ingredient,FALLBACK_REGISTRY,2,,
kgmicrobe.ingredient:das_vitamin_cocktail,DAS Vitamin Cocktail,MAPPED,kgmicrobe.ingredient:das_vitamin_cocktail,kgmicrobe.ingredient,FALLBACK_REGISTRY,2,,
kgmicrobe.ingredient:bg-11_trace_metals_solution,BG-11 Trace Metals Solution,MAPPED,kgmicrobe.ingredient:bg-11_trace_metals_solution,kgmicrobe.ingredient,FALLBACK_REGISTRY,2,,
kgmicrobe.ingredient:northen_exometabolite_mix_1,Northen_Exometabolite_mix_1,MAPPED,kgmicrobe.ingredient:northen_exometabolite_mix_1,kgmicrobe.ingredient,FALLBACK_REGISTRY,3,,
kgmicrobe.ingredient:mwc_metal_solution,MWC Metal Solution,MAPPED,kgmicrobe.ingredient:mwc_metal_solution,kgmicrobe.ingredient,FALLBACK_REGISTRY,3,,
kgmicrobe.ingredient:modified_wolfes_minerals,Modified Wolfe's Minerals,MAPPED,kgmicrobe.ingredient:modified_wolfes_minerals,kgmicrobe.ingredient,FALLBACK_REGISTRY,3,,
kgmicrobe.ingredient:mc_trace_minerals,Mc_trace_minerals,MAPPED,kgmicrobe.ingredient:mc_trace_minerals,kgmicrobe.ingredient,FALLBACK_REGISTRY,3,,
kgmicrobe.ingredient:mc_general_salts,Mc_general_salts,MAPPED,kgmicrobe.ingredient:mc_general_salts,kgmicrobe.ingredient,FALLBACK_REGISTRY,3,,
kgmicrobe.ingredient:mme_trace_minerals,MME Trace Minerals,MAPPED,kgmicrobe.ingredient:mme_trace_minerals,kgmicrobe.ingredient,FALLBACK_REGISTRY,3,,
kgmicrobe.ingredient:trace_metals_solution,Trace Metals Solution,MAPPED,kgmicrobe.ingredient:trace_metals_solution,kgmicrobe.ingredient,FALLBACK_REGISTRY,4,,
kgmicrobe.ingredient:takara_do_supp_minushisleutrp,Takara_DO_Supp_MinusHisLeuTrp,MAPPED,kgmicrobe.ingredient:takara_do_supp_minushisleutrp,kgmicrobe.ingredient,FALLBACK_REGISTRY,4,,
kgmicrobe.ingredient:enrichment_solution_for_seawater_medium,Enrichment Solution for Seawater Medium,MAPPED,kgmicrobe.ingredient:enrichment_solution_for_seawater_medium,kgmicrobe.ingredient,FALLBACK_REGISTRY,4,,
kgmicrobe.ingredient:mineral_3b_solution_minus_nitrogen,Mineral 3B solution minus Nitrogen,MAPPED,kgmicrobe.ingredient:mineral_3b_solution_minus_nitrogen,kgmicrobe.ingredient,FALLBACK_REGISTRY,5,,
kgmicrobe.ingredient:sulfur-free_dl_minerals,Sulfur-free DL minerals,MAPPED,kgmicrobe.ingredient:sulfur-free_dl_minerals,kgmicrobe.ingredient,FALLBACK_REGISTRY,6,,
kgmicrobe.ingredient:dl_vitamins,DL vitamins,MAPPED,kgmicrobe.ingredient:dl_vitamins,kgmicrobe.ingredient,FALLBACK_REGISTRY,6,,
kgmicrobe.ingredient:thauers_vitamin_mix,Thauer's vitamin mix,MAPPED,kgmicrobe.ingredient:thauers_vitamin_mix,kgmicrobe.ingredient,FALLBACK_REGISTRY,8,,
kgmicrobe.ingredient:4_carbon_mix,4 Carbon Mix,MAPPED,kgmicrobe.ingredient:4_carbon_mix,kgmicrobe.ingredient,FALLBACK_REGISTRY,8,,
kgmicrobe.ingredient:uw_concentrated_base,UW concentrated base,MAPPED,kgmicrobe.ingredient:uw_concentrated_base,kgmicrobe.ingredient,FALLBACK_REGISTRY,9,,
kgmicrobe.ingredient:mineral_3b_solution,Mineral 3B solution,MAPPED,kgmicrobe.ingredient:mineral_3b_solution,kgmicrobe.ingredient,FALLBACK_REGISTRY,9,,
kgmicrobe.ingredient:nldm_metabolites,NLDM_metabolites,MAPPED,kgmicrobe.ingredient:nldm_metabolites,kgmicrobe.ingredient,FALLBACK_REGISTRY,10,,
kgmicrobe.ingredient:day_aminoacid20,Day_AminoAcid20,MAPPED,kgmicrobe.ingredient:day_aminoacid20,kgmicrobe.ingredient,FALLBACK_REGISTRY,11,,
kgmicrobe.ingredient:p-iv_metal_solution,P-IV Metal Solution,MAPPED,kgmicrobe.ingredient:p-iv_metal_solution,kgmicrobe.ingredient,FALLBACK_REGISTRY,16,,
kgmicrobe.ingredient:mc_vitamins,Mc_vitamins,MAPPED,kgmicrobe.ingredient:mc_vitamins,kgmicrobe.ingredient,FALLBACK_REGISTRY,22,,
kgmicrobe.ingredient:mc_trace_minerals_so4free,Mc_trace_minerals_SO4free,MAPPED,kgmicrobe.ingredient:mc_trace_minerals_so4free,kgmicrobe.ingredient,FALLBACK_REGISTRY,22,,
kgmicrobe.ingredient:mc_general_salts_so4free,Mc_general_salts_SO4free,MAPPED,kgmicrobe.ingredient:mc_general_salts_so4free,kgmicrobe.ingredient,FALLBACK_REGISTRY,22,,
kgmicrobe.ingredient:atcc_wolfes_vitamin_mix,ATCC Wolfe's vitamin mix,MAPPED,kgmicrobe.ingredient:atcc_wolfes_vitamin_mix,kgmicrobe.ingredient,FALLBACK_REGISTRY,43,,
kgmicrobe.ingredient:atcc_wolfes_mineral_mix,ATCC Wolfe's mineral mix,MAPPED,kgmicrobe.ingredient:atcc_wolfes_mineral_mix,kgmicrobe.ingredient,FALLBACK_REGISTRY,46,,
kgmicrobe.ingredient:wolfes_mineral_mix,Wolfe's mineral mix,MAPPED,kgmicrobe.ingredient:wolfes_mineral_mix,kgmicrobe.ingredient,FALLBACK_REGISTRY,60,,
kgmicrobe.ingredient:wolfes_vitamin_mix,Wolfe's vitamin mix,MAPPED,kgmicrobe.ingredient:wolfes_vitamin_mix,kgmicrobe.ingredient,FALLBACK_REGISTRY,61,,
UBERON:0010228,Rumen fluid,MAPPED,UBERON:0010228,UBERON,EXACT_MATCH,0,,
NCIT:C75874,Sea salts,MAPPED,NCIT:C75874,NCIT,CLOSE_MATCH,22,,
kgmicrobe.ingredient:mops_2m_ph7,MOPS_2M_pH7,MAPPED,CHEBI:39074,CHEBI,NARROW_MATCH,24,,
kgmicrobe.ingredient:pipes_buffer,PIPES buffer,MAPPED,CHEBI:39033,CHEBI,NARROW_MATCH,0,,
kgmicrobe.ingredient:mes_buffer,MES buffer,MAPPED,CHEBI:39010,CHEBI,NARROW_MATCH,0,,
kgmicrobe.compound:alpha-hydroxyglutarate-gamma-lactone,Alpha-hydroxyglutarate-gamma-lactone,MAPPED,kgmicrobe.compound:alpha-hydroxyglutarate-gamma-lactone,kgmicrobe.compound,FALLBACK_REGISTRY,0,,
kgmicrobe.compound:l-glutamate-gamma-3-carboxy-4-nitroanilide,L-glutamate-gamma-3-carboxy-4-nitroanilide,MAPPED,kgmicrobe.compound:l-glutamate-gamma-3-carboxy-4-nitroanilide,kgmicrobe.compound,FALLBACK_REGISTRY,0,,
kgmicrobe.compound:beta-d-galacto-pyranosyl-d-arabinose,Beta-D-galacto-pyranosyl-D-arabinose,MAPPED,kgmicrobe.compound:beta-d-galacto-pyranosyl-d-arabinose,kgmicrobe.compound,FALLBACK_REGISTRY,0,,
kgmicrobe.compound:synthetic_sea_salts_sss,Synthetic Sea Salts (sss),MAPPED,kgmicrobe.compound:synthetic_sea_salts_sss,kgmicrobe.compound,FALLBACK_REGISTRY,0,,
kgmicrobe.compound:tetrabromopyrrole,Tetrabromopyrrole,MAPPED,kgmicrobe.compound:tetrabromopyrrole,kgmicrobe.compound,FALLBACK_REGISTRY,0,,
kgmicrobe.compound:aminovalerate,Aminovalerate,MAPPED,kgmicrobe.compound:aminovalerate,kgmicrobe.compound,FALLBACK_REGISTRY,0,,
kgmicrobe.compound:isopropionate,Isopropionate,MAPPED,kgmicrobe.compound:isopropionate,kgmicrobe.compound,FALLBACK_REGISTRY,0,,
kgmicrobe.compound:butamine,Butamine,MAPPED,kgmicrobe.compound:butamine,kgmicrobe.compound,FALLBACK_REGISTRY,0,,
kgmicrobe.compound:synanthrin,Synanthrin,MAPPED,kgmicrobe.compound:synanthrin,kgmicrobe.compound,FALLBACK_REGISTRY,0,,
kgmicrobe.compound:proteose,Proteose,MAPPED,kgmicrobe.compound:proteose,kgmicrobe.compound,FALLBACK_REGISTRY,0,,
kgmicrobe.compound:furaxone,Furaxone,MAPPED,kgmicrobe.compound:furaxone,kgmicrobe.compound,FALLBACK_REGISTRY,0,,
kgmicrobe.compound:medicamycin,Medicamycin,MAPPED,kgmicrobe.compound:medicamycin,kgmicrobe.compound,FALLBACK_REGISTRY,0,,
kgmicrobe.compound:bacillomycin,Bacillomycin,MAPPED,kgmicrobe.compound:bacillomycin,kgmicrobe.compound,FALLBACK_REGISTRY,0,,
mesh:D007633,Keratin,MAPPED,mesh:D007633,MESH,CLOSE_MATCH,0,,
mesh:C016719,Ristocetin A,MAPPED,mesh:C016719,MESH,EXACT_MATCH,0,,
mesh:D009429,Netropsin,MAPPED,mesh:D009429,MESH,EXACT_MATCH,0,,
mesh:C024712,Bottromycin,MAPPED,mesh:C024712,MESH,EXACT_MATCH,0,,
mesh:C041783,Actinomycin X,MAPPED,mesh:C041783,MESH,EXACT_MATCH,0,,
mesh:D005372,Filipin,MAPPED,mesh:D005372,MESH,EXACT_MATCH,0,,
mesh:D012313,Rna,MAPPED,mesh:D012313,MESH,EXACT_MATCH,0,,
CHEBI:58989,"3,4,5-trimethoxybenzoate",MAPPED,CHEBI:58989,CHEBI,CLOSE_MATCH,0,,
CHEBI:34367,"4,4'-dihydroxybiphenyl",MAPPED,CHEBI:34367,CHEBI,CLOSE_MATCH,0,,
CHEBI:18281,"2,5-didehydro-D-gluconic acid",MAPPED,CHEBI:18281,CHEBI,EXACT_MATCH,0,,
kgmicrobe.compound:3-o-methyl_alpha-d-glucopyranoside,3-O-methyl Alpha-D-glucopyranoside,MAPPED,kgmicrobe.compound:3-o-methyl_alpha-d-glucopyranoside,kgmicrobe.compound,FALLBACK_REGISTRY,0,,
kgmicrobe.compound:bis-4-nitrophenyl-phenyl_phosphonate,Bis-4-nitrophenyl-phenyl Phosphonate,MAPPED,kgmicrobe.compound:bis-4-nitrophenyl-phenyl_phosphonate,kgmicrobe.compound,FALLBACK_REGISTRY,0,,
kgmicrobe.compound:2-deoxythymidine-5-4-nitrophenyl_phosphate,2-deoxythymidine-5'-4-nitrophenyl Phosphate,MAPPED,kgmicrobe.compound:2-deoxythymidine-5-4-nitrophenyl_phosphate,kgmicrobe.compound,FALLBACK_REGISTRY,0,,
kgmicrobe.compound:bis-4-nitrophenyl-phosphorylcholine,Bis-4-nitrophenyl-phosphorylcholine,MAPPED,kgmicrobe.compound:bis-4-nitrophenyl-phosphorylcholine,kgmicrobe.compound,FALLBACK_REGISTRY,0,,
kgmicrobe.compound:l-proline-4-nitroanilide,L-proline-4-nitroanilide,MAPPED,kgmicrobe.compound:l-proline-4-nitroanilide,kgmicrobe.compound,FALLBACK_REGISTRY,0,,
kgmicrobe.compound:l-alanine_4-nitroanilide,L-alanine 4-nitroanilide,MAPPED,kgmicrobe.compound:l-alanine_4-nitroanilide,kgmicrobe.compound,FALLBACK_REGISTRY,0,,
ENVO:00002984,Crude Oil,MAPPED,ENVO:00002984,ENVO,SYNONYM_MATCH,0,,
NCIT:C166659,Carbomycin,MAPPED,NCIT:C166659,NCIT,EXACT_MATCH,0,,
NCIT:C386,Colistin Sulfate,MAPPED,NCIT:C386,NCIT,EXACT_MATCH,0,,
NCIT:C166895,Lysostaphin,MAPPED,NCIT:C166895,NCIT,EXACT_MATCH,0,,
NCIT:C61894,Polymyxin B,MAPPED,NCIT:C61894,NCIT,EXACT_MATCH,0,,
CHEBI:27374,L-inositol,MAPPED,CHEBI:27374,CHEBI,SYNONYM_MATCH,0,,
CHEBI:82679,Nutriacholic Acid,MAPPED,CHEBI:82679,CHEBI,SYNONYM_MATCH,0,,
CHEBI:81879,Rhodomycin B,MAPPED,CHEBI:81879,CHEBI,SYNONYM_MATCH,0,,
CHEBI:18394,Palatinose,MAPPED,CHEBI:18394,CHEBI,SYNONYM_MATCH,0,,
CHEBI:75273,Niaproof,MAPPED,CHEBI:75273,CHEBI,SYNONYM_MATCH,0,,
CHEBI:37671,3-beta-d-glucan,MAPPED,CHEBI:37671,CHEBI,SYNONYM_MATCH,0,,
kgmicrobe.compound:24-diamino-67-di-iso-propylpteridine_phosphate,"2,4-diamino-6,7-di-iso-propylpteridine phosphate",MAPPED,CHEBI:73908,CHEBI,NARROW_MATCH,0,,
kgmicrobe.compound:maltose_hydrate,Maltose Hydrate,MAPPED,CHEBI:17306,CHEBI,CLOSE_MATCH,0,,
kgmicrobe.compound:potassium_2-ketogluconate,Potassium 2-ketogluconate,MAPPED,CHEBI:16808,CHEBI,NARROW_MATCH,0,,
kgmicrobe.compound:potassium_2-dehydro-d-gluconate,Potassium 2-dehydro-D-gluconate,MAPPED,CHEBI:16808,CHEBI,NARROW_MATCH,0,,
kgmicrobe.compound:potassium_5-dehydro-d-gluconate,Potassium 5-dehydro-D-gluconate,MAPPED,CHEBI:58143,CHEBI,NARROW_MATCH,0,,
kgmicrobe.compound:potassium_5-ketogluconate,Potassium 5-ketogluconate,MAPPED,CHEBI:58143,CHEBI,NARROW_MATCH,0,,
CHEBI:17620,Ferulate,MAPPED,CHEBI:17620,CHEBI,CLOSE_MATCH,0,,
CHEBI:55507,1-o-methyl Alpha-galactopyranoside,MAPPED,CHEBI:55507,CHEBI,SYNONYM_MATCH,0,,
CHEBI:36241,Protocatechuate,MAPPED,CHEBI:36241,CHEBI,SYNONYM_MATCH,0,,
CHEBI:167506,2-dimethylsuccinic Acid,MAPPED,CHEBI:167506,CHEBI,CLOSE_MATCH,0,,
CHEBI:17464,L-galactonic Acid Gamma-lactone,MAPPED,CHEBI:17464,CHEBI,SYNONYM_MATCH,0,,
CHEBI:5390,Glutamyl-glutamic Acid,MAPPED,CHEBI:5390,CHEBI,SYNONYM_MATCH,0,,
CHEBI:149531,Carminate,MAPPED,CHEBI:149531,CHEBI,SYNONYM_MATCH,0,,
CHEBI:90601,L-pyroglutamic Acid 2-naphthylamide,MAPPED,CHEBI:90601,CHEBI,SYNONYM_MATCH,0,,
CHEBI:16077,Glucose 1-phosphate,MAPPED,CHEBI:16077,CHEBI,CLOSE_MATCH,0,,
CHEBI:73804,Glycyl L-aspartic Acid,MAPPED,CHEBI:73804,CHEBI,SYNONYM_MATCH,0,,
CHEBI:15895,D-galactonic Acid Lactone,MAPPED,CHEBI:15895,CHEBI,SYNONYM_MATCH,0,,
CHEBI:90144,O-nitrophenyl-beta-D-galactopyranosid,MAPPED,CHEBI:90144,CHEBI,SYNONYM_MATCH,0,,
CHEBI:15978,Glycerol 3-phosphate,MAPPED,CHEBI:15978,CHEBI,CLOSE_MATCH,0,,
CHEBI:24750,Hydroxystreptomycin,MAPPED,CHEBI:24750,CHEBI,CLOSE_MATCH,0,,
CHEBI:81287,Neomycin F,MAPPED,CHEBI:81287,CHEBI,SYNONYM_MATCH,0,,
CHEBI:81430,Dactimicin,MAPPED,CHEBI:81430,CHEBI,SYNONYM_MATCH,0,,
CHEBI:27907,Alpha-L-rhamnose,MAPPED,CHEBI:27907,CHEBI,SYNONYM_MATCH,0,,
CHEBI:2179,6-deoxy-d-galactose,MAPPED,CHEBI:2179,CHEBI,SYNONYM_MATCH,0,,
CHEBI:67135,Azomycin,MAPPED,CHEBI:67135,CHEBI,SYNONYM_MATCH,0,,
CHEBI:17833,Gentamicin,MAPPED,CHEBI:17833,CHEBI,SYNONYM_MATCH,0,,
CHEBI:71422,Beta-gentiobiose,MAPPED,CHEBI:71422,CHEBI,SYNONYM_MATCH,0,,
CHEBI:17784,D-glucosaminic Acid,MAPPED,CHEBI:17784,CHEBI,SYNONYM_MATCH,0,,
CHEBI:30566,4-aminobutyrate,MAPPED,CHEBI:30566,CHEBI,SYNONYM_MATCH,0,,
CHEBI:15588,D-malate,MAPPED,CHEBI:15588,CHEBI,SYNONYM_MATCH,0,,
CHEBI:73908,Vibriostat,MAPPED,CHEBI:73908,CHEBI,SYNONYM_MATCH,0,,
CHEBI:22210,Aconitate,MAPPED,CHEBI:22210,CHEBI,CLOSE_MATCH,0,,
CHEBI:16087,Isocitrate,MAPPED,CHEBI:16087,CHEBI,CLOSE_MATCH,0,,
CHEBI:17128,Adipate,MAPPED,CHEBI:17128,CHEBI,CLOSE_MATCH,0,,
CHEBI:30043,Terephthalate,MAPPED,CHEBI:30043,CHEBI,SYNONYM_MATCH,0,,
CHEBI:30803,Isophthalate,MAPPED,CHEBI:30803,CHEBI,SYNONYM_MATCH,0,,
CHEBI:13997,Citramalate,MAPPED,CHEBI:13997,CHEBI,SYNONYM_MATCH,0,,
CHEBI:30719,Citraconate,MAPPED,CHEBI:30719,CHEBI,SYNONYM_MATCH,0,,
CHEBI:16537,Galactarate,MAPPED,CHEBI:16537,CHEBI,SYNONYM_MATCH,0,,
CHEBI:17240,Itaconate,MAPPED,CHEBI:17240,CHEBI,SYNONYM_MATCH,0,,
CHEBI:29806,Fumarate,MAPPED,CHEBI:29806,CHEBI,SYNONYM_MATCH,0,,
CHEBI:15792,Malonate,MAPPED,CHEBI:15792,CHEBI,SYNONYM_MATCH,0,,
CHEBI:64243,Sodium L-glutamate,MAPPED,CHEBI:64243,CHEBI,SYNONYM_MATCH,2,,
CHEBI:15226,Tetrathionate,MAPPED,CHEBI:15226,CHEBI,SYNONYM_MATCH,0,,
CHEBI:15589,L-malate,MAPPED,CHEBI:15589,CHEBI,SYNONYM_MATCH,0,,
CHEBI:29033,Ferrous Ion,MAPPED,CHEBI:29033,CHEBI,SYNONYM_MATCH,0,,
CHEBI:18333,D-arabitol,MAPPED,CHEBI:18333,CHEBI,SYNONYM_MATCH,0,,
CHEBI:16383,Cis-aconitate,MAPPED,CHEBI:16383,CHEBI,SYNONYM_MATCH,0,,
CHEBI:17747,Bis(2-ethylhexyl)phthalate,MAPPED,CHEBI:17747,CHEBI,SYNONYM_MATCH,0,,
CHEBI:34036,"1,2,3-trichloropropane",MAPPED,CHEBI:34036,CHEBI,EXACT_MATCH,0,,
CHEBI:27789,"1,2-dichloroethane",MAPPED,CHEBI:27789,CHEBI,EXACT_MATCH,0,,
CHEBI:15987,Trithionate,MAPPED,CHEBI:15987,CHEBI,SYNONYM_MATCH,0,,
CHEBI:18212,Selenite,MAPPED,CHEBI:18212,CHEBI,SYNONYM_MATCH,0,,
CHEBI:18154,Polysaccharides,MAPPED,CHEBI:18154,CHEBI,SYNONYM_MATCH,0,,
CHEBI:53259,Poly(ethylene Terephthalate),MAPPED,CHEBI:53259,CHEBI,SYNONYM_MATCH,0,,
CHEBI:29991,L-aspartate,MAPPED,CHEBI:29991,CHEBI,SYNONYM_MATCH,0,,
CHEBI:73757,L-alanylglycine,MAPPED,CHEBI:73757,CHEBI,SYNONYM_MATCH,0,,
CHEBI:63961,Glycylglycylglycine,MAPPED,CHEBI:63961,CHEBI,SYNONYM_MATCH,0,,
CHEBI:70744,Glycyl-L-proline,MAPPED,CHEBI:70744,CHEBI,SYNONYM_MATCH,0,,
CHEBI:29987,Glutamate,MAPPED,CHEBI:29987,CHEBI,SYNONYM_MATCH,0,,
CHEBI:30612,D-glucarate,MAPPED,CHEBI:30612,CHEBI,SYNONYM_MATCH,0,,
CHEBI:29994,D-aspartate,MAPPED,CHEBI:29994,CHEBI,SYNONYM_MATCH,0,,
CHEBI:3122,Bis-4-nitrophenyl Phosphate,MAPPED,CHEBI:3122,CHEBI,EXACT_MATCH,0,,
CHEBI:30295,Antimonate,MAPPED,CHEBI:30295,CHEBI,SYNONYM_MATCH,0,,
CHEBI:90148,4-nitrophenyl Beta-D-xylopyranoside,MAPPED,CHEBI:90148,CHEBI,SYNONYM_MATCH,0,,
CHEBI:90259,4-nitrophenyl Beta-D-glucopyranoside,MAPPED,CHEBI:90259,CHEBI,SYNONYM_MATCH,0,,
CHEBI:91122,4-nitrophenyl Alpha-D-glucopyranoside,MAPPED,CHEBI:91122,CHEBI,SYNONYM_MATCH,0,,
CHEBI:17256,2-deoxyadenosine,MAPPED,CHEBI:17256,CHEBI,EXACT_MATCH,0,,
CHEBI:16567,2-aminobenzoate,MAPPED,CHEBI:16567,CHEBI,SYNONYM_MATCH,0,,
CHEBI:62318,(2)-D-lyxose,MAPPED,CHEBI:62318,CHEBI,SYNONYM_MATCH,0,,
CHEBI:16659,D-glycerate,MAPPED,CHEBI:16659,CHEBI,EXACT_MATCH,0,,
CHEBI:29101,Sodium(+),MAPPED,CHEBI:29101,CHEBI,SYNONYM_MATCH,0,,
CHEBI:29034,Ferric Iron,MAPPED,CHEBI:29034,CHEBI,SYNONYM_MATCH,0,,
CHEBI:16583,Diacetyl,MAPPED,CHEBI:16583,CHEBI,SYNONYM_MATCH,0,,
CHEBI:149425,NH4MgPO,MAPPED,CHEBI:149425,CHEBI,SYNONYM_MATCH,3,,
cas:13446-18-9,magnesium nitrate hexahydrate,MAPPED,CHEBI:64736,CHEBI,CLOSE_MATCH,0,,
CHEBI:229630,NH42CO3,MAPPED,CHEBI:229630,CHEBI,EXACT_MATCH,0,,
CHEBI:45165,Pyromelitic acid,MAPPED,CHEBI:45165,CHEBI,EXACT_MATCH,0,,
CHEBI:30065,Thioglycollic acid,MAPPED,CHEBI:30065,CHEBI,EXACT_MATCH,0,,
CHEBI:232610,KNO2,MAPPED,CHEBI:232610,CHEBI,EXACT_MATCH,0,,
CHEBI:32918,1-Naphthylacetic acid,MAPPED,CHEBI:32918,CHEBI,SYNONYM_MATCH,0,,
CHEBI:27569,(+)-Arabinogalactan,MAPPED,CHEBI:27569,CHEBI,EXACT_MATCH,0,,
CHEBI:4806,(-)-Epigallocatechin gallate,MAPPED,CHEBI:4806,CHEBI,SYNONYM_MATCH,0,,
CHEBI:28918,(-)-Epinephrine,MAPPED,CHEBI:28918,CHEBI,EXACT_MATCH,0,,
CHEBI:18357,(-)-Norepinephrine,MAPPED,CHEBI:18357,CHEBI,SYNONYM_MATCH,0,,
CHEBI:53188,(+/-)-Verapamil hydrochloride,MAPPED,CHEBI:53188,CHEBI,EXACT_MATCH,0,,
CHEBI:125,(-)-alpha-bisabolol,MAPPED,CHEBI:125,CHEBI,EXACT_MATCH,0,,
cas:247167-54-0,(5z)-4-bromo-5-(bromomethylene)-2(5h)-furanone,MAPPED,cas:247167-54-0,CAS,FALLBACK_REGISTRY,0,,
CHEBI:10983,(R)-3-hydroxybutyrate,MAPPED,CHEBI:10983,CHEBI,EXACT_MATCH,0,,
CHEBI:11047,(S)-3-hydroxybutyrate,MAPPED,CHEBI:11047,CHEBI,EXACT_MATCH,0,,
kgmicrobe.ingredient:0_2_thiamine_pyrophosphate,0.2% Thiamine pyrophosphate,MAPPED,kgmicrobe.ingredient:0_2_thiamine_pyrophosphate,kgmicrobe.ingredient,FALLBACK_REGISTRY,1,,
CHEBI:132766,"0.5 M Nitrilotriacetic acid, disodium salt",MAPPED,CHEBI:132766,CHEBI,EXACT_MATCH,2,,
CHEBI:16885,1-Kestose,MAPPED,CHEBI:16885,CHEBI,EXACT_MATCH,0,,
CHEBI:44884,1-Pentanol,MAPPED,CHEBI:44884,CHEBI,SYNONYM_MATCH,0,,
CHEBI:18053,1-aminocyclopropane-1-carboxylate,MAPPED,CHEBI:18053,CHEBI,EXACT_MATCH,0,,
cas:143314-17-4,1-ethyl-3-methylimidazolium acetate,MAPPED,CHEBI:61326,CHEBI,NARROW_MATCH,0,,
CHEBI:61327,1-ethyl-3-methylimidazolium chloride,MAPPED,CHEBI:61327,CHEBI,EXACT_MATCH,0,,
CHEBI:61326,1-ethyl-3-methylimidazolium lysine,MAPPED,CHEBI:61326,CHEBI,LEXICAL_MATCH,0,,
CHEBI:34118,1-octen-3-ol,MAPPED,CHEBI:34118,CHEBI,SYNONYM_MATCH,0,,
CHEBI:62240,1-phenazinecarboxamide,MAPPED,CHEBI:62240,CHEBI,SYNONYM_MATCH,0,,
CHEBI:36018,"1,1,2-Trichloroethane",MAPPED,CHEBI:36018,CHEBI,EXACT_MATCH,1,,
CHEBI:16997,"1,2-Propanediol",MAPPED,CHEBI:16997,CHEBI,SYNONYM_MATCH,0,,
CHEBI:82163,"1,2-Dichloropropane",MAPPED,CHEBI:82163,CHEBI,SYNONYM_MATCH,1,,
CHEBI:52683,"1,3-Butandiol",MAPPED,CHEBI:52683,CHEBI,SYNONYM_MATCH,0,,
cas:21531-91-9,"1,3-Hexanediol",MAPPED,cas:21531-91-9,CAS,FALLBACK_REGISTRY,0,,
CHEBI:16109,"1,3-Propanediol",MAPPED,CHEBI:16109,CHEBI,SYNONYM_MATCH,0,,
cas:2152-98-9,"1,4-B-D-Galactobiose",MAPPED,CHEBI:36226,CHEBI,SYNONYM_MATCH,0,,
CHEBI:41189,"1,4-Butanediol",MAPPED,CHEBI:41189,CHEBI,SYNONYM_MATCH,0,,
CHEBI:27418,"1,4-Naphthoquinone",MAPPED,CHEBI:27418,CHEBI,EXACT_MATCH,6,,
CHEBI:185431,"1,5-Pentanediol",MAPPED,CHEBI:185431,CHEBI,EXACT_MATCH,0,,
cas:124-09-4,"1,6-Hexanediamine",MAPPED,cas:124-09-4,CAS,FALLBACK_REGISTRY,0,,
CHEBI:32397,18-Crown-6,MAPPED,CHEBI:32397,CHEBI,EXACT_MATCH,0,,
CHEBI:63861,2-(Methylthio)ethanol,MAPPED,CHEBI:63861,CHEBI,EXACT_MATCH,0,,
cas:303-07-1,"2,6-dihydroxybenzoic acid",MAPPED,cas:303-07-1,CAS,FALLBACK_REGISTRY,0,,
CHEBI:59981,2-Acetylpyrrole,MAPPED,CHEBI:59981,CHEBI,EXACT_MATCH,0,,
CHEBI:327119,2-Azetidinone,MAPPED,CHEBI:327119,CHEBI,SYNONYM_MATCH,0,,
CHEBI:28816,2-Deoxy-D-Ribose,MAPPED,CHEBI:28816,CHEBI,EXACT_MATCH,0,,
CHEBI:15866,2-Deoxy-D-glucose,MAPPED,CHEBI:15866,CHEBI,EXACT_MATCH,0,,
cas:7284-15-3,2-Deoxy-D-ribonic acid lithium salt,MAPPED,CHEBI:86350,CHEBI,NARROW_MATCH,0,,
CHEBI:17713,2-Deoxyadenosine 5-monophosphate,MAPPED,CHEBI:17713,CHEBI,EXACT_MATCH,0,,
cas:16373-93-6,2-Deoxyadenosine monohydrate,MAPPED,CHEBI:17256,CHEBI,CLOSE_MATCH,0,,
CHEBI:15698,2'-Deoxycytidine,MAPPED,CHEBI:15698,CHEBI,EXACT_MATCH,0,,
CHEBI:15918,2-Deoxycytidine 5-monophosphate,MAPPED,CHEBI:15918,CHEBI,SYNONYM_MATCH,0,,
CHEBI:16011,2-Ethylhexanol,MAPPED,CHEBI:16011,CHEBI,EXACT_MATCH,0,,
CHEBI:34768,2-Furfuraldehyde,MAPPED,CHEBI:34768,CHEBI,EXACT_MATCH,0,,
CHEBI:184501,"2-Hydroxy-3,4-Dimethoxybenzoic Acid",MAPPED,CHEBI:184501,CHEBI,EXACT_MATCH,0,,
cas:5094-24-6,2-Hydroxybutyric acid sodium salt,MAPPED,CHEBI:1148,CHEBI,NARROW_MATCH,0,,
CHEBI:16540,2-Hydroxypyridine,MAPPED,CHEBI:16540,CHEBI,SYNONYM_MATCH,0,,
cas:1040352-40-6,2-Keto-D-gluconic acid hemicalcium salt hydrate,MAPPED,CHEBI:27469,CHEBI,CLOSE_MATCH,0,,
cas:3470-37-9,2-Keto-D-gluconic acid hemicalcium salt monohydrate,MAPPED,CHEBI:27469,CHEBI,CLOSE_MATCH,0,,
CHEBI:201738,2-Mercaptopyridine N-oxide sodium salt,MAPPED,CHEBI:201738,CHEBI,EXACT_MATCH,0,,
CHEBI:77761,2-Piperidinone,MAPPED,CHEBI:77761,CHEBI,EXACT_MATCH,0,,
mesh:C028805,2-Sulfobenzoic acid,MAPPED,mesh:C028805,MESH,EXACT_MATCH,0,,
CHEBI:31306,"2-bromo-2-nitro-1,3-propanediol",MAPPED,CHEBI:31306,CHEBI,EXACT_MATCH,0,,
CHEBI:15930,"2-chloro-4ethylamino-6-isopropylamino-1,3,5-triazine",MAPPED,CHEBI:15930,CHEBI,EXACT_MATCH,0,,
CHEBI:147155,2'-fucosyllactose,MAPPED,CHEBI:147155,CHEBI,EXACT_MATCH,0,,
CHEBI:30845,2-Furoic acid,MAPPED,CHEBI:30845,CHEBI,EXACT_MATCH,1,,
CHEBI:17905,2-Mercaptoethanesulfonate,MAPPED,CHEBI:17905,CHEBI,EXACT_MATCH,52,,
CHEBI:41218,2-Mercaptoethanol,MAPPED,CHEBI:41218,CHEBI,EXACT_MATCH,2,,
CHEBI:48945,2-methyl-1-butanol,MAPPED,CHEBI:48945,CHEBI,SYNONYM_MATCH,0,,
CHEBI:53620,2-methyl-4-isothizaolin-3-one,MAPPED,CHEBI:53620,CHEBI,EXACT_MATCH,0,,
CHEBI:28362,2-n-Heptyl-4-hydroxyquinoline N-oxide,MAPPED,CHEBI:28362,CHEBI,EXACT_MATCH,0,,
cas:2013-26-5,2-oxobutyric acid sodium salt,MAPPED,CHEBI:16763,CHEBI,NARROW_MATCH,0,,
CHEBI:89197,2-pentyl-furan,MAPPED,CHEBI:89197,CHEBI,EXACT_MATCH,0,,
CHEBI:77930,2-undecanol,MAPPED,CHEBI:77930,CHEBI,SYNONYM_MATCH,0,,
CHEBI:30351,"2,2'-Dipyridyl",MAPPED,CHEBI:30351,CHEBI,SYNONYM_MATCH,0,,
cas:10222-01-2,"2,2-dibromo-2-cyanoacetamide",MAPPED,cas:10222-01-2,CAS,FALLBACK_REGISTRY,0,,
CHEBI:131383,"2,2,4,4,6,8,8-Heptamethylnonane",MAPPED,CHEBI:131383,CHEBI,EXACT_MATCH,10,,
CHEBI:62064,"2,3-butanediol",MAPPED,CHEBI:62064,CHEBI,EXACT_MATCH,3,,
CHEBI:78019,"2,3,5-Triphenyltetrazolium chloride",MAPPED,CHEBI:78019,CHEBI,EXACT_MATCH,10,,
CHEBI:18026,"2,3-dihydroxybenzoic acid",MAPPED,CHEBI:18026,CHEBI,CAS_RN_LOOKUP,2,,
CHEBI:42017,"2,4-Dinitrophenol",MAPPED,CHEBI:42017,CHEBI,EXACT_MATCH,0,,
cas:6342-92-3,"2',5'-Dihydroxy-4-Methoxychalcone",MAPPED,cas:6342-92-3,CAS,FALLBACK_REGISTRY,0,,
CHEBI:28997,2'-Deoxyinosine,MAPPED,CHEBI:28997,CHEBI,CAS_RN_LOOKUP,4,,
CHEBI:16450,2'-Deoxyuridine,MAPPED,CHEBI:16450,CHEBI,CAS_RN_LOOKUP,4,,
CHEBI:91084,3-Aminopropionitrile Fumarate,MAPPED,CHEBI:91084,CHEBI,EXACT_MATCH,0,,
CHEBI:53678,3-Chloro-L-tyrosine,MAPPED,CHEBI:53678,CHEBI,EXACT_MATCH,0,,
CHEBI:132983,3-Hydroxydecanoic acid,MAPPED,CHEBI:132983,CHEBI,EXACT_MATCH,0,,
CHEBI:37035,3-Hydroxyhexanoic acid,MAPPED,CHEBI:37035,CHEBI,EXACT_MATCH,0,,
CHEBI:16510,3-Hydroxypropionate,MAPPED,CHEBI:16510,CHEBI,EXACT_MATCH,0,,
CHEBI:16530,3-Methyl-2-Oxobutanoic Acid,MAPPED,CHEBI:16530,CHEBI,EXACT_MATCH,0,,
CHEBI:189431,3-Methyl-2-oxobutanoic acid sodium salt,MAPPED,CHEBI:189431,CHEBI,EXACT_MATCH,0,,
CHEBI:18404,3-Methylcatechol,MAPPED,CHEBI:18404,CHEBI,EXACT_MATCH,0,,
CHEBI:68566,3-Methylglutaric acid,MAPPED,CHEBI:68566,CHEBI,EXACT_MATCH,0,,
cas:13224-94-7,3-O-Methyl-D-glucopyranose,MAPPED,cas:13224-94-7,CAS,FALLBACK_REGISTRY,0,,
CHEBI:73918,3-O-methyl-glucose,MAPPED,CHEBI:73918,CHEBI,SYNONYM_MATCH,0,,
CHEBI:28647,3-O-methylgallate,MAPPED,CHEBI:28647,CHEBI,EXACT_MATCH,0,,
cas:636-73-7,3-Pyridinesulfonic acid,MAPPED,cas:636-73-7,CAS,FALLBACK_REGISTRY,0,,
CHEBI:166501,3-acetylpyridine,MAPPED,CHEBI:166501,CHEBI,EXACT_MATCH,0,,
CHEBI:30761,3-aminobenzoate,MAPPED,CHEBI:30761,CHEBI,EXACT_MATCH,0,,
CHEBI:37081,3-aminobutyric acid,MAPPED,CHEBI:37081,CHEBI,SYNONYM_MATCH,0,,
cas:41312-47-4,3'-fucosyllactose,MAPPED,CHEBI:90065,CHEBI,EXACT_MATCH,0,,
CHEBI:30764,3-Hydroxybenzoic acid,MAPPED,CHEBI:30764,CHEBI,EXACT_MATCH,4,,
CHEBI:20067,3-hydroxybutyric acid,MAPPED,CHEBI:20067,CHEBI,EXACT_MATCH,0,,
CHEBI:16411,3-Indolyl acetic acid,MAPPED,CHEBI:16411,CHEBI,EXACT_MATCH,3,,
CHEBI:15837,3-methyl-1-butanol,MAPPED,CHEBI:15837,CHEBI,SYNONYM_MATCH,0,,
CHEBI:16019,3-methyl-2-butenol,MAPPED,CHEBI:16019,CHEBI,EXACT_MATCH,0,,
CHEBI:35932,3-methyl-2-oxopentanoic acid,MAPPED,CHEBI:35932,CHEBI,SYNONYM_MATCH,0,,
CHEBI:62898,3-methyl-3-butenol,MAPPED,CHEBI:62898,CHEBI,SYNONYM_MATCH,0,,
CHEBI:80946,3-octanone,MAPPED,CHEBI:80946,CHEBI,EXACT_MATCH,0,,
cas:128596-80-5,3'-sialyllactose sodium salt,MAPPED,CHEBI:26714,CHEBI,NARROW_MATCH,0,,
cas:14919-49-4,"3,4'-Dihydroxyflavone",MAPPED,mesh:C559991,MESH,NARROW_MATCH,0,,
CHEBI:232299,"3,4'-Dimethoxyflavone",MAPPED,CHEBI:232299,CHEBI,EXACT_MATCH,0,,
CHEBI:53648,"3,5-Dinitrosalicylic acid",MAPPED,CHEBI:53648,CHEBI,EXACT_MATCH,0,,
kgmicrobe.compound:36-dihydroxyflavone,"3',6-Dihydroxyflavone",MAPPED,CHEBI:24698,CHEBI,NARROW_MATCH,0,,
CHEBI:44115,3-(N-morpholino)propanesulfonic acid,MAPPED,CHEBI:44115,CHEBI,CAS_RN_LOOKUP,52,,
CHEBI:86582,4-Acetoxy-3-methoxycinnamic acid,MAPPED,CHEBI:86582,CHEBI,SYNONYM_MATCH,0,,
CHEBI:28235,4-Anisaldehyde,MAPPED,CHEBI:28235,CHEBI,EXACT_MATCH,0,,
CHEBI:65083,4-Deoxypyridoxine,MAPPED,CHEBI:65083,CHEBI,EXACT_MATCH,0,,
CHEBI:28032,4-Hydroxyacetophenone,MAPPED,CHEBI:28032,CHEBI,EXACT_MATCH,0,,
CHEBI:17597,4-Hydroxybenzaldehyde,MAPPED,CHEBI:17597,CHEBI,EXACT_MATCH,0,,
cas:184901-84-6,4-Hydroxymandelic acid monohydrate,MAPPED,CHEBI:16388,CHEBI,CLOSE_MATCH,0,,
CHEBI:165411,4-Hydroxynonanoic acid,MAPPED,CHEBI:165411,CHEBI,SYNONYM_MATCH,0,,
CHEBI:142593,4-Hydroxynonenal,MAPPED,CHEBI:142593,CHEBI,EXACT_MATCH,0,,
CHEBI:32980,4-Hydroxyphenylpropionic acid,MAPPED,CHEBI:32980,CHEBI,SYNONYM_MATCH,0,,
cas:4143-74-2,4'-Methoxyflavone,MAPPED,CHEBI:114194,CHEBI,SYNONYM_MATCH,0,,
cas:4502-00-5,4-Methyl-2-oxopentanoic acid sodium salt,MAPPED,CHEBI:48430,CHEBI,NARROW_MATCH,0,,
CHEBI:48430,4-Methyl-2-oxovaleric acid,MAPPED,CHEBI:48430,CHEBI,EXACT_MATCH,0,,
CHEBI:40035,4-Methylimidazole,MAPPED,CHEBI:40035,CHEBI,EXACT_MATCH,0,,
CHEBI:17405,4-Pyridoxic acid,MAPPED,CHEBI:17405,CHEBI,EXACT_MATCH,0,,
CHEBI:31128,4-acetoxyphenol,MAPPED,CHEBI:31128,CHEBI,SYNONYM_MATCH,0,,
CHEBI:17836,4-Aminobenzoate,MAPPED,CHEBI:17836,CHEBI,EXACT_MATCH,132,,
CHEBI:228211,4-azido-L-phenylalanine,MAPPED,CHEBI:228211,CHEBI,EXACT_MATCH,0,,
CHEBI:44718,4-benzoyl-L-phenylalanine,MAPPED,CHEBI:44718,CHEBI,EXACT_MATCH,0,,
CHEBI:30763,4-Hydroxybenzoic acid,MAPPED,CHEBI:30763,CHEBI,EXACT_MATCH,2,,
CHEBI:30830,4-hydroxybutyric acid,MAPPED,CHEBI:30830,CHEBI,EXACT_MATCH,0,,
CHEBI:34423,4-hydroxychalcone,MAPPED,CHEBI:34423,CHEBI,EXACT_MATCH,0,,
CHEBI:18101,4-Hydroxyphenyl acetic acid,MAPPED,CHEBI:18101,CHEBI,EXACT_MATCH,3,,
CHEBI:355715,4-nitrophenyl beta-D-galactopyranoside,MAPPED,CHEBI:355715,CHEBI,SYNONYM_MATCH,0,,
CHEBI:1883,4-vinylphenol,MAPPED,CHEBI:1883,CHEBI,SYNONYM_MATCH,0,,
CHEBI:15728,4-Guanidinobutyric acid,MAPPED,CHEBI:15728,CHEBI,CAS_RN_LOOKUP,4,,
cas:21010-06-0,5-(2-thienyl)-pentanoic acid,MAPPED,cas:21010-06-0,CAS,FALLBACK_REGISTRY,0,,
CHEBI:17549,5-Aminolevulinic acid,MAPPED,CHEBI:17549,CHEBI,EXACT_MATCH,0,,
CHEBI:2038,5-Azacytidine,MAPPED,CHEBI:2038,CHEBI,EXACT_MATCH,0,,
CHEBI:17509,5'-Deoxy-5'-(methylthio)adenosine,MAPPED,CHEBI:17509,CHEBI,EXACT_MATCH,0,,
CHEBI:80627,5'-Deoxy-5-fluorocytidine,MAPPED,CHEBI:80627,CHEBI,EXACT_MATCH,0,,
CHEBI:80624,"5-Fluorodihydropyrimidine-2,4-dione",MAPPED,CHEBI:80624,CHEBI,EXACT_MATCH,0,,
cas:207291-81-4,5-Fluoroorotic acid hydrate,MAPPED,CHEBI:74498,CHEBI,CLOSE_MATCH,0,,
CHEBI:195418,5-Hydroxydodecanoate,MAPPED,CHEBI:195418,CHEBI,EXACT_MATCH,0,,
CHEBI:412516,5-Hydroxymethylfurfural,MAPPED,CHEBI:412516,CHEBI,EXACT_MATCH,0,,
CHEBI:180039,5-Hydroxyoctanoate,MAPPED,CHEBI:180039,CHEBI,EXACT_MATCH,0,,
cas:91446-96-7,5-Keto-D-Gluconic Acid potassium salt,MAPPED,CHEBI:17426,CHEBI,NARROW_MATCH,0,,
CHEBI:15887,5-Aminovaleric acid,MAPPED,CHEBI:15887,CHEBI,EXACT_MATCH,3,,
CHEBI:46345,5-fluorouracil,MAPPED,CHEBI:46345,CHEBI,EXACT_MATCH,0,,
mesh:C014480,"5,6-dihydro-5-azathymidine",MAPPED,mesh:C014480,MESH,EXACT_MATCH,0,,
cas:1162-82-9,"5,7,4'-Trimethoxyisoflavone",MAPPED,cas:1162-82-9,CAS,FALLBACK_REGISTRY,0,,
CHEBI:45996,5-methyluridine,MAPPED,CHEBI:45996,CHEBI,CAS_RN_LOOKUP,10,,
CHEBI:34472,6-Hydroxyflavone,MAPPED,CHEBI:34472,CHEBI,EXACT_MATCH,0,,
CHEBI:17901,6-O-Acetyl-D-glucose,MAPPED,CHEBI:17901,CHEBI,EXACT_MATCH,0,,
cas:157574-76-0,6'-O-sialyllactose sodium salt,MAPPED,CHEBI:26714,CHEBI,NARROW_MATCH,0,,
cas:27593-23-3,6-Pentyl-2H-pyran-2-one,MAPPED,CHEBI:66729,CHEBI,SYNONYM_MATCH,0,,
CHEBI:16168,6-hydroxypyridine-3-carboxylic acid,MAPPED,CHEBI:16168,CHEBI,SYNONYM_MATCH,0,,
CHEBI:173101,6-methoxy-2(3H)-benzoxazolone,MAPPED,CHEBI:173101,CHEBI,EXACT_MATCH,0,,
mesh:C052093,7-Hydro-8-methylpteroylglutamylglutamic acid,MAPPED,mesh:C052093,MESH,EXACT_MATCH,0,,
CHEBI:2268,7-hydroxyflavone,MAPPED,CHEBI:2268,CHEBI,EXACT_MATCH,0,,
cas:77298-66-9,"7,2'-Dihydroxyflavone",MAPPED,CHEBI:94071,CHEBI,SYNONYM_MATCH,0,,
CHEBI:67121,8-hydroxy-nitroquinoline,MAPPED,CHEBI:67121,CHEBI,EXACT_MATCH,0,,
CHEBI:40585,a-Cyclodextrin,MAPPED,CHEBI:40585,CHEBI,EXACT_MATCH,0,,
cas:305-72-6,a-Ketoglutaric acid disodium salt hydrate,MAPPED,CHEBI:30915,CHEBI,CLOSE_MATCH,13,,
cas:853-68-9,AQDS,MAPPED,cas:853-68-9,CAS,FALLBACK_REGISTRY,0,,
CHEBI:28987,Abietic Acid,MAPPED,CHEBI:28987,CHEBI,EXACT_MATCH,0,,
CHEBI:2365,Abscisic acid,MAPPED,CHEBI:2365,CHEBI,EXACT_MATCH,0,,
kgmicrobe.compound:aburamycin_a,Aburamycin A,MAPPED,kgmicrobe.compound:aburamycin_a,kgmicrobe.compound,PLACEHOLDER,0,,
kgmicrobe.compound:abyssomicin_b,Abyssomicin B,MAPPED,kgmicrobe.compound:abyssomicin_b,kgmicrobe.compound,PLACEHOLDER,0,,
mesh:C512805,Abyssomicin D,MAPPED,mesh:C512805,MESH,EXACT_MATCH,0,,
kgmicrobe.compound:abyssomicin_g,Abyssomicin G,MAPPED,kgmicrobe.compound:abyssomicin_g,kgmicrobe.compound,PLACEHOLDER,0,,
kgmicrobe.compound:abyssomicin_h,Abyssomicin H,MAPPED,kgmicrobe.compound:abyssomicin_h,kgmicrobe.compound,PLACEHOLDER,0,,
CHEBI:15335,Acacetin,MAPPED,CHEBI:15335,CHEBI,EXACT_MATCH,0,,
CHEBI:39060,ACES,REJECTED,CHEBI:39060,CHEBI,EXACT_MATCH,0,,
CHEBI:15343,acetaldehyde,MAPPED,CHEBI:15343,CHEBI,EXACT_MATCH,0,,
CHEBI:30089,Acetate,MAPPED,CHEBI:30089,CHEBI,EXACT_MATCH,44,,
CHEBI:30089,Acetate (carbon source),REJECTED,CHEBI:30089,CHEBI,EXACT_MATCH,0,,
CHEBI:15366,Acetic acid,MAPPED,CHEBI:15366,CHEBI,EXACT_MATCH,36,,
CHEBI:15347,acetone,MAPPED,CHEBI:15347,CHEBI,EXACT_MATCH,0,,
CHEBI:2404,Acetosyringone,MAPPED,CHEBI:2404,CHEBI,EXACT_MATCH,0,,
CHEBI:2781,Acetovanillone,MAPPED,CHEBI:2781,CHEBI,SYNONYM_MATCH,0,,
CHEBI:134431,Acetylated xylan,MAPPED,CHEBI:134431,CHEBI,SYNONYM_MATCH,0,,
kgmicrobe.compound:achromoviromycin,Achromoviromycin,MAPPED,kgmicrobe.compound:achromoviromycin,kgmicrobe.compound,PLACEHOLDER,0,,
CHEBI:51739,Acridine orange,MAPPED,CHEBI:51739,CHEBI,EXACT_MATCH,0,,
cas:8048-52-0,Acriflavine,MAPPED,NCIT:C76253,NCIT,NARROW_MATCH,0,,
CHEBI:70241,Actein,MAPPED,CHEBI:70241,CHEBI,EXACT_MATCH,0,,
kgmicrobe.compound:actinohivin,Actinohivin,MAPPED,kgmicrobe.compound:actinohivin,kgmicrobe.compound,PLACEHOLDER,0,,
kgmicrobe.compound:actinomycetin,Actinomycetin,MAPPED,kgmicrobe.compound:actinomycetin,kgmicrobe.compound,PLACEHOLDER,0,,
kgmicrobe.compound:actinomycin_a,Actinomycin A,MAPPED,CHEBI:15369,CHEBI,NARROW_MATCH,0,,
CHEBI:27666,Actinomycin D,MAPPED,CHEBI:27666,CHEBI,EXACT_MATCH,0,,
mesh:C006403,Actinotiocin,MAPPED,mesh:C006403,MESH,EXACT_MATCH,0,,
NCIT:C77524,Activated charcoal,MAPPED,NCIT:C77524,NCIT,EXACT_MATCH,0,,
CHEBI:16708,Adenine,MAPPED,CHEBI:16708,CHEBI,EXACT_MATCH,2,,
cas:2922-28-3,Adenine hydrochloride hydrate,MAPPED,CHEBI:16708,CHEBI,CLOSE_MATCH,31,,
NCIT:C221830,Adenomycin,MAPPED,NCIT:C221830,NCIT,EXACT_MATCH,0,,
CHEBI:16335,Adenosine,MAPPED,CHEBI:16335,CHEBI,CAS_RN_LOOKUP,14,,
CHEBI:17489,"Adenosine 3,5-Cyclic Monophosphate",MAPPED,CHEBI:17489,CHEBI,SYNONYM_MATCH,0,,
CHEBI:30832,Adipic acid,MAPPED,CHEBI:30832,CHEBI,EXACT_MATCH,0,,
cas:305-01-1,Aesculetin,MAPPED,cas:305-01-1,CAS,FALLBACK_REGISTRY,0,,
CHEBI:2509,Agar,MAPPED,CHEBI:2509,CHEBI,EXACT_MATCH,3682,,
CHEBI:2511,Agarose,MAPPED,CHEBI:2511,CHEBI,EXACT_MATCH,22,,
FOODON:00005198,Agave,MAPPED,FOODON:00005198,FOODON,EXACT_MATCH,0,,
ENVO:00002263,air-dried garden soil,MAPPED,ENVO:00002263,ENVO,LEXICAL_MATCH,0,,
CHEBI:74779,Al2(SO4)3 x 18 H2O,MAPPED,CHEBI:74779,CHEBI,EXACT_MATCH,1,,
CHEBI:221124,alanosine,MAPPED,CHEBI:221124,CHEBI,EXACT_MATCH,0,,
kgmicrobe.compound:alboverticillin,Alboverticillin,MAPPED,kgmicrobe.compound:alboverticillin,kgmicrobe.compound,PLACEHOLDER,0,,
CHEBI:30114,AlCl3,MAPPED,CHEBI:30114,CHEBI,EXACT_MATCH,57,,
CHEBI:30115,AlCl3 x 6 H2O,MAPPED,CHEBI:30115,CHEBI,EXACT_MATCH,31,,
MICRO:0000455,Algal Trace Elements Solution,MAPPED,MICRO:0000455,MICRO,LEXICAL_MATCH,1,,
CHEBI:86463,AlK(SO4)2,MAPPED,CHEBI:86463,CHEBI,EXACT_MATCH,146,,
CHEBI:86465,AlK(SO4)2 x 12 H2O,MAPPED,CHEBI:86465,CHEBI,EXACT_MATCH,750,,
CHEBI:15676,Allantoin,MAPPED,CHEBI:15676,CHEBI,EXACT_MATCH,4,,
CHEBI:40279,Allopurinol,MAPPED,CHEBI:40279,CHEBI,EXACT_MATCH,0,,
CHEBI:172687,Allura Red AC,MAPPED,CHEBI:172687,CHEBI,EXACT_MATCH,0,,
CHEBI:73222,Aloin,MAPPED,CHEBI:73222,CHEBI,EXACT_MATCH,0,,
CHEBI:189432,alpha-Lactose,MAPPED,CHEBI:189432,CHEBI,SYNONYM_MATCH,0,,
CHEBI:9643,Alpha-Toxicarol (Dl),MAPPED,CHEBI:9643,CHEBI,EXACT_MATCH,0,,
CHEBI:17925,alpha-D-Glucose,MAPPED,CHEBI:17925,CHEBI,EXACT_MATCH,4,,
CHEBI:30915,alpha-ketoglutaric acid,MAPPED,CHEBI:30915,CHEBI,EXACT_MATCH,4,,
CHEBI:74772,Aluminium sulfate,MAPPED,CHEBI:74772,CHEBI,EXACT_MATCH,1,,
cas:10124-27-3,Aluminum chloride hydrate,MAPPED,NCIT:C83530,NCIT,NARROW_MATCH,11,,
CHEBI:2638,Amikacin disulfate salt,MAPPED,CHEBI:2638,CHEBI,EXACT_MATCH,0,,
CHEBI:62947,Ammonium acetate,MAPPED,CHEBI:62947,CHEBI,EXACT_MATCH,59,,
CHEBI:31206,Ammonium chloride (nitrogen source),REJECTED,CHEBI:31206,CHEBI,EXACT_MATCH,0,,
cas:12054-85-2,ammonium molybdate tetrahydrate,MAPPED,CHEBI:91249,CHEBI,CLOSE_MATCH,11,,
CHEBI:156543,ammonium persulfate,MAPPED,CHEBI:156543,CHEBI,EXACT_MATCH,0,,
CHEBI:81950,Ammonium Sulfamate,MAPPED,CHEBI:81950,CHEBI,EXACT_MATCH,0,,
cas:12135-76-1,ammonium sulfide solution,MAPPED,mesh:C027711,MESH,NARROW_MATCH,0,,
cas:7783-11-1,Ammonium sulfite monohydrate,MAPPED,mesh:C048169,MESH,NARROW_MATCH,0,,
CHEBI:2676,Amoxicillin,MAPPED,CHEBI:2676,CHEBI,EXACT_MATCH,0,,
mesh:C041989,Amphotericin A,MAPPED,mesh:C041989,MESH,EXACT_MATCH,0,,
CHEBI:2682,Amphotericin B,MAPPED,CHEBI:2682,CHEBI,EXACT_MATCH,2,,
CHEBI:28971,Ampicillin,MAPPED,CHEBI:28971,CHEBI,EXACT_MATCH,18,,
CHEBI:34535,Ampicillin sodium salt,REJECTED,CHEBI:34535,CHEBI,LEXICAL_MATCH,0,,
kgmicrobe.ingredient:amylopectin_from_maize,amylopectin from maize,MAPPED,CHEBI:28057,CHEBI,NARROW_MATCH,0,,
CHEBI:28102,Amylose from potato,MAPPED,CHEBI:28102,CHEBI,EXACT_MATCH,0,,
cas:53912-89-3,Anabasine Hydrochloride,MAPPED,NCIT:C216370,NCIT,NARROW_MATCH,0,,
cas:6488-63-7,Andirobin,MAPPED,cas:6488-63-7,CAS,FALLBACK_REGISTRY,0,,
CHEBI:65408,Andrographolide,MAPPED,CHEBI:65408,CHEBI,EXACT_MATCH,0,,
CHEBI:2716,Anethole,MAPPED,CHEBI:2716,CHEBI,EXACT_MATCH,0,,
mesh:C002547,Angolamycin,MAPPED,mesh:C002547,MESH,EXACT_MATCH,0,,
CHEBI:8612,Angustmycin,MAPPED,CHEBI:8612,CHEBI,SYNONYM_MATCH,0,,
CHEBI:201752,Anhydrotetracycline hydrochloride,MAPPED,CHEBI:201752,CHEBI,EXACT_MATCH,0,,
cas:17659-49-3,Anisodamine Hydrobromide (),MAPPED,NCIT:C221850,NCIT,NARROW_MATCH,0,,
CHEBI:193638,anthranilamide,MAPPED,CHEBI:193638,CHEBI,EXACT_MATCH,0,,
CHEBI:30754,anthranilic acid,MAPPED,CHEBI:30754,CHEBI,EXACT_MATCH,0,,
CHEBI:2762,Antimycin A,MAPPED,CHEBI:2762,CHEBI,EXACT_MATCH,0,,
CHEBI:31225,Antipyrine,MAPPED,CHEBI:31225,CHEBI,EXACT_MATCH,3,,
mesh:C061361,Apidaecin IB,MAPPED,mesh:C061361,MESH,EXACT_MATCH,0,,
CHEBI:18388,Apigenin,MAPPED,CHEBI:18388,CHEBI,EXACT_MATCH,0,,
cas:5728-44-9,Apigenin Dimethyl Ether,MAPPED,CHEBI:28887,CHEBI,NARROW_MATCH,0,,
CHEBI:70353,Apiole,MAPPED,CHEBI:70353,CHEBI,EXACT_MATCH,0,,
cas:65710-07-8,Apramycin sulfate salt,MAPPED,CHEBI:190734,CHEBI,NARROW_MATCH,0,,
cas:11078-27-6,Arabinan from Sugar Beet,MAPPED,FOODON:00003412,FOODON,NARROW_MATCH,0,,
cas:78088-21-8,Arabinobiose,MAPPED,mesh:C434937,MESH,NARROW_MATCH,0,,
CHEBI:22599,Arabinose,MAPPED,CHEBI:22599,CHEBI,EXACT_MATCH,3,,
cas:89315-59-3,Arabinotriose,MAPPED,CHEBI:62799,CHEBI,SYNONYM_MATCH,0,,
FOODON:03302492,Arabinoxylan (Rye Flour),MAPPED,FOODON:03302492,FOODON,LEXICAL_MATCH,0,,
CHEBI:18403,Arabitol,MAPPED,CHEBI:18403,CHEBI,CAS_RN_LOOKUP,4,,
kgmicrobe.compound:ardacin_a,Ardacin A,MAPPED,NCIT:C169786,NCIT,NARROW_MATCH,0,,
kgmicrobe.compound:ardacin_b,Ardacin B,MAPPED,NCIT:C169786,NCIT,NARROW_MATCH,0,,
kgmicrobe.compound:ardacin_c,Ardacin C,MAPPED,NCIT:C169786,NCIT,NARROW_MATCH,0,,
CHEBI:233150,Arecoline Hydrobromide,MAPPED,CHEBI:233150,CHEBI,EXACT_MATCH,0,,
CHEBI:29016,Arginine,MAPPED,CHEBI:29016,CHEBI,EXACT_MATCH,37,,
CHEBI:49474,argon,MAPPED,CHEBI:49474,CHEBI,SYNONYM_MATCH,2,,
CHEBI:2825,Aristolochic Acid,MAPPED,CHEBI:2825,CHEBI,EXACT_MATCH,0,,
CHEBI:33655,Aromatic compound,MAPPED,CHEBI:33655,CHEBI,EXACT_MATCH,0,,
CHEBI:33658,Aromatic hydrocarbon,MAPPED,CHEBI:33658,CHEBI,SYNONYM_MATCH,0,,
CHEBI:29125,Arsenate,MAPPED,CHEBI:29125,CHEBI,SYNONYM_MATCH,1,,
cas:13902-54-0,Artepaulin,MAPPED,cas:13902-54-0,CAS,FALLBACK_REGISTRY,0,,
MICRO:0001647,Artificial Sea Salt,MAPPED,MICRO:0001647,MICRO,LEXICAL_MATCH,0,,
CHEBI:22652,Ascorbic acid,MAPPED,CHEBI:22652,CHEBI,EXACT_MATCH,42,,
kgmicrobe.compound:ascosin,Ascosin,MAPPED,kgmicrobe.compound:ascosin,kgmicrobe.compound,PLACEHOLDER,0,,
mesh:C017029,Asialofetuin,MAPPED,mesh:C017029,MESH,EXACT_MATCH,0,,
CHEBI:79928,Asiaticoside,MAPPED,CHEBI:79928,CHEBI,EXACT_MATCH,0,,
CHEBI:22653,Asparagine,MAPPED,CHEBI:22653,CHEBI,EXACT_MATCH,24,,
CHEBI:2911,Atorvastatin calcium salt trihydrate,MAPPED,CHEBI:2911,CHEBI,EXACT_MATCH,0,,
cas:1924-24-9,Atrazin,MAPPED,cas:1924-24-9,CAS,FALLBACK_REGISTRY,0,,
mesh:C509797,Atrop Abyssomicin C,MAPPED,mesh:C509797,MESH,EXACT_MATCH,0,,
CHEBI:134355,Auraptene,MAPPED,CHEBI:134355,CHEBI,EXACT_MATCH,0,,
cas:1405-69-2,Avidin,MAPPED,mesh:D001360,MESH,NARROW_MATCH,0,,
CHEBI:172520,Avocadene,MAPPED,CHEBI:172520,CHEBI,EXACT_MATCH,0,,
CHEBI:168507,Avocadyne,MAPPED,CHEBI:168507,CHEBI,EXACT_MATCH,0,,
mesh:C000709627,Avocatin B,MAPPED,mesh:C000709627,MESH,EXACT_MATCH,0,,
NCIT:C169798,Avoparcin,MAPPED,NCIT:C169798,NCIT,EXACT_MATCH,0,,
kgmicrobe.compound:azacolutin,Azacolutin,MAPPED,kgmicrobe.compound:azacolutin,kgmicrobe.compound,PLACEHOLDER,0,,
CHEBI:38473,Azadirachtin,MAPPED,CHEBI:38473,CHEBI,EXACT_MATCH,0,,
CHEBI:48131,Azelaic acid,MAPPED,CHEBI:48131,CHEBI,SYNONYM_MATCH,0,,
CHEBI:51864,Azlocillin sodium salt,MAPPED,CHEBI:51864,CHEBI,SYNONYM_MATCH,0,,
CHEBI:161680,Aztreonam,MAPPED,CHEBI:161680,CHEBI,EXACT_MATCH,0,,
kgmicrobe.compound:azureomycin,Azureomycin,MAPPED,kgmicrobe.compound:azureomycin,kgmicrobe.compound,PLACEHOLDER,0,,
CHEBI:28793,b-Glucan from Oat,MAPPED,CHEBI:28793,CHEBI,EXACT_MATCH,0,,
cas:9036-88-8,b-Mannan borohydrate reduced carob seed,MAPPED,cas:9036-88-8,CAS,FALLBACK_REGISTRY,0,,
CHEBI:28669,Bacitracin,MAPPED,CHEBI:28669,CHEBI,EXACT_MATCH,10,,
CHEBI:63317,BaCl2,MAPPED,CHEBI:63317,CHEBI,EXACT_MATCH,6,,
CHEBI:86153,BaCl2 x 2 H2O,MAPPED,CHEBI:86153,CHEBI,EXACT_MATCH,5,,
kgmicrobe.compound:bacteriocin_isk_1,Bacteriocin Isk 1,MAPPED,kgmicrobe.compound:bacteriocin_isk_1,kgmicrobe.compound,PLACEHOLDER,0,,
MICRO:0000182,Bacto-tryptone,MAPPED,MICRO:0000182,MICRO,EXACT_MATCH,1,,
MICRO:0000193,Bacto brain heart infusion,MAPPED,MICRO:0000193,MICRO,LEXICAL_MATCH,0,,
MICRO:0000178,Bacto peptone,MAPPED,MICRO:0000178,MICRO,EXACT_MATCH,0,,
FOODON:03315720,Bacto Soytone,REJECTED,FOODON:03315720,FOODON,CLOSE_MATCH,0,,
MICRO:0000114,Bacto Tryptic Soy Agar,MAPPED,MICRO:0000114,MICRO,LEXICAL_MATCH,0,,
MICRO:0000114,Bacto Tryptic Soy Agar (Difco),REJECTED,MICRO:0000114,MICRO,LEXICAL_MATCH,0,,
MICRO:0000113,Bacto Tryptic Soy Broth,MAPPED,MICRO:0000113,MICRO,LEXICAL_MATCH,0,,
MICRO:0000113,Bacto Tryptic Soy Broth (Difco),REJECTED,MICRO:0000113,MICRO,LEXICAL_MATCH,0,,
kgmicrobe.compound:bafilomycin,Bafilomycin,MAPPED,kgmicrobe.compound:bafilomycin,kgmicrobe.compound,PLACEHOLDER,0,,
CHEBI:199416,Bafilomycin B1,MAPPED,CHEBI:199416,CHEBI,EXACT_MATCH,0,,
CHEBI:2979,Baicalein,MAPPED,CHEBI:2979,CHEBI,EXACT_MATCH,0,,
FOODON:03413797,Baker's yeast,MAPPED,FOODON:03413797,FOODON,EXACT_MATCH,0,,
kgmicrobe.compound:bandamycin,Bandamycin,MAPPED,kgmicrobe.compound:bandamycin,kgmicrobe.compound,PLACEHOLDER,0,,
cas:52698-84-7,Bathocuproine disulfonic acid disodium salt,MAPPED,CHEBI:63934,CHEBI,NARROW_MATCH,0,,
kgmicrobe.compound:bathophenanthrolinedisulfonic_acid_disodium_salt_hydrate,Bathophenanthrolinedisulfonic acid disodium salt hydrate,MAPPED,CHEBI:78157,CHEBI,CLOSE_MATCH,0,,
CHEBI:72292,Bedaquiline,MAPPED,CHEBI:72292,CHEBI,EXACT_MATCH,0,,
NCIT:C71932,Beef,MAPPED,NCIT:C71932,NCIT,EXACT_MATCH,0,,
kgmicrobe.ingredient:beef_brain_powder,Beef brain powder,MAPPED,FOODON:02020911,FOODON,NARROW_MATCH,0,,
FOODON:03302088,Beef extract,MAPPED,FOODON:03302088,FOODON,EXACT_MATCH,1,,
FOODON:00004410,Beef heart,MAPPED,FOODON:00004410,FOODON,EXACT_MATCH,7,,
kgmicrobe.ingredient:beef_heart_infusion,Beef Heart Infusion,MAPPED,FOODON:00004410,FOODON,NARROW_MATCH,2,,
CHEBI:3020,Benzalkonium Chloride,MAPPED,CHEBI:3020,CHEBI,EXACT_MATCH,0,,
CHEBI:3023,Benzbromarone,MAPPED,CHEBI:3023,CHEBI,EXACT_MATCH,0,,
CHEBI:31264,Benzethonium chloride,MAPPED,CHEBI:31264,CHEBI,EXACT_MATCH,0,,
CHEBI:30746,benzoic acid,MAPPED,CHEBI:30746,CHEBI,EXACT_MATCH,0,,
CHEBI:17484,Benzyl isothiocyanate,MAPPED,CHEBI:17484,CHEBI,EXACT_MATCH,0,,
CHEBI:25979,Benzylcyanide,MAPPED,CHEBI:25979,CHEBI,EXACT_MATCH,0,,
cas:3287-99-8,Benzylhydrazine Hydrochloride,MAPPED,cas:3287-99-8,CAS,FALLBACK_REGISTRY,0,,
CHEBI:31271,Berberine,MAPPED,CHEBI:31271,CHEBI,SYNONYM_MATCH,0,,
CHEBI:18293,Bergapten,MAPPED,CHEBI:18293,CHEBI,SYNONYM_MATCH,0,,
CHEBI:69499,Bergenin,MAPPED,CHEBI:69499,CHEBI,EXACT_MATCH,0,,
CHEBI:53502,beryllium sulfate tetrahydrate,MAPPED,CHEBI:53502,CHEBI,EXACT_MATCH,1,,
CHEBI:10352,Beta-Amyrin,MAPPED,CHEBI:10352,CHEBI,EXACT_MATCH,0,,
cas:154804-51-0,Beta-Glycerophosphate disodium salt hydrate,MAPPED,CHEBI:17270,CHEBI,CLOSE_MATCH,0,,
CHEBI:10429,Beta-Lapachone,MAPPED,CHEBI:10429,CHEBI,EXACT_MATCH,0,,
mesh:C000601869,beta-Lipomycin,MAPPED,mesh:C000601869,MESH,EXACT_MATCH,0,,
CHEBI:16958,Beta-alanine,MAPPED,CHEBI:16958,CHEBI,EXACT_MATCH,0,,
CHEBI:15846,beta-NAD,MAPPED,CHEBI:15846,CHEBI,EXACT_MATCH,3,,
CHEBI:36218,Beta-Lactose,MAPPED,CHEBI:36218,CHEBI,CAS_RN_LOOKUP,2,,
cas:590-46-5,Betaine hydrochloride,MAPPED,CHEBI:17750,CHEBI,NARROW_MATCH,0,,
kgmicrobe.compound:betaine_x_h2o,Betaine x H2O,MAPPED,CHEBI:17750,CHEBI,CLOSE_MATCH,20,,
CHEBI:3080,Betanin,MAPPED,CHEBI:3080,CHEBI,EXACT_MATCH,0,,
CHEBI:40957,Bicine,REJECTED,CHEBI:40957,CHEBI,EXACT_MATCH,0,,
CHEBI:40957,BICINE buffer,MAPPED,CHEBI:40957,CHEBI,EXACT_MATCH,5,,
CHEBI:60584,Bicyclomycin,MAPPED,CHEBI:60584,CHEBI,SYNONYM_MATCH,0,,
CHEBI:22868,Bile salts,MAPPED,CHEBI:22868,CHEBI,LEXICAL_MATCH,0,,
NCIT:C187267,Bimuno,MAPPED,NCIT:C187267,NCIT,EXACT_MATCH,0,,
cas:54443-59-3,Biochanin a diacetate,MAPPED,cas:54443-59-3,CAS,FALLBACK_REGISTRY,0,,
CHEBI:15956,Biotin,MAPPED,CHEBI:15956,CHEBI,EXACT_MATCH,2421,,
kgmicrobe.ingredient:biotin_vitamin_solution,Biotin Vitamin Solution,MAPPED,MICRO:0000460,MICRO,CLOSE_MATCH,18,,
CHEBI:16841,Bis(3-aminopropyl)amine,MAPPED,CHEBI:16841,CHEBI,EXACT_MATCH,0,,
CHEBI:41250,Bis-Tris,MAPPED,CHEBI:41250,CHEBI,EXACT_MATCH,5,,
CHEBI:49235,Bisabolene,MAPPED,CHEBI:49235,CHEBI,EXACT_MATCH,0,,
cas:7787-60-2,bismuth(III) chloride,MAPPED,cas:7787-60-2,CAS,FALLBACK_REGISTRY,1,,
CHEBI:34582,Bleomycin sulfate,MAPPED,CHEBI:34582,CHEBI,EXACT_MATCH,0,,
CHEBI:3148,Boldine,MAPPED,CHEBI:3148,CHEBI,EXACT_MATCH,0,,
CHEBI:28093,Borneol,MAPPED,CHEBI:28093,CHEBI,EXACT_MATCH,0,,
MICRO:0000307,Bovine albumin,MAPPED,MICRO:0000307,MICRO,EXACT_MATCH,0,,
MICRO:0001709,Bovine calf serum,MAPPED,MICRO:0001709,MICRO,LEXICAL_MATCH,0,,
cas:9048-46-8,bovine serum albumin,MAPPED,NCIT:C85253,NCIT,NARROW_MATCH,1,,
MICRO:0000193,Brain heart infusion,MAPPED,MICRO:0000193,MICRO,EXACT_MATCH,0,,
MICRO:0000193,Brain heart infusion broth,MAPPED,MICRO:0000193,MICRO,LEXICAL_MATCH,0,,
CHEBI:69196,Brazilein,MAPPED,CHEBI:69196,CHEBI,EXACT_MATCH,0,,
CHEBI:86154,Bromocresol purple,MAPPED,CHEBI:86154,CHEBI,EXACT_MATCH,6,,
CHEBI:86155,Bromothymol blue,MAPPED,CHEBI:86155,CHEBI,EXACT_MATCH,169,,
MICRO:0000595,Brucella agar,MAPPED,MICRO:0000595,MICRO,EXACT_MATCH,0,,
CHEBI:3193,Brucine,MAPPED,CHEBI:3193,CHEBI,EXACT_MATCH,0,,
CHEBI:28885,Butanol,MAPPED,CHEBI:28885,CHEBI,EXACT_MATCH,0,,
CHEBI:85983,Butyl stearate,MAPPED,CHEBI:85983,CHEBI,SYNONYM_MATCH,0,,
mesh:C521980,Butyl vinyl ether,MAPPED,mesh:C521980,MESH,EXACT_MATCH,0,,
CHEBI:30772,Butyric acid,MAPPED,CHEBI:30772,CHEBI,EXACT_MATCH,34,,
mesh:C010427,Butyricin 7423,MAPPED,mesh:C010427,MESH,EXACT_MATCH,0,,
CHEBI:36592,Butyrolactam,MAPPED,CHEBI:36592,CHEBI,SYNONYM_MATCH,0,,
CHEBI:3259,CCCP,MAPPED,CHEBI:3259,CHEBI,EXACT_MATCH,0,,
CHEBI:134107,CHIR-090,MAPPED,CHEBI:134107,CHEBI,EXACT_MATCH,0,,
CHEBI:31340,Ca-folinate,MAPPED,CHEBI:31340,CHEBI,EXACT_MATCH,5,,
CHEBI:31345,Ca-pantothenate,REJECTED,CHEBI:31345,CHEBI,SYNONYM_MATCH,0,,
CHEBI:64205,Ca(NO3)2,MAPPED,CHEBI:64205,CHEBI,EXACT_MATCH,13,,
CHEBI:86159,Ca(NO3)2 x 4 H2O,MAPPED,CHEBI:86159,CHEBI,EXACT_MATCH,146,,
CHEBI:3312,CaCl2,MAPPED,CHEBI:3312,CHEBI,EXACT_MATCH,502,,
CHEBI:86158,CaCl22H2O,MAPPED,CHEBI:86158,CHEBI,SYNONYM_MATCH,2,,
CHEBI:86158,CaCl2 x 2 H2O,MAPPED,CHEBI:86158,CHEBI,EXACT_MATCH,4343,,
CHEBI:91243,CaCl2 x 6 H2O,MAPPED,CHEBI:91243,CHEBI,EXACT_MATCH,42,,
kgmicrobe.compound:cacl2_x_7_h2o,CaCl2 x 7 H2O,MAPPED,CHEBI:3312,CHEBI,CLOSE_MATCH,7,,
CHEBI:3311,CaCO3,MAPPED,CHEBI:3311,CHEBI,EXACT_MATCH,245,,
CHEBI:18127,Cadaverine,MAPPED,CHEBI:18127,CHEBI,EXACT_MATCH,0,,
cas:5743-04-4,Cadmium acetate dihydrate,MAPPED,CHEBI:232796,CHEBI,CLOSE_MATCH,1,,
CHEBI:63938,Cadmium chloride hemipentahydrate,MAPPED,CHEBI:63938,CHEBI,EXACT_MATCH,0,,
CHEBI:77732,cadmium nitrate,MAPPED,CHEBI:77732,CHEBI,EXACT_MATCH,1,,
CHEBI:36281,caffeic acid,MAPPED,CHEBI:36281,CHEBI,EXACT_MATCH,0,,
CHEBI:27732,Caffeine,MAPPED,CHEBI:27732,CHEBI,EXACT_MATCH,0,,
cas:5743-18-0,Caffeine Hydrobromide,MAPPED,cas:5743-18-0,CAS,FALLBACK_REGISTRY,0,,
CHEBI:32596,CaHPO4,MAPPED,CHEBI:32596,CHEBI,EXACT_MATCH,2,,
CHEBI:3312,Calcium Chloride,MAPPED,CHEBI:3312,CHEBI,SYNONYM_MATCH,15,,
CHEBI:31345,Calcium D-Pantothenate,REJECTED,CHEBI:31345,CHEBI,EXACT_MATCH,0,,
CHEBI:31345,Calcium pantothenate,MAPPED,CHEBI:31345,CHEBI,EXACT_MATCH,1082,,
NCIT:C105971,Calprotectin,MAPPED,NCIT:C105971,NCIT,EXACT_MATCH,0,,
kgmicrobe.compound:camphomycin,Camphomycin,MAPPED,kgmicrobe.compound:camphomycin,kgmicrobe.compound,PLACEHOLDER,0,,
CHEBI:27656,Camptothecin,MAPPED,CHEBI:27656,CHEBI,EXACT_MATCH,0,,
kgmicrobe.compound:canarius,Canarius,MAPPED,kgmicrobe.compound:canarius,kgmicrobe.compound,PLACEHOLDER,0,,
CHEBI:609827,Canavanine,MAPPED,CHEBI:609827,CHEBI,EXACT_MATCH,0,,
kgmicrobe.compound:candimycin,Candimycin,MAPPED,kgmicrobe.compound:candimycin,kgmicrobe.compound,PLACEHOLDER,0,,
mesh:C033379,Candiplanecin,MAPPED,mesh:C033379,MESH,EXACT_MATCH,0,,
CHEBI:64213,Cantharidin,MAPPED,CHEBI:64213,CHEBI,EXACT_MATCH,0,,
CHEBI:31348,Capecitabine,MAPPED,CHEBI:31348,CHEBI,EXACT_MATCH,0,,
CHEBI:30776,Caproic acid,MAPPED,CHEBI:30776,CHEBI,EXACT_MATCH,13,,
CHEBI:28579,Caprolactam,MAPPED,CHEBI:28579,CHEBI,EXACT_MATCH,0,,
CHEBI:191088,CAPS buffer,MAPPED,CHEBI:191088,CHEBI,EXACT_MATCH,2,,
CHEBI:3374,capsaicin,MAPPED,CHEBI:3374,CHEBI,EXACT_MATCH,0,,
CHEBI:183882,CAPSO,MAPPED,CHEBI:183882,CHEBI,EXACT_MATCH,2,,
CHEBI:3393,Carbenicillin,MAPPED,CHEBI:3393,CHEBI,EXACT_MATCH,1,,
CHEBI:34609,Carbenicillin disodium salt,MAPPED,CHEBI:34609,CHEBI,EXACT_MATCH,0,,
CHEBI:16526,Carbon dioxide gas,MAPPED,CHEBI:16526,CHEBI,EXACT_MATCH,0,,
CHEBI:234035,Carboxymethyl cellulose,MAPPED,CHEBI:234035,CHEBI,SYNONYM_MATCH,4,,
FOODON:03460374,Carboxymethyl cellulose (sodium salt),MAPPED,FOODON:03460374,FOODON,LEXICAL_MATCH,0,,
kgmicrobe.compound:carcinomycin,Carcinomycin,MAPPED,kgmicrobe.compound:carcinomycin,kgmicrobe.compound,PLACEHOLDER,0,,
cas:461-06-3,Carnitine (Dl) Hydrochloride,MAPPED,CHEBI:17126,CHEBI,NARROW_MATCH,0,,
kgmicrobe.compound:carnitine_hydrochloride,Carnitine Hydrochloride,MAPPED,CHEBI:17126,CHEBI,NARROW_MATCH,0,,
CHEBI:65585,Carnosic Acid,MAPPED,CHEBI:65585,CHEBI,EXACT_MATCH,0,,
NCIT:C72000,Carrot,MAPPED,NCIT:C72000,NCIT,EXACT_MATCH,0,,
kgmicrobe.compound:caryomycin,Caryomycin,MAPPED,kgmicrobe.compound:caryomycin,kgmicrobe.compound,PLACEHOLDER,0,,
CHEBI:10357,Caryophyllene [T(-)],MAPPED,CHEBI:10357,CHEBI,EXACT_MATCH,0,,
mesh:C017721,Casamino acids (vitamin assay),MAPPED,mesh:C017721,MESH,LEXICAL_MATCH,0,,
FOODON:03420180,Casein,MAPPED,FOODON:03420180,FOODON,EXACT_MATCH,13,,
FOODON:03315719,Casein peptone,MAPPED,FOODON:03315719,FOODON,CLOSE_MATCH,0,,
MICRO:0001366,Casein hydrolysate,MAPPED,MICRO:0001366,MICRO,EXACT_MATCH,0,,
MICRO:0000606,Casitone,MAPPED,MICRO:0000606,MICRO,EXACT_MATCH,0,,
CHEBI:31346,CaSO4,MAPPED,CHEBI:31346,CHEBI,EXACT_MATCH,9,,
CHEBI:32583,CaSO4 x 2 H2O,MAPPED,CHEBI:32583,CHEBI,EXACT_MATCH,86,,
CHEBI:31346,CaSO4 x 7 H2O,MAPPED,CHEBI:31346,CHEBI,SYNONYM_MATCH,2,,
NCIT:C61062,Catalase,MAPPED,NCIT:C61062,NCIT,EXACT_MATCH,26,,
CHEBI:86156,Cd(NO3)2 x 4 H2O,MAPPED,CHEBI:86156,CHEBI,EXACT_MATCH,1,,
CHEBI:35458,CeCl3,MAPPED,CHEBI:35458,CHEBI,EXACT_MATCH,2,,
kgmicrobe.compound:cecl3_x_7_h2o,CeCl3 x 7 H2O,MAPPED,CHEBI:35458,CHEBI,CLOSE_MATCH,2,,
CHEBI:201428,Cecropin A,MAPPED,CHEBI:201428,CHEBI,EXACT_MATCH,0,,
CHEBI:201469,Cecropin B,MAPPED,CHEBI:201469,CHEBI,EXACT_MATCH,0,,
CHEBI:197237,Cedrelone,MAPPED,CHEBI:197237,CHEBI,EXACT_MATCH,0,,
CHEBI:3478,Cefaclor,MAPPED,CHEBI:3478,CHEBI,EXACT_MATCH,0,,
CHEBI:3483,Cefazolin sodium salt,MAPPED,CHEBI:3483,CHEBI,EXACT_MATCH,0,,
CHEBI:3489,Cefmetazole,MAPPED,CHEBI:3489,CHEBI,EXACT_MATCH,0,,
CHEBI:3498,Cefotaxime sodium salt,MAPPED,CHEBI:3498,CHEBI,SYNONYM_MATCH,0,,
CHEBI:3501,Cefoxitin sodium salt,MAPPED,CHEBI:3501,CHEBI,EXACT_MATCH,0,,
kgmicrobe.compound:cefsulodin_sodium_salt_hydrate,Cefsulodin sodium salt hydrate,MAPPED,CHEBI:31380,CHEBI,CLOSE_MATCH,0,,
cas:120618-65-7,Ceftazidime hydrate,MAPPED,CHEBI:3508,CHEBI,CLOSE_MATCH,0,,
CHEBI:3514,Ceftriaxone disodium salt hemi(heptahydrate),MAPPED,CHEBI:3514,CHEBI,EXACT_MATCH,0,,
BTO:0004304,Cell lysate,MAPPED,BTO:0004304,BTO,EXACT_MATCH,4,,
CHEBI:17057,Cellobiose,MAPPED,CHEBI:17057,CHEBI,EXACT_MATCH,208,,
CHEBI:49533,Cellohexaose,MAPPED,CHEBI:49533,CHEBI,SYNONYM_MATCH,0,,
CHEBI:62976,Cellopentaose,MAPPED,CHEBI:62976,CHEBI,EXACT_MATCH,0,,
kgmicrobe.compound:cellostatin,Cellostatin,MAPPED,kgmicrobe.compound:cellostatin,kgmicrobe.compound,PLACEHOLDER,0,,
CHEBI:62974,Cellotetraose,MAPPED,CHEBI:62974,CHEBI,EXACT_MATCH,0,,
CHEBI:3528,Cellotriose,MAPPED,CHEBI:3528,CHEBI,EXACT_MATCH,0,,
CHEBI:18246,Cellulose,MAPPED,CHEBI:18246,CHEBI,EXACT_MATCH,32,,
CHEBI:3534,Cephalexin,MAPPED,CHEBI:3534,CHEBI,EXACT_MATCH,0,,
CHEBI:3542,Cephalothin sodium salt,MAPPED,CHEBI:3542,CHEBI,EXACT_MATCH,0,,
kgmicrobe.compound:cephamycin_a,Cephamycin A,MAPPED,CHEBI:55429,CHEBI,NARROW_MATCH,0,,
CHEBI:3547,Cephradine,MAPPED,CHEBI:3547,CHEBI,EXACT_MATCH,0,,
CHEBI:171741,Cerulenin,MAPPED,CHEBI:171741,CHEBI,EXACT_MATCH,0,,
CHEBI:63039,Cesium chloride,MAPPED,CHEBI:63039,CHEBI,SYNONYM_MATCH,0,,
NCIT:C98044,Cetocycline,MAPPED,NCIT:C98044,NCIT,EXACT_MATCH,0,,
cas:9004-95-9,Cetomacrogol 1000,MAPPED,mesh:D002592,MESH,NARROW_MATCH,0,,
CHEBI:3567,Cetrimonium bromide,MAPPED,CHEBI:3567,CHEBI,EXACT_MATCH,0,,
CHEBI:86202,Chalcopyrite,MAPPED,CHEBI:86202,CHEBI,EXACT_MATCH,2,,
kgmicrobe.compound:champamycin_b,Champamycin B,MAPPED,kgmicrobe.compound:champamycin_b,kgmicrobe.compound,PLACEHOLDER,0,,
kgmicrobe.compound:chaninin,Chaninin,MAPPED,kgmicrobe.compound:chaninin,kgmicrobe.compound,PLACEHOLDER,0,,
CHEBI:91090,Charcoal,MAPPED,CHEBI:91090,CHEBI,EXACT_MATCH,3,,
CHEBI:27939,Chaulmoogric acid,MAPPED,CHEBI:27939,CHEBI,EXACT_MATCH,0,,
CHEBI:16755,Chenodeoxycholic acid,MAPPED,CHEBI:16755,CHEBI,EXACT_MATCH,0,,
CHEBI:17029,Chitin,MAPPED,CHEBI:17029,CHEBI,EXACT_MATCH,0,,
CHEBI:16261,Chitosan,MAPPED,CHEBI:16261,CHEBI,EXACT_MATCH,2,,
CHEBI:17698,Chloramphenicol,MAPPED,CHEBI:17698,CHEBI,EXACT_MATCH,7,,
kgmicrobe.compound:chlorhexidine_diacetate_salt_hydrate,Chlorhexidine diacetate salt hydrate,MAPPED,CHEBI:81711,CHEBI,CLOSE_MATCH,0,,
CHEBI:16112,Chlorogenic acid,MAPPED,CHEBI:16112,CHEBI,EXACT_MATCH,0,,
kgmicrobe.compound:chlororaphin,Chlororaphin,MAPPED,kgmicrobe.compound:chlororaphin,kgmicrobe.compound,PLACEHOLDER,0,,
CHEBI:3649,Chlorpromazine hydrochloride,MAPPED,CHEBI:3649,CHEBI,EXACT_MATCH,0,,
CHEBI:16359,Cholic acid,MAPPED,CHEBI:16359,CHEBI,EXACT_MATCH,0,,
cas:14586-35-7,Cholin acetate,MAPPED,cas:14586-35-7,CAS,FALLBACK_REGISTRY,0,,
CHEBI:15354,Choline,MAPPED,CHEBI:15354,CHEBI,EXACT_MATCH,3,,
CHEBI:133341,Choline chloride,MAPPED,CHEBI:133341,CHEBI,EXACT_MATCH,16,,
cas:83846-92-8,Cholinium dihydrogen phosphate,MAPPED,cas:83846-92-8,CAS,FALLBACK_REGISTRY,0,,
mesh:C000655964,Cholinium lysinate,MAPPED,mesh:C000655964,MESH,EXACT_MATCH,0,,
cas:39455-18-0,Chondroitin sulfate A sodium salt from bovine trachea,MAPPED,CHEBI:37397,CHEBI,NARROW_MATCH,0,,
CHEBI:53442,Chromium(III) Chloride Hexahydrate,MAPPED,CHEBI:53442,CHEBI,EXACT_MATCH,0,,
cas:97-41-6,"Chrysanthemic Acid, Ethyl Ester",MAPPED,CHEBI:228794,CHEBI,SYNONYM_MATCH,0,,
CHEBI:3686,Chrysarobin,MAPPED,CHEBI:3686,CHEBI,SYNONYM_MATCH,0,,
CHEBI:75095,Chrysin,MAPPED,CHEBI:75095,CHEBI,EXACT_MATCH,0,,
CHEBI:3687,Chrysophanol,MAPPED,CHEBI:3687,CHEBI,EXACT_MATCH,0,,
cas:163046-73-9,Cimicifugoside H1,MAPPED,cas:163046-73-9,CAS,FALLBACK_REGISTRY,0,,
kgmicrobe.compound:cinerubin_a,Cinerubin A,MAPPED,kgmicrobe.compound:cinerubin_a,kgmicrobe.compound,PLACEHOLDER,0,,
CHEBI:27386,Cinnamic acid,MAPPED,CHEBI:27386,CHEBI,EXACT_MATCH,0,,
CHEBI:59936,Ciprofloxacin Hydrochloride,MAPPED,CHEBI:59936,CHEBI,EXACT_MATCH,0,,
CHEBI:27899,Cisplatin,MAPPED,CHEBI:27899,CHEBI,EXACT_MATCH,0,,
CHEBI:17626,Citraconic acid,MAPPED,CHEBI:17626,CHEBI,EXACT_MATCH,0,,
CHEBI:16947,Citrate,MAPPED,CHEBI:16947,CHEBI,SYNONYM_MATCH,0,,
CHEBI:30769,Citric acid,MAPPED,CHEBI:30769,CHEBI,EXACT_MATCH,63,,
CHEBI:31404,Citric acid x H2O,MAPPED,CHEBI:31404,CHEBI,EXACT_MATCH,2,,
CHEBI:30769,Citric Acid•H2O,MAPPED,CHEBI:30769,CHEBI,LEXICAL_MATCH,3,,
kgmicrobe.compound:cladomycin,Cladomycin,MAPPED,kgmicrobe.compound:cladomycin,kgmicrobe.compound,PLACEHOLDER,0,,
CHEBI:3732,Clarithromycin,MAPPED,CHEBI:3732,CHEBI,EXACT_MATCH,0,,
CHEBI:3749,Clofazimine,MAPPED,CHEBI:3749,CHEBI,EXACT_MATCH,0,,
CHEBI:3764,Clotrimazole,MAPPED,CHEBI:3764,CHEBI,EXACT_MATCH,0,,
CHEBI:34978,Cloxacillin sodium salt monohydrate,MAPPED,CHEBI:34978,CHEBI,EXACT_MATCH,0,,
CHEBI:86209,Co(NO3)2,MAPPED,CHEBI:86209,CHEBI,EXACT_MATCH,7,,
CHEBI:86214,Co(NO3)2 x 6 H2O,MAPPED,CHEBI:86214,CHEBI,EXACT_MATCH,192,,
CHEBI:30411,Cobalamine,MAPPED,CHEBI:30411,CHEBI,EXACT_MATCH,3,,
CHEBI:53503,Cobalt chloride hexahydrate,MAPPED,CHEBI:53503,CHEBI,CAS_RN_LOOKUP,2388,,
CHEBI:35696,CoCl2,MAPPED,CHEBI:35696,CHEBI,EXACT_MATCH,25,,
kgmicrobe.compound:cocl2_x_2_h2o,CoCl2 x 2 H2O,MAPPED,CHEBI:35696,CHEBI,CLOSE_MATCH,3,,
kgmicrobe.compound:cocl2_x_4_h2o,CoCl2 x 4 H2O,MAPPED,CHEBI:35696,CHEBI,CLOSE_MATCH,7,,
CHEBI:53503,CoCl2 x 6 H2O,REJECTED,CHEBI:53503,CHEBI,EXACT_MATCH,0,,
CHEBI:15346,Coenzyme A,MAPPED,CHEBI:15346,CHEBI,EXACT_MATCH,7,,
CHEBI:183909,Colchiceine,MAPPED,CHEBI:183909,CHEBI,EXACT_MATCH,0,,
CHEBI:37943,Colistin sulfate salt,MAPPED,CHEBI:37943,CHEBI,EXACT_MATCH,0,,
kgmicrobe.compound:collinomycin,Collinomycin,MAPPED,kgmicrobe.compound:collinomycin,kgmicrobe.compound,PLACEHOLDER,0,,
MICRO:0000536,Columbia agar base,MAPPED,MICRO:0000536,MICRO,EXACT_MATCH,0,,
CHEBI:27965,Conessine,MAPPED,CHEBI:27965,CHEBI,EXACT_MATCH,0,,
CHEBI:34653,Congo red,MAPPED,CHEBI:34653,CHEBI,EXACT_MATCH,2,,
kgmicrobe.compound:congocidin,Congocidin,MAPPED,kgmicrobe.compound:congocidin,kgmicrobe.compound,PLACEHOLDER,0,,
CHEBI:17745,coniferyl alcohol,MAPPED,CHEBI:17745,CHEBI,EXACT_MATCH,0,,
CHEBI:16547,coniferyl aldehyde,MAPPED,CHEBI:16547,CHEBI,EXACT_MATCH,0,,
FOODON:03305103,Cooked meat medium,MAPPED,FOODON:03305103,FOODON,LEXICAL_MATCH,0,,
FOODON:03310257,Corn meal,MAPPED,FOODON:03310257,FOODON,EXACT_MATCH,0,,
CHEBI:53470,CoSO4,MAPPED,CHEBI:53470,CHEBI,EXACT_MATCH,23,,
CHEBI:91244,CoSO4 x 7 H2O,MAPPED,CHEBI:91244,CHEBI,EXACT_MATCH,693,,
cas:10018-19-6,Cotarnine Chloride,MAPPED,NCIT:C79997,NCIT,NARROW_MATCH,0,,
FOODON:02020891,Cow's milk,MAPPED,FOODON:02020891,FOODON,LEXICAL_MATCH,0,,
ENVO:00001998,CR1 Soil,MAPPED,ENVO:00001998,ENVO,CLOSE_MATCH,14,,
CHEBI:53471,Cr2(SO4)3 x n H2O,MAPPED,CHEBI:53471,CHEBI,EXACT_MATCH,2,,
CHEBI:86206,Cr(NO3)3 x 7 H2O,MAPPED,CHEBI:86206,CHEBI,EXACT_MATCH,1,,
CHEBI:16919,Creatine,MAPPED,CHEBI:16919,CHEBI,EXACT_MATCH,4,,
CHEBI:16737,Creatinine,MAPPED,CHEBI:16737,CHEBI,EXACT_MATCH,4,,
CHEBI:86218,Cresol red,MAPPED,CHEBI:86218,CHEBI,EXACT_MATCH,1,,
CHEBI:3914,Crinamine,MAPPED,CHEBI:3914,CHEBI,EXACT_MATCH,0,,
CHEBI:41131,Crotonic acid,MAPPED,CHEBI:41131,CHEBI,EXACT_MATCH,31,,
CHEBI:149838,Cryptotanshinone,MAPPED,CHEBI:149838,CHEBI,EXACT_MATCH,0,,
CHEBI:41688,Crystal Violet,MAPPED,CHEBI:41688,CHEBI,EXACT_MATCH,7,,
kgmicrobe.compound:cu_no32_x_3_h2o,Cu(NO3)2 x 3 H2O,MAPPED,CHEBI:78036,CHEBI,CLOSE_MATCH,1,,
CHEBI:53472,CuCl,MAPPED,CHEBI:53472,CHEBI,EXACT_MATCH,7,,
CHEBI:49553,CuCl2,MAPPED,CHEBI:49553,CHEBI,EXACT_MATCH,82,,
CHEBI:86318,CuCl2 x 2 H2O,MAPPED,CHEBI:86318,CHEBI,EXACT_MATCH,2150,,
CHEBI:91245,CuCl2 x 5 H2O,MAPPED,CHEBI:91245,CHEBI,EXACT_MATCH,29,,
kgmicrobe.compound:cucl2_x_6_h2o,CuCl2 x 6 H2O,MAPPED,CHEBI:49553,CHEBI,CLOSE_MATCH,6,,
CHEBI:78673,Cumene hydroperoxide,MAPPED,CHEBI:78673,CHEBI,EXACT_MATCH,0,,
CHEBI:3962,Curcumin,MAPPED,CHEBI:3962,CHEBI,EXACT_MATCH,0,,
cas:54724-00-4,Curdlan,MAPPED,mesh:C038459,MESH,NARROW_MATCH,0,,
CHEBI:23414,CuSO4,MAPPED,CHEBI:23414,CHEBI,EXACT_MATCH,48,,
CHEBI:23414,CuSO4 x 2 H2O,MAPPED,CHEBI:23414,CHEBI,SYNONYM_MATCH,4,,
CHEBI:23414,CuSO4 x 4 H2O,MAPPED,CHEBI:23414,CHEBI,EXACT_MATCH,1,,
CHEBI:31440,CuSO4 x 5 H2O,MAPPED,CHEBI:31440,CHEBI,EXACT_MATCH,1253,,
CHEBI:91246,CuSO4 x 6 H2O,MAPPED,CHEBI:91246,CHEBI,EXACT_MATCH,3,,
CHEBI:17439,Cyanocobalamin,MAPPED,CHEBI:17439,CHEBI,EXACT_MATCH,42,,
CHEBI:27641,Cycloheximid,MAPPED,CHEBI:27641,CHEBI,EXACT_MATCH,5,,
CHEBI:495055,Cyclomaltoheptaose,MAPPED,CHEBI:495055,CHEBI,EXACT_MATCH,2,,
CHEBI:4021,Cyclopamine,MAPPED,CHEBI:4021,CHEBI,EXACT_MATCH,0,,
mesh:C058276,Cystargin,MAPPED,mesh:C058276,MESH,EXACT_MATCH,0,,
CHEBI:15356,Cysteine,MAPPED,CHEBI:15356,CHEBI,EXACT_MATCH,44,,
CHEBI:17562,Cytidine,MAPPED,CHEBI:17562,CHEBI,CAS_RN_LOOKUP,14,,
CHEBI:17361,Cytidine 5'-Monophosphate,MAPPED,CHEBI:17361,CHEBI,EXACT_MATCH,0,,
CHEBI:4055,Cytisine,MAPPED,CHEBI:4055,CHEBI,EXACT_MATCH,0,,
CHEBI:16040,Cytosine,MAPPED,CHEBI:16040,CHEBI,CAS_RN_LOOKUP,20,,
kgmicrobe.compound:cytovirin,Cytovirin,MAPPED,kgmicrobe.compound:cytovirin,kgmicrobe.compound,PLACEHOLDER,0,,
CHEBI:15399,D(+)-Carvone,MAPPED,CHEBI:15399,CHEBI,EXACT_MATCH,0,,
CHEBI:181432,D-(+)-Galactosamine hydrochloride,MAPPED,CHEBI:181432,CHEBI,EXACT_MATCH,0,,
CHEBI:16217,D-(+)-Gluconic acid gamma-lactone,MAPPED,CHEBI:16217,CHEBI,EXACT_MATCH,0,,
cas:207511-10-2,D-(+)-Melezitose hydrate,MAPPED,CHEBI:6731,CHEBI,CLOSE_MATCH,0,,
CHEBI:32528,D-(+)-Turanose,MAPPED,CHEBI:32528,CHEBI,EXACT_MATCH,0,,
cas:10030-67-8,D-(+)-melezitose monohydrate,MAPPED,CHEBI:6731,CHEBI,CLOSE_MATCH,0,,
CHEBI:16719,D-(-)-Pantolactone,MAPPED,CHEBI:16719,CHEBI,EXACT_MATCH,0,,
CHEBI:16789,D-(-)-lyxose,MAPPED,CHEBI:16789,CHEBI,SYNONYM_MATCH,0,,
CHEBI:4249,D-(-)-tagatose,MAPPED,CHEBI:4249,CHEBI,SYNONYM_MATCH,0,,
CHEBI:28797,D-2-Aminobutyric acid,MAPPED,CHEBI:28797,CHEBI,EXACT_MATCH,0,,
CHEBI:15570,D-Alanine,MAPPED,CHEBI:15570,CHEBI,EXACT_MATCH,0,,
CHEBI:17364,D-Aspartic Acid,MAPPED,CHEBI:17364,CHEBI,EXACT_MATCH,0,,
CHEBI:40009,D-Cycloserine,MAPPED,CHEBI:40009,CHEBI,EXACT_MATCH,0,,
cas:26177-86-6,D-Fructose 6-phosphate disodium salt hydrate,MAPPED,CHEBI:190546,CHEBI,CLOSE_MATCH,0,,
cas:91510-62-2,D-Galacturonic Acid monohydrate,MAPPED,CHEBI:18024,CHEBI,CLOSE_MATCH,0,,
CHEBI:16002,D-Glucaric acid,MAPPED,CHEBI:16002,CHEBI,EXACT_MATCH,0,,
CHEBI:12962,D-Glucosamine 6-phosphate,MAPPED,CHEBI:12962,CHEBI,EXACT_MATCH,0,,
cas:66-84-2,D-Glucosamine Hydrochloride,MAPPED,NCIT:C83732,NCIT,NARROW_MATCH,0,,
cas:54010-71-8,D-Glucose-6-Phosphate sodium salt,MAPPED,CHEBI:14314,CHEBI,NARROW_MATCH,1,,
CHEBI:18268,D-Glucuronic acid gamma lactone,MAPPED,CHEBI:18268,CHEBI,EXACT_MATCH,0,,
cas:207300-70-7,D-Glucuronic acid sodium salt monohydrate,MAPPED,CHEBI:4178,CHEBI,CLOSE_MATCH,0,,
CHEBI:15966,D-Glutamic Acid,MAPPED,CHEBI:15966,CHEBI,EXACT_MATCH,0,,
CHEBI:28225,D-Leucine,MAPPED,CHEBI:28225,CHEBI,EXACT_MATCH,0,,
cas:7158-70-5,D-Leucrose,MAPPED,cas:7158-70-5,CAS,FALLBACK_REGISTRY,0,,
CHEBI:16855,D-Lysine,MAPPED,CHEBI:16855,CHEBI,EXACT_MATCH,0,,
cas:6363-53-7,D-Maltose monohydrate,MAPPED,CHEBI:17306,CHEBI,CLOSE_MATCH,9,,
cas:70442-25-0,D-Mannose 6-phosphate sodium salt,MAPPED,CHEBI:17369,CHEBI,NARROW_MATCH,0,,
CHEBI:16867,D-Methionine,MAPPED,CHEBI:16867,CHEBI,EXACT_MATCH,0,,
CHEBI:16313,D-Proline,MAPPED,CHEBI:16313,CHEBI,EXACT_MATCH,0,,
cas:17629-30-0,D-Raffinose pentahydrate,MAPPED,CHEBI:189430,CHEBI,NARROW_MATCH,0,,
CHEBI:16988,D-Ribose,MAPPED,CHEBI:16988,CHEBI,EXACT_MATCH,0,,
cas:576-42-1,D-Saccharic acid potassium salt,MAPPED,CHEBI:16002,CHEBI,NARROW_MATCH,0,,
CHEBI:16523,D-Serine,MAPPED,CHEBI:16523,CHEBI,EXACT_MATCH,0,,
CHEBI:17992,D-Sucrose,REJECTED,CHEBI:17992,CHEBI,EXACT_MATCH,0,,
CHEBI:16689,D-apiose,MAPPED,CHEBI:16689,CHEBI,EXACT_MATCH,0,,
CHEBI:17108,D-Arabinose,MAPPED,CHEBI:17108,CHEBI,EXACT_MATCH,1,,
CHEBI:27904,D-erythrose,MAPPED,CHEBI:27904,CHEBI,EXACT_MATCH,0,,
CHEBI:15824,D-Fructose,MAPPED,CHEBI:15824,CHEBI,EXACT_MATCH,36,,
CHEBI:12936,D-Galactose,MAPPED,CHEBI:12936,CHEBI,EXACT_MATCH,6,,
CHEBI:18024,D-galacturonic acid,MAPPED,CHEBI:18024,CHEBI,EXACT_MATCH,2,,
CHEBI:17634,D-Glucose,MAPPED,CHEBI:17634,CHEBI,EXACT_MATCH,813,,
CHEBI:4178,D-glucuronic acid,MAPPED,CHEBI:4178,CHEBI,EXACT_MATCH,1,,
CHEBI:17061,D-glutamine,MAPPED,CHEBI:17061,CHEBI,EXACT_MATCH,0,,
cas:138-86-7,d-limonene,MAPPED,cas:138-86-7,CAS,FALLBACK_REGISTRY,0,,
CHEBI:16899,D-Mannitol,MAPPED,CHEBI:16899,CHEBI,EXACT_MATCH,8,,
CHEBI:16024,D-Mannose,MAPPED,CHEBI:16024,CHEBI,EXACT_MATCH,7,,
CHEBI:17924,D-Sorbitol,MAPPED,CHEBI:17924,CHEBI,EXACT_MATCH,2,,
CHEBI:16296,D-tryptophan,MAPPED,CHEBI:16296,CHEBI,EXACT_MATCH,0,,
CHEBI:65327,D-Xylose,MAPPED,CHEBI:65327,CHEBI,EXACT_MATCH,14,,
cas:66768-39-6,D-xylose 5-phosphate lithium salt,MAPPED,CHEBI:37492,CHEBI,NARROW_MATCH,0,,
CHEBI:75228,D,REJECTED,CHEBI:75228,CHEBI,EXACT_MATCH,0,,
cas:19741-14-1,DAMPA,MAPPED,cas:19741-14-1,CAS,FALLBACK_REGISTRY,0,,
CHEBI:116509,DCMU,MAPPED,CHEBI:116509,CHEBI,SYNONYM_MATCH,0,,
cas:372965-00-9,DEANONOate,MAPPED,CHEBI:77707,CHEBI,NARROW_MATCH,0,,
CHEBI:50154,DETA/NO,MAPPED,CHEBI:50154,CHEBI,EXACT_MATCH,0,,
CHEBI:37023,DL-2-Aminoadipic acid,MAPPED,CHEBI:37023,CHEBI,EXACT_MATCH,0,,
CHEBI:35621,DL-2-Aminobutyric acid,MAPPED,CHEBI:35621,CHEBI,EXACT_MATCH,0,,
CHEBI:27389,DL-3-Aminoisobutyric acid,MAPPED,CHEBI:27389,CHEBI,EXACT_MATCH,0,,
cas:1219589-99-7,DL-3-Hydroxyisobutyric acid sodium salt,MAPPED,CHEBI:18064,CHEBI,NARROW_MATCH,0,,
CHEBI:17138,DL-Glyceraldehyde 3-phosphate,MAPPED,CHEBI:17138,CHEBI,EXACT_MATCH,0,,
cas:17603-42-8,DL-Glycerol 1-phosphate sodium salt hydrate,MAPPED,CHEBI:14336,CHEBI,CLOSE_MATCH,0,,
cas:123333-71-1,DL-Histidine monohydrochloride monohydrate,MAPPED,NCIT:C87334,NCIT,NARROW_MATCH,0,,
kgmicrobe.compound:dl-isocitric_acid_trisodium_salt_hydrate,DL-Isocitric acid trisodium salt hydrate,MAPPED,CHEBI:172950,CHEBI,CLOSE_MATCH,0,,
CHEBI:5445,DL-glyceraldehyde,MAPPED,CHEBI:5445,CHEBI,SYNONYM_MATCH,0,,
cas:438545-06-3,DNA from Salmon,MAPPED,cas:438545-06-3,CAS,FALLBACK_REGISTRY,0,,
CHEBI:232797,D-Trehalose dihydrate,MAPPED,CHEBI:232797,CHEBI,CAS_RN_LOOKUP,15,,
CHEBI:28197,Daidzein,MAPPED,CHEBI:28197,CHEBI,EXACT_MATCH,0,,
kgmicrobe.compound:danomycin,Danomycin,MAPPED,kgmicrobe.compound:danomycin,kgmicrobe.compound,PLACEHOLDER,0,,
kgmicrobe.compound:danubomycin,Danubomycin,MAPPED,kgmicrobe.compound:danubomycin,kgmicrobe.compound,PLACEHOLDER,0,,
CHEBI:600103,Daptomycin,MAPPED,CHEBI:600103,CHEBI,EXACT_MATCH,0,,
CHEBI:30813,Decanoic acid,MAPPED,CHEBI:30813,CHEBI,EXACT_MATCH,0,,
mesh:C076135,Decaplanin,MAPPED,mesh:C076135,MESH,EXACT_MATCH,0,,
CHEBI:28903,decyl alcohol,MAPPED,CHEBI:28903,CHEBI,SYNONYM_MATCH,0,,
CHEBI:134742,Delamanid,MAPPED,CHEBI:134742,CHEBI,EXACT_MATCH,0,,
CHEBI:87327,Delta-Decalactone,MAPPED,CHEBI:87327,CHEBI,SYNONYM_MATCH,0,,
CHEBI:171817,Delta-Dodecalactone,MAPPED,CHEBI:171817,CHEBI,SYNONYM_MATCH,0,,
CHEBI:171747,Delta-Nonalactone,MAPPED,CHEBI:171747,CHEBI,EXACT_MATCH,0,,
CHEBI:171846,Delta-Undecalactone,MAPPED,CHEBI:171846,CHEBI,SYNONYM_MATCH,0,,
CHEBI:28834,Deoxycholic acid,MAPPED,CHEBI:28834,CHEBI,EXACT_MATCH,0,,
kgmicrobe.ingredient:fish-sperm_dna,Deoxyribonucleic acid from herring sperm,REJECTED,CHEBI:16991,CHEBI,LEXICAL_MATCH,0,,
mesh:C442243,Dermcidin,MAPPED,mesh:C442243,MESH,EXACT_MATCH,0,,
kgmicrobe.compound:destomycin,Destomycin,MAPPED,kgmicrobe.compound:destomycin,kgmicrobe.compound,PLACEHOLDER,0,,
mesh:D014131,Desulfovibrio trace elements,MAPPED,mesh:D014131,MESH,LEXICAL_MATCH,3,,
cas:201417-01-8,deuterated glucose,MAPPED,NCIT:C200498,NCIT,NARROW_MATCH,0,,
CHEBI:52071,Dextran,MAPPED,CHEBI:52071,CHEBI,EXACT_MATCH,2,,
CHEBI:28675,Dextrin,MAPPED,CHEBI:28675,CHEBI,EXACT_MATCH,4,,
CHEBI:17634,Dextrose,REJECTED,CHEBI:17634,CHEBI,EXACT_MATCH,0,,
CHEBI:4489,Diallyl sulfide,MAPPED,CHEBI:4489,CHEBI,EXACT_MATCH,0,,
CHEBI:23673,Diaminopimelic acid,MAPPED,CHEBI:23673,CHEBI,SYNONYM_MATCH,4,,
CHEBI:91249,Diammonium molybdate,MAPPED,CHEBI:91249,CHEBI,CAS_RN_LOOKUP,8,,
CHEBI:28145,Dibenzofuran,MAPPED,CHEBI:28145,CHEBI,EXACT_MATCH,0,,
CHEBI:23681,Dibenzothiophene,MAPPED,CHEBI:23681,CHEBI,EXACT_MATCH,0,,
CHEBI:247956,Dibucaine,MAPPED,CHEBI:247956,CHEBI,SYNONYM_MATCH,0,,
CHEBI:52019,Dicloxacillin sodium salt monohydrate,MAPPED,CHEBI:52019,CHEBI,EXACT_MATCH,0,,
CHEBI:35702,diethyl ether,MAPPED,CHEBI:35702,CHEBI,EXACT_MATCH,0,,
CHEBI:89917,Difucosyllactose,MAPPED,CHEBI:89917,CHEBI,EXACT_MATCH,0,,
MICRO:0001362,Digested serum,MAPPED,MICRO:0001362,MICRO,EXACT_MATCH,3,,
CHEBI:42098,Digoxigenin,MAPPED,CHEBI:42098,CHEBI,EXACT_MATCH,0,,
kgmicrobe.compound:dihydro_azathymidine,Dihydro Azathymidine,MAPPED,kgmicrobe.compound:dihydro_azathymidine,kgmicrobe.compound,PLACEHOLDER,0,,
CHEBI:132340,Dihydrocelastrol,MAPPED,CHEBI:132340,CHEBI,EXACT_MATCH,0,,
CHEBI:89741,"dihydrojasmonic acid, methyl ester",MAPPED,CHEBI:89741,CHEBI,SYNONYM_MATCH,0,,
CHEBI:16016,Dihydroxyacetone,MAPPED,CHEBI:16016,CHEBI,EXACT_MATCH,0,,
CHEBI:17437,Dimethyl sulfide,MAPPED,CHEBI:17437,CHEBI,EXACT_MATCH,0,,
CHEBI:9349,dimethyl sulfone,MAPPED,CHEBI:9349,CHEBI,SYNONYM_MATCH,0,,
CHEBI:28262,Dimethyl sulfoxide,MAPPED,CHEBI:28262,CHEBI,EXACT_MATCH,159,,
cas:6035-49-0,Dimethylfraxetin,MAPPED,CHEBI:93172,CHEBI,SYNONYM_MATCH,0,,
CHEBI:16457,Dimethylsulfoniopropionate hydrochloride,MAPPED,CHEBI:16457,CHEBI,EXACT_MATCH,0,,
CHEBI:141155,Dimetridazole,MAPPED,CHEBI:141155,CHEBI,EXACT_MATCH,0,,
CHEBI:4629,Diosgenin,MAPPED,CHEBI:4629,CHEBI,EXACT_MATCH,0,,
CHEBI:46837,Dipicolinic Acid,MAPPED,CHEBI:46837,CHEBI,EXACT_MATCH,0,,
cas:13521-83-0,Disodium Glutarate,MAPPED,mesh:C000730144,MESH,NARROW_MATCH,0,,
CHEBI:132764,Disodium oxalate,MAPPED,CHEBI:132764,CHEBI,SYNONYM_MATCH,6,,
kgmicrobe.ingredient:disodium_phosphate_heptahydrate_~28002_m_stock~29,Disodium phosphate heptahydrate (0.02 M stock),MAPPED,CHEBI:34683,CHEBI,CLOSE_MATCH,0,,
CHEBI:15377,Distilled water,MAPPED,CHEBI:15377,CHEBI,EXACT_MATCH,4287,,
CHEBI:42160,Dithionite,MAPPED,CHEBI:42160,CHEBI,SYNONYM_MATCH,1,,
CHEBI:37070,DL-2-Methylbutyric acid,MAPPED,CHEBI:37070,CHEBI,EXACT_MATCH,77,,
CHEBI:16494,(DL)-alpha-Lipoic acid,MAPPED,CHEBI:16494,CHEBI,EXACT_MATCH,1399,,
CHEBI:22660,DL-aspartic acid,MAPPED,CHEBI:22660,CHEBI,EXACT_MATCH,1,,
CHEBI:17126,DL-carnitine,MAPPED,CHEBI:17126,CHEBI,SYNONYM_MATCH,1,,
CHEBI:18320,DL-Dithiothreitol,MAPPED,CHEBI:18320,CHEBI,SYNONYM_MATCH,56,,
CHEBI:27570,DL-Histidine,MAPPED,CHEBI:27570,CHEBI,SYNONYM_MATCH,2,,
CHEBI:6650,DL-Malic acid,MAPPED,CHEBI:6650,CHEBI,EXACT_MATCH,18,,
CHEBI:16811,DL-methionine,MAPPED,CHEBI:16811,CHEBI,SYNONYM_MATCH,27,,
CHEBI:25351,DL-mevalonic acid,MAPPED,CHEBI:25351,CHEBI,EXACT_MATCH,3,,
CHEBI:57912,DL-Tryptophan,MAPPED,CHEBI:57912,CHEBI,SYNONYM_MATCH,4,,
CHEBI:197511,Docosanol,MAPPED,CHEBI:197511,CHEBI,EXACT_MATCH,0,,
CHEBI:4676,Dodecandioic acid,MAPPED,CHEBI:4676,CHEBI,EXACT_MATCH,0,,
CHEBI:28817,dodecane,MAPPED,CHEBI:28817,CHEBI,EXACT_MATCH,0,,
CHEBI:23866,Dodecanol,MAPPED,CHEBI:23866,CHEBI,EXACT_MATCH,0,,
CHEBI:4698,Dopamine hydrochloride,MAPPED,CHEBI:4698,CHEBI,EXACT_MATCH,0,,
mesh:C048266,Dopsisamine,MAPPED,mesh:C048266,MESH,EXACT_MATCH,0,,
CHEBI:31522,Doxorubicin hydrochloride,MAPPED,CHEBI:31522,CHEBI,EXACT_MATCH,0,,
CHEBI:34730,Doxycycline hyclate,MAPPED,CHEBI:34730,CHEBI,EXACT_MATCH,0,,
ENVO:00003031,Dry cow-manure,MAPPED,ENVO:00003031,ENVO,BROAD_MATCH,0,,
cas:52305-04-1,Duartin (-),MAPPED,mesh:C087989,MESH,NARROW_MATCH,0,,
kgmicrobe.compound:durhamycin,Durhamycin,MAPPED,kgmicrobe.compound:durhamycin,kgmicrobe.compound,PLACEHOLDER,0,,
NCIT:C1928,Dynemicin,MAPPED,NCIT:C1928,NCIT,EXACT_MATCH,0,,
CHEBI:16586,e-Amino-N-Caproic Acid,MAPPED,CHEBI:16586,CHEBI,EXACT_MATCH,0,,
CHEBI:4735,EDTA (acid form),REJECTED,CHEBI:4735,CHEBI,EXACT_MATCH,0,,
NCIT:C360,EDTA (chelating agent),MAPPED,NCIT:C360,NCIT,LEXICAL_MATCH,0,,
cas:13235-36-4,EDTA tetrasodium tetrahydrate salt,MAPPED,CHEBI:4735,CHEBI,CLOSE_MATCH,4,,
kgmicrobe.compound:e_4_aminostyryl_acetate,E 4 Aminostyryl Acetate,MAPPED,kgmicrobe.compound:e_4_aminostyryl_acetate,kgmicrobe.compound,PLACEHOLDER,0,,
CHEBI:77543,Ebselen,MAPPED,CHEBI:77543,CHEBI,EXACT_MATCH,0,,
CHEBI:4755,Econazole nitrate salt,MAPPED,CHEBI:4755,CHEBI,EXACT_MATCH,0,,
CHEBI:27592,Ectoine,MAPPED,CHEBI:27592,CHEBI,CAS_RN_LOOKUP,10,,
CHEBI:4735,EDTA,MAPPED,CHEBI:4735,CHEBI,SYNONYM_MATCH,446,,
FOODON:03315772,Egg yolk,MAPPED,FOODON:03315772,FOODON,EXACT_MATCH,0,,
CHEBI:4767,Elastin,MAPPED,CHEBI:4767,CHEBI,EXACT_MATCH,0,,
CHEBI:42223,Emodin,MAPPED,CHEBI:42223,CHEBI,EXACT_MATCH,0,,
CHEBI:28855,Enterobactin,MAPPED,CHEBI:28855,CHEBI,EXACT_MATCH,0,,
CHEBI:541975,Epiandrosterone,MAPPED,CHEBI:541975,CHEBI,EXACT_MATCH,0,,
CHEBI:42255,Epigallocatechin,MAPPED,CHEBI:42255,CHEBI,EXACT_MATCH,0,,
CHEBI:48923,erythromycin,MAPPED,CHEBI:48923,CHEBI,EXACT_MATCH,4,,
CHEBI:2500,Escin,MAPPED,CHEBI:2500,CHEBI,SYNONYM_MATCH,0,,
CHEBI:4853,Esculin Monohydrate,MAPPED,CHEBI:4853,CHEBI,EXACT_MATCH,0,,
CHEBI:4867,Estragole,MAPPED,CHEBI:4867,CHEBI,EXACT_MATCH,0,,
kgmicrobe.compound:etabetacin,Etabetacin,MAPPED,kgmicrobe.compound:etabetacin,kgmicrobe.compound,PLACEHOLDER,0,,
mesh:C004910,Etamycin,MAPPED,mesh:C004910,MESH,EXACT_MATCH,0,,
CHEBI:4877,Ethambutol,MAPPED,CHEBI:4877,CHEBI,EXACT_MATCH,0,,
CHEBI:4878,Ethambutol dihydrochloride,MAPPED,CHEBI:4878,CHEBI,EXACT_MATCH,0,,
CHEBI:16236,Ethanol,MAPPED,CHEBI:16236,CHEBI,EXACT_MATCH,234,,
CHEBI:16000,Ethanolamine,MAPPED,CHEBI:16000,CHEBI,EXACT_MATCH,0,,
CHEBI:4883,Ethidium Bromide,MAPPED,CHEBI:4883,CHEBI,EXACT_MATCH,0,,
CHEBI:4885,Ethionamide,MAPPED,CHEBI:4885,CHEBI,EXACT_MATCH,0,,
CHEBI:27750,ethyl acetate,MAPPED,CHEBI:27750,CHEBI,EXACT_MATCH,0,,
CHEBI:156074,Ethyl benzoate,MAPPED,CHEBI:156074,CHEBI,EXACT_MATCH,0,,
CHEBI:87430,Ethyl decanoate,MAPPED,CHEBI:87430,CHEBI,EXACT_MATCH,0,,
CHEBI:231886,ethyl methyl sulfide,MAPPED,CHEBI:231886,CHEBI,EXACT_MATCH,0,,
CHEBI:30742,Ethylene glycol,MAPPED,CHEBI:30742,CHEBI,EXACT_MATCH,25,,
cas:20846-91-7,"Ethylenediamine-N,N'-disuccinic acid",MAPPED,cas:20846-91-7,CAS,FALLBACK_REGISTRY,0,,
kgmicrobe.compound:ethylenediamine_n_n_prime_disuccinic_acid,Ethylenediamine N N Prime Disuccinic Acid,MAPPED,kgmicrobe.compound:ethylenediamine_n_n_prime_disuccinic_acid,kgmicrobe.compound,PLACEHOLDER,0,,
CHEBI:741548,Ethylmalonic acid,MAPPED,CHEBI:741548,CHEBI,EXACT_MATCH,0,,
CHEBI:454991,Eudesmic Acid,MAPPED,CHEBI:454991,CHEBI,SYNONYM_MATCH,0,,
CHEBI:4917,Eugenol,MAPPED,CHEBI:4917,CHEBI,EXACT_MATCH,0,,
CHEBI:4940,Euphol,MAPPED,CHEBI:4940,CHEBI,EXACT_MATCH,0,,
kgmicrobe.compound:eurocidin,Eurocidin,MAPPED,kgmicrobe.compound:eurocidin,kgmicrobe.compound,PLACEHOLDER,0,,
cas:10025-76-0,Europium(III) chloride,MAPPED,cas:10025-76-0,CAS,FALLBACK_REGISTRY,0,,
kgmicrobe.compound:exfoliatin,Exfoliatin,MAPPED,kgmicrobe.compound:exfoliatin,kgmicrobe.compound,PLACEHOLDER,0,,
CHEBI:75458,FCCP,MAPPED,CHEBI:75458,CHEBI,SYNONYM_MATCH,0,,
cas:322455-70-9,FSL,MAPPED,cas:322455-70-9,CAS,FALLBACK_REGISTRY,0,,
CHEBI:16238,FAD,MAPPED,CHEBI:16238,CHEBI,EXACT_MATCH,6,,
CHEBI:35366,Fatty acid mixture (see Medium No. 266),MAPPED,CHEBI:35366,CHEBI,EXACT_MATCH,2,,
CHEBI:53438,Fe2(SO4)3 x n H2O,MAPPED,CHEBI:53438,CHEBI,EXACT_MATCH,20,,
CHEBI:132767,Fe4(PO4)2,MAPPED,CHEBI:132767,CHEBI,EXACT_MATCH,5,,
CHEBI:30729,Fe(III)-EDTA,MAPPED,CHEBI:30729,CHEBI,SYNONYM_MATCH,35,,
CHEBI:144421,Fe(III) citrate,MAPPED,CHEBI:144421,CHEBI,EXACT_MATCH,319,,
CHEBI:131372,Fe(III)PO4 x 4 H2O,MAPPED,CHEBI:131372,CHEBI,EXACT_MATCH,4,,
CHEBI:76181,Fe(NH4)2(SO4)2 x 6 H2O,MAPPED,CHEBI:76181,CHEBI,EXACT_MATCH,169,,
CHEBI:131378,Fe(NH4)2(SO4)2 x 7 H2O,MAPPED,CHEBI:131378,CHEBI,EXACT_MATCH,17,,
CHEBI:30812,FeCl2,MAPPED,CHEBI:30812,CHEBI,EXACT_MATCH,10,,
CHEBI:86249,FeCl2 x 4 H2O,MAPPED,CHEBI:86249,CHEBI,EXACT_MATCH,1305,,
kgmicrobe.compound:fecl2_x_6_h2o,FeCl2 x 6 H2O,MAPPED,CHEBI:30812,CHEBI,CLOSE_MATCH,2,,
kgmicrobe.compound:fecl2_x_7_h2o,FeCl2 x 7 H2O,MAPPED,CHEBI:30812,CHEBI,CLOSE_MATCH,7,,
CHEBI:30808,FeCl3,MAPPED,CHEBI:30808,CHEBI,EXACT_MATCH,38,,
kgmicrobe.compound:fecl3_x_4_h2o,FeCl3 x 4 H2O,MAPPED,CHEBI:30808,CHEBI,CLOSE_MATCH,4,,
CHEBI:86254,FeCl3 x 6 H2O,MAPPED,CHEBI:86254,CHEBI,SYNONYM_MATCH,413,,
CHEBI:131371,FePO4,MAPPED,CHEBI:131371,CHEBI,SYNONYM_MATCH,2,,
CHEBI:31604,Ferric ammonium citrate,MAPPED,CHEBI:31604,CHEBI,EXACT_MATCH,126,,
CHEBI:144434,Ferric citrate monohydrate,MAPPED,CHEBI:144434,CHEBI,EXACT_MATCH,2,,
CHEBI:192761,Ferrihydrite,MAPPED,CHEBI:192761,CHEBI,EXACT_MATCH,4,,
mesh:C016600,Ferrous citrate,MAPPED,mesh:C016600,MESH,EXACT_MATCH,0,,
CHEBI:219729,ferroverdin,MAPPED,CHEBI:219729,CHEBI,EXACT_MATCH,0,,
CHEBI:193350,Ferulic Acid,MAPPED,CHEBI:193350,CHEBI,EXACT_MATCH,0,,
CHEBI:75832,FeSO4,MAPPED,CHEBI:75832,CHEBI,SYNONYM_MATCH,50,,
CHEBI:75832,FeSO4 x 5 H2O,MAPPED,CHEBI:75832,CHEBI,EXACT_MATCH,2,,
CHEBI:75832,FeSO4 x 6 H2O,MAPPED,CHEBI:75832,CHEBI,EXACT_MATCH,10,,
CHEBI:75836,FeSO4 x 7 H2O,MAPPED,CHEBI:75836,CHEBI,SYNONYM_MATCH,2296,,
CHEBI:75836,FeSO4 x 7H2O,REJECTED,CHEBI:75836,CHEBI,SYNONYM_MATCH,0,,
CHEBI:75834,FeSO4 x H2O,MAPPED,CHEBI:75834,CHEBI,EXACT_MATCH,6,,
NCIT:C113696,Fetal bovine serum,MAPPED,NCIT:C113696,NCIT,EXACT_MATCH,8,,
NCIT:C71971,Fig,MAPPED,NCIT:C71971,NCIT,EXACT_MATCH,0,,
MICRO:0001597,Fildes Enrichment,MAPPED,MICRO:0001597,MICRO,EXACT_MATCH,0,,
MICRO:0001773,Filtered Seawater,MAPPED,MICRO:0001773,MICRO,EXACT_MATCH,2,,
kgmicrobe.ingredient:fish-sperm_dna,Fish-Sperm DNA,MAPPED,CHEBI:16991,CHEBI,NARROW_MATCH,4,,
MICRO:0000462,Fish peptone,MAPPED,MICRO:0000462,MICRO,EXACT_MATCH,0,,
kgmicrobe.compound:flavensomycin,Flavensomycin,MAPPED,kgmicrobe.compound:flavensomycin,kgmicrobe.compound,PLACEHOLDER,0,,
CHEBI:24040,Flavin adenine dinucleotide,MAPPED,CHEBI:24040,CHEBI,EXACT_MATCH,1,,
mesh:C001897,Flavofungin,MAPPED,mesh:C001897,MESH,EXACT_MATCH,0,,
CHEBI:28908,Flavomycin,MAPPED,CHEBI:28908,CHEBI,SYNONYM_MATCH,0,,
CHEBI:42491,Flavone,MAPPED,CHEBI:42491,CHEBI,EXACT_MATCH,0,,
CHEBI:33083,Fluoranthene,MAPPED,CHEBI:33083,CHEBI,EXACT_MATCH,0,,
CHEBI:27470,Folic acid,MAPPED,CHEBI:27470,CHEBI,EXACT_MATCH,1727,,
CHEBI:15640,Folinic acid,MAPPED,CHEBI:15640,CHEBI,SYNONYM_MATCH,1,,
CHEBI:16842,Formaldehyde,MAPPED,CHEBI:16842,CHEBI,EXACT_MATCH,0,,
CHEBI:16397,Formamide,MAPPED,CHEBI:16397,CHEBI,EXACT_MATCH,0,,
CHEBI:30751,Formic acid,MAPPED,CHEBI:30751,CHEBI,EXACT_MATCH,1,,
cas:66508-37-0,Fosmidomycin sodium salt hydrate,MAPPED,CHEBI:201600,CHEBI,CLOSE_MATCH,0,,
mesh:C033989,Fradicin,MAPPED,mesh:C033989,MESH,EXACT_MATCH,0,,
CHEBI:5169,Fraxetin,MAPPED,CHEBI:5169,CHEBI,EXACT_MATCH,0,,
cas:308066-66-2,Fructooligosaccharides (FOS),MAPPED,CHEBI:28645,CHEBI,NARROW_MATCH,0,,
CHEBI:15946,Fructose-6-phosphate,MAPPED,CHEBI:15946,CHEBI,EXACT_MATCH,0,,
cas:34393-27-6,Fructose-asparagine,MAPPED,cas:34393-27-6,CAS,FALLBACK_REGISTRY,0,,
CHEBI:28757,Fructose,MAPPED,CHEBI:28757,CHEBI,EXACT_MATCH,60,,
CHEBI:33984,Fucose,MAPPED,CHEBI:33984,CHEBI,EXACT_MATCH,1,,
CHEBI:18012,Fumaric acid,MAPPED,CHEBI:18012,CHEBI,EXACT_MATCH,7,,
CHEBI:144157,Fumarprotocetraric Acid,MAPPED,CHEBI:144157,CHEBI,EXACT_MATCH,0,,
cas:3759-92-1,Furaltadone hydrochloride,MAPPED,NCIT:C217928,NCIT,NARROW_MATCH,0,,
CHEBI:207496,Furfuryl Alcohol,MAPPED,CHEBI:207496,CHEBI,EXACT_MATCH,0,,
CHEBI:5199,Fusaric acid,MAPPED,CHEBI:5199,CHEBI,EXACT_MATCH,0,,
cas:751-94-0,Fusidic acid sodium salt,MAPPED,CHEBI:29013,CHEBI,NARROW_MATCH,0,,
cas:108321-42-2,G418 disulfate salt solution,MAPPED,cas:108321-42-2,CAS,FALLBACK_REGISTRY,0,,
cas:11078-30-1,Galactomannan from guar,MAPPED,CHEBI:27680,CHEBI,NARROW_MATCH,0,,
CHEBI:28260,Galactose,MAPPED,CHEBI:28260,CHEBI,EXACT_MATCH,10,,
cas:19046-60-7,Galactose 1-phosphate dipotassium salt pentahydrate,MAPPED,CHEBI:17973,CHEBI,CLOSE_MATCH,0,,
CHEBI:30778,Gallic Acid,MAPPED,CHEBI:30778,CHEBI,EXACT_MATCH,0,,
cas:13450-90-3,Gallium(III)chloride,MAPPED,cas:13450-90-3,CAS,FALLBACK_REGISTRY,1,,
CHEBI:67521,Gambogic Acid,MAPPED,CHEBI:67521,CHEBI,EXACT_MATCH,0,,
CHEBI:16865,gamma-Aminobutyric acid,MAPPED,CHEBI:16865,CHEBI,EXACT_MATCH,2,,
ENVO:00002263,Garden soil,MAPPED,ENVO:00002263,ENVO,EXACT_MATCH,0,,
mesh:C012993,Gardimycin,MAPPED,mesh:C012993,MESH,EXACT_MATCH,0,,
CHEBI:5291,Gelatine,MAPPED,CHEBI:5291,CHEBI,SYNONYM_MATCH,11,,
CHEBI:85248,Gelrite,MAPPED,CHEBI:85248,CHEBI,SYNONYM_MATCH,24,,
CHEBI:42768,Geneticin G418,MAPPED,CHEBI:42768,CHEBI,EXACT_MATCH,0,,
CHEBI:5312,Gentamicin sulfate salt,MAPPED,CHEBI:5312,CHEBI,EXACT_MATCH,0,,
CHEBI:28066,Gentibiose,MAPPED,CHEBI:28066,CHEBI,EXACT_MATCH,0,,
CHEBI:17189,Gentisic acid,MAPPED,CHEBI:17189,CHEBI,EXACT_MATCH,2,,
mesh:D010118,Geomycin,MAPPED,mesh:D010118,MESH,EXACT_MATCH,0,,
CHEBI:747127,Gepotidacin,MAPPED,CHEBI:747127,CHEBI,EXACT_MATCH,0,,
CHEBI:17447,Geraniol,MAPPED,CHEBI:17447,CHEBI,EXACT_MATCH,0,,
NCIT:C66725,Ginger,MAPPED,NCIT:C66725,NCIT,EXACT_MATCH,0,,
CHEBI:5355,Ginkgolide A,MAPPED,CHEBI:5355,CHEBI,EXACT_MATCH,0,,
CHEBI:166575,Ginkgotoxin,MAPPED,CHEBI:166575,CHEBI,EXACT_MATCH,0,,
NCIT:C90636,Glebomycin,MAPPED,NCIT:C90636,NCIT,EXACT_MATCH,0,,
cas:11078-31-2,Glucomannan (konjac),MAPPED,CHEBI:17020,CHEBI,NARROW_MATCH,0,,
CHEBI:24266,Gluconic acid,MAPPED,CHEBI:24266,CHEBI,EXACT_MATCH,1,,
CHEBI:17234,Glucose,MAPPED,CHEBI:17234,CHEBI,EXACT_MATCH,1672,,
CHEBI:17234,glucose,REJECTED,CHEBI:17234,CHEBI,EXACT_MATCH,0,,
cas:3789-97-7,Glucuronamide,MAPPED,CHEBI:32323,CHEBI,SYNONYM_MATCH,0,,
CHEBI:18237,Glutamic acid,MAPPED,CHEBI:18237,CHEBI,EXACT_MATCH,14,,
CHEBI:64276,Glutaraldehyde,MAPPED,CHEBI:64276,CHEBI,EXACT_MATCH,0,,
CHEBI:17859,Glutaric acid,MAPPED,CHEBI:17859,CHEBI,EXACT_MATCH,0,,
CHEBI:16856,Glutathione,MAPPED,CHEBI:16856,CHEBI,EXACT_MATCH,13,,
CHEBI:17858,Glutathione oxidized,MAPPED,CHEBI:17858,CHEBI,EXACT_MATCH,0,,
cas:79731-35-4,Gly-DL-Asp,MAPPED,CHEBI:193741,CHEBI,SYNONYM_MATCH,0,,
cas:172669-64-6,Gly-Gln monohydrate,MAPPED,CHEBI:73898,CHEBI,CLOSE_MATCH,0,,
CHEBI:73801,Gly-Glu,MAPPED,CHEBI:73801,CHEBI,EXACT_MATCH,0,,
CHEBI:17754,Glycerol,MAPPED,CHEBI:17754,CHEBI,EXACT_MATCH,214,,
CHEBI:17754,glycerol,REJECTED,CHEBI:17754,CHEBI,EXACT_MATCH,0,,
CHEBI:75937,Glycerol mono-oleate,MAPPED,CHEBI:75937,CHEBI,EXACT_MATCH,2,,
CHEBI:75456,Glycerol monostearate,MAPPED,CHEBI:75456,CHEBI,SYNONYM_MATCH,4,,
cas:55073-41-1,Glycerol phosphate disodium salt hydrate,MAPPED,CHEBI:26707,CHEBI,CLOSE_MATCH,0,,
CHEBI:15428,Glycine,MAPPED,CHEBI:15428,CHEBI,EXACT_MATCH,99,,
CHEBI:182320,Glycocholic acid hydrate,MAPPED,CHEBI:182320,CHEBI,EXACT_MATCH,0,,
CHEBI:16344,Glycocyamine,MAPPED,CHEBI:16344,CHEBI,EXACT_MATCH,0,,
CHEBI:28087,Glycogen,MAPPED,CHEBI:28087,CHEBI,EXACT_MATCH,0,,
cas:9005-79-2,Glycogen from bovine liver,MAPPED,CHEBI:28087,CHEBI,NARROW_MATCH,0,,
CHEBI:17071,glycolaldehyde,MAPPED,CHEBI:17071,CHEBI,EXACT_MATCH,0,,
CHEBI:17497,Glycolic Acid,MAPPED,CHEBI:17497,CHEBI,EXACT_MATCH,0,,
CHEBI:17201,Glycyl-glycine,MAPPED,CHEBI:17201,CHEBI,EXACT_MATCH,11,,
CHEBI:17201,Glycylglycine,REJECTED,CHEBI:17201,CHEBI,EXACT_MATCH,0,,
CHEBI:15939,"Glycyrrhizic Acid, Ammonium Salt",MAPPED,CHEBI:15939,CHEBI,EXACT_MATCH,0,,
cas:27988-77-8,gold (III) chloride hydrate,MAPPED,CHEBI:30076,CHEBI,CLOSE_MATCH,0,,
CHEBI:16400,Gossypetin,MAPPED,CHEBI:16400,CHEBI,EXACT_MATCH,0,,
CHEBI:28584,Gossypol,MAPPED,CHEBI:28584,CHEBI,EXACT_MATCH,0,,
cas:1405-97-6,Gramicidin,MAPPED,NCIT:C65816,NCIT,NARROW_MATCH,0,,
CHEBI:28948,Gramine,MAPPED,CHEBI:28948,CHEBI,EXACT_MATCH,0,,
kgmicrobe.compound:grasseriomycin,Grasseriomycin,MAPPED,kgmicrobe.compound:grasseriomycin,kgmicrobe.compound,PLACEHOLDER,0,,
kgmicrobe.ingredient:green_house_soil,Green House Soil,MAPPED,ENVO:00001998,ENVO,NARROW_MATCH,11,,
kgmicrobe.compound:grisamine,Grisamine,MAPPED,kgmicrobe.compound:grisamine,kgmicrobe.compound,PLACEHOLDER,0,,
mesh:C018306,Griseolutein A,MAPPED,mesh:C018306,MESH,EXACT_MATCH,0,,
mesh:C018307,Griseolutein B,MAPPED,mesh:C018307,MESH,EXACT_MATCH,0,,
FOODON:00001282,Ground beef,MAPPED,FOODON:00001282,FOODON,LEXICAL_MATCH,0,,
CHEBI:28591,Guaiacol,MAPPED,CHEBI:28591,CHEBI,EXACT_MATCH,0,,
CHEBI:5550,Guaiazulene,MAPPED,CHEBI:5550,CHEBI,EXACT_MATCH,0,,
cas:50-01-1,Guanidine Hydrochloride,MAPPED,NCIT:C47551,NCIT,NARROW_MATCH,0,,
CHEBI:16235,Guanine,MAPPED,CHEBI:16235,CHEBI,CAS_RN_LOOKUP,22,,
CHEBI:16750,Guanosine,MAPPED,CHEBI:16750,CHEBI,CAS_RN_LOOKUP,10,,
cas:9000-01-5,Gum arabic from acacia tree,MAPPED,FOODON:03412975,FOODON,NARROW_MATCH,0,,
CHEBI:26642,H2SeO3,MAPPED,CHEBI:26642,CHEBI,EXACT_MATCH,16,,
CHEBI:26836,H2SO4,MAPPED,CHEBI:26836,CHEBI,EXACT_MATCH,262,,
CHEBI:36272,H2WO4,MAPPED,CHEBI:36272,CHEBI,SYNONYM_MATCH,21,,
CHEBI:38267,H3BO2,MAPPED,CHEBI:38267,CHEBI,EXACT_MATCH,2,,
CHEBI:33118,H3BO3,MAPPED,CHEBI:33118,CHEBI,EXACT_MATCH,3729,,
cas:202185-84-0,HOMOPIPES,MAPPED,cas:202185-84-0,CAS,FALLBACK_REGISTRY,4,,
CHEBI:50385,Haemin,MAPPED,CHEBI:50385,CHEBI,EXACT_MATCH,194,,
kgmicrobe.compound:halomicin,Halomicin,MAPPED,kgmicrobe.compound:halomicin,kgmicrobe.compound,PLACEHOLDER,0,,
CHEBI:28172,Harmaline,MAPPED,CHEBI:28172,CHEBI,EXACT_MATCH,0,,
CHEBI:27943,Harmalol,MAPPED,CHEBI:27943,CHEBI,EXACT_MATCH,0,,
CHEBI:5623,Harmane,MAPPED,CHEBI:5623,CHEBI,SYNONYM_MATCH,0,,
CHEBI:28121,Harmine,MAPPED,CHEBI:28121,CHEBI,EXACT_MATCH,0,,
CHEBI:192558,Harmol,MAPPED,CHEBI:192558,CHEBI,EXACT_MATCH,0,,
cas:40580-83-4,Harmol Hydrochloride,MAPPED,cas:40580-83-4,CAS,FALLBACK_REGISTRY,0,,
CHEBI:17883,HCl,MAPPED,CHEBI:17883,CHEBI,EXACT_MATCH,1105,,
CHEBI:5633,Hecogenin,MAPPED,CHEBI:5633,CHEBI,EXACT_MATCH,0,,
CHEBI:2540,Helenine,MAPPED,CHEBI:2540,CHEBI,SYNONYM_MATCH,0,,
kgmicrobe.ingredient:heparin_sodium_salt_from_porcine_intestinal_mucosa,Heparin sodium salt from porcine intestinal mucosa,MAPPED,CHEBI:230519,CHEBI,NARROW_MATCH,0,,
CHEBI:42334,HEPES,MAPPED,CHEBI:42334,CHEBI,EXACT_MATCH,168,,
CHEBI:16148,Heptadecane,MAPPED,CHEBI:16148,CHEBI,EXACT_MATCH,1,,
CHEBI:32365,heptadecanoic acid,MAPPED,CHEBI:32365,CHEBI,EXACT_MATCH,0,,
CHEBI:45571,Heptanoic acid,MAPPED,CHEBI:45571,CHEBI,EXACT_MATCH,0,,
CHEBI:195607,heptanol,MAPPED,CHEBI:195607,CHEBI,EXACT_MATCH,0,,
CHEBI:28775,Hesperidin,MAPPED,CHEBI:28775,CHEBI,EXACT_MATCH,0,,
CHEBI:24536,Hexachlorocyclo-hexane,MAPPED,CHEBI:24536,CHEBI,EXACT_MATCH,2,,
CHEBI:45296,Hexadecane,MAPPED,CHEBI:45296,CHEBI,EXACT_MATCH,17,,
CHEBI:143552,hexanol,MAPPED,CHEBI:143552,CHEBI,EXACT_MATCH,0,,
CHEBI:18089,Hippuric acid,MAPPED,CHEBI:18089,CHEBI,SYNONYM_MATCH,0,,
CHEBI:18295,Histamine,MAPPED,CHEBI:18295,CHEBI,EXACT_MATCH,0,,
mesh:C031780,Hitachimycin,MAPPED,mesh:C031780,MESH,EXACT_MATCH,0,,
CHEBI:545959,homovanillic acid,MAPPED,CHEBI:545959,CHEBI,EXACT_MATCH,0,,
CHEBI:173769,homovanillyl alcohol,MAPPED,CHEBI:173769,CHEBI,EXACT_MATCH,0,,
MICRO:0001235,Horse serum,MAPPED,MICRO:0001235,MICRO,EXACT_MATCH,0,,
kgmicrobe.compound:hortesin,Hortesin,MAPPED,kgmicrobe.compound:hortesin,kgmicrobe.compound,PLACEHOLDER,0,,
CHEBI:78330,Huperzine A,MAPPED,CHEBI:78330,CHEBI,EXACT_MATCH,0,,
cas:9067-32-7,Hyaluronic acid sodium salt from Streptococcus equi,MAPPED,CHEBI:201433,CHEBI,NARROW_MATCH,0,,
CHEBI:27612,Hydantoin,MAPPED,CHEBI:27612,CHEBI,EXACT_MATCH,0,,
CHEBI:69919,"Hydrastine (1R, 9S)",MAPPED,CHEBI:69919,CHEBI,EXACT_MATCH,0,,
kgmicrobe.compound:hydro_methylpteroylglutamylglutamic_acid,Hydro Methylpteroylglutamylglutamic Acid,MAPPED,NCIT:C1115,NCIT,NARROW_MATCH,0,,
CHEBI:24632,Hydrocarbon,MAPPED,CHEBI:24632,CHEBI,EXACT_MATCH,0,,
CHEBI:16240,Hydrogen peroxide,MAPPED,CHEBI:16240,CHEBI,EXACT_MATCH,0,,
CHEBI:16136,Hydrogen sulfide,MAPPED,CHEBI:16136,CHEBI,EXACT_MATCH,0,,
CHEBI:18276,Hydrogen gas,MAPPED,CHEBI:18276,CHEBI,EXACT_MATCH,0,,
CHEBI:17594,Hydroquinone,MAPPED,CHEBI:17594,CHEBI,EXACT_MATCH,0,,
CHEBI:50819,hydrous ferric oxide,MAPPED,CHEBI:50819,CHEBI,LEXICAL_MATCH,0,,
CHEBI:18095,Hydroxy-L-Proline,MAPPED,CHEBI:18095,CHEBI,CAS_RN_LOOKUP,3,,
CHEBI:5807,Hydroxylamine hydrochloride,MAPPED,CHEBI:5807,CHEBI,EXACT_MATCH,0,,
CHEBI:44423,Hydroxyurea,MAPPED,CHEBI:44423,CHEBI,EXACT_MATCH,0,,
CHEBI:16976,Hygromycin B,MAPPED,CHEBI:16976,CHEBI,EXACT_MATCH,0,,
cas:2555-28-4,Hymecromone Methyl Ether,MAPPED,CHEBI:107662,CHEBI,SYNONYM_MATCH,0,,
CHEBI:16668,Hypotaurine,MAPPED,CHEBI:16668,CHEBI,EXACT_MATCH,0,,
CHEBI:17368,Hypoxanthine,MAPPED,CHEBI:17368,CHEBI,EXACT_MATCH,4,,
CHEBI:14434,Imidazole,MAPPED,CHEBI:14434,CHEBI,EXACT_MATCH,0,,
CHEBI:51799,Impenum monohydrate,MAPPED,CHEBI:51799,CHEBI,EXACT_MATCH,0,,
CHEBI:31695,Indigocarmine,MAPPED,CHEBI:31695,CHEBI,EXACT_MATCH,14,,
kgmicrobe.compound:indochrome,Indochrome,MAPPED,kgmicrobe.compound:indochrome,kgmicrobe.compound,PLACEHOLDER,0,,
CHEBI:33070,Indole-3-butyric acid,MAPPED,CHEBI:33070,CHEBI,EXACT_MATCH,0,,
CHEBI:43580,Indole-3-propionic acid,MAPPED,CHEBI:43580,CHEBI,SYNONYM_MATCH,0,,
cas:392-12-1,Indole-3-pyruvic acid,MAPPED,cas:392-12-1,CAS,FALLBACK_REGISTRY,0,,
CHEBI:16881,Indole,MAPPED,CHEBI:16881,CHEBI,SYNONYM_MATCH,0,,
cas:6505-45-9,indole 3-acetic acid sodium salt,MAPPED,CHEBI:230840,CHEBI,NARROW_MATCH,0,,
CHEBI:80180,Indolicidin,MAPPED,CHEBI:80180,CHEBI,EXACT_MATCH,0,,
CHEBI:17596,Inosine,MAPPED,CHEBI:17596,CHEBI,CAS_RN_LOOKUP,27,,
CHEBI:24848,Inositol,MAPPED,CHEBI:24848,CHEBI,EXACT_MATCH,18,,
CHEBI:15443,Inulin,MAPPED,CHEBI:15443,CHEBI,EXACT_MATCH,4,,
CHEBI:75421,Iodonitrotetrazolium chloride,MAPPED,CHEBI:75421,CHEBI,EXACT_MATCH,0,,
CHEBI:164200,Irgasan,MAPPED,CHEBI:164200,CHEBI,EXACT_MATCH,0,,
CHEBI:81409,Irigenin,MAPPED,CHEBI:81409,CHEBI,EXACT_MATCH,0,,
CHEBI:18248,Iron,MAPPED,CHEBI:18248,CHEBI,EXACT_MATCH,1,,
CHEBI:82664,Iron powder,MAPPED,CHEBI:82664,CHEBI,EXACT_MATCH,3,,
CHEBI:46645,Isobutyl alcohol,MAPPED,CHEBI:46645,CHEBI,EXACT_MATCH,0,,
CHEBI:193555,Isobutyramide,MAPPED,CHEBI:193555,CHEBI,EXACT_MATCH,0,,
CHEBI:16135,Isobutyric acid,MAPPED,CHEBI:16135,CHEBI,EXACT_MATCH,85,,
CHEBI:310312,Isoliquiritigenin,MAPPED,CHEBI:310312,CHEBI,EXACT_MATCH,0,,
CHEBI:28189,Isomaltose,MAPPED,CHEBI:28189,CHEBI,EXACT_MATCH,0,,
CHEBI:6030,Isoniazid,MAPPED,CHEBI:6030,CHEBI,EXACT_MATCH,0,,
CHEBI:17824,Isopropyl alcohol,MAPPED,CHEBI:17824,CHEBI,EXACT_MATCH,4,,
CHEBI:6054,Isosafrole,MAPPED,CHEBI:6054,CHEBI,EXACT_MATCH,0,,
CHEBI:28484,Isovaleric acid,MAPPED,CHEBI:28484,CHEBI,EXACT_MATCH,85,,
CHEBI:193161,Isovanillin,MAPPED,CHEBI:193161,CHEBI,EXACT_MATCH,0,,
CHEBI:30838,Itaconic Acid,MAPPED,CHEBI:30838,CHEBI,EXACT_MATCH,0,,
cas:480-14-4,Izalpinin,MAPPED,cas:480-14-4,CAS,FALLBACK_REGISTRY,0,,
CHEBI:18292,Jasmonic acid,MAPPED,CHEBI:18292,CHEBI,EXACT_MATCH,0,,
CHEBI:15794,Juglone,MAPPED,CHEBI:15794,CHEBI,EXACT_MATCH,0,,
CHEBI:32029,K-acetate,MAPPED,CHEBI:32029,CHEBI,EXACT_MATCH,9,,
CHEBI:131526,K2CO3,MAPPED,CHEBI:131526,CHEBI,EXACT_MATCH,6,,
CHEBI:75249,K2CrO4,MAPPED,CHEBI:75249,CHEBI,EXACT_MATCH,1,,
CHEBI:131527,K2HPO4,MAPPED,CHEBI:131527,CHEBI,EXACT_MATCH,2862,,
kgmicrobe.compound:k2hpo4_x_3_h2o,K2HPO4 x 3 H2O,MAPPED,CHEBI:131527,CHEBI,CLOSE_MATCH,118,,
CHEBI:86466,K2S4O6,MAPPED,CHEBI:86466,CHEBI,EXACT_MATCH,19,,
CHEBI:32036,K2SO4,MAPPED,CHEBI:32036,CHEBI,EXACT_MATCH,76,,
CHEBI:32036,K2SO4 x 7 H2O,MAPPED,CHEBI:32036,CHEBI,EXACT_MATCH,1,,
CHEBI:6104,Kanamycin,MAPPED,CHEBI:6104,CHEBI,EXACT_MATCH,1,,
CHEBI:6109,Kanamycin sulfate,MAPPED,CHEBI:6109,CHEBI,EXACT_MATCH,1,,
mesh:C001493,Kanchanomycin,MAPPED,mesh:C001493,MESH,EXACT_MATCH,0,,
kgmicrobe.ingredient:kao_and_michayluk_vitamin_solution,Kao and Michayluk vitamin solution,MAPPED,MICRO:0000460,MICRO,CLOSE_MATCH,0,,
CHEBI:166631,Karanjin,MAPPED,CHEBI:166631,CHEBI,EXACT_MATCH,0,,
CHEBI:156288,Kawain,MAPPED,CHEBI:156288,CHEBI,SYNONYM_MATCH,0,,
CHEBI:32030,KBr,MAPPED,CHEBI:32030,CHEBI,EXACT_MATCH,295,,
CHEBI:32588,KCl,MAPPED,CHEBI:32588,CHEBI,EXACT_MATCH,2775,,
mesh:C008231,Ketomycin,MAPPED,mesh:C008231,MESH,EXACT_MATCH,0,,
CHEBI:66872,KF,REJECTED,CHEBI:66872,CHEBI,EXACT_MATCH,0,,
CHEBI:63036,KH2PO4,MAPPED,CHEBI:63036,CHEBI,EXACT_MATCH,3862,,
CHEBI:81862,KHCO3,MAPPED,CHEBI:81862,CHEBI,EXACT_MATCH,16,,
CHEBI:8346,KI,MAPPED,CHEBI:8346,CHEBI,SYNONYM_MATCH,128,,
CHEBI:220048,kijanimicin,MAPPED,CHEBI:220048,CHEBI,EXACT_MATCH,0,,
CHEBI:63043,KNO3,MAPPED,CHEBI:63043,CHEBI,SYNONYM_MATCH,413,,
CHEBI:32035,KOH,MAPPED,CHEBI:32035,CHEBI,SYNONYM_MATCH,150,,
CHEBI:30951,KSCN,MAPPED,CHEBI:30951,CHEBI,EXACT_MATCH,6,,
CHEBI:4828,L-(+)-Ergothioneine,MAPPED,CHEBI:4828,CHEBI,EXACT_MATCH,0,,
CHEBI:23958,L-(+)-Erythrulose,MAPPED,CHEBI:23958,CHEBI,EXACT_MATCH,0,,
CHEBI:17266,L-(-)-sorbose,MAPPED,CHEBI:17266,CHEBI,EXACT_MATCH,0,,
CHEBI:35619,L-2-Aminobutyric acid,MAPPED,CHEBI:35619,CHEBI,EXACT_MATCH,0,,
CHEBI:30849,L-Arabinose,MAPPED,CHEBI:30849,CHEBI,EXACT_MATCH,0,,
cas:5794-13-8,L-Asparagine monohydrate,MAPPED,NCIT:C87433,NCIT,NARROW_MATCH,0,,
cas:1115-63-5,L-Aspartic acid potassium salt,MAPPED,CHEBI:17053,CHEBI,NARROW_MATCH,2,,
cas:323194-76-9,L-Aspartic acid sodium salt monohydrate,MAPPED,CHEBI:17053,CHEBI,CLOSE_MATCH,0,,
CHEBI:16347,L-Carnitine,MAPPED,CHEBI:16347,CHEBI,EXACT_MATCH,2,,
CHEBI:233463,L-Carnitine hydrochloride,MAPPED,CHEBI:233463,CHEBI,EXACT_MATCH,0,,
cas:23537-25-9,L-Cysteic acid monohydrate,MAPPED,CHEBI:17285,CHEBI,CLOSE_MATCH,0,,
CHEBI:74077,L-Deoxyalliin,MAPPED,CHEBI:74077,CHEBI,SYNONYM_MATCH,0,,
CHEBI:37618,L-Galactose,MAPPED,CHEBI:37618,CHEBI,EXACT_MATCH,0,,
cas:6382-01-0,L-Glutamic acid monopotassium salt monohydrate,MAPPED,CHEBI:16015,CHEBI,CLOSE_MATCH,44,,
CHEBI:16856,L-Glutathione,REJECTED,CHEBI:16856,CHEBI,EXACT_MATCH,0,,
cas:5934-29-2,L-Histidine monohydrochloride monohydrate,MAPPED,NCIT:C87334,NCIT,NARROW_MATCH,0,,
CHEBI:15699,L-Homoserine,MAPPED,CHEBI:15699,CHEBI,EXACT_MATCH,0,,
CHEBI:30797,L-Malic acid,MAPPED,CHEBI:30797,CHEBI,EXACT_MATCH,0,,
cas:207511-06-6,L-Malic acid disodium salt monohydrate,MAPPED,NCIT:C80654,NCIT,NARROW_MATCH,0,,
cas:587-33-7,L-Meta-tyrosine,MAPPED,CHEBI:44303,CHEBI,SYNONYM_MATCH,0,,
CHEBI:30913,L-Pipecolic Acid,MAPPED,CHEBI:30913,CHEBI,EXACT_MATCH,0,,
CHEBI:18183,L-Pyroglutamic acid,MAPPED,CHEBI:18183,CHEBI,SYNONYM_MATCH,0,,
cas:10030-85-0,L-Rhamnose monohydrate,MAPPED,CHEBI:62345,CHEBI,CLOSE_MATCH,0,,
CHEBI:65328,L-Xylose,MAPPED,CHEBI:65328,CHEBI,EXACT_MATCH,0,,
CHEBI:16977,L-Alanine,MAPPED,CHEBI:16977,CHEBI,EXACT_MATCH,20,,
CHEBI:2596,L-alliin,MAPPED,CHEBI:2596,CHEBI,SYNONYM_MATCH,0,,
CHEBI:86658,L-alpha-Phosphatidylcholine,MAPPED,CHEBI:86658,CHEBI,EXACT_MATCH,0,,
CHEBI:16467,L-Arginine,MAPPED,CHEBI:16467,CHEBI,EXACT_MATCH,59,,
CHEBI:31235,L-Arginine x HCl,MAPPED,CHEBI:31235,CHEBI,EXACT_MATCH,7,,
CHEBI:29073,L-Ascorbic acid,MAPPED,CHEBI:29073,CHEBI,EXACT_MATCH,10,,
CHEBI:17196,L-Asparagine,MAPPED,CHEBI:17196,CHEBI,EXACT_MATCH,69,,
CHEBI:17053,L-Aspartic acid,MAPPED,CHEBI:17053,CHEBI,EXACT_MATCH,3,,
CHEBI:17561,L-Cysteine,MAPPED,CHEBI:17561,CHEBI,EXACT_MATCH,68,,
CHEBI:91247,L-Cysteine HCl,MAPPED,CHEBI:91247,CHEBI,EXACT_MATCH,154,,
CHEBI:91248,L-Cysteine HCl x H2O,MAPPED,CHEBI:91248,CHEBI,EXACT_MATCH,1027,,
CHEBI:35235,L-cysteine zwitterion,MAPPED,CHEBI:35235,CHEBI,EXACT_MATCH,3,,
CHEBI:16283,L-Cystine,MAPPED,CHEBI:16283,CHEBI,EXACT_MATCH,8,,
CHEBI:18287,L-Fucose,MAPPED,CHEBI:18287,CHEBI,EXACT_MATCH,2,,
CHEBI:16015,L-Glutamic acid,MAPPED,CHEBI:16015,CHEBI,EXACT_MATCH,35,,
CHEBI:18050,L-Glutamine,MAPPED,CHEBI:18050,CHEBI,EXACT_MATCH,137,,
CHEBI:15971,L-Histidine,MAPPED,CHEBI:15971,CHEBI,EXACT_MATCH,103,,
CHEBI:17191,L-Isoleucine,MAPPED,CHEBI:17191,CHEBI,EXACT_MATCH,56,,
CHEBI:15603,L-Leucine,MAPPED,CHEBI:15603,CHEBI,EXACT_MATCH,65,,
CHEBI:18019,L-Lysine,MAPPED,CHEBI:18019,CHEBI,EXACT_MATCH,44,,
CHEBI:53633,L-Lysine HCl,MAPPED,CHEBI:53633,CHEBI,EXACT_MATCH,3,,
CHEBI:16643,L-Methionine,MAPPED,CHEBI:16643,CHEBI,EXACT_MATCH,69,,
CHEBI:17295,L-Phenylalanine,MAPPED,CHEBI:17295,CHEBI,EXACT_MATCH,46,,
CHEBI:17203,L-Proline,MAPPED,CHEBI:17203,CHEBI,EXACT_MATCH,64,,
CHEBI:62345,L-Rhamnose,MAPPED,CHEBI:62345,CHEBI,EXACT_MATCH,6,,
CHEBI:17115,L-Serine,MAPPED,CHEBI:17115,CHEBI,EXACT_MATCH,73,,
CHEBI:16857,L-Threonine,MAPPED,CHEBI:16857,CHEBI,EXACT_MATCH,48,,
CHEBI:16828,L-Tryptophan,MAPPED,CHEBI:16828,CHEBI,EXACT_MATCH,54,,
CHEBI:17895,L-Tyrosine,MAPPED,CHEBI:17895,CHEBI,EXACT_MATCH,45,,
CHEBI:16414,L-Valine,MAPPED,CHEBI:16414,CHEBI,EXACT_MATCH,50,,
cas:97281-52-2,L-α-Phosphatidylinositol from Glycine max (soybean),MAPPED,CHEBI:28874,CHEBI,BROAD_MATCH,0,,
CHEBI:81664,LL-37,MAPPED,CHEBI:81664,CHEBI,EXACT_MATCH,0,,
CHEBI:15671,L(+)-Tartaric acid,MAPPED,CHEBI:15671,CHEBI,EXACT_MATCH,3,,
CHEBI:16349,L-Citrulline,MAPPED,CHEBI:16349,CHEBI,CAS_RN_LOOKUP,14,,
CHEBI:91248,L-Cysteine hydrochloride monohydrate,MAPPED,CHEBI:91248,CHEBI,CAS_RN_LOOKUP,13,,
CHEBI:15729,L-Ornithine,MAPPED,CHEBI:15729,CHEBI,CAS_RN_LOOKUP,10,,
CHEBI:195690,L-ornithine monohydrochloride,MAPPED,CHEBI:195690,CHEBI,CAS_RN_LOOKUP,2,,
CHEBI:53696,L-tyrosine disodium salt,MAPPED,CHEBI:53696,CHEBI,CAS_RN_LOOKUP,6,,
CHEBI:135737,Lacidipine,MAPPED,CHEBI:135737,CHEBI,EXACT_MATCH,0,,
MICRO:0001365,Lactalbumin hydrolysate,MAPPED,MICRO:0001365,MICRO,EXACT_MATCH,0,,
CHEBI:24996,Lactate,MAPPED,CHEBI:24996,CHEBI,EXACT_MATCH,7,,
CHEBI:75323,Lactitol,MAPPED,CHEBI:75323,CHEBI,EXACT_MATCH,0,,
cas:7578-25-8,Lacto-N-fucopentaose I,MAPPED,mesh:C045442,MESH,NARROW_MATCH,0,,
CHEBI:89932,Lacto-N-fucopentaose II,MAPPED,CHEBI:89932,CHEBI,SYNONYM_MATCH,0,,
cas:25541-09-7,Lacto-N-fucopentaose III,MAPPED,mesh:C434666,MESH,NARROW_MATCH,0,,
CHEBI:60239,Lacto-N-neotetraose,MAPPED,CHEBI:60239,CHEBI,SYNONYM_MATCH,0,,
cas:14116-68-8,Lacto-N-tetraose,MAPPED,CHEBI:30248,CHEBI,SYNONYM_MATCH,0,,
CHEBI:17716,Lactose,MAPPED,CHEBI:17716,CHEBI,EXACT_MATCH,38,,
CHEBI:6359,Lactulose,MAPPED,CHEBI:6359,CHEBI,EXACT_MATCH,0,,
CHEBI:18411,Laminaribiose,MAPPED,CHEBI:18411,CHEBI,SYNONYM_MATCH,0,,
CHEBI:6364,Laminarin from Laminaria digitata,MAPPED,CHEBI:6364,CHEBI,EXACT_MATCH,0,,
cas:20211-76-1,Lanthanum (III) chloride,MAPPED,CHEBI:231515,CHEBI,NARROW_MATCH,0,,
CHEBI:6377,Lapachol,MAPPED,CHEBI:6377,CHEBI,EXACT_MATCH,0,,
CHEBI:30805,Lauric acid,MAPPED,CHEBI:30805,CHEBI,SYNONYM_MATCH,0,,
CHEBI:44401,Lawsone,MAPPED,CHEBI:44401,CHEBI,EXACT_MATCH,0,,
CHEBI:88212,lead (II) chloride,MAPPED,CHEBI:88212,CHEBI,EXACT_MATCH,0,,
CHEBI:37187,Lead (II) nitrate,MAPPED,CHEBI:37187,CHEBI,SYNONYM_MATCH,0,,
NCIT:C72005,Lemon,MAPPED,NCIT:C72005,NCIT,EXACT_MATCH,0,,
CHEBI:31770,Lentilan from mushroom,MAPPED,CHEBI:31770,CHEBI,EXACT_MATCH,0,,
CHEBI:4441,Leucodin,MAPPED,CHEBI:4441,CHEBI,SYNONYM_MATCH,0,,
CHEBI:16703,Levan - from Erwinia herbicola,MAPPED,CHEBI:16703,CHEBI,EXACT_MATCH,0,,
CHEBI:15765,Levodopa,MAPPED,CHEBI:15765,CHEBI,SYNONYM_MATCH,0,,
CHEBI:63598,Levofloxacin,MAPPED,CHEBI:63598,CHEBI,EXACT_MATCH,0,,
CHEBI:15409,Levomenthol,MAPPED,CHEBI:15409,CHEBI,EXACT_MATCH,0,,
mesh:D002174,Levorin,MAPPED,mesh:D002174,MESH,EXACT_MATCH,0,,
CHEBI:45630,Levulinic Acid,MAPPED,CHEBI:45630,CHEBI,SYNONYM_MATCH,0,,
kgmicrobe.ingredient:lichenan_icelandic_moss,Lichenan (icelandic moss),MAPPED,CHEBI:6452,CHEBI,NARROW_MATCH,0,,
CHEBI:48607,LiCl,MAPPED,CHEBI:48607,CHEBI,SYNONYM_MATCH,10,,
cas:8068-05-1,Lignin alkali,MAPPED,cas:8068-05-1,CAS,FALLBACK_REGISTRY,0,,
mesh:C079132,Limocrocin,MAPPED,mesh:C079132,MESH,EXACT_MATCH,0,,
CHEBI:16226,Limonin,MAPPED,CHEBI:16226,CHEBI,EXACT_MATCH,0,,
CHEBI:17580,Linalool,MAPPED,CHEBI:17580,CHEBI,EXACT_MATCH,0,,
CHEBI:182465,Lincomycin hydrochloride,MAPPED,CHEBI:182465,CHEBI,EXACT_MATCH,0,,
CHEBI:63607,Linezolid,MAPPED,CHEBI:63607,CHEBI,EXACT_MATCH,0,,
CHEBI:16412,Lipopolysaccharide,MAPPED,CHEBI:16412,CHEBI,EXACT_MATCH,5,,
cas:85144-11-2,Lithium chloride hydrate,MAPPED,CHEBI:48607,CHEBI,CLOSE_MATCH,0,,
CHEBI:16325,Lithocholic acid,MAPPED,CHEBI:16325,CHEBI,EXACT_MATCH,0,,
MICRO:0001668,Liver digest,MAPPED,MICRO:0001668,MICRO,EXACT_MATCH,0,,
MICRO:0001363,Liver extract,MAPPED,MICRO:0001363,MICRO,EXACT_MATCH,3,,
MICRO:0001363,Liver extract concentrate,MAPPED,MICRO:0001363,MICRO,LEXICAL_MATCH,0,,
MICRO:0001363,Liver extract infusion,MAPPED,MICRO:0001363,MICRO,LEXICAL_MATCH,1,,
cas:9000-40-2,Locust bean gum,MAPPED,FOODON:03413132,FOODON,NARROW_MATCH,0,,
CHEBI:6518,Lomefloxacin hydrochloride,MAPPED,CHEBI:6518,CHEBI,EXACT_MATCH,0,,
CHEBI:6538,Loratadine,MAPPED,CHEBI:6538,CHEBI,EXACT_MATCH,0,,
CHEBI:40303,Lovastatin,MAPPED,CHEBI:40303,CHEBI,EXACT_MATCH,0,,
CHEBI:16489,Lumazine,MAPPED,CHEBI:16489,CHEBI,EXACT_MATCH,0,,
CHEBI:17781,Lumichrome,MAPPED,CHEBI:17781,CHEBI,EXACT_MATCH,0,,
CHEBI:6570,Lupeol,MAPPED,CHEBI:6570,CHEBI,EXACT_MATCH,0,,
NCIT:C90684,Lydimycin,MAPPED,NCIT:C90684,NCIT,EXACT_MATCH,0,,
cas:2650-88-3,Lysozyme,MAPPED,FOODON:03413135,FOODON,NARROW_MATCH,0,,
CHEBI:28488,m-Xylene,MAPPED,CHEBI:28488,CHEBI,EXACT_MATCH,8,,
CHEBI:62955,MES sodium salt,MAPPED,CHEBI:62955,CHEBI,CAS_RN_LOOKUP,4,,
CHEBI:201898,Magainin I,MAPPED,CHEBI:201898,CHEBI,EXACT_MATCH,0,,
CHEBI:62964,Magnesium acetate,MAPPED,CHEBI:62964,CHEBI,EXACT_MATCH,3,,
CHEBI:86345,Magnesium chloride,MAPPED,CHEBI:86345,CHEBI,SYNONYM_MATCH,120,,
CHEBI:32599,Magnesium sulfate,MAPPED,CHEBI:32599,CHEBI,EXACT_MATCH,525,,
CHEBI:72449,Malachite green,MAPPED,CHEBI:72449,CHEBI,EXACT_MATCH,20,,
CHEBI:25115,Malate,MAPPED,CHEBI:25115,CHEBI,EXACT_MATCH,1,,
CHEBI:18300,Maleic acid,MAPPED,CHEBI:18300,CHEBI,EXACT_MATCH,0,,
cas:100683-54-3,Malondialdehyde tetrabutylammonium salt,MAPPED,CHEBI:51992,CHEBI,NARROW_MATCH,0,,
CHEBI:30794,Malonic acid,MAPPED,CHEBI:30794,CHEBI,EXACT_MATCH,0,,
FOODON:03301056,Malt extract,MAPPED,FOODON:03301056,FOODON,EXACT_MATCH,1,,
kgmicrobe.ingredient:malt_extract_agar,Malt extract agar,MAPPED,FOODON:03301056,FOODON,CLOSE_MATCH,0,,
kgmicrobe.ingredient:malt_extract_agar_~28nissui~29,Malt Extract Agar (Nissui),MAPPED,FOODON:03301056,FOODON,CLOSE_MATCH,0,,
kgmicrobe.ingredient:malt_extract_agar_~28oxoid~29,Malt extract agar (Oxoid),MAPPED,FOODON:03301056,FOODON,CLOSE_MATCH,0,,
kgmicrobe.ingredient:malt_extract_broth,Malt extract broth,MAPPED,FOODON:03301056,FOODON,CLOSE_MATCH,0,,
CHEBI:68428,Maltitol,MAPPED,CHEBI:68428,CHEBI,EXACT_MATCH,0,,
CHEBI:25140,Maltodextrin,MAPPED,CHEBI:25140,CHEBI,EXACT_MATCH,0,,
CHEBI:27445,Maltohexaose,MAPPED,CHEBI:27445,CHEBI,EXACT_MATCH,0,,
CHEBI:17306,Maltose,MAPPED,CHEBI:17306,CHEBI,EXACT_MATCH,141,,
CHEBI:17306,maltose,REJECTED,CHEBI:17306,CHEBI,EXACT_MATCH,0,,
CHEBI:28460,Maltotetraose,MAPPED,CHEBI:28460,CHEBI,EXACT_MATCH,0,,
cas:312693-63-3,Maltotriose hydrate,MAPPED,CHEBI:61993,CHEBI,CLOSE_MATCH,0,,
CHEBI:35825,Mandelic acid,MAPPED,CHEBI:35825,CHEBI,EXACT_MATCH,0,,
CHEBI:6682,Mangiferin,MAPPED,CHEBI:6682,CHEBI,EXACT_MATCH,0,,
cas:9036-88-8,Mannan from Saccharomyces cerevisiae,MAPPED,NCIT:C14271,NCIT,NARROW_MATCH,0,,
CHEBI:29864,Mannitol,MAPPED,CHEBI:29864,CHEBI,EXACT_MATCH,50,,
CHEBI:25164,Mannobiose,MAPPED,CHEBI:25164,CHEBI,EXACT_MATCH,0,,
CHEBI:17369,Mannose-6-Phosphate,MAPPED,CHEBI:17369,CHEBI,SYNONYM_MATCH,0,,
CHEBI:146181,Mannotriose,MAPPED,CHEBI:146181,CHEBI,EXACT_MATCH,0,,
mesh:C008328,Marmite,MAPPED,mesh:C008328,MESH,EXACT_MATCH,0,,
CHEBI:6700,Matrine,MAPPED,CHEBI:6700,CHEBI,EXACT_MATCH,0,,
FOODON:03315424,Meat Extract,MAPPED,FOODON:03315424,FOODON,EXACT_MATCH,0,,
MICRO:0000176,Meat peptone,MAPPED,MICRO:0000176,MICRO,EXACT_MATCH,0,,
CHEBI:51208,Mecillinam,MAPPED,CHEBI:51208,CHEBI,EXACT_MATCH,0,,
CHEBI:28053,Melibiose,MAPPED,CHEBI:28053,CHEBI,EXACT_MATCH,2,,
CHEBI:28869,Menadione,MAPPED,CHEBI:28869,CHEBI,EXACT_MATCH,11,,
CHEBI:63928,Menadione sodium bisulfate,MAPPED,CHEBI:63928,CHEBI,EXACT_MATCH,0,,
cas:1490-04-6,Menthol,MAPPED,CHEBI:25187,CHEBI,SYNONYM_MATCH,0,,
CHEBI:31823,mercury (II) chloride,MAPPED,CHEBI:31823,CHEBI,EXACT_MATCH,0,,
CHEBI:6770,Meropenem,MAPPED,CHEBI:6770,CHEBI,SYNONYM_MATCH,0,,
CHEBI:39010,MES,MAPPED,CHEBI:39010,CHEBI,EXACT_MATCH,72,,
CHEBI:39005,MES [2-(N-morpholino) ethane sulfonic acid],MAPPED,CHEBI:39005,CHEBI,SYNONYM_MATCH,16,,
CHEBI:17113,meso-Erythritol,MAPPED,CHEBI:17113,CHEBI,SYNONYM_MATCH,0,,
CHEBI:16183,methane,MAPPED,CHEBI:16183,CHEBI,EXACT_MATCH,0,,
CHEBI:17790,Methanol,MAPPED,CHEBI:17790,CHEBI,EXACT_MATCH,178,,
CHEBI:44185,Methotrexate,MAPPED,CHEBI:44185,CHEBI,EXACT_MATCH,0,,
cas:89471-28-0,Methyl-2-Hydroxy-Phenylproprionate,MAPPED,cas:89471-28-0,CAS,FALLBACK_REGISTRY,0,,
CHEBI:17540,Methyl-B-D-galactopyranoside,MAPPED,CHEBI:17540,CHEBI,EXACT_MATCH,0,,
cas:91-09-8,methyl-alpha-D-xylopyranoside,MAPPED,cas:91-09-8,CAS,FALLBACK_REGISTRY,0,,
cas:612-05-5,methyl-beta-D-xylopyranoside,MAPPED,cas:612-05-5,CAS,FALLBACK_REGISTRY,0,,
cas:1825-00-9,methyl-beta-L-arabinopyranoside,MAPPED,cas:1825-00-9,CAS,FALLBACK_REGISTRY,0,,
CHEBI:86904,methyl-cis-p-coumarate,MAPPED,CHEBI:86904,CHEBI,EXACT_MATCH,0,,
cas:19367-38-5,methyl-trans-p-coumarate,MAPPED,CHEBI:194094,CHEBI,SYNONYM_MATCH,0,,
CHEBI:176565,Methyl 3-(4-hydroxyphenyl)propionate,MAPPED,CHEBI:176565,CHEBI,EXACT_MATCH,0,,
CHEBI:181871,Methyl 6-Hydroxyangolensate,MAPPED,CHEBI:181871,CHEBI,EXACT_MATCH,0,,
CHEBI:320061,Methyl alpha-D-glucopyranoside,MAPPED,CHEBI:320061,CHEBI,EXACT_MATCH,0,,
CHEBI:320055,Methyl beta-D-glucopyranoside,MAPPED,CHEBI:320055,CHEBI,EXACT_MATCH,0,,
cas:22329-76-6,methyl ferulate,MAPPED,CHEBI:67379,CHEBI,SYNONYM_MATCH,0,,
CHEBI:15929,methyl jasmonate,MAPPED,CHEBI:15929,CHEBI,EXACT_MATCH,0,,
CHEBI:25255,Methyl methanesulfonate,MAPPED,CHEBI:25255,CHEBI,EXACT_MATCH,0,,
CHEBI:16830,Methylamine,MAPPED,CHEBI:16830,CHEBI,EXACT_MATCH,8,,
CHEBI:59337,Methylamine hydrochloride,MAPPED,CHEBI:59337,CHEBI,EXACT_MATCH,8,,
CHEBI:6872,Methylene blue,MAPPED,CHEBI:6872,CHEBI,EXACT_MATCH,3,,
CHEBI:15767,methylene chloride,MAPPED,CHEBI:15767,CHEBI,SYNONYM_MATCH,0,,
CHEBI:17158,methylglyoxal,MAPPED,CHEBI:17158,CHEBI,EXACT_MATCH,0,,
cas:23121-32-6,Methylxanthoxylin,MAPPED,CHEBI:169463,CHEBI,SYNONYM_MATCH,0,,
CHEBI:6909,Metronidazole,MAPPED,CHEBI:6909,CHEBI,EXACT_MATCH,0,,
cas:1915-67-9,Mexicanolide,MAPPED,mesh:C554989,MESH,NARROW_MATCH,0,,
CHEBI:131391,Mg-citrate,MAPPED,CHEBI:131391,CHEBI,SYNONYM_MATCH,4,,
CHEBI:6636,MgCl2,MAPPED,CHEBI:6636,CHEBI,EXACT_MATCH,247,,
CHEBI:131394,MgCl2 x 2 H2O,MAPPED,CHEBI:131394,CHEBI,EXACT_MATCH,18,,
CHEBI:86345,MgCl2 x 6 H2O,MAPPED,CHEBI:86345,CHEBI,EXACT_MATCH,2285,,
kgmicrobe.compound:mgcl2_x_7_h2o,MgCl2 x 7 H2O,MAPPED,CHEBI:6636,CHEBI,CLOSE_MATCH,11,,
CHEBI:86355,MgCl2 x H2O,MAPPED,CHEBI:86355,CHEBI,EXACT_MATCH,2,,
CHEBI:6636,MgCl2x 6 H2O,MAPPED,CHEBI:6636,CHEBI,SYNONYM_MATCH,7,,
CHEBI:31793,MgCO3,MAPPED,CHEBI:31793,CHEBI,SYNONYM_MATCH,11,,
CHEBI:31795,MgSO4·7H2O,REJECTED,CHEBI:31795,CHEBI,EXACT_MATCH,0,,
CHEBI:31795,MgSO47H2O,REJECTED,CHEBI:31795,CHEBI,SYNONYM_MATCH,0,,
CHEBI:32599,MgSO4 x 6 H2O,MAPPED,CHEBI:32599,CHEBI,EXACT_MATCH,20,,
CHEBI:31795,MgSO4 x 7 H2O,MAPPED,CHEBI:31795,CHEBI,EXACT_MATCH,4050,,
CHEBI:31795,MgSO4·H2O,MAPPED,CHEBI:31795,CHEBI,EXACT_MATCH,2,,
NCIT:C85509,Middlebrook 7H10 agar,MAPPED,NCIT:C85509,NCIT,EXACT_MATCH,0,,
CHEBI:216282,miharamycin A,MAPPED,CHEBI:216282,CHEBI,EXACT_MATCH,0,,
UBERON:0001913,Milk,MAPPED,UBERON:0001913,UBERON,EXACT_MATCH,0,,
FOODON:03301328,Mineral water,MAPPED,FOODON:03301328,FOODON,EXACT_MATCH,0,,
mesh:C002363,Minimycin,MAPPED,mesh:C002363,MESH,EXACT_MATCH,0,,
CHEBI:50697,Minocycline hydrochloride,MAPPED,CHEBI:50697,CHEBI,EXACT_MATCH,0,,
CHEBI:27504,Mitomycin C,MAPPED,CHEBI:27504,CHEBI,EXACT_MATCH,0,,
CHEBI:131395,MnCl2 x 2 H2O,MAPPED,CHEBI:131395,CHEBI,EXACT_MATCH,0,,
CHEBI:86368,MnCl2 x 4 H2O,MAPPED,CHEBI:86368,CHEBI,EXACT_MATCH,2310,,
CHEBI:63041,MnCl2,MAPPED,CHEBI:63041,CHEBI,EXACT_MATCH,0,,
CHEBI:136511,MnO2,MAPPED,CHEBI:136511,CHEBI,EXACT_MATCH,2,,
CHEBI:86360,MnSO4,MAPPED,CHEBI:86360,CHEBI,EXACT_MATCH,36,,
CHEBI:86364,MnSO4 x 1 H2O,REJECTED,CHEBI:86364,CHEBI,SYNONYM_MATCH,0,,
CHEBI:86356,MnSO4 x 2 H2O,MAPPED,CHEBI:86356,CHEBI,EXACT_MATCH,16,,
CHEBI:86358,MnSO4 x 4 H2O,MAPPED,CHEBI:86358,CHEBI,EXACT_MATCH,58,,
CHEBI:131524,MnSO4 x 5 H2O,MAPPED,CHEBI:131524,CHEBI,EXACT_MATCH,31,,
CHEBI:131523,MnSO4 x 6 H2O,MAPPED,CHEBI:131523,CHEBI,EXACT_MATCH,2,,
CHEBI:86360,MnSO4 x 7 H2O,MAPPED,CHEBI:86360,CHEBI,SYNONYM_MATCH,6,,
CHEBI:86364,MnSO4 x H2O,MAPPED,CHEBI:86364,CHEBI,EXACT_MATCH,952,,
CHEBI:201539,monazomycin,MAPPED,CHEBI:201539,CHEBI,EXACT_MATCH,0,,
CHEBI:27617,Monensin,MAPPED,CHEBI:27617,CHEBI,SYNONYM_MATCH,0,,
CHEBI:30627,MoO3,MAPPED,CHEBI:30627,CHEBI,EXACT_MATCH,23,,
CHEBI:39074,MOPS,MAPPED,CHEBI:39074,CHEBI,EXACT_MATCH,62,,
CHEBI:75092,Morin,MAPPED,CHEBI:75092,CHEBI,EXACT_MATCH,0,,
CHEBI:63611,Moxifloxacin,MAPPED,CHEBI:63611,CHEBI,EXACT_MATCH,0,,
cas:22816-60-0,MreB Perturbing Compound A22,MAPPED,cas:22816-60-0,CAS,FALLBACK_REGISTRY,0,,
CHEBI:30852,Mucic acid,MAPPED,CHEBI:30852,CHEBI,SYNONYM_MATCH,0,,
cas:84195-52-8,"Mucin, Bovine Submaxillary Gland, type I-S",MAPPED,cas:84195-52-8,CAS,FALLBACK_REGISTRY,0,,
cas:84082-64-4,"Mucin from porcine stomach,Type II",MAPPED,cas:84082-64-4,CAS,FALLBACK_REGISTRY,0,,
cas:84082-64-4,Mucin from porcine stomach type III,MAPPED,cas:84082-64-4,CAS,FALLBACK_REGISTRY,1,,
mesh:C010250,Mycobacidin,MAPPED,mesh:C010250,MESH,EXACT_MATCH,0,,
CHEBI:17268,myo-Inositol,MAPPED,CHEBI:17268,CHEBI,EXACT_MATCH,52,,
CHEBI:18152,Myricetin,MAPPED,CHEBI:18152,CHEBI,EXACT_MATCH,0,,
CHEBI:28875,Myristic acid,MAPPED,CHEBI:28875,CHEBI,SYNONYM_MATCH,0,,
CHEBI:29640,N-(3-oxohexanoyl)-DL-homoserine lactone,MAPPED,CHEBI:29640,CHEBI,EXACT_MATCH,0,,
CHEBI:28037,N-Acetyl-D-galactosamine,MAPPED,CHEBI:28037,CHEBI,EXACT_MATCH,0,,
CHEBI:15784,N-Acetyl-D-glucosamine 6-phosphate sodium salt,MAPPED,CHEBI:15784,CHEBI,LEXICAL_MATCH,0,,
CHEBI:17533,N-Acetyl-L-Glutamic Acid,MAPPED,CHEBI:17533,CHEBI,EXACT_MATCH,2,,
CHEBI:21547,N-Acetyl-L-aspartic acid,MAPPED,CHEBI:21547,CHEBI,EXACT_MATCH,0,,
CHEBI:21553,N-Acetyl-L-glutamine,MAPPED,CHEBI:21553,CHEBI,EXACT_MATCH,0,,
CHEBI:17724,N-N Dimethyl glycine,MAPPED,CHEBI:17724,CHEBI,EXACT_MATCH,0,,
CHEBI:39060,N-(2-acetamido)-2-aminoethanesulfonic acid,MAPPED,CHEBI:39060,CHEBI,EXACT_MATCH,9,,
CHEBI:8006,N-Acetyl-D-glucosamine,MAPPED,CHEBI:8006,CHEBI,SYNONYM_MATCH,9,,
CHEBI:59640,N-Acetylglucosamine,MAPPED,CHEBI:59640,CHEBI,EXACT_MATCH,35,,
CHEBI:47965,N-acetylmuramic acid,MAPPED,CHEBI:47965,CHEBI,EXACT_MATCH,1,,
CHEBI:17012,N-acetylneuraminic acid,MAPPED,CHEBI:17012,CHEBI,EXACT_MATCH,0,,
CHEBI:41808,n-Decane,MAPPED,CHEBI:41808,CHEBI,EXACT_MATCH,4,,
CHEBI:181434,N-decanoyl-DL-Homoserine lactone,MAPPED,CHEBI:181434,CHEBI,EXACT_MATCH,0,,
CHEBI:183704,N-lauroylsarcosine sodium salt,MAPPED,CHEBI:183704,CHEBI,EXACT_MATCH,0,,
CHEBI:16354,N-methylhydantoin,MAPPED,CHEBI:16354,CHEBI,EXACT_MATCH,3,,
CHEBI:88217,"N,N,N′,N′-Tetrakis(2-pyridylmethyl)ethylenediamine",MAPPED,CHEBI:88217,CHEBI,EXACT_MATCH,0,,
CHEBI:32850,"N,N,N′,N′-Tetramethylethylenediamine",MAPPED,CHEBI:32850,CHEBI,EXACT_MATCH,0,,
CHEBI:172431,N-Acetyl-glutamic acid,MAPPED,CHEBI:172431,CHEBI,CAS_RN_LOOKUP,10,,
CHEBI:113373,Na-3-hydroxybutyrate,MAPPED,CHEBI:113373,CHEBI,EXACT_MATCH,2,,
CHEBI:32954,Na-acetate,MAPPED,CHEBI:32954,CHEBI,EXACT_MATCH,806,,
CHEBI:34535,Na-ampicillin,MAPPED,CHEBI:34535,CHEBI,EXACT_MATCH,5,,
CHEBI:113451,Na-ascorbate,MAPPED,CHEBI:113451,CHEBI,EXACT_MATCH,27,,
CHEBI:113455,Na-benzoate,MAPPED,CHEBI:113455,CHEBI,EXACT_MATCH,36,,
CHEBI:64103,Na-butyrate,MAPPED,CHEBI:64103,CHEBI,EXACT_MATCH,23,,
CHEBI:114126,Na-caproate,MAPPED,CHEBI:114126,CHEBI,EXACT_MATCH,7,,
CHEBI:35899,Na-crotonate,MAPPED,CHEBI:35899,CHEBI,EXACT_MATCH,6,,
CHEBI:62965,Na-formate,MAPPED,CHEBI:62965,CHEBI,EXACT_MATCH,143,,
CHEBI:115197,Na-gallate,MAPPED,CHEBI:115197,CHEBI,EXACT_MATCH,1,,
CHEBI:64243,Na-glutamate,REJECTED,CHEBI:64243,CHEBI,SYNONYM_MATCH,0,,
CHEBI:232798,Na-L-lactate,MAPPED,CHEBI:232798,CHEBI,EXACT_MATCH,57,,
CHEBI:131839,Na-laurate,MAPPED,CHEBI:131839,CHEBI,EXACT_MATCH,4,,
CHEBI:132101,Na-orotate,MAPPED,CHEBI:132101,CHEBI,EXACT_MATCH,2,,
CHEBI:132106,Na-propionate,MAPPED,CHEBI:132106,CHEBI,EXACT_MATCH,36,,
CHEBI:50144,Na-pyruvate,MAPPED,CHEBI:50144,CHEBI,EXACT_MATCH,570,,
CHEBI:60720,Na-silicate,MAPPED,CHEBI:60720,CHEBI,EXACT_MATCH,197,,
CHEBI:132109,Na-stearate,MAPPED,CHEBI:132109,CHEBI,EXACT_MATCH,2,,
CHEBI:63017,Na-tartrate,REJECTED,CHEBI:63017,CHEBI,SYNONYM_MATCH,0,,
CHEBI:86481,Na-thioglycolate,MAPPED,CHEBI:86481,CHEBI,EXACT_MATCH,122,,
CHEBI:132748,Na-vanillate,MAPPED,CHEBI:132748,CHEBI,EXACT_MATCH,2,,
CHEBI:64734,Na2-EDTA,MAPPED,CHEBI:64734,CHEBI,EXACT_MATCH,426,,
CHEBI:64758,Na2-EDTA x 2 H2O,REJECTED,CHEBI:64758,CHEBI,NARROW_MATCH,0,,
CHEBI:115156,Na2-fumarate,MAPPED,CHEBI:115156,CHEBI,EXACT_MATCH,94,,
CHEBI:91251,Na2-glyoxalate,MAPPED,CHEBI:91251,CHEBI,EXACT_MATCH,2,,
CHEBI:16810,Na2 alpha-ketoglutarate,MAPPED,CHEBI:16810,CHEBI,SYNONYM_MATCH,4,,
CHEBI:38892,Na2B4O7,MAPPED,CHEBI:38892,CHEBI,EXACT_MATCH,8,,
CHEBI:131366,Na2B4O7 x 10 H2O,MAPPED,CHEBI:131366,CHEBI,EXACT_MATCH,0,,
CHEBI:29377,Na2CO3,MAPPED,CHEBI:29377,CHEBI,EXACT_MATCH,1251,,
CHEBI:64758,Na2EDTA·2H2O,MAPPED,CHEBI:64758,CHEBI,SYNONYM_MATCH,113,,
CHEBI:91257,Na2HAsO4 x 7 H2O,MAPPED,CHEBI:91257,CHEBI,EXACT_MATCH,11,,
CHEBI:34683,Na2HPO4,MAPPED,CHEBI:34683,CHEBI,EXACT_MATCH,637,,
kgmicrobe.compound:na2hpo4_x_12_h2o,Na2HPO4 x 12 H2O,MAPPED,CHEBI:91259,CHEBI,CLOSE_MATCH,112,,
kgmicrobe.compound:na2hpo4_x_2_h2o,Na2HPO4 x 2 H2O,MAPPED,CHEBI:91258,CHEBI,CLOSE_MATCH,231,,
kgmicrobe.compound:na2hpo4_x_3_h2o,Na2HPO4 x 3 H2O,MAPPED,CHEBI:34683,CHEBI,CLOSE_MATCH,3,,
kgmicrobe.compound:na2hpo4_x_6_h2o,Na2HPO4 x 6 H2O,MAPPED,CHEBI:34683,CHEBI,CLOSE_MATCH,2,,
kgmicrobe.compound:na2hpo4_x_7_h2o,Na2HPO4 x 7 H2O,MAPPED,CHEBI:34683,CHEBI,CLOSE_MATCH,19,,
CHEBI:75215,Na2MoO4,MAPPED,CHEBI:75215,CHEBI,SYNONYM_MATCH,57,,
CHEBI:75213,Na2MoO4·2H2O,REJECTED,CHEBI:75213,CHEBI,NARROW_MATCH,0,,
CHEBI:75213,Na2MoO4 x 2 H2O,MAPPED,CHEBI:75213,CHEBI,EXACT_MATCH,3392,,
CHEBI:86473,Na2MoO4 x 7 H2O,MAPPED,CHEBI:86473,CHEBI,EXACT_MATCH,4,,
CHEBI:76208,Na2S,MAPPED,CHEBI:76208,CHEBI,SYNONYM_MATCH,32,,
CHEBI:132112,Na2S2O3,MAPPED,CHEBI:132112,CHEBI,SYNONYM_MATCH,70,,
CHEBI:32150,Na2S2O3 x 5 H2O,MAPPED,CHEBI:32150,CHEBI,EXACT_MATCH,455,,
CHEBI:114786,Na2S2O5,MAPPED,CHEBI:114786,CHEBI,EXACT_MATCH,4,,
CHEBI:76209,Na2S x 9 H2O,MAPPED,CHEBI:76209,CHEBI,EXACT_MATCH,1747,,
CHEBI:48843,Na2SeO3,MAPPED,CHEBI:48843,CHEBI,EXACT_MATCH,109,,
CHEBI:131361,Na2SeO3·5H2O,REJECTED,CHEBI:131361,CHEBI,EXACT_MATCH,0,,
CHEBI:131361,Na2SeO3 x 5 H2O,MAPPED,CHEBI:131361,CHEBI,EXACT_MATCH,1458,,
CHEBI:77775,Na2SeO4,MAPPED,CHEBI:77775,CHEBI,EXACT_MATCH,211,,
CHEBI:132108,Na2SiO3 x 9 H2O,MAPPED,CHEBI:132108,CHEBI,EXACT_MATCH,28,,
CHEBI:86477,Na2SO3,MAPPED,CHEBI:86477,CHEBI,SYNONYM_MATCH,16,,
CHEBI:86477,Na2SO3 x 5 H2O,MAPPED,CHEBI:86477,CHEBI,SYNONYM_MATCH,1,,
CHEBI:32149,Na2SO4,MAPPED,CHEBI:32149,CHEBI,EXACT_MATCH,936,,
CHEBI:32586,Na2SO4 x 10 H2O,MAPPED,CHEBI:32586,CHEBI,EXACT_MATCH,4,,
CHEBI:63940,Na2WO4,MAPPED,CHEBI:63940,CHEBI,SYNONYM_MATCH,108,,
CHEBI:63939,Na2WO4 x 2 H2O,MAPPED,CHEBI:63939,CHEBI,EXACT_MATCH,1398,,
CHEBI:32142,Na3-citrate x 2 H2O,MAPPED,CHEBI:32142,CHEBI,EXACT_MATCH,76,,
CHEBI:63125,Na3-EDTA,MAPPED,CHEBI:63125,CHEBI,EXACT_MATCH,25,,
CHEBI:35607,Na3VO4,MAPPED,CHEBI:35607,CHEBI,EXACT_MATCH,1,,
CHEBI:64220,Na glutamate,MAPPED,CHEBI:64220,CHEBI,EXACT_MATCH,124,,
CHEBI:63004,NaBr,MAPPED,CHEBI:63004,CHEBI,EXACT_MATCH,233,,
CHEBI:26710,NaCl,MAPPED,CHEBI:26710,CHEBI,EXACT_MATCH,6316,,
CHEBI:65242,NaClO3,MAPPED,CHEBI:65242,CHEBI,EXACT_MATCH,11,,
CHEBI:28741,NaF,MAPPED,CHEBI:28741,CHEBI,EXACT_MATCH,260,,
CHEBI:51919,Nafcillin sodium salt monohydrate,MAPPED,CHEBI:51919,CHEBI,EXACT_MATCH,0,,
CHEBI:37585,NaH2PO4,MAPPED,CHEBI:37585,CHEBI,SYNONYM_MATCH,76,,
kgmicrobe.compound:nah2po4_x_2_h2o,NaH2PO4 x 2 H2O,MAPPED,CHEBI:37585,CHEBI,CLOSE_MATCH,30,,
CHEBI:32139,NaHCO3,MAPPED,CHEBI:32139,CHEBI,EXACT_MATCH,2213,,
CHEBI:26709,NaHSO3,MAPPED,CHEBI:26709,CHEBI,EXACT_MATCH,3,,
cas:3374-05-8,Nalidixic acid sodium salt,MAPPED,CHEBI:100147,CHEBI,NARROW_MATCH,0,,
NCIT:C54713,NaNO,MAPPED,NCIT:C54713,NCIT,EXACT_MATCH,24,,
CHEBI:78870,NaNO2,MAPPED,CHEBI:78870,CHEBI,EXACT_MATCH,23,,
CHEBI:63005,NaNO3,MAPPED,CHEBI:63005,CHEBI,SYNONYM_MATCH,419,,
CHEBI:32145,NaOH,MAPPED,CHEBI:32145,CHEBI,EXACT_MATCH,1184,,
CHEBI:16482,Naphthalene,MAPPED,CHEBI:16482,CHEBI,EXACT_MATCH,3,,
CHEBI:36336,Naphthalene sulfonic acid,MAPPED,CHEBI:36336,CHEBI,EXACT_MATCH,0,,
CHEBI:50202,Naringenin,MAPPED,CHEBI:50202,CHEBI,EXACT_MATCH,0,,
CHEBI:28819,Naringin,MAPPED,CHEBI:28819,CHEBI,EXACT_MATCH,0,,
kgmicrobe.ingredient:natural_sea_water,Natural sea water,MAPPED,ENVO:00002149,ENVO,CLOSE_MATCH,0,,
CHEBI:75221,NaVO3,MAPPED,CHEBI:75221,CHEBI,EXACT_MATCH,5,,
CHEBI:132095,NaVO3 x H2O,MAPPED,CHEBI:132095,CHEBI,EXACT_MATCH,16,,
CHEBI:7507,Neomycin,MAPPED,CHEBI:7507,CHEBI,EXACT_MATCH,0,,
kgmicrobe.compound:neomycin_trisulfate_salt_hydrate,Neomycin trisulfate salt hydrate,MAPPED,CHEBI:31635,CHEBI,CLOSE_MATCH,0,,
CHEBI:29452,Nerol,MAPPED,CHEBI:29452,CHEBI,EXACT_MATCH,0,,
CHEBI:7524,Nerolidol,MAPPED,CHEBI:7524,CHEBI,EXACT_MATCH,0,,
CHEBI:91241,NH4-oxalate,MAPPED,CHEBI:91241,CHEBI,EXACT_MATCH,2,,
CHEBI:63076,(NH4)2 citrate,MAPPED,CHEBI:63076,CHEBI,EXACT_MATCH,53,,
CHEBI:63051,(NH4)2HPO4,MAPPED,CHEBI:63051,CHEBI,EXACT_MATCH,27,,
CHEBI:86149,(NH4)2Ni(SO4)2,MAPPED,CHEBI:86149,CHEBI,SYNONYM_MATCH,12,,
CHEBI:86149,(NH4)2Ni(SO4)2 x 6 H2O,MAPPED,CHEBI:86149,CHEBI,EXACT_MATCH,94,,
CHEBI:62946,(NH4)2SO4,MAPPED,CHEBI:62946,CHEBI,EXACT_MATCH,1383,,
CHEBI:63037,(NH4)3 citrate,MAPPED,CHEBI:63037,CHEBI,EXACT_MATCH,44,,
CHEBI:31206,NH4Cl,MAPPED,CHEBI:31206,CHEBI,EXACT_MATCH,3240,,
CHEBI:62982,NH4H2PO4,MAPPED,CHEBI:62982,CHEBI,EXACT_MATCH,13,,
CHEBI:184335,NH4HCO3,MAPPED,CHEBI:184335,CHEBI,EXACT_MATCH,21,,
CHEBI:63038,(NH4)NO3,MAPPED,CHEBI:63038,CHEBI,EXACT_MATCH,257,,
CHEBI:53542,Nickel (II) chloride hexahydrate,MAPPED,CHEBI:53542,CHEBI,CAS_RN_LOOKUP,2954,,
CHEBI:53437,Nickel (II) sulfate hexahydrate,MAPPED,CHEBI:53437,CHEBI,CAS_RN_LOOKUP,37,,
CHEBI:34887,NiCl2,MAPPED,CHEBI:34887,CHEBI,EXACT_MATCH,9,,
kgmicrobe.compound:nicl2_x_2_h2o,NiCl2 x 2 H2O,MAPPED,CHEBI:34887,CHEBI,CLOSE_MATCH,13,,
kgmicrobe.compound:nicl2_x_5_h2o,NiCl2 x 5 H2O,MAPPED,CHEBI:34887,CHEBI,CLOSE_MATCH,1,,
CHEBI:53542,NiCl2 x 6 H2O,REJECTED,CHEBI:53542,CHEBI,EXACT_MATCH,0,,
CHEBI:17154,Nicotinamide,MAPPED,CHEBI:17154,CHEBI,EXACT_MATCH,119,,
CHEBI:89640,Nicotinamide N-oxide,MAPPED,CHEBI:89640,CHEBI,EXACT_MATCH,0,,
CHEBI:15940,Nicotinic acid,MAPPED,CHEBI:15940,CHEBI,EXACT_MATCH,1998,,
cas:28643-80-3,Nigericin sodium salt,MAPPED,CHEBI:201444,CHEBI,NARROW_MATCH,0,,
CHEBI:71629,Nisin,MAPPED,CHEBI:71629,CHEBI,EXACT_MATCH,0,,
CHEBI:53437,NiSO4 x 6 H2O,REJECTED,CHEBI:53437,CHEBI,EXACT_MATCH,0,,
CHEBI:53504,NiSO4 x 7 H2O,MAPPED,CHEBI:53504,CHEBI,EXACT_MATCH,6,,
CHEBI:25548,Nitrilotriacetate,MAPPED,CHEBI:25548,CHEBI,SYNONYM_MATCH,10,,
CHEBI:44557,Nitrilotriacetic acid,MAPPED,CHEBI:44557,CHEBI,EXACT_MATCH,1154,,
cas:15467-20-6,Nitrilotriacetic acid disodium salt,MAPPED,CHEBI:44557,CHEBI,NARROW_MATCH,9,,
CHEBI:71415,Nitrofurantoin,MAPPED,CHEBI:71415,CHEBI,EXACT_MATCH,0,,
CHEBI:44368,Nitrofurazone,MAPPED,CHEBI:44368,CHEBI,EXACT_MATCH,0,,
CHEBI:17997,Nitrogen gas,MAPPED,CHEBI:17997,CHEBI,EXACT_MATCH,0,,
CHEBI:17045,nitrous oxide,MAPPED,CHEBI:17045,CHEBI,SYNONYM_MATCH,4,,
CHEBI:7602,Nobiletin,MAPPED,CHEBI:7602,CHEBI,EXACT_MATCH,0,,
CHEBI:219652,nocamycin,MAPPED,CHEBI:219652,CHEBI,EXACT_MATCH,0,,
mesh:C005642,Noformicin,MAPPED,mesh:C005642,MESH,EXACT_MATCH,0,,
CHEBI:29019,Nonanoic acid,MAPPED,CHEBI:29019,CHEBI,EXACT_MATCH,0,,
CHEBI:73468,Nordihydroguaretic Acid,MAPPED,CHEBI:73468,CHEBI,EXACT_MATCH,0,,
CHEBI:100246,Norfloxacin,MAPPED,CHEBI:100246,CHEBI,EXACT_MATCH,0,,
CHEBI:109895,Norharman,MAPPED,CHEBI:109895,CHEBI,SYNONYM_MATCH,0,,
CHEBI:31924,Novobiocin sodium salt,MAPPED,CHEBI:31924,CHEBI,EXACT_MATCH,0,,
CHEBI:39054,NTA,MAPPED,CHEBI:39054,CHEBI,EXACT_MATCH,3,,
MICRO:0000082,Nutrient broth No. 2,MAPPED,MICRO:0000082,MICRO,EXACT_MATCH,0,,
CHEBI:17553,O-Phosphoryl-Ethanolamine,MAPPED,CHEBI:17553,CHEBI,EXACT_MATCH,0,,
mesh:C000366,O Carbamyl D Serine,MAPPED,mesh:C000366,MESH,EXACT_MATCH,0,,
FOODON:03301312,Oat flour B-glucan,MAPPED,FOODON:03301312,FOODON,LEXICAL_MATCH,0,,
NCIT:C29298,Oatmeal,MAPPED,NCIT:C29298,NCIT,EXACT_MATCH,0,,
CHEBI:17590,octane,MAPPED,CHEBI:17590,CHEBI,EXACT_MATCH,0,,
CHEBI:28837,Octanoic acid,MAPPED,CHEBI:28837,CHEBI,EXACT_MATCH,0,,
CHEBI:37868,octanol,MAPPED,CHEBI:37868,CHEBI,EXACT_MATCH,0,,
CHEBI:7731,Ofloxacin,MAPPED,CHEBI:7731,CHEBI,EXACT_MATCH,0,,
CHEBI:16196,Oleic acid,MAPPED,CHEBI:16196,CHEBI,EXACT_MATCH,14,,
CHEBI:16742,Orotic acid,MAPPED,CHEBI:16742,CHEBI,CAS_RN_LOOKUP,4,,
CHEBI:52134,Oxacillin sodium salt,MAPPED,CHEBI:52134,CHEBI,EXACT_MATCH,0,,
CHEBI:16995,Oxalic Acid,MAPPED,CHEBI:16995,CHEBI,EXACT_MATCH,0,,
CHEBI:30744,Oxaloacetic acid,MAPPED,CHEBI:30744,CHEBI,EXACT_MATCH,0,,
CHEBI:29081,Oxedrine,MAPPED,CHEBI:29081,CHEBI,SYNONYM_MATCH,0,,
CHEBI:132646,Oxonitine,MAPPED,CHEBI:132646,CHEBI,EXACT_MATCH,0,,
CHEBI:2672,Oxymatrine,MAPPED,CHEBI:2672,CHEBI,SYNONYM_MATCH,0,,
CHEBI:31953,Oxytetracycline hydrochloride,MAPPED,CHEBI:31953,CHEBI,EXACT_MATCH,0,,
CHEBI:32374,p-Coumaric acid,MAPPED,CHEBI:32374,CHEBI,SYNONYM_MATCH,0,,
CHEBI:30753,p-Aminobenzoic acid,MAPPED,CHEBI:30753,CHEBI,EXACT_MATCH,1968,,
CHEBI:17879,p-Hydroxybenzoate,MAPPED,CHEBI:17879,CHEBI,EXACT_MATCH,2,,
cas:64309-00-8,p-lacto-N-neo-hexaose,MAPPED,cas:64309-00-8,CAS,FALLBACK_REGISTRY,0,,
cas:100037-69-2,PIPES sesquisodium salt,MAPPED,cas:100037-69-2,CAS,FALLBACK_REGISTRY,67,,
CHEBI:45863,Paclitaxel,MAPPED,CHEBI:45863,CHEBI,EXACT_MATCH,0,,
mesh:D010142,Pactamycin,MAPPED,mesh:D010142,MESH,EXACT_MATCH,0,,
CHEBI:69581,Paeonol,MAPPED,CHEBI:69581,CHEBI,EXACT_MATCH,0,,
cas:343336-76-5,palatinose hydrate,MAPPED,CHEBI:18394,CHEBI,CLOSE_MATCH,0,,
CHEBI:53434,Palladium(II) chloride,MAPPED,CHEBI:53434,CHEBI,EXACT_MATCH,0,,
CHEBI:16096,Palmatine,MAPPED,CHEBI:16096,CHEBI,EXACT_MATCH,0,,
cas:10605-02-4,Palmatine chloride,MAPPED,cas:10605-02-4,CAS,FALLBACK_REGISTRY,0,,
CHEBI:15756,Palmitic acid,MAPPED,CHEBI:15756,CHEBI,SYNONYM_MATCH,0,,
mesh:C024500,Pamamycin,MAPPED,mesh:C024500,MESH,EXACT_MATCH,0,,
CHEBI:16454,Pantothenate,MAPPED,CHEBI:16454,CHEBI,EXACT_MATCH,31,,
CHEBI:7916,Pantothenic acid,MAPPED,CHEBI:7916,CHEBI,EXACT_MATCH,109,,
CHEBI:27565,para-aminosalicylic acid,MAPPED,CHEBI:27565,CHEBI,EXACT_MATCH,0,,
CHEBI:74661,Parabanic Acid,MAPPED,CHEBI:74661,CHEBI,EXACT_MATCH,0,,
cas:7424-00-2,Parachlorophenylalanine,MAPPED,CHEBI:110187,CHEBI,SYNONYM_MATCH,0,,
CHEBI:28786,Paraquat dichloride,MAPPED,CHEBI:28786,CHEBI,EXACT_MATCH,0,,
CHEBI:7935,Paromomycin sulfate salt,MAPPED,CHEBI:7935,CHEBI,EXACT_MATCH,0,,
CHEBI:7939,Parthenolide,MAPPED,CHEBI:7939,CHEBI,EXACT_MATCH,0,,
kgmicrobe.ingredient:pasteurized_seawater,Pasteurized Seawater,MAPPED,ENVO:00002149,ENVO,CLOSE_MATCH,19,,
NCIT:C72056,Pea,MAPPED,NCIT:C72056,NCIT,EXACT_MATCH,2,,
CHEBI:17309,Pectin,MAPPED,CHEBI:17309,CHEBI,EXACT_MATCH,9,,
cas:133108-87-9,Pediocin,MAPPED,cas:133108-87-9,CAS,FALLBACK_REGISTRY,0,,
CHEBI:17334,Penicillin,MAPPED,CHEBI:17334,CHEBI,EXACT_MATCH,4,,
CHEBI:51765,Penicillin g,MAPPED,CHEBI:51765,CHEBI,EXACT_MATCH,0,,
CHEBI:17642,Pentachlorophenol,MAPPED,CHEBI:17642,CHEBI,EXACT_MATCH,0,,
cas:15091-98-2,Pentasodium tripolyphosphate hexahydrate,MAPPED,FOODON:03530244,FOODON,NARROW_MATCH,0,,
MICRO:0000178,Peptone,MAPPED,MICRO:0000178,MICRO,EXACT_MATCH,0,,
CHEBI:36999,Perillic Acid (-),MAPPED,CHEBI:36999,CHEBI,EXACT_MATCH,0,,
CHEBI:15420,Perillyl Alcohol,MAPPED,CHEBI:15420,CHEBI,EXACT_MATCH,0,,
CHEBI:25941,peroxynitrite,MAPPED,CHEBI:25941,CHEBI,EXACT_MATCH,0,,
cas:578-72-3,Peucenin,MAPPED,cas:578-72-3,CAS,FALLBACK_REGISTRY,0,,
CHEBI:62412,Phenazine-1-carboxylic acid,MAPPED,CHEBI:62412,CHEBI,EXACT_MATCH,0,,
cas:10510-77-7,Phenazine ethosulfate,MAPPED,cas:10510-77-7,CAS,FALLBACK_REGISTRY,0,,
CHEBI:8055,Phenazine methosulfate,MAPPED,CHEBI:8055,CHEBI,EXACT_MATCH,0,,
CHEBI:18397,2-phenylethylamine,MAPPED,CHEBI:18397,CHEBI,EXACT_MATCH,0,,
CHEBI:15882,Phenol,MAPPED,CHEBI:15882,CHEBI,EXACT_MATCH,5,,
CHEBI:31991,Phenol red,MAPPED,CHEBI:31991,CHEBI,EXACT_MATCH,96,,
CHEBI:8075,Phenoxyacetic acid,MAPPED,CHEBI:8075,CHEBI,EXACT_MATCH,0,,
CHEBI:30745,Phenyl acetic acid,MAPPED,CHEBI:30745,CHEBI,EXACT_MATCH,4,,
CHEBI:28631,Phenyl propionic acid,MAPPED,CHEBI:28631,CHEBI,EXACT_MATCH,4,,
CHEBI:51402,Phenylenediamine,MAPPED,CHEBI:51402,CHEBI,EXACT_MATCH,0,,
CHEBI:75044,Phleomycin,MAPPED,CHEBI:75044,CHEBI,EXACT_MATCH,0,,
CHEBI:17276,Phloretin,MAPPED,CHEBI:17276,CHEBI,EXACT_MATCH,0,,
CHEBI:8113,Phloridzin,MAPPED,CHEBI:8113,CHEBI,EXACT_MATCH,0,,
kgmicrobe.compound:phoslactomycin,Phoslactomycin,MAPPED,kgmicrobe.compound:phoslactomycin,kgmicrobe.compound,PLACEHOLDER,0,,
NCIT:C29321,Phosphate buffer,MAPPED,NCIT:C29321,NCIT,EXACT_MATCH,0,,
kgmicrobe.ingredient:phosphate_buffer_stock_solution,Phosphate Buffer Stock Solution,MAPPED,NCIT:C29321,NCIT,CLOSE_MATCH,1,,
cas:26016-99-9,Phosphomycin disodium salt,MAPPED,cas:26016-99-9,CAS,FALLBACK_REGISTRY,0,,
CHEBI:36361,phosphorous acid,MAPPED,CHEBI:36361,CHEBI,EXACT_MATCH,0,,
kgmicrobe.compound:phyllomycin,Phyllomycin,MAPPED,kgmicrobe.compound:phyllomycin,kgmicrobe.compound,PLACEHOLDER,0,,
CHEBI:38167,Physcion,MAPPED,CHEBI:38167,CHEBI,EXACT_MATCH,0,,
CHEBI:28747,Picolinic acid,MAPPED,CHEBI:28747,CHEBI,EXACT_MATCH,0,,
CHEBI:75251,Picropodophyllin,MAPPED,CHEBI:75251,CHEBI,EXACT_MATCH,0,,
CHEBI:8206,Picrotoxinin,MAPPED,CHEBI:8206,CHEBI,EXACT_MATCH,0,,
kgmicrobe.compound:piericidin,Piericidin,MAPPED,kgmicrobe.compound:piericidin,kgmicrobe.compound,PLACEHOLDER,0,,
CHEBI:30531,Pimelic acid,MAPPED,CHEBI:30531,CHEBI,EXACT_MATCH,0,,
CHEBI:8213,Pimpinellin,MAPPED,CHEBI:8213,CHEBI,EXACT_MATCH,0,,
CHEBI:17187,pinene,MAPPED,CHEBI:17187,CHEBI,EXACT_MATCH,0,,
CHEBI:8233,Piperacillin sodium salt,MAPPED,CHEBI:8233,CHEBI,EXACT_MATCH,0,,
cas:5285-18-7,Piperic acid,MAPPED,mesh:C017637,MESH,NARROW_MATCH,0,,
CHEBI:28821,Piperine,MAPPED,CHEBI:28821,CHEBI,EXACT_MATCH,0,,
CHEBI:39033,PIPES,MAPPED,CHEBI:39033,CHEBI,EXACT_MATCH,69,,
CHEBI:8241,Piplartine,MAPPED,CHEBI:8241,CHEBI,EXACT_MATCH,0,,
ENVO:06105101,Plastic,MAPPED,ENVO:06105101,ENVO,EXACT_MATCH,0,,
cas:13454-96-1,platinum (IV) chloride,MAPPED,cas:13454-96-1,CAS,FALLBACK_REGISTRY,0,,
mesh:C000633628,Plicacetin,MAPPED,mesh:C000633628,MESH,EXACT_MATCH,0,,
CHEBI:8273,Plumbagin,MAPPED,CHEBI:8273,CHEBI,EXACT_MATCH,0,,
mesh:C096638,Plumbemycin A,MAPPED,mesh:C096638,MESH,EXACT_MATCH,0,,
mesh:C096639,Plumbemycin B,MAPPED,mesh:C096639,MESH,EXACT_MATCH,0,,
kgmicrobe.compound:pluramycin_a,Pluramycin A,MAPPED,mesh:C003169,MESH,NARROW_MATCH,0,,
cas:29435-48-1,Poly(3-hydroxybutyric acid),MAPPED,CHEBI:20067,CHEBI,NARROW_MATCH,0,,
CHEBI:61490,poly(L-lysine) polymer,MAPPED,CHEBI:61490,CHEBI,EXACT_MATCH,0,,
CHEBI:53389,Poly(3-hydroxybutyrate),MAPPED,CHEBI:53389,CHEBI,EXACT_MATCH,2,,
CHEBI:61490,Poly L Lysine Polymer,REJECTED,CHEBI:61490,CHEBI,EXACT_MATCH,0,,
CHEBI:46793,Polyethylene glycol,MAPPED,CHEBI:46793,CHEBI,EXACT_MATCH,0,,
CHEBI:62969,polygalacturonic acid,MAPPED,CHEBI:62969,CHEBI,EXACT_MATCH,0,,
cas:9049-37-0,Polygalacturonic acid sodium salt,MAPPED,CHEBI:62969,CHEBI,NARROW_MATCH,0,,
CHEBI:8310,Polymyxin B sulfate,MAPPED,CHEBI:8310,CHEBI,EXACT_MATCH,7,,
FOODON:03315306,Polypeptone,MAPPED,FOODON:03315306,FOODON,CLOSE_MATCH,0,,
MICRO:0001238,Porcine serum,MAPPED,MICRO:0001238,MICRO,EXACT_MATCH,0,,
mesh:C038549,Porphyran,MAPPED,mesh:C038549,MESH,EXACT_MATCH,0,,
cas:37199-66-9,potassium (poly)sulfide,MAPPED,cas:37199-66-9,CAS,FALLBACK_REGISTRY,0,,
cas:138-84-1,Potassium 4-aminobenzoate,MAPPED,cas:138-84-1,CAS,FALLBACK_REGISTRY,0,,
cas:74978-20-4,Potassium aluminum chloride,MAPPED,NCIT:C83530,NCIT,NARROW_MATCH,2,,
cas:1030365-02-6,potassium citramalate monohydrate,MAPPED,CHEBI:15584,CHEBI,CLOSE_MATCH,0,,
CHEBI:53444,Potassium dichromate,MAPPED,CHEBI:53444,CHEBI,EXACT_MATCH,0,,
CHEBI:66872,potassium fluoride,MAPPED,CHEBI:66872,CHEBI,EXACT_MATCH,4,,
cas:12208-13-8,potassium hexahydroxoantimonate,MAPPED,cas:12208-13-8,CAS,FALLBACK_REGISTRY,0,,
cas:6487-48-5,Potassium oxalate monohydrate,MAPPED,NCIT:C87592,NCIT,NARROW_MATCH,0,,
kgmicrobe.ingredient:potassium_phosphate_buffer,Potassium phosphate buffer,MAPPED,NCIT:C29321,NCIT,CLOSE_MATCH,2,,
cas:16788-57-1,Potassium phosphate dibasic trihydrate,MAPPED,mesh:C013216,MESH,NARROW_MATCH,6,,
CHEBI:75248,potassium tellurate,MAPPED,CHEBI:75248,CHEBI,EXACT_MATCH,0,,
cas:314041-10-6,potassium tellurate hydrate,MAPPED,CHEBI:30463,CHEBI,CLOSE_MATCH,0,,
cas:123333-66-4,Potassium tellurite hydrate,MAPPED,CHEBI:75248,CHEBI,CLOSE_MATCH,0,,
FOODON:03302378,Potato flour,MAPPED,FOODON:03302378,FOODON,EXACT_MATCH,0,,
CHEBI:145933,Pravastatin lactone,MAPPED,CHEBI:145933,CHEBI,EXACT_MATCH,0,,
cas:15870-91-4,Prenyletin,MAPPED,cas:15870-91-4,CAS,FALLBACK_REGISTRY,0,,
cas:187235-37-6,Pretomanid,MAPPED,NCIT:C166606,NCIT,NARROW_MATCH,0,,
kgmicrobe.compound:primocarcin,Primocarcin,MAPPED,kgmicrobe.compound:primocarcin,kgmicrobe.compound,PLACEHOLDER,0,,
CHEBI:8431,Procaine hydrochloride,MAPPED,CHEBI:8431,CHEBI,EXACT_MATCH,0,,
CHEBI:26271,Proline,MAPPED,CHEBI:26271,CHEBI,EXACT_MATCH,21,,
CHEBI:28831,Propan-1-ol,MAPPED,CHEBI:28831,CHEBI,EXACT_MATCH,0,,
CHEBI:15725,Propandiamine,MAPPED,CHEBI:15725,CHEBI,EXACT_MATCH,0,,
CHEBI:51240,Propidium iodide,MAPPED,CHEBI:51240,CHEBI,EXACT_MATCH,0,,
CHEBI:30768,Propionic acid,MAPPED,CHEBI:30768,CHEBI,EXACT_MATCH,26,,
MICRO:0000180,Proteose Peptone,MAPPED,MICRO:0000180,MICRO,EXACT_MATCH,5,,
MICRO:0002393,Proteose peptone no. 2,MAPPED,MICRO:0002393,MICRO,EXACT_MATCH,0,,
CHEBI:50205,Protocatechualdehyde,MAPPED,CHEBI:50205,CHEBI,SYNONYM_MATCH,0,,
CHEBI:36062,Protocatechuic Acid,MAPPED,CHEBI:36062,CHEBI,SYNONYM_MATCH,0,,
CHEBI:15430,Protoporphyrin,MAPPED,CHEBI:15430,CHEBI,EXACT_MATCH,0,,
CHEBI:88937,Pterin-6-Carboxylic Acid,MAPPED,CHEBI:88937,CHEBI,SYNONYM_MATCH,0,,
CHEBI:8630,Pterostilbene,MAPPED,CHEBI:8630,CHEBI,EXACT_MATCH,0,,
CHEBI:27941,Pullulan,MAPPED,CHEBI:27941,CHEBI,EXACT_MATCH,2,,
CHEBI:8642,Puromycin dihydrochloride,MAPPED,CHEBI:8642,CHEBI,EXACT_MATCH,0,,
cas:37331-28-5,Pustulan (b-1-6 glucan),MAPPED,mesh:C002076,MESH,NARROW_MATCH,0,,
CHEBI:17148,Putrescine,MAPPED,CHEBI:17148,CHEBI,EXACT_MATCH,5,,
cas:333-93-7,Putrescine Dihydrochloride,MAPPED,CHEBI:201718,CHEBI,NARROW_MATCH,0,,
CHEBI:8653,Pyocyanin,MAPPED,CHEBI:8653,CHEBI,SYNONYM_MATCH,0,,
CHEBI:45285,Pyrazinamide,MAPPED,CHEBI:45285,CHEBI,SYNONYM_MATCH,0,,
CHEBI:131529,Pyridoxal hydrochloride,MAPPED,CHEBI:131529,CHEBI,EXACT_MATCH,18,,
CHEBI:18405,Pyridoxal phosphate,MAPPED,CHEBI:18405,CHEBI,EXACT_MATCH,7,,
CHEBI:16410,Pyridoxamine,MAPPED,CHEBI:16410,CHEBI,EXACT_MATCH,50,,
CHEBI:131532,Pyridoxamine Dihydrochloride,MAPPED,CHEBI:131532,CHEBI,EXACT_MATCH,8,,
CHEBI:131531,Pyridoxamine hydrochloride,MAPPED,CHEBI:131531,CHEBI,EXACT_MATCH,98,,
CHEBI:16709,Pyridoxine,MAPPED,CHEBI:16709,CHEBI,EXACT_MATCH,45,,
CHEBI:30961,Pyridoxine hydrochloride,MAPPED,CHEBI:30961,CHEBI,EXACT_MATCH,1942,,
CHEBI:8673,Pyrimethamine,MAPPED,CHEBI:8673,CHEBI,EXACT_MATCH,0,,
CHEBI:86471,Pyrite,MAPPED,CHEBI:86471,CHEBI,EXACT_MATCH,0,,
CHEBI:18135,Pyrocatechol,MAPPED,CHEBI:18135,CHEBI,SYNONYM_MATCH,4,,
CHEBI:16164,Pyrogallol,MAPPED,CHEBI:16164,CHEBI,EXACT_MATCH,0,,
CHEBI:36751,Pyrrole-2-carboxylic acid,MAPPED,CHEBI:36751,CHEBI,EXACT_MATCH,0,,
CHEBI:15361,Pyruvate,MAPPED,CHEBI:15361,CHEBI,EXACT_MATCH,26,,
CHEBI:32816,Pyruvic acid,MAPPED,CHEBI:32816,CHEBI,EXACT_MATCH,4,,
CHEBI:8692,Quassin,MAPPED,CHEBI:8692,CHEBI,EXACT_MATCH,0,,
CHEBI:111,Quebrachitol,MAPPED,CHEBI:111,CHEBI,EXACT_MATCH,0,,
CHEBI:16243,Quercetin,MAPPED,CHEBI:16243,CHEBI,EXACT_MATCH,0,,
CHEBI:26493,Quinic acid,MAPPED,CHEBI:26493,CHEBI,EXACT_MATCH,8,,
cas:6119-47-7,Quinine Hdrochloride,MAPPED,cas:6119-47-7,CAS,FALLBACK_REGISTRY,0,,
MICRO:0001229,Rabbit blood,MAPPED,MICRO:0001229,MICRO,EXACT_MATCH,0,,
MICRO:0002392,Rabbit serum,MAPPED,MICRO:0002392,MICRO,EXACT_MATCH,0,,
CHEBI:139272,rac-3-Hydroxypentanoic Acid,MAPPED,CHEBI:139272,CHEBI,EXACT_MATCH,0,,
kgmicrobe.compound:racemomycin_e,Racemomycin E,MAPPED,mesh:C019594,MESH,NARROW_MATCH,0,,
CHEBI:556075,Radicicol,MAPPED,CHEBI:556075,CHEBI,EXACT_MATCH,0,,
CHEBI:16634,Raffinose,MAPPED,CHEBI:16634,CHEBI,EXACT_MATCH,6,,
CHEBI:29670,Ramoplanin,MAPPED,CHEBI:29670,CHEBI,EXACT_MATCH,0,,
CHEBI:8806,Resazurin,MAPPED,CHEBI:8806,CHEBI,EXACT_MATCH,1309,,
CHEBI:27881,Resveratrol,MAPPED,CHEBI:27881,CHEBI,EXACT_MATCH,0,,
cas:39280-21-2,Rhamnogalacturonan from soy bean pectic fibre,MAPPED,cas:39280-21-2,CAS,FALLBACK_REGISTRY,0,,
cas:39280-21-2,Rhamnogalacturonan I from potato pectic fiber,MAPPED,cas:39280-21-2,CAS,FALLBACK_REGISTRY,0,,
CHEBI:62570,Rhamnolipid,MAPPED,CHEBI:62570,CHEBI,EXACT_MATCH,0,,
cas:141-11-7,Rhodinyl Acetate,MAPPED,cas:141-11-7,CAS,FALLBACK_REGISTRY,0,,
CHEBI:144215,Rhodocladonic Acid,MAPPED,CHEBI:144215,CHEBI,EXACT_MATCH,0,,
kgmicrobe.compound:rhodomycin_a,Rhodomycin A,MAPPED,mesh:C004977,MESH,NARROW_MATCH,0,,
CHEBI:17015,Riboflavin,MAPPED,CHEBI:17015,CHEBI,EXACT_MATCH,1837,,
kgmicrobe.ingredient:ribonucleic_acid_from_torula_yeast_type_vi,Ribonucleic acid from torula yeast type VI,MAPPED,CHEBI:33697,CHEBI,NARROW_MATCH,0,,
CHEBI:33942,Ribose,MAPPED,CHEBI:33942,CHEBI,EXACT_MATCH,4,,
CHEBI:28077,Rifampicin,MAPPED,CHEBI:28077,CHEBI,EXACT_MATCH,2,,
kgmicrobe.compound:ristocetin_b,Ristocetin B,MAPPED,CHEBI:85129,CHEBI,NARROW_MATCH,0,,
cas:5307-59-5,Robustic Acid,MAPPED,mesh:C105206,MESH,NARROW_MATCH,0,,
CHEBI:144218,Roccellic Acid,MAPPED,CHEBI:144218,CHEBI,EXACT_MATCH,0,,
FOODON:03307110,Rolled oats,MAPPED,FOODON:03307110,FOODON,EXACT_MATCH,0,,
CHEBI:72346,Roseoflavin,MAPPED,CHEBI:72346,CHEBI,EXACT_MATCH,0,,
CHEBI:17226,Rosmarinic acid,MAPPED,CHEBI:17226,CHEBI,EXACT_MATCH,0,,
CHEBI:77249,Rosuvastatin calcium,MAPPED,CHEBI:77249,CHEBI,EXACT_MATCH,0,,
CHEBI:28201,Rotenone,MAPPED,CHEBI:28201,CHEBI,EXACT_MATCH,0,,
CHEBI:78672,rubidium chloride,MAPPED,CHEBI:78672,CHEBI,EXACT_MATCH,0,,
CHEBI:223718,rubradirin,MAPPED,CHEBI:223718,CHEBI,EXACT_MATCH,0,,
cas:21288-61-9,Rutilantinone,MAPPED,cas:21288-61-9,CAS,FALLBACK_REGISTRY,0,,
CHEBI:28527,Rutin,MAPPED,CHEBI:28527,CHEBI,EXACT_MATCH,0,,
CHEBI:6000,S-Isocorydine (),MAPPED,CHEBI:6000,CHEBI,EXACT_MATCH,0,,
cas:9789-92-0,S-adenosyl Homocysteine,MAPPED,cas:9789-92-0,CAS,FALLBACK_REGISTRY,0,,
CHEBI:32111,Saccharin,MAPPED,CHEBI:32111,CHEBI,EXACT_MATCH,0,,
CHEBI:8994,Safrole,MAPPED,CHEBI:8994,CHEBI,EXACT_MATCH,0,,
CHEBI:16914,Salicylic acid,MAPPED,CHEBI:16914,CHEBI,EXACT_MATCH,0,,
CHEBI:9009,Salidroside,MAPPED,CHEBI:9009,CHEBI,EXACT_MATCH,0,,
CHEBI:112,Salsoline,MAPPED,CHEBI:112,CHEBI,EXACT_MATCH,0,,
ENVO:00002010,Salt water,MAPPED,ENVO:00002010,ENVO,EXACT_MATCH,0,,
CHEBI:67900,Salvinorin A,MAPPED,CHEBI:67900,CHEBI,EXACT_MATCH,0,,
kgmicrobe.compound:sarcidin,Sarcidin,MAPPED,kgmicrobe.compound:sarcidin,kgmicrobe.compound,PLACEHOLDER,0,,
CHEBI:15611,sarcosine,MAPPED,CHEBI:15611,CHEBI,EXACT_MATCH,0,,
cas:564-20-5,Sclareolide,MAPPED,mesh:C109395,MESH,NARROW_MATCH,0,,
CHEBI:17488,Scopoletin,MAPPED,CHEBI:17488,CHEBI,EXACT_MATCH,0,,
ENVO:00002149,Sea water,REJECTED,ENVO:00002149,ENVO,EXACT_MATCH,0,,
ENVO:00002149,Seawater,MAPPED,ENVO:00002149,ENVO,EXACT_MATCH,4,,
CHEBI:41865,Sebacic acid,MAPPED,CHEBI:41865,CHEBI,EXACT_MATCH,0,,
CHEBI:75494,Serine hydroxamate,MAPPED,CHEBI:75494,CHEBI,EXACT_MATCH,0,,
CHEBI:28790,Serotonin,MAPPED,CHEBI:28790,CHEBI,EXACT_MATCH,0,,
UBERON:0001977,Serum,MAPPED,UBERON:0001977,UBERON,EXACT_MATCH,0,,
mesh:C032953,Setamycin,MAPPED,mesh:C032953,MESH,EXACT_MATCH,0,,
CHEBI:16119,Shikimic Acid,MAPPED,CHEBI:16119,CHEBI,CAS_RN_LOOKUP,10,,
CHEBI:89919,Sialyllacto-N-tetraose a,MAPPED,CHEBI:89919,CHEBI,EXACT_MATCH,0,,
CHEBI:89905,Sialyllacto-N-tetraose c,MAPPED,CHEBI:89905,CHEBI,EXACT_MATCH,0,,
cas:100789-83-1,Sialyllacto-N-tetraose d,MAPPED,cas:100789-83-1,CAS,FALLBACK_REGISTRY,0,,
CHEBI:26672,Siderophore,MAPPED,CHEBI:26672,CHEBI,EXACT_MATCH,0,,
CHEBI:9144,Silibinin,MAPPED,CHEBI:9144,CHEBI,EXACT_MATCH,0,,
CHEBI:30341,silver chloride,MAPPED,CHEBI:30341,CHEBI,SYNONYM_MATCH,0,,
cas:10294-26-5,silver sulfate,MAPPED,cas:10294-26-5,CAS,FALLBACK_REGISTRY,0,,
CHEBI:9150,Simvastatin,MAPPED,CHEBI:9150,CHEBI,EXACT_MATCH,0,,
cas:139893-43-9,Simvastatin Hydroxy Acid Ammonium Salt,MAPPED,CHEBI:169041,CHEBI,NARROW_MATCH,0,,
CHEBI:77131,sinapic acid,MAPPED,CHEBI:77131,CHEBI,EXACT_MATCH,0,,
CHEBI:27949,sinapinaldehyde,MAPPED,CHEBI:27949,CHEBI,EXACT_MATCH,0,,
CHEBI:9163,Sinomenine,MAPPED,CHEBI:9163,CHEBI,EXACT_MATCH,0,,
CHEBI:30563,SiO2,MAPPED,CHEBI:30563,CHEBI,EXACT_MATCH,4,,
cas:53179-09-2,Sisomicin sulfate salt,MAPPED,CHEBI:35175,CHEBI,NARROW_MATCH,0,,
FOODON:03301484,Skimmed milk,MAPPED,FOODON:03301484,FOODON,EXACT_MATCH,0,,
ENVO:00002044,Sludge,MAPPED,ENVO:00002044,ENVO,EXACT_MATCH,0,,
cas:29849-82-9,sn-Glycerol 3-phosphate bis(cyclohexylammonium) salt,MAPPED,CHEBI:15978,CHEBI,NARROW_MATCH,0,,
cas:17989-41-2,sn-Glycerol 3-phosphate lithium salt,MAPPED,CHEBI:15978,CHEBI,NARROW_MATCH,0,,
CHEBI:78074,SnCl2 x 2 H2O,MAPPED,CHEBI:78074,CHEBI,EXACT_MATCH,4,,
cas:4263-52-9,Sodium 2-bromoethanesulfonate,MAPPED,cas:4263-52-9,CAS,FALLBACK_REGISTRY,0,,
CHEBI:31824,Sodium 2-mercaptoethanesulfonate,MAPPED,CHEBI:31824,CHEBI,EXACT_MATCH,0,,
CHEBI:113449,Sodium 4-Hydroxybenzoate,MAPPED,CHEBI:113449,CHEBI,EXACT_MATCH,0,,
CHEBI:32954,Sodium acetate,MAPPED,CHEBI:32954,CHEBI,EXACT_MATCH,3,,
CHEBI:32138,Sodium acetate·3H2O,REJECTED,CHEBI:32138,CHEBI,NARROW_MATCH,0,,
CHEBI:32138,Sodium acetate trihydrate,MAPPED,CHEBI:32138,CHEBI,EXACT_MATCH,8,,
cas:7486-38-6,Sodium adipate,MAPPED,FOODON:03413240,FOODON,NARROW_MATCH,0,,
CHEBI:53311,Sodium alginate,MAPPED,CHEBI:53311,CHEBI,EXACT_MATCH,3,,
cas:15432-85-6,Sodium antimonate,MAPPED,mesh:C034426,MESH,NARROW_MATCH,0,,
CHEBI:278547,Sodium azide,MAPPED,CHEBI:278547,CHEBI,EXACT_MATCH,0,,
CHEBI:132089,Sodium beta-glycerophosphate,MAPPED,CHEBI:132089,CHEBI,EXACT_MATCH,14,,
CHEBI:75229,Sodium bromate,MAPPED,CHEBI:75229,CHEBI,EXACT_MATCH,0,,
cas:5968-11-6,sodium carbonate monohydrate,MAPPED,CHEBI:29377,CHEBI,CLOSE_MATCH,0,,
CHEBI:29377,Sodium carbonate solution,MAPPED,CHEBI:29377,CHEBI,LEXICAL_MATCH,0,,
CHEBI:78667,Sodium Chlorite,MAPPED,CHEBI:78667,CHEBI,EXACT_MATCH,0,,
cas:206986-87-0,Sodium cholate hydrate,MAPPED,CHEBI:26711,CHEBI,CLOSE_MATCH,0,,
CHEBI:78671,Sodium Chromate,MAPPED,CHEBI:78671,CHEBI,EXACT_MATCH,0,,
CHEBI:32142,Sodium Citrate,REJECTED,CHEBI:32142,CHEBI,EXACT_MATCH,0,,
CHEBI:33192,Sodium cyanide,MAPPED,CHEBI:33192,CHEBI,EXACT_MATCH,0,,
cas:920-49-0,Sodium D-Lactate,MAPPED,cas:920-49-0,CAS,FALLBACK_REGISTRY,1,,
CHEBI:9177,sodium Deoxycholate,MAPPED,CHEBI:9177,CHEBI,EXACT_MATCH,0,,
cas:145224-92-6,Sodium deoxycholate monohydrate,MAPPED,CHEBI:9177,CHEBI,CLOSE_MATCH,0,,
CHEBI:66870,Sodium dithionite,MAPPED,CHEBI:66870,CHEBI,EXACT_MATCH,36,,
CHEBI:8984,Sodium Dodecyl Sulfate,MAPPED,CHEBI:8984,CHEBI,EXACT_MATCH,0,,
cas:546-74-7,Sodium ethyl sulfate,MAPPED,cas:546-74-7,CAS,FALLBACK_REGISTRY,0,,
CHEBI:78292,Sodium ferric EDTA,MAPPED,CHEBI:78292,CHEBI,EXACT_MATCH,0,,
CHEBI:114954,Sodium ferulate,MAPPED,CHEBI:114954,CHEBI,EXACT_MATCH,0,,
CHEBI:38699,Sodium Fluoroacetate,MAPPED,CHEBI:38699,CHEBI,EXACT_MATCH,0,,
CHEBI:86431,Sodium Fluorophosphate,MAPPED,CHEBI:86431,CHEBI,EXACT_MATCH,0,,
CHEBI:84997,Sodium gluconate,MAPPED,CHEBI:84997,CHEBI,EXACT_MATCH,15,,
CHEBI:232425,Sodium glutamate monohydrate,MAPPED,CHEBI:232425,CHEBI,EXACT_MATCH,11,,
CHEBI:32146,Sodium hypochlorite,MAPPED,CHEBI:32146,CHEBI,EXACT_MATCH,0,,
cas:10039-56-2,Sodium hypophosphite monohydrate,MAPPED,CHEBI:234148,CHEBI,CLOSE_MATCH,0,,
CHEBI:81708,sodium iodate,MAPPED,CHEBI:81708,CHEBI,EXACT_MATCH,0,,
CHEBI:33167,sodium iodide,MAPPED,CHEBI:33167,CHEBI,EXACT_MATCH,0,,
CHEBI:234594,Sodium iodoacetate,MAPPED,CHEBI:234594,CHEBI,EXACT_MATCH,0,,
cas:1562-00-1,sodium isethionate,MAPPED,cas:1562-00-1,CAS,FALLBACK_REGISTRY,0,,
CHEBI:232798,Sodium L-lactate,REJECTED,CHEBI:232798,CHEBI,EXACT_MATCH,0,,
CHEBI:75228,Sodium lactate,MAPPED,CHEBI:75228,CHEBI,EXACT_MATCH,191,,
CHEBI:29678,Sodium m-arsenite,MAPPED,CHEBI:29678,CHEBI,EXACT_MATCH,0,,
CHEBI:91261,Sodium malate,MAPPED,CHEBI:91261,CHEBI,EXACT_MATCH,50,,
CHEBI:91263,Sodium maleate,MAPPED,CHEBI:91263,CHEBI,EXACT_MATCH,2,,
mesh:C025349,Sodium Metasilicate,MAPPED,mesh:C025349,MESH,EXACT_MATCH,1,,
mesh:C025349,Sodium metasilicate (silicate for diatom frustules),REJECTED,mesh:C025349,MESH,LEXICAL_MATCH,0,,
cas:2386-57-4,Sodium methanesulfonate,MAPPED,cas:2386-57-4,CAS,FALLBACK_REGISTRY,0,,
kgmicrobe.ingredient:sodium_nitrate_~28070_m_stock~29,Sodium nitrate (0.70 M stock),MAPPED,CHEBI:63005,CHEBI,NARROW_MATCH,0,,
CHEBI:63005,Sodium nitrate (nitrogen source),REJECTED,CHEBI:63005,CHEBI,EXACT_MATCH,0,,
CHEBI:132100,Sodium octanoate,MAPPED,CHEBI:132100,CHEBI,EXACT_MATCH,3,,
CHEBI:81860,Sodium oleate,MAPPED,CHEBI:81860,CHEBI,EXACT_MATCH,2,,
CHEBI:234557,Sodium palmitate,MAPPED,CHEBI:234557,CHEBI,EXACT_MATCH,2,,
CHEBI:132103,Sodium perchlorate,MAPPED,CHEBI:132103,CHEBI,EXACT_MATCH,2,,
cas:7791-07-3,Sodium perchlorate monohydrate,MAPPED,CHEBI:132103,CHEBI,CLOSE_MATCH,2,,
CHEBI:75226,Sodium periodate,MAPPED,CHEBI:75226,CHEBI,EXACT_MATCH,0,,
cas:7775-27-1,Sodium Persulfate,MAPPED,mesh:C024625,MESH,NARROW_MATCH,0,,
kgmicrobe.ingredient:sodium_phosphate_buffer,Sodium phosphate buffer,MAPPED,NCIT:C29321,NCIT,CLOSE_MATCH,0,,
CHEBI:37583,Sodium phosphate dibasic,MAPPED,CHEBI:37583,CHEBI,EXACT_MATCH,10,,
cas:13517-23-2,Sodium phosphite dibasic pentahydrate,MAPPED,CHEBI:36361,CHEBI,CLOSE_MATCH,0,,
kgmicrobe.ingredient:sodium_potassium_phosphate_buffer,Sodium Potassium phosphate buffer,MAPPED,NCIT:C29321,NCIT,CLOSE_MATCH,0,,
CHEBI:71240,Sodium pyrophosphate,MAPPED,CHEBI:71240,CHEBI,EXACT_MATCH,2,,
cas:7758-16-9,Sodium pyrophosphate dibasic,MAPPED,NCIT:C77500,NCIT,NARROW_MATCH,0,,
CHEBI:9180,Sodium salicylate,MAPPED,CHEBI:9180,CHEBI,EXACT_MATCH,0,,
CHEBI:63675,Sodium succinate,MAPPED,CHEBI:63675,CHEBI,SYNONYM_MATCH,145,,
CHEBI:63017,Sodium tartrate,MAPPED,CHEBI:63017,CHEBI,EXACT_MATCH,20,,
cas:10489-48-2,Sodium thiophosphate tribasic hydrate,MAPPED,CHEBI:46612,CHEBI,CLOSE_MATCH,0,,
CHEBI:32150,Sodium Thiosulfate Pentahydrate,MAPPED,CHEBI:32150,CHEBI,EXACT_MATCH,3,,
CHEBI:114249,Sodium phosphate monobasic monohydrate,MAPPED,CHEBI:114249,CHEBI,CAS_RN_LOOKUP,46,,
CHEBI:63686,Sodium succinate dibasic hexahydrate,MAPPED,CHEBI:63686,CHEBI,CAS_RN_LOOKUP,11,,
ENVO:00001998,Soil,MAPPED,ENVO:00001998,ENVO,EXACT_MATCH,0,,
MICRO:0000457,Soil extract,MAPPED,MICRO:0000457,MICRO,EXACT_MATCH,0,,
CHEBI:26718,Solanesol,MAPPED,CHEBI:26718,CHEBI,EXACT_MATCH,0,,
CHEBI:30911,Sorbitol,MAPPED,CHEBI:30911,CHEBI,EXACT_MATCH,15,,
CHEBI:61117,Sorgoleone,MAPPED,CHEBI:61117,CHEBI,EXACT_MATCH,0,,
FOODON:03302142,Soy flour,MAPPED,FOODON:03302142,FOODON,EXACT_MATCH,0,,
FOODON:03315720,Soy peptone,MAPPED,FOODON:03315720,FOODON,CLOSE_MATCH,47,,
FOODON:03315720,Soya peptone,MAPPED,FOODON:03315720,FOODON,CLOSE_MATCH,4,,
kgmicrobe.ingredient:soyton,Soyton,MAPPED,kgmicrobe.ingredient:soyton,kgmicrobe.ingredient,PLACEHOLDER,0,,
cas:520-43-4,Sparassol,MAPPED,cas:520-43-4,CAS,FALLBACK_REGISTRY,0,,
CHEBI:9217,Spectinomycin dihydrochloride pentahydrate,MAPPED,CHEBI:9217,CHEBI,EXACT_MATCH,0,,
CHEBI:233088,Spermidine trihydrochloride,MAPPED,CHEBI:233088,CHEBI,EXACT_MATCH,0,,
CHEBI:81486,Sphondin,MAPPED,CHEBI:81486,CHEBI,EXACT_MATCH,0,,
cas:8025-81-8,Spiramycin,MAPPED,NCIT:C839,NCIT,NARROW_MATCH,0,,
mesh:C003339,Sporangiomycin,MAPPED,mesh:C003339,MESH,EXACT_MATCH,0,,
CHEBI:36383,SrCl2,MAPPED,CHEBI:36383,CHEBI,EXACT_MATCH,214,,
CHEBI:36385,SrCl2 x 6 H2O,MAPPED,CHEBI:36385,CHEBI,EXACT_MATCH,143,,
CHEBI:17164,Stachyose - 70%,MAPPED,CHEBI:17164,CHEBI,EXACT_MATCH,0,,
cas:54261-98-2,Stachyose hydrate,MAPPED,CHEBI:17164,CHEBI,CLOSE_MATCH,0,,
CHEBI:41958,Stallimycin,MAPPED,CHEBI:41958,CHEBI,EXACT_MATCH,0,,
NCIT:C1295,Staphylomycin M1,MAPPED,NCIT:C1295,NCIT,EXACT_MATCH,0,,
CHEBI:28017,Starch,MAPPED,CHEBI:28017,CHEBI,EXACT_MATCH,424,,
CHEBI:28842,Stearic acid,MAPPED,CHEBI:28842,CHEBI,EXACT_MATCH,4,,
NCIT:C152426,Steffimycin,MAPPED,NCIT:C152426,NCIT,EXACT_MATCH,0,,
CHEBI:32158,Streptomycin sulfate salt,MAPPED,CHEBI:32158,CHEBI,EXACT_MATCH,0,,
CHEBI:9287,Streptonigrin,MAPPED,CHEBI:9287,CHEBI,EXACT_MATCH,0,,
CHEBI:233239,Strychnine Sulfate,MAPPED,CHEBI:233239,CHEBI,EXACT_MATCH,0,,
CHEBI:9300,Suberic acid,MAPPED,CHEBI:9300,CHEBI,EXACT_MATCH,0,,
NCIT:C120264,Substrate,MAPPED,NCIT:C120264,NCIT,EXACT_MATCH,0,,
CHEBI:26806,Succinate,MAPPED,CHEBI:26806,CHEBI,EXACT_MATCH,18,,
CHEBI:15741,Succinic acid,MAPPED,CHEBI:15741,CHEBI,EXACT_MATCH,25,,
cas:36064-19-4,Sucrose-6-monophosphate dipotassium salt,MAPPED,cas:36064-19-4,CAS,FALLBACK_REGISTRY,0,,
CHEBI:17992,Sucrose,MAPPED,CHEBI:17992,CHEBI,EXACT_MATCH,152,,
NCIT:C71939,Sugar,MAPPED,NCIT:C71939,NCIT,EXACT_MATCH,0,,
FOODON:00003412,Sugar beet molasses,MAPPED,FOODON:00003412,FOODON,LEXICAL_MATCH,0,,
cas:1981-58-4,Sulfamethazine sodium salt,MAPPED,CHEBI:102265,CHEBI,NARROW_MATCH,0,,
CHEBI:9331,Sulfamethizole,MAPPED,CHEBI:9331,CHEBI,EXACT_MATCH,0,,
CHEBI:9332,Sulfamethoxazole,MAPPED,CHEBI:9332,CHEBI,EXACT_MATCH,0,,
CHEBI:32164,Sulfamonomethoxine,MAPPED,CHEBI:32164,CHEBI,EXACT_MATCH,0,,
CHEBI:45373,Sulfanilamide,MAPPED,CHEBI:45373,CHEBI,EXACT_MATCH,0,,
cas:59-40-5,Sulfaquinoxaline,MAPPED,CHEBI:94719,CHEBI,SYNONYM_MATCH,0,,
cas:967-80-6,Sulfaquinoxaline sodium salt,MAPPED,CHEBI:26714,CHEBI,NARROW_MATCH,0,,
CHEBI:9334,Sulfasalazine,MAPPED,CHEBI:9334,CHEBI,EXACT_MATCH,0,,
CHEBI:50519,Sulfoacetic acid,MAPPED,CHEBI:50519,CHEBI,EXACT_MATCH,0,,
CHEBI:26833,Sulfur,MAPPED,CHEBI:26833,CHEBI,EXACT_MATCH,225,,
CHEBI:26835,Sulfur compounds,MAPPED,CHEBI:26835,CHEBI,SYNONYM_MATCH,0,,
kgmicrobe.compound:sulfur_powder,Sulfur (powder),MAPPED,CHEBI:33403,CHEBI,NARROW_MATCH,95,,
CHEBI:17909,Sulphur,MAPPED,CHEBI:17909,CHEBI,EXACT_MATCH,5,,
cas:8001-21-6,Sunflower oil,MAPPED,NCIT:C1241,NCIT,NARROW_MATCH,0,,
kgmicrobe.ingredient:supplemented_seawater,Supplemented Seawater,MAPPED,ENVO:00002149,ENVO,CLOSE_MATCH,2,,
CHEBI:35195,Surfactant,MAPPED,CHEBI:35195,CHEBI,EXACT_MATCH,0,,
cas:168828-58-8,Sutezolid,MAPPED,NCIT:C152482,NCIT,NARROW_MATCH,0,,
cas:16589-24-5,Synephrine Tartrate,MAPPED,cas:16589-24-5,CAS,FALLBACK_REGISTRY,0,,
mesh:C003372,Synergistin A,MAPPED,mesh:C003372,MESH,EXACT_MATCH,0,,
CHEBI:67380,syringaldehyde,MAPPED,CHEBI:67380,CHEBI,EXACT_MATCH,0,,
CHEBI:68329,Syringic Acid,MAPPED,CHEBI:68329,CHEBI,EXACT_MATCH,0,,
cas:91000-53-2,TAPS sodium salt,MAPPED,CHEBI:191055,CHEBI,NARROW_MATCH,6,,
CHEBI:9400,Tangeritin,MAPPED,CHEBI:9400,CHEBI,SYNONYM_MATCH,0,,
CHEBI:75211,tannic acid,MAPPED,CHEBI:75211,CHEBI,EXACT_MATCH,0,,
cas:39300-88-4,Tara gum,MAPPED,FOODON:03413299,FOODON,NARROW_MATCH,0,,
CHEBI:15891,Taurine,MAPPED,CHEBI:15891,CHEBI,EXACT_MATCH,1,,
CHEBI:181226,Taurocholic acid sodium salt hydrate,MAPPED,CHEBI:181226,CHEBI,EXACT_MATCH,0,,
cas:2451-01-6,Terpene hydrate,MAPPED,CHEBI:134806,CHEBI,CLOSE_MATCH,0,,
kgmicrobe.compound:tertiomycin_a,Tertiomycin A,MAPPED,kgmicrobe.compound:tertiomycin_a,kgmicrobe.compound,PLACEHOLDER,0,,
kgmicrobe.compound:tertiomycin_b,Tertiomycin B,MAPPED,kgmicrobe.compound:tertiomycin_b,kgmicrobe.compound,PLACEHOLDER,0,,
CHEBI:39035,TES,MAPPED,CHEBI:39035,CHEBI,EXACT_MATCH,11,,
CHEBI:17300,Tetrachloroethene,MAPPED,CHEBI:17300,CHEBI,EXACT_MATCH,8,,
CHEBI:27902,Tetracycline,MAPPED,CHEBI:27902,CHEBI,EXACT_MATCH,1,,
CHEBI:35006,Tetracycline hydrochloride,MAPPED,CHEBI:35006,CHEBI,EXACT_MATCH,0,,
cas:55566-30-8,Tetrakis(hydroxymethyl)phosphonium sulfate,MAPPED,cas:55566-30-8,CAS,FALLBACK_REGISTRY,0,,
CHEBI:46020,Tetramethyl ammonium,MAPPED,CHEBI:46020,CHEBI,EXACT_MATCH,3,,
kgmicrobe.compound:tetramethyl_ammonium_chloride,Tetramethyl ammonium chloride,MAPPED,CHEBI:46020,CHEBI,CLOSE_MATCH,0,,
CHEBI:49,Tetrandrine,MAPPED,CHEBI:49,CHEBI,EXACT_MATCH,0,,
CHEBI:75193,Tetrazolium violet,MAPPED,CHEBI:75193,CHEBI,EXACT_MATCH,0,,
CHEBI:75192,Thallium(I) acetate,MAPPED,CHEBI:75192,CHEBI,EXACT_MATCH,0,,
CHEBI:136609,Theaflavin,MAPPED,CHEBI:136609,CHEBI,EXACT_MATCH,0,,
cas:30462-35-2,Theaflavin Digallate,MAPPED,CHEBI:185495,CHEBI,NARROW_MATCH,0,,
CHEBI:28946,Theobromine,MAPPED,CHEBI:28946,CHEBI,EXACT_MATCH,0,,
CHEBI:28177,Theophylline,MAPPED,CHEBI:28177,CHEBI,EXACT_MATCH,0,,
CHEBI:45931,Thiamin pyrophosphate,MAPPED,CHEBI:45931,CHEBI,SYNONYM_MATCH,1,,
CHEBI:132751,Thiamine-HCl x 2 H2O,MAPPED,CHEBI:132751,CHEBI,EXACT_MATCH,579,,
CHEBI:18385,Thiamine,MAPPED,CHEBI:18385,CHEBI,SYNONYM_MATCH,136,,
CHEBI:49105,Thiamine HCl,MAPPED,CHEBI:49105,CHEBI,EXACT_MATCH,1647,,
CHEBI:9532,Thiamine pyrophosphate,MAPPED,CHEBI:9532,CHEBI,SYNONYM_MATCH,17,,
kgmicrobe.ingredient:thiamine_vitamin_solution,Thiamine Vitamin Solution,MAPPED,MICRO:0000460,MICRO,CLOSE_MATCH,14,,
CHEBI:30314,Thioctic acid,MAPPED,CHEBI:30314,CHEBI,EXACT_MATCH,30,,
CHEBI:47869,Thioglycolate,MAPPED,CHEBI:47869,CHEBI,SYNONYM_MATCH,4,,
CHEBI:48566,Thioridazine hydrochloride,MAPPED,CHEBI:48566,CHEBI,EXACT_MATCH,0,,
CHEBI:26977,Thiosulfate,MAPPED,CHEBI:26977,CHEBI,EXACT_MATCH,4,,
CHEBI:36946,Thiourea,MAPPED,CHEBI:36946,CHEBI,EXACT_MATCH,0,,
CHEBI:17748,Thymidine,MAPPED,CHEBI:17748,CHEBI,EXACT_MATCH,7,,
CHEBI:17821,Thymine,MAPPED,CHEBI:17821,CHEBI,EXACT_MATCH,11,,
CHEBI:113532,Thymoquinone,MAPPED,CHEBI:113532,CHEBI,EXACT_MATCH,0,,
mesh:C039460,TiCl3,MAPPED,mesh:C039460,MESH,EXACT_MATCH,0,,
CHEBI:44137,Tiamulin,MAPPED,CHEBI:44137,CHEBI,EXACT_MATCH,0,,
CHEBI:35017,Ticarcillin disodium salt,MAPPED,CHEBI:35017,CHEBI,EXACT_MATCH,0,,
cas:86482-18-0,Timentin,MAPPED,cas:86482-18-0,CAS,FALLBACK_REGISTRY,0,,
cas:79645-27-5,Tobramycin sulfate salt,MAPPED,CHEBI:35175,CHEBI,NARROW_MATCH,0,,
CHEBI:17578,Toluene,MAPPED,CHEBI:17578,CHEBI,EXACT_MATCH,10,,
cas:69004-03-1,Tomatidine Hydrochloride,MAPPED,CHEBI:9629,CHEBI,NARROW_MATCH,0,,
FOODON:03301454,Tomato juice,MAPPED,FOODON:03301454,FOODON,EXACT_MATCH,0,,
mesh:C069668,Toray silicone SH 5535,MAPPED,mesh:C069668,MESH,LEXICAL_MATCH,0,,
CHEBI:69241,Totarol,MAPPED,CHEBI:69241,CHEBI,EXACT_MATCH,0,,
NCIT:C896,Trace element solution,MAPPED,NCIT:C896,NCIT,LEXICAL_MATCH,0,,
NCIT:C896,Trace element solution SL-10,MAPPED,NCIT:C896,NCIT,LEXICAL_MATCH,0,,
kgmicrobe.ingredient:trace_element_solution_see_medium_no_187,Trace element solution see Medium No. 187,MAPPED,NCIT:C896,NCIT,CLOSE_MATCH,0,,
MICRO:0001349,Trace metal mix A5,MAPPED,MICRO:0001349,MICRO,EXACT_MATCH,7,,
CHEBI:38366,trans-2-Pentenoic acid,MAPPED,CHEBI:38366,CHEBI,SYNONYM_MATCH,0,,
CHEBI:9592,Trans-2-methyl-2-butenoic acid,MAPPED,CHEBI:9592,CHEBI,EXACT_MATCH,0,,
CHEBI:32806,trans-aconitic acid,MAPPED,CHEBI:32806,CHEBI,EXACT_MATCH,0,,
CHEBI:35697,trans-Cinnamic acid,MAPPED,CHEBI:35697,CHEBI,EXACT_MATCH,2,,
CHEBI:28600,"Trans,Trans-Farnesol",MAPPED,CHEBI:28600,CHEBI,EXACT_MATCH,0,,
kgmicrobe.compound:trans_styrylacetic_acid,Trans Styrylacetic Acid,MAPPED,kgmicrobe.compound:trans_styrylacetic_acid,kgmicrobe.compound,PLACEHOLDER,0,,
mesh:C498222,Transvalencin A,MAPPED,mesh:C498222,MESH,EXACT_MATCH,0,,
CHEBI:27082,Trehalose,MAPPED,CHEBI:27082,CHEBI,EXACT_MATCH,11,,
CHEBI:9678,Tribenuron-methyl,MAPPED,CHEBI:9678,CHEBI,EXACT_MATCH,0,,
CHEBI:9679,Tricalcium phosphate,MAPPED,CHEBI:9679,CHEBI,SYNONYM_MATCH,0,,
CHEBI:16602,Trichloroethylene,MAPPED,CHEBI:16602,CHEBI,EXACT_MATCH,1,,
CHEBI:46760,Tricine,MAPPED,CHEBI:46760,CHEBI,EXACT_MATCH,10,,
CHEBI:28621,Triethanolamine,MAPPED,CHEBI:28621,CHEBI,EXACT_MATCH,4,,
mesh:C009560,Trigonelline,MAPPED,mesh:C009560,MESH,EXACT_MATCH,2,,
CHEBI:229203,Trigonelline HCl,MAPPED,CHEBI:229203,CHEBI,CAS_RN_LOOKUP,10,,
CHEBI:45924,Trimethoprim,MAPPED,CHEBI:45924,CHEBI,EXACT_MATCH,0,,
CHEBI:15724,Trimethylamine-N-oxide,MAPPED,CHEBI:15724,CHEBI,EXACT_MATCH,0,,
CHEBI:64700,Trimethylamine-HCl,MAPPED,CHEBI:64700,CHEBI,EXACT_MATCH,43,,
CHEBI:18139,Trimethylamine,MAPPED,CHEBI:18139,CHEBI,EXACT_MATCH,2,,
CHEBI:27135,Trinitrotoluene,MAPPED,CHEBI:27135,CHEBI,EXACT_MATCH,0,,
CHEBI:9747,Triptolide,MAPPED,CHEBI:9747,CHEBI,EXACT_MATCH,0,,
CHEBI:66869,Tris Acetate Stock Solution,MAPPED,CHEBI:66869,CHEBI,LEXICAL_MATCH,1,,
CHEBI:9754,Tris base,MAPPED,CHEBI:9754,CHEBI,EXACT_MATCH,61,,
CHEBI:53258,Trisodium citrate,MAPPED,CHEBI:53258,CHEBI,EXACT_MATCH,215,,
CHEBI:32142,Trisodium citrate x 2 H2O,REJECTED,CHEBI:32142,CHEBI,NARROW_MATCH,0,,
mesh:C514290,Trisodium citrate x H2O,MAPPED,mesh:C514290,MESH,EXACT_MATCH,0,,
CHEBI:9750,Triton X-100,MAPPED,CHEBI:9750,CHEBI,EXACT_MATCH,0,,
CHEBI:16765,Tryptamine,MAPPED,CHEBI:16765,CHEBI,EXACT_MATCH,0,,
MICRO:0000175,Trypticase,MAPPED,MICRO:0000175,MICRO,CLOSE_MATCH,76,,
MICRO:0000175,Trypticase peptone,MAPPED,MICRO:0000175,MICRO,EXACT_MATCH,0,,
MICRO:0000182,Tryptone,MAPPED,MICRO:0000182,MICRO,EXACT_MATCH,6,,
CHEBI:27897,Tryptophan,MAPPED,CHEBI:27897,CHEBI,EXACT_MATCH,35,,
MICRO:0000183,Tryptose,MAPPED,MICRO:0000183,MICRO,EXACT_MATCH,0,,
mesh:C108556,Tuberactinamine A,MAPPED,mesh:C108556,MESH,EXACT_MATCH,0,,
mesh:C015563,Tuberactinomycin,MAPPED,mesh:C015563,MESH,EXACT_MATCH,0,,
CHEBI:46502,Tungstate,MAPPED,CHEBI:46502,CHEBI,EXACT_MATCH,2,,
CHEBI:29699,Tunicamycin,MAPPED,CHEBI:29699,CHEBI,EXACT_MATCH,0,,
mesh:D011136,Tween,MAPPED,mesh:D011136,MESH,EXACT_MATCH,0,,
CHEBI:53424,Tween 20,MAPPED,CHEBI:53424,CHEBI,SYNONYM_MATCH,2,,
CHEBI:53423,Tween 40,MAPPED,CHEBI:53423,CHEBI,EXACT_MATCH,3,,
CHEBI:53425,Tween 60,MAPPED,CHEBI:53425,CHEBI,SYNONYM_MATCH,4,,
CHEBI:53426,Tween 80,MAPPED,CHEBI:53426,CHEBI,EXACT_MATCH,229,,
CHEBI:141517,Tyloxapol,MAPPED,CHEBI:141517,CHEBI,EXACT_MATCH,2,,
CHEBI:77444,undecene,MAPPED,CHEBI:77444,CHEBI,SYNONYM_MATCH,0,,
CHEBI:17568,Uracil,MAPPED,CHEBI:17568,CHEBI,EXACT_MATCH,11,,
cas:541-09-3,Uranyl acetate,MAPPED,mesh:C005460,MESH,NARROW_MATCH,2,,
cas:6159-44-0,Uranyl Acetate Dihydrate,MAPPED,mesh:C005460,MESH,NARROW_MATCH,0,,
CHEBI:16199,Urea,MAPPED,CHEBI:16199,CHEBI,EXACT_MATCH,51,,
CHEBI:27226,Uric acid,MAPPED,CHEBI:27226,CHEBI,EXACT_MATCH,4,,
CHEBI:16704,Uridine,MAPPED,CHEBI:16704,CHEBI,CAS_RN_LOOKUP,14,,
cas:3387-36-8,Uridine 5-monophosphate disodium salt,MAPPED,cas:3387-36-8,CAS,FALLBACK_REGISTRY,0,,
cas:28290-51-9,Ursololactone Acetate,MAPPED,cas:28290-51-9,CAS,FALLBACK_REGISTRY,0,,
CHEBI:38319,Usnic Acid,MAPPED,CHEBI:38319,CHEBI,EXACT_MATCH,0,,
MICRO:0002250,V-8 Juice,MAPPED,MICRO:0002250,MICRO,EXACT_MATCH,0,,
CHEBI:17418,Valeric acid,MAPPED,CHEBI:17418,CHEBI,EXACT_MATCH,82,,
CHEBI:16545,Valerolactone,MAPPED,CHEBI:16545,CHEBI,EXACT_MATCH,0,,
cas:7718-98-1,vanadium chloride,MAPPED,cas:7718-98-1,CAS,FALLBACK_REGISTRY,19,,
CHEBI:9932,Vancomycin Hydrochloride from Streptomyces orientalis,MAPPED,CHEBI:9932,CHEBI,EXACT_MATCH,0,,
cas:123409-00-7,Vancomycin Hydrochloride Hydrate,MAPPED,CHEBI:9932,CHEBI,CLOSE_MATCH,0,,
CHEBI:30816,Vanillic Acid,MAPPED,CHEBI:30816,CHEBI,EXACT_MATCH,0,,
CHEBI:18346,Vanillin,MAPPED,CHEBI:18346,CHEBI,EXACT_MATCH,0,,
CHEBI:18353,Vanillyl Alcohol,MAPPED,CHEBI:18353,CHEBI,EXACT_MATCH,0,,
CHEBI:20106,vanillylmandelic acid,MAPPED,CHEBI:20106,CHEBI,EXACT_MATCH,0,,
mesh:C068160,Venturicidin B,MAPPED,mesh:C068160,MESH,EXACT_MATCH,0,,
CHEBI:296881,Veratric Acid,MAPPED,CHEBI:296881,CHEBI,SYNONYM_MATCH,0,,
cas:17666-25-0,Veratrine hydrochloride,MAPPED,cas:17666-25-0,CAS,FALLBACK_REGISTRY,0,,
CHEBI:28586,Verbascose,MAPPED,CHEBI:28586,CHEBI,EXACT_MATCH,0,,
kgmicrobe.ingredient:vermont_soil,Vermont Soil,MAPPED,ENVO:00001998,ENVO,NARROW_MATCH,1,,
CHEBI:10002,Visnagin,MAPPED,CHEBI:10002,CHEBI,EXACT_MATCH,0,,
CHEBI:176843,Vitamin B12,MAPPED,CHEBI:176843,CHEBI,EXACT_MATCH,2331,,
CHEBI:18067,Vitamin K1,MAPPED,CHEBI:18067,CHEBI,EXACT_MATCH,117,,
MICRO:0000460,Vitamin solution,MAPPED,MICRO:0000460,MICRO,EXACT_MATCH,0,,
kgmicrobe.ingredient:vitamin_solution_~28thermophilic_formulation~29,Vitamin solution (thermophilic formulation),MAPPED,MICRO:0000460,MICRO,CLOSE_MATCH,0,,
kgmicrobe.ingredient:vitamin_solution_see_medium_no_403,Vitamin solution see Medium No. 403,MAPPED,MICRO:0000460,MICRO,CLOSE_MATCH,0,,
CHEBI:87009,VOSO4 x 2 H2O,MAPPED,CHEBI:87009,CHEBI,EXACT_MATCH,65,,
CHEBI:132758,VOSO4 x 5 H2O,MAPPED,CHEBI:132758,CHEBI,EXACT_MATCH,12,,
CHEBI:87020,VOSO4 x n H2O,MAPPED,CHEBI:87020,CHEBI,SYNONYM_MATCH,32,,
mesh:C012306,Vulgamycin,MAPPED,mesh:C012306,MESH,EXACT_MATCH,0,,
CHEBI:144250,Vulpinic acid,MAPPED,CHEBI:144250,CHEBI,EXACT_MATCH,0,,
CHEBI:10033,Warfarin,MAPPED,CHEBI:10033,CHEBI,EXACT_MATCH,0,,
MICRO:0000455,WC Trace Elements Solution,MAPPED,MICRO:0000455,MICRO,LEXICAL_MATCH,2,,
CHEBI:28427,Wheat Arabinoxylan,MAPPED,CHEBI:28427,CHEBI,EXACT_MATCH,0,,
NCIT:C84877,White wine,MAPPED,NCIT:C84877,NCIT,EXACT_MATCH,0,,
cas:11138-66-2,Xanthan from Xanthomonas campestris,MAPPED,mesh:D016959,MESH,NARROW_MATCH,0,,
CHEBI:17712,Xanthine,MAPPED,CHEBI:17712,CHEBI,CAS_RN_LOOKUP,16,,
kgmicrobe.compound:xanthocidin,Xanthocidin,MAPPED,kgmicrobe.compound:xanthocidin,kgmicrobe.compound,PLACEHOLDER,0,,
CHEBI:18107,Xanthosine,MAPPED,CHEBI:18107,CHEBI,CAS_RN_LOOKUP,10,,
CHEBI:10073,Xanthyletin,MAPPED,CHEBI:10073,CHEBI,EXACT_MATCH,0,,
CHEBI:37166,Xylan,MAPPED,CHEBI:37166,CHEBI,EXACT_MATCH,20,,
CHEBI:15447,Xylan from Beechwood,MAPPED,CHEBI:15447,CHEBI,EXACT_MATCH,0,,
CHEBI:17151,Xylitol,MAPPED,CHEBI:17151,CHEBI,EXACT_MATCH,1,,
CHEBI:28309,Xylobiose,MAPPED,CHEBI:28309,CHEBI,EXACT_MATCH,0,,
cas:37294-28-3,Xyloglucan from tamarind,MAPPED,cas:37294-28-3,CAS,FALLBACK_REGISTRY,0,,
CHEBI:18222,Xylose,MAPPED,CHEBI:18222,CHEBI,EXACT_MATCH,17,,
CHEBI:62972,Xylotetraose,MAPPED,CHEBI:62972,CHEBI,EXACT_MATCH,0,,
CHEBI:149429,Xylotriose,MAPPED,CHEBI:149429,CHEBI,EXACT_MATCH,0,,
kgmicrobe.ingredient:yeast_extract_malt_extract_agar,Yeast extract-malt extract agar,MAPPED,FOODON:03301056,FOODON,CLOSE_MATCH,0,,
FOODON:03315426,Yeast extract,MAPPED,FOODON:03315426,FOODON,EXACT_MATCH,5,,
CHEBI:10100,Zafirlukast,MAPPED,CHEBI:10100,CHEBI,EXACT_MATCH,0,,
NCIT:C896,Zeikus trace element solution,MAPPED,NCIT:C896,NCIT,LEXICAL_MATCH,0,,
CHEBI:32076,Zinc Pyrithione,MAPPED,CHEBI:32076,CHEBI,EXACT_MATCH,0,,
CHEBI:35176,Zinc sulfate,MAPPED,CHEBI:35176,CHEBI,EXACT_MATCH,235,,
CHEBI:49976,ZnCl2,MAPPED,CHEBI:49976,CHEBI,EXACT_MATCH,1579,,
CHEBI:132762,ZnSO4 x 6 H2O,MAPPED,CHEBI:132762,CHEBI,EXACT_MATCH,2,,
CHEBI:32312,ZnSO4 x 7 H2O,MAPPED,CHEBI:32312,CHEBI,EXACT_MATCH,2150,,
cas:9010-72-4,Zymosan,MAPPED,NCIT:C183132,NCIT,NARROW_MATCH,0,,
CHEBI:16113,cholesterol,MAPPED,CHEBI:16113,CHEBI,EXACT_MATCH,1,,
CHEBI:41981,deuterated water,MAPPED,CHEBI:41981,CHEBI,CAS_RN_LOOKUP,1,,
CHEBI:17268,m-Inositol,REJECTED,CHEBI:17268,CHEBI,CAS_RN_LOOKUP,0,,
CHEBI:73685,n-Acetyl-glutamine,MAPPED,CHEBI:73685,CHEBI,CAS_RN_LOOKUP,10,,
CHEBI:35704,n-Acetyl-lysine,MAPPED,CHEBI:35704,CHEBI,CAS_RN_LOOKUP,10,,
CHEBI:47966,n-Acetyl-muramic acid,MAPPED,CHEBI:47966,CHEBI,CAS_RN_LOOKUP,10,,
CHEBI:16870,sn-glycero-3-phosphocholine,MAPPED,CHEBI:16870,CHEBI,CAS_RN_LOOKUP,10,,
CHEBI:16610,spermidine,MAPPED,CHEBI:16610,CHEBI,CAS_RN_LOOKUP,14,,
CHEBI:43796,α-lipoic acid,MAPPED,CHEBI:43796,CHEBI,EXACT_MATCH,4,,
cas:66455-27-4,α1-Acid Glycoprotein from bovine plasma,MAPPED,cas:66455-27-4,CAS,FALLBACK_REGISTRY,0,,
MICRO:0000182,Tryptone peptone,MAPPED,MICRO:0000182,MICRO,EXACT_MATCH,0,,
FOODON:03315720,Phytone,MAPPED,FOODON:03315720,FOODON,CLOSE_MATCH,0,,
FOODON:03315720,Soya pepton,MAPPED,FOODON:03315720,FOODON,CLOSE_MATCH,0,,
CHEBI:17521,(-)-quinic Acid,MAPPED,CHEBI:17521,CHEBI,EXACT_MATCH,0,,
CHEBI:17019,(R)-amygdalin,MAPPED,CHEBI:17019,CHEBI,EXACT_MATCH,0,,
CHEBI:16004,(R)-lactate,MAPPED,CHEBI:16004,CHEBI,EXACT_MATCH,0,,
CHEBI:30796,(R)-malic Acid,MAPPED,CHEBI:30796,CHEBI,EXACT_MATCH,0,,
CHEBI:6198,(S)-azetidine-2-carboxylic Acid,MAPPED,CHEBI:6198,CHEBI,EXACT_MATCH,0,,
CHEBI:32800,(S)-mandelic Acid,MAPPED,CHEBI:32800,CHEBI,EXACT_MATCH,0,,
CHEBI:35860,1-methylphenanthrene,MAPPED,CHEBI:35860,CHEBI,EXACT_MATCH,0,,
CHEBI:19475,2-aminopentanoic Acid,MAPPED,CHEBI:19475,CHEBI,EXACT_MATCH,0,,
CHEBI:16808,2-dehydro-D-gluconate,MAPPED,CHEBI:16808,CHEBI,EXACT_MATCH,0,,
CHEBI:64552,2-hydroxybutyrate,MAPPED,CHEBI:64552,CHEBI,EXACT_MATCH,0,,
CHEBI:91043,2-naphthyl Dihydrogen Phosphate,MAPPED,CHEBI:91043,CHEBI,EXACT_MATCH,0,,
CHEBI:90249,2-naphthyl Tetradecanoate,MAPPED,CHEBI:90249,CHEBI,EXACT_MATCH,0,,
CHEBI:16763,2-oxobutanoate,MAPPED,CHEBI:16763,CHEBI,EXACT_MATCH,0,,
CHEBI:28644,2-oxopentanoate,MAPPED,CHEBI:28644,CHEBI,EXACT_MATCH,0,,
CHEBI:87997,3-aminobutyrate,MAPPED,CHEBI:87997,CHEBI,EXACT_MATCH,0,,
CHEBI:85256,3-dehydro-D-gluconate,MAPPED,CHEBI:85256,CHEBI,EXACT_MATCH,0,,
CHEBI:16193,3-hydroxybenzoate,MAPPED,CHEBI:16193,CHEBI,EXACT_MATCH,0,,
CHEBI:37054,3-hydroxybutyrate,MAPPED,CHEBI:37054,CHEBI,EXACT_MATCH,0,,
CHEBI:59899,3-nitropropanoate,MAPPED,CHEBI:59899,CHEBI,EXACT_MATCH,0,,
CHEBI:51057,3-phenylpropionate,MAPPED,CHEBI:51057,CHEBI,EXACT_MATCH,0,,
CHEBI:223561,3-trehalosamine,MAPPED,CHEBI:223561,CHEBI,EXACT_MATCH,0,,
CHEBI:32373,4-coumarate,MAPPED,CHEBI:32373,CHEBI,EXACT_MATCH,0,,
CHEBI:18240,4-hydroxy-L-proline,MAPPED,CHEBI:18240,CHEBI,EXACT_MATCH,0,,
CHEBI:16724,4-hydroxybutyrate,MAPPED,CHEBI:16724,CHEBI,EXACT_MATCH,0,,
CHEBI:1904,4-methylumbelliferone Beta-d-glucuronide,MAPPED,CHEBI:1904,CHEBI,EXACT_MATCH,0,,
CHEBI:90128,4-nitrophenyl 6-O-phosphono-beta-D-galactoside,MAPPED,CHEBI:90128,CHEBI,EXACT_MATCH,0,,
CHEBI:90146,4-nitrophenyl Beta-D-glucuronide,MAPPED,CHEBI:90146,CHEBI,EXACT_MATCH,0,,
CHEBI:90343,4-nitrophenyl N-acetyl-beta-D-glucosaminide,MAPPED,CHEBI:90343,CHEBI,EXACT_MATCH,0,,
CHEBI:17440,4-nitrophenyl Phosphate,MAPPED,CHEBI:17440,CHEBI,EXACT_MATCH,0,,
CHEBI:39150,4-oxopentanoate,MAPPED,CHEBI:39150,CHEBI,EXACT_MATCH,0,,
CHEBI:37966,4h-pyran-4-one,MAPPED,CHEBI:37966,CHEBI,EXACT_MATCH,0,,
CHEBI:58143,5-dehydro-D-gluconate,MAPPED,CHEBI:58143,CHEBI,EXACT_MATCH,0,,
CHEBI:16010,5-oxoproline,MAPPED,CHEBI:16010,CHEBI,EXACT_MATCH,0,,
CHEBI:63486,8-azaguanine,MAPPED,CHEBI:63486,CHEBI,EXACT_MATCH,0,,
CHEBI:210557,Abikoviromycin,MAPPED,CHEBI:210557,CHEBI,EXACT_MATCH,0,,
CHEBI:27856,Acetamide,MAPPED,CHEBI:27856,CHEBI,EXACT_MATCH,0,,
CHEBI:13705,Acetoacetate,MAPPED,CHEBI:13705,CHEBI,EXACT_MATCH,0,,
CHEBI:15688,Acetoin,MAPPED,CHEBI:15688,CHEBI,EXACT_MATCH,0,,
CHEBI:209246,Acetomycin,MAPPED,CHEBI:209246,CHEBI,EXACT_MATCH,0,,
CHEBI:27518,Acetylene,MAPPED,CHEBI:27518,CHEBI,EXACT_MATCH,0,,
CHEBI:16027,Adenosine 5'-monophosphate,MAPPED,CHEBI:16027,CHEBI,EXACT_MATCH,0,,
CHEBI:222816,Alazopeptin,MAPPED,CHEBI:222816,CHEBI,EXACT_MATCH,0,,
CHEBI:58187,Alginate,MAPPED,CHEBI:58187,CHEBI,EXACT_MATCH,0,,
CHEBI:17665,Alpha-D-glucose 6-phosphate,MAPPED,CHEBI:17665,CHEBI,EXACT_MATCH,0,,
CHEBI:86508,Alpha-aminobutyrate,MAPPED,CHEBI:86508,CHEBI,EXACT_MATCH,0,,
CHEBI:157683,Althiomycin,MAPPED,CHEBI:157683,CHEBI,EXACT_MATCH,0,,
CHEBI:216618,Amicoumacin B,MAPPED,CHEBI:216618,CHEBI,EXACT_MATCH,0,,
CHEBI:2637,Amikacin,MAPPED,CHEBI:2637,CHEBI,EXACT_MATCH,0,,
CHEBI:33709,Amino Acid,MAPPED,CHEBI:33709,CHEBI,EXACT_MATCH,0,,
CHEBI:22507,Aminoglycoside Antibiotic,MAPPED,CHEBI:22507,CHEBI,EXACT_MATCH,0,,
CHEBI:160246,Aminophenazone,MAPPED,CHEBI:160246,CHEBI,EXACT_MATCH,0,,
CHEBI:16134,Ammonia,MAPPED,CHEBI:16134,CHEBI,EXACT_MATCH,0,,
CHEBI:28938,Ammonium,MAPPED,CHEBI:28938,CHEBI,EXACT_MATCH,0,,
CHEBI:201652,Amphomycin,MAPPED,CHEBI:201652,CHEBI,EXACT_MATCH,0,,
CHEBI:27613,Amygdalin,MAPPED,CHEBI:27613,CHEBI,EXACT_MATCH,0,,
CHEBI:35298,Anthracene,MAPPED,CHEBI:35298,CHEBI,EXACT_MATCH,0,,
CHEBI:49322,Anthracycline Antibiotic,MAPPED,CHEBI:49322,CHEBI,EXACT_MATCH,0,,
CHEBI:197950,Antimycin A3,MAPPED,CHEBI:197950,CHEBI,EXACT_MATCH,0,,
CHEBI:2766,Aphidicolin,MAPPED,CHEBI:2766,CHEBI,EXACT_MATCH,0,,
CHEBI:2790,Apramycin,MAPPED,CHEBI:2790,CHEBI,EXACT_MATCH,0,,
CHEBI:22605,Arabinitol,MAPPED,CHEBI:22605,CHEBI,EXACT_MATCH,0,,
NCIT:C87429,Arbutin,MAPPED,NCIT:C87429,NCIT,EXACT_MATCH,0,,
CHEBI:29582,Ascomycin,MAPPED,CHEBI:29582,CHEBI,EXACT_MATCH,0,,
CHEBI:22651,Ascorbate,MAPPED,CHEBI:22651,CHEBI,EXACT_MATCH,0,,
CHEBI:29995,Aspartate,MAPPED,CHEBI:29995,CHEBI,SYNONYM_MATCH,0,,
CHEBI:40968,Astaxanthin,MAPPED,CHEBI:40968,CHEBI,EXACT_MATCH,0,,
CHEBI:37923,Astromicin,MAPPED,CHEBI:37923,CHEBI,EXACT_MATCH,0,,
CHEBI:156452,Aureothricin,MAPPED,CHEBI:156452,CHEBI,EXACT_MATCH,0,,
CHEBI:50344,Avermectin,MAPPED,CHEBI:50344,CHEBI,EXACT_MATCH,0,,
CHEBI:74846,Azaserine,MAPPED,CHEBI:74846,CHEBI,EXACT_MATCH,0,,
CHEBI:132955,Azelaate,MAPPED,CHEBI:132955,CHEBI,EXACT_MATCH,0,,
CHEBI:2955,Azithromycin,MAPPED,CHEBI:2955,CHEBI,EXACT_MATCH,0,,
CHEBI:30033,Bacteriochlorophyll A,MAPPED,CHEBI:30033,CHEBI,EXACT_MATCH,0,,
CHEBI:47250,Balhimycin,MAPPED,CHEBI:47250,CHEBI,EXACT_MATCH,0,,
CHEBI:16716,Benzene,MAPPED,CHEBI:16716,CHEBI,EXACT_MATCH,0,,
CHEBI:16150,Benzoate,MAPPED,CHEBI:16150,CHEBI,EXACT_MATCH,0,,
CHEBI:17682,Benzoin,MAPPED,CHEBI:17682,CHEBI,EXACT_MATCH,0,,
CHEBI:17987,Benzyl Alcohol,MAPPED,CHEBI:17987,CHEBI,EXACT_MATCH,0,,
CHEBI:27442,Beta-D-fucose,MAPPED,CHEBI:27442,CHEBI,EXACT_MATCH,0,,
CHEBI:28034,Beta-D-galactoside,MAPPED,CHEBI:28034,CHEBI,EXACT_MATCH,0,,
CHEBI:28860,Beta-D-glucuronic Acid,MAPPED,CHEBI:28860,CHEBI,EXACT_MATCH,0,,
CHEBI:28161,Beta-D-xylose,MAPPED,CHEBI:28161,CHEBI,EXACT_MATCH,0,,
CHEBI:15903,Beta-d-glucose,MAPPED,CHEBI:15903,CHEBI,EXACT_MATCH,0,,
CHEBI:3098,Bile Acid,MAPPED,CHEBI:3098,CHEBI,EXACT_MATCH,0,,
CHEBI:17097,Biphenyl,MAPPED,CHEBI:17097,CHEBI,EXACT_MATCH,0,,
CHEBI:218571,Blasticidin A,MAPPED,CHEBI:218571,CHEBI,EXACT_MATCH,0,,
CHEBI:15353,Blasticidin S,MAPPED,CHEBI:15353,CHEBI,EXACT_MATCH,0,,
CHEBI:22907,Bleomycin,MAPPED,CHEBI:22907,CHEBI,EXACT_MATCH,0,,
CHEBI:81193,Bluensomycin,MAPPED,CHEBI:81193,CHEBI,EXACT_MATCH,0,,
CHEBI:78661,Borrelidin,MAPPED,CHEBI:78661,CHEBI,EXACT_MATCH,0,,
CHEBI:73706,Bromosuccinate,MAPPED,CHEBI:73706,CHEBI,EXACT_MATCH,0,,
CHEBI:43799,Butan-1-amine,MAPPED,CHEBI:43799,CHEBI,EXACT_MATCH,0,,
CHEBI:17968,Butyrate,MAPPED,CHEBI:17968,CHEBI,EXACT_MATCH,0,,
CHEBI:29108,Calcium(2+),MAPPED,CHEBI:29108,CHEBI,EXACT_MATCH,0,,
CHEBI:3371,Capreomycin,MAPPED,CHEBI:3371,CHEBI,EXACT_MATCH,0,,
CHEBI:17245,Carbon Monoxide,MAPPED,CHEBI:17245,CHEBI,EXACT_MATCH,0,,
CHEBI:31359,Carminomycin,MAPPED,CHEBI:31359,CHEBI,EXACT_MATCH,0,,
CHEBI:23044,Carotenoid,MAPPED,CHEBI:23044,CHEBI,EXACT_MATCH,0,,
CHEBI:3435,Carrageenan,MAPPED,CHEBI:3435,CHEBI,EXACT_MATCH,0,,
CHEBI:3479,Cefadroxil,MAPPED,CHEBI:3479,CHEBI,EXACT_MATCH,0,,
CHEBI:3537,Cefaloridine,MAPPED,CHEBI:3537,CHEBI,EXACT_MATCH,0,,
CHEBI:124991,Cefalotin,MAPPED,CHEBI:124991,CHEBI,EXACT_MATCH,0,,
CHEBI:3480,Cefamandole,MAPPED,CHEBI:3480,CHEBI,EXACT_MATCH,0,,
CHEBI:135817,Cefminox,MAPPED,CHEBI:135817,CHEBI,EXACT_MATCH,0,,
CHEBI:3493,Cefoperazone,MAPPED,CHEBI:3493,CHEBI,EXACT_MATCH,0,,
CHEBI:204928,Cefotaxime,MAPPED,CHEBI:204928,CHEBI,EXACT_MATCH,0,,
CHEBI:3499,Cefotetan,MAPPED,CHEBI:3499,CHEBI,EXACT_MATCH,0,,
CHEBI:209807,Cefoxitin,MAPPED,CHEBI:209807,CHEBI,EXACT_MATCH,0,,
CHEBI:3504,Cefpodoxime,MAPPED,CHEBI:3504,CHEBI,EXACT_MATCH,0,,
CHEBI:3506,Cefprozil,MAPPED,CHEBI:3506,CHEBI,EXACT_MATCH,0,,
CHEBI:3508,Ceftazidime,MAPPED,CHEBI:3508,CHEBI,EXACT_MATCH,0,,
CHEBI:29007,Ceftriaxone,MAPPED,CHEBI:29007,CHEBI,EXACT_MATCH,0,,
CHEBI:3515,Cefuroxime,MAPPED,CHEBI:3515,CHEBI,EXACT_MATCH,0,,
CHEBI:3517,Cefuroxime Sodium,MAPPED,CHEBI:3517,CHEBI,EXACT_MATCH,0,,
CHEBI:156421,Celesticetin,MAPPED,CHEBI:156421,CHEBI,EXACT_MATCH,0,,
CHEBI:23066,Cephalosporin,MAPPED,CHEBI:23066,CHEBI,EXACT_MATCH,0,,
NCIT:C62021,Cephalothin,MAPPED,NCIT:C62021,NCIT,EXACT_MATCH,0,,
CHEBI:3580,Chartreusin,MAPPED,CHEBI:3580,CHEBI,EXACT_MATCH,0,,
CHEBI:81838,Chloridazon,MAPPED,CHEBI:81838,CHEBI,EXACT_MATCH,0,,
CHEBI:27644,Chlortetracycline,MAPPED,CHEBI:27644,CHEBI,EXACT_MATCH,0,,
CHEBI:214436,Cinerubin R,MAPPED,CHEBI:214436,CHEBI,EXACT_MATCH,0,,
CHEBI:141991,Cinnamycin,MAPPED,CHEBI:141991,CHEBI,EXACT_MATCH,0,,
CHEBI:3716,Cinoxacin,MAPPED,CHEBI:3716,CHEBI,EXACT_MATCH,0,,
CHEBI:100241,Ciprofloxacin,MAPPED,CHEBI:100241,CHEBI,EXACT_MATCH,0,,
CHEBI:48947,Clavulanic Acid,MAPPED,CHEBI:48947,CHEBI,EXACT_MATCH,0,,
CHEBI:3745,Clindamycin,MAPPED,CHEBI:3745,CHEBI,EXACT_MATCH,0,,
CHEBI:49566,Cloxacillin,MAPPED,CHEBI:49566,CHEBI,EXACT_MATCH,0,,
CHEBI:3770,Co-trimoxazole,MAPPED,CHEBI:3770,CHEBI,EXACT_MATCH,0,,
CHEBI:3815,Collagen,MAPPED,CHEBI:3815,CHEBI,EXACT_MATCH,0,,
CHEBI:195250,Corn Oil,MAPPED,CHEBI:195250,CHEBI,EXACT_MATCH,0,,
CHEBI:23399,Coumarate,MAPPED,CHEBI:23399,CHEBI,EXACT_MATCH,0,,
CHEBI:62968,Crystalline Cellulose,MAPPED,CHEBI:62968,CHEBI,EXACT_MATCH,0,,
CHEBI:71987,Curamycin A,MAPPED,CHEBI:71987,CHEBI,EXACT_MATCH,0,,
CHEBI:23456,Cyclodextrin,MAPPED,CHEBI:23456,CHEBI,EXACT_MATCH,0,,
CHEBI:200226,Cycloviracin B1,MAPPED,CHEBI:200226,CHEBI,EXACT_MATCH,0,,
CHEBI:202116,Cycloviracin B2,MAPPED,CHEBI:202116,CHEBI,EXACT_MATCH,0,,
CHEBI:17376,Cystine,MAPPED,CHEBI:17376,CHEBI,EXACT_MATCH,0,,
CHEBI:4056,Cytochrome,MAPPED,CHEBI:4056,CHEBI,EXACT_MATCH,0,,
CHEBI:28847,D-fucose,MAPPED,CHEBI:28847,CHEBI,EXACT_MATCH,0,,
CHEBI:12931,D-galactonate,MAPPED,CHEBI:12931,CHEBI,EXACT_MATCH,0,,
CHEBI:18391,D-gluconate,MAPPED,CHEBI:18391,CHEBI,EXACT_MATCH,0,,
CHEBI:17315,D-glucosamine,MAPPED,CHEBI:17315,CHEBI,EXACT_MATCH,0,,
CHEBI:14314,D-glucose 6-phosphate,MAPPED,CHEBI:14314,CHEBI,EXACT_MATCH,0,,
CHEBI:15748,D-glucuronate,MAPPED,CHEBI:15748,CHEBI,EXACT_MATCH,0,,
CHEBI:27947,D-histidine,MAPPED,CHEBI:27947,CHEBI,EXACT_MATCH,0,,
CHEBI:16176,D-ornithine,MAPPED,CHEBI:16176,CHEBI,EXACT_MATCH,0,,
CHEBI:27605,D-psicose,MAPPED,CHEBI:27605,CHEBI,EXACT_MATCH,0,,
CHEBI:63150,D-rhamnose,MAPPED,CHEBI:63150,CHEBI,EXACT_MATCH,0,,
CHEBI:17317,D-sorbose,MAPPED,CHEBI:17317,CHEBI,EXACT_MATCH,0,,
CHEBI:16443,D-tagatose,MAPPED,CHEBI:16443,CHEBI,EXACT_MATCH,0,,
CHEBI:16398,D-threonine,MAPPED,CHEBI:16398,CHEBI,EXACT_MATCH,0,,
CHEBI:27477,D-valine,MAPPED,CHEBI:27477,CHEBI,EXACT_MATCH,0,,
CHEBI:41977,Daunorubicin,MAPPED,CHEBI:41977,CHEBI,EXACT_MATCH,0,,
CHEBI:27689,Decanoate,MAPPED,CHEBI:27689,CHEBI,EXACT_MATCH,0,,
CHEBI:191094,Decoyinine,MAPPED,CHEBI:191094,CHEBI,EXACT_MATCH,0,,
CHEBI:50453,Desferrioxamine,MAPPED,CHEBI:50453,CHEBI,EXACT_MATCH,0,,
CHEBI:27729,Digitonin,MAPPED,CHEBI:27729,CHEBI,EXACT_MATCH,0,,
CHEBI:38291,Dihydrostreptomycin,MAPPED,CHEBI:38291,CHEBI,EXACT_MATCH,0,,
CHEBI:4608,Dimethyl Disulfide,MAPPED,CHEBI:4608,CHEBI,EXACT_MATCH,0,,
CHEBI:17170,Dimethylamine,MAPPED,CHEBI:17170,CHEBI,EXACT_MATCH,0,,
CHEBI:15379,Dioxygen,MAPPED,CHEBI:15379,CHEBI,EXACT_MATCH,0,,
CHEBI:91260,Disodium Malate,MAPPED,CHEBI:91260,CHEBI,EXACT_MATCH,0,,
NCIT:C61731,Dl-alanine,MAPPED,NCIT:C61731,NCIT,EXACT_MATCH,0,,
CHEBI:46050,Docosane,MAPPED,CHEBI:46050,CHEBI,EXACT_MATCH,0,,
CHEBI:18262,Dodecanoate,MAPPED,CHEBI:18262,CHEBI,EXACT_MATCH,0,,
CHEBI:135928,Doripenem,MAPPED,CHEBI:135928,CHEBI,EXACT_MATCH,0,,
CHEBI:36020,Dotriacontane,MAPPED,CHEBI:36020,CHEBI,EXACT_MATCH,0,,
CHEBI:28748,Doxorubicin,MAPPED,CHEBI:28748,CHEBI,EXACT_MATCH,0,,
CHEBI:50845,Doxycycline,MAPPED,CHEBI:50845,CHEBI,EXACT_MATCH,0,,
CHEBI:157175,Enoxacin,MAPPED,CHEBI:157175,CHEBI,EXACT_MATCH,0,,
CHEBI:35720,Enrofloxacin,MAPPED,CHEBI:35720,CHEBI,EXACT_MATCH,0,,
CHEBI:42355,Erythromycin A,MAPPED,CHEBI:42355,CHEBI,EXACT_MATCH,0,,
CHEBI:28196,Erythromycin B,MAPPED,CHEBI:28196,CHEBI,EXACT_MATCH,0,,
CHEBI:33946,Erythrose,MAPPED,CHEBI:33946,CHEBI,EXACT_MATCH,0,,
CHEBI:72813,Exopolysaccharide,MAPPED,CHEBI:72813,CHEBI,EXACT_MATCH,0,,
CHEBI:5054,Fibrin,MAPPED,CHEBI:5054,CHEBI,EXACT_MATCH,0,,
CHEBI:68590,Fidaxomicin,MAPPED,CHEBI:68590,CHEBI,EXACT_MATCH,0,,
CHEBI:31810,Fleroxacin,MAPPED,CHEBI:31810,CHEBI,EXACT_MATCH,0,,
CHEBI:28266,Fluorene,MAPPED,CHEBI:28266,CHEBI,EXACT_MATCH,0,,
NCIT:C61766,Fluorescein,MAPPED,NCIT:C61766,NCIT,EXACT_MATCH,0,,
CHEBI:203275,Formamicin,MAPPED,CHEBI:203275,CHEBI,EXACT_MATCH,0,,
CHEBI:15740,Formate,MAPPED,CHEBI:15740,CHEBI,EXACT_MATCH,0,,
CHEBI:81284,Fortimicin B,MAPPED,CHEBI:81284,CHEBI,EXACT_MATCH,0,,
CHEBI:28915,Fosfomycin,MAPPED,CHEBI:28915,CHEBI,EXACT_MATCH,0,,
CHEBI:7508,Framycetin,MAPPED,CHEBI:7508,CHEBI,EXACT_MATCH,0,,
CHEBI:5181,Fucoidan,MAPPED,CHEBI:5181,CHEBI,EXACT_MATCH,0,,
CHEBI:31639,Fungichromin,MAPPED,CHEBI:31639,CHEBI,EXACT_MATCH,0,,
CHEBI:5195,Furazolidone,MAPPED,CHEBI:5195,CHEBI,EXACT_MATCH,0,,
CHEBI:71321,Fusidate,MAPPED,CHEBI:71321,CHEBI,EXACT_MATCH,0,,
CHEBI:16813,Galactitol,MAPPED,CHEBI:16813,CHEBI,EXACT_MATCH,0,,
CHEBI:24148,Galactonate,MAPPED,CHEBI:24148,CHEBI,EXACT_MATCH,0,,
CHEBI:24175,Galacturonate,MAPPED,CHEBI:24175,CHEBI,EXACT_MATCH,0,,
CHEBI:81283,Gentamicin C2b,MAPPED,CHEBI:81283,CHEBI,EXACT_MATCH,0,,
CHEBI:24265,Gluconate,MAPPED,CHEBI:24265,CHEBI,EXACT_MATCH,0,,
CHEBI:5417,Glucosamine,MAPPED,CHEBI:5417,CHEBI,EXACT_MATCH,0,,
CHEBI:24297,Glucuronate,MAPPED,CHEBI:24297,CHEBI,EXACT_MATCH,0,,
CHEBI:24329,Glutarate,MAPPED,CHEBI:24329,CHEBI,EXACT_MATCH,0,,
CHEBI:33871,Glycerate,MAPPED,CHEBI:33871,CHEBI,EXACT_MATCH,0,,
CHEBI:29805,Glycolate,MAPPED,CHEBI:29805,CHEBI,EXACT_MATCH,0,,
CHEBI:36655,Glyoxylate,MAPPED,CHEBI:36655,CHEBI,EXACT_MATCH,0,,
CHEBI:5530,Gramicidin S,MAPPED,CHEBI:5530,CHEBI,EXACT_MATCH,0,,
CHEBI:5533,Granaticin,MAPPED,CHEBI:5533,CHEBI,EXACT_MATCH,0,,
CHEBI:32735,Guanidinium Chloride,MAPPED,CHEBI:32735,CHEBI,EXACT_MATCH,0,,
CHEBI:32931,Henicosane,MAPPED,CHEBI:32931,CHEBI,EXACT_MATCH,0,,
CHEBI:7896,Hexadecanoate,MAPPED,CHEBI:7896,CHEBI,EXACT_MATCH,0,,
CHEBI:29021,Hexane,MAPPED,CHEBI:29021,CHEBI,EXACT_MATCH,0,,
CHEBI:17120,Hexanoate,MAPPED,CHEBI:17120,CHEBI,EXACT_MATCH,0,,
CHEBI:51963,Hopanoid,MAPPED,CHEBI:51963,CHEBI,EXACT_MATCH,0,,
CHEBI:24668,Hydroxyacetophenone,MAPPED,CHEBI:24668,CHEBI,EXACT_MATCH,0,,
CHEBI:85249,Hydroxyethylcellulose,MAPPED,CHEBI:85249,CHEBI,EXACT_MATCH,0,,
CHEBI:24753,Hygromycin,MAPPED,CHEBI:24753,CHEBI,EXACT_MATCH,0,,
CHEBI:69414,Hygromycin A,MAPPED,CHEBI:69414,CHEBI,EXACT_MATCH,0,,
CHEBI:43619,Icosane,MAPPED,CHEBI:43619,CHEBI,EXACT_MATCH,0,,
CHEBI:30854,Indole-3-acetate,MAPPED,CHEBI:30854,CHEBI,EXACT_MATCH,0,,
CHEBI:79394,Indolmycin,MAPPED,CHEBI:79394,CHEBI,EXACT_MATCH,0,,
CHEBI:169991,Indoxyl Acetate,MAPPED,CHEBI:169991,CHEBI,EXACT_MATCH,0,,
CHEBI:16382,Iodide,MAPPED,CHEBI:16382,CHEBI,EXACT_MATCH,0,,
CHEBI:37951,Isepamicin,MAPPED,CHEBI:37951,CHEBI,EXACT_MATCH,0,,
CHEBI:48944,Isobutyrate,MAPPED,CHEBI:48944,CHEBI,EXACT_MATCH,0,,
CHEBI:74904,Isocaproate,MAPPED,CHEBI:74904,CHEBI,EXACT_MATCH,0,,
CHEBI:17965,Isoorientin,MAPPED,CHEBI:17965,CHEBI,EXACT_MATCH,0,,
CHEBI:48942,Isovalerate,MAPPED,CHEBI:48942,CHEBI,EXACT_MATCH,0,,
CHEBI:18330,Isovitexin,MAPPED,CHEBI:18330,CHEBI,EXACT_MATCH,0,,
CHEBI:81419,Kasugamycin,MAPPED,CHEBI:81419,CHEBI,EXACT_MATCH,0,,
CHEBI:21217,L-alaninamide,MAPPED,CHEBI:21217,CHEBI,EXACT_MATCH,0,,
CHEBI:28120,L-fructose,MAPPED,CHEBI:28120,CHEBI,EXACT_MATCH,0,,
CHEBI:53071,L-galactonate,MAPPED,CHEBI:53071,CHEBI,EXACT_MATCH,0,,
CHEBI:90447,L-histidine 2-naphthylamide,MAPPED,CHEBI:90447,CHEBI,EXACT_MATCH,0,,
CHEBI:90741,L-leucylglycine 2-naphthylamide,MAPPED,CHEBI:90741,CHEBI,EXACT_MATCH,0,,
CHEBI:62320,L-lyxose,MAPPED,CHEBI:62320,CHEBI,EXACT_MATCH,0,,
CHEBI:18347,L-norleucine,MAPPED,CHEBI:18347,CHEBI,EXACT_MATCH,0,,
CHEBI:90600,L-proline 2-naphthylamide,MAPPED,CHEBI:90600,CHEBI,EXACT_MATCH,0,,
CHEBI:90603,L-serine 2-naphthylamide,MAPPED,CHEBI:90603,CHEBI,EXACT_MATCH,0,,
CHEBI:90607,L-tyrosine 2-naphthylamide,MAPPED,CHEBI:90607,CHEBI,EXACT_MATCH,0,,
CHEBI:25000,Lactone,MAPPED,CHEBI:25000,CHEBI,EXACT_MATCH,0,,
CHEBI:61995,Lecithin,MAPPED,CHEBI:61995,CHEBI,EXACT_MATCH,0,,
CHEBI:6426,Leupeptin,MAPPED,CHEBI:6426,CHEBI,EXACT_MATCH,0,,
CHEBI:6457,Lignin,MAPPED,CHEBI:6457,CHEBI,EXACT_MATCH,0,,
CHEBI:6472,Lincomycin,MAPPED,CHEBI:6472,CHEBI,EXACT_MATCH,0,,
CHEBI:116278,Lomefloxacin,MAPPED,CHEBI:116278,CHEBI,EXACT_MATCH,0,,
CHEBI:224243,Lomofungin,MAPPED,CHEBI:224243,CHEBI,EXACT_MATCH,0,,
CHEBI:135874,Lucimycin,MAPPED,CHEBI:135874,CHEBI,EXACT_MATCH,0,,
CHEBI:25094,Lysine,MAPPED,CHEBI:25094,CHEBI,EXACT_MATCH,0,,
CHEBI:212437,Lysocellin,MAPPED,CHEBI:212437,CHEBI,EXACT_MATCH,0,,
CHEBI:25105,Macrolide Antibiotic,MAPPED,CHEBI:25105,CHEBI,EXACT_MATCH,0,,
CHEBI:18420,Magnesium(2+),MAPPED,CHEBI:18420,CHEBI,EXACT_MATCH,0,,
CHEBI:48537,Malonamide,MAPPED,CHEBI:48537,CHEBI,EXACT_MATCH,0,,
CHEBI:61993,Maltotriose,MAPPED,CHEBI:61993,CHEBI,EXACT_MATCH,0,,
NCIT:C624,Manganese,MAPPED,NCIT:C624,NCIT,EXACT_MATCH,0,,
CHEBI:37684,Mannose,MAPPED,CHEBI:37684,CHEBI,EXACT_MATCH,0,,
CHEBI:221095,Marinostatin,MAPPED,CHEBI:221095,CHEBI,EXACT_MATCH,0,,
CHEBI:89634,Melanin,MAPPED,CHEBI:89634,CHEBI,EXACT_MATCH,0,,
CHEBI:6731,Melezitose,MAPPED,CHEBI:6731,CHEBI,EXACT_MATCH,0,,
CHEBI:16374,Menaquinone,MAPPED,CHEBI:16374,CHEBI,EXACT_MATCH,0,,
CHEBI:6805,Methacycline,MAPPED,CHEBI:6805,CHEBI,EXACT_MATCH,0,,
CHEBI:6827,Methicillin,MAPPED,CHEBI:6827,CHEBI,EXACT_MATCH,0,,
CHEBI:74611,Methyl (R)-lactate,MAPPED,CHEBI:74611,CHEBI,EXACT_MATCH,0,,
CHEBI:43943,Methyl Alpha-D-mannoside,MAPPED,CHEBI:43943,CHEBI,EXACT_MATCH,0,,
CHEBI:74863,Methyl Beta-D-xylopyranoside,MAPPED,CHEBI:74863,CHEBI,EXACT_MATCH,0,,
CHEBI:37657,Methyl D-glucoside,MAPPED,CHEBI:37657,CHEBI,EXACT_MATCH,0,,
CHEBI:51850,Methyl Pyruvate,MAPPED,CHEBI:51850,CHEBI,EXACT_MATCH,0,,
CHEBI:6919,Mezlocillin,MAPPED,CHEBI:6919,CHEBI,EXACT_MATCH,0,,
CHEBI:31845,Midecamycin,MAPPED,CHEBI:31845,CHEBI,EXACT_MATCH,0,,
CHEBI:50694,Minocycline,MAPPED,CHEBI:50694,CHEBI,EXACT_MATCH,0,,
CHEBI:75146,Monomethyl Succinate,MAPPED,CHEBI:75146,CHEBI,EXACT_MATCH,0,,
NCIT:C16883,Mucin,MAPPED,NCIT:C16883,NCIT,EXACT_MATCH,0,,
CHEBI:63154,N-acetyl-beta-D-mannosamine,MAPPED,CHEBI:63154,CHEBI,EXACT_MATCH,0,,
CHEBI:28800,N-acetylgalactosamine,MAPPED,CHEBI:28800,CHEBI,EXACT_MATCH,0,,
CHEBI:35418,N-acetylneuraminate,MAPPED,CHEBI:35418,CHEBI,EXACT_MATCH,0,,
CHEBI:125610,N-acetyltyramine,MAPPED,CHEBI:125610,CHEBI,EXACT_MATCH,0,,
CHEBI:29649,Narbomycin,MAPPED,CHEBI:29649,CHEBI,EXACT_MATCH,0,,
CHEBI:7488,Natamycin,MAPPED,CHEBI:7488,CHEBI,EXACT_MATCH,0,,
CHEBI:215310,Neoantimycin,MAPPED,CHEBI:215310,CHEBI,EXACT_MATCH,0,,
CHEBI:7528,Netilmycin,MAPPED,CHEBI:7528,CHEBI,EXACT_MATCH,0,,
CHEBI:31908,Niddamycin,MAPPED,CHEBI:31908,CHEBI,EXACT_MATCH,0,,
CHEBI:17632,Nitrate,MAPPED,CHEBI:17632,CHEBI,EXACT_MATCH,0,,
CHEBI:16301,Nitrite,MAPPED,CHEBI:16301,CHEBI,EXACT_MATCH,0,,
CHEBI:202593,Nocardimicin G,MAPPED,CHEBI:202593,CHEBI,EXACT_MATCH,0,,
CHEBI:213460,Nocardimicin H,MAPPED,CHEBI:213460,CHEBI,EXACT_MATCH,0,,
CHEBI:203663,Nocardimicin I,MAPPED,CHEBI:203663,CHEBI,EXACT_MATCH,0,,
CHEBI:44504,Nogalamycin,MAPPED,CHEBI:44504,CHEBI,EXACT_MATCH,0,,
CHEBI:28945,Nojirimycin,MAPPED,CHEBI:28945,CHEBI,EXACT_MATCH,0,,
CHEBI:28368,Novobiocin,MAPPED,CHEBI:28368,CHEBI,EXACT_MATCH,0,,
CHEBI:166872,Nucleocidin,MAPPED,CHEBI:166872,CHEBI,EXACT_MATCH,0,,
CHEBI:7660,Nystatin,MAPPED,CHEBI:7660,CHEBI,EXACT_MATCH,0,,
CHEBI:16869,Oleandomycin,MAPPED,CHEBI:16869,CHEBI,EXACT_MATCH,0,,
CHEBI:86455,Optochin,MAPPED,CHEBI:86455,CHEBI,EXACT_MATCH,0,,
CHEBI:18257,Ornithine,MAPPED,CHEBI:18257,CHEBI,EXACT_MATCH,0,,
CHEBI:77735,Ossamycin,MAPPED,CHEBI:77735,CHEBI,EXACT_MATCH,0,,
CHEBI:7809,Oxacillin,MAPPED,CHEBI:7809,CHEBI,EXACT_MATCH,0,,
CHEBI:132952,Oxalate,MAPPED,CHEBI:132952,CHEBI,EXACT_MATCH,0,,
CHEBI:220394,Oxamicetin,MAPPED,CHEBI:220394,CHEBI,EXACT_MATCH,0,,
CHEBI:59066,Oxolinate,MAPPED,CHEBI:59066,CHEBI,EXACT_MATCH,0,,
CHEBI:27701,Oxytetracycline,MAPPED,CHEBI:27701,CHEBI,EXACT_MATCH,0,,
CHEBI:7934,Paromomycin,MAPPED,CHEBI:7934,CHEBI,EXACT_MATCH,0,,
CHEBI:50199,Pefloxacin,MAPPED,CHEBI:50199,CHEBI,EXACT_MATCH,0,,
CHEBI:28851,Phenanthrene,MAPPED,CHEBI:28851,CHEBI,EXACT_MATCH,0,,
CHEBI:27446,Phenoxymethylpenicillin,MAPPED,CHEBI:27446,CHEBI,EXACT_MATCH,0,,
CHEBI:18401,Phenylacetate,MAPPED,CHEBI:18401,CHEBI,EXACT_MATCH,0,,
CHEBI:50048,Phenylethylamine,MAPPED,CHEBI:50048,CHEBI,EXACT_MATCH,0,,
CHEBI:18132,Phosphocholine,MAPPED,CHEBI:18132,CHEBI,EXACT_MATCH,0,,
CHEBI:8232,Piperacillin,MAPPED,CHEBI:8232,CHEBI,EXACT_MATCH,0,,
CHEBI:53156,Polychlorobiphenyl,MAPPED,CHEBI:53156,CHEBI,EXACT_MATCH,0,,
CHEBI:59062,Polymyxin,MAPPED,CHEBI:59062,CHEBI,EXACT_MATCH,0,,
CHEBI:208611,Porfiromycin,MAPPED,CHEBI:208611,CHEBI,EXACT_MATCH,0,,
CHEBI:8337,Porphyrin,MAPPED,CHEBI:8337,CHEBI,EXACT_MATCH,0,,
NCIT:C765,Potassium,MAPPED,NCIT:C765,NCIT,EXACT_MATCH,0,,
CHEBI:32032,Potassium Gluconate,MAPPED,CHEBI:32032,CHEBI,EXACT_MATCH,0,,
CHEBI:83230,Pradimicin,MAPPED,CHEBI:83230,CHEBI,EXACT_MATCH,0,,
CHEBI:63618,Pravastatin,MAPPED,CHEBI:63618,CHEBI,EXACT_MATCH,0,,
CHEBI:85274,Pristinamycin,MAPPED,CHEBI:85274,CHEBI,EXACT_MATCH,0,,
CHEBI:45422,Propionamide,MAPPED,CHEBI:45422,CHEBI,EXACT_MATCH,0,,
CHEBI:17272,Propionate,MAPPED,CHEBI:17272,CHEBI,EXACT_MATCH,0,,
CHEBI:26401,Purines,MAPPED,CHEBI:26401,CHEBI,EXACT_MATCH,0,,
CHEBI:17939,Puromycin,MAPPED,CHEBI:17939,CHEBI,EXACT_MATCH,0,,
CHEBI:39106,Pyrene,MAPPED,CHEBI:39106,CHEBI,EXACT_MATCH,0,,
CHEBI:221765,Pyridomycin,MAPPED,CHEBI:221765,CHEBI,EXACT_MATCH,0,,
CHEBI:156550,Pyrrolomycin A,MAPPED,CHEBI:156550,CHEBI,EXACT_MATCH,0,,
CHEBI:220052,Pyrrolomycin B,MAPPED,CHEBI:220052,CHEBI,EXACT_MATCH,0,,
CHEBI:26490,Quinate,MAPPED,CHEBI:26490,CHEBI,EXACT_MATCH,0,,
CHEBI:29671,Resistomycin,MAPPED,CHEBI:29671,CHEBI,EXACT_MATCH,0,,
CHEBI:26546,Rhamnose,MAPPED,CHEBI:26546,CHEBI,EXACT_MATCH,0,,
CHEBI:15963,Ribitol,MAPPED,CHEBI:15963,CHEBI,EXACT_MATCH,0,,
CHEBI:45367,Rifabutin,MAPPED,CHEBI:45367,CHEBI,EXACT_MATCH,0,,
NCIT:C29406,Rifamycin,MAPPED,NCIT:C29406,NCIT,EXACT_MATCH,0,,
CHEBI:17876,Rifamycin B,MAPPED,CHEBI:17876,CHEBI,EXACT_MATCH,0,,
CHEBI:16324,Rifamycin O,MAPPED,CHEBI:16324,CHEBI,EXACT_MATCH,0,,
CHEBI:34948,Rifamycin S,MAPPED,CHEBI:34948,CHEBI,EXACT_MATCH,0,,
CHEBI:29673,Rifamycin Sv,MAPPED,CHEBI:29673,CHEBI,EXACT_MATCH,0,,
CHEBI:87084,Rosaramicin,MAPPED,CHEBI:87084,CHEBI,EXACT_MATCH,0,,
CHEBI:48844,Roxithromycin,MAPPED,CHEBI:48844,CHEBI,EXACT_MATCH,0,,
CHEBI:140148,Rubrolone,MAPPED,CHEBI:140148,CHEBI,EXACT_MATCH,0,,
CHEBI:17814,Salicin,MAPPED,CHEBI:17814,CHEBI,EXACT_MATCH,0,,
CHEBI:80025,Salinomycin,MAPPED,CHEBI:80025,CHEBI,EXACT_MATCH,0,,
CHEBI:221703,Sandramycin,MAPPED,CHEBI:221703,CHEBI,EXACT_MATCH,0,,
CHEBI:15075,Selenate,MAPPED,CHEBI:15075,CHEBI,EXACT_MATCH,0,,
CHEBI:17822,Serine,MAPPED,CHEBI:17822,CHEBI,EXACT_MATCH,0,,
CHEBI:226519,Showdomycin,MAPPED,CHEBI:226519,CHEBI,EXACT_MATCH,0,,
CHEBI:62983,Sodium Malonate,MAPPED,CHEBI:62983,CHEBI,EXACT_MATCH,0,,
CHEBI:27922,Sorbose,MAPPED,CHEBI:27922,CHEBI,EXACT_MATCH,0,,
CHEBI:9215,Spectinomycin,MAPPED,CHEBI:9215,CHEBI,EXACT_MATCH,0,,
CHEBI:39207,Spinosyn,MAPPED,CHEBI:39207,CHEBI,EXACT_MATCH,0,,
CHEBI:31168,Spiramycin II,MAPPED,CHEBI:31168,CHEBI,EXACT_MATCH,0,,
CHEBI:15738,Staurosporine,MAPPED,CHEBI:15738,CHEBI,EXACT_MATCH,0,,
CHEBI:15889,Sterol,MAPPED,CHEBI:15889,CHEBI,EXACT_MATCH,0,,
CHEBI:45773,Streptolydigin,MAPPED,CHEBI:45773,CHEBI,EXACT_MATCH,0,,
CHEBI:17076,Streptomycin,MAPPED,CHEBI:17076,CHEBI,EXACT_MATCH,0,,
CHEBI:26790,Streptovaricin,MAPPED,CHEBI:26790,CHEBI,EXACT_MATCH,0,,
CHEBI:143136,Succinamate,MAPPED,CHEBI:143136,CHEBI,EXACT_MATCH,0,,
CHEBI:9321,Sulbactam,MAPPED,CHEBI:9321,CHEBI,EXACT_MATCH,0,,
CHEBI:32161,Sulfadimethoxine,MAPPED,CHEBI:32161,CHEBI,EXACT_MATCH,0,,
CHEBI:102130,Sulfamerazine,MAPPED,CHEBI:102130,CHEBI,EXACT_MATCH,0,,
CHEBI:53727,Sulfamethoxydiazine,MAPPED,CHEBI:53727,CHEBI,EXACT_MATCH,0,,
CHEBI:16189,Sulfate,MAPPED,CHEBI:16189,CHEBI,EXACT_MATCH,0,,
CHEBI:26822,Sulfide,MAPPED,CHEBI:26822,CHEBI,EXACT_MATCH,0,,
CHEBI:102484,Sulfisoxazole,MAPPED,CHEBI:102484,CHEBI,EXACT_MATCH,0,,
CHEBI:17359,Sulfite,MAPPED,CHEBI:17359,CHEBI,EXACT_MATCH,0,,
CHEBI:35358,Sulfonamide,MAPPED,CHEBI:35358,CHEBI,EXACT_MATCH,0,,
CHEBI:33954,Tagatose,MAPPED,CHEBI:33954,CHEBI,EXACT_MATCH,0,,
CHEBI:132950,Tartrate,MAPPED,CHEBI:132950,CHEBI,EXACT_MATCH,0,,
CHEBI:36257,Taurocholate,MAPPED,CHEBI:36257,CHEBI,EXACT_MATCH,0,,
CHEBI:9421,Tazobactam,MAPPED,CHEBI:9421,CHEBI,EXACT_MATCH,0,,
CHEBI:29687,Teicoplanin,MAPPED,CHEBI:29687,CHEBI,EXACT_MATCH,0,,
CHEBI:30477,Tellurite,MAPPED,CHEBI:30477,CHEBI,EXACT_MATCH,0,,
CHEBI:51348,Tetraphene,MAPPED,CHEBI:51348,CHEBI,EXACT_MATCH,0,,
CHEBI:75198,Tetrazolium Blue,MAPPED,CHEBI:75198,CHEBI,EXACT_MATCH,0,,
CHEBI:9506,Tetrodotoxin,MAPPED,CHEBI:9506,CHEBI,EXACT_MATCH,0,,
CHEBI:197442,Texazone,MAPPED,CHEBI:197442,CHEBI,EXACT_MATCH,0,,
CHEBI:156450,Thiolutin,MAPPED,CHEBI:156450,CHEBI,EXACT_MATCH,0,,
CHEBI:29693,Thiostrepton,MAPPED,CHEBI:29693,CHEBI,EXACT_MATCH,0,,
CHEBI:26986,Threonine,MAPPED,CHEBI:26986,CHEBI,EXACT_MATCH,0,,
CHEBI:9587,Ticarcillin,MAPPED,CHEBI:9587,CHEBI,EXACT_MATCH,0,,
CHEBI:149836,Tigecycline,MAPPED,CHEBI:149836,CHEBI,EXACT_MATCH,0,,
CHEBI:28864,Tobramycin,MAPPED,CHEBI:28864,CHEBI,EXACT_MATCH,0,,
CHEBI:134606,Toyocamycin,MAPPED,CHEBI:134606,CHEBI,EXACT_MATCH,0,,
CHEBI:35020,Tributyrin,MAPPED,CHEBI:35020,CHEBI,EXACT_MATCH,0,,
CHEBI:45735,Troleandomycin,MAPPED,CHEBI:45735,CHEBI,EXACT_MATCH,0,,
CHEBI:66279,Tubelactomicin A,MAPPED,CHEBI:66279,CHEBI,EXACT_MATCH,0,,
CHEBI:48267,Tubercidin,MAPPED,CHEBI:48267,CHEBI,EXACT_MATCH,0,,
CHEBI:27248,Urocanic Acid,MAPPED,CHEBI:27248,CHEBI,EXACT_MATCH,0,,
CHEBI:31011,Valerate,MAPPED,CHEBI:31011,CHEBI,EXACT_MATCH,0,,
CHEBI:28001,Vancomycin,MAPPED,CHEBI:28001,CHEBI,EXACT_MATCH,0,,
CHEBI:213208,Vancoresmycin,MAPPED,CHEBI:213208,CHEBI,EXACT_MATCH,0,,
CHEBI:15782,Viomycin,MAPPED,CHEBI:15782,CHEBI,EXACT_MATCH,0,,
CHEBI:87209,Virginiamycin,MAPPED,CHEBI:87209,CHEBI,EXACT_MATCH,0,,
CHEBI:189560,Xanthan,MAPPED,CHEBI:189560,CHEBI,EXACT_MATCH,0,,
CHEBI:338412,(-)-anisomycin,MAPPED,CHEBI:338412,CHEBI,EXACT_MATCH,0,,
CHEBI:747005,1-chlorobutane,MAPPED,CHEBI:747005,CHEBI,EXACT_MATCH,0,,
CHEBI:747004,1-chloropropane,MAPPED,CHEBI:747004,CHEBI,EXACT_MATCH,0,,
CHEBI:546840,4-nitrophenyl Alpha-D-galactoside,MAPPED,CHEBI:546840,CHEBI,EXACT_MATCH,0,,
CHEBI:474053,Cefazolin,MAPPED,CHEBI:474053,CHEBI,EXACT_MATCH,0,,
CHEBI:478164,Cefepime,MAPPED,CHEBI:478164,CHEBI,EXACT_MATCH,0,,
CHEBI:472657,Cefixime,MAPPED,CHEBI:472657,CHEBI,EXACT_MATCH,0,,
CHEBI:355510,Cefotiam,MAPPED,CHEBI:355510,CHEBI,EXACT_MATCH,0,,
CHEBI:404903,Ertapenem,MAPPED,CHEBI:404903,CHEBI,EXACT_MATCH,0,,
CHEBI:495056,Gamma-cyclodextrin,MAPPED,CHEBI:495056,CHEBI,EXACT_MATCH,0,,
CHEBI:471744,Imipenem,MAPPED,CHEBI:471744,CHEBI,EXACT_MATCH,0,,
FOODON:03315719,Casamino acids,MAPPED,FOODON:03315719,FOODON,CLOSE_MATCH,395,,
cas:150-90-3,Sodium succinate dibasic,MAPPED,CHEBI:63675,CHEBI,NARROW_MATCH,3,,
CHEBI:66870,Na2S2O4,REJECTED,CHEBI:66870,CHEBI,SYNONYM_MATCH,0,,
kgmicrobe.ingredient:isovitalex,Isovitalex,MAPPED,kgmicrobe.ingredient:isovitalex,kgmicrobe.ingredient,FALLBACK_REGISTRY,0,,
kgmicrobe.ingredient:k-phosphate_buffer,K-phosphate buffer,MAPPED,kgmicrobe.ingredient:k-phosphate_buffer,kgmicrobe.ingredient,FALLBACK_REGISTRY,0,,
kgmicrobe.ingredient:legionella_agar_enrichment,Legionella agar enrichment,MAPPED,kgmicrobe.ingredient:legionella_agar_enrichment,kgmicrobe.ingredient,FALLBACK_REGISTRY,0,,
kgmicrobe.ingredient:metall_salt_sol_44,Metall salt sol. 44,MAPPED,kgmicrobe.ingredient:metall_salt_sol_44,kgmicrobe.ingredient,FALLBACK_REGISTRY,0,,
kgmicrobe.ingredient:micronutrient_solution,micronutrient solution,MAPPED,kgmicrobe.ingredient:micronutrient_solution,kgmicrobe.ingredient,FALLBACK_REGISTRY,0,,
kgmicrobe.ingredient:mineral_salts_base,Mineral salts base,MAPPED,kgmicrobe.ingredient:mineral_salts_base,kgmicrobe.ingredient,FALLBACK_REGISTRY,0,,
kgmicrobe.ingredient:modified_trace_vitamins,Modified trace vitamins,MAPPED,kgmicrobe.ingredient:modified_trace_vitamins,kgmicrobe.ingredient,FALLBACK_REGISTRY,0,,
kgmicrobe.ingredient:murashige-skoog_basal_salts,Murashige-Skoog basal salts,MAPPED,kgmicrobe.ingredient:murashige-skoog_basal_salts,kgmicrobe.ingredient,FALLBACK_REGISTRY,0,,
kgmicrobe.ingredient:na-phosphate_buffer,Na-Phosphate-Buffer,REJECTED,kgmicrobe.ingredient:na-phosphate_buffer,kgmicrobe.ingredient,FALLBACK_REGISTRY,0,,
kgmicrobe.ingredient:na-phosphate_buffer,Na-phosphate buffer,MAPPED,kgmicrobe.ingredient:na-phosphate_buffer,kgmicrobe.ingredient,FALLBACK_REGISTRY,0,,
kgmicrobe.ingredient:na2hpo4-kh2po4_buffer,Na2HPO4-KH2PO4 buffer,MAPPED,kgmicrobe.ingredient:na2hpo4-kh2po4_buffer,kgmicrobe.ingredient,FALLBACK_REGISTRY,0,,
kgmicrobe.ingredient:na2hpo4-nah2po4_buffer,Na2HPO4-NaH2PO4 buffer,MAPPED,kgmicrobe.ingredient:na2hpo4-nah2po4_buffer,kgmicrobe.ingredient,FALLBACK_REGISTRY,0,,
kgmicrobe.ingredient:oadc_enrichment,OADC Enrichment,MAPPED,kgmicrobe.ingredient:oadc_enrichment,kgmicrobe.ingredient,FALLBACK_REGISTRY,0,,
kgmicrobe.ingredient:salt_solution_ii,Salt Solution II,MAPPED,kgmicrobe.ingredient:salt_solution_ii,kgmicrobe.ingredient,FALLBACK_REGISTRY,0,,
kgmicrobe.ingredient:salts_solution,Salts solution,MAPPED,kgmicrobe.ingredient:salts_solution,kgmicrobe.ingredient,FALLBACK_REGISTRY,0,,
kgmicrobe.ingredient:skirrow_supplement,Skirrow supplement,MAPPED,kgmicrobe.ingredient:skirrow_supplement,kgmicrobe.ingredient,FALLBACK_REGISTRY,0,,
kgmicrobe.ingredient:steric_solution,Steric solution,MAPPED,kgmicrobe.ingredient:steric_solution,kgmicrobe.ingredient,FALLBACK_REGISTRY,0,,
kgmicrobe.ingredient:trace_metal_solution,Trace metal solution,MAPPED,kgmicrobe.ingredient:trace_metal_solution,kgmicrobe.ingredient,FALLBACK_REGISTRY,0,,
kgmicrobe.ingredient:trace_mineral_solution,Trace mineral solution,MAPPED,kgmicrobe.ingredient:trace_mineral_solution,kgmicrobe.ingredient,FALLBACK_REGISTRY,0,,
kgmicrobe.ingredient:trace_minerals,Trace minerals,MAPPED,kgmicrobe.ingredient:trace_minerals,kgmicrobe.ingredient,FALLBACK_REGISTRY,0,,
kgmicrobe.ingredient:vitamins_solution,Vitamins-solution,REJECTED,kgmicrobe.ingredient:vitamins_solution,kgmicrobe.ingredient,FALLBACK_REGISTRY,0,,
kgmicrobe.ingredient:vitamins_solution,Vitamins solution,MAPPED,kgmicrobe.ingredient:vitamins_solution,kgmicrobe.ingredient,FALLBACK_REGISTRY,0,,
kgmicrobe.ingredient:vitox,Vitox,MAPPED,kgmicrobe.ingredient:vitox,kgmicrobe.ingredient,FALLBACK_REGISTRY,0,,
kgmicrobe.ingredient:x10_jamarin_s,X10 Jamarin S,MAPPED,kgmicrobe.ingredient:x10_jamarin_s,kgmicrobe.ingredient,FALLBACK_REGISTRY,0,,
