identifier,ontology_id,preferred_term,mapping_status,ontology_label,ontology_source,mapping_quality,total_occurrences,media_count,synonyms
MICRO:0000610,MICRO:0000610,Ox-bile,MAPPED,ox bile,MICRO,SYNONYM_MATCH,0,0,
MICRO:0001348,MICRO:0001348,BG-11 Medium,MAPPED,BG 11 medium,MICRO,SYNONYM_MATCH,2,2,
kgmicrobe.ingredient:marine_broth_2216,kgmicrobe.ingredient:marine_broth_2216,Marine broth 2216,MAPPED,Marine broth 2216,kgmicrobe.ingredient,FALLBACK_REGISTRY,19,19,Marine broth 2216 (BD-Difco)|Marine Broth  (MB) 2216  (Difco)|Marine Broth 2216 (BD 279110)|Marine Broth 2216 (BD--Difco)
kgmicrobe.ingredient:marine_agar_2216,kgmicrobe.ingredient:marine_agar_2216,Marine agar 2216,MAPPED,Marine agar 2216,kgmicrobe.ingredient,FALLBACK_REGISTRY,32,32,Marine agar 2216 (BD-Difco)
MICRO:0000543,MICRO:0000543,R2A agar,MAPPED,R2A agar,MICRO,EXACT_MATCH,16,16,R2A agar (BD-Difco)|R2A agar (DB-Difco)|R2A agar (BD--Difco)
MICRO:0001572,MICRO:0001572,Defibrinated horse blood,MAPPED,defibrinated horse blood,MICRO,EXACT_MATCH,5,5,defibrinated horse blood (TCS Biologicals)
MICRO:0001570,MICRO:0001570,Defibrinated sheep blood,MAPPED,defibrinated sheep blood,MICRO,EXACT_MATCH,25,25,
CHEBI:18186,CHEBI:18186,DL-Tyrosine,MAPPED,tyrosine,CHEBI,CLOSE_MATCH,18,18,
CHEBI:189426,CHEBI:189426,Pyridoxine dihydrochloride,MAPPED,Pyridoxine dihydrochloride,CHEBI,EXACT_MATCH,2,2,
CHEBI:86370,CHEBI:86370,Neutral red,MAPPED,neutral red,CHEBI,EXACT_MATCH,4,4,
kgmicrobe.ingredient:mineral_solution_see_medium_no_976,kgmicrobe.ingredient:mineral_solution_see_medium_no_976,Mineral solution see Medium No. 976,MAPPED,Mineral solution see Medium No. 976,kgmicrobe.ingredient,FALLBACK_REGISTRY,0,0,Mineral solution (see Medium No. 976
kgmicrobe.ingredient:1_butanol_co2,kgmicrobe.ingredient:1_butanol_co2,1-butanol+CO2,MAPPED,1-butanol+CO2,kgmicrobe.ingredient,FALLBACK_REGISTRY,0,0,
kgmicrobe.ingredient:1_propanol_co2,kgmicrobe.ingredient:1_propanol_co2,1-propanol+CO2,MAPPED,1-propanol+CO2,kgmicrobe.ingredient,FALLBACK_REGISTRY,0,0,
kgmicrobe.ingredient:2_butanol_co2,kgmicrobe.ingredient:2_butanol_co2,2-butanol+CO2,MAPPED,2-butanol+CO2,kgmicrobe.ingredient,FALLBACK_REGISTRY,0,0,
kgmicrobe.ingredient:2_propanol_co2,kgmicrobe.ingredient:2_propanol_co2,2-propanol+CO2,MAPPED,2-propanol+CO2,kgmicrobe.ingredient,FALLBACK_REGISTRY,0,0,
CHEBI:36026,CHEBI:36026,"1,1,2,2-Tetrachloroethane",MAPPED,"1,1,2,2-tetrachloroethane",CHEBI,EXACT_MATCH,0,0,2-tetrachloroethane
kgmicrobe.ingredient:bhi,kgmicrobe.ingredient:bhi,BHI,MAPPED,BHI,kgmicrobe.ingredient,FALLBACK_REGISTRY,0,0,
CHEBI:41189,CHEBI:41189,"Butane-1,4-diol",REJECTED,"butane-1,4-diol",CHEBI,EXACT_MATCH,0,0,Butane-1|4-diol
kgmicrobe.ingredient:cmc_py_horse_serum,kgmicrobe.ingredient:cmc_py_horse_serum,CMC + PY + Horse Serum,MAPPED,CMC + PY + Horse Serum,kgmicrobe.ingredient,FALLBACK_REGISTRY,0,0,
kgmicrobe.ingredient:casitone_yeast_extract_rumen_fluid,kgmicrobe.ingredient:casitone_yeast_extract_rumen_fluid,Casitone + Yeast Extract + Rumen Fluid,MAPPED,Casitone + Yeast Extract + Rumen Fluid,kgmicrobe.ingredient,FALLBACK_REGISTRY,0,0,
kgmicrobe.ingredient:corn_steep_liquor_glucose_fumarate,kgmicrobe.ingredient:corn_steep_liquor_glucose_fumarate,Corn Steep Liquor + Glucose + Fumarate,MAPPED,Corn Steep Liquor + Glucose + Fumarate,kgmicrobe.ingredient,FALLBACK_REGISTRY,0,0,
kgmicrobe.ingredient:cyclopentanol_co2,kgmicrobe.ingredient:cyclopentanol_co2,Cyclopentanol+CO2,MAPPED,Cyclopentanol+CO2,kgmicrobe.ingredient,FALLBACK_REGISTRY,0,0,
kgmicrobe.ingredient:esculin_ferric_citrate,kgmicrobe.ingredient:esculin_ferric_citrate,Esculin Ferric Citrate,MAPPED,Esculin Ferric Citrate,kgmicrobe.ingredient,FALLBACK_REGISTRY,0,0,
kgmicrobe.compound:ethylenediamine_n_n_disuccinic_acid,kgmicrobe.compound:ethylenediamine_n_n_disuccinic_acid,"Ethylenediamine-N,N'-disuccinic acid (EDDS)",MAPPED,"Ethylenediamine-N,N'-disuccinic acid (EDDS)",kgmicrobe.compound,FALLBACK_REGISTRY,0,0,Ethylenediamine-N|N'-disuccinic Acid (EDDS)
kgmicrobe.ingredient:fastidious_anaerobe_broth_with_meat_granules,kgmicrobe.ingredient:fastidious_anaerobe_broth_with_meat_granules,Fastidious Anaerobe Broth With Meat Granules,MAPPED,Fastidious Anaerobe Broth With Meat Granules,kgmicrobe.ingredient,FALLBACK_REGISTRY,0,0,
kgmicrobe.ingredient:fermented_rumen_extract,kgmicrobe.ingredient:fermented_rumen_extract,Fermented Rumen Extract,MAPPED,Fermented Rumen Extract,kgmicrobe.ingredient,FALLBACK_REGISTRY,0,0,
kgmicrobe.ingredient:formate_3_methyl_mercaptopropionate,kgmicrobe.ingredient:formate_3_methyl_mercaptopropionate,Formate+3-methyl Mercaptopropionate,MAPPED,Formate+3-methyl Mercaptopropionate,kgmicrobe.ingredient,FALLBACK_REGISTRY,0,0,
kgmicrobe.ingredient:formate_dimethylsulfide,kgmicrobe.ingredient:formate_dimethylsulfide,Formate+dimethylsulfide,MAPPED,Formate+dimethylsulfide,kgmicrobe.ingredient,FALLBACK_REGISTRY,0,0,
kgmicrobe.ingredient:formate_methanol,kgmicrobe.ingredient:formate_methanol,Formate+methanol,MAPPED,Formate+methanol,kgmicrobe.ingredient,FALLBACK_REGISTRY,0,0,
kgmicrobe.ingredient:formate_tetramethylammonium,kgmicrobe.ingredient:formate_tetramethylammonium,Formate+tetramethylammonium,MAPPED,Formate+tetramethylammonium,kgmicrobe.ingredient,FALLBACK_REGISTRY,0,0,
kgmicrobe.ingredient:formate_trimethylamine,kgmicrobe.ingredient:formate_trimethylamine,Formate+trimethylamine,MAPPED,Formate+trimethylamine,kgmicrobe.ingredient,FALLBACK_REGISTRY,0,0,
kgmicrobe.ingredient:gyps,kgmicrobe.ingredient:gyps,GYPS,MAPPED,GYPS,kgmicrobe.ingredient,FALLBACK_REGISTRY,0,0,
kgmicrobe.ingredient:gallate_formate,kgmicrobe.ingredient:gallate_formate,Gallate + Formate,MAPPED,Gallate + Formate,kgmicrobe.ingredient,FALLBACK_REGISTRY,0,0,
kgmicrobe.ingredient:glucose_acetate,kgmicrobe.ingredient:glucose_acetate,Glucose + Acetate,MAPPED,Glucose + Acetate,kgmicrobe.ingredient,FALLBACK_REGISTRY,0,0,
kgmicrobe.ingredient:glucose_cellobiose_starch_trypticase_yeast_extract,kgmicrobe.ingredient:glucose_cellobiose_starch_trypticase_yeast_extract,Glucose + Cellobiose + Starch + Trypticase + Yeast Extract,MAPPED,Glucose + Cellobiose + Starch + Trypticase + Yeast Extract,kgmicrobe.ingredient,FALLBACK_REGISTRY,0,0,
kgmicrobe.ingredient:glucose_formate,kgmicrobe.ingredient:glucose_formate,Glucose + Formate,MAPPED,Glucose + Formate,kgmicrobe.ingredient,FALLBACK_REGISTRY,0,0,
kgmicrobe.ingredient:glucose_lactate,kgmicrobe.ingredient:glucose_lactate,Glucose + Lactate,MAPPED,Glucose + Lactate,kgmicrobe.ingredient,FALLBACK_REGISTRY,0,0,
kgmicrobe.ingredient:glucose_maltose_cellobiose_starch_glycerol,kgmicrobe.ingredient:glucose_maltose_cellobiose_starch_glycerol,Glucose + Maltose + Cellobiose + Starch + Glycerol,MAPPED,Glucose + Maltose + Cellobiose + Starch + Glycerol,kgmicrobe.ingredient,FALLBACK_REGISTRY,0,0,
kgmicrobe.ingredient:glucose_peptone_yeast_extract,kgmicrobe.ingredient:glucose_peptone_yeast_extract,Glucose Peptone-yeast Extract,MAPPED,Glucose Peptone-yeast Extract,kgmicrobe.ingredient,FALLBACK_REGISTRY,0,0,
kgmicrobe.ingredient:glucose_xylose,kgmicrobe.ingredient:glucose_xylose,Glucose + Xylose,MAPPED,Glucose + Xylose,kgmicrobe.ingredient,FALLBACK_REGISTRY,0,0,
kgmicrobe.ingredient:glucose_yeast_extract,kgmicrobe.ingredient:glucose_yeast_extract,Glucose + Yeast Extract,MAPPED,Glucose + Yeast Extract,kgmicrobe.ingredient,FALLBACK_REGISTRY,0,0,
kgmicrobe.ingredient:h2_3_methyl_mercaptopropionate,kgmicrobe.ingredient:h2_3_methyl_mercaptopropionate,H2+3-methyl Mercaptopropionate,MAPPED,H2+3-methyl Mercaptopropionate,kgmicrobe.ingredient,FALLBACK_REGISTRY,0,0,
kgmicrobe.ingredient:h2_co2,kgmicrobe.ingredient:h2_co2,H2 + CO2,MAPPED,H2 + CO2,kgmicrobe.ingredient,FALLBACK_REGISTRY,0,0,
kgmicrobe.ingredient:h2_dimethylsulfide,kgmicrobe.ingredient:h2_dimethylsulfide,H2+dimethylsulfide,MAPPED,H2+dimethylsulfide,kgmicrobe.ingredient,FALLBACK_REGISTRY,0,0,
kgmicrobe.ingredient:h2_methanol,kgmicrobe.ingredient:h2_methanol,H2+methanol,MAPPED,H2+methanol,kgmicrobe.ingredient,FALLBACK_REGISTRY,0,0,
kgmicrobe.ingredient:h2_tetramethylammonium,kgmicrobe.ingredient:h2_tetramethylammonium,H2+tetramethylammonium,MAPPED,H2+tetramethylammonium,kgmicrobe.ingredient,FALLBACK_REGISTRY,0,0,
kgmicrobe.ingredient:h2_trimethylamine,kgmicrobe.ingredient:h2_trimethylamine,H2+trimethylamine,MAPPED,H2+trimethylamine,kgmicrobe.ingredient,FALLBACK_REGISTRY,0,0,
kgmicrobe.ingredient:modified_cooked_meat_medium,kgmicrobe.ingredient:modified_cooked_meat_medium,Modified Cooked Meat Medium,MAPPED,Modified Cooked Meat Medium,kgmicrobe.ingredient,FALLBACK_REGISTRY,0,0,
kgmicrobe.ingredient:mono_and_disaccharides,kgmicrobe.ingredient:mono_and_disaccharides,Mono- And Disaccharides,MAPPED,Mono- And Disaccharides,kgmicrobe.ingredient,FALLBACK_REGISTRY,0,0,
kgmicrobe.ingredient:py_cellobiose,kgmicrobe.ingredient:py_cellobiose,PY-cellobiose,MAPPED,PY-cellobiose,kgmicrobe.ingredient,FALLBACK_REGISTRY,0,0,
kgmicrobe.ingredient:py_fructose,kgmicrobe.ingredient:py_fructose,PY-fructose,MAPPED,PY-fructose,kgmicrobe.ingredient,FALLBACK_REGISTRY,0,0,
kgmicrobe.ingredient:py_glucose_rumen_fluid,kgmicrobe.ingredient:py_glucose_rumen_fluid,PY-glucose-rumen Fluid,MAPPED,PY-glucose-rumen Fluid,kgmicrobe.ingredient,FALLBACK_REGISTRY,0,0,
kgmicrobe.ingredient:py_maltose,kgmicrobe.ingredient:py_maltose,PY-maltose,MAPPED,PY-maltose,kgmicrobe.ingredient,FALLBACK_REGISTRY,0,0,
kgmicrobe.ingredient:py_pectin,kgmicrobe.ingredient:py_pectin,PY-pectin,MAPPED,PY-pectin,kgmicrobe.ingredient,FALLBACK_REGISTRY,0,0,
kgmicrobe.ingredient:pyeg,kgmicrobe.ingredient:pyeg,PYEG,MAPPED,PYEG,kgmicrobe.ingredient,FALLBACK_REGISTRY,0,0,
kgmicrobe.ingredient:pyg_0_02_tween_80,kgmicrobe.ingredient:pyg_0_02_tween_80,PYG-0.02% Tween 80,MAPPED,PYG-0.02% Tween 80,kgmicrobe.ingredient,FALLBACK_REGISTRY,0,0,
kgmicrobe.ingredient:pyg,kgmicrobe.ingredient:pyg,PYG,MAPPED,PYG,kgmicrobe.ingredient,FALLBACK_REGISTRY,0,0,
kgmicrobe.ingredient:pygs,kgmicrobe.ingredient:pygs,PYGS,MAPPED,PYGS,kgmicrobe.ingredient,FALLBACK_REGISTRY,0,0,
kgmicrobe.ingredient:pyg_rumen_fluid,kgmicrobe.ingredient:pyg_rumen_fluid,PYG + Rumen Fluid,MAPPED,PYG + Rumen Fluid,kgmicrobe.ingredient,FALLBACK_REGISTRY,0,0,
kgmicrobe.ingredient:peptone_yeast_extract_glucose,kgmicrobe.ingredient:peptone_yeast_extract_glucose,Peptone-yeast Extract-glucose,MAPPED,Peptone-yeast Extract-glucose,kgmicrobe.ingredient,FALLBACK_REGISTRY,0,0,
kgmicrobe.ingredient:peptone_beef_extract_yeast_extract,kgmicrobe.ingredient:peptone_beef_extract_yeast_extract,Peptone + Beef Extract + Yeast Extract,MAPPED,Peptone + Beef Extract + Yeast Extract,kgmicrobe.ingredient,FALLBACK_REGISTRY,0,0,
kgmicrobe.ingredient:peptone_yeast_extract,kgmicrobe.ingredient:peptone_yeast_extract,Peptone + Yeast Extract,MAPPED,Peptone + Yeast Extract,kgmicrobe.ingredient,FALLBACK_REGISTRY,0,0,
CHEBI:78037,CHEBI:78037,Poly-beta-hydroxyalkanoate,MAPPED,polyhydroxyalkanoate,CHEBI,SYNONYM_MATCH,0,0,
kgmicrobe.ingredient:sucrose_yeast_extract,kgmicrobe.ingredient:sucrose_yeast_extract,Sucrose + Yeast Extract,MAPPED,Sucrose + Yeast Extract,kgmicrobe.ingredient,FALLBACK_REGISTRY,0,0,
kgmicrobe.compound:sugars,CHEBI:16646,Sugars,MAPPED,carbohydrate,CHEBI,NARROW_MATCH,0,0,
kgmicrobe.ingredient:tygvs_glucose,kgmicrobe.ingredient:tygvs_glucose,TYGVS + Glucose,MAPPED,TYGVS + Glucose,kgmicrobe.ingredient,FALLBACK_REGISTRY,0,0,
kgmicrobe.ingredient:trypticase_glucose_yeast_extract,kgmicrobe.ingredient:trypticase_glucose_yeast_extract,Trypticase-glucose-yeast Extract,MAPPED,Trypticase-glucose-yeast Extract,kgmicrobe.ingredient,FALLBACK_REGISTRY,0,0,
kgmicrobe.ingredient:tryptone_yeast_beef_tyb,kgmicrobe.ingredient:tryptone_yeast_beef_tyb,Tryptone/yeast/beef (tyb),MAPPED,Tryptone/yeast/beef (tyb),kgmicrobe.ingredient,FALLBACK_REGISTRY,0,0,
kgmicrobe.ingredient:yeast_extract_gluconate,kgmicrobe.ingredient:yeast_extract_gluconate,Yeast Extract + Gluconate,MAPPED,Yeast Extract + Gluconate,kgmicrobe.ingredient,FALLBACK_REGISTRY,0,0,
kgmicrobe.ingredient:yeast_extract_glucose,kgmicrobe.ingredient:yeast_extract_glucose,Yeast Extract + Glucose,MAPPED,Yeast Extract + Glucose,kgmicrobe.ingredient,FALLBACK_REGISTRY,0,0,
kgmicrobe.ingredient:yeast_extract_peptone,kgmicrobe.ingredient:yeast_extract_peptone,Yeast Extract + Peptone,MAPPED,Yeast Extract + Peptone,kgmicrobe.ingredient,FALLBACK_REGISTRY,0,0,
kgmicrobe.ingredient:yeast_extract_sulfur,kgmicrobe.ingredient:yeast_extract_sulfur,Yeast Extract + Sulfur,MAPPED,Yeast Extract + Sulfur,kgmicrobe.ingredient,FALLBACK_REGISTRY,0,0,
kgmicrobe.ingredient:yeast_meat_extract_h2,kgmicrobe.ingredient:yeast_meat_extract_h2,Yeast + Meat Extract + H2,MAPPED,Yeast + Meat Extract + H2,kgmicrobe.ingredient,FALLBACK_REGISTRY,0,0,
cas:68399-81-5,cas:68399-81-5,TAPSO,MAPPED,TAPSO,CAS,FALLBACK_REGISTRY,12,12,"3-[[1,3-dihydroxy-2-(hydroxymethyl)propan-2-yl]amino]-2-hydroxypropane-1-sulfonic acid|N-[tris(hydroxymethyl)methyl]-3-amino-2-hydroxypropanesulfonic acid"
cas:7705-07-9,cas:7705-07-9,TitaniumIII chloride,MAPPED,TitaniumIII chloride,CAS,FALLBACK_REGISTRY,0,0,
cas:13977-65-6,CHEBI:44976,KH2PO3,MAPPED,phosphonic acid,CHEBI,NARROW_MATCH,3,3,
cas:7788-99-0,CHEBI:53471,CrKSO42 x 12 H2O,MAPPED,chromium(III) sulfate,CHEBI,CLOSE_MATCH,0,0,
cas:145224-94-8,CHEBI:39005,MES Hydrat,MAPPED,2-(N-morpholino)ethanesulfonic acid,CHEBI,NARROW_MATCH,4,4,
cas:13408-09-8,CHEBI:15978,Na2glycerophosphate•5H2O,MAPPED,sn-glycerol 3-phosphate,CHEBI,NARROW_MATCH,4,4,Na2glycerophosphate•5H2O(CAS: 13408-09-8)|Na2glycerophosphate•5H2O(CAS:  13408-09-8)
cas:10049-21-5,CHEBI:37585,NaH2PO4•H2O,MAPPED,sodium dihydrogenphosphate,CHEBI,NARROW_MATCH,4,4,NaH2PO4•H2O(MCIB 742)
kgmicrobe.ingredient:hans_100x_vitamins,kgmicrobe.ingredient:hans_100x_vitamins,Hans 100x vitamins,MAPPED,Hans 100x vitamins,kgmicrobe.ingredient,FALLBACK_REGISTRY,0,0,
kgmicrobe.ingredient:hans_1000x_minerals,kgmicrobe.ingredient:hans_1000x_minerals,Hans 1000x minerals,MAPPED,Hans 1000x minerals,kgmicrobe.ingredient,FALLBACK_REGISTRY,0,0,
kgmicrobe.ingredient:glycine-naoh_buffer,kgmicrobe.ingredient:glycine-naoh_buffer,Glycine-NaOH buffer,MAPPED,Glycine-NaOH buffer,kgmicrobe.ingredient,FALLBACK_REGISTRY,2,2,
kgmicrobe.ingredient:carbon_source_solution,kgmicrobe.ingredient:carbon_source_solution,Carbon source solution,MAPPED,Carbon source solution,kgmicrobe.ingredient,FALLBACK_REGISTRY,1,1,
kgmicrobe.ingredient:aminoacids,kgmicrobe.ingredient:aminoacids,Aminoacids,MAPPED,Aminoacids,kgmicrobe.ingredient,FALLBACK_REGISTRY,6,6,
kgmicrobe.ingredient:pbs,NCIT:C178908,PBS,MAPPED,Dulbecco's Phosphate-Buffered Saline,NCIT,NARROW_MATCH,0,0,Phosphate-buffered saline
kgmicrobe.ingredient:84_gl_nahco3_solution,CHEBI:32139,84 g/L NaHCO3 solution,MAPPED,sodium hydrogencarbonate,CHEBI,NARROW_MATCH,1,1,
kgmicrobe.ingredient:l-cysteine_x_hcl_x_h2o_solution,CHEBI:91247,L-Cysteine x HCl x H2O solution,MAPPED,L-cysteine hydrochloride,CHEBI,CLOSE_MATCH,1,1,
kgmicrobe.ingredient:cholesterol_lipid_concentrate,CHEBI:16113,cholesterol lipid concentrate,MAPPED,cholesterol,CHEBI,NARROW_MATCH,2,2,
kgmicrobe.ingredient:menadione_solution,CHEBI:28869,Menadione solution,MAPPED,menadione,CHEBI,NARROW_MATCH,1,1,
kgmicrobe.ingredient:wolfes_mineral_mix_minus_nitrilotriacetic_acid,kgmicrobe.ingredient:wolfes_mineral_mix_minus_nitrilotriacetic_acid,Wolfe's mineral mix_minus_Nitrilotriacetic_acid,MAPPED,Wolfe's mineral mix_minus_Nitrilotriacetic_acid,kgmicrobe.ingredient,FALLBACK_REGISTRY,1,1,
kgmicrobe.ingredient:uw_concentrated_base_no_sulfur,kgmicrobe.ingredient:uw_concentrated_base_no_sulfur,UW concentrated base no sulfur,MAPPED,UW concentrated base no sulfur,kgmicrobe.ingredient,FALLBACK_REGISTRY,1,1,
kgmicrobe.ingredient:thauers_vitamin_mix_no_biotin,kgmicrobe.ingredient:thauers_vitamin_mix_no_biotin,Thauer's vitamin mix no Biotin,MAPPED,Thauer's vitamin mix no Biotin,kgmicrobe.ingredient,FALLBACK_REGISTRY,1,1,
kgmicrobe.ingredient:sulfur_free_mineral_mix,kgmicrobe.ingredient:sulfur_free_mineral_mix,Sulfur free mineral mix,MAPPED,Sulfur free mineral mix,kgmicrobe.ingredient,FALLBACK_REGISTRY,1,1,
kgmicrobe.ingredient:planctomyces_vitamin_mix,kgmicrobe.ingredient:planctomyces_vitamin_mix,Planctomyces_vitamin_mix,MAPPED,Planctomyces_vitamin_mix,kgmicrobe.ingredient,FALLBACK_REGISTRY,1,1,
kgmicrobe.ingredient:planctomyces_trace_element_solution,kgmicrobe.ingredient:planctomyces_trace_element_solution,Planctomyces_trace_element_solution,MAPPED,Planctomyces_trace_element_solution,kgmicrobe.ingredient,FALLBACK_REGISTRY,1,1,
kgmicrobe.ingredient:planctomyces_mineral_salts,kgmicrobe.ingredient:planctomyces_mineral_salts,Planctomyces_mineral_salts,MAPPED,Planctomyces_mineral_salts,kgmicrobe.ingredient,FALLBACK_REGISTRY,1,1,
kgmicrobe.ingredient:p-ii_metal_solution,kgmicrobe.ingredient:p-ii_metal_solution,P-II Metal Solution,MAPPED,P-II Metal Solution,kgmicrobe.ingredient,FALLBACK_REGISTRY,1,1,
kgmicrobe.ingredient:modified_p-iv_chelated_micronutrient_solution,kgmicrobe.ingredient:modified_p-iv_chelated_micronutrient_solution,Modified P-IV chelated Micronutrient Solution,MAPPED,Modified P-IV chelated Micronutrient Solution,kgmicrobe.ingredient,FALLBACK_REGISTRY,1,1,
kgmicrobe.ingredient:minor_nutrients,kgmicrobe.ingredient:minor_nutrients,Minor Nutrients,MAPPED,Minor Nutrients,kgmicrobe.ingredient,FALLBACK_REGISTRY,1,1,
kgmicrobe.ingredient:mineral_3b_solution_minus_phosphorus,kgmicrobe.ingredient:mineral_3b_solution_minus_phosphorus,Mineral 3B solution minus phosphorus,MAPPED,Mineral 3B solution minus phosphorus,kgmicrobe.ingredient,FALLBACK_REGISTRY,1,1,
kgmicrobe.ingredient:macro_component_2_for_j_medium,kgmicrobe.ingredient:macro_component_2_for_j_medium,Macro Component 2 for J medium,MAPPED,Macro Component 2 for J medium,kgmicrobe.ingredient,FALLBACK_REGISTRY,1,1,
kgmicrobe.ingredient:macro_component_1_for_j_medium,kgmicrobe.ingredient:macro_component_1_for_j_medium,Macro Component 1 for J Medium,MAPPED,Macro Component 1 for J Medium,kgmicrobe.ingredient,FALLBACK_REGISTRY,1,1,
kgmicrobe.ingredient:iron_stock,kgmicrobe.ingredient:iron_stock,Iron Stock,MAPPED,Iron Stock,kgmicrobe.ingredient,FALLBACK_REGISTRY,1,1,
kgmicrobe.ingredient:hunters_trace_stock_solution,kgmicrobe.ingredient:hunters_trace_stock_solution,Hunter's Trace Stock Solution,MAPPED,Hunter's Trace Stock Solution,kgmicrobe.ingredient,FALLBACK_REGISTRY,1,1,
kgmicrobe.ingredient:g9_trace_metals_for_j_medium,kgmicrobe.ingredient:g9_trace_metals_for_j_medium,G9 Trace Metals for J medium,MAPPED,G9 Trace Metals for J medium,kgmicrobe.ingredient,FALLBACK_REGISTRY,1,1,
kgmicrobe.ingredient:edta_stock,kgmicrobe.ingredient:edta_stock,EDTA Stock,MAPPED,EDTA Stock,kgmicrobe.ingredient,FALLBACK_REGISTRY,1,1,
kgmicrobe.ingredient:das_macro_solution,kgmicrobe.ingredient:das_macro_solution,DAS Macro Solution,MAPPED,DAS Macro Solution,kgmicrobe.ingredient,FALLBACK_REGISTRY,1,1,
kgmicrobe.ingredient:chu_stock_solution,kgmicrobe.ingredient:chu_stock_solution,Chu Stock Solution,MAPPED,Chu Stock Solution,kgmicrobe.ingredient,FALLBACK_REGISTRY,1,1,
kgmicrobe.ingredient:chelated_iron_solution,kgmicrobe.ingredient:chelated_iron_solution,Chelated Iron Solution,MAPPED,Chelated Iron Solution,kgmicrobe.ingredient,FALLBACK_REGISTRY,1,1,
kgmicrobe.ingredient:caso42h2osaturated_solution,kgmicrobe.ingredient:caso42h2osaturated_solution,CaSO4•2H2Osaturated solution,MAPPED,CaSO4•2H2Osaturated solution,kgmicrobe.ingredient,FALLBACK_REGISTRY,1,1,CaSO4•2H2Osaturated solution (Mallinckroft 4300)
kgmicrobe.ingredient:boron_stock,kgmicrobe.ingredient:boron_stock,Boron Stock,MAPPED,Boron Stock,kgmicrobe.ingredient,FALLBACK_REGISTRY,1,1,
kgmicrobe.ingredient:bold_trace_stock,kgmicrobe.ingredient:bold_trace_stock,Bold Trace Stock,MAPPED,Bold Trace Stock,kgmicrobe.ingredient,FALLBACK_REGISTRY,1,1,
kgmicrobe.ingredient:beijerincks_solution,kgmicrobe.ingredient:beijerincks_solution,Beijerinck's Solution,MAPPED,Beijerinck's Solution,kgmicrobe.ingredient,FALLBACK_REGISTRY,1,1,
kgmicrobe.ingredient:a_trace_components,kgmicrobe.ingredient:a_trace_components,A+ Trace Components,MAPPED,A+ Trace Components,kgmicrobe.ingredient,FALLBACK_REGISTRY,1,1,A+ Trace Components (sterilize before adding)
kgmicrobe.ingredient:atcc_wolfes_mineral_mix_minus_iron,kgmicrobe.ingredient:atcc_wolfes_mineral_mix_minus_iron,ATCC Wolfe's mineral mix minus iron,MAPPED,ATCC Wolfe's mineral mix minus iron,kgmicrobe.ingredient,FALLBACK_REGISTRY,1,1,
kgmicrobe.ingredient:20aa_mix,kgmicrobe.ingredient:20aa_mix,20AA_mix,MAPPED,20AA_mix,kgmicrobe.ingredient,FALLBACK_REGISTRY,1,1,
kgmicrobe.ingredient:uw_concentrated_base_no_mo,kgmicrobe.ingredient:uw_concentrated_base_no_mo,UW concentrated base no Mo,MAPPED,UW concentrated base no Mo,kgmicrobe.ingredient,FALLBACK_REGISTRY,2,2,
kgmicrobe.ingredient:tyg_salts_solution,kgmicrobe.ingredient:tyg_salts_solution,TYG salts solution,MAPPED,TYG salts solution,kgmicrobe.ingredient,FALLBACK_REGISTRY,2,2,
kgmicrobe.ingredient:spir_solution,kgmicrobe.ingredient:spir_solution,Spir solution,MAPPED,Spir solution,kgmicrobe.ingredient,FALLBACK_REGISTRY,2,2,Spir solution 1|Spir solution 2
kgmicrobe.ingredient:lcfm_carbon_mix,kgmicrobe.ingredient:lcfm_carbon_mix,LCFM Carbon mix,MAPPED,LCFM Carbon mix,kgmicrobe.ingredient,FALLBACK_REGISTRY,2,2,
kgmicrobe.ingredient:ferric_malate_solution,kgmicrobe.ingredient:ferric_malate_solution,ferric malate solution,MAPPED,ferric malate solution,kgmicrobe.ingredient,FALLBACK_REGISTRY,2,2,
kgmicrobe.ingredient:dyv_metal_solution,kgmicrobe.ingredient:dyv_metal_solution,DYV Metal Solution,MAPPED,DYV Metal Solution,kgmicrobe.ingredient,FALLBACK_REGISTRY,2,2,
kgmicrobe.ingredient:das_vitamin_cocktail,kgmicrobe.ingredient:das_vitamin_cocktail,DAS Vitamin Cocktail,MAPPED,DAS Vitamin Cocktail,kgmicrobe.ingredient,FALLBACK_REGISTRY,2,2,
kgmicrobe.ingredient:bg-11_trace_metals_solution,kgmicrobe.ingredient:bg-11_trace_metals_solution,BG-11 Trace Metals Solution,MAPPED,BG-11 Trace Metals Solution,kgmicrobe.ingredient,FALLBACK_REGISTRY,2,2,
kgmicrobe.ingredient:northen_exometabolite_mix_1,kgmicrobe.ingredient:northen_exometabolite_mix_1,Northen_Exometabolite_mix_1,MAPPED,Northen_Exometabolite_mix_1,kgmicrobe.ingredient,FALLBACK_REGISTRY,3,3,
kgmicrobe.ingredient:mwc_metal_solution,kgmicrobe.ingredient:mwc_metal_solution,MWC Metal Solution,MAPPED,MWC Metal Solution,kgmicrobe.ingredient,FALLBACK_REGISTRY,3,3,
kgmicrobe.ingredient:modified_wolfes_minerals,kgmicrobe.ingredient:modified_wolfes_minerals,Modified Wolfe's Minerals,MAPPED,Modified Wolfe's Minerals,kgmicrobe.ingredient,FALLBACK_REGISTRY,3,3,
kgmicrobe.ingredient:mc_trace_minerals,kgmicrobe.ingredient:mc_trace_minerals,Mc_trace_minerals,MAPPED,Mc_trace_minerals,kgmicrobe.ingredient,FALLBACK_REGISTRY,3,3,
kgmicrobe.ingredient:mc_general_salts,kgmicrobe.ingredient:mc_general_salts,Mc_general_salts,MAPPED,Mc_general_salts,kgmicrobe.ingredient,FALLBACK_REGISTRY,3,3,
kgmicrobe.ingredient:mme_trace_minerals,kgmicrobe.ingredient:mme_trace_minerals,MME Trace Minerals,MAPPED,MME Trace Minerals,kgmicrobe.ingredient,FALLBACK_REGISTRY,3,3,
kgmicrobe.ingredient:trace_metals_solution,kgmicrobe.ingredient:trace_metals_solution,Trace Metals Solution,MAPPED,Trace Metals Solution,kgmicrobe.ingredient,FALLBACK_REGISTRY,4,4,
kgmicrobe.ingredient:takara_do_supp_minushisleutrp,kgmicrobe.ingredient:takara_do_supp_minushisleutrp,Takara_DO_Supp_MinusHisLeuTrp,MAPPED,Takara_DO_Supp_MinusHisLeuTrp,kgmicrobe.ingredient,FALLBACK_REGISTRY,2,2,
kgmicrobe.ingredient:enrichment_solution_for_seawater_medium,kgmicrobe.ingredient:enrichment_solution_for_seawater_medium,Enrichment Solution for Seawater Medium,MAPPED,Enrichment Solution for Seawater Medium,kgmicrobe.ingredient,FALLBACK_REGISTRY,4,4,
kgmicrobe.ingredient:mineral_3b_solution_minus_nitrogen,kgmicrobe.ingredient:mineral_3b_solution_minus_nitrogen,Mineral 3B solution minus Nitrogen,MAPPED,Mineral 3B solution minus Nitrogen,kgmicrobe.ingredient,FALLBACK_REGISTRY,5,5,
kgmicrobe.ingredient:sulfur-free_dl_minerals,kgmicrobe.ingredient:sulfur-free_dl_minerals,Sulfur-free DL minerals,MAPPED,Sulfur-free DL minerals,kgmicrobe.ingredient,FALLBACK_REGISTRY,6,6,
kgmicrobe.ingredient:dl_vitamins,kgmicrobe.ingredient:dl_vitamins,DL vitamins,MAPPED,DL vitamins,kgmicrobe.ingredient,FALLBACK_REGISTRY,6,6,DL vitamins (see below)
kgmicrobe.ingredient:thauers_vitamin_mix,kgmicrobe.ingredient:thauers_vitamin_mix,Thauer's vitamin mix,MAPPED,Thauer's vitamin mix,kgmicrobe.ingredient,FALLBACK_REGISTRY,8,8,
kgmicrobe.ingredient:4_carbon_mix,kgmicrobe.ingredient:4_carbon_mix,4 Carbon Mix,MAPPED,4 Carbon Mix,kgmicrobe.ingredient,FALLBACK_REGISTRY,8,8,
kgmicrobe.ingredient:uw_concentrated_base,kgmicrobe.ingredient:uw_concentrated_base,UW concentrated base,MAPPED,UW concentrated base,kgmicrobe.ingredient,FALLBACK_REGISTRY,9,9,
kgmicrobe.ingredient:mineral_3b_solution,kgmicrobe.ingredient:mineral_3b_solution,Mineral 3B solution,MAPPED,Mineral 3B solution,kgmicrobe.ingredient,FALLBACK_REGISTRY,9,9,
kgmicrobe.ingredient:nldm_metabolites,kgmicrobe.ingredient:nldm_metabolites,NLDM_metabolites,MAPPED,NLDM_metabolites,kgmicrobe.ingredient,FALLBACK_REGISTRY,10,10,
kgmicrobe.ingredient:day_aminoacid20,kgmicrobe.ingredient:day_aminoacid20,Day_AminoAcid20,MAPPED,Day_AminoAcid20,kgmicrobe.ingredient,FALLBACK_REGISTRY,11,11,
kgmicrobe.ingredient:p-iv_metal_solution,kgmicrobe.ingredient:p-iv_metal_solution,P-IV Metal Solution,MAPPED,P-IV Metal Solution,kgmicrobe.ingredient,FALLBACK_REGISTRY,16,16,
kgmicrobe.ingredient:mc_vitamins,kgmicrobe.ingredient:mc_vitamins,Mc_vitamins,MAPPED,Mc_vitamins,kgmicrobe.ingredient,FALLBACK_REGISTRY,22,22,
kgmicrobe.ingredient:mc_trace_minerals_so4free,kgmicrobe.ingredient:mc_trace_minerals_so4free,Mc_trace_minerals_SO4free,MAPPED,Mc_trace_minerals_SO4free,kgmicrobe.ingredient,FALLBACK_REGISTRY,22,22,
kgmicrobe.ingredient:mc_general_salts_so4free,kgmicrobe.ingredient:mc_general_salts_so4free,Mc_general_salts_SO4free,MAPPED,Mc_general_salts_SO4free,kgmicrobe.ingredient,FALLBACK_REGISTRY,22,22,
kgmicrobe.ingredient:atcc_wolfes_vitamin_mix,kgmicrobe.ingredient:atcc_wolfes_vitamin_mix,ATCC Wolfe's vitamin mix,MAPPED,ATCC Wolfe's vitamin mix,kgmicrobe.ingredient,FALLBACK_REGISTRY,43,43,
kgmicrobe.ingredient:atcc_wolfes_mineral_mix,kgmicrobe.ingredient:atcc_wolfes_mineral_mix,ATCC Wolfe's mineral mix,MAPPED,ATCC Wolfe's mineral mix,kgmicrobe.ingredient,FALLBACK_REGISTRY,46,46,
kgmicrobe.ingredient:wolfes_mineral_mix,kgmicrobe.ingredient:wolfes_mineral_mix,Wolfe's mineral mix,MAPPED,Wolfe's mineral mix,kgmicrobe.ingredient,FALLBACK_REGISTRY,60,60,
kgmicrobe.ingredient:wolfes_vitamin_mix,kgmicrobe.ingredient:wolfes_vitamin_mix,Wolfe's vitamin mix,MAPPED,Wolfe's vitamin mix,kgmicrobe.ingredient,FALLBACK_REGISTRY,61,61,
UBERON:0010228,UBERON:0010228,Rumen fluid,MAPPED,ruminal fluid,UBERON,EXACT_MATCH,37,37,
NCIT:C75874,NCIT:C75874,Sea salts,MAPPED,Sea Salt,NCIT,CLOSE_MATCH,40,40,sea salts (Sigma)|Sea salts (Sigma-Aldrich)
kgmicrobe.ingredient:mops_2m_ph7,CHEBI:39074,MOPS_2M_pH7,MAPPED,MOPS,CHEBI,NARROW_MATCH,24,24,
kgmicrobe.ingredient:pipes_buffer,CHEBI:39033,PIPES buffer,MAPPED,PIPES,CHEBI,NARROW_MATCH,4,4,PIPES buffer (Sigma)
kgmicrobe.ingredient:mes_buffer,CHEBI:39010,MES buffer,MAPPED,MES,CHEBI,NARROW_MATCH,6,6,
kgmicrobe.compound:alpha-hydroxyglutarate-gamma-lactone,kgmicrobe.compound:alpha-hydroxyglutarate-gamma-lactone,Alpha-hydroxyglutarate-gamma-lactone,MAPPED,Alpha-hydroxyglutarate-gamma-lactone,kgmicrobe.compound,FALLBACK_REGISTRY,0,0,
kgmicrobe.compound:l-glutamate-gamma-3-carboxy-4-nitroanilide,kgmicrobe.compound:l-glutamate-gamma-3-carboxy-4-nitroanilide,L-glutamate-gamma-3-carboxy-4-nitroanilide,MAPPED,L-glutamate-gamma-3-carboxy-4-nitroanilide,kgmicrobe.compound,FALLBACK_REGISTRY,0,0,
kgmicrobe.compound:beta-d-galacto-pyranosyl-d-arabinose,kgmicrobe.compound:beta-d-galacto-pyranosyl-d-arabinose,Beta-D-galacto-pyranosyl-D-arabinose,MAPPED,Beta-D-galacto-pyranosyl-D-arabinose,kgmicrobe.compound,FALLBACK_REGISTRY,0,0,
kgmicrobe.compound:synthetic_sea_salts_sss,kgmicrobe.compound:synthetic_sea_salts_sss,Synthetic Sea Salts (sss),MAPPED,Synthetic Sea Salts (sss),kgmicrobe.compound,FALLBACK_REGISTRY,0,0,
kgmicrobe.compound:tetrabromopyrrole,kgmicrobe.compound:tetrabromopyrrole,Tetrabromopyrrole,MAPPED,Tetrabromopyrrole,kgmicrobe.compound,FALLBACK_REGISTRY,0,0,
kgmicrobe.compound:aminovalerate,kgmicrobe.compound:aminovalerate,Aminovalerate,MAPPED,Aminovalerate,kgmicrobe.compound,FALLBACK_REGISTRY,0,0,
kgmicrobe.compound:isopropionate,kgmicrobe.compound:isopropionate,Isopropionate,MAPPED,Isopropionate,kgmicrobe.compound,FALLBACK_REGISTRY,0,0,
kgmicrobe.compound:butamine,kgmicrobe.compound:butamine,Butamine,MAPPED,Butamine,kgmicrobe.compound,FALLBACK_REGISTRY,0,0,
kgmicrobe.compound:synanthrin,kgmicrobe.compound:synanthrin,Synanthrin,MAPPED,Synanthrin,kgmicrobe.compound,FALLBACK_REGISTRY,0,0,
kgmicrobe.compound:proteose,kgmicrobe.compound:proteose,Proteose,MAPPED,Proteose,kgmicrobe.compound,FALLBACK_REGISTRY,0,0,
kgmicrobe.compound:furaxone,kgmicrobe.compound:furaxone,Furaxone,MAPPED,Furaxone,kgmicrobe.compound,FALLBACK_REGISTRY,0,0,
kgmicrobe.compound:medicamycin,kgmicrobe.compound:medicamycin,Medicamycin,MAPPED,Medicamycin,kgmicrobe.compound,FALLBACK_REGISTRY,0,0,
kgmicrobe.compound:bacillomycin,kgmicrobe.compound:bacillomycin,Bacillomycin,MAPPED,Bacillomycin,kgmicrobe.compound,FALLBACK_REGISTRY,0,0,
mesh:D007633,mesh:D007633,Keratin,MAPPED,Keratins,MESH,CLOSE_MATCH,1,1,
mesh:C016719,mesh:C016719,Ristocetin A,MAPPED,ristocetin A,MESH,EXACT_MATCH,0,0,
mesh:D009429,mesh:D009429,Netropsin,MAPPED,Netropsin,MESH,EXACT_MATCH,0,0,
mesh:C024712,mesh:C024712,Bottromycin,MAPPED,bottromycin,MESH,EXACT_MATCH,0,0,
mesh:C041783,mesh:C041783,Actinomycin X,MAPPED,actinomycin X,MESH,EXACT_MATCH,0,0,
mesh:D005372,mesh:D005372,Filipin,MAPPED,Filipin,MESH,EXACT_MATCH,0,0,
mesh:D012313,mesh:D012313,Rna,MAPPED,RNA,MESH,EXACT_MATCH,0,0,
CHEBI:58989,CHEBI:58989,"3,4,5-trimethoxybenzoate",MAPPED,"3,4,5-trimethoxybenzoate",CHEBI,CLOSE_MATCH,0,0,5-trimethoxybenzoate|Trimethoxybenzoate
CHEBI:34367,CHEBI:34367,"4,4'-dihydroxybiphenyl",MAPPED,"biphenyl-4,4'-diol",CHEBI,CLOSE_MATCH,0,0,4-dihydroxy-biphenyl
CHEBI:18281,CHEBI:18281,"2,5-didehydro-D-gluconic acid",MAPPED,"2,5-didehydro-D-gluconic acid",CHEBI,EXACT_MATCH,0,0,5-didehydro-D-gluconic Acid
kgmicrobe.compound:3-o-methyl_alpha-d-glucopyranoside,kgmicrobe.compound:3-o-methyl_alpha-d-glucopyranoside,3-O-methyl Alpha-D-glucopyranoside,MAPPED,3-O-methyl Alpha-D-glucopyranoside,kgmicrobe.compound,FALLBACK_REGISTRY,0,0,
kgmicrobe.compound:bis-4-nitrophenyl-phenyl_phosphonate,kgmicrobe.compound:bis-4-nitrophenyl-phenyl_phosphonate,Bis-4-nitrophenyl-phenyl Phosphonate,MAPPED,Bis-4-nitrophenyl-phenyl Phosphonate,kgmicrobe.compound,FALLBACK_REGISTRY,0,0,
kgmicrobe.compound:2-deoxythymidine-5-4-nitrophenyl_phosphate,kgmicrobe.compound:2-deoxythymidine-5-4-nitrophenyl_phosphate,2-deoxythymidine-5'-4-nitrophenyl Phosphate,MAPPED,2-deoxythymidine-5'-4-nitrophenyl Phosphate,kgmicrobe.compound,FALLBACK_REGISTRY,0,0,
kgmicrobe.compound:bis-4-nitrophenyl-phosphorylcholine,kgmicrobe.compound:bis-4-nitrophenyl-phosphorylcholine,Bis-4-nitrophenyl-phosphorylcholine,MAPPED,Bis-4-nitrophenyl-phosphorylcholine,kgmicrobe.compound,FALLBACK_REGISTRY,0,0,
kgmicrobe.compound:l-proline-4-nitroanilide,kgmicrobe.compound:l-proline-4-nitroanilide,L-proline-4-nitroanilide,MAPPED,L-proline-4-nitroanilide,kgmicrobe.compound,FALLBACK_REGISTRY,0,0,
kgmicrobe.compound:l-alanine_4-nitroanilide,kgmicrobe.compound:l-alanine_4-nitroanilide,L-alanine 4-nitroanilide,MAPPED,L-alanine 4-nitroanilide,kgmicrobe.compound,FALLBACK_REGISTRY,0,0,
ENVO:00002984,ENVO:00002984,Crude Oil,MAPPED,petroleum,ENVO,SYNONYM_MATCH,0,0,
NCIT:C166659,NCIT:C166659,Carbomycin,MAPPED,Carbomycin,NCIT,EXACT_MATCH,0,0,
NCIT:C386,NCIT:C386,Colistin Sulfate,MAPPED,Colistin Sulfate,NCIT,EXACT_MATCH,0,0,
NCIT:C166895,NCIT:C166895,Lysostaphin,MAPPED,Lysostaphin,NCIT,EXACT_MATCH,0,0,
NCIT:C61894,NCIT:C61894,Polymyxin B,MAPPED,Polymyxin B,NCIT,EXACT_MATCH,0,0,
CHEBI:27374,CHEBI:27374,L-inositol,MAPPED,1L-chiro-inositol,CHEBI,SYNONYM_MATCH,1,1,
CHEBI:82679,CHEBI:82679,Nutriacholic Acid,MAPPED,7-oxolithocholic acid,CHEBI,SYNONYM_MATCH,0,0,
CHEBI:81879,CHEBI:81879,Rhodomycin B,MAPPED,beta-Rhodomycin,CHEBI,SYNONYM_MATCH,0,0,
CHEBI:18394,CHEBI:18394,Palatinose,MAPPED,6-O-alpha-D-glucopyranosyl-D-fructofuranose,CHEBI,SYNONYM_MATCH,0,0,
CHEBI:75273,CHEBI:75273,Niaproof,MAPPED,sodium tetradecyl sulfate,CHEBI,SYNONYM_MATCH,0,0,
CHEBI:37671,CHEBI:37671,3-beta-d-glucan,MAPPED,(1->3)-beta-D-glucan,CHEBI,SYNONYM_MATCH,0,0,
kgmicrobe.compound:24-diamino-67-di-iso-propylpteridine_phosphate,CHEBI:73908,"2,4-diamino-6,7-di-iso-propylpteridine phosphate",MAPPED,"2,4-diamino-6,7-diisopropylpteridine",CHEBI,NARROW_MATCH,0,0,7-di-iso-propylpteridine Phosphate)|0129 (2|4-Diamino-6
kgmicrobe.compound:maltose_hydrate,CHEBI:17306,Maltose Hydrate,MAPPED,maltose,CHEBI,CLOSE_MATCH,0,0,
kgmicrobe.compound:potassium_2-ketogluconate,CHEBI:16808,Potassium 2-ketogluconate,MAPPED,2-dehydro-D-gluconate,CHEBI,NARROW_MATCH,0,0,
kgmicrobe.compound:potassium_2-dehydro-d-gluconate,CHEBI:16808,Potassium 2-dehydro-D-gluconate,MAPPED,2-dehydro-D-gluconate,CHEBI,NARROW_MATCH,0,0,
kgmicrobe.compound:potassium_5-dehydro-d-gluconate,CHEBI:58143,Potassium 5-dehydro-D-gluconate,MAPPED,5-dehydro-D-gluconate,CHEBI,NARROW_MATCH,0,0,
kgmicrobe.compound:potassium_5-ketogluconate,CHEBI:58143,Potassium 5-ketogluconate,MAPPED,5-dehydro-D-gluconate,CHEBI,NARROW_MATCH,0,0,
CHEBI:17620,CHEBI:17620,Ferulate,MAPPED,trans-ferulic acid,CHEBI,CLOSE_MATCH,0,0,
CHEBI:55507,CHEBI:55507,1-o-methyl Alpha-galactopyranoside,MAPPED,methyl alpha-D-galactoside,CHEBI,SYNONYM_MATCH,0,0,
CHEBI:36241,CHEBI:36241,Protocatechuate,MAPPED,"3,4-dihydroxybenzoate",CHEBI,SYNONYM_MATCH,1,1,
CHEBI:167506,CHEBI:167506,2-dimethylsuccinic Acid,MAPPED,"2,3-dimethylsuccinic acid",CHEBI,CLOSE_MATCH,0,0,
CHEBI:17464,CHEBI:17464,L-galactonic Acid Gamma-lactone,MAPPED,"L-galactono-1,4-lactone",CHEBI,SYNONYM_MATCH,0,0,
CHEBI:5390,CHEBI:5390,Glutamyl-glutamic Acid,MAPPED,Glu-Glu,CHEBI,SYNONYM_MATCH,0,0,
CHEBI:149531,CHEBI:149531,Carminate,MAPPED,carminate(2-),CHEBI,SYNONYM_MATCH,0,0,
CHEBI:90601,CHEBI:90601,L-pyroglutamic Acid 2-naphthylamide,MAPPED,5-oxo-L-proline 2-naphthylamide,CHEBI,SYNONYM_MATCH,0,0,
CHEBI:16077,CHEBI:16077,Glucose 1-phosphate,MAPPED,D-glucopyranose 1-phosphate,CHEBI,CLOSE_MATCH,0,0,
CHEBI:73804,CHEBI:73804,Glycyl L-aspartic Acid,MAPPED,Gly-Asp,CHEBI,SYNONYM_MATCH,0,0,
CHEBI:15895,CHEBI:15895,D-galactonic Acid Lactone,MAPPED,"D-galactono-1,4-lactone",CHEBI,SYNONYM_MATCH,0,0,
CHEBI:90144,CHEBI:90144,O-nitrophenyl-beta-D-galactopyranosid,MAPPED,2-nitrophenyl beta-D-galactoside,CHEBI,SYNONYM_MATCH,0,0,
CHEBI:15978,CHEBI:15978,Glycerol 3-phosphate,MAPPED,sn-glycerol 3-phosphate,CHEBI,CLOSE_MATCH,1,1,
CHEBI:24750,CHEBI:24750,Hydroxystreptomycin,MAPPED,5'-hydroxystreptomycin,CHEBI,CLOSE_MATCH,0,0,
CHEBI:81287,CHEBI:81287,Neomycin F,MAPPED,Paromomycin II,CHEBI,SYNONYM_MATCH,0,0,
CHEBI:81430,CHEBI:81430,Dactimicin,MAPPED,Formimidoyl-fortimicin A,CHEBI,SYNONYM_MATCH,0,0,
CHEBI:27907,CHEBI:27907,Alpha-L-rhamnose,MAPPED,alpha-L-rhamnopyranose,CHEBI,SYNONYM_MATCH,0,0,
CHEBI:2179,CHEBI:2179,6-deoxy-d-galactose,MAPPED,D-fucopyranose,CHEBI,SYNONYM_MATCH,0,0,
CHEBI:67135,CHEBI:67135,Azomycin,MAPPED,2-nitroimidazole,CHEBI,SYNONYM_MATCH,0,0,
CHEBI:17833,CHEBI:17833,Gentamicin,MAPPED,gentamycin,CHEBI,SYNONYM_MATCH,2,2,gentamicin (if needed)
CHEBI:71422,CHEBI:71422,Beta-gentiobiose,MAPPED,beta-D-Glcp-(1->6)-beta-D-Glcp,CHEBI,SYNONYM_MATCH,0,0,
CHEBI:17784,CHEBI:17784,D-glucosaminic Acid,MAPPED,2-amino-2-deoxy-D-gluconic acid,CHEBI,SYNONYM_MATCH,0,0,
CHEBI:30566,CHEBI:30566,4-aminobutyrate,MAPPED,gamma-aminobutyrate,CHEBI,SYNONYM_MATCH,0,0,
CHEBI:15588,CHEBI:15588,D-malate,MAPPED,(R)-malate(2-),CHEBI,SYNONYM_MATCH,0,0,
CHEBI:73908,CHEBI:73908,Vibriostat,MAPPED,"2,4-diamino-6,7-diisopropylpteridine",CHEBI,SYNONYM_MATCH,0,0,Vibriostatic Agent O/129
CHEBI:22210,CHEBI:22210,Aconitate,MAPPED,aconitate(3-),CHEBI,CLOSE_MATCH,0,0,
CHEBI:16087,CHEBI:16087,Isocitrate,MAPPED,isocitrate(3-),CHEBI,CLOSE_MATCH,0,0,
CHEBI:17128,CHEBI:17128,Adipate,MAPPED,adipate(2-),CHEBI,CLOSE_MATCH,0,0,
CHEBI:30043,CHEBI:30043,Terephthalate,MAPPED,terephthalate(2-),CHEBI,SYNONYM_MATCH,0,0,
CHEBI:30803,CHEBI:30803,Isophthalate,MAPPED,isophthalate(2-),CHEBI,SYNONYM_MATCH,0,0,
CHEBI:13997,CHEBI:13997,Citramalate,MAPPED,citramalate(2-),CHEBI,SYNONYM_MATCH,0,0,
CHEBI:30719,CHEBI:30719,Citraconate,MAPPED,citraconate(2-),CHEBI,SYNONYM_MATCH,0,0,
CHEBI:16537,CHEBI:16537,Galactarate,MAPPED,galactarate(2-),CHEBI,SYNONYM_MATCH,0,0,
CHEBI:17240,CHEBI:17240,Itaconate,MAPPED,itaconate(2-),CHEBI,SYNONYM_MATCH,0,0,
CHEBI:29806,CHEBI:29806,Fumarate,MAPPED,fumarate(2-),CHEBI,SYNONYM_MATCH,2,2,
CHEBI:15792,CHEBI:15792,Malonate,MAPPED,malonate(2-),CHEBI,SYNONYM_MATCH,0,0,
CHEBI:64243,CHEBI:64243,Sodium L-glutamate,MAPPED,monosodium L-glutamate,CHEBI,SYNONYM_MATCH,2,2,Na-glutamate
CHEBI:15226,CHEBI:15226,Tetrathionate,MAPPED,tetrathionate(2-),CHEBI,SYNONYM_MATCH,1,1,
CHEBI:15589,CHEBI:15589,L-malate,MAPPED,(S)-malate(2-),CHEBI,SYNONYM_MATCH,0,0,
CHEBI:29033,CHEBI:29033,Ferrous Ion,MAPPED,iron(2+),CHEBI,SYNONYM_MATCH,0,0,
CHEBI:18333,CHEBI:18333,D-arabitol,MAPPED,D-arabinitol,CHEBI,SYNONYM_MATCH,0,0,
CHEBI:16383,CHEBI:16383,Cis-aconitate,MAPPED,cis-aconitate(3-),CHEBI,SYNONYM_MATCH,0,0,
CHEBI:17747,CHEBI:17747,Bis(2-ethylhexyl)phthalate,MAPPED,bis(2-ethylhexyl) phthalate,CHEBI,SYNONYM_MATCH,0,0,
CHEBI:34036,CHEBI:34036,"1,2,3-trichloropropane",MAPPED,"1,2,3-Trichloropropane",CHEBI,EXACT_MATCH,0,0,3-trichloropropane
CHEBI:27789,CHEBI:27789,"1,2-dichloroethane",MAPPED,"1,2-dichloroethane",CHEBI,EXACT_MATCH,0,0,2-dichloroethane
CHEBI:15987,CHEBI:15987,Trithionate,MAPPED,trithionate(2-),CHEBI,SYNONYM_MATCH,0,0,
CHEBI:18212,CHEBI:18212,Selenite,MAPPED,selenite(2-),CHEBI,SYNONYM_MATCH,0,0,
CHEBI:18154,CHEBI:18154,Polysaccharides,MAPPED,polysaccharide,CHEBI,SYNONYM_MATCH,0,0,
CHEBI:53259,CHEBI:53259,Poly(ethylene Terephthalate),MAPPED,poly(ethylene terephthalate) macromolecule,CHEBI,SYNONYM_MATCH,0,0,
CHEBI:29991,CHEBI:29991,L-aspartate,MAPPED,L-aspartate(1-),CHEBI,SYNONYM_MATCH,21,21,
CHEBI:73757,CHEBI:73757,L-alanylglycine,MAPPED,Ala-Gly,CHEBI,SYNONYM_MATCH,0,0,
CHEBI:63961,CHEBI:63961,Glycylglycylglycine,MAPPED,glycyl-glycyl-glycine,CHEBI,SYNONYM_MATCH,0,0,
CHEBI:70744,CHEBI:70744,Glycyl-L-proline,MAPPED,Gly-Pro,CHEBI,SYNONYM_MATCH,0,0,Glycine-proline
CHEBI:29987,CHEBI:29987,Glutamate,MAPPED,glutamate(2-),CHEBI,SYNONYM_MATCH,0,0,
CHEBI:30612,CHEBI:30612,D-glucarate,MAPPED,D-glucarate(2-),CHEBI,SYNONYM_MATCH,1,1,D-saccharate
CHEBI:29994,CHEBI:29994,D-aspartate,MAPPED,D-aspartate(2-),CHEBI,SYNONYM_MATCH,1,1,
CHEBI:3122,CHEBI:3122,Bis-4-nitrophenyl Phosphate,MAPPED,bis-4-nitrophenyl phosphate,CHEBI,EXACT_MATCH,0,0,
CHEBI:30295,CHEBI:30295,Antimonate,MAPPED,antimonate(3-),CHEBI,SYNONYM_MATCH,0,0,
CHEBI:90148,CHEBI:90148,4-nitrophenyl Beta-D-xylopyranoside,MAPPED,4-nitrophenyl beta-D-xyloside,CHEBI,SYNONYM_MATCH,0,0,
CHEBI:90259,CHEBI:90259,4-nitrophenyl Beta-D-glucopyranoside,MAPPED,4-nitrophenyl beta-D-glucoside,CHEBI,SYNONYM_MATCH,0,0,
CHEBI:91122,CHEBI:91122,4-nitrophenyl Alpha-D-glucopyranoside,MAPPED,4-nitrophenyl alpha-D-glucoside,CHEBI,SYNONYM_MATCH,0,0,
CHEBI:17256,CHEBI:17256,2-deoxyadenosine,MAPPED,2'-deoxyadenosine,CHEBI,EXACT_MATCH,0,0,
CHEBI:16567,CHEBI:16567,2-aminobenzoate,MAPPED,anthranilate,CHEBI,SYNONYM_MATCH,0,0,
CHEBI:62318,CHEBI:62318,D-lyxose,MAPPED,D-lyxose,CHEBI,SYNONYM_MATCH,0,0,(2)-D-lyxose|D-(-)-lyxose|D-lyxo-pentose
CHEBI:16659,CHEBI:16659,D-glycerate,MAPPED,D-glycerate,CHEBI,EXACT_MATCH,0,0,
CHEBI:29101,CHEBI:29101,Sodium(+),MAPPED,sodium(1+),CHEBI,SYNONYM_MATCH,0,0,Sodium
CHEBI:29034,CHEBI:29034,Ferric Iron,MAPPED,iron(3+),CHEBI,SYNONYM_MATCH,0,0,
CHEBI:16583,CHEBI:16583,Diacetyl,MAPPED,"butane-2,3-dione",CHEBI,SYNONYM_MATCH,0,0,
CHEBI:149425,CHEBI:149425,NH4MgPO,MAPPED,ammonium magnesium phosphate,CHEBI,SYNONYM_MATCH,2,2,NH4MgPO4(Sigma 529354)
cas:13446-18-9,CHEBI:64736,magnesium nitrate hexahydrate,MAPPED,magnesium nitrate,CHEBI,CLOSE_MATCH,2,2,MgNO32 x 6 H2O|Mg(NO3)2 x 6 H2O
CHEBI:229630,CHEBI:229630,NH42CO3,MAPPED,ammonium carbonate,CHEBI,EXACT_MATCH,2,2,
CHEBI:45165,CHEBI:45165,Pyromelitic acid,MAPPED,pyromellitic acid,CHEBI,EXACT_MATCH,3,3,
CHEBI:30065,CHEBI:30065,Thioglycollic acid,MAPPED,thioglycolic acid,CHEBI,EXACT_MATCH,3,3,
CHEBI:232610,CHEBI:232610,KNO2,MAPPED,potassium nitrite,CHEBI,EXACT_MATCH,2,2,
CHEBI:32918,CHEBI:32918,1-Naphthylacetic acid,MAPPED,1-naphthaleneacetic acid,CHEBI,SYNONYM_MATCH,0,0,1-Naphtylacetic Acid|1-naphthylacetic acid|NAA|naphthalen-1-ylacetic acid
CHEBI:27569,CHEBI:27569,(+)-Arabinogalactan,MAPPED,arabinogalactan,CHEBI,CAS_RN_LOOKUP,0,0,
CHEBI:4806,CHEBI:4806,(-)-Epigallocatechin gallate,MAPPED,(-)-epigallocatechin 3-gallate,CHEBI,CAS_RN_LOOKUP,0,0,"(2R,3R)-5,7-dihydroxy-2-(3,4,5-trihydroxyphenyl)-3,4-dihydro-2H-chromen-3-yl 3,4,5-trihydroxybenzoate"
CHEBI:28918,CHEBI:28918,(-)-Epinephrine,MAPPED,(R)-adrenaline,CHEBI,CAS_RN_LOOKUP,0,0,"4-[(1R)-1-hydroxy-2-(methylamino)ethyl]benzene-1,2-diol"
CHEBI:18357,CHEBI:18357,(-)-Norepinephrine,MAPPED,(R)-noradrenaline,CHEBI,CAS_RN_LOOKUP,0,0,"4-[(1R)-2-amino-1-hydroxyethyl]benzene-1,2-diol"
CHEBI:53188,CHEBI:53188,(+/-)-Verapamil hydrochloride,MAPPED,verapamil hydrochloride,CHEBI,CAS_RN_LOOKUP,0,0,"rac-2-(3,4-dimethoxyphenyl)-5-{[2-(3,4-dimethoxyphenyl)ethyl](methyl)amino}-2-isopropylpentanenitrile hydrochloride|rac-4-cyano-4-(3,4-dimethoxyphenyl)-N-[2-(3,4-dimethoxyphenyl)ethyl]-N,5-dimethylhexan-1-aminium chloride"
CHEBI:125,CHEBI:125,(-)-alpha-bisabolol,MAPPED,(-)-alpha-Bisabolol,CHEBI,EXACT_MATCH,0,0,Bisabolol
cas:247167-54-0,cas:247167-54-0,(5z)-4-bromo-5-(bromomethylene)-2(5h)-furanone,MAPPED,(5z)-4-bromo-5-(bromomethylene)-2(5h)-furanone,CAS,FALLBACK_REGISTRY,0,0,
CHEBI:10983,CHEBI:10983,(R)-3-hydroxybutyrate,MAPPED,(R)-3-hydroxybutyrate,CHEBI,EXACT_MATCH,0,0,(3R)-3-hydroxybutanoate
CHEBI:11047,CHEBI:11047,(S)-3-hydroxybutyrate,MAPPED,(S)-3-hydroxybutyrate,CHEBI,EXACT_MATCH,0,0,(3S)-3-hydroxybutanoate
kgmicrobe.ingredient:0_2_thiamine_pyrophosphate,kgmicrobe.ingredient:0_2_thiamine_pyrophosphate,0.2% Thiamine pyrophosphate,MAPPED,0.2% Thiamine pyrophosphate,kgmicrobe.ingredient,FALLBACK_REGISTRY,1,1,"3-[(4-amino-2-methyl-5-pyrimidinyl)methyl]-4-methyl-5-(4,6,6-trihydroxy-4,6-dioxido-3,5-dioxa-4,6-diphosphahex-1-yl)thiazolium|3-[(4-amino-2-methylpyrimidin-5-yl)methyl]-5-(2-{[hydroxy(phosphonooxy)phosphoryl]oxy}ethyl)-4-methyl-1,3-thiazol-3-ium|3-[(4-amino-2-methylpyrimidin-5-yl)methyl]-5-[2-(diphosphooxy)ethyl]-4-methyl-1,3-thiazol-3-ium|ThDP|ThPP|thiamine-pyrophosphate"
CHEBI:132766,CHEBI:132766,"0.5 M Nitrilotriacetic acid, disodium salt",MAPPED,sodium nitrilotriacetate,CHEBI,EXACT_MATCH,2,2,"N,N-Bis(carboxymethyl)glycine, trisodium salt|NTA Trisodium salt|Nitrilotriacetic acid sodium salt|Nitrilotriacetic acid, trisodium salt|Trisodium N,N-bis(carboxymethyl)glycinate|Trisodium NTA|Trisodium aminotriacetate|Trisodium nitrilotriacetate|trisodium 2,2',2''-nitrilotriacetate"
CHEBI:16885,CHEBI:16885,1-Kestose,MAPPED,1-kestose,CHEBI,EXACT_MATCH,0,0,beta-D-fructofuranosyl-(2->1)-beta-D-fructofuranosyl alpha-D-glucopyranoside
CHEBI:44884,CHEBI:44884,1-Pentanol,MAPPED,pentan-1-ol,CHEBI,CAS_RN_LOOKUP,0,0,
CHEBI:18053,CHEBI:18053,1-aminocyclopropane-1-carboxylate,MAPPED,1-aminocyclopropanecarboxylic acid,CHEBI,CAS_RN_LOOKUP,0,0,1-Aminocyclopropane-1-carboxylic acid
cas:143314-17-4,CHEBI:61326,1-ethyl-3-methylimidazolium acetate,MAPPED,1-ethyl-3-methylimidazolium,CHEBI,NARROW_MATCH,0,0,1-ethyl-3-methyl-1H-imidazol-3-ium
CHEBI:61327,CHEBI:61327,1-ethyl-3-methylimidazolium chloride,MAPPED,1-ethyl-3-methylimidazolium chloride,CHEBI,EXACT_MATCH,0,0,1-ethyl-3-methyl-1H-imidazol-3-ium chloride
CHEBI:61326,CHEBI:61326,1-ethyl-3-methylimidazolium lysine,MAPPED,1-ethyl-3-methylimidazolium,CHEBI,LEXICAL_MATCH,0,0,1-ethyl-3-methyl-1H-imidazol-3-ium
CHEBI:34118,CHEBI:34118,1-octen-3-ol,MAPPED,oct-1-en-3-ol,CHEBI,CAS_RN_LOOKUP,0,0,
CHEBI:62240,CHEBI:62240,1-phenazinecarboxamide,MAPPED,phenazine-1-carboxamide,CHEBI,CAS_RN_LOOKUP,0,0,
CHEBI:36018,CHEBI:36018,"1,1,2-Trichloroethane",MAPPED,"1,1,2-trichloroethane",CHEBI,EXACT_MATCH,3,3,"1,1,2-Trichloraethan|1,1,2-trichlorethane|1,2,2-trichloroethane|beta-T|beta-trichloroethane|2-trichloroethane"
CHEBI:16997,CHEBI:16997,"1,2-Propanediol",MAPPED,"propane-1,2-diol",CHEBI,CAS_RN_LOOKUP,0,0,2-propandiol
CHEBI:82163,CHEBI:82163,"1,2-Dichloropropane",MAPPED,"rac-1,2-dichloropropane",CHEBI,SYNONYM_MATCH,2,2,"2-dichloropropane|1,2--Dichloropropane (10 mg/ml in methanol)"
CHEBI:52683,CHEBI:52683,"1,3-Butanediol",MAPPED,"butane-1,3-diol",CHEBI,CAS_RN_LOOKUP,0,0,"1,3-Butandiol"
cas:21531-91-9,cas:21531-91-9,"1,3-Hexanediol",MAPPED,"1,3-Hexanediol",CAS,FALLBACK_REGISTRY,0,0,
CHEBI:16109,CHEBI:16109,"1,3-Propanediol",MAPPED,"propane-1,3-diol",CHEBI,CAS_RN_LOOKUP,0,0,Trimethyleneglycol
cas:2152-98-9,CHEBI:36226,"1,4-B-D-Galactobiose",MAPPED,beta-D-galactopyranosyl-(1->4)-D-galactopyranose,CHEBI,SYNONYM_MATCH,0,0,
CHEBI:41189,CHEBI:41189,"1,4-Butanediol",MAPPED,"butane-1,4-diol",CHEBI,CAS_RN_LOOKUP,0,0,"Butane-1,4-diol|Butane-1|4-diol"
CHEBI:27418,CHEBI:27418,"1,4-Naphthoquinone",MAPPED,"1,4-naphthoquinone",CHEBI,EXACT_MATCH,9,9,"1,4-NQ|1,4-Naphthalenedione|1,4-dihydro-1,4-diketonaphthalene|[1,4]naphthoquinon|alpha-naphthoquinone|naphthalene-1,4-dione|naphthoquinone|p-naphthoquinone"
CHEBI:185431,CHEBI:185431,"1,5-Pentanediol",MAPPED,"Pentane-1,5-diol",CHEBI,CAS_RN_LOOKUP,0,0,
cas:124-09-4,cas:124-09-4,"1,6-Hexanediamine",MAPPED,"1,6-Hexanediamine",CAS,FALLBACK_REGISTRY,0,0,
CHEBI:32397,CHEBI:32397,18-Crown-6,MAPPED,18-crown-6,CHEBI,EXACT_MATCH,0,0,"1,4,7,10,13,16-hexaoxacyclooctadecane"
CHEBI:63861,CHEBI:63861,2-(Methylthio)ethanol,MAPPED,2-methylthioethanol,CHEBI,CAS_RN_LOOKUP,0,0,2-(methylsulfanyl)ethanol
cas:303-07-1,cas:303-07-1,"2,6-dihydroxybenzoic acid",MAPPED,2-6-dihydroxybenzoic acid,CAS,FALLBACK_REGISTRY,0,0,2-6-dihydroxybenzoic acid
CHEBI:59981,CHEBI:59981,2-Acetylpyrrole,MAPPED,2-acetylpyrrole,CHEBI,EXACT_MATCH,0,0,
CHEBI:327119,CHEBI:327119,2-Azetidinone,MAPPED,azetidin-2-one,CHEBI,CAS_RN_LOOKUP,0,0,
CHEBI:28816,CHEBI:28816,2-Deoxy-D-Ribose,MAPPED,2-deoxy-D-ribose,CHEBI,EXACT_MATCH,0,0,2-deoxy-D-erythro-pentose
CHEBI:15866,CHEBI:15866,2-Deoxy-D-glucose,MAPPED,2-deoxy-D-glucose,CHEBI,EXACT_MATCH,0,0,2-Deoxy-D-arabino-hexose
cas:7284-15-3,CHEBI:86350,2-Deoxy-D-ribonic acid lithium salt,MAPPED,2-deoxy-D-ribonic acid,CHEBI,NARROW_MATCH,0,0,lithium deoxyribonoate|2-deoxy-D-erythro-pentonic acid
CHEBI:17713,CHEBI:17713,2-Deoxyadenosine 5-monophosphate,MAPPED,2'-deoxyadenosine 5'-monophosphate,CHEBI,CAS_RN_LOOKUP,0,0,2'-deoxy-5'-adenylic acid
cas:16373-93-6,CHEBI:17256,2-Deoxyadenosine monohydrate,MAPPED,2'-deoxyadenosine,CHEBI,CLOSE_MATCH,0,0,
CHEBI:15698,CHEBI:15698,2'-Deoxycytidine,MAPPED,2'-deoxycytidine,CHEBI,EXACT_MATCH,0,0,
CHEBI:15918,CHEBI:15918,2-Deoxycytidine 5-monophosphate,MAPPED,2'-deoxycytosine 5'-monophosphate,CHEBI,CAS_RN_LOOKUP,0,0,2'-deoxy-5'-cytidylic acid
CHEBI:16011,CHEBI:16011,2-Ethylhexanol,MAPPED,2-ethylhexan-1-ol,CHEBI,CAS_RN_LOOKUP,0,0,
CHEBI:34768,CHEBI:34768,2-Furfuraldehyde,MAPPED,furfural,CHEBI,CAS_RN_LOOKUP,0,0,furan-2-carbaldehyde
CHEBI:184501,CHEBI:184501,"2-Hydroxy-3,4-Dimethoxybenzoic Acid",MAPPED,"2-HYDROXY-3,4-DIMETHOXYBENZOIC ACID",CHEBI,EXACT_MATCH,0,0,
cas:5094-24-6,CHEBI:1148,2-Hydroxybutyric acid sodium salt,MAPPED,2-hydroxybutyric acid,CHEBI,NARROW_MATCH,0,0,2-hydroxybutanoic acid
CHEBI:16540,CHEBI:16540,2-Hydroxypyridine,MAPPED,pyridin-2-ol,CHEBI,CAS_RN_LOOKUP,0,0,
cas:1040352-40-6,CHEBI:27469,2-Keto-D-gluconic acid hemicalcium salt hydrate,MAPPED,2-dehydro-D-gluconic acid,CHEBI,CLOSE_MATCH,0,0,
cas:3470-37-9,CHEBI:27469,2-Keto-D-gluconic acid hemicalcium salt monohydrate,MAPPED,2-dehydro-D-gluconic acid,CHEBI,CLOSE_MATCH,0,0,
CHEBI:201738,CHEBI:201738,2-Mercaptopyridine N-oxide sodium salt,MAPPED,2-Mercaptopyridine N-oxide sodium salt,CHEBI,EXACT_MATCH,0,0,sodium;1-oxidopyridine-2-thione
CHEBI:77761,CHEBI:77761,2-Piperidinone,MAPPED,piperidin-2-one,CHEBI,CAS_RN_LOOKUP,0,0,
mesh:C028805,mesh:C028805,2-Sulfobenzoic acid,MAPPED,2-sulfobenzoic acid,MESH,EXACT_MATCH,2,2,
CHEBI:31306,CHEBI:31306,"2-bromo-2-nitro-1,3-propanediol",MAPPED,Bronopol,CHEBI,CAS_RN_LOOKUP,0,0,
CHEBI:15930,CHEBI:15930,"2-chloro-4ethylamino-6-isopropylamino-1,3,5-triazine",MAPPED,atrazine,CHEBI,EXACT_MATCH,1,1,"2-chloro-4-ethylamino-6-isopropylamino-1,3,5-triazine|atrazine|6-chloro-N-ethyl-N'-(propan-2-yl)-1,3,5-triazine-2,4-diamine|2-chloro-4(ethylamino)-6-(isopropylamino)-1,3,5-triazine"
CHEBI:147155,CHEBI:147155,2'-fucosyllactose,MAPPED,2'-fucosyllactose,CHEBI,EXACT_MATCH,0,0,6-deoxy-alpha-L-galactopyranosyl-(1->2)-beta-D-galactopyranosyl-(1->4)-D-glucopyranose
CHEBI:30845,CHEBI:30845,2-Furoic acid,MAPPED,2-furoic acid,CHEBI,EXACT_MATCH,2,2,2-Furancarboxylic acid|2-carboxyfuran|2-furanoic acid|Furan-2-carbonsaeure|Pyromucic acid|acide 2-furoique|acido 2-furoico|alpha-furancarboxylic acid|alpha-furoic acid|furan-2-carboxylic acid
CHEBI:17905,CHEBI:17905,2-Mercaptoethanesulfonate,MAPPED,coenzyme M,CHEBI,EXACT_MATCH,79,79,1-THIOETHANESULFONIC ACID|2-Mercaptoethanesulfonic acid|2-mercaptoethanesulphonic acid|2-sulfanylethanesulfonic acid|2-sulfanylethylsulfonate|CoM|Coenzym M|HS-CoM|beta-mercaptoethanesulfonic acid|coenzima M|reduced CoM|reduced coenzyme M|Coenzyme M|2-Mercaptoethanesulfonic acid (Coenzyme M)
CHEBI:41218,CHEBI:41218,2-Mercaptoethanol,MAPPED,mercaptoethanol,CHEBI,EXACT_MATCH,5,5,2-sulfanylethanol|BETA-MERCAPTOETHANOL|Mercaptoethanol|Thioglycol
CHEBI:48945,CHEBI:48945,2-methyl-1-butanol,MAPPED,2-methylbutan-1-ol,CHEBI,CAS_RN_LOOKUP,0,0,
CHEBI:53620,CHEBI:53620,2-methyl-4-isothizaolin-3-one,MAPPED,methylisothiazolinone,CHEBI,CAS_RN_LOOKUP,0,0,"2-methyl-1,2-thiazol-3(2H)-one"
CHEBI:28362,CHEBI:28362,2-n-Heptyl-4-hydroxyquinoline N-oxide,MAPPED,2-heptyl-4-hydroxyquinoline N-oxide,CHEBI,CAS_RN_LOOKUP,0,0,2-heptylquinolin-4-ol 1-oxide
cas:2013-26-5,CHEBI:16763,2-oxobutyric acid sodium salt,MAPPED,2-oxobutanoate,CHEBI,NARROW_MATCH,0,0,Sodium 2-oxobutyrate
CHEBI:89197,CHEBI:89197,2-pentyl-furan,MAPPED,2-pentylfuran,CHEBI,CAS_RN_LOOKUP,0,0,
CHEBI:77930,CHEBI:77930,2-undecanol,MAPPED,undecan-2-ol,CHEBI,CAS_RN_LOOKUP,0,0,
CHEBI:30351,CHEBI:30351,"2,2'-Dipyridyl",MAPPED,"2,2'-bipyridine",CHEBI,CAS_RN_LOOKUP,0,0,
cas:10222-01-2,cas:10222-01-2,"2,2-dibromo-2-cyanoacetamide",MAPPED,"2,2-dibromo-2-cyanoacetamide",CAS,FALLBACK_REGISTRY,0,0,
CHEBI:131383,CHEBI:131383,"2,2,4,4,6,8,8-Heptamethylnonane",MAPPED,"2,2,4,4,6,8,8-heptamethylnonane",CHEBI,EXACT_MATCH,12,12,heptamethylnonane|isocetane
CHEBI:62064,CHEBI:62064,"2,3-butanediol",MAPPED,"butane-2,3-diol",CHEBI,EXACT_MATCH,7,7,"2,3-Butylene glycol|2,3-Dihydroxybutane|Dimethylene glycol|Dimethylethylene glycol|Pseudobutylene glycol|Sym-dimethylethylene glycol|butane-2,3-diol|3-butanediol"
CHEBI:78019,CHEBI:78019,"2,3,5-Triphenyltetrazolium chloride",MAPPED,"2,3,5-triphenyltetrazolium chloride",CHEBI,EXACT_MATCH,10,10,"2,3,5-triphenyl-2H-tetrazol-3-ium chloride|Triphenyltetrazolium Chloride"
CHEBI:18026,CHEBI:18026,"2,3-dihydroxybenzoic acid",MAPPED,"2,3-dihydroxybenzoic acid",CHEBI,CAS_RN_LOOKUP,2,2,"2,3 DHB|2,3-DIHYDROXY-BENZOIC ACID|2-pyrocatechuic acid|3-hydroxysalicylic acid|DOBK|catechol-3-carboxylic acid|o-pyrocatechuic acid|pyrocatechuic acid"
CHEBI:42017,CHEBI:42017,"2,4-Dinitrophenol",MAPPED,"2,4-dinitrophenol",CHEBI,EXACT_MATCH,0,0,
cas:6342-92-3,cas:6342-92-3,"2',5'-Dihydroxy-4-Methoxychalcone",MAPPED,"2',5'-Dihydroxy-4-Methoxychalcone",CAS,FALLBACK_REGISTRY,0,0,
CHEBI:28997,CHEBI:28997,2'-Deoxyinosine,MAPPED,2'-deoxyinosine,CHEBI,CAS_RN_LOOKUP,4,4,"9-(2-deoxy-beta-D-erythro-pentofuranosyl)-9H-purin-6-ol|9-[(2R,4S,5R)-4-hydroxy-5-(hydroxymethyl)tetrahydrofuran-2-yl]-9H-purin-6-ol|Deoxyinosine"
CHEBI:16450,CHEBI:16450,2'-Deoxyuridine,MAPPED,2'-deoxyuridine,CHEBI,CAS_RN_LOOKUP,4,4,1-(2-deoxy-beta-D-erythro-pentofuranosyl)uracil|2-Deoxyuridine|Deoxyuridine|dU
CHEBI:91084,CHEBI:91084,3-Aminopropionitrile Fumarate,MAPPED,beta-aminopropionitrile hemifumarate,CHEBI,CAS_RN_LOOKUP,0,0,bis(2-cyanoethan-1-aminium) (2E)-but-2-enedioate
CHEBI:53678,CHEBI:53678,3-Chloro-L-tyrosine,MAPPED,3-chloro-L-tyrosine,CHEBI,EXACT_MATCH,0,0,
CHEBI:132983,CHEBI:132983,3-Hydroxydecanoic acid,MAPPED,3-hydroxydecanoic acid,CHEBI,EXACT_MATCH,0,0,
CHEBI:37035,CHEBI:37035,3-Hydroxyhexanoic acid,MAPPED,3-hydroxyhexanoic acid,CHEBI,EXACT_MATCH,0,0,
CHEBI:16510,CHEBI:16510,3-Hydroxypropionate,MAPPED,3-hydroxypropionate,CHEBI,EXACT_MATCH,0,0,3-hydroxypropanoate
CHEBI:16530,CHEBI:16530,3-Methyl-2-Oxobutanoic Acid,MAPPED,3-methyl-2-oxobutanoic acid,CHEBI,EXACT_MATCH,0,0,
CHEBI:189431,CHEBI:189431,3-Methyl-2-oxobutanoic acid sodium salt,MAPPED,Sodium-3-methyl-2-oxobutyrate,CHEBI,CAS_RN_LOOKUP,0,0,sodium;3-methyl-2-oxobutanoate
CHEBI:18404,CHEBI:18404,3-Methylcatechol,MAPPED,3-methylcatechol,CHEBI,EXACT_MATCH,0,0,"3-methylbenzene-1,2-diol"
CHEBI:68566,CHEBI:68566,3-Methylglutaric acid,MAPPED,3-methylglutaric acid,CHEBI,EXACT_MATCH,0,0,3-methylpentanedioic acid
cas:13224-94-7,cas:13224-94-7,3-O-Methyl-D-glucopyranose,MAPPED,3-O-Methyl-D-glucopyranose,CAS,FALLBACK_REGISTRY,0,0,
CHEBI:73918,CHEBI:73918,3-O-methyl-glucose,MAPPED,3-O-methyl-D-glucose,CHEBI,CAS_RN_LOOKUP,0,0,3-methylglucose
CHEBI:28647,CHEBI:28647,3-O-methylgallate,MAPPED,3-O-methylgallic acid,CHEBI,EXACT_MATCH,0,0,"3,4-dihydroxy-5-methoxybenzoic acid"
cas:636-73-7,cas:636-73-7,3-Pyridinesulfonic acid,MAPPED,3-Pyridinesulfonic acid,CAS,FALLBACK_REGISTRY,0,0,
CHEBI:166501,CHEBI:166501,3-acetylpyridine,MAPPED,3-Acetylpyridine,CHEBI,EXACT_MATCH,0,0,1-pyridin-3-ylethanone
CHEBI:30761,CHEBI:30761,3-aminobenzoate,MAPPED,3-aminobenzoate,CHEBI,EXACT_MATCH,0,0,
CHEBI:37081,CHEBI:37081,3-aminobutyric acid,MAPPED,3-aminobutanoic acid,CHEBI,CAS_RN_LOOKUP,0,0,
cas:41312-47-4,CHEBI:90065,3'-fucosyllactose,MAPPED,3-fucosyllactose,CHEBI,EXACT_MATCH,0,0,6-deoxy-alpha-L-galactopyranosyl-(1->3)-[beta-D-galactopyranosyl-(1->4)]-D-glucopyranose|Fuc(a1-3)[Gal(b1-4)]Glc
CHEBI:30764,CHEBI:30764,3-Hydroxybenzoic acid,MAPPED,3-hydroxybenzoic acid,CHEBI,EXACT_MATCH,6,5,3-carboxyphenol|m-Hydroxybenzoic acid|m-salicylic acid
CHEBI:20067,CHEBI:20067,3-hydroxybutyric acid,MAPPED,3-hydroxybutyric acid,CHEBI,EXACT_MATCH,0,0,3-hydroxybutanoic acid
CHEBI:16411,CHEBI:16411,3-Indolyl acetic acid,MAPPED,indole-3-acetic acid,CHEBI,EXACT_MATCH,6,6,ethyl 2-hexenoate|ethyl hex-2-enoate|1H-indol-3-ylacetic acid
CHEBI:15837,CHEBI:15837,3-methyl-1-butanol,MAPPED,isoamylol,CHEBI,CAS_RN_LOOKUP,0,0,3-methylbutan-1-ol
CHEBI:16019,CHEBI:16019,3-methyl-2-butenol,MAPPED,prenol,CHEBI,CAS_RN_LOOKUP,0,0,3-methylbut-2-en-1-ol
CHEBI:35932,CHEBI:35932,3-methyl-2-oxopentanoic acid,MAPPED,3-methyl-2-oxovaleric acid,CHEBI,CAS_RN_LOOKUP,0,0,
CHEBI:62898,CHEBI:62898,3-methyl-3-butenol,MAPPED,isopentenyl alcohol,CHEBI,CAS_RN_LOOKUP,0,0,3-methylbut-3-en-1-ol
CHEBI:80946,CHEBI:80946,3-octanone,MAPPED,3-octanone,CHEBI,EXACT_MATCH,0,0,octan-3-one
cas:128596-80-5,CHEBI:26714,3'-sialyllactose sodium salt,MAPPED,sodium salt,CHEBI,NARROW_MATCH,0,0,
cas:14919-49-4,mesh:C559991,"3,4'-Dihydroxyflavone",MAPPED,"3,4'-dihydroxyflavone",MESH,NARROW_MATCH,0,0,
CHEBI:232299,CHEBI:232299,"3,4'-Dimethoxyflavone",MAPPED,"3',4'-dimethoxyflavone",CHEBI,CAS_RN_LOOKUP,0,0,
CHEBI:53648,CHEBI:53648,"3,5-Dinitrosalicylic acid",MAPPED,"3,5-dinitrosalicylic acid",CHEBI,EXACT_MATCH,0,0,"2-hydroxy-3,5-dinitrobenzoic acid"
kgmicrobe.compound:36-dihydroxyflavone,CHEBI:24698,"3',6-Dihydroxyflavone",MAPPED,hydroxyflavone,CHEBI,NARROW_MATCH,0,0,
CHEBI:44115,CHEBI:44115,3-(N-morpholino)propanesulfonic acid,MAPPED,3-(N-morpholino)propanesulfonic acid,CHEBI,CAS_RN_LOOKUP,56,56,3-morpholin-4-ylpropane-1-sulfonic acid|3-morpholinopropanesulfonic acid|3[N-MORPHOLINO]PROPANE SULFONIC ACID|MOPS (3-(N-morpholino) propane-sulfonic acid)|MOPS buffer|Morpholinopropane sulfonic acid|MOPS buffer (SIGMA)
CHEBI:86582,CHEBI:86582,4-Acetoxy-3-methoxycinnamic acid,MAPPED,O-acetylferulic acid,CHEBI,CAS_RN_LOOKUP,0,0,(2E)-3-[4-(acetyloxy)-3-methoxyphenyl]prop-2-enoic acid
CHEBI:28235,CHEBI:28235,4-Anisaldehyde,MAPPED,p-methoxybenzaldehyde,CHEBI,CAS_RN_LOOKUP,0,0,4-methoxybenzaldehyde
CHEBI:65083,CHEBI:65083,4-Deoxypyridoxine,MAPPED,4-deoxypyridoxine,CHEBI,EXACT_MATCH,0,0,"5-(hydroxymethyl)-2,4-dimethylpyridin-3-ol"
CHEBI:28032,CHEBI:28032,4-Hydroxyacetophenone,MAPPED,4'-hydroxyacetophenone,CHEBI,CAS_RN_LOOKUP,0,0,1-(4-hydroxyphenyl)ethanone
CHEBI:17597,CHEBI:17597,4-Hydroxybenzaldehyde,MAPPED,4-hydroxybenzaldehyde,CHEBI,EXACT_MATCH,2,2,
cas:184901-84-6,CHEBI:16388,4-Hydroxymandelic acid monohydrate,MAPPED,4-hydroxymandelic acid,CHEBI,CLOSE_MATCH,0,0,hydroxy(4-hydroxyphenyl)acetic acid
CHEBI:165411,CHEBI:165411,4-Hydroxynonanoic acid,MAPPED,4-Hydroxypelargonic acid,CHEBI,CAS_RN_LOOKUP,0,0,4-hydroxynonanoic acid
CHEBI:142593,CHEBI:142593,4-Hydroxynonenal,MAPPED,4-hydroxynonenal,CHEBI,EXACT_MATCH,0,0,
CHEBI:32980,CHEBI:32980,4-Hydroxyphenylpropionic acid,MAPPED,phloretic acid,CHEBI,CAS_RN_LOOKUP,0,0,3-(4-hydroxyphenyl)propanoic acid
cas:4143-74-2,CHEBI:114194,4'-Methoxyflavone,MAPPED,2-(4-methoxyphenyl)-1-benzopyran-4-one,CHEBI,SYNONYM_MATCH,0,0,
cas:4502-00-5,CHEBI:48430,4-Methyl-2-oxopentanoic acid sodium salt,MAPPED,4-methyl-2-oxopentanoic acid,CHEBI,NARROW_MATCH,0,0,Sodium 4-methyl-2-oxovalerate|4-Methyl-2-oxopentanoate
CHEBI:48430,CHEBI:48430,4-Methyl-2-oxovaleric acid,MAPPED,4-methyl-2-oxopentanoic acid,CHEBI,CAS_RN_LOOKUP,0,0,4-Methyl-2-oxopentanoate
CHEBI:40035,CHEBI:40035,4-Methylimidazole,MAPPED,4-methylimidazole,CHEBI,EXACT_MATCH,0,0,4-methyl-1H-imidazole
CHEBI:17405,CHEBI:17405,4-Pyridoxic acid,MAPPED,4-pyridoxic acid,CHEBI,EXACT_MATCH,0,0,3-hydroxy-5-(hydroxymethyl)-2-methylpyridine-4-carboxylic acid
CHEBI:31128,CHEBI:31128,4-acetoxyphenol,MAPPED,4-hydroxyphenyl acetate,CHEBI,CAS_RN_LOOKUP,0,0,
CHEBI:17836,CHEBI:17836,4-Aminobenzoate,MAPPED,4-aminobenzoate,CHEBI,EXACT_MATCH,138,138,p-Aminobenzoate
CHEBI:228211,CHEBI:228211,4-azido-L-phenylalanine,MAPPED,4-azido-L-phenylalanine,CHEBI,EXACT_MATCH,0,0,
CHEBI:44718,CHEBI:44718,4-benzoyl-L-phenylalanine,MAPPED,4-benzoyl-L-phenylalanine,CHEBI,EXACT_MATCH,0,0,
CHEBI:30763,CHEBI:30763,4-Hydroxybenzoic acid,MAPPED,4-hydroxybenzoic acid,CHEBI,EXACT_MATCH,4,4,4-carboxyphenol|P-HYDROXYBENZOIC ACID|p-salicylic acid
CHEBI:30830,CHEBI:30830,4-hydroxybutyric acid,MAPPED,4-hydroxybutyric acid,CHEBI,EXACT_MATCH,0,0,4-Hydroxybutanoic acid
CHEBI:34423,CHEBI:34423,4-hydroxychalcone,MAPPED,4-hydroxychalcone,CHEBI,EXACT_MATCH,0,0,(2E)-3-(4-hydroxyphenyl)-1-phenylprop-2-en-1-one
CHEBI:18101,CHEBI:18101,4-Hydroxyphenyl acetic acid,MAPPED,4-hydroxyphenylacetic acid,CHEBI,EXACT_MATCH,7,7,"4-Hydroxyphenylacetate|(4-hydroxyphenyl)acetic acid|(p-hydroxyphenyl)acetic acid|(5S,6R)-5-hydroxy-6-methyl-3-[(2S,3S)-3-methyloxiran-2-yl]-5,6-dihydro-2H-pyran-2-one|aspyrone"
CHEBI:355715,CHEBI:355715,4-nitrophenyl beta-D-galactopyranoside,MAPPED,4-nitrophenyl-beta-D-galactoside,CHEBI,SYNONYM_MATCH,0,0,4-nitrophenyl-beta-D-galactopyranoside
CHEBI:1883,CHEBI:1883,4-vinylphenol,MAPPED,4-hydroxystyrene,CHEBI,CAS_RN_LOOKUP,0,0,4-ethenylphenol
CHEBI:15728,CHEBI:15728,4-Guanidinobutyric acid,MAPPED,4-guanidinobutanoic acid,CHEBI,CAS_RN_LOOKUP,4,4,4-(carbamimidamido)butanoic acid|4-carbamimidamidobutanoic acid|4-guanidinobutanoic acid|gamma-Guanidinobutyrate|gamma-Guanidinobutyric acid
cas:21010-06-0,cas:21010-06-0,5-(2-thienyl)-pentanoic acid,MAPPED,5-(2-thienyl)-pentanoic acid,CAS,FALLBACK_REGISTRY,0,0,
CHEBI:17549,CHEBI:17549,5-Aminolevulinic acid,MAPPED,5-aminolevulinic acid,CHEBI,EXACT_MATCH,0,0,5-Amino-4-oxopentanoate|5-amino-4-oxopentanoic acid
CHEBI:2038,CHEBI:2038,5-Azacytidine,MAPPED,5-azacytidine,CHEBI,EXACT_MATCH,0,0,"4-amino-1-beta-D-ribofuranosyl-1,3,5-triazin-2(1H)-one"
CHEBI:17509,CHEBI:17509,5'-Deoxy-5'-(methylthio)adenosine,MAPPED,5'-S-methyl-5'-thioadenosine,CHEBI,CAS_RN_LOOKUP,0,0,5'-deoxy-5'-(methylsulfanyl)adenosine
CHEBI:80627,CHEBI:80627,5'-Deoxy-5-fluorocytidine,MAPPED,5'-Deoxy-5-fluorocytidine,CHEBI,EXACT_MATCH,0,0,
CHEBI:80624,CHEBI:80624,"5-Fluorodihydropyrimidine-2,4-dione",MAPPED,"5,6-Dihydro-5-fluorouracil",CHEBI,CAS_RN_LOOKUP,0,0,
cas:207291-81-4,CHEBI:74498,5-Fluoroorotic acid hydrate,MAPPED,5-fluoroorotic acid,CHEBI,CLOSE_MATCH,0,0,"5-fluoro-2,6-dioxo-1,2,3,6-tetrahydropyrimidine-4-carboxylic acid"
CHEBI:195418,CHEBI:195418,5-Hydroxydodecanoate,MAPPED,5-hydroxylaurate,CHEBI,EXACT_MATCH,0,0,5-hydroxydodecanoate|5-hydroxylaurate
CHEBI:412516,CHEBI:412516,5-Hydroxymethylfurfural,MAPPED,5-hydroxymethylfurfural,CHEBI,EXACT_MATCH,0,0,5-(hydroxymethyl)furan-2-carbaldehyde
CHEBI:180039,CHEBI:180039,5-Hydroxyoctanoate,MAPPED,5-hydroxy-octanoic acid,CHEBI,CAS_RN_LOOKUP,0,0,5-hydroxyoctanoic acid
cas:91446-96-7,CHEBI:17426,5-Keto-D-Gluconic Acid potassium salt,MAPPED,5-dehydro-D-gluconic acid,CHEBI,NARROW_MATCH,0,0,
CHEBI:15887,CHEBI:15887,5-Aminovaleric acid,MAPPED,5-aminopentanoic acid,CHEBI,EXACT_MATCH,5,5,4-aminovalerate|4-aminovaleric acid|5-Aminopentanoic acid|5-amino-n-valeric acid|DANVA|delta-Amino-n-valeric acid|delta-aminovaleric acid|5-Aminopentanoate
CHEBI:46345,CHEBI:46345,5-fluorouracil,MAPPED,5-fluorouracil,CHEBI,EXACT_MATCH,1,1,"5-fluoropyrimidine-2,4(1H,3H)-dione"
mesh:C014480,mesh:C014480,"5,6-dihydro-5-azathymidine",MAPPED,"5,6-dihydro-5-azathymidine",MESH,EXACT_MATCH,0,0,
cas:1162-82-9,cas:1162-82-9,"5,7,4'-Trimethoxyisoflavone",MAPPED,"5,7,4'-Trimethoxyisoflavone",CAS,FALLBACK_REGISTRY,0,0,
CHEBI:45996,CHEBI:45996,5-methyluridine,MAPPED,ribothymidine,CHEBI,CAS_RN_LOOKUP,10,10,1-(beta-D-ribofuranosyl)thymine|Thymine riboside|ribosylthymidine|ribothymidine
CHEBI:34472,CHEBI:34472,6-Hydroxyflavone,MAPPED,6-Hydroxyflavone,CHEBI,EXACT_MATCH,0,0,
CHEBI:17901,CHEBI:17901,6-O-Acetyl-D-glucose,MAPPED,6-O-acetyl-D-glucose,CHEBI,EXACT_MATCH,0,0,6-O-acetyl-D-glucopyranose
cas:157574-76-0,CHEBI:26714,6'-O-sialyllactose sodium salt,MAPPED,sodium salt,CHEBI,NARROW_MATCH,0,0,
cas:27593-23-3,CHEBI:66729,6-Pentyl-2H-pyran-2-one,MAPPED,6-n-Pentyl-alpha-pyrone,CHEBI,SYNONYM_MATCH,0,0,
CHEBI:16168,CHEBI:16168,6-hydroxypyridine-3-carboxylic acid,MAPPED,6-hydroxynicotinic acid,CHEBI,CAS_RN_LOOKUP,0,0,
CHEBI:173101,CHEBI:173101,6-methoxy-2(3H)-benzoxazolone,MAPPED,Coixol,CHEBI,EXACT_MATCH,0,0,"6-methoxy-3H-1,3-benzoxazol-2-one"
mesh:C052093,mesh:C052093,7-Hydro-8-methylpteroylglutamylglutamic acid,MAPPED,7-hydro-8-methylpteroylglutamylglutamic acid,MESH,EXACT_MATCH,0,0,
CHEBI:2268,CHEBI:2268,7-hydroxyflavone,MAPPED,7-hydroxyflavone,CHEBI,EXACT_MATCH,0,0,7-hydroxy-2-phenyl-4H-chromen-4-one
cas:77298-66-9,CHEBI:94071,"7,2'-Dihydroxyflavone",MAPPED,7-hydroxy-2-(2-hydroxyphenyl)-1-benzopyran-4-one,CHEBI,SYNONYM_MATCH,0,0,
CHEBI:67121,CHEBI:67121,8-hydroxy-nitroquinoline,MAPPED,nitroxoline,CHEBI,CAS_RN_LOOKUP,0,0,5-nitroquinolin-8-ol
CHEBI:40585,CHEBI:40585,a-Cyclodextrin,MAPPED,alpha-cyclodextrin,CHEBI,CAS_RN_LOOKUP,0,0,cyclomaltohexaose
cas:305-72-6,CHEBI:30915,a-Ketoglutaric acid disodium salt hydrate,MAPPED,2-oxoglutaric acid,CHEBI,CLOSE_MATCH,11,11,a-Ketoglutaric acid
cas:853-68-9,cas:853-68-9,AQDS,MAPPED,AQDS,CAS,FALLBACK_REGISTRY,23,23,"anthraquinone-2,6-disulfonate|Na2-9,10-anthraquinone-2,6-disulfonate"
CHEBI:28987,CHEBI:28987,Abietic Acid,MAPPED,abietic acid,CHEBI,EXACT_MATCH,0,0,"abieta-7,13-dien-18-oic acid"
CHEBI:2365,CHEBI:2365,Abscisic acid,MAPPED,(+)-abscisic acid,CHEBI,CAS_RN_LOOKUP,0,0,"(2Z,4E)-5-[(1S)-1-hydroxy-2,6,6-trimethyl-4-oxocyclohex-2-en-1-yl]-3-methylpenta-2,4-dienoic acid"
kgmicrobe.compound:aburamycin_a,kgmicrobe.compound:aburamycin_a,Aburamycin A,MAPPED,Aburamycin A,kgmicrobe.compound,PLACEHOLDER,0,0,
kgmicrobe.compound:abyssomicin_b,kgmicrobe.compound:abyssomicin_b,Abyssomicin B,MAPPED,Abyssomicin B,kgmicrobe.compound,PLACEHOLDER,0,0,
mesh:C512805,mesh:C512805,Abyssomicin D,MAPPED,abyssomicin D,MESH,EXACT_MATCH,0,0,
kgmicrobe.compound:abyssomicin_g,kgmicrobe.compound:abyssomicin_g,Abyssomicin G,MAPPED,Abyssomicin G,kgmicrobe.compound,PLACEHOLDER,0,0,
kgmicrobe.compound:abyssomicin_h,kgmicrobe.compound:abyssomicin_h,Abyssomicin H,MAPPED,Abyssomicin H,kgmicrobe.compound,PLACEHOLDER,0,0,
CHEBI:15335,CHEBI:15335,Acacetin,MAPPED,"5,7-dihydroxy-4'-methoxyflavone",CHEBI,CAS_RN_LOOKUP,0,0,"5,7-dihydroxy-2-(4-methoxyphenyl)-4H-chromen-4-one"
CHEBI:39060,CHEBI:39060,ACES,REJECTED,N-(2-acetamido)-2-aminoethanesulfonic acid,CHEBI,EXACT_MATCH,0,0,
CHEBI:15343,CHEBI:15343,acetaldehyde,MAPPED,acetaldehyde,CHEBI,EXACT_MATCH,0,0,
CHEBI:30089,CHEBI:30089,Acetate,MAPPED,acetate,CHEBI,EXACT_MATCH,48,48,ACETATE ION|Azetat|Ethanoat|MeCO2 anion|ethanoate|Acetate (carbon source)
CHEBI:30089,CHEBI:30089,Acetate (carbon source),REJECTED,acetate,CHEBI,EXACT_MATCH,0,0,
CHEBI:15366,CHEBI:15366,Acetic acid,MAPPED,acetic acid,CHEBI,EXACT_MATCH,56,56,AcOH|CH3-COOH|CH3CO2H|E 260|E-260|E260|Essigsaeure|Ethanoic acid|Ethylic acid|HOAc|INS No. 260|MeCO2H|MeCOOH|Methanecarboxylic acid|acide acetique|ethoic acid
CHEBI:15347,CHEBI:15347,acetone,MAPPED,acetone,CHEBI,EXACT_MATCH,1,1,propan-2-one
CHEBI:2404,CHEBI:2404,Acetosyringone,MAPPED,acetosyringone,CHEBI,EXACT_MATCH,0,0,"1-(4-hydroxy-3,5-dimethoxyphenyl)ethan-1-one"
CHEBI:2781,CHEBI:2781,Acetovanillone,MAPPED,apocynin,CHEBI,CAS_RN_LOOKUP,0,0,1-(4-hydroxy-3-methoxyphenyl)ethan-1-one
CHEBI:134431,CHEBI:134431,Acetylated xylan,MAPPED,acetyl xylan,CHEBI,SYNONYM_MATCH,0,0,acetyl xylan
kgmicrobe.compound:achromoviromycin,kgmicrobe.compound:achromoviromycin,Achromoviromycin,MAPPED,Achromoviromycin,kgmicrobe.compound,PLACEHOLDER,0,0,
CHEBI:51739,CHEBI:51739,Acridine orange,MAPPED,acridine orange,CHEBI,EXACT_MATCH,0,0,"N,N,N',N'-tetramethylacridine-3,6-diamine hydrochloride"
cas:8048-52-0,NCIT:C76253,Acriflavine,MAPPED,Acriflavine,NCIT,NARROW_MATCH,0,0,
CHEBI:70241,CHEBI:70241,Actein,MAPPED,Actein,CHEBI,EXACT_MATCH,0,0,
kgmicrobe.compound:actinohivin,kgmicrobe.compound:actinohivin,Actinohivin,MAPPED,Actinohivin,kgmicrobe.compound,PLACEHOLDER,0,0,
kgmicrobe.compound:actinomycetin,kgmicrobe.compound:actinomycetin,Actinomycetin,MAPPED,Actinomycetin,kgmicrobe.compound,PLACEHOLDER,0,0,
kgmicrobe.compound:actinomycin_a,CHEBI:15369,Actinomycin A,MAPPED,actinomycin,CHEBI,NARROW_MATCH,0,0,
CHEBI:27666,CHEBI:27666,Actinomycin D,MAPPED,actinomycin D,CHEBI,EXACT_MATCH,0,0,"2-amino-4,6-dimethyl-3-oxo-1-N,9-N-bis-[(18aS)-10c,14,17-trimethyl-5,8,12,15,18-pentaoxo-6c,13t-di(propan-2-yl)-18ar-hexadecahydro-1H-pyrrolo[2,1-i][1,4,7,10,13]oxatetraazacyclohexadecin-9c-yl]-3H-phenoxazine-1,9-dicarboxamide"
mesh:C006403,mesh:C006403,Actinotiocin,MAPPED,actinotiocin,MESH,EXACT_MATCH,0,0,
NCIT:C77524,NCIT:C77524,Activated charcoal,MAPPED,Activated Charcoal,NCIT,EXACT_MATCH,13,13,
CHEBI:16708,CHEBI:16708,Adenine,MAPPED,adenine,CHEBI,EXACT_MATCH,3,3,9H-purin-6-amine
cas:2922-28-3,CHEBI:16708,Adenine hydrochloride hydrate,MAPPED,adenine,CHEBI,CLOSE_MATCH,22,22,
NCIT:C221830,NCIT:C221830,Adenomycin,MAPPED,Adenomycin,NCIT,EXACT_MATCH,0,0,
CHEBI:16335,CHEBI:16335,Adenosine,MAPPED,adenosine,CHEBI,CAS_RN_LOOKUP,14,14,"(2R,3R,4S,5R)-2-(6-aminopurin-9-yl)-5-(hydroxymethyl)oxolane-3,4-diol|6-Amino-9-beta-D-ribofuranosyl-9H-purine|9-beta-D-Ribofuranosidoadenine|9-beta-D-Ribofuranosyl-9H-purin-6-amine|9-beta-D-ribofuranosyladenine|Ade-Rib|Adenocard|Adenocor|Adenoscan|Adenosin|adenine riboside|beta-D-adenosine"
CHEBI:17489,CHEBI:17489,"Adenosine 3,5-Cyclic Monophosphate",MAPPED,"3',5'-cyclic AMP",CHEBI,CAS_RN_LOOKUP,0,0,"Adenosine 3',5'-phosphate|adenosine 3',5'-(hydrogen phosphate)"
CHEBI:30832,CHEBI:30832,Adipic acid,MAPPED,adipic acid,CHEBI,EXACT_MATCH,0,0,hexanedioic acid
cas:305-01-1,cas:305-01-1,Aesculetin,MAPPED,Aesculetin,CAS,FALLBACK_REGISTRY,0,0,
CHEBI:2509,CHEBI:2509,Agar,MAPPED,agar,CHEBI,EXACT_MATCH,4456,4079,Bacteriological Agar|Agar (if needed)|agar (BD-Difco)|Agar (Molecular Genetics)|Agar  (if needed)|Agar (BD)|Agar (Difco)|Agar (Purified)|Agar (if needed)*|Agar* (if needed)
CHEBI:2511,CHEBI:2511,Agarose,MAPPED,agarose,CHEBI,EXACT_MATCH,29,29,"(1->4)-3,6-anhydro-alpha-L-galactopyranosyl-(1->3)-beta-D-galactopyranan|Sepharose|[4)-3,6-An-alpha-L-Galp-(1->3)-beta-D-Galp-(1->]n"
FOODON:00005198,FOODON:00005198,Agave,MAPPED,agave,FOODON,EXACT_MATCH,0,0,
ENVO:00002263,ENVO:00002263,air-dried garden soil,MAPPED,garden soil,ENVO,LEXICAL_MATCH,15,15,
CHEBI:74779,CHEBI:74779,Al2(SO4)3 x 18 H2O,MAPPED,aluminium sulfate octadecahydrate,CHEBI,EXACT_MATCH,2,2,Al2(SO4)3.18H2O|aluminium sulfate.18H2O|aluminum sulfate.18H2O|aluminium sulfate octadecahydrate|aluminium sulfate--water (1/18)
CHEBI:221124,CHEBI:221124,alanosine,MAPPED,L-alanosine,CHEBI,EXACT_MATCH,0,0,[(2S)-2-amino-2-carboxyethyl]-hydroxyimino-oxidoazanium
kgmicrobe.compound:alboverticillin,kgmicrobe.compound:alboverticillin,Alboverticillin,MAPPED,Alboverticillin,kgmicrobe.compound,PLACEHOLDER,0,0,
CHEBI:30114,CHEBI:30114,AlCl3,MAPPED,aluminium trichloride,CHEBI,EXACT_MATCH,77,77,Aluminum trichloride|[AlCl3]|aluminium trichloride|aluminium(3+) chloride|aluminium(III) chloride|trichloridoaluminium|trichloroalumane
CHEBI:30115,CHEBI:30115,AlCl3 x 6 H2O,MAPPED,aluminium trichloride hexahydrate,CHEBI,EXACT_MATCH,46,46,AlCl3 . 6H2O|AlCl3.6H2O|AlCl3·6H2O|AlCl3・6H2O|aluminium chloride hexahydrate|aluminium trichloride hexahydrate|aluminium(III) chloride hexahydrate|aluminum chloride hexahydrate|aluminum trichloride hexahydrate|aluminium chloride--water (1/6)
MICRO:0000455,MICRO:0000455,Algal Trace Elements Solution,MAPPED,trace elements solution,MICRO,LEXICAL_MATCH,1,1,
CHEBI:86463,CHEBI:86463,AlK(SO4)2,MAPPED,potassium aluminium sulfate,CHEBI,EXACT_MATCH,240,240,Aluminum potassium sulfate|aluminum potassium sulfate|potassium alum|Aluminium potassium bis(sulphate)|Aluminum potassium alum|Aluminum potassium disulfate|Burnt potassium alum|Na SiO .9H O|Potash alum|Potassium aluminum alum|ZnSO .7H O|aluminium potassium sulfate (1/1/2)|potassium aluminium sulfate|potassium aluminum disulfate|KAl(SO4)2
CHEBI:86465,CHEBI:86465,AlK(SO4)2 x 12 H2O,MAPPED,potassium aluminium sulfate dodecahydrate,CHEBI,EXACT_MATCH,813,812,AlK(SO4)2 . 12H2O|AlK(SO4)2 x 12H2O|AlK(SO4)2.12H2O|AlK(SO4)2·12H2O|AlK(SO4)2・12H2O|KAl(SO4)2 . 12H2O|KAl(SO4)2 x 12 H2O|KAl(SO4)2·12H2O|KAl(SO4)2・12H2O|Aluminum potassium sulfate dodecahydrate|AlK(SO4)2 12H2O|Aluminum potassium disulfate dodecahydrate|Kalinite|Potash alum dodecahydrate|Potassium alum dodecahydrate|Potassium aluminum disulfate dodecahydrate|aluminium potassium sulfate--water (1/12)|potassium aluminium sulfate dodecahydrate
CHEBI:15676,CHEBI:15676,Allantoin,MAPPED,allantoin,CHEBI,EXACT_MATCH,5,5,"(2,5-Dioxo-4-imidazolidinyl)urea|2,5-Dioxo-4-imidazolidinyl-urea|4-ureido-2,5-imidazolidinedione|5-Ureido-2,4-imidazolidindione|5-Ureidohydantoin|Glyoxyldiureide|N-(2,5-Dioxo-4-imidazolidinyl)urea|N-(2,5-dioxoimidazolidin-4-yl)urea"
CHEBI:40279,CHEBI:40279,Allopurinol,MAPPED,allopurinol,CHEBI,EXACT_MATCH,0,0,"1H-pyrazolo[3,4-d]pyrimidin-4-ol"
CHEBI:172687,CHEBI:172687,Allura Red AC,MAPPED,Allura red AC,CHEBI,EXACT_MATCH,0,0,disodium;6-hydroxy-5-[(2-methoxy-5-methyl-4-sulonatophenyl)diazenyl]naphthalene-2-sulonate
CHEBI:73222,CHEBI:73222,Aloin,MAPPED,aloin,CHEBI,EXACT_MATCH,0,0,"(1S)-1,5-anhydro-1-[4,5-dihydroxy-2-(hydroxymethyl)-10-oxo-9,10-dihydroanthracen-9-yl]-D-glucitol"
CHEBI:189432,CHEBI:189432,alpha-Lactose,MAPPED,Alpha-lactose monohydrate,CHEBI,SYNONYM_MATCH,0,0,beta-D-galactopyranosyl-(1->4)-alpha-D-glucopyranose
CHEBI:9643,CHEBI:9643,Alpha-Toxicarol (Dl),MAPPED,Toxicarol,CHEBI,EXACT_MATCH,0,0,
CHEBI:17925,CHEBI:17925,alpha-D-Glucose,MAPPED,alpha-D-glucose,CHEBI,EXACT_MATCH,7,7,alpha-D-Glc|alpha-D-glucopyranose|alpha-dextrose
CHEBI:30915,CHEBI:30915,alpha-ketoglutaric acid,MAPPED,2-oxoglutaric acid,CHEBI,EXACT_MATCH,7,7,2-Ketoglutaric acid|2-oxoglutaric acid|2-oxopentanedioic acid|Oxoglutaric acid|a-Ketoglutaric acid|alpha-ketoglutamate|alpha-ketoglutaric acid (100 mM).
CHEBI:74772,CHEBI:74772,Aluminium sulfate,MAPPED,aluminium sulfate,CHEBI,EXACT_MATCH,1,1,
cas:10124-27-3,NCIT:C83530,Aluminum chloride hydrate,MAPPED,Aluminum Chloride,NCIT,NARROW_MATCH,28,28,
CHEBI:2638,CHEBI:2638,Amikacin disulfate salt,MAPPED,amikacin disulfate,CHEBI,CAS_RN_LOOKUP,0,0,"(2S)-4-amino-N-[(1R,2S,3S,4R,5S)-5-amino-2-(3-amino-3-deoxy-alpha-D-glucopyranosyloxy)-4-(6-amino-6-deoxy-alpha-D-glucopyranosyloxy)-3-hydroxycyclohexyl]-2-hydroxybutanamide disulfate"
CHEBI:62947,CHEBI:62947,Ammonium acetate,MAPPED,ammonium acetate,CHEBI,EXACT_MATCH,67,67,"AcONH4|CH3CO2NH4|CH3COONH4|E 264|E-264|E264|INS No. 264|NH4OAc|acetic acid, ammonium salt|ammonium ethanoate|azanium acetate"
CHEBI:31206,CHEBI:31206,Ammonium chloride (nitrogen source),REJECTED,ammonium chloride,CHEBI,EXACT_MATCH,0,0,
cas:12054-85-2,CHEBI:91249,ammonium molybdate tetrahydrate,MAPPED,ammonium molybdate,CHEBI,CLOSE_MATCH,12,12,bisammonium dioxido(dioxo)molybdenum
CHEBI:156543,CHEBI:156543,ammonium persulfate,MAPPED,ammonium persulfate,CHEBI,EXACT_MATCH,0,0,diammonium [(sulfonatoperoxy)sulfonyl]oxidanide
CHEBI:81950,CHEBI:81950,Ammonium Sulfamate,MAPPED,Ammonium sulfamate,CHEBI,EXACT_MATCH,0,0,
cas:12135-76-1,mesh:C027711,ammonium sulfide solution,MAPPED,ammonium sulfide,MESH,NARROW_MATCH,0,0,
cas:7783-11-1,mesh:C048169,Ammonium sulfite monohydrate,MAPPED,ammonium sulfite,MESH,NARROW_MATCH,0,0,
CHEBI:2676,CHEBI:2676,Amoxicillin,MAPPED,amoxicillin,CHEBI,EXACT_MATCH,0,0,"6beta-[(2R)-2-amino-2-(4-hydroxyphenyl)acetamido]-2,2-dimethylpenam-3alpha-carboxylic acid"
mesh:C041989,mesh:C041989,Amphotericin A,MAPPED,amphotericin A,MESH,EXACT_MATCH,0,0,
CHEBI:2682,CHEBI:2682,Amphotericin B,MAPPED,amphotericin B,CHEBI,EXACT_MATCH,4,4,"(1R,3S,5R,6R,9R,11R,15S,16R,17R,18S,19E,21E,23E,25E,27E,29E,31E,33R,35S,36R,37S)-33-[(3-amino-3,6-dideoxy-beta-D-mannopyranosyl)oxy]-1,3,5,6,9,11,17,37-octahydroxy-15,16,18-trimethyl-13-oxo-14,39-dioxabicyclo[33.3.1]nonatriaconta-19,21,23,25,27,29,31-heptaene-36-carboxylic acid|AMPH-B|Amphotericine B|Liposomal Amphotericin B|amfotericina B|amphotericinum B|Amphotericin B (5 mg/ml DMSO)"
CHEBI:28971,CHEBI:28971,Ampicillin,MAPPED,ampicillin,CHEBI,EXACT_MATCH,23,23,"(2S,5R,6R)-6-{[(2R)-2-AMINO-2-PHENYLETHANOYL]AMINO}-3,3-DIMETHYL-7-OXO-4-THIA-1-AZABICYCLO[3.2.0]HEPTANE-2-CARBOXYLIC ACID|(2S,5R,6R)-6-{[(2R)-2-amino-2-phenylacetyl]amino}-3,3-dimethyl-7-oxo-4-thia-1-azabicyclo[3.2.0]heptane-2-carboxylic acid|(2S,6R)-6-{[(2R)-2-amino-2-phenylethanoyl]amino}-3,3-dimethyl-7-oxo-4-thia-1-azabicyclo[3.2.0]heptane-2-carboxylic acid|6-(D-(2-amino-2-phenylacetamido))-3,3-dimethyl-7-oxo-4-thia-1-azabicyclo(3.2.0)heptane-2-carboxylic acid|6beta-[(2R)-2-amino-2-phenylacetamido]-2,2-dimethylpenam-3alpha-carboxylic acid|ABPC|D-(-)-6-(alpha-aminophenylacetamido)penicillanic acid|D-(-)-ampicillin|aminobenzylpenicillin|ampicilina|ampicillin acid|ampicilline|ampicillinum|Ampicillin (50 mg/ml)"
CHEBI:34535,CHEBI:34535,Ampicillin sodium salt,REJECTED,ampicillin sodium,CHEBI,LEXICAL_MATCH,0,0,"sodium 6beta-[(2R)-2-amino-2-phenylacetamido]-2,2-dimethylpenam-3alpha-carboxylate"
kgmicrobe.ingredient:amylopectin_from_maize,CHEBI:28057,amylopectin from maize,MAPPED,amylopectin,CHEBI,NARROW_MATCH,0,0,
CHEBI:28102,CHEBI:28102,Amylose from potato,MAPPED,amylose,CHEBI,CAS_RN_LOOKUP,0,0,(1->4)-alpha-D-glucopyranan
cas:53912-89-3,NCIT:C216370,Anabasine Hydrochloride,MAPPED,Anabasine Hydrochloride,NCIT,NARROW_MATCH,0,0,
cas:6488-63-7,cas:6488-63-7,Andirobin,MAPPED,Andirobin,CAS,FALLBACK_REGISTRY,0,0,
CHEBI:65408,CHEBI:65408,Andrographolide,MAPPED,andrographolide,CHEBI,EXACT_MATCH,0,0,"(3E,4S)-4-hydroxy-3-{2-[(1R,4aS,5R,6R,8aS)-6-hydroxy-5-(hydroxymethyl)-5,8a-dimethyl-2-methylidenedecahydronaphthalen-1-yl]ethylidene}dihydrofuran-2(3H)-one"
CHEBI:2716,CHEBI:2716,Anethole,MAPPED,anethole,CHEBI,EXACT_MATCH,0,0,1-methoxy-4-(prop-1-en-1-yl)benzene
mesh:C002547,mesh:C002547,Angolamycin,MAPPED,angolamycin,MESH,EXACT_MATCH,0,0,
CHEBI:8612,CHEBI:8612,Angustmycin,MAPPED,psicofuranin,CHEBI,SYNONYM_MATCH,0,0,Psicofuranine
CHEBI:201752,CHEBI:201752,Anhydrotetracycline hydrochloride,MAPPED,Anhydrotetracycline hydrochloride,CHEBI,EXACT_MATCH,0,0,"(4S,4aS,12aR)-4-(dimethylamino)-1,10,11,12a-tetrahydroxy-6-methyl-3,12-dioxo-4a,5-dihydro-4H-tetracene-2-carboxamide;hydrochloride"
cas:17659-49-3,NCIT:C221850,Anisodamine Hydrobromide (),MAPPED,Anisodamine Hydrobromide,NCIT,NARROW_MATCH,0,0,
CHEBI:193638,CHEBI:193638,anthranilamide,MAPPED,2-Aminobenzamide,CHEBI,CAS_RN_LOOKUP,0,0,
CHEBI:30754,CHEBI:30754,anthranilic acid,MAPPED,anthranilic acid,CHEBI,EXACT_MATCH,0,0,2-AMINOBENZOIC ACID
CHEBI:2762,CHEBI:2762,Antimycin A,MAPPED,antimycin A,CHEBI,EXACT_MATCH,0,0,"(2R,3S,6S,7R,8R)-3-[(3-formamido-2-hydroxybenzoyl)amino]-8-hexyl-2,6-dimethyl-4,9-dioxo-1,5-dioxonan-7-yl 3-methylbutanoate"
CHEBI:31225,CHEBI:31225,Antipyrine,MAPPED,antipyrine,CHEBI,EXACT_MATCH,4,4,"1,2-Dihydro-1,5-dimethyl-2-phenyl-3H-pyrazol-3-one|1,5-dimethyl-2-phenyl-1,2-dihydro-3H-pyrazol-3-one|2,3-Dimethyl-1-phenyl-5-pyrazolone|Phenazone|fenazona|phenazonum"
mesh:C061361,mesh:C061361,Apidaecin IB,MAPPED,apidaecin,MESH,EXACT_MATCH,0,0,
CHEBI:18388,CHEBI:18388,Apigenin,MAPPED,apigenin,CHEBI,EXACT_MATCH,0,0,"5,7-dihydroxy-2-(4-hydroxyphenyl)-4H-chromen-4-one"
cas:5728-44-9,CHEBI:28887,Apigenin Dimethyl Ether,MAPPED,dimethyl ether,CHEBI,NARROW_MATCH,0,0,Methoxymethane
CHEBI:70353,CHEBI:70353,Apiole,MAPPED,Apiole,CHEBI,EXACT_MATCH,0,0,
cas:65710-07-8,CHEBI:190734,Apramycin sulfate salt,MAPPED,Apramycin sulfate,CHEBI,NARROW_MATCH,0,0,"(2R,3R,4S,5S,6S)-2-[[(2R,3S,4R,4aR,6S,7R,8aS)-7-amino-6-[(1R,2R,3S,4R,6S)-4,6-diamino-2,3-dihydroxycyclohexyl]oxy-4-hydroxy-3-(methylamino)-2,3,4,4a,6,7,8,8a-octahydropyrano[3,2-b]pyran-2-yl]oxy]-5-amino-6-(hydroxymethyl)oxane-3,4-diol;suluric acid"
cas:11078-27-6,FOODON:00003412,Arabinan from Sugar Beet,MAPPED,sugar beet,FOODON,NARROW_MATCH,0,0,
cas:78088-21-8,mesh:C434937,Arabinobiose,MAPPED,arabinobiose,MESH,NARROW_MATCH,0,0,
CHEBI:22599,CHEBI:22599,Arabinose,MAPPED,arabinose,CHEBI,EXACT_MATCH,5,5,arabino-pentose
cas:89315-59-3,CHEBI:62799,Arabinotriose,MAPPED,alpha-L-Araf-(1->5)-alpha-L-Araf-(1->5)-alpha-L-Araf,CHEBI,SYNONYM_MATCH,0,0,alpha-L-arabinofuranosyl-(1->5)-alpha-L-arabinofuranosyl-(1->5)-alpha-L-arabinofuranose
FOODON:03302492,FOODON:03302492,Arabinoxylan (Rye Flour),MAPPED,rye flour,FOODON,LEXICAL_MATCH,0,0,
CHEBI:18403,CHEBI:18403,Arabitol,MAPPED,L-arabinitol,CHEBI,CAS_RN_LOOKUP,4,4,L-Arabinitol|L-Arabinol|L-Arabitol|L-Lyxitol|L-arabitol (L-arabinitol)|(+)-L-lyxitol
kgmicrobe.compound:ardacin_a,NCIT:C169786,Ardacin A,MAPPED,Ardacin,NCIT,NARROW_MATCH,0,0,
kgmicrobe.compound:ardacin_b,NCIT:C169786,Ardacin B,MAPPED,Ardacin,NCIT,NARROW_MATCH,0,0,
kgmicrobe.compound:ardacin_c,NCIT:C169786,Ardacin C,MAPPED,Ardacin,NCIT,NARROW_MATCH,0,0,
CHEBI:233150,CHEBI:233150,Arecoline Hydrobromide,MAPPED,arecoline hydrobromide,CHEBI,EXACT_MATCH,0,0,"methyl 1-methyl-3,6-dihydro-2H-pyridine-5-carboxylate;hydrobromide"
CHEBI:29016,CHEBI:29016,Arginine,MAPPED,arginine,CHEBI,EXACT_MATCH,43,43,2-Amino-5-guanidinovaleric acid|2-amino-5-(carbamimidamido)pentanoic acid|2-amino-5-guanidinopentanoic acid|Arginin|Harg
CHEBI:49474,CHEBI:49474,argon,MAPPED,argon(0),CHEBI,SYNONYM_MATCH,2,2,Ar|#Ar
CHEBI:2825,CHEBI:2825,Aristolochic Acid,MAPPED,aristolochic acid A,CHEBI,CAS_RN_LOOKUP,0,0,"8-methoxy-6-nitro-2H-phenanthro[3,4-d][1,3]dioxole-5-carboxylic acid"
CHEBI:33655,CHEBI:33655,Aromatic compound,MAPPED,aromatic compound,CHEBI,EXACT_MATCH,0,0,aromatic compounds|aromatic molecular entity
CHEBI:33658,CHEBI:33658,Aromatic hydrocarbon,MAPPED,arene,CHEBI,SYNONYM_MATCH,0,0,
CHEBI:29125,CHEBI:29125,Arsenate,MAPPED,arsenate(3-),CHEBI,SYNONYM_MATCH,2,2,Arsenate ion|arsorate|dihydrogen arsenite|reduction: arsenate detoxification|tetraoxoarsenate(V)|tetraoxidoarsenate(3-)|tetraoxoarsenate(3-)
cas:13902-54-0,cas:13902-54-0,Artepaulin,MAPPED,Artepaulin,CAS,FALLBACK_REGISTRY,0,0,
MICRO:0001647,MICRO:0001647,Artificial Sea Salt,MAPPED,sea salt,MICRO,LEXICAL_MATCH,12,12,
CHEBI:22652,CHEBI:22652,Ascorbic acid,MAPPED,ascorbic acid,CHEBI,EXACT_MATCH,65,65,Ascorbic acid (Sigma)
kgmicrobe.compound:ascosin,kgmicrobe.compound:ascosin,Ascosin,MAPPED,Ascosin,kgmicrobe.compound,PLACEHOLDER,0,0,
mesh:C017029,mesh:C017029,Asialofetuin,MAPPED,asialofetuin,MESH,EXACT_MATCH,2,2,
CHEBI:79928,CHEBI:79928,Asiaticoside,MAPPED,asiaticoside,CHEBI,EXACT_MATCH,0,0,"6-deoxy-alpha-L-mannopyranosyl-(1->4)-beta-D-glucopyranosyl-(1->6)-1-O-(2alpha,3beta,23-trihydroxy-28-oxours-12-en-28-yl)-beta-D-glucopyranose"
CHEBI:22653,CHEBI:22653,Asparagine,MAPPED,asparagine,CHEBI,EXACT_MATCH,28,28,"2,4-diamino-4-oxobutanoic acid|2-amino-3-carbamoylpropanoic acid|Asparagin|DL-Asparagine|Hasp|asparagina|DL-Asparagine x H2O"
CHEBI:2911,CHEBI:2911,Atorvastatin calcium salt trihydrate,MAPPED,atorvastatin calcium trihydrate,CHEBI,CAS_RN_LOOKUP,0,0,"calcium bis{(3R,5R)-7-[3-(anilinocarbonyl)-5-(4-fluorophenyl)-2-isopropyl-4-phenyl-1H-pyrrol-1-yl]-3,5-dihydroxyheptanoate} trihydrate"
cas:1924-24-9,cas:1924-24-9,Atrazin,MAPPED,Atrazin,CAS,FALLBACK_REGISTRY,0,0,
mesh:C509797,mesh:C509797,Atrop Abyssomicin C,MAPPED,abyssomicin C,MESH,EXACT_MATCH,0,0,atrop-abyssomicin C
CHEBI:134355,CHEBI:134355,Auraptene,MAPPED,auraptene,CHEBI,EXACT_MATCH,0,0,"7-{[(2E)-3,7-dimethylocta-2,6-dien-1-yl]oxy}-2H-1-benzopyran-2-one"
cas:1405-69-2,mesh:D001360,Avidin,MAPPED,Avidin,MESH,NARROW_MATCH,0,0,
CHEBI:172520,CHEBI:172520,Avocadene,MAPPED,Avocadene,CHEBI,EXACT_MATCH,0,0,"heptadec-16-ene-1,2,4-triol"
CHEBI:168507,CHEBI:168507,Avocadyne,MAPPED,Avocadyne,CHEBI,EXACT_MATCH,0,0,"heptadec-16-yne-1,2,4-triol"
mesh:C000709627,mesh:C000709627,Avocatin B,MAPPED,avocatin B,MESH,EXACT_MATCH,0,0,
NCIT:C169798,NCIT:C169798,Avoparcin,MAPPED,Avoparcin,NCIT,EXACT_MATCH,0,0,
kgmicrobe.compound:azacolutin,kgmicrobe.compound:azacolutin,Azacolutin,MAPPED,Azacolutin,kgmicrobe.compound,PLACEHOLDER,0,0,
CHEBI:38473,CHEBI:38473,Azadirachtin,MAPPED,azadirachtin,CHEBI,EXACT_MATCH,0,0,
CHEBI:48131,CHEBI:48131,Azelaic acid,MAPPED,nonanedioic acid,CHEBI,CAS_RN_LOOKUP,0,0,
CHEBI:51864,CHEBI:51864,Azlocillin sodium salt,MAPPED,azlocillin sodium,CHEBI,CAS_RN_LOOKUP,0,0,"sodium 2,2-dimethyl-6beta-[(2R)-2-{[(2-oxoimidazolidin-1-yl)carbonyl]amino}-2-phenylacetamido]penam-3alpha-carboxylate"
CHEBI:161680,CHEBI:161680,Aztreonam,MAPPED,aztreonam,CHEBI,EXACT_MATCH,0,0,"(2S,3S)-3-{(2Z)-2-(2-ammonio-1,3-thiazol-4-yl)-2-[(2-carboxypropan-2-yloxy)imino]acetamido}-2-methyl-4-oxoazetidine-1-sulfonate"
kgmicrobe.compound:azureomycin,kgmicrobe.compound:azureomycin,Azureomycin,MAPPED,Azureomycin,kgmicrobe.compound,PLACEHOLDER,0,0,
CHEBI:28793,CHEBI:28793,b-Glucan from Oat,MAPPED,beta-D-glucan,CHEBI,CAS_RN_LOOKUP,0,0,
cas:9036-88-8,cas:9036-88-8,b-Mannan borohydrate reduced carob seed,MAPPED,b-Mannan borohydrate reduced carob seed,CAS,FALLBACK_REGISTRY,0,0,
CHEBI:28669,CHEBI:28669,Bacitracin,MAPPED,bacitracin,CHEBI,EXACT_MATCH,1,1,
CHEBI:63317,CHEBI:63317,BaCl2,MAPPED,barium chloride,CHEBI,EXACT_MATCH,7,7,barium chloride|barium dichloride
CHEBI:86153,CHEBI:86153,BaCl2 x 2 H2O,MAPPED,barium chloride dihydrate,CHEBI,EXACT_MATCH,11,11,BaCl2.2H2O|BaCl2·2H2O|BaCl2・2H2O|Barium dichloride dihydrate|barium chloride dihydrate|barium chloride--water (1/2)
kgmicrobe.compound:bacteriocin_isk_1,kgmicrobe.compound:bacteriocin_isk_1,Bacteriocin Isk 1,MAPPED,Bacteriocin Isk 1,kgmicrobe.compound,PLACEHOLDER,0,0,bacteriocin ISK-1|nukacin ISK-1|ISK-1 bacteriocin|bacteriocin ISK-I
MICRO:0000182,MICRO:0000182,Bacto-tryptone,MAPPED,tryptone,MICRO,EXACT_MATCH,1600,1583,Bacto Tryptone|bacto-tryptone
MICRO:0000193,MICRO:0000193,Bacto brain heart infusion,MAPPED,brain heart infusion,MICRO,LEXICAL_MATCH,29,29,
MICRO:0000178,MICRO:0000178,Bacto peptone,MAPPED,peptone,MICRO,EXACT_MATCH,2255,2251,"Bacto peptone (BD-Difco)|Bacto Peptone (Difco)|Bacto Peptone|Bacto-Peptone (BD)|Peptone, Bacto (BD 211677)|Peptone (Oxoid)|Peptone (BD--Difco)|Peptone (BD Bacto)|Peptone (BD-Difco)|Peptone (BD BACTO)|Peptone (BBL 11910)|Oxoid peptone|Bacto peptone (BD--Difco)|Peptone from meat|Peptone (meat)|Peptone from meat (pepsin-digested)|Meat peptone|Bacteriological peptone|Neopeptone|Neopeptone (BD-Difco)|Neopeptone (Difco Laboratories, Detroit, Ml)|Gelatin peptone|Universal peptone|Universal peptone (Merck)|Peptone mixture|Fish peptone|Fish peptone (Fluka)|peptone|Peptone"
FOODON:03315720,FOODON:03315720,Bacto Soytone,REJECTED,"vegetable protein, hydrolyzed",FOODON,CLOSE_MATCH,0,0,Soytone
MICRO:0000114,MICRO:0000114,Bacto Tryptic Soy Agar,MAPPED,tryptic soy agar,MICRO,LEXICAL_MATCH,0,0,Bacto Tryptic Soy Agar (Difco)
MICRO:0000114,MICRO:0000114,Bacto Tryptic Soy Agar (Difco),REJECTED,tryptic soy agar,MICRO,LEXICAL_MATCH,0,0,
MICRO:0000113,MICRO:0000113,Bacto Tryptic Soy Broth,MAPPED,tryptic soy broth,MICRO,LEXICAL_MATCH,0,0,Bacto Tryptic Soy Broth (Difco)
MICRO:0000113,MICRO:0000113,Bacto Tryptic Soy Broth (Difco),REJECTED,tryptic soy broth,MICRO,LEXICAL_MATCH,0,0,
kgmicrobe.compound:bafilomycin,kgmicrobe.compound:bafilomycin,Bafilomycin,MAPPED,Bafilomycin,kgmicrobe.compound,PLACEHOLDER,0,0,
CHEBI:199416,CHEBI:199416,Bafilomycin B1,MAPPED,Bafilomycin B1,CHEBI,EXACT_MATCH,0,0,"[2-hydroxy-2-[3-hydroxy-4-[(4E,6E,12E,14Z)-10-hydroxy-3,15-dimethoxy-7,9,11,13-tetramethyl-16-oxo-1-oxacyclohexadeca-4,6,12,14-tetraen-2-yl]pentan-2-yl]-5-methyl-6-propan-2-yloxan-4-yl] (E)-4-[(2-hydroxy-5-oxocyclopenten-1-yl)amino]-4-oxobut-2-enoate"
CHEBI:2979,CHEBI:2979,Baicalein,MAPPED,baicalein,CHEBI,EXACT_MATCH,0,0,"5,6,7-trihydroxy-2-phenyl-4H-chromen-4-one"
FOODON:03413797,FOODON:03413797,Baker's yeast,MAPPED,baker's yeast,FOODON,EXACT_MATCH,17,17,
kgmicrobe.compound:bandamycin,kgmicrobe.compound:bandamycin,Bandamycin,MAPPED,Bandamycin,kgmicrobe.compound,PLACEHOLDER,0,0,
cas:52698-84-7,CHEBI:63934,Bathocuproine disulfonic acid disodium salt,MAPPED,bathocuproine disulfonic acid,CHEBI,NARROW_MATCH,0,0,"Bathocuproinedisulfonic acid disodium salt|4,4'-(2,9-dimethyl-1,10-phenanthroline-4,7-diyl)dibenzenesulfonic acid"
kgmicrobe.compound:bathophenanthrolinedisulfonic_acid_disodium_salt_hydrate,CHEBI:78157,Bathophenanthrolinedisulfonic acid disodium salt hydrate,MAPPED,"disodium 4,7-diphenyl-1,10-phenanthroline 4',4''-disulfonate",CHEBI,CLOSE_MATCH,0,0,"disodium 4,4'-(1,10-phenanthroline-4,7-diyl)dibenzenesulfonate"
CHEBI:72292,CHEBI:72292,Bedaquiline,MAPPED,bedaquiline,CHEBI,EXACT_MATCH,0,0,"(1R,2S)-1-(6-bromo-2-methoxyquinolin-3-yl)-4-(dimethylamino)-2-(1-naphthyl)-1-phenylbutan-2-ol"
NCIT:C71932,NCIT:C71932,Beef,MAPPED,Beef,NCIT,EXACT_MATCH,2,2,
kgmicrobe.ingredient:beef_brain_powder,FOODON:02020911,Beef brain powder,MAPPED,beef brain,FOODON,NARROW_MATCH,3,3,
FOODON:03302088,FOODON:03302088,Beef extract,MAPPED,beef extract,FOODON,EXACT_MATCH,331,330,Beef extract(Sigma B-4888)|Beef extract (BD-Difco)|Lab-Lemco beef extract|Beef Extract|Bacto beef extract|Bacto Beef Extract (Difco)|beef extract|Beef extract (BBL)
FOODON:00004410,FOODON:00004410,Beef heart,MAPPED,beef heart,FOODON,EXACT_MATCH,164,164,
kgmicrobe.ingredient:beef_heart_infusion,FOODON:00004410,Beef Heart Infusion,MAPPED,beef heart,FOODON,NARROW_MATCH,2,2,
CHEBI:3020,CHEBI:3020,Benzalkonium Chloride,MAPPED,benzalkonium chloride,CHEBI,EXACT_MATCH,0,0,
CHEBI:3023,CHEBI:3023,Benzbromarone,MAPPED,benzbromarone,CHEBI,EXACT_MATCH,0,0,"(3,5-dibromo-4-hydroxyphenyl)(2-ethyl-1-benzofuran-3-yl)methanone"
CHEBI:31264,CHEBI:31264,Benzethonium chloride,MAPPED,benzethonium chloride,CHEBI,EXACT_MATCH,0,0,"N-benzyl-N,N-dimethyl-2-{2-[4-(2,4,4-trimethylpentan-2-yl)phenoxy]ethoxy}ethanaminium chloride"
CHEBI:30746,CHEBI:30746,benzoic acid,MAPPED,benzoic acid,CHEBI,EXACT_MATCH,9,9,
CHEBI:17484,CHEBI:17484,Benzyl isothiocyanate,MAPPED,benzyl isothiocyanate,CHEBI,EXACT_MATCH,0,0,(isothiocyanatomethyl)benzene
CHEBI:25979,CHEBI:25979,Benzylcyanide,MAPPED,phenylacetonitrile,CHEBI,EXACT_MATCH,2,2,Benzyl cyanide|phenylacetonitrile
cas:3287-99-8,cas:3287-99-8,Benzylhydrazine Hydrochloride,MAPPED,Benzylhydrazine Hydrochloride,CAS,FALLBACK_REGISTRY,0,0,
CHEBI:31271,CHEBI:31271,Berberine,MAPPED,Berberine chloride (TN),CHEBI,SYNONYM_MATCH,0,0,"9,10-dimethoxy-5,6-dihydro[1,3]dioxolo[4,5-g]isoquino[3,2-a]isoquinolin-7-ium"
CHEBI:18293,CHEBI:18293,Bergapten,MAPPED,5-methoxypsoralen,CHEBI,CAS_RN_LOOKUP,0,0,"4-methoxy-7H-furo[3,2-g]chromen-7-one"
CHEBI:69499,CHEBI:69499,Bergenin,MAPPED,Bergenin,CHEBI,EXACT_MATCH,0,0,
CHEBI:53502,CHEBI:53502,beryllium sulfate tetrahydrate,MAPPED,beryllium sulfate tetrahydrate,CHEBI,EXACT_MATCH,1,1,beryllium sulfate--water (1/4)
CHEBI:10352,CHEBI:10352,Beta-Amyrin,MAPPED,beta-amyrin,CHEBI,EXACT_MATCH,0,0,olean-12-en-3beta-ol
cas:154804-51-0,CHEBI:17270,Beta-Glycerophosphate disodium salt hydrate,MAPPED,glycerol 2-phosphate,CHEBI,CLOSE_MATCH,0,0,
CHEBI:10429,CHEBI:10429,Beta-Lapachone,MAPPED,beta-lapachone,CHEBI,EXACT_MATCH,0,0,"2,2-dimethyl-3,4-dihydro-2H-benzo[h]chromene-5,6-dione"
mesh:C000601869,mesh:C000601869,beta-Lipomycin,MAPPED,beta-lipomycin,MESH,EXACT_MATCH,0,0,Beta Lipomycin
CHEBI:16958,CHEBI:16958,Beta-alanine,MAPPED,beta-alanine,CHEBI,EXACT_MATCH,0,0,B-alanine|3-aminopropanoic acid
CHEBI:15846,CHEBI:15846,beta-NAD,MAPPED,NAD(+),CHEBI,EXACT_MATCH,17,17,"ß-NAD|ß-nicotinamide adenine dinucleotide|NAD(+)|NAD+|Nicotinamide adenine dinucleotide|adenosine 5'-{3-[1-(3-carbamoylpyridinio)-1,4-anhydro-D-ribitol-5-yl] dihydrogen diphosphate}|NAD|nicotinamide adenine dinucleotide (NAD)|NAD (Sigma)"
CHEBI:36218,CHEBI:36218,Beta-Lactose,MAPPED,beta-lactose,CHEBI,CAS_RN_LOOKUP,1,1,lactose|beta-D-galactopyranosyl-(1->4)-beta-D-glucopyranose
cas:590-46-5,CHEBI:17750,Betaine hydrochloride,MAPPED,glycine betaine,CHEBI,NARROW_MATCH,3,3,(trimethylammonio)acetate
kgmicrobe.compound:betaine_x_h2o,CHEBI:17750,Betaine x H2O,MAPPED,glycine betaine,CHEBI,CLOSE_MATCH,40,40,"Betaine|(trimethylammonio)acetate|(trimethylammoniumyl)acetate|1-carboxy-N,N,N-trimethylmethanaminium inner salt|2-N,N,N-trimethylammonio acetate|Bet|Glycine betaine|N,N,N-Trimethylglycine|N,N,N-trimethylammonioacetate|Trimethylaminoacetate|Trimethylammonioacetate|Trimethylglycine|abromine|acidol|trimethylglycocoll"
CHEBI:3080,CHEBI:3080,Betanin,MAPPED,Betanin,CHEBI,EXACT_MATCH,0,0,
CHEBI:40957,CHEBI:40957,Bicine,REJECTED,"N,N-bis(2-hydroxyethyl)glycine",CHEBI,EXACT_MATCH,0,0,
CHEBI:40957,CHEBI:40957,BICINE buffer,MAPPED,"N,N-bis(2-hydroxyethyl)glycine",CHEBI,EXACT_MATCH,7,7,"N,N-bis(2-hydroxyethyl)glycine|Bicine"
CHEBI:60584,CHEBI:60584,Bicyclomycin,MAPPED,bicozamycin,CHEBI,CAS_RN_LOOKUP,0,0,
CHEBI:22868,CHEBI:22868,Bile salts,MAPPED,bile salt,CHEBI,LEXICAL_MATCH,4,4,
NCIT:C187267,NCIT:C187267,Bimuno,MAPPED,Galacto-oligosaccharide Prebiotic Supplement,NCIT,EXACT_MATCH,0,0,
cas:54443-59-3,cas:54443-59-3,Biochanin a diacetate,MAPPED,Biochanin a diacetate,CAS,FALLBACK_REGISTRY,0,0,
CHEBI:15956,CHEBI:15956,Biotin,MAPPED,biotin,CHEBI,EXACT_MATCH,2829,2792,"(+)-cis-Hexahydro-2-oxo-1H-thieno[3,4]imidazole-4-valeric acid|(3aS,4S,6aR)-Hexahydro-2-oxo-1H-thieno[3,4-d]imidazole-4-valeric acid|5-(2-oxohexahydro-1H-thieno[3,4-d]imidazol-4-yl)pentanoic acid|5-[(3aS,4S,6aR)-2-oxohexahydro-1H-thieno[3,4-d]imidazol-4-yl]pentanoic acid|Biotine|Coenzyme R|D(+)-Biotin|D-(+)-biotin|D-Biotin|Vitamin H|biotina|biotinum|cis-(+)-Tetrahydro-2-oxothieno[3,4]imidazoline-4-valeric acid|cis-Hexahydro-2-oxo-1H-thieno(3,4)imidazole-4-valeric acid|cis-Tetrahydro-2-oxothieno(3,4-d)imidazoline-4-valeric acid|vitamin B7|Biotin (Vitamin B7)"
kgmicrobe.ingredient:biotin_vitamin_solution,MICRO:0000460,Biotin Vitamin Solution,MAPPED,vitamin solution,MICRO,CLOSE_MATCH,18,18,
CHEBI:16841,CHEBI:16841,Bis(3-aminopropyl)amine,MAPPED,bis(3-aminopropyl)amine,CHEBI,EXACT_MATCH,0,0,"3,3'-azanediyldi(propanamine)"
CHEBI:41250,CHEBI:41250,Bis-Tris,MAPPED,bis-tris,CHEBI,EXACT_MATCH,4,4,"2,2-bis(hydroxymethyl)-2,2',2''-nitrilotriethanol|2-(bis(2-hydroxyethyl)amino)-2-(hydroxymethyl)-1,3-propanediol|2-[BIS-(2-HYDROXY-ETHYL)-AMINO]-2-HYDROXYMETHYL-PROPANE-1,3-DIOL|2-[bis(2-hydroxyethyl)amino]-2-(hydroxymethyl)propane-1,3-diol|BIS-2-HYDROXY-IMINO-TRIS-HYDROXYMETHYL-METHANE|bistris"
CHEBI:49235,CHEBI:49235,Bisabolene,MAPPED,bisabolene,CHEBI,EXACT_MATCH,0,0,
cas:7787-60-2,cas:7787-60-2,bismuth(III) chloride,MAPPED,bismuth(III) chloride,CAS,FALLBACK_REGISTRY,1,1,
CHEBI:34582,CHEBI:34582,Bleomycin sulfate,MAPPED,bleomycin sulfate,CHEBI,EXACT_MATCH,0,0,
CHEBI:3148,CHEBI:3148,Boldine,MAPPED,Boldine,CHEBI,EXACT_MATCH,0,0,
CHEBI:28093,CHEBI:28093,Borneol,MAPPED,borneol,CHEBI,EXACT_MATCH,0,0,"1,7,7-trimethylbicyclo[2.2.1]heptan-2-ol"
MICRO:0000307,MICRO:0000307,Bovine albumin,MAPPED,bovine albumin,MICRO,EXACT_MATCH,4,4,
MICRO:0001709,MICRO:0001709,Bovine calf serum,MAPPED,calf serum,MICRO,LEXICAL_MATCH,8,8,Calf serum (Gibco)
cas:9048-46-8,NCIT:C85253,bovine serum albumin,MAPPED,Bovine Serum Albumin,NCIT,NARROW_MATCH,7,7,
MICRO:0000193,MICRO:0000193,Brain heart infusion,MAPPED,brain heart infusion,MICRO,EXACT_MATCH,29,29,
MICRO:0000193,MICRO:0000193,Brain heart infusion broth,MAPPED,brain heart infusion,MICRO,LEXICAL_MATCH,29,29,
CHEBI:69196,CHEBI:69196,Brazilein,MAPPED,brazilein,CHEBI,EXACT_MATCH,0,0,"(6aS)-3,6a,10-trihydroxy-6a,7-dihydrobenzo[b]indeno[1,2-d]pyran-9(6H)-one"
CHEBI:86154,CHEBI:86154,Bromocresol purple,MAPPED,bromocresol purple,CHEBI,EXACT_MATCH,9,9,"3,3-bis(3-bromo-4-hydroxy-5-methylphenyl)-2,1lambda(6)-benzoxathiole-1,1(3H)-dione|5',5""""-dibromo-o-cresolsulfophthalein|HSDB 7729|bromocresol purple"""
CHEBI:86155,CHEBI:86155,Bromothymol blue,MAPPED,bromothymol blue,CHEBI,EXACT_MATCH,174,174,"3,3-bis[3-bromo-4-hydroxy-2-methyl-5-(propan-2-yl)phenyl]-2,1lambda(6)-benzoxathiole-1,1(3H)-dione|4,4'-(3H-2,1-Benzoxathiol-3-ylidene)bis(2-bromo-3-methyl-6-(1-methylethyl)phenol) S,S-dioxide|Bromthymol blue|bromothymol sulfone phthalein"
MICRO:0000595,MICRO:0000595,Brucella agar,MAPPED,Brucella agar,MICRO,EXACT_MATCH,4,4,Brucella agar (BD-BBL)
CHEBI:3193,CHEBI:3193,Brucine,MAPPED,brucine,CHEBI,EXACT_MATCH,0,0,
CHEBI:28885,CHEBI:28885,Butanol,MAPPED,butan-1-ol,CHEBI,CAS_RN_LOOKUP,0,0,
CHEBI:85983,CHEBI:85983,Butyl stearate,MAPPED,butyl octadecanoate,CHEBI,CAS_RN_LOOKUP,0,0,
mesh:C521980,mesh:C521980,Butyl vinyl ether,MAPPED,butyl vinyl ether,MESH,EXACT_MATCH,4,4,
CHEBI:30772,CHEBI:30772,Butyric acid,MAPPED,butyric acid,CHEBI,EXACT_MATCH,48,48,1-butanoic acid|1-butyric acid|1-propanecarboxylic acid|4:0|BUTANOIC ACID|Buttersaeure|CH3-[CH2]2-COOH|acide butanoique|acide butyrique|butanic acid|butoic acid|ethylacetic acid|n-Butyric acid|n-butanoic acid|propanecarboxylic acid|propylformic acid
mesh:C010427,mesh:C010427,Butyricin 7423,MAPPED,butyricin 7423,MESH,EXACT_MATCH,0,0,
CHEBI:36592,CHEBI:36592,Butyrolactam,MAPPED,pyrrolidin-2-one,CHEBI,CAS_RN_LOOKUP,0,0,
CHEBI:3259,CHEBI:3259,CCCP,MAPPED,CCCP,CHEBI,EXACT_MATCH,0,0,N'-(3-chlorophenyl)carbonohydrazonoyl dicyanide
CHEBI:134107,CHEBI:134107,CHIR-090,MAPPED,CHIR-090,CHEBI,EXACT_MATCH,0,0,"N-[(2S,3R)-3-hydroxy-1-(hydroxyamino)-1-oxobutan-2-yl]-4-({4-[(morpholin-4-yl)methyl]phenyl}ethynyl)benzamide"
CHEBI:31340,CHEBI:31340,Ca-folinate,MAPPED,Calcium folinate,CHEBI,EXACT_MATCH,7,7,Calcium folinate|Leucovorin calcium
CHEBI:31345,CHEBI:31345,Ca-pantothenate,REJECTED,Calcium pantothenate,CHEBI,SYNONYM_MATCH,0,0,"3-[(2R)-2,4-dihydroxy-3,3-dimethylbutanamido]propanoate|Ca pantotenate"
CHEBI:64205,CHEBI:64205,Ca(NO3)2,MAPPED,calcium nitrate,CHEBI,EXACT_MATCH,37,37,"Cadmium(II) nitrate|Cd(NO3)2|Nitric acid, cadmium salt|Nitric acid, cadmium salt (2:1)|cadmium dinitrate|cadmium nitrate|calcium dinitrate"
CHEBI:86159,CHEBI:86159,Ca(NO3)2 x 4 H2O,MAPPED,calcium nitrate tetrahydrate,CHEBI,EXACT_MATCH,199,199,(1)  Ca(NO3)2.4H2O|Ca(NO3)2 x 4 H2O (0.1% w/v)|Ca(NO3)2 · 4H2O|Ca(NO3)2.4H2O|Ca(NO3)2x4H2O|Ca(NO3)2·4H2O|Ca(NO3)2・4H2O|Calcium dinitrate tetrahydrate|Calcium nitrate tetrahydrate|calcium nitrate--water (1/4)|Ca(NO3)2•4H2O
CHEBI:3312,CHEBI:3312,CaCl2,MAPPED,calcium dichloride,CHEBI,EXACT_MATCH,1052,1052,Calcium chloride anhydrous|Calcium chloride|anhydrous calcium chloride|CaCl .6H O|[CaCl2]|calcium dichloride|CaCl2 x H2O|CaCl2 . 7H2O|CaCl2 x 7 H2O|CaCl2·H2O|CaCl2⋅7H2O|CaCl2・H2O|CaCl2 × 2 H2O|CaCl2*2H2O|CaCl22H2O
CHEBI:86158,CHEBI:86158,CaCl22H2O,REJECTED,calcium chloride dihydrate,CHEBI,SYNONYM_MATCH,0,0,CaCl2 × 2 H2O|CaCl2*2H2O|calcium chloride--water (1/2)
CHEBI:86158,CHEBI:86158,CaCl2 x 2 H2O,MAPPED,calcium chloride dihydrate,CHEBI,EXACT_MATCH,6013,5959,CaCl 2 X 2 H2O|CaCl2 . 2H2O|CaCl2 x 2 H2O (0.1% w/v)|CaCl2 x 2 H2O (50 g/l stock solution)|CaCl2 x 2 H2O (5M)|CaCl2 x 2 H2O solution (7%)|CaCl2 x 2H2O|CaCl2 x2H2O|CaCl2 · 2H2O|CaCl2. 2H2O|CaCl2.2H2O|CaCl2x 2H2O|CaCl2x2H2O|CaCl2·2H2O|Calcium chloride dihydrate|CaCl2  x 2 H2O|CaCl2 x  2 H2O|CaCl2•2H2O|CaCl2•2H2O (Sigma C-3881)|CaCl2•2H2O(CAS: 10035-04-8)|CaCl2•2H2O(Sigma C-3881)|calcium chloride--water (1/2)|CaCl22H2O|CaCl2 × 2 H2O|CaCl2*2H2O
CHEBI:91243,CHEBI:91243,CaCl2 x 6 H2O,MAPPED,calcium chloride hexahydrate,CHEBI,EXACT_MATCH,70,70,CaCl2.6H2O|CaCl2x6H2O|CaCl2·6H2O|CaCl2・6 H2O|calcium chloride hexahydrate|calcium chloride--water (1/6)
kgmicrobe.compound:cacl2_x_7_h2o,CHEBI:3312,CaCl2 x 7 H2O,MAPPED,calcium dichloride,CHEBI,CLOSE_MATCH,11,11,CaCl2 . 7H2O|CaCl2 x H2O|CaCl2·H2O|CaCl2⋅7H2O|CaCl2・H2O|Calcium chloride anhydrous|anhydrous calcium chloride|calcium chloride
CHEBI:3311,CHEBI:3311,CaCO3,MAPPED,calcium carbonate,CHEBI,EXACT_MATCH,320,320,Optional ingredient|Calcium Carbonate|CaCO3(Fisher C 64)|CaCO3(optional) (Fisher C 64)|CaCO3(optional)(Fisher C 64)|Calciumcarbonat|E 170|Kalziumkarbonat|Precipitated calcium carbonate|calcium carbonate (1:1)|calcium trioxidocarbonate|carbonate de calcium|carbonato de calcio|carbonic acid calcium salt (1:1)|kohlensaurer Kalk
CHEBI:18127,CHEBI:18127,Cadaverine,MAPPED,cadaverine,CHEBI,EXACT_MATCH,0,0,"PENTANE-1,5-DIAMINE"
cas:5743-04-4,CHEBI:232796,Cadmium acetate dihydrate,MAPPED,cadmium acetate,CHEBI,CLOSE_MATCH,1,1,cadmium(2+);diacetate
CHEBI:63938,CHEBI:63938,Cadmium chloride hemipentahydrate,MAPPED,cadmium dichloride hemipentahydrate,CHEBI,CAS_RN_LOOKUP,0,0,dichlorocadmium--water (2/5)
CHEBI:77732,CHEBI:77732,cadmium nitrate,MAPPED,cadmium nitrate,CHEBI,EXACT_MATCH,1,0,cadmium dinitrate
CHEBI:36281,CHEBI:36281,caffeic acid,MAPPED,caffeic acid,CHEBI,EXACT_MATCH,0,0,"3-(3,4-dihydroxyphenyl)prop-2-enoic acid"
CHEBI:27732,CHEBI:27732,Caffeine,MAPPED,caffeine,CHEBI,EXACT_MATCH,0,0,"1,3,7-trimethyl-3,7-dihydro-1H-purine-2,6-dione"
cas:5743-18-0,cas:5743-18-0,Caffeine Hydrobromide,MAPPED,Caffeine Hydrobromide,CAS,FALLBACK_REGISTRY,0,0,
CHEBI:32596,CHEBI:32596,CaHPO4,MAPPED,calcium hydrogenphosphate,CHEBI,EXACT_MATCH,4,4,"calcium hydrogen phosphate|calcium hydrogenphosphate|monocalcium acid phosphate|phosphoric acid, calcium salt (1:1)|secondary calcium phosphate"
CHEBI:3312,CHEBI:3312,Calcium Chloride,REJECTED,calcium dichloride,CHEBI,SYNONYM_MATCH,0,0,CaCl2 × 2 H2O|CaCl2*2H2O|CaCl22H2O|calcium chloride
CHEBI:31345,CHEBI:31345,Calcium D-Pantothenate,REJECTED,Calcium pantothenate,CHEBI,EXACT_MATCH,0,0,
CHEBI:31345,CHEBI:31345,Calcium pantothenate,MAPPED,Calcium pantothenate,CHEBI,EXACT_MATCH,2375,2348,"Calcium D-(+)-pantothenate|D-Ca-pantothenate|D Calcium Panthothenate|D-Calcium pantothenate|DL-Calcium pantothenate|Hemicalcium D-(+)- pantothenate|calcium D,L-pantothenate|Calcium pantothenate|Hemicalcium D-+-pantothenate|Calcium panthothenate|Calcium D-Pantothenate|Ca-pantothenate"
NCIT:C105971,NCIT:C105971,Calprotectin,MAPPED,Calprotectin,NCIT,EXACT_MATCH,0,0,
kgmicrobe.compound:camphomycin,kgmicrobe.compound:camphomycin,Camphomycin,MAPPED,Camphomycin,kgmicrobe.compound,PLACEHOLDER,0,0,
CHEBI:27656,CHEBI:27656,Camptothecin,MAPPED,camptothecin,CHEBI,EXACT_MATCH,0,0,"(4S)-4-ethyl-4-hydroxy-1H-pyrano[3',4':6,7]indolizino[1,2-b]quinoline-3,14(4H,12H)-dione"
kgmicrobe.compound:canarius,kgmicrobe.compound:canarius,Canarius,MAPPED,Canarius,kgmicrobe.compound,PLACEHOLDER,0,0,
CHEBI:609827,CHEBI:609827,Canavanine,MAPPED,L-canavanine,CHEBI,CAS_RN_LOOKUP,0,0,O-carbamimidamido-L-homoserine
kgmicrobe.compound:candimycin,kgmicrobe.compound:candimycin,Candimycin,MAPPED,Candimycin,kgmicrobe.compound,PLACEHOLDER,0,0,
mesh:C033379,mesh:C033379,Candiplanecin,MAPPED,candiplanecin,MESH,EXACT_MATCH,0,0,
CHEBI:64213,CHEBI:64213,Cantharidin,MAPPED,cantharidin,CHEBI,EXACT_MATCH,0,0,"(3aR,4S,7R,7aS)-3a,7a-dimethylhexahydro-4,7-epoxy-2-benzofuran-1,3-dione"
CHEBI:31348,CHEBI:31348,Capecitabine,MAPPED,capecitabine,CHEBI,EXACT_MATCH,0,0,5'-deoxy-5-fluoro-N-[(pentyloxy)carbonyl]cytidine
CHEBI:30776,CHEBI:30776,Caproic acid,MAPPED,hexanoic acid,CHEBI,EXACT_MATCH,16,16,1-hexanoic acid|1-pentanecarboxylic acid|6:0|CH3-[CH2]4-COOH|Capronic acid|HEXANOIC ACID|Hexylic acid|Pentanecarboxylic acid|butylacetic acid|hexoic acid|n-Caproic acid|n-hexanoic acid|n-hexoic acid|n-hexylic acid|pentiformic acid|pentylformic acid
CHEBI:28579,CHEBI:28579,Caprolactam,MAPPED,epsilon-caprolactam,CHEBI,CAS_RN_LOOKUP,0,0,azepan-2-one
CHEBI:191088,CHEBI:191088,CAPS buffer,MAPPED,Cyclohexylaminopropanesulfonic acid,CHEBI,EXACT_MATCH,5,5,3-(cyclohexylamino)propane-1-sulonic acid|CAPS|Cyclohexylaminopropanesulfonic acid
CHEBI:3374,CHEBI:3374,capsaicin,MAPPED,capsaicin,CHEBI,EXACT_MATCH,0,0,(6E)-N-(4-hydroxy-3-methoxybenzyl)-8-methylnon-6-enamide
CHEBI:183882,CHEBI:183882,CAPSO,MAPPED,3-(cyclohexylamino)-2-hydroxy-1-propanesulfonic acid,CHEBI,EXACT_MATCH,3,3,3-(cyclohexylamino)-2-hydroxy-1-propanesulfonic acid|3-(cyclohexylamino)-2-hydroxypropane-1-sulonic acid
CHEBI:3393,CHEBI:3393,Carbenicillin,MAPPED,carbenicillin,CHEBI,EXACT_MATCH,1,1,"6beta-(2-carboxy-2-phenylacetamido)-2,2-dimethylpenam-3alpha-carboxylic acid"
CHEBI:34609,CHEBI:34609,Carbenicillin disodium salt,MAPPED,carbenicillin disodium,CHEBI,CAS_RN_LOOKUP,0,0,"disodium 6beta-(2-carboxylato-2-phenylacetamido)-2,2-dimethylpenam-3alpha-carboxylate"
CHEBI:16526,CHEBI:16526,Carbon dioxide gas,MAPPED,carbon dioxide,CHEBI,EXACT_MATCH,775,771,CO2|carbon dioxide|Carbon dioxide|CO(2)|E 290|E-290|E290|R-744|[CO2]|carbonic anhydride|dioxidocarbon|methanedione
CHEBI:234035,CHEBI:234035,Carboxymethyl cellulose,MAPPED,carboxymethylcellulose sodium salt,CHEBI,SYNONYM_MATCH,7,7,"CMC|Carboximethylcellulosum|Carboxymethylcellulose|Carboxymethylcellulosum|Celluloseglycolic acid|Glycolic acid cellulose ether|carmellosum|carmelosa|croscarmellose|croscarmellosum|croscarmelosa|Carboxymethyl cellulose (sodium salt)|Carboxymethylcellulose sodium|CMC-Na|Carboxymethyl cellulose, sodium salt"
kgmicrobe.compound:carcinomycin,kgmicrobe.compound:carcinomycin,Carcinomycin,MAPPED,Carcinomycin,kgmicrobe.compound,PLACEHOLDER,0,0,
cas:461-06-3,CHEBI:17126,Carnitine (Dl) Hydrochloride,MAPPED,carnitine,CHEBI,NARROW_MATCH,0,0,3-hydroxy-4-(trimethylammonio)butanoate
kgmicrobe.compound:carnitine_hydrochloride,CHEBI:17126,Carnitine Hydrochloride,MAPPED,carnitine,CHEBI,NARROW_MATCH,14,14,"4-amino-2-hydroxy-N,N,N-trimethyl-4-oxobutan-1-aminium chloride"
CHEBI:65585,CHEBI:65585,Carnosic Acid,MAPPED,carnosic acid,CHEBI,EXACT_MATCH,0,0,"11,12-dihydroxyabieta-8,11,13-trien-20-oic acid"
NCIT:C72000,NCIT:C72000,Carrot,MAPPED,Carrot,NCIT,EXACT_MATCH,7,7,
kgmicrobe.compound:caryomycin,kgmicrobe.compound:caryomycin,Caryomycin,MAPPED,Caryomycin,kgmicrobe.compound,PLACEHOLDER,0,0,
CHEBI:10357,CHEBI:10357,Caryophyllene [T(-)],MAPPED,(-)-beta-caryophyllene,CHEBI,CAS_RN_LOOKUP,0,0,"(1R,4E,9S)-4,11,11-trimethyl-8-methylidenebicyclo[7.2.0]undec-4-ene"
mesh:C017721,mesh:C017721,Casamino acids (vitamin assay),MAPPED,casamino acids,MESH,LEXICAL_MATCH,0,0,"Casamino acids (vit. assay)|Casamino acids, vitamin assay (BD-Difco)|Casamino acids, vitamin assay (Difco)"
FOODON:03420180,FOODON:03420180,Casein,MAPPED,casein,FOODON,EXACT_MATCH,20,20,
FOODON:03315719,FOODON:03315719,Casein peptone,MAPPED,mammalian milk protein (hydrolyzed),FOODON,CLOSE_MATCH,1313,1247,"Casein peptone, tryptic digest|Peptone from casein|Pancreatic Digest of Casein|Pancreatic Digest of Casein (Hardy C6530)|Caseine peptone|Casein peptone, tryptic digested|Enzymatic digest of casein|Casein hydrolysate|casein hydrolysate|Acid-hydrolyzed casein|Casein enzymic hydrolysate|Casein Enzymic Hydrolysate|casein hydrolyzate acid|Casein hydrolysate (NZ Case TT, Quest International)"
MICRO:0001366,MICRO:0001366,Casein hydrolysate,MAPPED,casein hydrolysate,MICRO,EXACT_MATCH,54,54,Acid hydrolysate of casein
MICRO:0000606,MICRO:0000606,Casitone,MAPPED,casitone,MICRO,EXACT_MATCH,282,282,Casitone (BD-Difco)|Bacto Casitone (Difco)|Casitone (BD-BBL)|Casitone (BD--Difco)
CHEBI:31346,CHEBI:31346,CaSO4,MAPPED,calcium sulfate,CHEBI,EXACT_MATCH,19,19,Calcium sulfate|Kalziumsulfat|calcium sulphate
CHEBI:32583,CHEBI:32583,CaSO4 x 2 H2O,MAPPED,calcium sulfate dihydrate,CHEBI,EXACT_MATCH,158,158,"CaSO4 . 2H2O|CaSO4 x 2H2O|CaSO4 x2H2O|CaSO4 · 2 H2O|CaSO4 · 2H2O|CaSO4.2H2O|CaSO4·2H2O|CaSO4・2H2O|calcium sulfate dihydrate|calcium(II) sulfate, dihydrate (1:1:2)|sulfuric acid, calcium salt (1:1), dihydrate|sulfuric acid, calcium(2+) salt, dihydrate|CaSO4•2H2O|CaSO4•2H2O(Mallinckroft 4300)|calcium sulfate--water (1/2)"
CHEBI:31346,CHEBI:31346,CaSO4 x 7 H2O,MAPPED,calcium sulfate,CHEBI,SYNONYM_MATCH,19,19,"CaSO4・7H2O|anhydrous gypsum|calcium sulfate, anhydrous"
NCIT:C61062,NCIT:C61062,Catalase,MAPPED,Catalase,NCIT,EXACT_MATCH,34,34,Catalase (Sigma C--10)
CHEBI:86156,CHEBI:86156,Cd(NO3)2 x 4 H2O,MAPPED,cadmium nitrate tetrahydrate,CHEBI,EXACT_MATCH,2,2,Cadmium dinitrate tetrahydrate|Cadmium(II) nitrate tetrahydrate (1:2:4)|Cd(NO3)2.4H2O|cadmium nitrate tetrahydrate|cadmium nitrate--water (1/4)
CHEBI:35458,CHEBI:35458,CeCl3,MAPPED,cerium trichloride,CHEBI,EXACT_MATCH,4,4,[CeCl3]|cerium chloride|cerium trichloride|cerium(3+) chloride|cerium(III) chloride|cerous chloride|cerous(III) chloride|trichloridocerium
kgmicrobe.compound:cecl3_x_7_h2o,CHEBI:35458,CeCl3 x 7 H2O,MAPPED,cerium trichloride,CHEBI,CLOSE_MATCH,4,4,cerium(3+) chloride|cerium(III) chloride|trichloridocerium
CHEBI:201428,CHEBI:201428,Cecropin A,MAPPED,Cecropin A,CHEBI,EXACT_MATCH,0,0,"(4S)-5-[[(2S)-6-amino-1-[[(2S)-1-[[2-[[(2S)-5-amino-1-[[(2S)-4-amino-1-[[(2S,3S)-1-[[(2S)-1-[[(2S)-1-[[2-[[(2S,3S)-1-[[(2S,3S)-1-[[(2S)-6-amino-1-[[(2S)-1-[[2-[(2S)-2-[[(2S)-1-[[(2S)-1-[[(2S)-1-[[(2S)-1-[[(2S)-1-[[2-[[(2S)-5-amino-1-[[(2S)-1-[[(2S,3R)-1-[[(2S)-5-amino-1-[[(2S,3S)-1-[[(2S)-1-[[(2S)-1,6-diamino-1-oxohexan-2-yl]amino]-1-oxopropan-2-yl]amino]-3-methyl-1-oxopentan-2-yl]amino]-1,5-dioxopentan-2-yl]amino]-3-hydroxy-1-oxobutan-2-yl]amino]-1-oxopropan-2-yl]amino]-1,5-dioxopentan-2-yl]amino]-2-oxoethyl]amino]-3-methyl-1-oxobutan-2-yl]amino]-3-methyl-1-oxobutan-2-yl]amino]-1-oxopropan-2-yl]amino]-3-methyl-1-oxobutan-2-yl]amino]-1-oxopropan-2-yl]carbamoyl]pyrrolidin-1-yl]-2-oxoethyl]amino]-1-oxopropan-2-yl]amino]-1-oxohexan-2-yl]amino]-3-methyl-1-oxopentan-2-yl]amino]-3-methyl-1-oxopentan-2-yl]amino]-2-oxoethyl]amino]-3-carboxy-1-oxopropan-2-yl]amino]-5-carbamimidamido-1-oxopentan-2-yl]amino]-3-methyl-1-oxopentan-2-yl]amino]-1,4-dioxobutan-2-yl]amino]-1,5-dioxopentan-2-yl]amino]-2-oxoethyl]amino]-3-methyl-1-oxobutan-2-yl]amino]-1-oxohexan-2-yl]amino]-4-[[(2S,3S)-2-[[(2S)-6-amino-2-[[(2S)-6-amino-2-[[(2S)-2-[[(2S)-2-[[(2S)-6-amino-2-[[(2S)-2-[[(2S)-2,6-diaminohexanoyl]amino]-3-(1H-indol-3-yl)propanoyl]amino]hexanoyl]amino]-4-methylpentanoyl]amino]-3-phenylpropanoyl]amino]hexanoyl]amino]hexanoyl]amino]-3-methylpentanoyl]amino]-5-oxopentanoic acid"
CHEBI:201469,CHEBI:201469,Cecropin B,MAPPED,Cecropin B,CHEBI,EXACT_MATCH,0,0,"(4S)-4-[[2-[[(2S)-2-[[(2S)-2-[[(2S)-2-[[(2S,3S)-2-[[(2S)-2-[[(2S)-1-[2-[[(2S)-2-[[(2S)-6-amino-2-[[(2S)-2-[[(2S,3S)-2-[[2-[[(2S)-4-amino-2-[[(2S)-2-[[(2S,3S)-2-[[(2S)-4-amino-2-[[(2S)-2-[[2-[[(2S)-2-[[(2S)-6-amino-2-[[(2S)-2-[[(2S,3S)-2-[[(2S)-6-amino-2-[[(2S)-6-amino-2-[[(2S)-2-[[(2S)-2-[[(2S)-6-amino-2-[[(2S)-2-[[(2S)-2,6-diaminohexanoyl]amino]-3-(1H-indol-3-yl)propanoyl]amino]hexanoyl]amino]-3-methylbutanoyl]amino]-3-phenylpropanoyl]amino]hexanoyl]amino]hexanoyl]amino]-3-methylpentanoyl]amino]-4-carboxybutanoyl]amino]hexanoyl]amino]-4-methylsulanylbutanoyl]amino]acetyl]amino]-5-carbamimidamidopentanoyl]amino]-4-oxobutanoyl]amino]-3-methylpentanoyl]amino]-5-carbamimidamidopentanoyl]amino]-4-oxobutanoyl]amino]acetyl]amino]-3-methylpentanoyl]amino]-3-methylbutanoyl]amino]hexanoyl]amino]propanoyl]amino]acetyl]pyrrolidine-2-carbonyl]amino]propanoyl]amino]-3-methylpentanoyl]amino]propanoyl]amino]-3-methylbutanoyl]amino]-4-methylpentanoyl]amino]acetyl]amino]-5-[[(2S)-1-[[(2S)-6-amino-1-[[(2S)-1-[[(2S)-1-amino-4-methyl-1-oxopentan-2-yl]amino]-1-oxopropan-2-yl]amino]-1-oxohexan-2-yl]amino]-1-oxopropan-2-yl]amino]-5-oxopentanoic acid"
CHEBI:197237,CHEBI:197237,Cedrelone,MAPPED,CEDRELONE,CHEBI,EXACT_MATCH,0,0,"(1R,2R,4R,6S,7S,10R,11R)-6-(uran-3-yl)-17-hydroxy-1,7,11,15,15-pentamethyl-3-oxapentacyclo[8.8.0.02,4.02,7.011,16]octadeca-12,16-diene-14,18-dione"
CHEBI:3478,CHEBI:3478,Cefaclor,MAPPED,cefaclor,CHEBI,EXACT_MATCH,0,0,"(6R,7R)-7-{[(2R)-2-amino-2-phenylacetyl]amino}-3-chloro-8-oxo-5-thia-1-azabicyclo[4.2.0]oct-2-ene-2-carboxylic acid|7beta-{[(2R)-2-amino-2-phenylacetyl]amino}-3-chloro-3,4-didehydrocepham-4-carboxylic acid"
CHEBI:3483,CHEBI:3483,Cefazolin sodium salt,MAPPED,cefazolin sodium,CHEBI,CAS_RN_LOOKUP,0,0,"sodium 3-{[(5-methyl-1,3,4-thiadiazol-2-yl)sulfanyl]methyl}-7beta-[(1H-tetrazol-1-ylacetyl)amino]-3,4-didehydrocepham-4-carboxylate"
CHEBI:3489,CHEBI:3489,Cefmetazole,MAPPED,cefmetazole,CHEBI,EXACT_MATCH,0,0,7beta-{[(cyanomethyl)sulfanyl]acetamido}-7alpha-methoxy-3-{[(1-methyl-1H-tetrazol-5-yl)sulfanyl]methyl}ceph-3-em-4-carboxylic acid
CHEBI:3498,CHEBI:3498,Cefotaxime sodium salt,MAPPED,cefotaxime sodium,CHEBI,CAS_RN_LOOKUP,0,0,"sodium 3-(acetoxymethyl)-7beta-{[(2Z)-2-(2-amino-1,3-thiazol-4-yl)-2-(methoxyimino)acetyl]amino}-3,4-didehydrocepham-4-carboxylate"
CHEBI:3501,CHEBI:3501,Cefoxitin sodium salt,MAPPED,Cefoxitin sodium,CHEBI,CAS_RN_LOOKUP,0,0,
kgmicrobe.compound:cefsulodin_sodium_salt_hydrate,CHEBI:31380,Cefsulodin sodium salt hydrate,MAPPED,Cefsulodin sodium,CHEBI,CLOSE_MATCH,0,0,
cas:120618-65-7,CHEBI:3508,Ceftazidime hydrate,MAPPED,ceftazidime,CHEBI,CLOSE_MATCH,0,0,
CHEBI:3514,CHEBI:3514,Ceftriaxone disodium salt hemi(heptahydrate),MAPPED,Ceftriaxone disodium salt hemiheptahydrate,CHEBI,CAS_RN_LOOKUP,0,0,
BTO:0004304,BTO:0004304,Cell lysate,MAPPED,cell lysate,BTO,EXACT_MATCH,2,2,
CHEBI:17057,CHEBI:17057,Cellobiose,MAPPED,cellobiose,CHEBI,EXACT_MATCH,273,273,1-beta-D-Glucopyranosyl-4-D-glucopyranose|4-(beta-D-glucosido)-D-glucose|4-O-beta-D-glucopyranosyl-D-glucopyranose|4-beta-D-glucopyranosyl-D-glucopyranose|D-(+)-cellobiose|D-Cellobiose|D-celiobiose|D-cellobiose (cellobiose)|D-glucosyl-beta-(1-4)-D-glucose|beta-D-glucopyranosyl-(1->4)-D-glucopyranose|cellose
CHEBI:49533,CHEBI:49533,Cellohexaose,MAPPED,beta-D-cellohexaose,CHEBI,CAS_RN_LOOKUP,0,0,Glc(b1-4)Glc(b1-4)Glc(b1-4)Glc(b1-4)Glc(b1-4)b-Glc|beta-D-glucopyranosyl-(1->4)-beta-D-glucopyranosyl-(1->4)-beta-D-glucopyranosyl-(1->4)-beta-D-glucopyranosyl-(1->4)-beta-D-glucopyranosyl-(1->4)-beta-D-glucopyranose
CHEBI:62976,CHEBI:62976,Cellopentaose,MAPPED,cellopentaose,CHEBI,EXACT_MATCH,0,0,beta-D-glucopyranosyl-(1->4)-beta-D-glucopyranosyl-(1->4)-beta-D-glucopyranosyl-(1->4)-beta-D-glucopyranosyl-(1->4)-D-glucopyranose
kgmicrobe.compound:cellostatin,kgmicrobe.compound:cellostatin,Cellostatin,MAPPED,Cellostatin,kgmicrobe.compound,PLACEHOLDER,0,0,
CHEBI:62974,CHEBI:62974,Cellotetraose,MAPPED,cellotetraose,CHEBI,EXACT_MATCH,0,0,beta-D-glucopyranosyl-(1->4)-beta-D-glucoopyranosyl-(1->4)-beta-D-glucoopyranosyl-(1->4)-D-glucoopyranose
CHEBI:3528,CHEBI:3528,Cellotriose,MAPPED,cellotriose,CHEBI,EXACT_MATCH,0,0,beta-D-glucopyranosyl-(1->4)-beta-D-glucopyranosyl-(1->4)-D-glucopyranose|beta-D-glucopyranosyl-(1->4)-beta-D-glucopyranosyl-(1->4)-D-glucose
CHEBI:18246,CHEBI:18246,Cellulose,MAPPED,(1->4)-beta-D-glucan,CHEBI,EXACT_MATCH,45,45,"Optional ingredient|Optional ingredient (Avicel SIGMA)|Optional ingredient (Lens tissue or MN 301)|Optional ingredient (MN 301)|(1,4-beta-D-Glucosyl)n|(1,4-beta-D-Glucosyl)n+1|(1,4-beta-D-Glucosyl)n-1|(1,4-beta-D-glucosyl)(n)|(1->4)-beta-D-glucan|(1->4)-beta-D-glucopyranan|Filter paper (cellulose substrate)|Cellulose (Avicel or MN 300)"
CHEBI:3534,CHEBI:3534,Cephalexin,MAPPED,cephalexin,CHEBI,EXACT_MATCH,0,0,"7beta-[(2R)-2-amino-2-phenylacetamido]-3-methyl-3,4-didehydrocepham-4-carboxylic acid"
CHEBI:3542,CHEBI:3542,Cephalothin sodium salt,MAPPED,cephalothin sodium,CHEBI,CAS_RN_LOOKUP,0,0,"sodium (6R,7R)-3-(acetoxymethyl)-8-oxo-7-[(2-thienylacetyl)amino]-5-thia-1-azabicyclo[4.2.0]oct-2-ene-2-carboxylate"
kgmicrobe.compound:cephamycin_a,CHEBI:55429,Cephamycin A,MAPPED,cephamycin,CHEBI,NARROW_MATCH,0,0,
CHEBI:3547,CHEBI:3547,Cephradine,MAPPED,cephradine,CHEBI,EXACT_MATCH,0,0,"7beta-[(2R)-2-(cyclohexa-1,4-dienyl)-2-phenylacetamido]-3-methyl-3,4-didehydrocepham-4-carboxylic acid"
CHEBI:171741,CHEBI:171741,Cerulenin,MAPPED,cerulenin,CHEBI,EXACT_MATCH,0,0,"(2R,3S)-3-[(4E,7E)-nona-4,7-dienoyl]oxirane-2-carboxamide"
CHEBI:63039,CHEBI:63039,Cesium chloride,MAPPED,caesium chloride,CHEBI,CAS_RN_LOOKUP,0,0,
NCIT:C98044,NCIT:C98044,Cetocycline,MAPPED,Cetocycline,NCIT,EXACT_MATCH,0,0,
cas:9004-95-9,mesh:D002592,Cetomacrogol 1000,MAPPED,Cetomacrogol,MESH,NARROW_MATCH,0,0,Polyethylene glycol hexadecyl ether
CHEBI:3567,CHEBI:3567,Cetrimonium bromide,MAPPED,cetyltrimethylammonium bromide,CHEBI,CAS_RN_LOOKUP,0,0,"N,N,N-trimethylhexadecan-1-aminium bromide"
CHEBI:86202,CHEBI:86202,Chalcopyrite,MAPPED,chalcopyrite,CHEBI,EXACT_MATCH,3,3,CuFeS2|Cupric ferrous sulfide
kgmicrobe.compound:champamycin_b,kgmicrobe.compound:champamycin_b,Champamycin B,MAPPED,Champamycin B,kgmicrobe.compound,PLACEHOLDER,0,0,
kgmicrobe.compound:chaninin,kgmicrobe.compound:chaninin,Chaninin,MAPPED,Chaninin,kgmicrobe.compound,PLACEHOLDER,0,0,
CHEBI:91090,CHEBI:91090,Charcoal,MAPPED,charcoal,CHEBI,EXACT_MATCH,5,5,
CHEBI:27939,CHEBI:27939,Chaulmoogric acid,MAPPED,chaulmoogric acid,CHEBI,EXACT_MATCH,0,0,13-cyclopent-2-en-1-yltridecanoic acid
CHEBI:16755,CHEBI:16755,Chenodeoxycholic acid,MAPPED,chenodeoxycholic acid,CHEBI,EXACT_MATCH,0,0,"3alpha,7alpha-dihydroxy-5beta-cholan-24-oic acid"
CHEBI:17029,CHEBI:17029,Chitin,MAPPED,chitin,CHEBI,EXACT_MATCH,12,12,(1->4)-2-acetamido-2-deoxy-beta-D-glucan
CHEBI:16261,CHEBI:16261,Chitosan,MAPPED,chitosan,CHEBI,EXACT_MATCH,3,3,"(1->4)-2-amino-2-deoxy-beta-D-glucan|Deacetylchitin|[4)-beta-D-GlcpN(1->]n|beta-1,4-Poly-D-glucosamine|hydrolysis: cationic chitosan|poliglusam"
CHEBI:17698,CHEBI:17698,Chloramphenicol,MAPPED,chloramphenicol,CHEBI,EXACT_MATCH,9,9,"2,2-dichloro-N-[(1R,2R)-2-hydroxy-1-(hydroxymethyl)-2-(4-nitrophenyl)ethyl]acetamide|(-)-Chloramphenicol|chloramphenicol (if needed)"
kgmicrobe.compound:chlorhexidine_diacetate_salt_hydrate,CHEBI:81711,Chlorhexidine diacetate salt hydrate,MAPPED,chlorhexidine acetate,CHEBI,CLOSE_MATCH,0,0,"N,N''''-hexane-1,6-diylbis[N'-(4-chlorophenyl)triimidodicarbonic diamide] acetate (1:2)"
CHEBI:16112,CHEBI:16112,Chlorogenic acid,MAPPED,chlorogenic acid,CHEBI,EXACT_MATCH,0,0,"edit(1S,3R,4R,5R)-3-{[(2E)-3-(3,4-dihydroxyphenyl)prop-2-enoyl]oxy}-1,4,5-trihydroxycyclohexane-1-carboxylic acid"
kgmicrobe.compound:chlororaphin,kgmicrobe.compound:chlororaphin,Chlororaphin,MAPPED,Chlororaphin,kgmicrobe.compound,PLACEHOLDER,0,0,
CHEBI:3649,CHEBI:3649,Chlorpromazine hydrochloride,MAPPED,chlorpromazine hydrochloride,CHEBI,EXACT_MATCH,0,0,"3-(2-chloro-10H-phenothiazin-10-yl)-N,N-dimethylpropan-1-amine hydrochloride"
CHEBI:16359,CHEBI:16359,Cholic acid,MAPPED,cholic acid,CHEBI,EXACT_MATCH,0,0,"3alpha,7alpha,12alpha-trihydroxy-5beta-cholan-24-oic acid"
cas:14586-35-7,cas:14586-35-7,Cholin acetate,MAPPED,Cholin acetate,CAS,FALLBACK_REGISTRY,0,0,
CHEBI:15354,CHEBI:15354,Choline,MAPPED,choline,CHEBI,EXACT_MATCH,4,4,"2-hydroxy-N,N,N-trimethylethanaminium|Bilineurine|CHOLINE ION|N,N,N-trimethylethanol-ammonium|N-trimethylethanolamine|trimethylethanolamine"
CHEBI:133341,CHEBI:133341,Choline chloride,MAPPED,choline chloride,CHEBI,EXACT_MATCH,48,48,"(2-Hydroxyethyl)trimethylammonium chloride|(beta-Hydroxyethyl)trimethylammonium chloride|2-Hydroxy-N,N,N,-trimethylethanaminium chloride|2-hydroxy-N,N,N-trimethylethanaminium chloride|Bilineurin chloride|Biocolina|Biocoline|Chloride de choline|Chlorure de choline|Choline chlorhydrate|Choline hydrochloride|Cholini chloridum|Cholinium chloride|Cloruro de colina|Hepacholine|Lipotril|Luridin chloride|Paresan|Trimethyl(2-hydroxyethyl)ammonium chloride"
cas:83846-92-8,cas:83846-92-8,Cholinium dihydrogen phosphate,MAPPED,Cholinium dihydrogen phosphate,CAS,FALLBACK_REGISTRY,0,0,
mesh:C000655964,mesh:C000655964,Cholinium lysinate,MAPPED,cholinium lysinate,MESH,EXACT_MATCH,0,0,Choline Lysine
cas:39455-18-0,CHEBI:37397,Chondroitin sulfate A sodium salt from bovine trachea,MAPPED,chondroitin sulfate,CHEBI,NARROW_MATCH,0,0,
CHEBI:53442,CHEBI:53442,Chromium(III) Chloride Hexahydrate,MAPPED,chromium(3+) trichloride hexahydrate,CHEBI,EXACT_MATCH,0,0,
cas:97-41-6,CHEBI:228794,"Chrysanthemic Acid, Ethyl Ester",MAPPED,Ethyl chrysanthemumate,CHEBI,SYNONYM_MATCH,0,0,"ethyl 2,2-dimethyl-3-(2-methylprop-1-enyl)cyclopropane-1-carboxylate"
CHEBI:3686,CHEBI:3686,Chrysarobin,MAPPED,chrysophanol-9-anthrone,CHEBI,CAS_RN_LOOKUP,0,0,"1,8-dihydroxy-3-methylanthracen-9(10H)-one"
CHEBI:75095,CHEBI:75095,Chrysin,MAPPED,chrysin,CHEBI,EXACT_MATCH,0,0,
CHEBI:3687,CHEBI:3687,Chrysophanol,MAPPED,chrysophanol,CHEBI,EXACT_MATCH,0,0,"1,8-dihydroxy-3-methyl-9,10-anthraquinone"
cas:163046-73-9,cas:163046-73-9,Cimicifugoside H1,MAPPED,Cimicifugoside H1,CAS,FALLBACK_REGISTRY,0,0,
kgmicrobe.compound:cinerubin_a,kgmicrobe.compound:cinerubin_a,Cinerubin A,MAPPED,Cinerubin A,kgmicrobe.compound,PLACEHOLDER,0,0,
CHEBI:27386,CHEBI:27386,Cinnamic acid,MAPPED,cinnamic acid,CHEBI,EXACT_MATCH,0,0,3-phenylprop-2-enoic acid
CHEBI:59936,CHEBI:59936,Ciprofloxacin Hydrochloride,MAPPED,ciprofloxacin hydrochloride hydrate,CHEBI,EXACT_MATCH,0,0,"1-cyclopropyl-6-fluoro-4-oxo-7-(piperazin-1-yl)-1,4-dihydroquinoline-3-carboxylic acid hydrochloride--water (1/1)"
CHEBI:27899,CHEBI:27899,Cisplatin,MAPPED,cisplatin,CHEBI,EXACT_MATCH,0,0,(SP-4-2)-diamminedichloridoplatinum|(SP-4-2)-diamminedichloroplatinum|cis-diamminedichloridoplatinum(II)|cis-diamminedichloroplatinum(II)
CHEBI:17626,CHEBI:17626,Citraconic acid,MAPPED,citraconic acid,CHEBI,EXACT_MATCH,0,0,(2Z)-2-methylbut-2-enedioic acid
CHEBI:16947,CHEBI:16947,Citrate,MAPPED,citrate(3-),CHEBI,SYNONYM_MATCH,63,63,"2-hydroxypropane-1,2,3-tricarboxylate"
CHEBI:30769,CHEBI:30769,Citric acid,MAPPED,citric acid,CHEBI,EXACT_MATCH,113,110,"Citrate|2-Hydroxy-1,2,3-propanetricarboxylic acid|2-Hydroxytricarballylic acid|2-hydroxypropane-1,2,3-tricarboxylic acid|3-Carboxy-3-hydroxypentane-1,5-dioic acid|Citronensaeure|E330|H3cit"
CHEBI:31404,CHEBI:31404,Citric acid x H2O,MAPPED,Citric acid monohydrate,CHEBI,EXACT_MATCH,8,8,Citric acid . H2O|Citric acid monohydrate|Citric acid·H2O
CHEBI:30769,CHEBI:30769,Citric Acid•H2O,MAPPED,citric acid,CHEBI,LEXICAL_MATCH,113,110,"Citric Acid•H2O(Fisher A 104)|2-hydroxypropane-1,2,3-tricarboxylic acid"
kgmicrobe.compound:cladomycin,kgmicrobe.compound:cladomycin,Cladomycin,MAPPED,Cladomycin,kgmicrobe.compound,PLACEHOLDER,0,0,
CHEBI:3732,CHEBI:3732,Clarithromycin,MAPPED,clarithromycin,CHEBI,EXACT_MATCH,0,0,O(6)-methylerythromycin
CHEBI:3749,CHEBI:3749,Clofazimine,MAPPED,clofazimine,CHEBI,EXACT_MATCH,0,0,"N,5-bis(4-chlorophenyl)-3-(propan-2-ylimino)-3,5-dihydrophenazin-2-amine"
CHEBI:3764,CHEBI:3764,Clotrimazole,MAPPED,clotrimazole,CHEBI,EXACT_MATCH,0,0,1-[(2-chlorophenyl)(diphenyl)methyl]-1H-imidazole
CHEBI:34978,CHEBI:34978,Cloxacillin sodium salt monohydrate,MAPPED,cloxacillin sodium monohydrate,CHEBI,CAS_RN_LOOKUP,0,0,"sodium 2,2-dimethyl-6beta-({[5-methyl-3-(2-chlorophenyl)isoxazol-4-yl]carbonyl}amino)penam-3alpha-carboxylate hydrate"
CHEBI:86209,CHEBI:86209,Co(NO3)2,MAPPED,cobalt dinitrate,CHEBI,EXACT_MATCH,18,18,Cobalt bis(nitrate)|Cobalt nitrate|Cobalt(2+) nitrate|Cobalt(II) nitrate|Cobaltous nitrate|cobalt dinitrate|cobalt(2+) dinitrate
CHEBI:86214,CHEBI:86214,Co(NO3)2 x 6 H2O,MAPPED,cobalt dinitrate hexahydrate,CHEBI,EXACT_MATCH,236,234,Co(NO3)2 . 6H2O|Co(NO3)2 x 6H2O|Co(NO3)2 · 6H2O|Co(NO3)2.6H2O|Co(NO3)2·6H2O|Co(NO3)2・6H2O|Cobalt nitrate hexahydrate|Cobalt(2+) nitrate hexahydrate|Cobalt(II) nitrate hexahydrate|Cobaltous nitrate hexahydrate|cobalt dinitrate hexahydrate|cobalt(2+) nitrate--water (1/6)
CHEBI:30411,CHEBI:30411,Cobalamine,MAPPED,cobalamin,CHEBI,EXACT_MATCH,9,9,"COBALAMIN|Cbl|Coalpha-[alpha-(5,6-dimethylbenzimidazolyl)]-cobamide|Cob(III)alamin|Cobalamin (B12)|Cobalamin (III)|alpha-(5,6-dimethylbenzimidazolyl)cobamide|cobalamin(III)"
CHEBI:53503,CHEBI:53503,Cobalt chloride hexahydrate,MAPPED,cobalt chloride hexahydrate,CHEBI,CAS_RN_LOOKUP,2638,2636,Cobalt dichloride hexahydrate|Cobalt(II) chloride hexahydrate|cobalt (II) chloride hexahydrate|cobalt chloride hydrate|cobalt(2+) dichloride hexahydrate|Cobalt(II) chloride--water (1/7)|CoCl2 x 6 H2O
CHEBI:35696,CHEBI:35696,CoCl2,MAPPED,cobalt dichloride,CHEBI,EXACT_MATCH,527,527,CoCl .6H O|CoCl 2|CoCl2 × 6H2O|CoCl2 ∙ 6 H2O|CoCl2∙6H2O|Cobalt chloride|Kobalt chlorid|Kobalt(II)-chlorid|Kobaltdichlorid|cobalt dichloride|cobalt(2+) chloride|cobalt(II) chloride
kgmicrobe.compound:cocl2_x_2_h2o,CHEBI:35696,CoCl2 x 2 H2O,MAPPED,cobalt dichloride,CHEBI,CLOSE_MATCH,5,5,CoCl2 . 6H2O|CoCl2 x 4 H2O|CoCl2 x 6 H2O|CoCl2 x 6H2O|CoCl2 · 6H2O|CoCl2·6H2O|CoCl2⋅6H2O|CoCl2・6H2O|cobalt(2+) chloride|cobalt(II) chloride
kgmicrobe.compound:cocl2_x_4_h2o,CHEBI:35696,CoCl2 x 4 H2O,MAPPED,cobalt dichloride,CHEBI,CLOSE_MATCH,8,8,CoCl2 . 6H2O|CoCl2 x 2 H2O|CoCl2 x 6 H2O|CoCl2 x 6H2O|CoCl2 · 6H2O|CoCl2·6H2O|CoCl2⋅6H2O|CoCl2・6H2O|cobalt(2+) chloride|cobalt(II) chloride
CHEBI:53503,CHEBI:53503,CoCl2 x 6 H2O,REJECTED,cobalt chloride hexahydrate,CHEBI,EXACT_MATCH,0,0,CoCl2 . 6H2O|CoCl2 x 2 H2O|CoCl2 x 4 H2O|CoCl2 x 6H2O|CoCl2 · 6H2O|CoCl2·6H2O|CoCl2⋅6H2O|CoCl2・6H2O|CoCl2 × 6H2O|CoCl2 ∙ 6 H2O|CoCl2∙6H2O|cobalt(2+) chloride|cobalt(II) chloride
CHEBI:15346,CHEBI:15346,Coenzyme A,MAPPED,coenzyme A,CHEBI,EXACT_MATCH,10,10,"3'-phosphoadenosine 5'-{3-[(3R)-3-hydroxy-2,2-dimethyl-4-oxo-4-({3-oxo-3-[(2-sulfanylethyl)amino]propyl}amino)butyl] dihydrogen diphosphate}|3'-phosphoadenosine-(5')diphospho(4')pantatheine|CoA-SH|CoASH|Coenzym A|HSCoA|Koenzym A|[(2R,3S,4R,5R)-5-(6-amino-9H-purin-9-yl)-4-hydroxy-3-(phosphonooxy)tetrahydrofuran-2-yl]methyl (3R)-3-hydroxy-4-({3-oxo-3-[(2-sulfanylethyl)amino]propyl}amino)-2,2-dimethyl-4-oxobutyl dihydrogen diphosphate"
CHEBI:183909,CHEBI:183909,Colchiceine,MAPPED,Colchiceine,CHEBI,EXACT_MATCH,0,0,"N-[(7S)-10-hydroxy-1,2,3-trimethoxy-9-oxo-6,7-dihydro-5H-benzo[a]heptalen-7-yl]acetamide"
CHEBI:37943,CHEBI:37943,Colistin sulfate salt,MAPPED,colistin,CHEBI,EXACT_MATCH,0,0,
kgmicrobe.compound:collinomycin,kgmicrobe.compound:collinomycin,Collinomycin,MAPPED,Collinomycin,kgmicrobe.compound,PLACEHOLDER,0,0,
MICRO:0000536,MICRO:0000536,Columbia agar base,MAPPED,Columbia Agar Base,MICRO,EXACT_MATCH,52,52,
CHEBI:27965,CHEBI:27965,Conessine,MAPPED,conessine,CHEBI,EXACT_MATCH,0,0,"N,N-dimethylcon-5-enin-3beta-amine"
CHEBI:34653,CHEBI:34653,Congo red,MAPPED,Congo Red,CHEBI,EXACT_MATCH,3,3,"Direct red 28|Kongorot|Sodium diphenyldiazo-bis-alpha-naphthylaminesulfonate|disodium 3,3'-((1,1'-biphenyl)-4,4'-diylbis(azo))bis(4-aminonaphthalene-1-sulphonate)|disodium 3,3'-(biphenyl-4,4'-diyldidiazene-2,1-diyl)bis(4-aminonaphthalene-1-sulfonate)"
kgmicrobe.compound:congocidin,kgmicrobe.compound:congocidin,Congocidin,MAPPED,Congocidin,kgmicrobe.compound,PLACEHOLDER,0,0,
CHEBI:17745,CHEBI:17745,coniferyl alcohol,MAPPED,coniferol,CHEBI,CAS_RN_LOOKUP,0,0,4-[(1E)-3-hydroxyprop-1-en-1-yl]-2-methoxyphenol
CHEBI:16547,CHEBI:16547,coniferyl aldehyde,MAPPED,coniferyl aldehyde,CHEBI,EXACT_MATCH,0,0,3-(4-hydroxy-3-methoxyphenyl)prop-2-enal
FOODON:03305103,FOODON:03305103,Cooked meat medium,MAPPED,meat (cooked),FOODON,LEXICAL_MATCH,2,2,Cooked meat medium (Oxoid)
FOODON:03310257,FOODON:03310257,Corn meal,MAPPED,cornmeal,FOODON,EXACT_MATCH,6,6,
CHEBI:53470,CHEBI:53470,CoSO4,MAPPED,cobalt(2+) sulfate,CHEBI,EXACT_MATCH,64,64,Cobaltous sulfate|Cobalt(II) sulfate|Cobalt (2+) sulfate|Cobalt Brown|Cobalt monosulfate|Cobalt sulfate|cobalt(2+) sulfate
CHEBI:91244,CHEBI:91244,CoSO4 x 7 H2O,MAPPED,cobalt(2+) sulfate heptahydrate,CHEBI,EXACT_MATCH,828,828,CoSO4 . 7H2O|CoSO4 ⋅ 7H2O|CoSO4.7H2O|CoSO4·7H2O|CoSO4・7H2O
cas:10018-19-6,NCIT:C79997,Cotarnine Chloride,MAPPED,Cotarnine Chloride,NCIT,NARROW_MATCH,0,0,
FOODON:02020891,FOODON:02020891,Cow's milk,MAPPED,cow milk,FOODON,LEXICAL_MATCH,2,2,
ENVO:00001998,ENVO:00001998,CR1 Soil,MAPPED,soil,ENVO,CLOSE_MATCH,46,46,
CHEBI:53471,CHEBI:53471,Cr2(SO4)3 x n H2O,MAPPED,chromium(III) sulfate,CHEBI,EXACT_MATCH,3,3,Chromic sulfate|Chromic sulphate|Chromium sulfate|Chromium sulphate|Chromium(III) sulfate|Dichromium sulfate|Dichromium sulphate|Dichromium trisulfate|Dichromium trisulphate
CHEBI:86206,CHEBI:86206,Cr(NO3)3 x 7 H2O,MAPPED,chromium trinitrate heptahydrate,CHEBI,EXACT_MATCH,2,2,Cr(NO3)3.7H2O|chromic nitrate heptahydrate|chromium (3+) nitrate heptahydrate|chromium (3+) trinitrate heptahydrate|chromium trinitrate heptahydrate|chromium(III) nitrate heptahydrate|chromium(3+) nitrate--water (1/7)
CHEBI:16919,CHEBI:16919,Creatine,MAPPED,creatine,CHEBI,EXACT_MATCH,6,6,((amino(imino)methyl)(methyl)amino)acetic acid|(N-methylcarbamimidamido)acetic acid|(alpha-methylguanido)acetic acid|Creatin|Kreatin|Methylglycocyamine|N-(aminoiminomethyl)-N-methylglycine|N-Methyl-N-guanylglycine|N-[(E)-AMINO(IMINO)METHYL]-N-METHYLGLYCINE|N-[amino(imino)methyl]-N-methylglycine|N-amidinosarcosine|N-carbamimidoyl-N-methylglycine|alpha-Methylguanidino acetic acid
CHEBI:16737,CHEBI:16737,Creatinine,MAPPED,creatinine,CHEBI,EXACT_MATCH,5,5,"1-Methylglycocyamidine|1-Methylhydantoin-2-imide|2-Amino-1-methylimidazolin-4-one|2-amino-1,5-dihydro-1-methyl-4H-Imidazol-4-one|2-imino-1-methylimidazolidin-4-one|Creatine anhydride|Kreatinin|creatinina"
CHEBI:86218,CHEBI:86218,Cresol red,MAPPED,cresol red,CHEBI,EXACT_MATCH,2,2,"3',3''-Dimethylphenolsulfonephthalein|3,3-bis(4-hydroxy-5-methylphenyl)-2,1lambda(6)-benzoxathiole-1,1(3H)-dione|Cresolsulfophthalein|NSC 7224|o-Cresol Red|o-Cresolsulfonephthalein"
CHEBI:3914,CHEBI:3914,Crinamine,MAPPED,Crinamine,CHEBI,EXACT_MATCH,0,0,
CHEBI:41131,CHEBI:41131,Crotonic acid,MAPPED,crotonic acid,CHEBI,EXACT_MATCH,42,42,(2E)-2-butenoic acid|(2E)-but-2-enoic acid|(E)-2-Butenoic acid|(E)-Crotonic acid|(E)-but-2-enoic acid|trans-2-Butenoic acid|trans-Crotonic Acid|Crotonic acid (ALDRICH 113018)
CHEBI:149838,CHEBI:149838,Cryptotanshinone,MAPPED,Cryptotanshinone,CHEBI,EXACT_MATCH,0,0,
CHEBI:41688,CHEBI:41688,Crystal Violet,MAPPED,crystal violet,CHEBI,EXACT_MATCH,4,4,"4-{bis[4-(dimethylamino)phenyl]methylene}-N,N-dimethylcyclohexa-2,5-dien-1-iminium chloride"
kgmicrobe.compound:cu_no32_x_3_h2o,CHEBI:78036,Cu(NO3)2 x 3 H2O,MAPPED,copper(II) nitrate,CHEBI,CLOSE_MATCH,2,2,copper(II) nitrate (anhydrous)|copper(2+) dinitrate
CHEBI:53472,CHEBI:53472,CuCl,MAPPED,copper(I) chloride,CHEBI,EXACT_MATCH,10,10,Copper chloride (CuCl)|Copper monochloride|Copper(1+) chloride|Copper(I) chloride|Cu-lyt|Cuproid|Cuprous chloride|Dicopper dichloride
CHEBI:49553,CHEBI:49553,CuCl2,MAPPED,copper(II) chloride,CHEBI,EXACT_MATCH,174,174,Cupric chloride|Copper(II) chloride|Coclor|Copper bichloride|Copper chloride (CuCl2)|Copper dichloride|Copper(2+) chloride|Copper(2+)chloride|Copper(II) chloride (1:2)|CuCl2 × 6H2O|Cupric dichloride|copper(2+) dichloride|CuCl2 x H2O|CuCl2 x 6 H2O|CuCl2 · H2O|Cupric chloride anhydrous
CHEBI:86318,CHEBI:86318,CuCl2 x 2 H2O,MAPPED,copper(II) chloride dihydrate,CHEBI,EXACT_MATCH,2488,2488,copper (II) chloride dihydrate|Copper(II) chloride dihydrate|Cupric chloride dihydrate|CuCl 2 x 2 H2O|CuCl2 . 2H2O|CuCl2 .2H2O|CuCl2 x 2H2O|CuCl2 · 2H2O|CuCl2.2H2O|CuCl2·2H2O|CuCl2⋅2H2O|CuCl2・2H2O|copper(II) chloride.2H2O|cupric chloride.2H2O|CuCl2-2H2O|Coppertrace|CuCl 2|CuCl2*2H2O|copper dichloride--water (1/2)|copper(2+) dichloride --water (1/2)|copper(II) chloride--water (1/2)
CHEBI:91245,CHEBI:91245,CuCl2 x 5 H2O,MAPPED,copper(II) chloride pentahydrate,CHEBI,EXACT_MATCH,39,39,CuCl2.5H2O|copper chloride pentahydrate|copper(2+) chloride pentahydrate|copper(II) chloride pentahydrate|cupric chloride pentahydrate|copper dichloride--water (1/5)|copper(2+) dichloride --water (1/5)|copper(II) chloride--water (1/5)
kgmicrobe.compound:cucl2_x_6_h2o,CHEBI:49553,CuCl2 x 6 H2O,MAPPED,copper(II) chloride,CHEBI,CLOSE_MATCH,8,8,CuCl2 x H2O|CuCl2 · H2O|Cupric chloride anhydrous|CuCl2 × 6H2O|copper dichloride|copper(2+) dichloride
CHEBI:78673,CHEBI:78673,Cumene hydroperoxide,MAPPED,cumene hydroperoxide,CHEBI,EXACT_MATCH,0,0,
CHEBI:3962,CHEBI:3962,Curcumin,MAPPED,curcumin,CHEBI,EXACT_MATCH,0,0,"(1E,6E)-1,7-bis(4-hydroxy-3-methoxyphenyl)hepta-1,6-diene-3,5-dione"
cas:54724-00-4,mesh:C038459,Curdlan,MAPPED,curdlan,MESH,NARROW_MATCH,0,0,
CHEBI:23414,CHEBI:23414,CuSO4,MAPPED,copper(II) sulfate,CHEBI,EXACT_MATCH,187,187,Cupric sulfate|Copper sulfate|Copper(II) sulfate|copper(2+) sulfate|CuSO4 x H2O|CuSO4 . 2H2O|CuSO4 x 2 H2O|CuSO4 x 4 H2O|cupric sulfate anhydrous
CHEBI:23414,CHEBI:23414,CuSO4 x 2 H2O,MAPPED,copper(II) sulfate,CHEBI,SYNONYM_MATCH,187,187,CuSO4 . 2H2O|CuSO4 x 4 H2O|CuSO4 x H2O|cupric sulfate anhydrous|copper(2+) sulfate
CHEBI:23414,CHEBI:23414,CuSO4 x 4 H2O,MAPPED,copper(II) sulfate,CHEBI,EXACT_MATCH,187,187,CuSO4 . 2H2O|CuSO4 x 2 H2O|CuSO4 x H2O|cupric sulfate anhydrous|copper(2+) sulfate
CHEBI:31440,CHEBI:31440,CuSO4 x 5 H2O,MAPPED,copper(II) sulfate pentahydrate,CHEBI,EXACT_MATCH,1490,1486,"Copper (II) sulfate pentahydrate|CuSO4 . 5H2O|CuSO4 .5H2O|CuSO4 x 5H2O|CuSO4 · 5H2O|CuSO4 ⋅ 5H2O|CuSO4.5H2O|CuSO4·5H2O|CuSO4・5H2O|copper sulfate pentahydrate|copper sulphate(5.H2O)|copper(2+) sulfate (1:1) pentahydrate|copper(2+) sulfate pentahydrate|copper(II) sulfate pentahydrate|copper(II) sulfate, pentahydrate|cupric sulfate pentahydrate|copper(2+) sulfate--water (1/5)"
CHEBI:91246,CHEBI:91246,CuSO4 x 6 H2O,MAPPED,copper(II) sulfate hexahydrate,CHEBI,EXACT_MATCH,5,5,CuSO4.6H2O|copper(2+) sulfate hexahydrate|copper(II) sulfate hexahydrate|cupric sulfate hexahydrate|copper(2+) sulfate--water (1/6)
CHEBI:17439,CHEBI:17439,Cyanocobalamin,MAPPED,cyanocob(III)alamin,CHEBI,EXACT_MATCH,275,265,"Cyanocobalamine|Vitamin B12|CN-Cbl|CO-CYANOCOBALAMIN|Coalpha-[alpha-(5,6-dimethylbenzimidazolyl)]-Cobeta-cyanocobamide|Cyanocob(III)alamin|Cyanocobalamin (B )|Cyanocobalamin (Vitamin B )|Cyanocobalamin in|Dicopac|Vitamin B12 complex|Vitamin B12  (4)|Vitamin B12  (8)|Vitamin B12  (9)|vitamin B-12|vitamin B12 vitamer|vitamin B12 vitamers|vitamins B12"
CHEBI:27641,CHEBI:27641,Cycloheximid,MAPPED,cycloheximide,CHEBI,EXACT_MATCH,10,10,"3-((R)-2-((1S,3S,5S)-3,5-dimethyl-2-oxocyclohexyl)-2-hydroxyethyl)glutarimide|4-{(2R)-2-[(1S,3S,5S)-3,5-dimethyl-2-oxocyclohexyl]-2-hydroxyethyl}piperidine-2,6-dione|Cyclohexemid|Cycloheximide|Zykloheximid|cicloheximida|cicloheximide|cicloheximidum|naramycin|naramycin A"
CHEBI:495055,CHEBI:495055,Cyclomaltoheptaose,MAPPED,beta-cyclodextrin,CHEBI,EXACT_MATCH,3,3,beta-CD|beta-cycloamylose|beta-cyclodextrin|betadex|cycloheptaamylose|cycloheptaglucan|cycloheptaglucosan|cyclomaltoheptaose
CHEBI:4021,CHEBI:4021,Cyclopamine,MAPPED,Cyclopamine,CHEBI,EXACT_MATCH,0,0,
mesh:C058276,mesh:C058276,Cystargin,MAPPED,cystargin,MESH,EXACT_MATCH,0,0,
CHEBI:15356,CHEBI:15356,Cysteine,MAPPED,cysteine,CHEBI,EXACT_MATCH,51,51,2-Amino-3-mercaptopropionic acid|2-amino-3-mercaptopropanoic acid|2-amino-3-sulfanylpropanoic acid|Cystein|Hcys|Zystein|cisteina
CHEBI:17562,CHEBI:17562,Cytidine,MAPPED,cytidine,CHEBI,CAS_RN_LOOKUP,15,15,1-beta-D-Ribofuranosylcytosine|1beta-D-ribofuranosylcytosine|4-AMINO-1-BETA-D-RIBOFURANOSYL-2(1H)-PYRIMIDINONE|4-amino-1-beta-D-ribofuranosylpyrimidin-2(1H)-one|4-amino-1beta-D-ribofuranosyl-2(1H)-pyrimidinone|Cyd|Cytidin|Cytosine riboside|Zytidin|cytosine-1beta-D-Ribofuranoside
CHEBI:17361,CHEBI:17361,Cytidine 5'-Monophosphate,MAPPED,cytidine 5'-monophosphate,CHEBI,EXACT_MATCH,0,0,5'-cytidylic acid
CHEBI:4055,CHEBI:4055,Cytisine,MAPPED,cytisine,CHEBI,EXACT_MATCH,0,0,"(1R,5S)-1,2,3,4,5,6-hexahydro-8H-1,5-methanopyrido[1,2-a][1,5]diazocin-8-one"
CHEBI:16040,CHEBI:16040,Cytosine,MAPPED,cytosine,CHEBI,CAS_RN_LOOKUP,20,20,4-amino-2(1H)-pyrimidinone|4-amino-2-hydroxypyrimidine|4-aminopyrimidin-2(1H)-one|Cyt|Cytosin|Zytosin
kgmicrobe.compound:cytovirin,kgmicrobe.compound:cytovirin,Cytovirin,MAPPED,Cytovirin,kgmicrobe.compound,PLACEHOLDER,0,0,
CHEBI:15399,CHEBI:15399,D(+)-Carvone,MAPPED,(+)-carvone,CHEBI,CAS_RN_LOOKUP,0,0,"(4S)-p-mentha-1(6),8-dien-2-one|(5S)-2-methyl-5-(prop-1-en-2-yl)cyclohex-2-en-1-one"
CHEBI:181432,CHEBI:181432,D-(+)-Galactosamine hydrochloride,MAPPED,D-(+)-Galactosamine hydrochloride,CHEBI,EXACT_MATCH,0,0,"(3R,4R,5R,6R)-3-amino-6-(hydroxymethyl)oxane-2,4,5-triol;hydrochloride"
CHEBI:16217,CHEBI:16217,D-(+)-Gluconic acid gamma-lactone,MAPPED,"D-glucono-1,5-lactone",CHEBI,CAS_RN_LOOKUP,0,0,"(3R,4S,5S,6R)-3,4,5-trihydroxy-6-(hydroxymethyl)oxan-2-one|Glucarolactone"
cas:207511-10-2,CHEBI:6731,D-(+)-Melezitose hydrate,MAPPED,melezitose,CHEBI,CLOSE_MATCH,0,0,
CHEBI:32528,CHEBI:32528,D-(+)-Turanose,MAPPED,turanose,CHEBI,CAS_RN_LOOKUP,0,0,alpha-D-glucopyranosyl-(1->3)-D-fructose
cas:10030-67-8,CHEBI:6731,D-(+)-melezitose monohydrate,MAPPED,melezitose,CHEBI,CLOSE_MATCH,0,0,
CHEBI:16719,CHEBI:16719,D-(-)-Pantolactone,MAPPED,(R)-pantolactone,CHEBI,CAS_RN_LOOKUP,0,0,"(3R)-3-hydroxy-4,4-dimethyldihydrofuran-2(3H)-one"
CHEBI:62318,CHEBI:16789,D-(-)-lyxose,REJECTED,aldehydo-D-lyxose,CHEBI,SYNONYM_MATCH,0,0,D-Lyxose|D-lyxo-pentose
CHEBI:4249,CHEBI:4249,D-(-)-tagatose,MAPPED,D-tagatopyranose,CHEBI,SYNONYM_MATCH,0,0,
CHEBI:28797,CHEBI:28797,D-2-Aminobutyric acid,MAPPED,D-alpha-aminobutyric acid,CHEBI,CAS_RN_LOOKUP,0,0,(2R)-2-aminobutanoic acid
CHEBI:15570,CHEBI:15570,D-Alanine,MAPPED,D-alanine,CHEBI,EXACT_MATCH,2,2,
CHEBI:17364,CHEBI:17364,D-Aspartic Acid,MAPPED,D-aspartic acid,CHEBI,EXACT_MATCH,0,0,(2R)-2-aminobutanedioic acid
CHEBI:40009,CHEBI:40009,D-Cycloserine,MAPPED,D-cycloserine,CHEBI,EXACT_MATCH,1,1,(4R)-4-aminoisoxazolidin-3-one
cas:26177-86-6,CHEBI:190546,D-Fructose 6-phosphate disodium salt hydrate,MAPPED,D-Fructose 6-Phosphate-Disodium Salt,CHEBI,CLOSE_MATCH,0,0,"disodium;[(2R,3R,4S)-2,3,4,6-tetrahydroxy-5-oxohexyl] phosphate"
cas:91510-62-2,CHEBI:18024,D-Galacturonic Acid monohydrate,MAPPED,D-galacturonic acid,CHEBI,CLOSE_MATCH,0,0,D-galacturonate
CHEBI:16002,CHEBI:16002,D-Glucaric acid,MAPPED,D-glucaric acid,CHEBI,EXACT_MATCH,0,0,"(2R,3S,4S,5S)-2,3,4,5-tetrahydroxyhexanedioic acid"
CHEBI:12962,CHEBI:12962,D-Glucosamine 6-phosphate,MAPPED,D-glucosamine 6-phosphate,CHEBI,EXACT_MATCH,0,0,2-amino-2-deoxy-D-glucose 6-(dihydrogen phosphate)
cas:66-84-2,NCIT:C83732,D-Glucosamine Hydrochloride,MAPPED,Glucosamine Hydrochloride,NCIT,NARROW_MATCH,0,0,
cas:54010-71-8,CHEBI:14314,D-Glucose-6-Phosphate sodium salt,MAPPED,D-glucose 6-phosphate,CHEBI,NARROW_MATCH,1,1,
CHEBI:18268,CHEBI:18268,D-Glucuronic acid gamma lactone,MAPPED,"D-glucurono-6,3-lactone",CHEBI,CAS_RN_LOOKUP,0,0,
cas:207300-70-7,CHEBI:4178,D-Glucuronic acid sodium salt monohydrate,MAPPED,D-glucuronic acid,CHEBI,CLOSE_MATCH,0,0,
CHEBI:15966,CHEBI:15966,D-Glutamic Acid,MAPPED,D-glutamic acid,CHEBI,EXACT_MATCH,0,0,(2R)-2-aminopentanedioic acid
CHEBI:28225,CHEBI:28225,D-Leucine,MAPPED,D-leucine,CHEBI,EXACT_MATCH,0,0,
cas:7158-70-5,cas:7158-70-5,D-Leucrose,MAPPED,D-Leucrose,CAS,FALLBACK_REGISTRY,0,0,
CHEBI:16855,CHEBI:16855,D-Lysine,MAPPED,D-lysine,CHEBI,EXACT_MATCH,0,0,"(2R)-2,6-diaminohexanoic acid"
cas:6363-53-7,CHEBI:17306,D-Maltose monohydrate,MAPPED,maltose,CHEBI,CLOSE_MATCH,20,20,Maltose monohydrate|alpha-D-glucopyranosyl-(1->4)-D-glucopyranose|alpha-D-glucopyranosyl-(1->4)-D-glucose
cas:70442-25-0,CHEBI:17369,D-Mannose 6-phosphate sodium salt,MAPPED,D-mannose 6-phosphate,CHEBI,NARROW_MATCH,0,0,D-mannose 6-(dihydrogen phosphate)
CHEBI:16867,CHEBI:16867,D-Methionine,MAPPED,D-methionine,CHEBI,EXACT_MATCH,1,1,
CHEBI:16313,CHEBI:16313,D-Proline,MAPPED,D-proline,CHEBI,EXACT_MATCH,0,0,
cas:17629-30-0,CHEBI:189430,D-Raffinose pentahydrate,MAPPED,Raffinose Pentahydrate,CHEBI,NARROW_MATCH,0,0,"(2S,3R,4S,5R,6R)-2-[[(2R,3S,4S,5R,6R)-6-[(2S,3S,4S,5R)-3,4-dihydroxy-2,5-bis(hydroxymethyl)oxolan-2-yl]oxy-3,4,5-trihydroxyoxan-2-yl]methoxy]-6-(hydroxymethyl)oxane-3,4,5-triol;pentahydrate"
CHEBI:16988,CHEBI:16988,D-Ribose,MAPPED,D-ribose,CHEBI,EXACT_MATCH,1,1,D-ribo-pentose
cas:576-42-1,CHEBI:16002,D-Saccharic acid potassium salt,MAPPED,D-glucaric acid,CHEBI,NARROW_MATCH,0,0,
CHEBI:16523,CHEBI:16523,D-Serine,MAPPED,D-serine,CHEBI,EXACT_MATCH,0,0,
CHEBI:17992,CHEBI:17992,D-Sucrose,REJECTED,sucrose,CHEBI,EXACT_MATCH,0,0,beta-D-fructofuranosyl alpha-D-glucopyranoside
CHEBI:16689,CHEBI:16689,D-apiose,MAPPED,D-apiose,CHEBI,EXACT_MATCH,0,0,3-C-(hydroxymethyl)-D-glycero-tetrose
CHEBI:17108,CHEBI:17108,D-Arabinose,MAPPED,D-arabinose,CHEBI,EXACT_MATCH,6,6,D-Ara|D-arabino-pentose
CHEBI:27904,CHEBI:27904,D-erythrose,MAPPED,D-erythrose,CHEBI,EXACT_MATCH,0,0,"(2R,3R)-2,3,4-trihydroxybutanal|D-erythro-tetrose"
CHEBI:15824,CHEBI:15824,D-Fructose,MAPPED,D-fructose,CHEBI,EXACT_MATCH,53,53,Optional ingredient|(-)-D-fructose|(2)-d-fructose|D-Fru|D-arabino-hex-2-ulose|D-laevulose|Laevulose
CHEBI:12936,CHEBI:12936,D-Galactose,MAPPED,D-galactose,CHEBI,EXACT_MATCH,7,7,D-Gal|D-galacto-hexose
CHEBI:18024,CHEBI:18024,D-galacturonic acid,MAPPED,D-galacturonic acid,CHEBI,EXACT_MATCH,3,3,D-galacturonic acids|D-galacturonate
CHEBI:17634,CHEBI:17634,D-Glucose,MAPPED,D-glucose,CHEBI,EXACT_MATCH,1250,1211,D-(+)-glucose|Traubenzucker|D(+)-Glucose|D-gluco-hexose|Dextrose
CHEBI:4178,CHEBI:4178,D-glucuronic acid,MAPPED,D-glucuronic acid,CHEBI,EXACT_MATCH,2,2,D-Glucuronsaeure|D-Glukuronsaeure
CHEBI:17061,CHEBI:17061,D-glutamine,MAPPED,D-glutamine,CHEBI,EXACT_MATCH,0,0,
cas:138-86-7,cas:138-86-7,d-limonene,MAPPED,d-limonene,CAS,FALLBACK_REGISTRY,0,0,
CHEBI:16899,CHEBI:16899,D-Mannitol,MAPPED,D-mannitol,CHEBI,EXACT_MATCH,35,35,"(2R,3R,4R,5R)-Hexane-1,2,3,4,5,6-hexaol|(2R,3R,4R,5R)-hexane-1,2,3,4,5,6-hexol|D-(-)-Mannitol|E 421|E-421|E421|Osmitrol|dulcite|manna sugar|mannite|Mannitol"
CHEBI:16024,CHEBI:16024,D-Mannose,MAPPED,D-mannose,CHEBI,EXACT_MATCH,12,12,D-manno-hexose
CHEBI:17924,CHEBI:17924,D-Sorbitol,MAPPED,D-glucitol,CHEBI,EXACT_MATCH,3,3,"(-)-D-sorbitol|(-)-sorbitol|(2R,3R,4R,5S)-hexane-1,2,3,4,5,6-hexol|D-(-)-sorbitol|D-Glucitol|D-Sorbit|D-sorbitol (D-glucitol)|E 420|E-420|E420|G-ol|Glc-ol|L-Gulitol"
CHEBI:16296,CHEBI:16296,D-tryptophan,MAPPED,D-tryptophan,CHEBI,EXACT_MATCH,0,0,
CHEBI:65327,CHEBI:65327,D-Xylose,MAPPED,D-xylose,CHEBI,EXACT_MATCH,28,28,
cas:66768-39-6,CHEBI:37492,D-xylose 5-phosphate lithium salt,MAPPED,D-xylose 5-phosphate,CHEBI,NARROW_MATCH,0,0,D-xylose 5-(dihydrogen phosphate)
CHEBI:75228,CHEBI:75228,D,REJECTED,sodium lactate,CHEBI,EXACT_MATCH,0,0,-Asp-|L-aspartic acid residue|L-aspartic residue|L-aspartyl
cas:19741-14-1,cas:19741-14-1,DAMPA,MAPPED,DAMPA,CAS,FALLBACK_REGISTRY,0,0,
CHEBI:116509,CHEBI:116509,DCMU,MAPPED,diuron,CHEBI,CAS_RN_LOOKUP,1,1,"3-(3,4-dichlorophenyl)-1,1-dimethylurea"
cas:372965-00-9,CHEBI:77707,DEANONOate,MAPPED,diethylamine NONOate,CHEBI,NARROW_MATCH,0,0,"1,1-diethyl-2-hydroxy-3-oxotriazane--N-ethylethanamine (1/1)|N-ethylethanaminium 1,1-diethyl-3-oxotriazan-2-olate"
CHEBI:50154,CHEBI:50154,DETA/NO,MAPPED,"1,1-bis(2-aminoethyl)-2-hydroxy-3-oxotriazane",CHEBI,CAS_RN_LOOKUP,0,0,
CHEBI:37023,CHEBI:37023,DL-2-Aminoadipic acid,MAPPED,L-2-aminoadipic acid,CHEBI,EXACT_MATCH,0,0,(2S)-2-aminohexanedioic acid
CHEBI:35621,CHEBI:35621,DL-2-Aminobutyric acid,MAPPED,alpha-aminobutyric acid,CHEBI,EXACT_MATCH,0,0,2-aminobutanoic acid
CHEBI:27389,CHEBI:27389,DL-3-Aminoisobutyric acid,MAPPED,3-aminoisobutyric acid,CHEBI,EXACT_MATCH,0,0,3-amino-2-methylpropanoic acid
cas:1219589-99-7,CHEBI:18064,DL-3-Hydroxyisobutyric acid sodium salt,MAPPED,3-hydroxyisobutyric acid,CHEBI,NARROW_MATCH,0,0,
CHEBI:17138,CHEBI:17138,DL-Glyceraldehyde 3-phosphate,MAPPED,glyceraldehyde 3-phosphate,CHEBI,EXACT_MATCH,0,0,2-hydroxy-3-oxopropyl dihydrogen phosphate
cas:17603-42-8,CHEBI:14336,DL-Glycerol 1-phosphate sodium salt hydrate,MAPPED,glycerol 1-phosphate,CHEBI,CLOSE_MATCH,0,0,"2,3-dihydroxypropyl dihydrogen phosphate|glycerol 1-(dihydrogen phosphate)"
cas:123333-71-1,NCIT:C87334,DL-Histidine monohydrochloride monohydrate,MAPPED,Histidine Monohydrochloride Monohydrate,NCIT,NARROW_MATCH,0,0,
kgmicrobe.compound:dl-isocitric_acid_trisodium_salt_hydrate,CHEBI:172950,DL-Isocitric acid trisodium salt hydrate,MAPPED,"Isocitric acid, DL-",CHEBI,CLOSE_MATCH,0,0,"trisodium;1-hydroxypropane-1,2,3-tricarboxylate"
CHEBI:5445,CHEBI:5445,DL-glyceraldehyde,MAPPED,glyceraldehyde,CHEBI,SYNONYM_MATCH,0,0,"2,3-dihydroxypropanal"
cas:438545-06-3,cas:438545-06-3,DNA from Salmon,MAPPED,DNA from Salmon,CAS,FALLBACK_REGISTRY,0,0,
CHEBI:232797,CHEBI:232797,D-Trehalose dihydrate,MAPPED,trehalose dihydrate,CHEBI,CAS_RN_LOOKUP,15,15,"(2R,3S,4S,5R,6R)-2-(hydroxymethyl)-6-[(2R,3R,4S,5S,6R)-3,4,5-trihydroxy-6-(hydroxymethyl)oxan-2-yl]oxyoxane-3,4,5-triol;dihydrate|trehalose dihydrate"
CHEBI:28197,CHEBI:28197,Daidzein,MAPPED,daidzein,CHEBI,EXACT_MATCH,0,0,7-hydroxy-3-(4-hydroxyphenyl)-4H-chromen-4-one
kgmicrobe.compound:danomycin,kgmicrobe.compound:danomycin,Danomycin,MAPPED,Danomycin,kgmicrobe.compound,PLACEHOLDER,0,0,
kgmicrobe.compound:danubomycin,kgmicrobe.compound:danubomycin,Danubomycin,MAPPED,Danubomycin,kgmicrobe.compound,PLACEHOLDER,0,0,
CHEBI:600103,CHEBI:600103,Daptomycin,MAPPED,daptomycin,CHEBI,EXACT_MATCH,0,0,"N-decanoyl-L-tryptophyl-L-asparaginyl-N-[(3S,6S,9R,15S,18R,21S,24S,30S,31R)-3-[2-(2-aminophenyl)-2-oxoethyl]-24-(3-aminopropyl)-15,21-bis(carboxymethyl)-6-[(2R)-1-carboxypropan-2-yl]-9-(hydroxymethyl)-18,31-dimethyl-2,5,8,11,14,17,20,23,26,29-decaoxo-1-oxa-4,7,10,13,16,19,22,25,28-nonaazacyclohentriacontan-30-yl]-L-alpha-asparagine"
CHEBI:30813,CHEBI:30813,Decanoic acid,MAPPED,decanoic acid,CHEBI,EXACT_MATCH,0,0,
mesh:C076135,mesh:C076135,Decaplanin,MAPPED,decaplanin,MESH,EXACT_MATCH,0,0,
CHEBI:28903,CHEBI:28903,decyl alcohol,MAPPED,decan-1-ol,CHEBI,CAS_RN_LOOKUP,0,0,
CHEBI:134742,CHEBI:134742,Delamanid,MAPPED,delamanid,CHEBI,EXACT_MATCH,0,0,
CHEBI:87327,CHEBI:87327,Delta-Decalactone,MAPPED,6-pentyloxan-2-one,CHEBI,CAS_RN_LOOKUP,0,0,
CHEBI:171817,CHEBI:171817,Delta-Dodecalactone,MAPPED,xi-5-Dodecanolide,CHEBI,CAS_RN_LOOKUP,0,0,6-heptyloxan-2-one
CHEBI:171747,CHEBI:171747,Delta-Nonalactone,MAPPED,6-Butyltetrahydro-2H-pyran-2-one,CHEBI,CAS_RN_LOOKUP,0,0,6-butyloxan-2-one
CHEBI:171846,CHEBI:171846,Delta-Undecalactone,MAPPED,6-Hexyltetrahydro-2H-pyran-2-one,CHEBI,CAS_RN_LOOKUP,0,0,6-hexyloxan-2-one
CHEBI:28834,CHEBI:28834,Deoxycholic acid,MAPPED,deoxycholic acid,CHEBI,EXACT_MATCH,0,0,"3alpha,12alpha-dihydroxy-5beta-cholan-24-oic acid"
kgmicrobe.ingredient:fish-sperm_dna,CHEBI:16991,Deoxyribonucleic acid from herring sperm,REJECTED,deoxyribonucleic acid,CHEBI,LEXICAL_MATCH,0,0,deoxyribonucleic acids
mesh:C442243,mesh:C442243,Dermcidin,MAPPED,dermcidin,MESH,EXACT_MATCH,0,0,
kgmicrobe.compound:destomycin,kgmicrobe.compound:destomycin,Destomycin,MAPPED,Destomycin,kgmicrobe.compound,PLACEHOLDER,0,0,
mesh:D014131,mesh:D014131,Desulfovibrio trace elements,MAPPED,Trace Elements,MESH,LEXICAL_MATCH,3,3,Trace elements (see below)
cas:201417-01-8,NCIT:C200498,deuterated glucose,MAPPED,Deuterated Glucose,NCIT,NARROW_MATCH,0,0,
CHEBI:52071,CHEBI:52071,Dextran,MAPPED,dextran,CHEBI,EXACT_MATCH,3,3,"(1,6-alpha-D-Glucosyl)m|(1,6-alpha-D-Glucosyl)m+1|(1,6-alpha-D-Glucosyl)n+1|Dextran 40|Dextran 70|Dextran 75|dextrane|dextrano|dextrans|dextranum"
CHEBI:28675,CHEBI:28675,Dextrin,MAPPED,dextrin,CHEBI,EXACT_MATCH,5,5,dextrine|dextrines|dextrins
CHEBI:17634,CHEBI:17634,Dextrose,REJECTED,D-glucose,CHEBI,EXACT_MATCH,0,0,(+)-D-glucose|D-Glc|D-Glcp|D-glucopyranose|Glc-OH
CHEBI:4489,CHEBI:4489,Diallyl sulfide,MAPPED,Diallyl sulfide,CHEBI,EXACT_MATCH,0,0,
CHEBI:23673,CHEBI:23673,Diaminopimelic acid,MAPPED,"2,6-diaminopimelic acid",CHEBI,SYNONYM_MATCH,6,6,"2,6-diaminoheptanedioic acid"
CHEBI:91249,CHEBI:91249,Diammonium molybdate,MAPPED,ammonium molybdate,CHEBI,CAS_RN_LOOKUP,239,239,"(NH4)2MoO4|Ammonium Molybdate|Ammonium molybdate(VI)|Molybdic acid, diammonium salt|ammonium orthomolybdate|bisammonium dioxido(dioxo)molybdenum|diammonium tetraoxomolybdate|(NH4)6Mo7O24 x 4 H2O|(NH4)6Mo7O24|Molybdic acid ammonium salt tetrahydrate|Ammonium heptamolybdate tetrahydrate"
CHEBI:28145,CHEBI:28145,Dibenzofuran,MAPPED,dibenzofuran,CHEBI,EXACT_MATCH,159,159,"dibenzofuran|DBF|dibenzo[b,d]furan|Diphenylene oxide"
CHEBI:23681,CHEBI:23681,Dibenzothiophene,MAPPED,dibenzothiophene,CHEBI,EXACT_MATCH,0,0,"dibenzo[b,d]thiophene"
CHEBI:247956,CHEBI:247956,Dibucaine,MAPPED,cinchocaine,CHEBI,CAS_RN_LOOKUP,0,0,2-butoxy-N-[2-(diethylamino)ethyl]quinoline-4-carboxamide
CHEBI:52019,CHEBI:52019,Dicloxacillin sodium salt monohydrate,MAPPED,dicloxacillin sodium monohydrate,CHEBI,CAS_RN_LOOKUP,0,0,"sodium 6beta-{[3-(2,6-dichlorophenyl)-5-methyl-1,2-oxazol-4-yl]carboxamido}-2,2-dimethylpenam-3alpha-carboxylate--water (1/1)"
CHEBI:35702,CHEBI:35702,diethyl ether,MAPPED,diethyl ether,CHEBI,EXACT_MATCH,0,0,"1,1'-oxydiethane|Ether"
CHEBI:89917,CHEBI:89917,Difucosyllactose,MAPPED,Lactodifucotetraose,CHEBI,CAS_RN_LOOKUP,0,0,
MICRO:0001362,MICRO:0001362,Digested serum,MAPPED,digested serum,MICRO,EXACT_MATCH,2,2,
CHEBI:42098,CHEBI:42098,Digoxigenin,MAPPED,digoxigenin,CHEBI,EXACT_MATCH,0,0,"3beta,12beta,14-trihydroxy-5beta-card-20(22)-enolide"
kgmicrobe.compound:dihydro_azathymidine,kgmicrobe.compound:dihydro_azathymidine,Dihydro Azathymidine,MAPPED,Dihydro Azathymidine,kgmicrobe.compound,PLACEHOLDER,0,0,
CHEBI:132340,CHEBI:132340,Dihydrocelastrol,MAPPED,triptohypol C,CHEBI,EXACT_MATCH,0,0,"triptohypol C|(2R,4aS,6aS,12bS,14aS,14bR)-10,11-dihydroxy-2,4a,6a,9,12b,14a-hexamethyl-1,2,3,4,4a,5,6,6a,8,12b,13,14,14a,14b-tetradecahydropicene-2-carboxylic acid"
CHEBI:89741,CHEBI:89741,"dihydrojasmonic acid, methyl ester",MAPPED,Methyl dihydrojasmonate,CHEBI,CAS_RN_LOOKUP,0,0,
CHEBI:16016,CHEBI:16016,Dihydroxyacetone,MAPPED,dihydroxyacetone,CHEBI,EXACT_MATCH,0,0,"1,3-Dihydroxypropan-2-one"
CHEBI:17437,CHEBI:17437,Dimethyl sulfide,MAPPED,dimethyl sulfide,CHEBI,EXACT_MATCH,0,0,(METHYLSULFANYL)METHANE|Dimethylsulfide
CHEBI:9349,CHEBI:9349,dimethyl sulfone,MAPPED,sulfonyldimethane,CHEBI,CAS_RN_LOOKUP,0,0,
CHEBI:28262,CHEBI:28262,Dimethyl sulfoxide,MAPPED,dimethyl sulfoxide,CHEBI,EXACT_MATCH,161,161,(CH3)2SO|(methanesulfinyl)methane|DMSO|Dimethylsulfoxid|S(O)Me2|dimethyl sulfur oxide|dimethyl sulphoxide|dimethyli sulfoxidum|dimethylsulfoxyde|dimetil sulfoxido|methylsulfinylmethane|sulfinylbis(methane)|dimethyl sulfoxide (DMSO)
cas:6035-49-0,CHEBI:93172,Dimethylfraxetin,MAPPED,"6,7,8-trimethoxy-1-benzopyran-2-one",CHEBI,SYNONYM_MATCH,0,0,
CHEBI:16457,CHEBI:16457,Dimethylsulfoniopropionate hydrochloride,MAPPED,"S,S-dimethyl-beta-propiothetin",CHEBI,EXACT_MATCH,0,0,3-(dimethylsulfonio)propanoate
CHEBI:141155,CHEBI:141155,Dimetridazole,MAPPED,dimetridazole,CHEBI,EXACT_MATCH,0,0,"1,2-dimethyl-5-nitroimidazole|1,2-dimethyl-5-nitro-1H-imidazole"
CHEBI:4629,CHEBI:4629,Diosgenin,MAPPED,diosgenin,CHEBI,EXACT_MATCH,0,0,"(3beta,25R)-spirost-5-en-3-ol"
CHEBI:46837,CHEBI:46837,Dipicolinic Acid,MAPPED,dipicolinic acid,CHEBI,EXACT_MATCH,0,0,"PYRIDINE-2,6-DICARBOXYLIC ACID"
cas:13521-83-0,mesh:C000730144,Disodium Glutarate,MAPPED,sodium glutarate,MESH,NARROW_MATCH,0,0,
CHEBI:132764,CHEBI:132764,Disodium oxalate,MAPPED,sodium oxalate,CHEBI,SYNONYM_MATCH,9,9,"Ethanedioic acid, disodium salt|Na-oxalate|Natriumoxalat|Oxalic acid, disodium salt|disodium ethanedioate"
kgmicrobe.ingredient:disodium_phosphate_heptahydrate_~28002_m_stock~29,CHEBI:34683,Disodium phosphate heptahydrate (0.02 M stock),MAPPED,disodium hydrogenphosphate,CHEBI,CLOSE_MATCH,1,1,disodium hydrogen phosphate heptahydrate
CHEBI:15377,CHEBI:15377,Distilled water,MAPPED,water,CHEBI,EXACT_MATCH,6872,6825,H(2)O|H2O|HOH|WATER|Wasser|[OH2]|acqua|agua|aqua|dH2O|Distiled water|dihydridooxygen|dihydrogen oxide|eau|hydrogen hydroxide|oxidane|Distilled water (for liquid medium)|Distilled water (for solid medium)
CHEBI:42160,CHEBI:42160,Dithionite,MAPPED,dithionite(2-),CHEBI,SYNONYM_MATCH,2,2,"Dithionit|2,3-dioxido-1,4-dioxy-2,3-disulfy-[4]catenate(2-)|DITHIONITE|bis(dioxidosulfate)(S--S)(2-)"
CHEBI:37070,CHEBI:37070,DL-2-Methylbutyric acid,MAPPED,2-methylbutyric acid,CHEBI,EXACT_MATCH,23,23,2-Methyl-butyric acid|2-Methylbutyric acid|2-methybutyric acid|DL-2-Methyl butyric acid|DL-alpha-Methyl butyric acid|DL-α-Methyl butyric acid|alpha-Methylbutyric acid|alpha-methyl butyric acid|butane-2-carboxylic acid|ethylmethylacetic acid|methylethylacetic acid|α-Methylbutyric acid|2-methylbutanoic acid
CHEBI:16494,CHEBI:16494,(DL)-alpha-Lipoic acid,MAPPED,lipoic acid,CHEBI,EXACT_MATCH,1701,1700,"1,2-dithiolane-3-pentanoic acid|1,2-dithiolane-3-valeric acid|5-(1,2-dithiolan-3-yl)pentanoic acid|5-(1,2-dithiolan-3-yl)valeric acid|5-(dithiolan-3-yl)valeric acid|5-[3-(1,2-dithiolanyl)]pentanoic acid|6,8-thioctic acid|6,8-thiotic acid|6-thioctic acid|6-thiotic acid|Acetate-replacing factor|Biletan|DL-6,8-thioctic acid|DL-alpha-lipoic acid|Thioctansaeure|Thioctsaeure|Thioktsaeure|alpha-Liponsaeure|liponic acid|Lipoic acid|alpha-lipoic acid|Lipoate"
CHEBI:22660,CHEBI:22660,DL-aspartic acid,MAPPED,aspartic acid,CHEBI,EXACT_MATCH,2,2,"(+-)-Aspartic acid|(R,S)-Aspartic acid|2-aminobutanedioic acid|DL-Aminosuccinic acid|DL-Asparagic acid"
CHEBI:17126,CHEBI:17126,DL-carnitine,MAPPED,carnitine,CHEBI,SYNONYM_MATCH,2,2,"3-hydroxy-4-(trimethylammonio)butanoate|D,L-carnitine"
CHEBI:18320,CHEBI:18320,DL-Dithiothreitol,MAPPED,"1,4-dithiothreitol",CHEBI,SYNONYM_MATCH,121,121,"(R*,R*)-1,4-dimercapto-2,3-butanediol|Cleland's reagent|DTL|DTT|Dithiotreitol|rac-Dithiothreitol|rel-(2R,3R)-1,4-disulfanylbutane-2,3-diol|Dithiothreitol|DL-Dithiothreitol (DTT)|1,4--dithiothreitol (DTT)|DTT (DL-Dithiothreitol)|Dithiothreitol (0.25 M)|Dithiothreitol (DTT)"
CHEBI:27570,CHEBI:27570,DL-Histidine,MAPPED,histidine,CHEBI,SYNONYM_MATCH,3,3,2-amino-3-(1H-imidazol-4-yl)propanoic acid|Histidin|alpha-Amino-1H-imidazole-4-propionic acid|histidina
CHEBI:6650,CHEBI:6650,DL-Malic acid,MAPPED,malic acid,CHEBI,EXACT_MATCH,42,42,"2-Hydroxybutanedioic acid|2-Hydroxyethane-1,2-dicarboxylic acid|2-Hydroxysuccinic acid|Aepfelsaeure|D,L-Malic Acid|E296|H2mal|alpha-hydroxysuccinic acid|apple acid|hydroxybutanedioic acid|hydroxysuccinic acid|Malic acid|DL-Malate|7,10-dihydroxy-2-(2-methoxypropan-2-yl)-8-(2-methylbut-3-en-2-yl)-6H-furo[3,2-c]xanthen-6-one|garciniaxanthone F"
CHEBI:16811,CHEBI:16811,DL-methionine,MAPPED,methionine,CHEBI,SYNONYM_MATCH,28,28,2-Amino-4-(methylthio)butyric acid|2-amino-4-(methylsulfanyl)butanoic acid|2-amino-4-(methylthio)butanoic acid|Hmet|Methionin|Racemethionine|alpha-amino-gamma-methylmercaptobutyric acid|metionina
CHEBI:25351,CHEBI:25351,DL-mevalonic acid,MAPPED,mevalonic acid,CHEBI,SYNONYM_MATCH,6,6,"(2R,4S,5R,6R)-5-Acetamido-2-[(2R,3S,4R,5S)-5-acetamido-4-[(2R,3R,4R,5S,6R)-3-acetamido-6-(hydroxymethyl)-5-[(2S,3R,4S,5R,6R)-3,4,5-trihydroxy-6-(hydroxymethyl)oxan-2-yl]oxy-4-[(2S,3S,4R,5S,6S)-3,4,5-trihydroxy-6-methyloxan-2-yl]oxyoxan-2-yl]oxy-2,3,6-trihydroxyhexoxy]-4-hydroxy-6-[(1R,2R)-1,2,3-trihydroxypropyl]oxane-2-carboxylic acid|rac-3,5-dihydroxy-3-methylpentanoic acid"
CHEBI:57912,CHEBI:57912,DL-Tryptophan,MAPPED,L-tryptophan zwitterion,CHEBI,SYNONYM_MATCH,5,5,(2S)-2-ammonio-3-(1H-indol-3-yl)propanoate|(2S)-2-azaniumyl-3-(1H-indol-3-yl)propanoate
CHEBI:197511,CHEBI:197511,Docosanol,MAPPED,docosanol,CHEBI,EXACT_MATCH,0,0,
CHEBI:4676,CHEBI:4676,Dodecandioic acid,MAPPED,dodecanedioic acid,CHEBI,CAS_RN_LOOKUP,0,0,
CHEBI:28817,CHEBI:28817,dodecane,MAPPED,dodecane,CHEBI,EXACT_MATCH,0,0,
CHEBI:23866,CHEBI:23866,Dodecanol,MAPPED,dodecanol,CHEBI,EXACT_MATCH,0,0,
CHEBI:4698,CHEBI:4698,Dopamine hydrochloride,MAPPED,Dopamine hydrochloride,CHEBI,EXACT_MATCH,0,0,
mesh:C048266,mesh:C048266,Dopsisamine,MAPPED,dopsisamine,MESH,EXACT_MATCH,0,0,
CHEBI:31522,CHEBI:31522,Doxorubicin hydrochloride,MAPPED,Doxorubicin hydrochloride,CHEBI,EXACT_MATCH,0,0,
CHEBI:34730,CHEBI:34730,Doxycycline hyclate,MAPPED,doxycycline hyclate,CHEBI,EXACT_MATCH,0,0,
kgmicrobe.ingredient:dry_cow-manure,ENVO:00003031,Dry cow-manure,MAPPED,animal manure,ENVO,NARROW_MATCH,5,5,Cow manure
cas:52305-04-1,mesh:C087989,Duartin (-),MAPPED,duartin,MESH,NARROW_MATCH,0,0,
kgmicrobe.compound:durhamycin,kgmicrobe.compound:durhamycin,Durhamycin,MAPPED,Durhamycin,kgmicrobe.compound,PLACEHOLDER,0,0,
NCIT:C1928,NCIT:C1928,Dynemicin,MAPPED,Dynemicin,NCIT,EXACT_MATCH,0,0,
CHEBI:16586,CHEBI:16586,e-Amino-N-Caproic Acid,MAPPED,6-aminohexanoic acid,CHEBI,EXACT_MATCH,0,0,
CHEBI:4735,CHEBI:4735,EDTA (acid form),REJECTED,ethylenediaminetetraacetic acid,CHEBI,EXACT_MATCH,0,0,"edetic acid|(ethane-1,2-diyldinitrilo)tetraacetic acid"
NCIT:C360,NCIT:C360,EDTA (chelating agent),MAPPED,Chelating Agent,NCIT,LEXICAL_MATCH,0,0,
cas:13235-36-4,CHEBI:4735,EDTA tetrasodium tetrahydrate salt,MAPPED,ethylenediaminetetraacetic acid,CHEBI,CLOSE_MATCH,3,3,
kgmicrobe.compound:e_4_aminostyryl_acetate,kgmicrobe.compound:e_4_aminostyryl_acetate,E 4 Aminostyryl Acetate,MAPPED,E 4 Aminostyryl Acetate,kgmicrobe.compound,PLACEHOLDER,0,0,(E)-4-Aminostyryl acetate
CHEBI:77543,CHEBI:77543,Ebselen,MAPPED,ebselen,CHEBI,EXACT_MATCH,0,0,"2-phenyl-1,2-benzoselenazol-3(2H)-one"
CHEBI:4755,CHEBI:4755,Econazole nitrate salt,MAPPED,econazole nitrate,CHEBI,CAS_RN_LOOKUP,0,0,"1-{2-[(4-chlorobenzyl)oxy]-2-(2,4-dichlorophenyl)ethyl}-1H-imidazole nitrate"
CHEBI:27592,CHEBI:27592,Ectoine,MAPPED,ectoine,CHEBI,CAS_RN_LOOKUP,14,14,"(+)-1,4,5,6-tetrahydro-2-methyl-4-pyrimidinecarboxylic acid|(4S)-2-methyl-1,4,5,6-tetrahydropyrimidine-4-carboxylic acid"
CHEBI:4735,CHEBI:4735,EDTA,MAPPED,ethylenediaminetetraacetic acid,CHEBI,SYNONYM_MATCH,569,568,"2,2',2'',2'''-(ethane-1,2-diyldiammonio)tetraacetate|2,2',2'',2'''-(ethane-1,2-diyldiazaniumyl)tetraacetate|EDTA (acid form)"
FOODON:03315772,FOODON:03315772,Egg yolk,MAPPED,chicken egg yolk food product,FOODON,EXACT_MATCH,0,0,
CHEBI:4767,CHEBI:4767,Elastin,MAPPED,Elastin,CHEBI,EXACT_MATCH,0,0,
CHEBI:42223,CHEBI:42223,Emodin,MAPPED,emodin,CHEBI,EXACT_MATCH,0,0,"1,3,8-trihydroxy-6-methylanthra-9,10-quinone"
CHEBI:28855,CHEBI:28855,Enterobactin,MAPPED,enterobactin,CHEBI,EXACT_MATCH,0,0,"N,N',N''-[(3S,7S,11S)-2,6,10-trioxo-1,5,9-trioxacyclododecane-3,7,11-triyl]tris(2,3-dihydroxybenzamide)"
CHEBI:541975,CHEBI:541975,Epiandrosterone,MAPPED,epiandrosterone,CHEBI,EXACT_MATCH,0,0,3beta-hydroxy-5alpha-androstan-17-one
CHEBI:42255,CHEBI:42255,Epigallocatechin,MAPPED,(-)-epigallocatechin,CHEBI,CAS_RN_LOOKUP,0,0,"(2R,3R)-2-(3,4,5-trihydroxyphenyl)-3,4-dihydro-2H-chromene-3,5,7-triol"
CHEBI:48923,CHEBI:48923,erythromycin,MAPPED,erythromycin,CHEBI,EXACT_MATCH,5,5,
CHEBI:2500,CHEBI:2500,Escin,MAPPED,Aescin,CHEBI,CAS_RN_LOOKUP,0,0,
CHEBI:4853,CHEBI:4853,Esculin Monohydrate,MAPPED,esculin,CHEBI,EXACT_MATCH,0,0,7-hydroxy-2-oxo-2H-chromen-6-yl beta-D-glucopyranoside
CHEBI:4867,CHEBI:4867,Estragole,MAPPED,estragole,CHEBI,EXACT_MATCH,0,0,1-methoxy-4-(prop-2-en-1-yl)benzene
kgmicrobe.compound:etabetacin,kgmicrobe.compound:etabetacin,Etabetacin,MAPPED,Etabetacin,kgmicrobe.compound,PLACEHOLDER,0,0,
mesh:C004910,mesh:C004910,Etamycin,MAPPED,etamycin,MESH,EXACT_MATCH,0,0,Viridogrisein
CHEBI:4877,CHEBI:4877,Ethambutol,MAPPED,ethambutol,CHEBI,EXACT_MATCH,0,0,"(2S,2'S)-2,2'-(ethane-1,2-diyldiimino)dibutan-1-ol"
CHEBI:4878,CHEBI:4878,Ethambutol dihydrochloride,MAPPED,ethambutol dihydrochloride,CHEBI,EXACT_MATCH,0,0,"N,N'-bis[(2S)-1-hydroxybutan-2-yl]ethane-1,2-diaminium dichloride"
CHEBI:16236,CHEBI:16236,Ethanol,MAPPED,ethanol,CHEBI,EXACT_MATCH,193,193,1-hydroxyethane|Aethanol|Aethylalkohol|Alkohol|C2H5OH|Dehydrated ethanol|EtOH|Ethyl alcohol|Methylcarbinol|[CH2Me(OH)]|[OEtH]|alcohol etilico|alcool ethylique|etanol|hydroxyethane|produces: ethanol|spiritus vini|Ethanol absolute
CHEBI:16000,CHEBI:16000,Ethanolamine,MAPPED,ethanolamine,CHEBI,EXACT_MATCH,3,3,2-aminoethanol
CHEBI:4883,CHEBI:4883,Ethidium Bromide,MAPPED,ethidium bromide,CHEBI,EXACT_MATCH,0,0,"3,8-diamino-5-ethyl-6-phenylphenanthridinium bromide"
CHEBI:4885,CHEBI:4885,Ethionamide,MAPPED,ethionamide,CHEBI,EXACT_MATCH,0,0,2-ethylpyridine-4-carbothioamide
CHEBI:27750,CHEBI:27750,ethyl acetate,MAPPED,ethyl acetate,CHEBI,EXACT_MATCH,0,0,
CHEBI:156074,CHEBI:156074,Ethyl benzoate,MAPPED,ethyl benzoate,CHEBI,EXACT_MATCH,0,0,
CHEBI:87430,CHEBI:87430,Ethyl decanoate,MAPPED,ethyl decanoate,CHEBI,EXACT_MATCH,0,0,
CHEBI:231886,CHEBI:231886,ethyl methyl sulfide,MAPPED,ethyl methyl sulfide,CHEBI,EXACT_MATCH,0,0,(methylsulfanyl)ethane
CHEBI:30742,CHEBI:30742,Ethylene glycol,MAPPED,ethylene glycol,CHEBI,EXACT_MATCH,26,26,"1,2-Dihydroxyethane|1,2-ETHANEDIOL|2-Hydroxyethanol|Ethanediol|Glycol|HO-CH2-CH2-OH|Monoethylene glycol|ethane-1,2-diol"
cas:20846-91-7,cas:20846-91-7,"Ethylenediamine-N,N'-disuccinic acid",MAPPED,"Ethylenediamine-N,N'-disuccinic acid",CAS,FALLBACK_REGISTRY,0,0,EDDS
kgmicrobe.compound:ethylenediamine_n_n_prime_disuccinic_acid,kgmicrobe.compound:ethylenediamine_n_n_prime_disuccinic_acid,Ethylenediamine N N Prime Disuccinic Acid,MAPPED,Ethylenediamine N N Prime Disuccinic Acid,kgmicrobe.compound,PLACEHOLDER,0,0,
CHEBI:741548,CHEBI:741548,Ethylmalonic acid,MAPPED,ethylmalonic acid,CHEBI,EXACT_MATCH,0,0,ethylpropanedioic acid
CHEBI:454991,CHEBI:454991,Eudesmic Acid,MAPPED,"3,4,5-trimethoxybenzoic acid",CHEBI,CAS_RN_LOOKUP,0,0,
CHEBI:4917,CHEBI:4917,Eugenol,MAPPED,eugenol,CHEBI,EXACT_MATCH,0,0,2-methoxy-4-(prop-2-en-1-yl)phenol
CHEBI:4940,CHEBI:4940,Euphol,MAPPED,Euphol,CHEBI,EXACT_MATCH,0,0,
kgmicrobe.compound:eurocidin,kgmicrobe.compound:eurocidin,Eurocidin,MAPPED,Eurocidin,kgmicrobe.compound,PLACEHOLDER,0,0,
cas:10025-76-0,cas:10025-76-0,Europium(III) chloride,MAPPED,Europium(III) chloride,CAS,FALLBACK_REGISTRY,0,0,europium chloride
kgmicrobe.compound:exfoliatin,kgmicrobe.compound:exfoliatin,Exfoliatin,MAPPED,Exfoliatin,kgmicrobe.compound,PLACEHOLDER,0,0,
CHEBI:75458,CHEBI:75458,FCCP,MAPPED,carbonyl cyanide p-trifluoromethoxyphenylhydrazone,CHEBI,CAS_RN_LOOKUP,0,0,{[4-(trifluoromethoxy)phenyl]hydrazono}malononitrile
cas:322455-70-9,cas:322455-70-9,FSL,MAPPED,FSL,CAS,FALLBACK_REGISTRY,0,0,
CHEBI:16238,CHEBI:16238,FAD,MAPPED,FAD,CHEBI,EXACT_MATCH,8,8,"Adenosine 5'-(trihydrogen pyrophosphate), 5'-5'-ester with riboflavine|FLAVIN-ADENINE DINUCLEOTIDE|Riboflavin 5'-(trihydrogen diphosphate), 5'-5'-ester with adenosine|Riboflavin 5'-adenosine diphosphate|adenosine 5'-(3-{D-ribo-5-[7,8-dimethyl-2,4-dioxo-3,4-dihydrobenzo[g]pteridin-10(2H)-yl]-2,3,4-trihydroxypentyl} dihydrogen diphosphate)|adenosine 5'-[3-(riboflavin-5'-yl) dihydrogen diphosphate]"
CHEBI:35366,CHEBI:35366,Fatty acid mixture (see Medium No. 266),MAPPED,fatty acid,CHEBI,EXACT_MATCH,4,4,Fatty acid|Fettsaeure|Fettsaeuren|acide gras|acides gras|acido graso|acidos grasos|fatty acids|Fatty acid mixture|Fatty acid mixture (see below)
CHEBI:53438,CHEBI:53438,Fe2(SO4)3 x n H2O,MAPPED,iron(3+) sulfate,CHEBI,EXACT_MATCH,43,43,Diiron tris(sulphate)|Diiron trisulfate|Ferric persulfate|Ferric sesquisulfate|Ferric sulfate|Ferric tersulfate|Iron persulfate|Iron sesquisulfate|Iron tersulfate|Iron(III) sulfate|iron(3+) sulfate|iron(III) sulfate(VI)
CHEBI:132767,CHEBI:132767,Fe4(PO4)2,MAPPED,ferric pyrophosphate,CHEBI,EXACT_MATCH,10,10,Ferric pyrophosphate|Iron pyrophosphate|Iron(3+) pyrophosphate|Iron(III) diphosphate|Iron(III) pyrophosphate|Tetrairon tris(pyrophosphate)|ferric diphosphate|iron(3+) diphosphate|iron(3+) diphosphate (4/3)|tetrairon tris(diphosphate)
CHEBI:30729,CHEBI:30729,Fe(III)-EDTA,MAPPED,ethylenediaminetetraacetatoferrate(1-),CHEBI,SYNONYM_MATCH,58,58,"(ethane-1,2-diyldinitrilo)tetraacetatoferrate(III)|Fe(III)·EDTA|Ferric EDTA|FE EDTA|Iron(III)-edta|electron acceptor: ethylenediaminetetraacetatoferrate|ethylenediaminetetraacetatoferrate|(ethane-1,2-diyldinitrilo)tetraacetatoferrate(1-)|Fe(III)・EDTA|Fe(III)-EDTA (0.66% [wt/vol] in water)|Fe·EDTA"
CHEBI:144421,CHEBI:144421,Fe(III) citrate,MAPPED,iron(III) citrate,CHEBI,EXACT_MATCH,409,409,"Auryxia|Fe(3+)-citrate|Fe(NH3)citrate|Ferric iron citrate|Iron(III) citrate|KRX-0502|Zerenex|[2-hydroxypropane-1,2,3-tricarboxylato(3-)-kappa(3)O(1),O(2),O(3)]iron|iron(3+) 2-hydroxypropane-1,2,3-tricarboxylate|Ferric citrate|Eisencitrat|Ferric citrate (0.1%, w/v)|Fe(III)-citrate (19% Fe)"
CHEBI:131372,CHEBI:131372,Fe(III)PO4 x 4 H2O,MAPPED,iron(3+) phosphate tetrahydrate,CHEBI,EXACT_MATCH,5,5,FePO4.4H2O|ferric orthophosphate tetrahydrate|ferric phosphate tetrahydrate|iron(3+) orthophosphate tetrahydrate|iron(3+) phosphate tetrahydrate|iron(III) orthophosphate tetrahydrate|iron(III) phosphate tetrahydrate|iron(3+) phosphate--water (1/4)
CHEBI:76181,CHEBI:76181,Fe(NH4)2(SO4)2 x 6 H2O,MAPPED,ferrous ammonium sulfate hexahydrate,CHEBI,EXACT_MATCH,276,276,Ammonium ferrous sulfate hexahydrate|Fe(NH4)2(SO4)2 . 6H2O|Fe(NH4)2(SO4)2 x 6 H2O (0.01% w/v)|Fe(NH4)2(SO4)2 x 6 H2O (0.1% w/v)|Fe(NH4)2(SO4)2 x 6 H2O (2% v/v)|Fe(NH4)2(SO4)2 x 6H2O|Fe(NH4)2(SO4)2·6H2O|Fe(NH4)2(SO4)2・6H2O|Iron ammonium sulfate hydrate|ammonium iron(II) sulfate hexahydrate|ferrous ammonium sulfate hexahydrate|ammonium iron(2+) sulfate--water (1/6)|Fe(NH4)2(SO4)2.6H2O
CHEBI:131378,CHEBI:131378,Fe(NH4)2(SO4)2 x 7 H2O,MAPPED,ferrous ammonium sulfate heptahydrate,CHEBI,EXACT_MATCH,34,34,Fe(NH4)2(SO4)2 . 7H2O|Fe(NH4)2(SO4)2 x 7H2O|Fe(NH4)2(SO4)2x7H2O|Fe(NH4)2(SO4)2·7H2O|ammonium iron(II) sulfate heptahydrate|ferrous ammonium sulfate heptahydrate
CHEBI:30812,CHEBI:30812,FeCl2,MAPPED,iron dichloride,CHEBI,EXACT_MATCH,54,54,Ferrous chloride|Iron(II) chloride|[FeCl2]|iron dichloride|iron(2+) chloride
CHEBI:86249,CHEBI:86249,FeCl2 x 4 H2O,MAPPED,iron dichloride tetrahydrate,CHEBI,EXACT_MATCH,1330,1328,"FeCl 2 x 4 H2O|FeCl2 . 4H2O|FeCl2 tetrahydrate|FeCl2 x 4 H2O (0.1% w/v in 0.2 N HCl)|FeCl2 x 4 H2O (0.2% w/v in 0.02 N HCl)|FeCl2. 4H2O|FeCl2.4H2O|FeCl2·4H2O|FeCl2・4H2O|Ferrous chloride, tetrahydrate|Iron (II) chloride tetrahydrate|Iron (II) chloride, tetrahydrate|Iron chloride tetrahydrate|Iron(2+) chloride, tetrahydrate|iron dichloride tetrahydrate|FeCl2 4H2O|FeCl2 ∙ 4 H2O|dichloroiron--water (1/4)"
kgmicrobe.compound:fecl2_x_6_h2o,CHEBI:30812,FeCl2 x 6 H2O,MAPPED,iron dichloride,CHEBI,CLOSE_MATCH,4,4,FeCl2 x 7 H2O|FeCl2·6H2O|FeCl2⋅6H2O|iron(2+) chloride|iron(II) chloride
kgmicrobe.compound:fecl2_x_7_h2o,CHEBI:30812,FeCl2 x 7 H2O,MAPPED,iron dichloride,CHEBI,CLOSE_MATCH,9,9,FeCl2 x 6 H2O|FeCl2·6H2O|FeCl2⋅6H2O|iron(2+) chloride|iron(II) chloride
CHEBI:30808,CHEBI:30808,FeCl3,MAPPED,iron trichloride,CHEBI,EXACT_MATCH,58,58,[FeCl3]|ferric chloride|iron trichloride|iron(3+) chloride|iron(III) chloride|FeCl3 (25mM)
kgmicrobe.compound:fecl3_x_4_h2o,CHEBI:30808,FeCl3 x 4 H2O,MAPPED,iron trichloride,CHEBI,CLOSE_MATCH,7,7,FeCl3·4H2O|iron(3+) chloride|iron(III) chloride
CHEBI:86254,CHEBI:86254,FeCl3 x 6 H2O,MAPPED,iron trichloride hexahydrate,CHEBI,SYNONYM_MATCH,618,618,FeCl3·6H2O|FeCl3.6H2O|Ferric chloride hexahydrate|Iron (III) chloride hexahydrate|trichloroiron--water (1/6)
CHEBI:131371,CHEBI:131371,FePO4,MAPPED,iron(3+) phosphate,CHEBI,SYNONYM_MATCH,3,3,Ferric orthophosphate|Iron orthophosphate|Iron phosphate|ferric phosphate|iron(III) phosphate
CHEBI:31604,CHEBI:31604,Ferric ammonium citrate,MAPPED,ferric ammonium citrate,CHEBI,EXACT_MATCH,191,191,Ammonium ferric citrate|E381|Fe(NH4)citrate|FerriSeltz|ammonium iron(III) citrate
CHEBI:144434,CHEBI:144434,Ferric citrate monohydrate,MAPPED,iron(III) citrate monohydrate,CHEBI,SYNONYM_MATCH,4,4,"iron(3+) 2-hydroxypropane-1,2,3-tricarboxylate hydrate"
CHEBI:192761,CHEBI:192761,Ferrihydrite,MAPPED,ferrihydrite,CHEBI,EXACT_MATCH,5,5,Fe(III)-oxyhydroxide|amorphous fe(iii) oxyhydroxid|amorphous iron (iii) oxide|electron acceptor: amorphous fe(iii) oxyhydroxid|electron acceptor: amorphous iron (iii) oxide|ferric hydroxide oxide|ferric oxy-hydroxide|ferric oxyhydroxide|iron hydroxide oxide|iron(III) oxyhydroxide|reduction: amorphous fe(iii) oxyhydroxid|reduction: amorphous iron (iii) oxide
mesh:C016600,mesh:C016600,Ferrous citrate,MAPPED,monoferrous acid citrate,MESH,EXACT_MATCH,5,5,
CHEBI:219729,CHEBI:219729,ferroverdin,MAPPED,Ferroverdin,CHEBI,EXACT_MATCH,0,0,(4-ethenylphenyl) 4-hydroxy-3-nitrosobenzoate;iron(2+)
CHEBI:193350,CHEBI:193350,Ferulic Acid,MAPPED,ferulic acid,CHEBI,EXACT_MATCH,0,0,trans-4-Hydroxy-3-methoxycinnamic acid|3-(4-hydroxy-3-methoxyphenyl)prop-2-enoic acid
CHEBI:75832,CHEBI:75832,FeSO4,MAPPED,iron(2+) sulfate (anhydrous),CHEBI,SYNONYM_MATCH,294,294,Ferrous sulfate|Iron(II) sulfate|Fe(II)SO4|FeSO .7H O|ferrous sulfate (anh.)|iron sulfate (1:1)|iron(2+) sulfate|iron(2+) sulfate (anh.)|iron(II) sulfate (1:1)
CHEBI:75832,CHEBI:75832,FeSO4 x 5 H2O,MAPPED,iron(2+) sulfate (anhydrous),CHEBI,EXACT_MATCH,294,294,FeSO4 x 6 H2O|FeSO4 x 6H2O|FeSO4 x 7H2O|FeSO4 x7 H2O|FeSO4·6H2O|FeSO4・6H2O|ferrous sulfate (anhydrous)|ferrous sulfate anhydrous|iron(2+) sulfate (anhydrous)|iron(2+) sulfate
CHEBI:75832,CHEBI:75832,FeSO4 x 6 H2O,MAPPED,iron(2+) sulfate (anhydrous),CHEBI,EXACT_MATCH,294,294,FeSO4 x 5 H2O|FeSO4 x 6H2O|FeSO4 x 7H2O|FeSO4 x7 H2O|FeSO4·6H2O|FeSO4・6H2O|ferrous sulfate (anhydrous)|ferrous sulfate anhydrous|iron(2+) sulfate (anhydrous)|iron(2+) sulfate
CHEBI:75836,CHEBI:75836,FeSO4 x 7 H2O,MAPPED,iron(2+) sulfate heptahydrate,CHEBI,SYNONYM_MATCH,2779,2768,Fe SO4 x 7 H2O|FeSO4 . 7H2O|FeSO4 x7H2O|FeSO4 · 7H2O|FeSO4 ⋅ 7H2O|FeSO4.7H2O|FeSO4·7H2O|FeSO4⋅7H2O|FeSO4・7H2O|Iron (II) sulfate heptahydrate|ferrous sulfate heptahydrate|ferrous sulfate.7H2O|FeSO4 7H2O|Iron(II) sulfate heptahydrate|iron(2+) sulfate--water (1/7)|FeSO4 x 7H2O
CHEBI:75836,CHEBI:75836,FeSO4 x 7H2O,REJECTED,iron(2+) sulfate heptahydrate,CHEBI,SYNONYM_MATCH,0,0,FeSO4 x 5 H2O|FeSO4 x 6 H2O|FeSO4 x 6H2O|FeSO4 x7 H2O|FeSO4·6H2O|FeSO4・6H2O|ferrous sulfate (anhydrous)|ferrous sulfate anhydrous|iron(2+) sulfate
CHEBI:75834,CHEBI:75834,FeSO4 x H2O,MAPPED,iron(2+) sulfate monohydrate,CHEBI,EXACT_MATCH,12,12,FeSO4.H2O|FeSO4・H2O|ferrous sulfate monohydrate|iron(2+) sulfate monohydrate|iron(II) sulfate monohydrate|Feromax|Feroritard|Ferro-Gradumet|Fespan|iron(2+) sulfate--water (1/1)
NCIT:C113696,NCIT:C113696,Fetal bovine serum,MAPPED,Fetal Bovine Serum,NCIT,EXACT_MATCH,122,122,FBS|Fetal Bovine Serum (ATCC 30-2020)
NCIT:C71971,NCIT:C71971,Fig,MAPPED,Fig,NCIT,EXACT_MATCH,2,2,
MICRO:0001597,MICRO:0001597,Fildes Enrichment,MAPPED,fildes enrichment,MICRO,EXACT_MATCH,2,2,
MICRO:0001773,MICRO:0001773,Filtered Seawater,MAPPED,filtered seawater,MICRO,EXACT_MATCH,7,7,"Natural seawater (filtered, 95% strength)|Natural seawater"
kgmicrobe.ingredient:fish-sperm_dna,CHEBI:16991,Fish-Sperm DNA,MAPPED,deoxyribonucleic acid,CHEBI,NARROW_MATCH,7,7,(Deoxyribonucleotide)m|(Deoxyribonucleotide)n|(Deoxyribonucleotide)n+m|DNA|DNAn|DNAn+1|Desoxyribonukleinsaeure|deoxyribonucleic acids|desoxyribose nucleic acid|thymus nucleic acid|Deoxyribonucleic acid from herring sperm
MICRO:0000462,MICRO:0000462,Fish peptone,MAPPED,fish peptone,MICRO,EXACT_MATCH,6,6,
kgmicrobe.compound:flavensomycin,kgmicrobe.compound:flavensomycin,Flavensomycin,MAPPED,Flavensomycin,kgmicrobe.compound,PLACEHOLDER,0,0,
CHEBI:24040,CHEBI:24040,Flavin adenine dinucleotide,MAPPED,flavin adenine dinucleotide,CHEBI,EXACT_MATCH,2,2,
mesh:C001897,mesh:C001897,Flavofungin,MAPPED,flavofungin,MESH,EXACT_MATCH,0,0,
CHEBI:28908,CHEBI:28908,Flavomycin,MAPPED,bambermycin,CHEBI,CAS_RN_LOOKUP,0,0,"(2S,3S,4R,5R,6R)-5-{[(2S,3R,4R,5S,6R)-3-acetamido-5-{[(2S,3R,4R,5S,6R)-3-acetamido-4-hydroxy-6-methyl-5-({(2R,3R,4S,5R,6S)-3,4,5-trihydroxy-6-[(2-hydroxy-5-oxocyclopent-1-en-1-yl)carbamoyl]tetrahydro-2H-pyran-2-yl}oxy)tetrahydro-2H-pyran-2-yl]oxy}-4-hydroxy-6-({[(2R,3R,4S,5S,6R)-3,4,5-trihydroxy-6-(hydroxymethyl)tetrahydro-2H-pyran-2-yl]oxy}methyl)tetrahydro-2H-pyran-2-yl]oxy}-4-(carbamoyloxy)-6-({[(2R)-2-carboxy-2-{[(2E,6E,13E)-3,8,8,14,18-pentamethyl-11-methylenenonadeca-2,6,13,17-tetraen-1-yl]oxy}ethoxy](hydroxy)phosphoryl}oxy)-3-hydroxy-3-methyltetrahydro-2H-pyran-2-carboxylic acid"
CHEBI:42491,CHEBI:42491,Flavone,MAPPED,flavone,CHEBI,EXACT_MATCH,0,0,2-PHENYL-4H-CHROMEN-4-ONE
CHEBI:33083,CHEBI:33083,Fluoranthene,MAPPED,fluoranthene,CHEBI,EXACT_MATCH,25,25,"fluoranthene|benzo[j,k]acenaphthylene|1,2-benzacenaphthylene|benzo[jk]fluorene"
CHEBI:27470,CHEBI:27470,Folic acid,MAPPED,folic acid,CHEBI,EXACT_MATCH,2111,2108,"Folate|(2S)-2-(4-{[(2-amino-4-oxo-3,4-dihydropteridin-6-yl)methyl]amino}benzamido)pentanedioic acid|Acfol|Folicet|Folinic acid (citrovorum)|Folsaeure|N-(4-{[(2-amino-4-oxo-3,4-dihydropteridin-6-yl)methyl]amino}benzoyl)-L-glutamic acid|N-[(4-{[(2-amino-4-oxo-1,4-dihydropteridin-6-yl)methyl]amino}phenyl)carbonyl]-L-glutamic acid|N-pteroyl-L-glutamic acid|PGA|PteGlu|acide folique|acido folico|acidum folicum|pteroyl-L-glutamic acid|pteroyl-L-monoglutamic acid|pteroylglutamic acid|pteroylmonoglutamic acid|vitamin B11|vitamin B9"
CHEBI:15640,CHEBI:15640,Folinic acid,MAPPED,5-formyltetrahydrofolic acid,CHEBI,SYNONYM_MATCH,2,2,"N-[4-({[2-amino-5-formyl-4-oxo-3,4,5,6,7,8-hexahydropteridin-6-yl]methyl}amino)benzoyl]-L-glutamic acid"
CHEBI:16842,CHEBI:16842,Formaldehyde,MAPPED,formaldehyde,CHEBI,EXACT_MATCH,0,0,
CHEBI:16397,CHEBI:16397,Formamide,MAPPED,formamide,CHEBI,EXACT_MATCH,0,0,
CHEBI:30751,CHEBI:30751,Formic acid,MAPPED,formic acid,CHEBI,EXACT_MATCH,2,2,Acide formique|Ameisensaeure|H-COOH|HCO2H|HCOOH|Methanoic acid|aminic acid|bilorin|formylic acid|hydrogen carboxylic acid|methoic acid
cas:66508-37-0,CHEBI:201600,Fosmidomycin sodium salt hydrate,MAPPED,Fosmidomycin sodium salt,CHEBI,CLOSE_MATCH,0,0,sodium;3-[ormyl(hydroxy)amino]propyl-hydroxyphosphinate
mesh:C033989,mesh:C033989,Fradicin,MAPPED,fradicin,MESH,EXACT_MATCH,0,0,
CHEBI:5169,CHEBI:5169,Fraxetin,MAPPED,fraxetin,CHEBI,EXACT_MATCH,0,0,"7,8-dihydroxy-6-methoxy-2H-chromen-2-one"
cas:308066-66-2,CHEBI:28645,Fructooligosaccharides (FOS),MAPPED,beta-D-fructofuranose,CHEBI,NARROW_MATCH,0,0,FRUCTOSE
CHEBI:15946,CHEBI:15946,Fructose-6-phosphate,MAPPED,keto-D-fructose 6-phosphate,CHEBI,EXACT_MATCH,0,0,D-Fructose 6-phosphate|D-fructose 6-(dihydrogen phosphate)
cas:34393-27-6,cas:34393-27-6,Fructose-asparagine,MAPPED,Fructose-asparagine,CAS,FALLBACK_REGISTRY,0,0,
CHEBI:28757,CHEBI:28757,Fructose,MAPPED,fructose,CHEBI,EXACT_MATCH,87,87,Fru|Fruchtzucker|Fruktose|arabino-Hexulose|arabino-hex-2-ulose|beta-D-Fructose|beta-D-arabino-Hexulose|beta-Fruit sugar|beta-Levulose
CHEBI:33984,CHEBI:33984,Fucose,MAPPED,fucose,CHEBI,EXACT_MATCH,2,2,6-Deoxygalactose|Fuc
CHEBI:18012,CHEBI:18012,Fumaric acid,MAPPED,fumaric acid,CHEBI,EXACT_MATCH,10,10,"(2E)-2-butenedioic acid|(2E)-but-2-enedioic acid|(E)-2-butenedioic acid|E297|Fumarsaeure|trans-1,2-ethylenedicarboxylic acid|trans-Butenedioic acid|trans-but-2-enedioic acid|trans-ethene-1,2-dioic acid"
CHEBI:144157,CHEBI:144157,Fumarprotocetraric Acid,MAPPED,Fumarprotocetraric acid,CHEBI,EXACT_MATCH,0,0,
cas:3759-92-1,NCIT:C217928,Furaltadone hydrochloride,MAPPED,Furaltadone Hydrochloride,NCIT,NARROW_MATCH,0,0,
CHEBI:207496,CHEBI:207496,Furfuryl Alcohol,MAPPED,furfuryl alcohol,CHEBI,EXACT_MATCH,0,0,furan-2-ylmethanol
CHEBI:5199,CHEBI:5199,Fusaric acid,MAPPED,Fusaric acid,CHEBI,EXACT_MATCH,0,0,
cas:751-94-0,CHEBI:29013,Fusidic acid sodium salt,MAPPED,fusidic acid,CHEBI,NARROW_MATCH,0,0,"Fusidic acid|(2Z)-2-[(17Z)-16beta-acetoxy-3alpha,11alpha-dihydroxy-4alpha,8alpha,10,14beta-tetramethyl-5alpha,9beta,13alpha-gonan-17-ylidene]-6-methylhept-5-enoic acid"
cas:108321-42-2,cas:108321-42-2,G418 disulfate salt solution,MAPPED,G418 disulfate salt solution,CAS,FALLBACK_REGISTRY,0,0,G418
cas:11078-30-1,CHEBI:27680,Galactomannan from guar,MAPPED,galactomannan,CHEBI,NARROW_MATCH,0,0,
CHEBI:28260,CHEBI:28260,Galactose,MAPPED,galactose,CHEBI,EXACT_MATCH,14,14,Gal|Galaktose|galacto-hexose
cas:19046-60-7,CHEBI:17973,Galactose 1-phosphate dipotassium salt pentahydrate,MAPPED,alpha-D-galactose 1-phosphate,CHEBI,CLOSE_MATCH,0,0,
CHEBI:30778,CHEBI:30778,Gallic Acid,MAPPED,gallic acid,CHEBI,EXACT_MATCH,0,0,"3,4,5-Trihydroxybenzoic acid"
cas:13450-90-3,cas:13450-90-3,Gallium(III)chloride,MAPPED,Gallium(III)chloride,CAS,FALLBACK_REGISTRY,1,1,
CHEBI:67521,CHEBI:67521,Gambogic Acid,MAPPED,(-)-gambogic acid,CHEBI,CAS_RN_LOOKUP,0,0,
CHEBI:16865,CHEBI:16865,gamma-Aminobutyric acid,MAPPED,gamma-aminobutyric acid,CHEBI,EXACT_MATCH,13,13,2-aminobutyrate|4-Aminobutanoic acid|4-Aminobutyric acid|4Abu|GABA|GAMMA-AMINO-BUTANOIC ACID|Gamma-Aminobutyric Acid Hydrochloride|gamma-Aminobuttersaeure|gamma-amino-n-butyric acid|gamma-aminobutanoic acid|omega-aminobutyric acid|piperidic acid|piperidinic acid
ENVO:00002263,ENVO:00002263,Garden soil,MAPPED,garden soil,ENVO,EXACT_MATCH,15,15,
mesh:C012993,mesh:C012993,Gardimycin,MAPPED,gardimycin,MESH,EXACT_MATCH,0,0,
CHEBI:5291,CHEBI:5291,Gelatine,MAPPED,gelatin,CHEBI,SYNONYM_MATCH,15,15,Gelatin
CHEBI:85248,CHEBI:85248,Gelrite,MAPPED,gellan gum,CHEBI,SYNONYM_MATCH,33,33,G Starch|Gellan Gum|Phytagel|Gellan gum (if needed)|Gelrite (if needed)|Gellan Gum (Phytagel)|gelrite (Gellan Gum)
CHEBI:42768,CHEBI:42768,Geneticin G418,MAPPED,geneticin,CHEBI,CAS_RN_LOOKUP,0,0,"(1R,2S,3S,4R,6S)-4,6-diamino-3-[3-deoxy-4-C-methyl-3-(methylamino)-beta-L-arabinopyranosyloxy]-2-hydroxycyclohexyl 2-amino-2,7-dideoxy-D-glycero-alpha-D-gluco-heptopyranoside"
CHEBI:5312,CHEBI:5312,Gentamicin sulfate salt,MAPPED,gentamicin sulfate,CHEBI,CAS_RN_LOOKUP,0,0,
CHEBI:28066,CHEBI:28066,Gentibiose,MAPPED,gentiobiose,CHEBI,EXACT_MATCH,0,0,beta-D-glucopyranosyl-(1->6)-D-glucopyranose
CHEBI:17189,CHEBI:17189,Gentisic acid,MAPPED,"2,5-dihydroxybenzoic acid",CHEBI,EXACT_MATCH,3,3,"2,5-Dihydroxybenzoic acid|5-hydroxysalicylic acid|Hydroquinonecarboxylic acid|2,5-Dihydroxybenzoate|Gentisate"
mesh:D010118,mesh:D010118,Geomycin,MAPPED,Oxytetracycline,MESH,EXACT_MATCH,0,0,
CHEBI:747127,CHEBI:747127,Gepotidacin,MAPPED,gepotidacin,CHEBI,EXACT_MATCH,0,0,
CHEBI:17447,CHEBI:17447,Geraniol,MAPPED,geraniol,CHEBI,EXACT_MATCH,0,0,"(2E)-3,7-dimethylocta-2,6-dien-1-ol"
NCIT:C66725,NCIT:C66725,Ginger,MAPPED,Ginger,NCIT,EXACT_MATCH,3,3,
CHEBI:5355,CHEBI:5355,Ginkgolide A,MAPPED,Ginkgolide A,CHEBI,EXACT_MATCH,0,0,
CHEBI:166575,CHEBI:166575,Ginkgotoxin,MAPPED,Ginkgotoxin,CHEBI,EXACT_MATCH,0,0,5-(hydroxymethyl)-4-(methoxymethyl)-2-methylpyridin-3-ol
NCIT:C90636,NCIT:C90636,Glebomycin,MAPPED,Bluensomycin,NCIT,EXACT_MATCH,0,0,
cas:11078-31-2,CHEBI:17020,Glucomannan (konjac),MAPPED,glucomannan,CHEBI,NARROW_MATCH,0,0,"autoclaved, Glucomannan (konjac)"
CHEBI:24266,CHEBI:24266,Gluconic acid,MAPPED,gluconic acid,CHEBI,EXACT_MATCH,2,2,
CHEBI:17234,CHEBI:17234,Glucose,MAPPED,glucose,CHEBI,EXACT_MATCH,2752,2675,"(2R,3S,4R,5R)-2,3,4,5,6-pentahydroxyhexanal|D-GLUCOSE IN LINEAR FORM|DL-glucose|D­glucose|Glc|Glukose|aldehydo-D-gluco-hexose|fermentation: glucose|gluco-hexose|α-D-Glucose|glucose"
CHEBI:17234,CHEBI:17234,glucose,REJECTED,glucose,CHEBI,EXACT_MATCH,0,0,D-glucose|aldehydo-D-gluco-hexose
cas:3789-97-7,CHEBI:32323,Glucuronamide,MAPPED,beta-D-glucuronamide,CHEBI,SYNONYM_MATCH,0,0,D-Glucuronamide|beta-D-glucopyranuronamide
CHEBI:18237,CHEBI:18237,Glutamic acid,MAPPED,glutamic acid,CHEBI,EXACT_MATCH,38,38,DL-Glutamic acid|DL-Glutaminic acid|Glutaminic acid|Glutaminsaeure|2-aminopentanedioic acid
CHEBI:64276,CHEBI:64276,Glutaraldehyde,MAPPED,glutaraldehyde,CHEBI,EXACT_MATCH,0,0,PENTANEDIAL
CHEBI:17859,CHEBI:17859,Glutaric acid,MAPPED,glutaric acid,CHEBI,EXACT_MATCH,0,0,Pentanedioic acid
CHEBI:16856,CHEBI:16856,Glutathione,MAPPED,glutathione,CHEBI,EXACT_MATCH,32,32,5-L-Glutamyl-L-cysteinylglycine|GSH|Glutathione-SH|L-gamma-glutamyl-L-cysteinylglycine|N-(N-gamma-L-Glutamyl-L-cysteinyl)glycine|Reduced glutathione|gamma-L-Glutamyl-L-cysteinyl-glycine|L-Glutathione|L-glutathione reduced
CHEBI:17858,CHEBI:17858,Glutathione oxidized,MAPPED,glutathione disulfide,CHEBI,EXACT_MATCH,0,0,"(2S,2'S)-5,5'-[disulfanediylbis({(2R)-3-[(carboxymethyl)amino]-3-oxopropane-1,2-diyl}imino)]bis(2-amino-5-oxopentanoic acid)"
cas:79731-35-4,CHEBI:193741,Gly-DL-Asp,MAPPED,Glycyl-Aspartate,CHEBI,SYNONYM_MATCH,0,0,2-[(2-aminoacetyl)amino]butanedioic acid
cas:172669-64-6,CHEBI:73898,Gly-Gln monohydrate,MAPPED,Gly-Gln,CHEBI,CLOSE_MATCH,0,0,glycyl-L-glutamine
CHEBI:73801,CHEBI:73801,Gly-Glu,MAPPED,Gly-Glu,CHEBI,EXACT_MATCH,0,0,glycyl-L-glutamic acid|Glycyl-l-glutamate
CHEBI:17754,CHEBI:17754,Glycerol,MAPPED,glycerol,CHEBI,EXACT_MATCH,292,292,"glycerin|Glycerol anhydrous|propane-1,2,3-triol|glycerol|1,2,3-Propanetriol|1,2,3-Trihydroxypropane|G Glycerol|Glyceritol|Glyzerin|Oelsuess|Propanetriol|Trihydroxypropane|glycerine"
CHEBI:17754,CHEBI:17754,glycerol,REJECTED,glycerol,CHEBI,EXACT_MATCH,0,0,"1,2,3-Propanetriol|1,2,3-Trihydroxypropane|G Glycerol|Glyceritol|Glyzerin|Oelsuess|Propanetriol|Trihydroxypropane|glycerine"
CHEBI:75937,CHEBI:75937,Glycerol mono-oleate,MAPPED,monooleoylglycerol,CHEBI,EXACT_MATCH,3,3,(9Z-octadecenoyl)-glycerol|MG[18:1(omega-9)]|mono-(9Z)-octadecenoylglycerol|monooleoylglycerol|oleoylglycerol
CHEBI:75456,CHEBI:75456,Glycerol monostearate,MAPPED,2-stearoylglycerol,CHEBI,SYNONYM_MATCH,5,5,"1,3-dihydroxypropan-2-yl octadecanoate|1,3-dihydroxypropan-2-yl stearate|2-octadecanoylglycerol|2-octadecanoyloxy-propane-1,3-diol|2-stearoyloxy-propane-1,3-diol|MG (0:0/18:0/0:0)|glycerine monostearate"
cas:55073-41-1,CHEBI:26707,Glycerol phosphate disodium salt hydrate,MAPPED,glycerol phosphate,CHEBI,CLOSE_MATCH,0,0,
CHEBI:15428,CHEBI:15428,Glycine,MAPPED,glycine,CHEBI,EXACT_MATCH,161,161,Aminoacetic acid|Aminoessigsaeure|Gly|Glycocoll|Glykokoll|Glyzin|H2N-CH2-COOH|Hgly|Leimzucker|aminoethanoic acid|Glycine 1%
CHEBI:182320,CHEBI:182320,Glycocholic acid hydrate,MAPPED,Glycocholic acid hydrate,CHEBI,EXACT_MATCH,0,0,"2-[[(4R)-4-[(3R,5S,7R,9S,10S,12S,13R,14S,17R)-3,7,12-trihydroxy-10,13-dimethyl-2,3,4,5,6,7,8,9,11,12,14,15,16,17-tetradecahydro-1H-cyclopenta[a]phenanthren-17-yl]pentanoyl]amino]acetic acid"
CHEBI:16344,CHEBI:16344,Glycocyamine,MAPPED,guanidinoacetic acid,CHEBI,CAS_RN_LOOKUP,0,0,(carbamimidamido)acetic acid|N-carbamimidoylglycine
CHEBI:28087,CHEBI:28087,Glycogen,MAPPED,glycogen,CHEBI,EXACT_MATCH,0,0,"autoclaved, Glycogen|(+)-D-glycogen"
cas:9005-79-2,CHEBI:28087,Glycogen from bovine liver,MAPPED,glycogen,CHEBI,NARROW_MATCH,0,0,
CHEBI:17071,CHEBI:17071,glycolaldehyde,MAPPED,glycolaldehyde,CHEBI,EXACT_MATCH,0,0,Hydroxyacetaldehyde
CHEBI:17497,CHEBI:17497,Glycolic Acid,MAPPED,glycolic acid,CHEBI,EXACT_MATCH,0,0,Hydroxyacetic acid
CHEBI:17201,CHEBI:17201,Glycyl-glycine,MAPPED,glycylglycine,CHEBI,EXACT_MATCH,14,14,2-(aminoacetamido)acetic acid|Gly-Gly|Gly2|N-glycylglycine|[(aminoacetyl)amino]acetic acid|glycine dipeptide|Glycylglycine|Glycylglycine(CAS: 556-50-3)
CHEBI:17201,CHEBI:17201,Glycylglycine,REJECTED,glycylglycine,CHEBI,EXACT_MATCH,0,0,Glycylglycine(CAS: 556-50-3)
CHEBI:15939,CHEBI:15939,"Glycyrrhizic Acid, Ammonium Salt",MAPPED,glycyrrhizinic acid,CHEBI,EXACT_MATCH,0,0,"30-hydroxy-11,30-dioxoolean-12-en-3beta-yl (2-O-beta-D-glucopyranosyluronic acid)-alpha-D-glucopyranosiduronic acid"
cas:27988-77-8,CHEBI:30076,gold (III) chloride hydrate,MAPPED,gold trichloride,CHEBI,CLOSE_MATCH,0,0,
CHEBI:16400,CHEBI:16400,Gossypetin,MAPPED,gossypetin,CHEBI,EXACT_MATCH,0,0,"2-(3,4-dihydroxyphenyl)-3,5,7,8-tetrahydroxy-4H-chromen-4-one"
CHEBI:28584,CHEBI:28584,Gossypol,MAPPED,gossypol,CHEBI,EXACT_MATCH,0,0,"1,1',6,6',7,7'-hexahydroxy-3,3'-dimethyl-5,5'-di(propan-2-yl)[2,2'-binaphthalene]-8,8'-dicarbaldehyde"
cas:1405-97-6,NCIT:C65816,Gramicidin,MAPPED,Gramicidin,NCIT,NARROW_MATCH,0,0,
CHEBI:28948,CHEBI:28948,Gramine,MAPPED,gramine,CHEBI,EXACT_MATCH,0,0,"1-(1H-indol-3-yl)-N,N-dimethylmethanamine"
kgmicrobe.compound:grasseriomycin,kgmicrobe.compound:grasseriomycin,Grasseriomycin,MAPPED,Grasseriomycin,kgmicrobe.compound,PLACEHOLDER,0,0,
kgmicrobe.ingredient:green_house_soil,ENVO:00001998,Green House Soil,MAPPED,soil,ENVO,NARROW_MATCH,11,11,
kgmicrobe.compound:grisamine,kgmicrobe.compound:grisamine,Grisamine,MAPPED,Grisamine,kgmicrobe.compound,PLACEHOLDER,0,0,
mesh:C018306,mesh:C018306,Griseolutein A,MAPPED,griseolutein A,MESH,EXACT_MATCH,0,0,
mesh:C018307,mesh:C018307,Griseolutein B,MAPPED,griseolutein B,MESH,EXACT_MATCH,0,0,
FOODON:00001282,FOODON:00001282,Ground beef,MAPPED,beef (ground),FOODON,LEXICAL_MATCH,92,92,
CHEBI:28591,CHEBI:28591,Guaiacol,MAPPED,guaiacol,CHEBI,EXACT_MATCH,1,1,2-methoxyphenol
CHEBI:5550,CHEBI:5550,Guaiazulene,MAPPED,guaiazulene,CHEBI,EXACT_MATCH,0,0,"1,4-dimethyl-7-(propan-2-yl)azulene"
cas:50-01-1,NCIT:C47551,Guanidine Hydrochloride,MAPPED,Guanidine Hydrochloride,NCIT,NARROW_MATCH,0,0,
CHEBI:16235,CHEBI:16235,Guanine,MAPPED,guanine,CHEBI,CAS_RN_LOOKUP,26,26,"2-Amino-6-hydroxypurine|2-amino-1,9-dihydro-6H-purin-6-one|2-amino-6-oxopurine|Gua"
CHEBI:16750,CHEBI:16750,Guanosine,MAPPED,guanosine,CHEBI,CAS_RN_LOOKUP,10,10,"2(3H)-imino-9-beta-D-ribofuranosyl-9H-purin-6(1H)-one|2-amino-1,9-dihydro-9-beta-D-ribofuranosyl-6H-purin-6-one|2-amino-9-beta-D-ribofuranosyl-1,9-dihydro-6H-purin-6-one|9-beta-D-ribofuranosyl-guanine|Guanine riboside|Guanine-9-beta-D-ribofuranoside|Guanosin|Guo"
cas:9000-01-5,FOODON:03412975,Gum arabic from acacia tree,MAPPED,gum arabic,FOODON,NARROW_MATCH,0,0,
CHEBI:26642,CHEBI:26642,H2SeO3,MAPPED,selenous acid,CHEBI,EXACT_MATCH,24,24,Selenous acid|[SeO(OH)2]|dihydroxidooxidoselenium|selenige Saeure|selenious acid
CHEBI:26836,CHEBI:26836,H2SO4,MAPPED,sulfuric acid,CHEBI,EXACT_MATCH,337,337,Acide sulfurique|Acido sulfurico|Acidum sulfuricum|Schwefelsaeureloesungen|Sulfuric acid|[S(OH)2O2]|[SO2(OH)2]|dihydrogen tetraoxosulfate|dihydroxidodioxidosulfur|hydrogen tetraoxosulfate(VI)|sulphuric acid|tetraoxosulfuric acid|hydrogen tetraoxosulfate(2-)|H2SO4 (0.1 N)
CHEBI:36272,CHEBI:36272,H2WO4,MAPPED,tungstic acid,CHEBI,SYNONYM_MATCH,32,32,[WO2(OH)2]|dihydrogen wolframate|dihydroxidodioxidotungsten|tungstic(VI) acid
CHEBI:38267,CHEBI:38267,H3BO2,MAPPED,boronic acid,CHEBI,EXACT_MATCH,4,4,BH(OH)2|boronic acid|dihydroxyborane|hydridodihydroxidoboron
CHEBI:33118,CHEBI:33118,H3BO3,MAPPED,boric acid,CHEBI,EXACT_MATCH,4216,4212,B(OH)3|[B(OH)3]|boron trihydroxide|orthoboric acid|trihydroxidoboron|Boric acid|H3BO|H3BO3(Baker 0084)
cas:202185-84-0,cas:202185-84-0,HOMOPIPES,MAPPED,HOMOPIPES,CAS,FALLBACK_REGISTRY,5,5,"homopiperazine-1,4-bis(2-ethanesulfonic acid), HOMO-PIPES"
CHEBI:50385,CHEBI:50385,Haemin,MAPPED,hemin,CHEBI,EXACT_MATCH,257,256,"Hemin|Hemin chloride|Hemine|Panhematin|chlorido(protoporphyrinato)iron(III)|chloro(protoporphyrinato)iron(III)|chloro[3,7,12,17-tetramethyl-8,13-divinylporphyrin-2,18-dipropanoato(2-)]iron(III)|chlorohemin|chloroprotoferrihem|ferriprotoporphyrin IX chloride|hemin IX|protohemin|protohemin IX|Hemin (0.1% in 0.05 N NaOH)|hemin (ICN)"
kgmicrobe.compound:halomicin,kgmicrobe.compound:halomicin,Halomicin,MAPPED,Halomicin,kgmicrobe.compound,PLACEHOLDER,0,0,
CHEBI:28172,CHEBI:28172,Harmaline,MAPPED,harmaline,CHEBI,EXACT_MATCH,0,0,"7-methoxy-1-methyl-4,9-dihydro-3H-pyrido[3,4-b]indole"
CHEBI:27943,CHEBI:27943,Harmalol,MAPPED,harmalol,CHEBI,EXACT_MATCH,0,0,"1-methyl-4,9-dihydro-3H-pyrido[3,4-b]indol-7-ol"
CHEBI:5623,CHEBI:5623,Harmane,MAPPED,harman,CHEBI,CAS_RN_LOOKUP,0,0,"1-methyl-9H-pyrido[3,4-b]indole"
CHEBI:28121,CHEBI:28121,Harmine,MAPPED,harmine,CHEBI,EXACT_MATCH,0,0,"7-methoxy-1-methyl-9H-pyrido[3,4-b]indole"
CHEBI:192558,CHEBI:192558,Harmol,MAPPED,harmol,CHEBI,EXACT_MATCH,0,0,1-methyl-9H-beta-carbolin-7-ol
cas:40580-83-4,cas:40580-83-4,Harmol Hydrochloride,MAPPED,Harmol Hydrochloride,CAS,FALLBACK_REGISTRY,0,0,
CHEBI:17883,CHEBI:17883,HCl,MAPPED,hydrogen chloride,CHEBI,EXACT_MATCH,1208,1208,"Chlorwasserstoff|HCl.|Hydrochloride|Hydrogen chloride|Hydrogenchlorid|Wasserstoffchlorid|[HCl]|chlorane|chloridohydrogen|chlorure d'hydrogene|cloruro de hidrogeno|hydrochloric acid|HCl (25%; 7.7 M)|HCl (25%)|HCl (35%)|HCl (25%, v/v)|HCl (32%)|HCl (25% or 7.7 M)|HCl (25% v/ v)|HCl (25%, 7.7 M)"
CHEBI:5633,CHEBI:5633,Hecogenin,MAPPED,Hecogenin,CHEBI,EXACT_MATCH,0,0,
CHEBI:2540,CHEBI:2540,Helenine,MAPPED,alantolactone,CHEBI,CAS_RN_LOOKUP,0,0,"(3aR,5S,8aR,9aR)-5,8a-dimethyl-3-methylidene-3a,5,6,7,8,8a,9,9a-octahydronaphtho[2,3-b]furan-2(3H)-one"
kgmicrobe.ingredient:heparin_sodium_salt_from_porcine_intestinal_mucosa,CHEBI:230519,Heparin sodium salt from porcine intestinal mucosa,MAPPED,heparin sodium,CHEBI,NARROW_MATCH,0,0,
CHEBI:42334,CHEBI:42334,HEPES,MAPPED,2-[4-(2-hydroxyethyl)piperazin-1-yl]ethanesulfonic acid,CHEBI,EXACT_MATCH,251,251,HEPES buffer|HEPES buffer(CAS: 7365-45-9)|HEPES buffer(Sigma H-3375)|4-2-hydroxyethyl-1-piperazineethanesulfonic acid|4-(2-Hydroxyethyl)-1-piperazineethane sulfonic acid|4-(2-hydroxyethyl)-1-piperazineethanesulfonic acid|HEPES (10mM)
CHEBI:16148,CHEBI:16148,Heptadecane,MAPPED,heptadecane,CHEBI,EXACT_MATCH,2,2,CH3-[CH2]15-CH3|Heptadekan|n-heptadecane
CHEBI:32365,CHEBI:32365,heptadecanoic acid,MAPPED,heptadecanoic acid,CHEBI,EXACT_MATCH,0,0,Margaric acid
CHEBI:45571,CHEBI:45571,Heptanoic acid,MAPPED,heptanoic acid,CHEBI,EXACT_MATCH,0,0,
CHEBI:195607,CHEBI:195607,heptanol,MAPPED,heptanol,CHEBI,EXACT_MATCH,0,0,
CHEBI:28775,CHEBI:28775,Hesperidin,MAPPED,hesperidin,CHEBI,EXACT_MATCH,0,0,"(2S)-5-hydroxy-2-(3-hydroxy-4-methoxyphenyl)-4-oxo-3,4-dihydro-2H-chromen-7-yl 6-O-(6-deoxy-alpha-L-mannopyranosyl)-beta-D-glucopyranoside"
CHEBI:24536,CHEBI:24536,Hexachlorocyclo-hexane,MAPPED,hexachlorocyclohexane,CHEBI,EXACT_MATCH,3,3,"BHC|HCH|Hexachlorcyclohexan|Hexachlorzyklohexan|hexachlorocyclohexane|hexachlorocyclohexanes|1,2,3,4,5,6-hexachlorocyclohexane"
CHEBI:45296,CHEBI:45296,Hexadecane,MAPPED,hexadecane,CHEBI,EXACT_MATCH,21,21,CH3-[CH2]14-CH3|Cetan|Hexadekan|Zetan|cetane|n-cetane|n-hexadecane
CHEBI:143552,CHEBI:143552,hexanol,MAPPED,hexanol,CHEBI,EXACT_MATCH,0,0,
CHEBI:18089,CHEBI:18089,Hippuric acid,MAPPED,N-benzoylglycine,CHEBI,CAS_RN_LOOKUP,0,0,Hippurate
CHEBI:18295,CHEBI:18295,Histamine,MAPPED,histamine,CHEBI,EXACT_MATCH,0,0,2-(1H-imidazol-4-yl)ethanamine
mesh:C031780,mesh:C031780,Hitachimycin,MAPPED,stubomycin,MESH,EXACT_MATCH,0,0,
CHEBI:545959,CHEBI:545959,homovanillic acid,MAPPED,homovanillic acid,CHEBI,EXACT_MATCH,0,0,2-(4-hydroxy-3-methoxyphenyl)acetic acid
CHEBI:173769,CHEBI:173769,homovanillyl alcohol,MAPPED,(4-Hydroxy-3-methoxyphenyl)ethanol,CHEBI,CAS_RN_LOOKUP,0,0,4-(2-hydroxyethyl)-2-methoxyphenol
MICRO:0001235,MICRO:0001235,Horse serum,MAPPED,horse serum,MICRO,EXACT_MATCH,30,30,Horse Serum (Gibco)*|Horse Serum (RM1239)|Horse Serum (not inactivated)|Horse serum (Invitrogen)|Horse serum (Oxoid)
kgmicrobe.compound:hortesin,kgmicrobe.compound:hortesin,Hortesin,MAPPED,Hortesin,kgmicrobe.compound,PLACEHOLDER,0,0,
CHEBI:78330,CHEBI:78330,Huperzine A,MAPPED,huperzine A,CHEBI,EXACT_MATCH,0,0,"(5R,9R,11E)-5-amino-11-ethylidene-7-methyl-5,6,9,10-tetrahydro-5,9-methanocycloocta[b]pyridin-2(1H)-one"
cas:9067-32-7,CHEBI:201433,Hyaluronic acid sodium salt from Streptococcus equi,MAPPED,Hyaluronic acid sodium,CHEBI,NARROW_MATCH,0,0,"not filter sterilized|sodium;(2S,3S,4R,5R,6R)-3-[(2S,3R,5S,6R)-3-acetamido-5-hydroxy-6-(hydroxymethyl)oxan-2-yl]oxy-4,5,6-trihydroxyoxane-2-carboxylate"
CHEBI:27612,CHEBI:27612,Hydantoin,MAPPED,hydantoin,CHEBI,EXACT_MATCH,0,0,"imidazolidine-2,4-dione"
CHEBI:69919,CHEBI:69919,"Hydrastine (1R, 9S)",MAPPED,Hydrastine,CHEBI,CAS_RN_LOOKUP,0,0,
kgmicrobe.compound:hydro_methylpteroylglutamylglutamic_acid,NCIT:C1115,Hydro Methylpteroylglutamylglutamic Acid,MAPPED,Glutamic Acid,NCIT,NARROW_MATCH,0,0,
CHEBI:24632,CHEBI:24632,Hydrocarbon,MAPPED,hydrocarbon,CHEBI,EXACT_MATCH,0,0,hydrocarbons
CHEBI:16240,CHEBI:16240,Hydrogen peroxide,MAPPED,hydrogen peroxide,CHEBI,EXACT_MATCH,0,0,bis(hydridooxygen)(O--O)|dihydrogen peroxide|dihydrogen(peroxide)|dioxidane
CHEBI:16136,CHEBI:16136,Hydrogen sulfide,MAPPED,hydrogen sulfide,CHEBI,EXACT_MATCH,0,0,dihydridosulfur|dihydrogen(sulfide)|sulfane
CHEBI:18276,CHEBI:18276,Hydrogen gas,MAPPED,dihydrogen,CHEBI,EXACT_MATCH,243,243,H2|dihydrogen|Hydrogen|Hydrogen (gas)|E 949|E-949|E949|H(2)|H2_CO2|H2_methanol|molecular hydrogen|Diydrogen
CHEBI:17594,CHEBI:17594,Hydroquinone,MAPPED,hydroquinone,CHEBI,EXACT_MATCH,0,0,"Benzene-1,4-diol"
CHEBI:50819,CHEBI:50819,hydrous ferric oxide,MAPPED,ferric oxide,CHEBI,LEXICAL_MATCH,50,50,diiron trioxide|iron(3+) oxide|iron(III) oxide
CHEBI:18095,CHEBI:18095,Hydroxy-L-Proline,MAPPED,trans-4-hydroxy-L-proline,CHEBI,CAS_RN_LOOKUP,3,3,"(2S,4R)-4-hydroxy-2-pyrrolidinecarboxylic acid|(2S,4R)-trans-4-hydroxyproline|(4R)-4-hydroxy-L-proline|Hydroxyproline|Hypro|L-4-Hydroxyproline|L-threo-4-hydroxyproline|delta-hydroxyproline|trans-4-Hydroxy-L-proline|trans-Hydroxyproline|trans-L-Hydroxyproline"
CHEBI:5807,CHEBI:5807,Hydroxylamine hydrochloride,MAPPED,Hydroxylamine hydrochloride,CHEBI,EXACT_MATCH,0,0,hydroxylamine hcl
CHEBI:44423,CHEBI:44423,Hydroxyurea,MAPPED,hydroxyurea,CHEBI,EXACT_MATCH,0,0,N-HYDROXYUREA
CHEBI:16976,CHEBI:16976,Hygromycin B,MAPPED,hygromycin B,CHEBI,EXACT_MATCH,0,0,"(1R,2S,3R,5S,6R)-3-amino-2,6-dihydroxy-5-(methylamino)cyclohexyl O-6-amino-6-deoxy-L-glycero-D-galacto-heptopyranosylidene-(1->2-3)-beta-D-talopyranoside"
cas:2555-28-4,CHEBI:107662,Hymecromone Methyl Ether,MAPPED,7-methoxy-4-methyl-1-benzopyran-2-one,CHEBI,SYNONYM_MATCH,0,0,
CHEBI:16668,CHEBI:16668,Hypotaurine,MAPPED,hypotaurine,CHEBI,EXACT_MATCH,0,0,2-Aminoethanesulfinic acid
CHEBI:17368,CHEBI:17368,Hypoxanthine,MAPPED,hypoxanthine,CHEBI,EXACT_MATCH,19,19,"1,7-dihydro-6H-purin-6-one|6(1H)-purinone|6-oxopurine|9H-purin-6(1H)-one|Purine-6-ol|purin-6(1H)-one"
CHEBI:14434,CHEBI:14434,Imidazole,MAPPED,imidazole,CHEBI,EXACT_MATCH,0,0,
CHEBI:51799,CHEBI:51799,Impenum monohydrate,MAPPED,imipenem hydrate,CHEBI,CAS_RN_LOOKUP,0,0,"(5R,6S)-6-[(1R)-1-hydroxyethyl]-3-({2-[(iminomethyl)amino]ethyl}sulfanyl)-7-oxo-1-azabicyclo[3.2.0]hept-2-ene-2-carboxylic acid--water (1/1)"
CHEBI:31695,CHEBI:31695,Indigocarmine,MAPPED,indigo carmine,CHEBI,EXACT_MATCH,19,19,"Acid blue 74|C.I. 73015|C.I. 75781|C.I. Acid Blue 74|C.I. Food Blue 1|C.I. Food Blue 1, disodium salt|C.I. Natural Blue 2|Disodium 3,3'-dioxo-(delta2,2'-biindoline)-5,5'-disulfonate|Disodium 5,5'-disulfoindigo|Disodium 5,5'-indigotin disulfonate|Disodium indigo-5,5-disulfonate|E 132|FD and C Blue No. 2|FD&C Blue No. 2|Indigo carmine|Indigotin-5,5'-disulfonic acid disodium salt|Indigotindisulfonate sodium|Natural blue 2|Sodium 5,5'-indigotindisulfonate|Sodium indigo-5,5'-bisulfonate|disodium (2E)-3-oxo-2-(3-oxo-5-sulfonato-1,3-dihydro-2H-indol-2-ylidene)-2,3-dihydro-1H-indole-5-sulfonate"
kgmicrobe.compound:indochrome,kgmicrobe.compound:indochrome,Indochrome,MAPPED,Indochrome,kgmicrobe.compound,PLACEHOLDER,0,0,
CHEBI:33070,CHEBI:33070,Indole-3-butyric acid,MAPPED,indole-3-butyric acid,CHEBI,EXACT_MATCH,0,0,4-(1H-indol-3-yl)butanoic acid
CHEBI:43580,CHEBI:43580,Indole-3-propionic acid,MAPPED,3-(1H-indol-3-yl)propanoic acid,CHEBI,CAS_RN_LOOKUP,0,0,
cas:392-12-1,cas:392-12-1,Indole-3-pyruvic acid,MAPPED,Indole-3-pyruvic acid,CAS,FALLBACK_REGISTRY,0,0,
CHEBI:16881,CHEBI:16881,Indole,MAPPED,1H-indole,CHEBI,SYNONYM_MATCH,0,0,INDOLE
cas:6505-45-9,CHEBI:230840,indole 3-acetic acid sodium salt,MAPPED,Indole-3-acetic acid sodium salt,CHEBI,NARROW_MATCH,0,0,sodium;2-(1H-indol-3-yl)acetate
CHEBI:80180,CHEBI:80180,Indolicidin,MAPPED,Indolicidin,CHEBI,EXACT_MATCH,0,0,
CHEBI:17596,CHEBI:17596,Inosine,MAPPED,inosine,CHEBI,CAS_RN_LOOKUP,36,36,"(2R,3S,4R,5R)-2-(hydroxymethyl)-5-(6-hydroxy-9H-purin-9-yl)tetrahydrofuran-3,4-diol|9-(beta-D-ribofuranosyl)-9H-purin-6-ol|9-beta-D-ribofuranosyl-9H-purin-6-ol|9-beta-D-ribofuranosylhypoxanthine|Inosin|hypoxanthine D-riboside|hypoxanthosine|inosina|inosinum"
CHEBI:24848,CHEBI:24848,Inositol,MAPPED,inositol,CHEBI,EXACT_MATCH,35,35,inositols
CHEBI:15443,CHEBI:15443,Inulin,MAPPED,inulin,CHEBI,EXACT_MATCH,5,5,"(2,1-beta-D-Fructosyl)n|(2->1)-beta-D-fructofuranan"
CHEBI:75421,CHEBI:75421,Iodonitrotetrazolium chloride,MAPPED,iodonitrotetrazolium chloride,CHEBI,EXACT_MATCH,0,0,3-(4-iodophenyl)-2-(4-nitrophenyl)-5-phenyl-2H-tetrazol-3-ium chloride
CHEBI:164200,CHEBI:164200,Irgasan,MAPPED,triclosan,CHEBI,CAS_RN_LOOKUP,0,0,"5-chloro-2-(2,4-dichlorophenoxy)phenol"
CHEBI:81409,CHEBI:81409,Irigenin,MAPPED,irigenin,CHEBI,EXACT_MATCH,0,0,
CHEBI:18248,CHEBI:18248,Iron,MAPPED,iron atom,CHEBI,EXACT_MATCH,2,2,26Fe|Eisen|fer|ferrum|hierro|iron atom
CHEBI:82664,CHEBI:82664,Iron powder,MAPPED,iron(0),CHEBI,EXACT_MATCH,5,5,Fe(0)|Fen|Iron metal|iron dust|iron(0)
CHEBI:46645,CHEBI:46645,Isobutyl alcohol,MAPPED,isobutanol,CHEBI,CAS_RN_LOOKUP,0,0,2-methylpropan-1-ol|Iso-butanol
CHEBI:193555,CHEBI:193555,Isobutyramide,MAPPED,isobutyramide,CHEBI,EXACT_MATCH,3,3,2-methylpropanamide
CHEBI:16135,CHEBI:16135,Isobutyric acid,MAPPED,isobutyric acid,CHEBI,EXACT_MATCH,116,116,"2,2-dimethylacetic acid|2-METHYL-PROPIONIC ACID|2-Methylpropanoic acid|2-Methylpropionsaeure|Dimethylacetic acid|Isobuttersaeure|alpha-isobutyric acid|alpha-methylpropanoic acid|alpha-methylpropionic acid|iso-Butyric acid|iso-C3H7COOH|isobutanoic acid|isopropylformic acid|2-Methylpropanoate"
CHEBI:310312,CHEBI:310312,Isoliquiritigenin,MAPPED,isoliquiritigenin,CHEBI,EXACT_MATCH,0,0,"(2E)-1-(2,4-dihydroxyphenyl)-3-(4-hydroxyphenyl)prop-2-en-1-one"
CHEBI:28189,CHEBI:28189,Isomaltose,MAPPED,isomaltose,CHEBI,EXACT_MATCH,0,0,alpha-D-glucopyranosyl-(1->6)-D-glucopyranose
CHEBI:6030,CHEBI:6030,Isoniazid,MAPPED,isoniazide,CHEBI,CAS_RN_LOOKUP,0,0,pyridine-4-carbohydrazide
CHEBI:17824,CHEBI:17824,Isopropyl alcohol,MAPPED,propan-2-ol,CHEBI,EXACT_MATCH,6,6,1-methylethanol|1-methylethyl alcohol|2-Propanol|2-hydroxypropane|Isopropanol|Isopropylalkohol|Propan-2-ol|i-Propylalkohol|i-propanol|sec-propanol
CHEBI:6054,CHEBI:6054,Isosafrole,MAPPED,Isosafrole,CHEBI,EXACT_MATCH,0,0,
CHEBI:28484,CHEBI:28484,Isovaleric acid,MAPPED,isovaleric acid,CHEBI,EXACT_MATCH,104,104,3-Methyl-butyric acid|3-Methylbutanoic acid|3-Methylbuttersaeure|3-Methylbutyric acid|3-methyl-n-butyric acid|Isovaleriansaeure|beta-methylbutyric acid|delphinic acid|isobutylformic acid|isopentanoic acid|isopropylacetic acid|isovalerianic acid|iso-Valeric acid
CHEBI:193161,CHEBI:193161,Isovanillin,MAPPED,isovanillin,CHEBI,EXACT_MATCH,0,0,3-hydroxy-4-methoxybenzaldehyde
CHEBI:30838,CHEBI:30838,Itaconic Acid,MAPPED,itaconic acid,CHEBI,EXACT_MATCH,0,0,2-methylidenebutanedioic acid
cas:480-14-4,cas:480-14-4,Izalpinin,MAPPED,Izalpinin,CAS,FALLBACK_REGISTRY,0,0,
CHEBI:18292,CHEBI:18292,Jasmonic acid,MAPPED,jasmonic acid,CHEBI,EXACT_MATCH,0,0,"{(1R,2R)-3-oxo-2-[(2Z)-pent-2-en-1-yl]cyclopentyl}acetic acid"
CHEBI:15794,CHEBI:15794,Juglone,MAPPED,juglone,CHEBI,EXACT_MATCH,0,0,"5-Hydroxy-1,4-naphthoquinone"
CHEBI:32029,CHEBI:32029,K-acetate,MAPPED,potassium acetate,CHEBI,EXACT_MATCH,18,18,AcOK|CH3CO2K|E261|KOAc|Kaliumazetat|MeCO2K|Potassium acetate
CHEBI:131526,CHEBI:131526,K2CO3,MAPPED,potassium carbonate,CHEBI,EXACT_MATCH,10,10,"Carbonate of potash|Carbonic acid, dipotassium salt|Kaliumcarbonat|dipotassium carbonate|potassium carbonate"
CHEBI:75249,CHEBI:75249,K2CrO4,MAPPED,potassium chromate,CHEBI,EXACT_MATCH,2,2,"Bipotassium chromate|Chromic acid, dipotassium salt|Dipotassium chromate|Dipotassium monochromate|Potassium chromate|Potassium chromate(VI)|dipotassium dioxido(dioxo)chromium"
CHEBI:131527,CHEBI:131527,K2HPO4,MAPPED,dipotassium hydrogen phosphate,CHEBI,EXACT_MATCH,4555,4480,"Potassium dibasic phosphate|Dipotassium hydrogen phosphate|Dipotassium phosphate|Dibasic potassium phosphate|Dipotassium hydrogenorthophosphate|Dipotassium monohydrogen phosphate|Dipotassium monophosphate|Dipotassium orthophosphate|Hydrogen dipotassium phosphate|K 2HPO4|KH2HPO4|Phosphoric acid, dipotassium salt|Potassium monohydrogen phosphate|Potassium monophosphate|Potassium phosphate (dibasic)|Potassium phosphate dibasic|K2HPO|K2HPO4(Sigma P 3786)"
kgmicrobe.compound:k2hpo4_x_3_h2o,CHEBI:131527,K2HPO4 x 3 H2O,MAPPED,dipotassium hydrogen phosphate,CHEBI,CLOSE_MATCH,198,198,K2HPO4 x 3H2O|K2HPO4 · 3 H2O|K2HPO4.3H2O|K2HPO4x 3 H2O|K2HPO4·3H2O|K2HPO4・3H2O
CHEBI:86466,CHEBI:86466,K2S4O6,MAPPED,potassium tetrathionate,CHEBI,EXACT_MATCH,28,28,"Dipotassium tetrathionate|Potassium tetrathionate|Tetrathionic acid, dipotassium salt"
CHEBI:32036,CHEBI:32036,K2SO4,MAPPED,potassium sulfate,CHEBI,EXACT_MATCH,138,138,Kaliumsulfat|Potassium sulfate|dipotassium sulfate|potassium sulphate
CHEBI:32036,CHEBI:32036,K2SO4 x 7 H2O,MAPPED,potassium sulfate,CHEBI,EXACT_MATCH,138,138,K2SO4·7H2O|K2SO4・7H2O
CHEBI:6104,CHEBI:6104,Kanamycin,MAPPED,kanamycin,CHEBI,EXACT_MATCH,5,5,kanamycin (if needed)
CHEBI:6109,CHEBI:6109,Kanamycin sulfate,MAPPED,kanamycin A sulfate,CHEBI,EXACT_MATCH,5,5,Kanamycin A sulfate|Kanamycin acid sulfate|Kanamycin monosulfate
mesh:C001493,mesh:C001493,Kanchanomycin,MAPPED,kanchanomycin,MESH,EXACT_MATCH,0,0,
kgmicrobe.ingredient:kao_and_michayluk_vitamin_solution,MICRO:0000460,Kao and Michayluk vitamin solution,MAPPED,vitamin solution,MICRO,CLOSE_MATCH,1,1,
CHEBI:166631,CHEBI:166631,Karanjin,MAPPED,Karanjin,CHEBI,EXACT_MATCH,0,0,"3-methoxy-2-phenyluro[2,3-h]chromen-4-one"
CHEBI:156288,CHEBI:156288,Kawain,MAPPED,DL-kavain,CHEBI,SYNONYM_MATCH,0,0,
CHEBI:32030,CHEBI:32030,KBr,MAPPED,potassium bromide,CHEBI,EXACT_MATCH,358,358,K HPO|Kaliumbromid|Potassium Bromide
CHEBI:32588,CHEBI:32588,KCl,MAPPED,potassium chloride,CHEBI,EXACT_MATCH,3958,3958,Kaliumchlorid|Kaon-Cl 10|Klor-con|Klotrix|Monopotassium chloride|Potassium Chloride|[KCl]|muriate of potash|sylvite|KCl (Fisher P 217)|KCl(CAS: 7447-40-7)|KCl(CAS:7447-40-7)|KCl(Fisher P 217)
mesh:C008231,mesh:C008231,Ketomycin,MAPPED,ketomycin,MESH,EXACT_MATCH,0,0,
CHEBI:66872,CHEBI:66872,KF,REJECTED,potassium fluoride,CHEBI,EXACT_MATCH,0,0,K-F|L-Lys-L-Phe|L-lysyl-L-phenylalanine|Lys-Phe|Lysylphenylalanine
CHEBI:63036,CHEBI:63036,KH2PO4,MAPPED,potassium dihydrogen phosphate,CHEBI,EXACT_MATCH,5649,5644,"Potassium dihydrogen phosphate|Monopotassium phosphate|KH2PO4(Sigma P 0662)|KH PO|MKP|Monopotassium dihydrogen phosphate|Monopotassium monophosphate|Monopotassium orthophosphate|Orthophosphoric acid, monopotassium salt|Phosphoric acid, monopotassium salt|Phosphoric acid, potassium salt (1:1)|Potassium acid phosphate|Potassium dihydrogen orthophosphate|Potassium phosphate monobasic|Sorensen's potassium phosphate|Potassium Phosphate|KH2PO4 (0.4 g/l)|KH2PO4 (7% w/v)"
CHEBI:81862,CHEBI:81862,KHCO3,MAPPED,potassium hydrogencarbonate,CHEBI,EXACT_MATCH,24,24,E501|monopotassium carbonate|potassium acid carbonate|potassium bicarbonate|potassium hydrogen carbonate|potassium hydrogencarbonate
CHEBI:8346,CHEBI:8346,KI,MAPPED,potassium iodide,CHEBI,SYNONYM_MATCH,186,186,Kaliumiodid|KJ|Kaliumjodid|KI (0.01% w/v)
CHEBI:220048,CHEBI:220048,kijanimicin,MAPPED,Kijanimicin,CHEBI,EXACT_MATCH,0,0,"methyl N-[(2R,3R,4S,6R)-6-[[(1S,3R,6S,7E,9S,11E,13S,16S,17S,18S,20S,21R,22S,23E)-17-[(2R,4R,5S,6S)-4-[(2S,6S)-4-[(2S,4S,5R,6S)-4,5-dihydroxy-6-methyloxan-2-yl]oxy-5-[(2R,4R,5R,6S)-4-hydroxy-5-methoxy-6-methyloxan-2-yl]oxy-6-methyloxan-2-yl]oxy-5-hydroxy-6-methyloxan-2-yl]oxy-23-hydroxy-4-(hydroxymethyl)-3,8,12,18,20,22-hexamethyl-25,27-dioxo-26-oxapentacyclo[22.2.1.01,6.013,22.016,21]heptacosa-4,7,11,14,23-pentaen-9-yl]oxy]-2,4-dimethyl-4-nitrooxan-3-yl]carbamate"
CHEBI:63043,CHEBI:63043,KNO3,MAPPED,potassium nitrate,CHEBI,SYNONYM_MATCH,591,589,"2,8-dibenzyl-6-(4-hydroxyphenyl)imidazo[1,2-a]pyrazin-3-yl sulfate|Renilla luciferyl sulfate anion|KNO|Kaliumnitrat|Nitrate of potash|Nitre|Nitric acid, potassium salt|Salt peter|saltpetre"
CHEBI:32035,CHEBI:32035,KOH,MAPPED,potassium hydroxide,CHEBI,SYNONYM_MATCH,223,223,Aetzkali|Kaliumhydroxid|caustic potash|hydroxyde de potassium|potash lye|potasse caustique
CHEBI:30951,CHEBI:30951,KSCN,MAPPED,potassium thiocyanate,CHEBI,EXACT_MATCH,12,12,Rhocya|potassium rhodanate|potassium rhodanide|potassium sulfocyanate|potassium thiocyanate
CHEBI:4828,CHEBI:4828,L-(+)-Ergothioneine,MAPPED,ergothioneine,CHEBI,CAS_RN_LOOKUP,0,0,(2S)-3-(2-mercapto-1H-imidazol-5-yl)-2-(trimethylazaniumyl)propanoate
CHEBI:23958,CHEBI:23958,L-(+)-Erythrulose,MAPPED,erythrulose,CHEBI,EXACT_MATCH,0,0,"1,3,4-trihydroxybutan-2-one|glycero-tetrulose"
CHEBI:17266,CHEBI:17266,L-(-)-sorbose,MAPPED,L-sorbose,CHEBI,CAS_RN_LOOKUP,1,1,"(3S,4R,5S)-1,3,4,5,6-pentahydroxyhexan-2-one|L-xylo-hex-2-ulose"
CHEBI:35619,CHEBI:35619,L-2-Aminobutyric acid,MAPPED,L-alpha-aminobutyric acid,CHEBI,CAS_RN_LOOKUP,0,0,(2S)-2-aminobutanoic acid
CHEBI:30849,CHEBI:30849,L-Arabinose,MAPPED,L-arabinose,CHEBI,EXACT_MATCH,3,3,L-arabino-pentose
cas:5794-13-8,NCIT:C87433,L-Asparagine monohydrate,MAPPED,Asparagine Monohydrate,NCIT,NARROW_MATCH,0,0,
cas:1115-63-5,CHEBI:17053,L-Aspartic acid potassium salt,MAPPED,L-aspartic acid,CHEBI,NARROW_MATCH,1,1,(2S)-2-aminobutanedioic acid|ASPARTIC ACID
cas:323194-76-9,CHEBI:17053,L-Aspartic acid sodium salt monohydrate,MAPPED,L-aspartic acid,CHEBI,CLOSE_MATCH,2,2,(2S)-2-aminobutanedioic acid|ASPARTIC ACID
CHEBI:16347,CHEBI:16347,L-Carnitine,MAPPED,(R)-carnitine,CHEBI,SYNONYM_MATCH,2,2,(3R)-3-hydroxy-4-(trimethylammonio)butanoate
CHEBI:233463,CHEBI:233463,L-Carnitine hydrochloride,MAPPED,levocarnitine chloride,CHEBI,CAS_RN_LOOKUP,0,0,[(2R)-3-carboxy-2-hydroxypropyl]-trimethylazanium;chloride
cas:23537-25-9,CHEBI:17285,L-Cysteic acid monohydrate,MAPPED,L-cysteic acid,CHEBI,CLOSE_MATCH,0,0,
CHEBI:74077,CHEBI:74077,L-Deoxyalliin,MAPPED,S-allylcysteine,CHEBI,CAS_RN_LOOKUP,0,0,S-prop-2-en-1-yl-L-cysteine
CHEBI:37618,CHEBI:37618,L-Galactose,MAPPED,L-galactose,CHEBI,EXACT_MATCH,0,0,L-galacto-hexose
cas:6382-01-0,CHEBI:16015,L-Glutamic acid monopotassium salt monohydrate,MAPPED,L-glutamic acid,CHEBI,CLOSE_MATCH,16,16,"L-Glutamic acid potassium salt monohydrate, L-Glutamic acid potassium salt|(2S)-2-aminopentanedioic acid|GLUTAMIC ACID"
CHEBI:16856,CHEBI:16856,L-Glutathione,REJECTED,glutathione,CHEBI,EXACT_MATCH,0,0,L-gamma-glutamyl-L-cysteinylglycine
cas:5934-29-2,NCIT:C87334,L-Histidine monohydrochloride monohydrate,MAPPED,Histidine Monohydrochloride Monohydrate,NCIT,NARROW_MATCH,0,0,
CHEBI:15699,CHEBI:15699,L-Homoserine,MAPPED,L-homoserine,CHEBI,EXACT_MATCH,0,0,
CHEBI:30797,CHEBI:30797,L-Malic acid,MAPPED,(S)-malic acid,CHEBI,CAS_RN_LOOKUP,0,0,(2S)-2-hydroxybutanedioic acid
cas:207511-06-6,NCIT:C80654,L-Malic acid disodium salt monohydrate,MAPPED,Malic Acid,NCIT,NARROW_MATCH,0,0,
cas:587-33-7,CHEBI:44303,L-Meta-tyrosine,MAPPED,L-m-tyrosine,CHEBI,SYNONYM_MATCH,0,0,(2S)-2-amino-3-(3-hydroxyphenyl)propanoic acid|3-hydroxy-L-phenylalanine
CHEBI:30913,CHEBI:30913,L-Pipecolic Acid,MAPPED,L-pipecolic acid,CHEBI,EXACT_MATCH,0,0,pipercolic acid|(2S)-piperidine-2-carboxylic acid
CHEBI:18183,CHEBI:18183,L-Pyroglutamic acid,MAPPED,5-oxo-L-proline,CHEBI,CAS_RN_LOOKUP,0,0,(2S)-5-oxopyrrolidine-2-carboxylic acid
cas:10030-85-0,CHEBI:62345,L-Rhamnose monohydrate,MAPPED,L-rhamnose,CHEBI,CLOSE_MATCH,0,0,
CHEBI:65328,CHEBI:65328,L-Xylose,MAPPED,L-xylose,CHEBI,EXACT_MATCH,0,0,
CHEBI:16977,CHEBI:16977,L-Alanine,MAPPED,L-alanine,CHEBI,EXACT_MATCH,109,109,Alanine|(2S)-2-aminopropanoic acid|(S)-2-aminopropanoic acid|(S)-alanine|L-2-Aminopropionic acid|L-Alanin|L-alpha-Alanine
CHEBI:2596,CHEBI:2596,L-alliin,MAPPED,alliin,CHEBI,CAS_RN_LOOKUP,0,0,3-[(S)-prop-2-ene-1-sulfinyl]-L-alanine
CHEBI:86658,CHEBI:86658,L-alpha-Phosphatidylcholine,MAPPED,L-alpha-Phosphatidylcholine,CHEBI,EXACT_MATCH,4,4,L-α-Phosphatidylcholine
CHEBI:16467,CHEBI:16467,L-Arginine,MAPPED,L-arginine,CHEBI,EXACT_MATCH,104,104,(2S)-2-amino-5-(carbamimidamido)pentanoic acid|(2S)-2-amino-5-guanidinopentanoic acid|(S)-2-Amino-5-guanidinovaleric acid|(S)-2-amino-5-guanidinopentanoic acid|L-(+)-arginine|L-Arg|L-Arginin
CHEBI:31235,CHEBI:31235,L-Arginine x HCl,MAPPED,Arginine hydrochloride,CHEBI,EXACT_MATCH,11,11,Arginine hydrochloride|L-Arginine x HCI
CHEBI:29073,CHEBI:29073,L-Ascorbic acid,MAPPED,L-ascorbic acid,CHEBI,EXACT_MATCH,21,21,"(5R)-5-[(1S)-1,2-dihydroxyethyl]-3,4-dihydroxyfuran-2(5H)-one|Ascoltin|Ascorbicap|Ascorbinsaeure|E 300|E-300|E300|L-(+)-ascorbic acid|L-threo-hex-2-enono-1,4-lactone|acide ascorbique|acido ascorbico|acidum ascorbicum|acidum ascorbinicum"
CHEBI:17196,CHEBI:17196,L-Asparagine,MAPPED,L-asparagine,CHEBI,EXACT_MATCH,135,135,"(2S)-2,4-diamino-4-oxobutanoic acid|(2S)-2-amino-3-carbamoylpropanoic acid|(S)-2-amino-3-carbamoylpropanoic acid|(S)-Asparagine|2-Aminosuccinamic acid|Aspartamic acid|L-2-aminosuccinamic acid|L-Asparagin|L-aspartic acid beta-amide|alpha-aminosuccinamic acid|ASPARAGINE"
CHEBI:17053,CHEBI:17053,L-Aspartic acid,MAPPED,L-aspartic acid,CHEBI,EXACT_MATCH,43,43,(2S)-2-aminobutanedioic acid|(S)-2-aminobutanedioic acid|(S)-2-aminosuccinic acid|2-Aminosuccinic acid|L-Asparaginsaeure|ASPARTIC ACID
CHEBI:17561,CHEBI:17561,L-Cysteine,MAPPED,L-cysteine,CHEBI,EXACT_MATCH,129,128,(2R)-2-amino-3-mercaptopropanoic acid|(2R)-2-amino-3-sulfanylpropanoic acid|(2R)-2-ammonio-3-mercaptopropanoate|(2R)-2-ammonio-3-sulfanylpropanoate|(R)-2-amino-3-mercaptopropanoic acid|Cysteine-HCl∙H2O|E 920|E-920|E920|FREE CYSTEINE|L-2-Amino-3-mercaptopropionic acid|L-Cystein|L-Zystein|L-cysteine zwitterion|CYSTEINE|L-cysteine (Sigma)
CHEBI:91247,CHEBI:91247,L-Cysteine HCl,MAPPED,L-cysteine hydrochloride,CHEBI,EXACT_MATCH,302,302,"Cysteine-HCl|(1R)-1-carboxy-2-sulfanylethan-1-aminium chloride|(R)-Cysteine hydrochloride|Cysteine monohydrochloride|L-(+)-Cysteine hydrochloride|L-Cysteine monohydrochloride|L-Cysteiniumchloride|L-cysteinium chloride|N-(9-{2-[(4-{[(2,5-dioxopyrrolidin-1-yl)oxy]carbonyl}piperidin-1-yl)sulfonyl]phenyl}-6-[methyl(4-sulfophenyl)amino]-3H-xanthen-3-ylidene)-N-methyl-4-sulfoanilinium|L-Cysteine . HCl|L--cysteine・HCl|Cysteine.HCl|L-cysteine · HCl|cysteine . HCl"
CHEBI:91248,CHEBI:91248,L-Cysteine HCl x H2O,MAPPED,L-cysteine hydrochloride hydrate,CHEBI,EXACT_MATCH,1768,1767,L--Cysteine・HCl・H2O|L-Cysteine・HCl・H2O|L--cysteine・HCl・H2O|L--Cysteine HCl H2O|L-Cysteine HCl monohydrate|(2R)-2-Amino-3-sulfanyl-propanoic acid hydrochloride monohydrate|Cystein-HCl x 2 H2O (5% (w/v))|L-Cysteine hydrochloride monohydrate|L-Cysteine monohydrate monochloride|L-cysteine HCl.H2O|L-cysteine hydrochloride hydrate|L-Cysteine-HCl x H2O|Cysteine hydrochloride|Cysteine-HCl x H2O|Cysteine-HCl·H2O|Cysteine-HCl⋅H2O|L-Cysteine-HCl·H2O|(1R)-1-carboxy-2-sulfanylethan-1-aminium chloride--water (1/1)|L-cysteine hydrochloride--water (1/1)
CHEBI:35235,CHEBI:35235,L-cysteine zwitterion,MAPPED,L-cysteine zwitterion,CHEBI,EXACT_MATCH,3,0,(2R)-2-ammonio-3-sulfanylpropanoate
CHEBI:16283,CHEBI:16283,L-Cystine,MAPPED,L-cystine,CHEBI,EXACT_MATCH,19,19,"(2R,2'R)-3,3'-disulfanediylbis(2-aminopropanoic acid)|(R,R)-3,3'-dithiobis(2-aminopropanoic acid)|(R-(R*,R*))-3,3'-Dithiobis(2-aminopropanoic acid)|3,3'-Dithiobis-L-alanine|E921|L-Dicysteine|L-alpha-Diamino-beta-dithiolactic acid|beta,beta'-diamino-beta,beta'-dicarboxydiethyl disulfide|beta,beta'-dithiodialanine|bis(beta-amino-beta-carboxyethyl) disulfide|oxidized L-cysteine"
CHEBI:18287,CHEBI:18287,L-Fucose,MAPPED,L-fucose,CHEBI,EXACT_MATCH,4,4,(-)-fucose|L-(-)-fucose|L-Fuc|L-galactomethylose|6-deoxy-L-galactose
CHEBI:16015,CHEBI:16015,L-Glutamic acid,MAPPED,L-glutamic acid,CHEBI,EXACT_MATCH,143,143,L-Glutamate|(2S)-2-aminopentanedioic acid|(S)-2-aminopentanedioic acid|(S)-glutamic acid|L-Glu|L-Glutaminic acid|L-Glutaminsaeure|acide glutamique|acido glutamico|acidum glutamicum|GLUTAMIC ACID
CHEBI:18050,CHEBI:18050,L-Glutamine,MAPPED,L-glutamine,CHEBI,EXACT_MATCH,203,203,"(2S)-2-amino-4-carbamoylbutanoic acid|(S)-2,5-diamino-5-oxopentanoic acid|Glutamic acid 5-amide|Glutamic acid amide|L-(+)-glutamine|L-2-Aminoglutaramic acid|L-Glutamin|L-Glutaminsaeure-5-amid|L-glutamic acid gamma-amide|Levoglutamide|GLUTAMINE"
CHEBI:15971,CHEBI:15971,L-Histidine,MAPPED,L-histidine,CHEBI,EXACT_MATCH,154,154,(2S)-2-amino-3-(1H-imidazol-4-yl)propanoic acid|(S)-4-(2-Amino-2-carboxyethyl)imidazole|(S)-alpha-Amino-1H-imidazole-4-propionic acid|(S)-alpha-amino-1H-Imidazole-4-propanoic acid|L-(-)-histidine|L-Histidin|Histidine
CHEBI:17191,CHEBI:17191,L-Isoleucine,MAPPED,L-isoleucine,CHEBI,EXACT_MATCH,123,123,"Isoleucine|(2S,3S)-2-amino-3-methylpentanoic acid|2-Amino-3-methylvaleric acid|alpha-amino-beta-methylvaleric acid"
CHEBI:15603,CHEBI:15603,L-Leucine,MAPPED,L-leucine,CHEBI,EXACT_MATCH,134,134,Leucine|(2S)-2-amino-4-methylpentanoic acid|(2S)-alpha-2-Amino-4-methylvaleric acid|(2S)-alpha-Leucine|(S)-(+)-leucine|(S)-leucine|2-Amino-4-methylvaleric acid|L-Leucin|L-Leuzin
CHEBI:18019,CHEBI:18019,L-Lysine,MAPPED,L-lysine,CHEBI,EXACT_MATCH,85,85,"(2S)-2,6-diaminohexanoic acid|(S)-2,6-diaminohexanoic acid|(S)-alpha,epsilon-diaminocaproic acid|(S)-lysine|6-ammonio-L-norleucine|L-2,6-Diaminocaproic acid|L-Lysin|Lysine acid|lysina|lysinum"
CHEBI:53633,CHEBI:53633,L-Lysine HCl,MAPPED,L-lysine hydrochloride,CHEBI,EXACT_MATCH,5,5,"(S)-2,6-Diaminohexanoic acid monohydrochloride|L-alpha,epsilondiaminocaproic acid monohydrochloride|L-lysine hydrochloride"
CHEBI:16643,CHEBI:16643,L-Methionine,MAPPED,L-methionine,CHEBI,EXACT_MATCH,127,127,(2S)-2-amino-4-(methylsulfanyl)butanoic acid|(S)-2-amino-4-(methylthio)butanoic acid|(S)-2-amino-4-(methylthio)butyric acid|(S)-methionine|L-(-)-methionine|L-Methionin|L-alpha-amino-gamma-methylmercaptobutyric acid|METHIONINE
CHEBI:17295,CHEBI:17295,L-Phenylalanine,MAPPED,L-phenylalanine,CHEBI,EXACT_MATCH,115,115,Phenylalanine|(2S)-2-amino-3-phenylpropanoic acid|(S)-2-Amino-3-phenylpropionic acid|(S)-alpha-Amino-beta-phenylpropionic acid|3-phenyl-L-alanine|beta-phenyl-L-alanine
CHEBI:17203,CHEBI:17203,L-Proline,MAPPED,L-proline,CHEBI,EXACT_MATCH,113,113,(-)-(S)-proline|(-)-2-pyrrolidinecarboxylic acid|(-)-proline|(2S)-pyrrolidine-2-carboxylic acid|(S)-2-carboxypyrrolidine|(S)-2-pyrrolidinecarboxylic acid|(S)-pyrrolidine-2-carboxylic acid|2-Pyrrolidinecarboxylic acid|L-(-)-proline|L-Prolin|L-alpha-pyrrolidinecarboxylic acid|L-pyrrolidine-2-carboxylic acid|prolinum|PROLINE
CHEBI:62345,CHEBI:62345,L-Rhamnose,MAPPED,L-rhamnose,CHEBI,EXACT_MATCH,9,9,L-rhamnoses
CHEBI:17115,CHEBI:17115,L-Serine,MAPPED,L-serine,CHEBI,EXACT_MATCH,121,121,(2S)-2-amino-3-hydroxypropanoic acid|(S)-(-)-serine|(S)-2-amino-3-hydroxypropanoic acid|(S)-alpha-Amino-beta-hydroxypropionic acid|(S)-serine|L-(-)-serine|L-2-Amino-3-hydroxypropionic acid|L-3-Hydroxy-2-aminopropionic acid|L-3-Hydroxy-alanine|L-Ser|L-Serin|beta-Hydroxy-L-alanine|beta-Hydroxyalanine
CHEBI:16857,CHEBI:16857,L-Threonine,MAPPED,L-threonine,CHEBI,EXACT_MATCH,89,89,"(2S)-threonine|(2S,3R)-(-)-Threonine|(2S,3R)-2-amino-3-hydroxybutanoic acid|2-Amino-3-hydroxybutyric acid|L-(-)-Threonine|L-2-Amino-3-hydroxybutyric acid|L-Threonin|L-alpha-amino-beta-hydroxybutyric acid"
CHEBI:16828,CHEBI:16828,L-Tryptophan,MAPPED,L-tryptophan,CHEBI,EXACT_MATCH,100,100,(2S)-2-amino-3-(1H-indol-3-yl)propanoic acid|(S)-alpha-Amino-beta-(3-indolyl)-propionic acid|(S)-alpha-amino-1H-indole-3-propanoic acid|(S)-tryptophan|L-(-)-tryptophan|L-beta-3-indolylalanine|Tryptophan
CHEBI:17895,CHEBI:17895,L-Tyrosine,MAPPED,L-tyrosine,CHEBI,EXACT_MATCH,79,79,(-)-alpha-amino-p-hydroxyhydrocinnamic acid|(2S)-2-amino-3-(4-hydroxyphenyl)propanoic acid|(S)-(-)-Tyrosine|(S)-2-Amino-3-(p-hydroxyphenyl)propionic acid|(S)-3-(p-Hydroxyphenyl)alanine|(S)-Tyrosine|(S)-alpha-amino-4-hydroxybenzenepropanoic acid|4-hydroxy-L-phenylalanine|L-Tyrosin|TYROSINE
CHEBI:16414,CHEBI:16414,L-Valine,MAPPED,L-valine,CHEBI,EXACT_MATCH,115,115,Valine|(2S)-2-amino-3-methylbutanoic acid|(S)-valine|2-Amino-3-methylbutyric acid|L-(+)-alpha-Aminoisovaleric acid|L-Valin|L-alpha-Amino-beta-methylbutyric acid
cas:97281-52-2,CHEBI:28874,L-α-Phosphatidylinositol from Glycine max (soybean),MAPPED,phosphatidylinositol,CHEBI,BROAD_MATCH,0,0,
CHEBI:81664,CHEBI:81664,LL-37,MAPPED,LL-37,CHEBI,EXACT_MATCH,0,0,
CHEBI:15671,CHEBI:15671,L(+)-Tartaric acid,MAPPED,L-tartaric acid,CHEBI,EXACT_MATCH,7,7,"(+)-(R,R)-tartaric acid|(+)-L-tartaric acid|(+)-Tartaric acid|(+)-Weinsaeure|(2R,3R)-2,3-Dihydroxybernsteinsaeure|(2R,3R)-2,3-dihydroxybutanedioic acid|(2R,3R)-2,3-dihydroxysuccinic acid|(2R,3R)-Tartaric acid|(R,R)-(+)-tartaric acid|(R,R)-Tartaric acid|L-Tartaric acid|L-threaric acid|Rechtsweinsaeure|Weinsteinsaeure"
CHEBI:16349,CHEBI:16349,L-Citrulline,MAPPED,L-citrulline,CHEBI,CAS_RN_LOOKUP,16,16,(2S)-2-amino-5-(carbamoylamino)pentanoic acid|(S)-2-Amino-5-ureidopentanoic acid|2-Amino-5-ureidovaleric acid|L-2-Amino-5-ureidovaleric acid|N(5)-(aminocarbonyl)-L-ornithine|N(5)-carbamoyl-L-ornithine|N(delta)-carbamylornithine|N5-(Aminocarbonyl)ornithine|N5-carbamoylornithine|alpha-amino-delta-ureidovaleric acid|delta-ureidonorvaline|CITRULLINE
CHEBI:91248,CHEBI:91248,L-Cysteine hydrochloride monohydrate,REJECTED,L-cysteine hydrochloride hydrate,CHEBI,CAS_RN_LOOKUP,0,0,(2R)-2-Amino-3-sulfanyl-propanoic acid hydrochloride monohydrate|Cystein-HCl x 2 H2O (5% (w/v))|L--Cysteine・HCL・H2O|L-Cysteine HCl x H2O|L-Cysteine monohydrate monochloride|L-Cysteine・HCl・H2O|L-cysteine HCl.H2O|L-cysteine hydrochloride hydrate|(1R)-1-carboxy-2-sulfanylethan-1-aminium chloride--water (1/1)|L-cysteine hydrochloride--water (1/1)
CHEBI:15729,CHEBI:15729,L-Ornithine,MAPPED,L-ornithine,CHEBI,CAS_RN_LOOKUP,11,11,"(2S)-2,5-diaminopentanoic acid|(S)-2,5-Diaminopentanoate|(S)-2,5-Diaminopentanoic acid|(S)-2,5-diaminovaleric acid|(S)-alpha,delta-diaminovaleric acid|(S)-ornithine"
CHEBI:195690,CHEBI:195690,L-ornithine monohydrochloride,MAPPED,L-Ornithine monochlorohydrate/ornithine,CHEBI,CAS_RN_LOOKUP,2,2,"(2S)-2,5-diaminopentanoic acid;hydrochloride|L-Ornithine monochlorohydrate/ornithine"
CHEBI:53696,CHEBI:53696,L-tyrosine disodium salt,MAPPED,disodium L-tyrosinate,CHEBI,CAS_RN_LOOKUP,6,6,L-Tyrosine sodium salt (1:2)|disodium L-tyrosinate
CHEBI:135737,CHEBI:135737,Lacidipine,MAPPED,lacidipine,CHEBI,EXACT_MATCH,0,0,
MICRO:0001365,MICRO:0001365,Lactalbumin hydrolysate,MAPPED,lactalbumin hydrolysate,MICRO,EXACT_MATCH,1,1,
CHEBI:24996,CHEBI:24996,Lactate,MAPPED,lactate,CHEBI,EXACT_MATCH,9,9,(+)-lactate|(2S)-2-hydroxypropanoate|(S)-lactate|2-hydroxypropanoate|2-hydroxypropionate|L(+)-lactate|L-(+)-lactate|L-lactate|MeCH(OH)CO2 anion|b-lactate|beta-lactate|produces: DL-lactate|DL-lactate
CHEBI:75323,CHEBI:75323,Lactitol,MAPPED,lactitol,CHEBI,EXACT_MATCH,0,0,4-O-beta-D-galactopyranosyl-D-glucitol
cas:7578-25-8,mesh:C045442,Lacto-N-fucopentaose I,MAPPED,lacto-N-fucopentaose I,MESH,NARROW_MATCH,0,0,
CHEBI:89932,CHEBI:89932,Lacto-N-fucopentaose II,MAPPED,Lacto-N-fucopentaose-2,CHEBI,CAS_RN_LOOKUP,0,0,
cas:25541-09-7,mesh:C434666,Lacto-N-fucopentaose III,MAPPED,lacto-N-fucopentaose III,MESH,NARROW_MATCH,0,0,
CHEBI:60239,CHEBI:60239,Lacto-N-neotetraose,MAPPED,beta-D-Gal-(1->4)-beta-D-GlcNAc-(1->3)-beta-D-Gal-(1->4)-D-Glc,CHEBI,CAS_RN_LOOKUP,0,0,beta-D-galactopyranosyl-(1->4)-2-acetamido-2-deoxy-beta-D-glucopyranosyl-(1->3)-beta-D-galactopyranosyl-(1->4)-D-glucopyranose
cas:14116-68-8,CHEBI:30248,Lacto-N-tetraose,MAPPED,beta-D-Gal-(1->3)-beta-D-GlcNAc-(1->3)-beta-D-Gal-(1->4)-D-Glc,CHEBI,SYNONYM_MATCH,0,0,beta-D-galactopyranosyl-(1->3)-2-acetamido-2-deoxy-beta-D-glucopyranosyl-(1->3)-beta-D-galactopyranosyl-(1->4)-D-glucopyranose
CHEBI:17716,CHEBI:17716,Lactose,MAPPED,lactose,CHEBI,EXACT_MATCH,55,55,(+)-lactose|1-beta-D-Galactopyranosyl-4-D-glucopyranose|4-(beta-D-galactosido)-D-glucose|4-O-beta-D-galactopyranosyl-D-glucose|4-O-beta-D-galactopyranosyl-beta-D-glucopyranose|D-lactose|D-lactose (lactose)|Galb1-4Glcb|Galbeta1-4Glc|Galbeta1-4Glcbeta|Lac|Laktobiose|Laktose|Milchzucker|beta lactose|beta-D-Gal-(1->4)-D-Glc|beta-D-Galp-(1->4)-D-Glcp|beta-D-Galp-(1->4)-beta-D-Glcp|beta-D-galactopyranosyl-(1->4)-D-glucopyranose|(2)-D-lactose
CHEBI:6359,CHEBI:6359,Lactulose,MAPPED,lactulose,CHEBI,EXACT_MATCH,0,0,4-O-beta-D-galactopyranosyl-beta-D-fructofuranose
CHEBI:18411,CHEBI:18411,Laminaribiose,MAPPED,laminarabiose,CHEBI,CAS_RN_LOOKUP,0,0,beta-D-glucopyranosyl-(1->3)-D-glucopyranose
CHEBI:6364,CHEBI:6364,Laminarin from Laminaria digitata,MAPPED,laminarin,CHEBI,CAS_RN_LOOKUP,0,0,
cas:20211-76-1,CHEBI:231515,Lanthanum (III) chloride,MAPPED,lanthanum trichloride,CHEBI,NARROW_MATCH,0,0,
CHEBI:6377,CHEBI:6377,Lapachol,MAPPED,lapachol,CHEBI,EXACT_MATCH,0,0,"2-hydroxy-3-(3-methylbut-2-en-1-yl)naphthalene-1,4-dione"
CHEBI:30805,CHEBI:30805,Lauric acid,MAPPED,dodecanoic acid,CHEBI,CAS_RN_LOOKUP,0,0,
CHEBI:44401,CHEBI:44401,Lawsone,MAPPED,lawsone,CHEBI,EXACT_MATCH,0,0,"2-hydroxynaphthalene-1,4-dione"
CHEBI:88212,CHEBI:88212,lead (II) chloride,MAPPED,lead(II) chloride,CHEBI,CAS_RN_LOOKUP,0,0,dichloro-lambda(2)-plumbane|lead(2+) dichloride
CHEBI:37187,CHEBI:37187,Lead (II) nitrate,MAPPED,lead nitrate,CHEBI,CAS_RN_LOOKUP,0,0,lead dinitrate|lead(2+) nitrate|lead(II) nitrate
NCIT:C72005,NCIT:C72005,Lemon,MAPPED,Lemon,NCIT,EXACT_MATCH,2,2,
CHEBI:31770,CHEBI:31770,Lentilan from mushroom,MAPPED,lentinan,CHEBI,CAS_RN_LOOKUP,0,0,
CHEBI:4441,CHEBI:4441,Leucodin,MAPPED,Desacetoxymatricarin,CHEBI,CAS_RN_LOOKUP,0,0,
CHEBI:16703,CHEBI:16703,Levan - from Erwinia herbicola,MAPPED,(2->6)-beta-D-fructan,CHEBI,EXACT_MATCH,0,0,(2->6)-beta-D-fructofuranan
CHEBI:15765,CHEBI:15765,Levodopa,MAPPED,L-dopa,CHEBI,CAS_RN_LOOKUP,0,0,"(2S)-2-amino-3-(3,4-dihydroxyphenyl)propanoic acid"
CHEBI:63598,CHEBI:63598,Levofloxacin,MAPPED,levofloxacin,CHEBI,EXACT_MATCH,0,0,"(3S)-9-fluoro-3-methyl-10-(4-methylpiperazin-1-yl)-7-oxo-2,3-dihydro-7H-[1,4]oxazino[2,3,4-ij]quinoline-6-carboxylic acid"
CHEBI:15409,CHEBI:15409,Levomenthol,MAPPED,(-)-menthol,CHEBI,CAS_RN_LOOKUP,0,0,"(1R,2S,5R)-5-methyl-2-(propan-2-yl)cyclohexan-1-ol"
mesh:D002174,mesh:D002174,Levorin,MAPPED,Candicidin,MESH,EXACT_MATCH,0,0,
CHEBI:45630,CHEBI:45630,Levulinic Acid,MAPPED,4-oxopentanoic acid,CHEBI,CAS_RN_LOOKUP,1,1,
kgmicrobe.ingredient:lichenan_icelandic_moss,CHEBI:6452,Lichenan (icelandic moss),MAPPED,lichenin,CHEBI,NARROW_MATCH,0,0,
CHEBI:48607,CHEBI:48607,LiCl,MAPPED,lithium chloride,CHEBI,SYNONYM_MATCH,15,15,Lithiumchlorid|chlorure de lithium|cloruro de litio|lithii chloridum
cas:8068-05-1,cas:8068-05-1,Lignin alkali,MAPPED,Lignin alkali,CAS,FALLBACK_REGISTRY,0,0,
mesh:C079132,mesh:C079132,Limocrocin,MAPPED,limocrocin,MESH,EXACT_MATCH,0,0,
CHEBI:16226,CHEBI:16226,Limonin,MAPPED,limonin,CHEBI,EXACT_MATCH,0,0,"(4aS,6aR,8aR,8bR,9aS,12R,12aS,14aR,14bR)-12-(3-furyl)-6,6,8a,12a-tetramethyldecahydro-3H-oxireno[d]pyrano[4',3':3,3a][2]benzofuro[5,4-f]isochromene-3,8,10(6H,9aH)-trione"
CHEBI:17580,CHEBI:17580,Linalool,MAPPED,linalool,CHEBI,EXACT_MATCH,0,0,"3,7-Dimethylocta-1,6-dien-3-ol"
CHEBI:182465,CHEBI:182465,Lincomycin hydrochloride,MAPPED,Lincomycin hydrochloride,CHEBI,EXACT_MATCH,0,0,"(2S,4R)-N-[(1R,2R)-2-hydroxy-1-[(2R,3R,4S,5R,6R)-3,4,5-trihydroxy-6-methylsulanyloxan-2-yl]propyl]-1-methyl-4-propylpyrrolidine-2-carboxamide;hydrochloride"
CHEBI:63607,CHEBI:63607,Linezolid,MAPPED,linezolid,CHEBI,EXACT_MATCH,0,0,"N-({(5S)-3-[3-fluoro-4-(morpholin-4-yl)phenyl]-2-oxo-1,3-oxazolidin-5-yl}methyl)acetamide"
CHEBI:16412,CHEBI:16412,Lipopolysaccharide,MAPPED,lipopolysaccharide,CHEBI,EXACT_MATCH,3,3,
cas:85144-11-2,CHEBI:48607,Lithium chloride hydrate,MAPPED,lithium chloride,CHEBI,CLOSE_MATCH,0,0,
CHEBI:16325,CHEBI:16325,Lithocholic acid,MAPPED,lithocholic acid,CHEBI,EXACT_MATCH,0,0,3alpha-hydroxy-5beta-cholan-24-oic acid
MICRO:0001668,MICRO:0001668,Liver digest,MAPPED,liver digest,MICRO,EXACT_MATCH,7,7,
MICRO:0001363,MICRO:0001363,Liver extract,MAPPED,liver extract,MICRO,EXACT_MATCH,10,10,
MICRO:0001363,MICRO:0001363,Liver extract concentrate,MAPPED,liver extract,MICRO,LEXICAL_MATCH,10,10,
MICRO:0001363,MICRO:0001363,Liver extract infusion,MAPPED,liver extract,MICRO,LEXICAL_MATCH,10,10,
cas:9000-40-2,FOODON:03413132,Locust bean gum,MAPPED,locust bean gum,FOODON,NARROW_MATCH,0,0,
CHEBI:6518,CHEBI:6518,Lomefloxacin hydrochloride,MAPPED,lomefloxacin hydrochloride,CHEBI,EXACT_MATCH,0,0,"1-ethyl-6,8-difluoro-7-(3-methylpiperazin-1-yl)-4-oxo-1,4-dihydroquinoline-3-carboxylic acid hydrochloride"
CHEBI:6538,CHEBI:6538,Loratadine,MAPPED,loratadine,CHEBI,EXACT_MATCH,0,0,"ethyl 4-(8-chloro-5,6-dihydro-11H-benzo[5,6]cyclohepta[1,2-b]pyridin-11-ylidene)piperidine-1-carboxylate"
CHEBI:40303,CHEBI:40303,Lovastatin,MAPPED,lovastatin,CHEBI,EXACT_MATCH,0,0,"(1S,3R,7S,8S,8aR)-8-{2-[(2R,4R)-4-hydroxy-6-oxotetrahydro-2H-pyran-2-yl]ethyl}-3,7-dimethyl-1,2,3,7,8,8a-hexahydronaphthalen-1-yl (2S)-2-methylbutanoate"
CHEBI:16489,CHEBI:16489,Lumazine,MAPPED,lumazine,CHEBI,EXACT_MATCH,0,0,"pteridine-2,4-diol"
CHEBI:17781,CHEBI:17781,Lumichrome,MAPPED,lumichrome,CHEBI,EXACT_MATCH,0,0,"7,8-dimethylbenzo[g]pteridine-2,4(1H,3H)-dione"
CHEBI:6570,CHEBI:6570,Lupeol,MAPPED,lupeol,CHEBI,EXACT_MATCH,0,0,(3beta)-lup-20(29)-en-3-ol
NCIT:C90684,NCIT:C90684,Lydimycin,MAPPED,Lydimycin,NCIT,EXACT_MATCH,0,0,
cas:2650-88-3,FOODON:03413135,Lysozyme,MAPPED,lysozyme,FOODON,NARROW_MATCH,0,0,
CHEBI:28488,CHEBI:28488,m-Xylene,MAPPED,m-xylene,CHEBI,EXACT_MATCH,9,9,"1,3-Dimethylbenzene|1,3-Dimethylbenzol|1,3-Xylene|3-xylene|m-Xylol|m-dimethylbenzene|m-methyltoluene|meta-xylene"
CHEBI:62955,CHEBI:62955,MES sodium salt,MAPPED,sodium 2-(N-morpholino)ethanesulfonate,CHEBI,CAS_RN_LOOKUP,4,4,"2-(N-Morpholino)ethanesulfonic acid sodium salt|4-Morpholineethanesulfonic acid, sodium salt|4-Morpholineethanesulfonic acid, sodium salt (1:1)|MES-Na|Sodium 4-morpholin-1-ylethylsulphonate|sodium 2-(N-morpholino)ethanesulfonate|sodium 2-(morpholin-4-yl)ethanesulfonate|sodium 2-morpholin-4-ylethanesulfonate|sodium MES"
CHEBI:201898,CHEBI:201898,Magainin I,MAPPED,Magainin I,CHEBI,EXACT_MATCH,0,0,"(4S)-4-[[2-[[(2S)-2-[[(2S)-2-[[(2S)-2-[[(2S)-6-amino-2-[[2-[[(2S)-2-[[(2S)-6-amino-2-[[2-[[(2S)-2-[[(2S)-2-[[(2S)-2-[[(2S)-2-[[(2S)-2-[[(2S)-6-amino-2-[[2-[[(2S,3S)-2-[(2-aminoacetyl)amino]-3-methylpentanoyl]amino]acetyl]amino]hexanoyl]amino]-3-phenylpropanoyl]amino]-4-methylpentanoyl]amino]-3-(1H-imidazol-5-yl)propanoyl]amino]-3-hydroxypropanoyl]amino]propanoyl]amino]acetyl]amino]hexanoyl]amino]-3-phenylpropanoyl]amino]acetyl]amino]hexanoyl]amino]propanoyl]amino]-3-phenylpropanoyl]amino]-3-methylbutanoyl]amino]acetyl]amino]-5-[[(2S,3S)-1-[[(2S)-1-[[(2S)-6-amino-1-[[(1S)-1-carboxy-2-hydroxyethyl]amino]-1-oxohexan-2-yl]amino]-4-methylsulanyl-1-oxobutan-2-yl]amino]-3-methyl-1-oxopentan-2-yl]amino]-5-oxopentanoic acid"
CHEBI:62964,CHEBI:62964,Magnesium acetate,MAPPED,magnesium acetate,CHEBI,EXACT_MATCH,4,4,"Acetic acid, magnesium salt (2:1)|Magnesium di(acetate)|Mg Acetate|Mg(II) acetate|acetic acid magnesium salt|magnesium diacetate"
CHEBI:86345,CHEBI:86345,Magnesium chloride,MAPPED,magnesium dichloride hexahydrate,CHEBI,SYNONYM_MATCH,4026,4019,CCRIS 3494|MgCl*6H2O|MgCl2∙6H2O|magnesium dichloride--water (1/6)
CHEBI:32599,CHEBI:32599,Magnesium sulfate,MAPPED,magnesium sulfate,CHEBI,EXACT_MATCH,714,712,Magnesium sulfate (1:1)|Magnesiumsulfat|Mg2SO4|MgSO .7H O|MgSO4 × 7 H2O|MgSO4|MgSO4 x H2O|MgSO4 . 7H2O|MgSO4 . H2O|MgSO4 x 6 H2O|MgSO4 x 6H2O|MgSO4 x 7 H2O (0.1% w/v)|MgSO4 x 7 H2O (100 mM)|MgSO4 x 7 H2O solution (25%)|MgSO4 x 7 H2O to 15.0 g).|MgSO4 x 7H2O|MgSO4 x7 H2O|MgSO4 x7H2O|MgSO4 · 7H2O|MgSO4 ·7H2O
CHEBI:72449,CHEBI:72449,Malachite green,MAPPED,malachite green,CHEBI,EXACT_MATCH,25,25,"(4-(4-Dimethylaminobenzhydriylidene)cyclohexa-2,5-dienylidene)dimethylammonium chloride|(4-(alpha-(4-Dimethylamino)phenyl)benzylidene)cyclohexa-2,5-dien-1-ylidene dimethylammonium chloride|4-{[4-(dimethylamino)phenyl](phenyl)methylene}-N,N-dimethylcyclohexa-2,5-dien-1-iminium chloride|Basic Green 4|C.I. 42000|C.I. Basic Green 4|CI 42000|CI Basic Green 4|diamond green B|malachite green chloride|malachite green chloride salt|victoria green B"
CHEBI:25115,CHEBI:25115,Malate,MAPPED,malate,CHEBI,EXACT_MATCH,2,2,malates|malic acid anion
CHEBI:18300,CHEBI:18300,Maleic acid,MAPPED,maleic acid,CHEBI,EXACT_MATCH,4,4,"cis-Butenedioic acid, Toxilic acid|(2Z)-but-2-enedioic acid"
cas:100683-54-3,CHEBI:51992,Malondialdehyde tetrabutylammonium salt,MAPPED,tetrabutylammonium salt,CHEBI,NARROW_MATCH,0,0,
CHEBI:30794,CHEBI:30794,Malonic acid,MAPPED,malonic acid,CHEBI,EXACT_MATCH,0,0,Propanedioic acid
FOODON:03301056,FOODON:03301056,Malt extract,MAPPED,malt extract,FOODON,EXACT_MATCH,274,274,Malt extract(Sigma M-0383)|Malt extract (BD-Difco)|Malt extract powder|Bacto Malt Extract (Difco)|Malt extract (BD--Difco)
kgmicrobe.ingredient:malt_extract_agar,FOODON:03301056,Malt extract agar,MAPPED,malt extract,FOODON,CLOSE_MATCH,2,2,
kgmicrobe.ingredient:malt_extract_agar_~28nissui~29,FOODON:03301056,Malt Extract Agar (Nissui),MAPPED,malt extract,FOODON,CLOSE_MATCH,1,1,
kgmicrobe.ingredient:malt_extract_agar_~28oxoid~29,FOODON:03301056,Malt extract agar (Oxoid),MAPPED,malt extract,FOODON,CLOSE_MATCH,1,1,
kgmicrobe.ingredient:malt_extract_broth,FOODON:03301056,Malt extract broth,MAPPED,malt extract,FOODON,CLOSE_MATCH,5,5,
CHEBI:68428,CHEBI:68428,Maltitol,MAPPED,maltitol,CHEBI,EXACT_MATCH,0,0,alpha-D-glucopyranosyl-(1->4)-D-glucitol
CHEBI:25140,CHEBI:25140,Maltodextrin,MAPPED,maltodextrin,CHEBI,EXACT_MATCH,1,1,
CHEBI:27445,CHEBI:27445,Maltohexaose,MAPPED,maltohexaose,CHEBI,EXACT_MATCH,0,0,alpha-D-glucopyranosyl-(1->4)-alpha-D-glucopyranosyl-(1->4)-alpha-D-glucopyranosyl-(1->4)-alpha-D-glucopyranosyl-(1->4)-alpha-D-glucopyranosyl-(1->4)-D-glucose
CHEBI:17306,CHEBI:17306,Maltose,MAPPED,maltose,CHEBI,EXACT_MATCH,189,188,1-alpha-D-Glucopyranosyl-4-alpha-D-glucopyranose|4-(alpha-D-glucosido)-D-glucose|4-O-alpha-D-glucopyranosyl-D-glucopyranose|4-O-alpha-D-glucopyranosyl-alpha-D-glucopyranose|Cextromaltose|D-(+)-maltose|D-maltose (maltose)|Glca1-4Glca|Glcalpha1-4Glca|Glcalpha1-4Glcalpha|Malt sugar|Malzzucker|alpha-D-Glcp-(1->4)-D-Glcp|alpha-D-Glcp-(1->4)-alpha-D-Glcp|alpha-D-Glucopyranosyl-(1->4)-D-glucopyranose|alpha-D-glucopyranosyl-(1->4)-D-glucose|Maltose x H2O|D-Maltose|maltose
CHEBI:17306,CHEBI:17306,maltose,REJECTED,maltose,CHEBI,EXACT_MATCH,0,0,alpha-D-glucopyranosyl-(1->4)-alpha-D-glucopyranose
CHEBI:28460,CHEBI:28460,Maltotetraose,MAPPED,maltotetraose,CHEBI,EXACT_MATCH,0,0,alpha-D-glucopyranosyl-(1->4)-alpha-D-glucopyranosyl-(1->4)-alpha-D-glucopyranosyl-(1->4)-D-glucose
cas:312693-63-3,CHEBI:61993,Maltotriose hydrate,MAPPED,maltotriose,CHEBI,CLOSE_MATCH,0,0,
CHEBI:35825,CHEBI:35825,Mandelic acid,MAPPED,mandelic acid,CHEBI,EXACT_MATCH,0,0,hydroxy(phenyl)acetic acid
CHEBI:6682,CHEBI:6682,Mangiferin,MAPPED,mangiferin,CHEBI,EXACT_MATCH,0,0,"2-beta-D-glucopyranosyl-1,3,6,7-tetrahydroxy-9H-xanthen-9-one"
cas:9036-88-8,NCIT:C14271,Mannan from Saccharomyces cerevisiae,MAPPED,Saccharomyces cerevisiae,NCIT,NARROW_MATCH,0,0,"filtered, Mannan from Saccharomyces cerevisiae"
CHEBI:29864,CHEBI:29864,Mannitol,MAPPED,mannitol,CHEBI,EXACT_MATCH,72,72,
CHEBI:25164,CHEBI:25164,Mannobiose,MAPPED,mannobiose,CHEBI,EXACT_MATCH,0,0,beta-D-mannopyranosyl-(1->4)-D-mannopyranose|beta-D-mannopyranosyl-(1->4)-D-mannose
CHEBI:17369,CHEBI:17369,Mannose-6-Phosphate,MAPPED,D-mannose 6-phosphate,CHEBI,SYNONYM_MATCH,0,0,D-mannose 6-(dihydrogen phosphate)
CHEBI:146181,CHEBI:146181,Mannotriose,MAPPED,mannotriose,CHEBI,EXACT_MATCH,0,0,
mesh:C008328,mesh:C008328,Marmite,MAPPED,marmite,MESH,EXACT_MATCH,2,2,
CHEBI:6700,CHEBI:6700,Matrine,MAPPED,Matrine,CHEBI,EXACT_MATCH,0,0,
FOODON:03315424,FOODON:03315424,Meat Extract,MAPPED,meat extract,FOODON,EXACT_MATCH,777,777,
MICRO:0000176,MICRO:0000176,Meat peptone,MAPPED,meat peptone,MICRO,EXACT_MATCH,90,90,
CHEBI:51208,CHEBI:51208,Mecillinam,MAPPED,mecillinam,CHEBI,EXACT_MATCH,0,0,"6beta-{[(azepan-1-yl)methylidene]amino}-2,2-dimethylpenam-3alpha-carboxylic acid"
CHEBI:28053,CHEBI:28053,Melibiose,MAPPED,melibiose,CHEBI,EXACT_MATCH,3,3,"6-O-(alpha-D-Galactopyranosyl)-D-glucopyranose|6-O-alpha-D-galactopyranosyl-D-glucopyranose|D-Melibiose|D-melibiose (melibiose)|D-mellibiose|Gal-alpha(1,6)Glc|alpha-D-Gal-(1->6)-D-Glc|alpha-D-Galp-(1->6)-D-Glcp|alpha-D-galactopyranosyl-(1->6)-D-glucopyranose|alpha-D-galactosyl-(1->6)-D-glucose"
CHEBI:28869,CHEBI:28869,Menadione,MAPPED,menadione,CHEBI,EXACT_MATCH,107,107,"Vitamin K3|2-Methyl-1,4-naphthochinon|2-methyl-1,4-naphthalenedione|2-methyl-1,4-naphthoquinone|2-methylnaphthalene-1,4-dione|2-methylnaphthoquinone|3-methyl-1,4-naphthoquinone|Aquakay|Aquinone|Hemodal|Kappaxin|menadion|menaphthon|menaphthone|menaquinone 0"
CHEBI:63928,CHEBI:63928,Menadione sodium bisulfate,MAPPED,menadione sodium sulfonate,CHEBI,CAS_RN_LOOKUP,0,0,"sodium 2-methyl-1,4-dioxo-1,2,3,4-tetrahydronaphthalene-2-sulfonate"
cas:1490-04-6,CHEBI:25187,Menthol,MAPPED,p-menthan-3-ol,CHEBI,SYNONYM_MATCH,0,0,
CHEBI:31823,CHEBI:31823,mercury (II) chloride,MAPPED,mercury dichloride,CHEBI,CAS_RN_LOOKUP,0,0,mercury(2+) chloride|mercury(II) chloride
CHEBI:6770,CHEBI:6770,Meropenem,MAPPED,meropenem trihydrate,CHEBI,SYNONYM_MATCH,0,0,"(6S)-2-{[(3S,5S)-5-(dimethylcarbamoyl)pyrrolidin-3-yl]sulfanyl}-6-[(1R)-1-hydroxyethyl]-1beta-methyl-2,3-didehydro-1-carbapenam-3-carboxylic acid"
CHEBI:39010,CHEBI:39010,MES,MAPPED,MES,CHEBI,EXACT_MATCH,111,111,
CHEBI:39005,CHEBI:39005,MES [2-(N-morpholino) ethane sulfonic acid],MAPPED,2-(N-morpholino)ethanesulfonic acid,CHEBI,SYNONYM_MATCH,24,24,2-(4-morpholinyl)ethanesulfonic acid|2-(N-Morpholino)aethansulfonsaeure|2-(N-Morpholino)ethansulfonsaeure|2-(morpholin-4-yl)ethanesulfonic acid|2-morpholin-4-ylethanesulfonic acid|2-morpholinoethanesulphonic acid|4-morpholineethanesulfonic acid|4-morpholinethanesulfonic acid|MES (2-Morpholinoethanesulfonic acid)|MES (2-[N-Morpholino]ethane sulfonic acid)|MES acids
CHEBI:17113,CHEBI:17113,meso-Erythritol,MAPPED,erythritol,CHEBI,SYNONYM_MATCH,0,0,MESO-ERYTHRITOL
CHEBI:16183,CHEBI:16183,methane,MAPPED,methane,CHEBI,EXACT_MATCH,8,8,tetrahydridocarbon
CHEBI:17790,CHEBI:17790,Methanol,MAPPED,methanol,CHEBI,EXACT_MATCH,251,251,CH3OH|MeOH|Methyl alcohol|Methylalkohol|carbinol|spirit of wood|wood alcohol|wood naphtha|wood spirit|Methanol*|Methanol (10%)|Methanol**
CHEBI:44185,CHEBI:44185,Methotrexate,MAPPED,methotrexate,CHEBI,EXACT_MATCH,0,0,"N-(4-{[(2,4-diaminopteridin-6-yl)methyl](methyl)amino}benzoyl)-L-glutamic acid"
cas:89471-28-0,cas:89471-28-0,Methyl-2-Hydroxy-Phenylproprionate,MAPPED,Methyl-2-Hydroxy-Phenylproprionate,CAS,FALLBACK_REGISTRY,0,0,
CHEBI:17540,CHEBI:17540,Methyl-B-D-galactopyranoside,MAPPED,methyl beta-D-galactoside,CHEBI,CAS_RN_LOOKUP,0,0,Methyl beta-D-galactopyranoside
cas:91-09-8,cas:91-09-8,methyl-alpha-D-xylopyranoside,MAPPED,methyl-alpha-D-xylopyranoside,CAS,FALLBACK_REGISTRY,0,0,
cas:612-05-5,cas:612-05-5,methyl-beta-D-xylopyranoside,MAPPED,methyl-beta-D-xylopyranoside,CAS,FALLBACK_REGISTRY,0,0,
cas:1825-00-9,cas:1825-00-9,methyl-beta-L-arabinopyranoside,MAPPED,methyl-beta-L-arabinopyranoside,CAS,FALLBACK_REGISTRY,0,0,
CHEBI:86904,CHEBI:86904,methyl-cis-p-coumarate,MAPPED,4-coumaric acid methyl ester,CHEBI,EXACT_MATCH,0,0,methyl 3-(4-hydroxyphenyl)prop-2-enoate
cas:19367-38-5,CHEBI:194094,methyl-trans-p-coumarate,MAPPED,(E)-4-coumaric acid methyl ester,CHEBI,SYNONYM_MATCH,0,0,
CHEBI:176565,CHEBI:176565,Methyl 3-(4-hydroxyphenyl)propionate,MAPPED,methyl 3-(4-hydroxyphenyl)propionate,CHEBI,EXACT_MATCH,0,0,MHPP|methyl 3-(4-hydroxyphenyl)propanoate
CHEBI:181871,CHEBI:181871,Methyl 6-Hydroxyangolensate,MAPPED,Methyl 6-hydroxyangolensate,CHEBI,EXACT_MATCH,0,0,"methyl 2-[(1S,3S,7R,8R,9R,12S,13S)-13-(uran-3-yl)-6,6,8,12-tetramethyl-17-methylidene-5,15-dioxo-2,14-dioxatetracyclo[7.7.1.01,12.03,8]heptadecan-7-yl]-2-hydroxyacetate"
CHEBI:320061,CHEBI:320061,Methyl alpha-D-glucopyranoside,MAPPED,methyl alpha-D-glucopyranoside,CHEBI,EXACT_MATCH,0,0,
CHEBI:320055,CHEBI:320055,Methyl beta-D-glucopyranoside,MAPPED,methyl beta-D-glucopyranoside,CHEBI,EXACT_MATCH,0,0,
cas:22329-76-6,CHEBI:67379,methyl ferulate,MAPPED,trans-methylferulate,CHEBI,SYNONYM_MATCH,0,0,methyl (2E)-3-(4-hydroxy-3-methoxyphenyl)prop-2-enoate
CHEBI:15929,CHEBI:15929,methyl jasmonate,MAPPED,(-)-methyl jasmonate,CHEBI,CAS_RN_LOOKUP,0,0,"methyl {(1R,2R)-3-oxo-2-[(2Z)-pent-2-en-1-yl]cyclopentyl}acetate"
CHEBI:25255,CHEBI:25255,Methyl methanesulfonate,MAPPED,methyl methanesulfonate,CHEBI,EXACT_MATCH,0,0,
CHEBI:16830,CHEBI:16830,Methylamine,MAPPED,methylamine,CHEBI,EXACT_MATCH,12,12,CH3-NH2|MeNH2|Methanamine|aminomethane|monomethylamine|Methyamine
CHEBI:59337,CHEBI:59337,Methylamine hydrochloride,MAPPED,methylamine hydrochloride,CHEBI,EXACT_MATCH,13,13,"Methanamine, hydrochloride (1:1)|Methylammonium chloride|Monomethylamine hydrochloride|Monomethylammonium chloride|N-Methylammonium chloride|methanaminium chloride"
CHEBI:6872,CHEBI:6872,Methylene blue,MAPPED,methylene blue,CHEBI,EXACT_MATCH,4,4,"3,7-bis(dimethylamino)phenothiazin-5-ium chloride|Basic Blue 9|C.I. 52015|Methylenblau|Methylthioninium chloride|Solvent blue 8|Swiss blue|azul de metileno|bleu de methylene|chlorure de methylthioninium|cloruro de metiltioninio|methylthioninii chloridum"
CHEBI:15767,CHEBI:15767,methylene chloride,MAPPED,dichloromethane,CHEBI,CAS_RN_LOOKUP,0,0,
CHEBI:17158,CHEBI:17158,methylglyoxal,MAPPED,methylglyoxal,CHEBI,EXACT_MATCH,0,0,2-Oxopropanal
cas:23121-32-6,CHEBI:169463,Methylxanthoxylin,MAPPED,"2'-Hydroxy-4',6'-dimethoxy-3'-methylacetophenone",CHEBI,SYNONYM_MATCH,0,0,"1-(2-hydroxy-4,6-dimethoxy-3-methylphenyl)ethanone"
CHEBI:6909,CHEBI:6909,Metronidazole,MAPPED,metronidazole,CHEBI,EXACT_MATCH,0,0,2-(2-methyl-5-nitro-1H-imidazol-1-yl)ethanol
cas:1915-67-9,mesh:C554989,Mexicanolide,MAPPED,mexicanolide,MESH,NARROW_MATCH,0,0,
CHEBI:131391,CHEBI:131391,Mg-citrate,MAPPED,trimagnesium dicitrate,CHEBI,SYNONYM_MATCH,5,5,E345|Magnesium citrate dibasic|Magnesium hydrogen citrate|magnesium 3-carboxy-3-hydroxypentanedioate
CHEBI:6636,CHEBI:6636,MgCl2,MAPPED,magnesium dichloride,CHEBI,EXACT_MATCH,291,291,Magnesiumchlorid|[MgCl2]|magnesium dichloride
CHEBI:131394,CHEBI:131394,MgCl2 x 2 H2O,MAPPED,magnesium dichloride dihydrate,CHEBI,EXACT_MATCH,29,29,MgCl2.2H2O|magnesium chloride dihydrate|magnesium dichloride dihydrate
CHEBI:86345,CHEBI:86345,MgCl2 x 6 H2O,MAPPED,magnesium dichloride hexahydrate,CHEBI,EXACT_MATCH,4026,4019,Chlorure de magnesium hydrate|Magnesium chloride hydrate|MgCl2 . 6H2O|MgCl2 x 6 H2O (200 g/l stock solution)|MgCl2 · 6H2O|MgCl2.6H2O|MgCl2x 6H2O|MgCl2x6H2O|MgCl2·6 H2O|MgCl2·6H2O|MgCl2⋅6H2O|MgCl2・6H2O|magnesium dichloride hexahydrate|Magnesium chloride hexahydrate|MgCl2  x 6 H2O|magnesium dichloride--water (1/6)|MgCl2x 6 H2O|Magnesium chloride anhydrous|MgCl2  x 7 H2O|MgCl2  x 76 H2O|MgCl2 X 6H2O|MgCl2 x 7 H2O|MgCl2 x 7H2O|MgCl2x7H2O|MgCl2 x 6H2O
kgmicrobe.compound:mgcl2_x_7_h2o,CHEBI:6636,MgCl2 x 7 H2O,MAPPED,magnesium dichloride,CHEBI,CLOSE_MATCH,19,19,Magnesium chloride anhydrous|MgCl2  x 76 H2O|MgCl2 X 6H2O|MgCl2 x 7H2O|MgCl2x 6 H2O|MgCl2x7H2O|MgCl2 x 6H2O|MgCl2  x 7 H2O
CHEBI:86355,CHEBI:86355,MgCl2 x H2O,MAPPED,magnesium dichloride monohydrate,CHEBI,EXACT_MATCH,5,5,"Magnesium chloride, monohydrate|MgCl2.H2O|MgCl2·H2O|magnesium dichloride monohydrate|magnesium dichloride--water (1/1)"
CHEBI:86345,CHEBI:6636,MgCl2x 6 H2O,REJECTED,magnesium dichloride,CHEBI,SYNONYM_MATCH,0,0,Magnesium chloride anhydrous|MgCl2  x 7 H2O|MgCl2  x 76 H2O|MgCl2 X 6H2O|MgCl2 x 7 H2O|MgCl2 x 7H2O|MgCl2x7H2O|MgCl2 x 6H2O
CHEBI:31793,CHEBI:31793,MgCO3,MAPPED,magnesium carbonate,CHEBI,SYNONYM_MATCH,11,11,MgCO|MgCO3(MCIB CB486)
CHEBI:31795,CHEBI:31795,MgSO4·7H2O,REJECTED,magnesium sulfate heptahydrate,CHEBI,EXACT_MATCH,0,0,MgSO4 . 7H2O|MgSO4 . H2O|MgSO4 x 6 H2O|MgSO4 x 6H2O|MgSO4 x 7 H2O (0.1% w/v)|MgSO4 x 7 H2O (100 mM)|MgSO4 x 7 H2O solution (25%)|MgSO4 x 7 H2O to 15.0 g).|MgSO4 x 7H2O|MgSO4 x H2O|MgSO4 x7 H2O|MgSO4 x7H2O|MgSO4 · 7H2O|MgSO4 ·7H2O
CHEBI:31795,CHEBI:31795,MgSO47H2O,REJECTED,magnesium sulfate heptahydrate,CHEBI,SYNONYM_MATCH,0,0,.MgSO4|MgSO|MgSO 4|MgSO2|MgSO4 x 7 H20|bitter salt|epsom salt|epsomite|magnesium sulfate--water (1/7)
CHEBI:32599,CHEBI:32599,MgSO4 x 6 H2O,MAPPED,magnesium sulfate,CHEBI,EXACT_MATCH,714,712,MgSO4 . 7H2O|MgSO4 . H2O|MgSO4 x 6H2O|MgSO4 x 7 H2O (0.1% w/v)|MgSO4 x 7 H2O (100 mM)|MgSO4 x 7 H2O solution (25%)|MgSO4 x 7 H2O to 15.0 g).|MgSO4 x 7H2O|MgSO4 x H2O|MgSO4 x7 H2O|MgSO4 x7H2O|MgSO4 · 7H2O|MgSO4 ·7H2O
CHEBI:31795,CHEBI:31795,MgSO4 x 7 H2O,MAPPED,magnesium sulfate heptahydrate,CHEBI,EXACT_MATCH,5673,5619,.MgSO4 x 7 H2O|MgSO 4 x 7 H2O|MgSO x 7 H2O|MgSO2 x 7 H2O|MgSO4.7H2O|MgSO4x7H2O|MgSO4·H2O|magnesium sulfate (1:1) heptahydrate|magnesium sulphate heptahydrate|sulfuric acid magnesium salt heptahydrate|Magnesium sulfate heptahydrate|MgSO4•7H2O|MgSO4•7H2O (Sigma 230391)|MgSO4•7H2O(CAS: 10034-99-8)|MgSO4•7H2O(Sigma 230391)|magnesium sulfate--water (1/7)|MgSO4·7H2O|MgSO47H2O
CHEBI:31795,CHEBI:31795,MgSO4·H2O,MAPPED,magnesium sulfate heptahydrate,CHEBI,EXACT_MATCH,5673,5619,.MgSO4 x 7 H2O|MgSO 4 x 7 H2O|MgSO x 7 H2O|MgSO2 x 7 H2O|MgSO4.7H2O|MgSO4x7H2O|magnesium sulfate (1:1) heptahydrate|magnesium sulphate heptahydrate|sulfuric acid magnesium salt heptahydrate|magnesium sulfate--water (1/7)
NCIT:C85509,NCIT:C85509,Middlebrook 7H10 agar,MAPPED,Middlebrook 7H10 Growth Medium,NCIT,EXACT_MATCH,5,5,Middlebrook 7H10 Agar (Difco)
CHEBI:216282,CHEBI:216282,miharamycin A,MAPPED,Miharamycin A,CHEBI,EXACT_MATCH,0,0,"2-[(3S,3aS,4R,5R,7R,7aR)-7-(2-aminopurin-9-yl)-3,3a,4-trihydroxy-2,3,4,5,7,7a-hexahydrouro[2,3-c]pyran-5-yl]-2-[[2-amino-5-[carbamimidoyl(hydroxy)amino]pentanoyl]amino]acetic acid"
UBERON:0001913,UBERON:0001913,Milk,MAPPED,milk,UBERON,EXACT_MATCH,3,3,
FOODON:03301328,FOODON:03301328,Mineral water,MAPPED,mineral water,FOODON,EXACT_MATCH,1,1,
mesh:C002363,mesh:C002363,Minimycin,MAPPED,minimycin,MESH,EXACT_MATCH,0,0,
CHEBI:50697,CHEBI:50697,Minocycline hydrochloride,MAPPED,minocycline hydrochloride,CHEBI,EXACT_MATCH,0,0,"(4S,4aS,5aR,12aS)-4,7-bis(dimethylamino)-3,10,12,12a-tetrahydroxy-1,11-dioxo-1,4,4a,5,5a,6,11,12a-octahydrotetracene-2-carboxamide hydrochloride"
CHEBI:27504,CHEBI:27504,Mitomycin C,MAPPED,mitomycin C,CHEBI,EXACT_MATCH,0,0,"[(1aS,8S,8aR,8bS)-6-amino-8a-methoxy-5-methyl-4,7-dioxo-1,1a,2,4,7,8,8a,8b-octahydroazirino[2',3':3,4]pyrrolo[1,2-a]indol-8-yl]methyl carbamate"
CHEBI:131395,CHEBI:131395,MnCl2 x 2 H2O,MAPPED,manganese(II) chloride dihydrate,CHEBI,EXACT_MATCH,40,40,MnCl2·2H2O|MnCl2．2H2O|manganese(II) chloride dihydrate|manganese chloride dihydrate|manganese dichloride dihydrate|manganese(2+) chloride dihydrate|dichloromanganese--water (1/2)|manganese(2+) chloride--water (1/2)
CHEBI:86368,CHEBI:86368,MnCl2 x 4 H2O,MAPPED,manganese(II) chloride tetrahydrate,CHEBI,EXACT_MATCH,2990,2990,Manganese (II) chloride tetrahydrate|Manganese chloride tetrahydrate|Manganese dichloride tetrahydrate|Manganous chloride tetrahydrate|MnCl2 . 4H2O|MnCl2 · 4H2O|MnCl2.4H2O|MnCl2⋅4H2O|MnCl2・4H2O|manganese(2+) chloride tetrahydrate|manganese(II) chloride tetrahydrate|MnCl2 × 4H2O|MnCl2 ∙ 4 H2O|MnCl2∙4H2O|MnCl2･4H2O|dichloromanganese--water (1/4)|manganese(2+) chloride--water (1/4)|MnCl4 x 4 H2O|MnCl2·4H2O
CHEBI:63041,CHEBI:63041,MnCl2,MAPPED,manganese(II) chloride,CHEBI,EXACT_MATCH,156,156,Manganese chloride|manganese chloride|manganese(II) chloride|manganese dichloride|anhydrous manganese chloride|Mangandichlorid|Manganese bichloride|Manganese(II) chloride (1:2)|Manganous chloride|dichlorure de manganese|manganese(2+) dichloride|manganese(II) dichloride|manganous dichloride
CHEBI:136511,CHEBI:136511,MnO2,MAPPED,manganese dioxide,CHEBI,EXACT_MATCH,4,4,Mangandioxid|bis(oxido)manganese|black manganese oxide|manganese binoxide|manganese dioxide|manganese peroxide|manganese superoxide|manganese(IV) dioxide|manganese(IV) oxide
CHEBI:86360,CHEBI:86360,MnSO4,MAPPED,manganese(II) sulfate,CHEBI,EXACT_MATCH,415,415,MnSO4 x n H2O|MnSO4・xH2O|MnSO4·nH2O|MnSO4 x H2O|Manganese monosulfate|Manganese sulphate|Manganous sulfate|manganese(2+) sulfate|manganese(2+) sulphate|manganese(II) sulfate|manganese(II) sulphate
CHEBI:86364,CHEBI:86364,MnSO4 x 1 H2O,REJECTED,manganese(II) sulfate monohydrate,CHEBI,SYNONYM_MATCH,0,0,Manganese sulfate anhydrous|MnSO4 . 7H2O|MnSO4 x 7 H2O|MnSO4 x 7H2O|MnSO4.7H2O|MnSO4·7H2O|MnSO4・xH2O|manganese(2+) sulfate
CHEBI:86356,CHEBI:86356,MnSO4 x 2 H2O,MAPPED,manganese(II) sulfate dihydrate,CHEBI,EXACT_MATCH,42,42,MnSO4 . 2H2O|MnSO4 x 2 H2O (0.1% w/v)|MnSO4 x 2 H2O (1% solution)|MnSO4.2H2O|MnSO4·2H2O|manganese(2+) sulfate dihydrate|manganese(2+) sulphate dihydrate|manganese(II) sulfate dihydrate|manganese(II) sulphate dihydrate|manganese(2+) sulfate--water (1/2)
CHEBI:86358,CHEBI:86358,MnSO4 x 4 H2O,MAPPED,manganese(II) sulfate tetrahydrate,CHEBI,EXACT_MATCH,107,107,"Manganese sulfate tetrahydrate|Manganese sulphate, tetrahydrate|Manganese(II) sulfate tetrahydrate|MnSO4 · 4 H2O|MnSO4.4H2O|MnSO4·4H2O|manganese(2+) sulfate tetrahydrate|manganese(2+) sulphate tetrahydrate|manganese(II) sulphate tetrahydrate|manganese(2+) sulfate--water (1/4)"
CHEBI:131524,CHEBI:131524,MnSO4 x 5 H2O,MAPPED,manganese(II) sulfate pentahydrate,CHEBI,EXACT_MATCH,41,41,MnSO4 . 5H2O|MnSO4.5H2O|MnSO4·5H2O|MnSO4・5H2O|manganese(2+) sulfate pentahydrate|manganese(2+) sulphate pentahydrate|manganese(II) sulfate pentahydrate|manganese(II) sulphate pentahydrate|manganese(2+) sulfate--water (1/5)
CHEBI:131523,CHEBI:131523,MnSO4 x 6 H2O,MAPPED,manganese(II) sulfate hexahydrate,CHEBI,EXACT_MATCH,3,3,MnSO4.6H2O|manganese(2+) sulfate hexahydrate|manganese(2+) sulphate hexahydrate|manganese(II) sulfate hexahydrate|manganese(II) sulphate hexahydrate|manganese(2+) sulfate--water (1/6)
CHEBI:86360,CHEBI:86360,MnSO4 x 7 H2O,MAPPED,manganese(II) sulfate,CHEBI,SYNONYM_MATCH,415,415,Manganese sulfate anhydrous|MnSO4 . 7H2O|MnSO4 x 1 H2O|MnSO4 x 7H2O|MnSO4.7H2O|MnSO4·7H2O|MnSO4・xH2O|manganese(2+) sulfate
CHEBI:86364,CHEBI:86364,MnSO4 x H2O,MAPPED,manganese(II) sulfate monohydrate,CHEBI,EXACT_MATCH,1183,1179,Manganese sulfate hydrate|Manganese sulfate monohydrate|Manganous sulfate monohydrate|MnSO4 . H2O|MnSO4 · H2O|MnSO4 ⋅ H2O|MnSO4.H2O|MnSO4·H2O|MnSO4⋅H2O|manganese(2+) sulfate monohydrate|manganese(2+) sulphate monohydrate|manganese(II) sulfate monohydrate|manganese(II) sulphate monohydrate|Manganese sulfate|manganese(2+) sulfate--water (1/1)|MnSO4 x 1 H2O
CHEBI:201539,CHEBI:201539,monazomycin,MAPPED,Monazomycin,CHEBI,EXACT_MATCH,0,0,"(13E,17E,21E,29E)-48-(8-aminooctan-2-yl)-8,10,16,20,24,26,28,32,36,38,40,42,44,46-tetradecahydroxy-9,15,17,19,21,25,31,33,39,41,47-undecamethyl-23-[(2S,3S,4S,5S,6R)-3,4,5-trihydroxy-6-(hydroxymethyl)oxan-2-yl]oxy-1-oxacyclooctatetraconta-13,17,21,29-tetraen-2-one"
CHEBI:27617,CHEBI:27617,Monensin,MAPPED,monensin A,CHEBI,CAS_RN_LOOKUP,0,0,"(2S,3R,4S)-4-[(2S,5R,7S,8R,9S)-2-{(2S,2'R,3'S,5R,5'R)-2-ethyl-5'-[(2S,3S,5R,6R)-6-hydroxy-6-(hydroxymethyl)-3,5-dimethyltetrahydro-2H-pyran-2-yl]-3'-methyloctahydro-2,2'-bifuran-5-yl}-9-hydroxy-2,8-dimethyl-1,6-dioxaspiro[4.5]dec-7-yl]-3-methoxy-2-methylpentanoic acid"
CHEBI:30627,CHEBI:30627,MoO3,MAPPED,molybdenum trioxide,CHEBI,EXACT_MATCH,32,32,[MoO3]|molybdenum trioxide|molybdenum(6+) oxide|molybdenum(VI) oxide
CHEBI:39074,CHEBI:39074,MOPS,MAPPED,MOPS,CHEBI,EXACT_MATCH,91,91,
CHEBI:75092,CHEBI:75092,Morin,MAPPED,morin,CHEBI,EXACT_MATCH,0,0,"2-(2,4-dihydroxyphenyl)-3,5,7-trihydroxy-4H-chromen-4-one"
CHEBI:63611,CHEBI:63611,Moxifloxacin,MAPPED,moxifloxacin,CHEBI,EXACT_MATCH,0,0,"1-cyclopropyl-6-fluoro-8-methoxy-7-[(4aS,7aS)-octahydro-6H-pyrrolo[3,4-b]pyridin-6-yl]-4-oxo-1,4-dihydroquinoline-3-carboxylic acid"
cas:22816-60-0,cas:22816-60-0,MreB Perturbing Compound A22,MAPPED,MreB Perturbing Compound A22,CAS,FALLBACK_REGISTRY,0,0,
CHEBI:30852,CHEBI:30852,Mucic acid,MAPPED,galactaric acid,CHEBI,CAS_RN_LOOKUP,0,0,"(2R,3S,4R,5S)-2,3,4,5-tetrahydroxyhexanedioic acid|meso-galactaric acid"
cas:84195-52-8,cas:84195-52-8,"Mucin, Bovine Submaxillary Gland, type I-S",MAPPED,"Mucin, Bovine Submaxillary Gland, type I-S",CAS,FALLBACK_REGISTRY,0,0,
cas:84082-64-4,cas:84082-64-4,"Mucin from porcine stomach,Type II",MAPPED,"Mucin from porcine stomach,Type II",CAS,FALLBACK_REGISTRY,1,1,"autoclaved, Mucin from porcine stomach type II"
cas:84082-64-4,cas:84082-64-4,Mucin from porcine stomach type III,MAPPED,Mucin from porcine stomach type III,CAS,FALLBACK_REGISTRY,1,1,"Mucin from porcine stomach type III, bound sialic acid 0.5-1.5 %, Mucin from porcine stomach type III"
mesh:C010250,mesh:C010250,Mycobacidin,MAPPED,mycobacidin,MESH,EXACT_MATCH,0,0,
CHEBI:17268,CHEBI:17268,myo-Inositol,MAPPED,myo-inositol,CHEBI,EXACT_MATCH,59,59,"(1r,2R,3S,4s,5R,6S)-cyclohexane-1,2,3,4,5,6-hexol|1,2,3,4,5,6-HEXAHYDROXY-CYCLOHEXANE|1,2,3,4,5,6-cyclohexanehexol|1,2,3,5/4,6-cyclohexanehexol|1D-myo-Inositol|1L-myo-Inositol|Bios I|Cyclohexitol|D-myo-Inositol|Dambose|Inositol (myo-inositol)|Ins|L-myo-Inositol|Meat sugar|Myoinositol|cis-1,2,3,5-trans-4,6-cyclohexanehexol|i-inositol|inosite|m-Inositol"
CHEBI:18152,CHEBI:18152,Myricetin,MAPPED,myricetin,CHEBI,EXACT_MATCH,0,0,"3,5,7-trihydroxy-2-(3,4,5-trihydroxyphenyl)-4H-chromen-4-one"
CHEBI:28875,CHEBI:28875,Myristic acid,MAPPED,tetradecanoic acid,CHEBI,CAS_RN_LOOKUP,0,0,MYRISTIC ACID
CHEBI:29640,CHEBI:29640,N-(3-oxohexanoyl)-DL-homoserine lactone,MAPPED,N-(3-oxohexanoyl)homoserine lactone,CHEBI,EXACT_MATCH,0,0,3-oxo-N-(2-oxotetrahydrofuran-3-yl)hexanamide
CHEBI:28037,CHEBI:28037,N-Acetyl-D-galactosamine,MAPPED,N-acetyl-D-galactosamine,CHEBI,EXACT_MATCH,0,0,2-acetamido-2-deoxy-D-galactopyranose
CHEBI:15784,CHEBI:15784,N-Acetyl-D-glucosamine 6-phosphate sodium salt,MAPPED,N-acetyl-D-glucosamine 6-phosphate,CHEBI,LEXICAL_MATCH,0,0,2-acetamido-2-deoxy-D-glucopyranose 6-(dihydrogen phosphate)
CHEBI:17533,CHEBI:17533,N-Acetyl-L-Glutamic Acid,MAPPED,N-acetyl-L-glutamic acid,CHEBI,EXACT_MATCH,2,2,N-alpha-Acetyl-L-glutamate|(2S)-2-acetamidopentanedioic acid
CHEBI:21547,CHEBI:21547,N-Acetyl-L-aspartic acid,MAPPED,N-acetyl-L-aspartic acid,CHEBI,EXACT_MATCH,0,0,(2S)-2-acetamidobutanedioic acid
CHEBI:21553,CHEBI:21553,N-Acetyl-L-glutamine,MAPPED,N-acetyl-L-glutamine,CHEBI,EXACT_MATCH,0,0,N-alpha-Acetyl-L-glutamine|(2S)-2-(acetylamino)-5-amino-5-oxopentanoic acid|NN(2)-acetyl-L-glutamine
CHEBI:17724,CHEBI:17724,N-N Dimethyl glycine,MAPPED,"N,N-dimethylglycine",CHEBI,CAS_RN_LOOKUP,0,0,
CHEBI:39060,CHEBI:39060,N-(2-acetamido)-2-aminoethanesulfonic acid,MAPPED,N-(2-acetamido)-2-aminoethanesulfonic acid,CHEBI,EXACT_MATCH,15,15,2-[(2-amino-2-oxoethyl)amino]ethanesulfonic acid|N-(carbamoylmethyl)taurine|ACES
CHEBI:8006,CHEBI:8006,N-Acetyl-D-glucosamine,MAPPED,Peptidoglycan(N-acetyl-D-glucosamine),CHEBI,SYNONYM_MATCH,29,29,2-acetamido-2-deoxy-D-glucopyranose|Peptideglycan(N-acetyl-D-glucosamine)|N--Acetyl--D--glucosamine (Sigma)
CHEBI:59640,CHEBI:59640,N-Acetylglucosamine,MAPPED,N-acetylglucosamine,CHEBI,EXACT_MATCH,57,57,N-acetylglucosamines|N-acetylglucosamine (Sigma)
CHEBI:47965,CHEBI:47965,N-acetylmuramic acid,MAPPED,N-acetylmuramic acid,CHEBI,EXACT_MATCH,12,12,2-(acetylamino)-3-O-[(1R)-1-carboxyethyl]-2-deoxy-D-glucose|2-acetamido-3-O-[(1R)-1-carboxyethyl]-2-deoxy-D-glucose|acetylmuramic acid|n-Acetyl-muramic acid|(R)-2-acetamido-3-O-(1-carboxyethyl)-2-deoxy-D-glucose|2-acetamido-3-O-[(1R)-1-carboxyethyl]-2-deoxy-aldehydo-D-glucose|aldehydo-N-acetylmuramic acid
CHEBI:17012,CHEBI:17012,N-acetylneuraminic acid,MAPPED,N-acetylneuraminic acid,CHEBI,EXACT_MATCH,0,0,"5-acetamido-3,5-dideoxy-D-glycero-D-galacto-non-2-ulopyranosonic acid|N-acetyl-neuraminic Acid"
CHEBI:41808,CHEBI:41808,n-Decane,MAPPED,decane,CHEBI,EXACT_MATCH,6,6,CH3-[CH2]8-CH3|DECANE|Dekan|n-Dekan
CHEBI:181434,CHEBI:181434,N-decanoyl-DL-Homoserine lactone,MAPPED,N-Decanoyl-DL-homoserine lactone,CHEBI,EXACT_MATCH,0,0,N-(2-oxooxolan-3-yl)decanamide
CHEBI:183704,CHEBI:183704,N-lauroylsarcosine sodium salt,MAPPED,[dodecanoyl(methyl)amino]acetate,CHEBI,EXACT_MATCH,0,0,[dodecanoyl(methyl)amino] acetate|sodium;2-[dodecanoyl(methyl)amino]acetate
CHEBI:16354,CHEBI:16354,N-methylhydantoin,MAPPED,N-methylhydantoin,CHEBI,EXACT_MATCH,4,4,"1-Methylhydantoin|1-methylimidazolidine-2,4-dione|Dioxy-creatinine|N-Methylimidazolidine-2,4-dione"
CHEBI:88217,CHEBI:88217,"N,N,N′,N′-Tetrakis(2-pyridylmethyl)ethylenediamine",MAPPED,"N,N,N',N'-tetrakis(2-pyridylmethyl)ethylenediamine",CHEBI,CAS_RN_LOOKUP,0,0,"N(1),N(1),N(2),N(2)-tetrakis[(pyridin-2-yl)methyl]ethane-1,2-diamine"
CHEBI:32850,CHEBI:32850,"N,N,N′,N′-Tetramethylethylenediamine",MAPPED,"N,N,N',N'-tetramethylethylenediamine",CHEBI,CAS_RN_LOOKUP,0,0,"N,N,N',N'-tetramethylethane-1,2-diamine"
CHEBI:172431,CHEBI:172431,N-Acetyl-glutamic acid,MAPPED,Acetyl-Glu,CHEBI,CAS_RN_LOOKUP,10,10,2-acetamidopentanedioic acid|Acetyl-Glu
CHEBI:113373,CHEBI:113373,Na-3-hydroxybutyrate,MAPPED,sodium 3-hydroxybutyrate,CHEBI,EXACT_MATCH,3,3,sodium 3-hydroxybutanoate|sodium 3-hydroxybutyrate|sodium beta-Hydroxybutyrate|sodium beta-hydroxybutanoate
CHEBI:32954,CHEBI:32954,Na-acetate,MAPPED,sodium acetate,CHEBI,EXACT_MATCH,1166,1165,"Optional ingredient|1 M Sodium acetate|Na Acetate|Natriumazetat|Sodium Acetate|acetic acid, sodium salt|Sodium acetate(Fisher BP 333)"
CHEBI:34535,CHEBI:34535,Na-ampicillin,MAPPED,ampicillin sodium,CHEBI,EXACT_MATCH,12,12,"Ampicillin sodium|Austrapen|D(-)-alpha-aminobenzylpenicillin sodium salt|ampicillin natrium|monosodium D-(-)-6-(2-amino-2-phenylacetamido)-3,3-dimethyl-7-oxo-4-thia-1-azabicyclo(3.2.0)heptane-2-carboxylate|sodium (2S,5R,6R)-6-{[(2R)-2-amino-2-phenylacetyl]amino}-3,3-dimethyl-7-oxo-4-thia-1-azabicyclo[3.2.0]heptane-2-carboxylate|sodium 6beta-[(2R)-2-amino-2-phenylacetamido]-2,2-dimethylpenam-3alpha-carboxylate|sodium D-(-)-alpha-aminobenzylpenicillin|sodium ampicillin|Ampicillin sodium salt"
CHEBI:113451,CHEBI:113451,Na-ascorbate,MAPPED,sodium ascorbate,CHEBI,EXACT_MATCH,38,38,"L-ascorbic acid sodium salt|L-ascorbic acid, monosodium salt|Sodium Ascorbate|ascorbate de sodium|ascorbic acid sodium salt|monosodium L-ascorbate|natrii ascorbas|sodium (2R)-2-[(1S)-1,2-dihydroxyethyl]-4-hydroxy-5-oxo-2,5-dihydrofuran-3-olate|sodium L-ascorbate|vitamin C sodium|vitamin C, sodium salt"
CHEBI:113455,CHEBI:113455,Na-benzoate,MAPPED,sodium benzoate,CHEBI,EXACT_MATCH,50,50,"Benzoic acid, sodium salt|E211|Sodium benzoate|Sodiumbenzoate"
CHEBI:64103,CHEBI:64103,Na-butyrate,MAPPED,sodium butyrate,CHEBI,EXACT_MATCH,35,35,"1 M Sodium butyrate|Butanoic acid, sodium salt|Butanoic acid, sodium salt (1:1)|Butyrate sodium|Butyric acid sodium salt|Butyric acid, sodium salt|Sodium butyrate|Sodium n-butyrate|Sodium propanecarboxylate|sodium butanoate|Butyrate (sodium salt)"
CHEBI:114126,CHEBI:114126,Na-caproate,MAPPED,sodium hexanoate,CHEBI,EXACT_MATCH,10,10,"Hexanoic acid, sodium salt|Sodium caproate|Sodium capronate|Sodium n-caproate|sodium hexanoate"
CHEBI:35899,CHEBI:35899,Na-crotonate,MAPPED,crotonate,CHEBI,EXACT_MATCH,7,7,(2E)-2-butenoate|(2E)-but-2-enoate|(E)-2-butenoate|(E)-crotonate|3-methylacrylate|alpha-butenoate|alpha-crotonate|beta-methacrylate|beta-methylacrylate|crotonate|trans-2-butenoate|trans-crotonate
CHEBI:62965,CHEBI:62965,Na-formate,MAPPED,sodium formate,CHEBI,EXACT_MATCH,222,222,"FORMIC ACID, NA SALT|Formic acid, sodium salt (1:1)|Na-formiate|Sodium Formate|Sodium methanoate|formic acid, sodium salt|sodium formiate|Sodium formate (Wako)"
CHEBI:115197,CHEBI:115197,Na-gallate,MAPPED,sodium gallate,CHEBI,EXACT_MATCH,2,2,"sodium 3,4,5-trihydroxybenzoate|sodium gallate"
CHEBI:64243,CHEBI:64243,Na-glutamate,REJECTED,monosodium L-glutamate,CHEBI,SYNONYM_MATCH,0,0,(2S)-2-aminopentanedioate|L-glutamic acid dianion|L-glutamate
CHEBI:232798,CHEBI:232798,Na-L-lactate,MAPPED,sodium L-lactate,CHEBI,EXACT_MATCH,162,162,"Na-(L)-lactate|Sodium D,L-Lactate|sodium;(2S)-2-hydroxypropanoate|L-Sodium lactate|Sodium L-lactate"
CHEBI:131839,CHEBI:131839,Na-laurate,MAPPED,sodium dodecanoate,CHEBI,EXACT_MATCH,6,6,"Dodecanoic acid, sodium salt|Lauric acid, sodium salt|sodium dodecanoate|sodium laurate"
CHEBI:132101,CHEBI:132101,Na-orotate,MAPPED,sodium orotate,CHEBI,EXACT_MATCH,3,3,"Monosodium orotate|Orotic acid, sodium salt|Sodium 1,2,3,6-tetrahydro-2,6-dioxopyrimidine-4-carboxylate|sodium 2,6-dioxo-1,2,3,6-tetrahydropyrimidine-4-carboxylate|sodium orotate"
CHEBI:132106,CHEBI:132106,Na-propionate,MAPPED,sodium propionate,CHEBI,EXACT_MATCH,49,49,"E281|Natriumpropionat|Propanoic acid, sodium salt|Propionic acid sodium salt|Sodium propionate|sodium propanoate|Propionate (sodium salt)"
CHEBI:50144,CHEBI:50144,Na-pyruvate,MAPPED,sodium pyruvate,CHEBI,EXACT_MATCH,807,805,"1 M Sodium pyruvate*|Na pyruvate|Natriumpyruvat|Sodium Pyruvate|pyruvic acid, sodium salt|sodium 2-oxopropanoate|Pyruvic acid sodium salt"
CHEBI:60720,CHEBI:60720,Na-silicate,MAPPED,sodium silicate,CHEBI,EXACT_MATCH,218,218,(5)  Sodium metasilicate|Na silicate|Sodium Silicate|Sodium polysilicate|Sodium sesquisilicate|Sodium silicate glass|Sodium siliconate|disodium oxosilanediolate
CHEBI:132109,CHEBI:132109,Na-stearate,MAPPED,sodium octadecanoate,CHEBI,EXACT_MATCH,3,3,"Octadecanoic acid, sodium salt|Stearic acid, sodium salt|sodium octadecanoate|sodium stearate"
CHEBI:63017,CHEBI:63017,Na-tartrate,REJECTED,sodium L-tartrate,CHEBI,SYNONYM_MATCH,0,0,"(+)-tartrate|(2R,3R)-2,3-dihydroxybutanedioate|(2R,3R)-2,3-dihydroxysuccinate|(2R,3R)-tartrate|(R,R)-Tartrate|L-tartrate|L-threarate"
CHEBI:86481,CHEBI:86481,Na-thioglycolate,MAPPED,sodium thioglycolate,CHEBI,EXACT_MATCH,170,170,"Mercaptoacetic acid, sodium salt|Sodium 2-mercatoethanoate|Sodium 2-sulfanylacetate|Sodium mercaptoacetate|Sodium thioglycolate|Sodium thioglycollate|Thioglycolate sodium|Thioglycollic acid, sodium salt|sodium sulfanylacetate"
CHEBI:132748,CHEBI:132748,Na-vanillate,MAPPED,sodium vanillate,CHEBI,EXACT_MATCH,3,3,sodium 4-hydroxy-3-methoxybenzoate|sodium vanillate
CHEBI:64734,CHEBI:64734,Na2-EDTA,MAPPED,EDTA disodium salt (anhydrous),CHEBI,SYNONYM_MATCH,614,612,"EDTA-2Na|EDTA·2Na|EDTA・2Na|EDTA 2Na|2Na-EDTA|EDTA (disodium salt)|EDTA disodium|EDTA disodium (anh.)|EDTA disodium salt (anh.)|EDTA.Na .2H O|EDTANa|N,N'-1,2-ethanediylbis[N-(carboxymethyl)glycine], disodium salt|NA EDTA|NA2 EDTA|Na-EDTA|Na2H2EDTA|Na2EDTA|disodium 2,2',2'',2'''-(ethane-1,2-diyldiammonio)tetraacetate|EDTA(Disodium salt)|EDTA•2Na"
CHEBI:64758,CHEBI:64758,Na2-EDTA x 2 H2O,REJECTED,EDTA disodium salt dihydrate,CHEBI,NARROW_MATCH,0,0,"EDTA disodium (anhydrous)|EDTA disodium salt (anhydrous)|Edetate disodium anhydrous|Na-EDTA x 2 H2O|Na2-EDTA·2H2O|disodium 2,2',2'',2'''-(ethane-1,2-diyldiammonio)tetraacetate"
CHEBI:115156,CHEBI:115156,Na2-fumarate,MAPPED,disodium fumarate,CHEBI,EXACT_MATCH,135,135,"Disodium fumarate|E365|Fumaric acid, disodium salt|Na-fumarate|Sodium fumarate|disodium (2E)-but-2-enedioate"
CHEBI:91251,CHEBI:91251,Na2-glyoxalate,MAPPED,sodium glyoxylate,CHEBI,EXACT_MATCH,3,3,"Glyoxylic acid, sodium salt|sodium glyoxalate|sodium glyoxylate|sodium oxoacetate"
CHEBI:16810,CHEBI:16810,Na2 alpha-ketoglutarate,MAPPED,2-oxoglutarate(2-),CHEBI,SYNONYM_MATCH,7,7,2-Oxoglutarate|2-oxopentanedioate|Na2 α-ketoglutarate|alpha-ketoglutarate
CHEBI:38892,CHEBI:38892,Na2B4O7,MAPPED,disodium tetraborate,CHEBI,EXACT_MATCH,9,9,"disodium tetraborate|sodium 1,3,5,7-tetrahydroxybicyclo[3.3.1]tetraboroxane-1,5-diide"
CHEBI:131366,CHEBI:131366,Na2B4O7 x 10 H2O,MAPPED,disodium tetraborate decahydrate,CHEBI,EXACT_MATCH,263,263,Na2B4O7·10H2O|Na2B4O7．10H2O|sodium tetraborate decahydrate|disodium tetraborate decahydrate|borax|sodium borate decahydrate|Na2B4O7 · 10 H2O|Na2B4O7 . 10H2O|Na2B4O7⋅10H2O|Na2B4O7・10H2O
CHEBI:29377,CHEBI:29377,Na2CO3,MAPPED,sodium carbonate,CHEBI,EXACT_MATCH,1751,1751,Na CO|Na2CO3-CO2 buffer|NaCO3|Natriumkarbonat|disodium carbonate|disodium trioxidocarbonate|Na2CO3 anhydrous|Sodium carbonate|Na2CO|Na2CO3(Baker 3604)
CHEBI:64758,CHEBI:64758,Na2EDTA·2H2O,MAPPED,EDTA disodium salt dihydrate,CHEBI,SYNONYM_MATCH,140,139,"EDTA disodium dihydrate|Na2EDTA . 2H2O|Na2EDTA · 2H2O|Na2EDTA.2H2O|Na2EDTA· 2H2O|Na2H2EDTA.2H2O|disodium (ethylenedinitrilo)tetraacetate dihydrate|disodium EDTA dihydrate|disodium edetate dihydrate|ethylenediaminetetraacetic acid disodium salt dihydrate|Na2EDTA•2H2O|Na2EDTA•2H2O(Sigma ED255)|disodium 2,2',2'',2'''-(ethane-1,2-diyldiammonio)tetraacetate--water (1/2)|Na2-EDTA x 2 H2O"
CHEBI:91257,CHEBI:91257,Na2HAsO4 x 7 H2O,MAPPED,disodium hydrogenarsenate heptahydrate,CHEBI,EXACT_MATCH,14,14,"Dibasic sodium arsenate heptahydrate|Disodium acid arsenate heptahydrate|Disodium monohydrogen arsenate heptahydrate|Hydrogen disodium arsenate heptahydrate|NaHAsO4.7H2O|Sodium acid arsenate, heptahydrate|Sodium hydrogen arsenate heptahydrate|Sodium orthoarsenate heptahydrate|disodium arsenate heptahydrate|disodium hydrogenarsenate heptahydrate|disodium hydrogen arsorate--water (1/7)"
CHEBI:34683,CHEBI:34683,Na2HPO4,MAPPED,disodium hydrogenphosphate,CHEBI,EXACT_MATCH,1124,1121,Dibasic sodium phosphate|Disodium hydrogen phosphate|Disodium Phosphate|Na HPO|Na HPO anydrous|Na2H2PO4|Na2HPO4 × 12 H2O|Na2HPO4 x H2O|Na2HPO4 . 12H2O|Na2HPO4 x 12 H2O|Na2HPO4 x 2 H2O|Na2HPO4 x 2H2O|Na2HPO4 x 3 H2O|Na2HPO4 x 6 H2O|Na2HPO4 x 7 H2O|Na2HPO4 x2 H2O|Na2HPO4.12H2O|Na2HPO4.7H2O|Na2HPO4·12H2O
CHEBI:91259,CHEBI:91259,Na2HPO4 x 12 H2O,MAPPED,disodium hydrogenphosphate dodecahydrate,CHEBI,EXACT_MATCH,159,159,Na2HPO4 . 12H2O|Na2HPO4 x 2 H2O|Na2HPO4 x 2H2O|Na2HPO4 x 3 H2O|Na2HPO4 x 6 H2O|Na2HPO4 x 7 H2O|Na2HPO4 x H2O|Na2HPO4 x2 H2O|Na2HPO4.12H2O|Na2HPO4.7H2O|Na2HPO4·12H2O|Na2HPO4 × 12 H2O
CHEBI:91258,CHEBI:91258,Na2HPO4 x 2 H2O,MAPPED,disodium hydrogenphosphate dihydrate,CHEBI,EXACT_MATCH,304,304,Na2HPO4 . 12H2O|Na2HPO4 x 12 H2O|Na2HPO4 x 2H2O|Na2HPO4 x 3 H2O|Na2HPO4 x 6 H2O|Na2HPO4 x 7 H2O|Na2HPO4 x H2O|Na2HPO4 x2 H2O|Na2HPO4.12H2O|Na2HPO4.7H2O|Na2HPO4·12H2O|Na2HPO4·2H2O
kgmicrobe.compound:na2hpo4_x_3_h2o,CHEBI:34683,Na2HPO4 x 3 H2O,MAPPED,disodium hydrogenphosphate,CHEBI,CLOSE_MATCH,4,4,Na2HPO4 . 12H2O|Na2HPO4 x 12 H2O|Na2HPO4 x 2 H2O|Na2HPO4 x 2H2O|Na2HPO4 x 6 H2O|Na2HPO4 x 7 H2O|Na2HPO4 x H2O|Na2HPO4 x2 H2O|Na2HPO4.12H2O|Na2HPO4.7H2O|Na2HPO4·12H2O
kgmicrobe.compound:na2hpo4_x_6_h2o,CHEBI:34683,Na2HPO4 x 6 H2O,MAPPED,disodium hydrogenphosphate,CHEBI,CLOSE_MATCH,5,5,Na2HPO4 . 12H2O|Na2HPO4 x 12 H2O|Na2HPO4 x 2 H2O|Na2HPO4 x 2H2O|Na2HPO4 x 3 H2O|Na2HPO4 x 7 H2O|Na2HPO4 x H2O|Na2HPO4 x2 H2O|Na2HPO4.12H2O|Na2HPO4.7H2O|Na2HPO4·12H2O|Na2HPO4·6H2O
kgmicrobe.compound:na2hpo4_x_7_h2o,CHEBI:34683,Na2HPO4 x 7 H2O,MAPPED,disodium hydrogenphosphate,CHEBI,CLOSE_MATCH,26,26,Na2HPO4 . 12H2O|Na2HPO4 x 12 H2O|Na2HPO4 x 2 H2O|Na2HPO4 x 2H2O|Na2HPO4 x 3 H2O|Na2HPO4 x 6 H2O|Na2HPO4 x H2O|Na2HPO4 x2 H2O|Na2HPO4.12H2O|Na2HPO4.7H2O|Na2HPO4·12H2O|Na2HPO4•7H2O
CHEBI:75215,CHEBI:75215,Na2MoO4,MAPPED,sodium molybdate (anhydrous),CHEBI,SYNONYM_MATCH,227,227,"Disodium molybdate|Molybdic acid, disodium salt|Na2MoO4 × H2O|Na2MoO4 ∙ 2 H2O|Na2MoO4∙2H2O|Natriummolybdat|Sodium molybdate|Na2MoO4 x H2O|Sodium molybdate(VI)|Na2MoO4 . 2H2O|Na2MoO4 . H2O|Na2MoO4 x 2 H2O (0.1% w/v)|Na2MoO4 x 2H2O|Na2MoO4 · 2H2O|Na2MoO4 · H2O|Na2MoO4 ⋅ 2H2O|Na2MoO4. 2H2O|Na2MoO4.H2O|Na2MoO4xH2O|Na2MoO4·2H2O|Na2MoO4⋅2H2O|Na2MoO4・2H2O|sodium dioxido(dioxo)molybdenum|Na2MoO4 (0.01 M)"
CHEBI:75213,CHEBI:75213,Na2MoO4·2H2O,REJECTED,sodium molybdate dihydrate,CHEBI,NARROW_MATCH,0,0,Na2MoO4 . 2H2O|Na2MoO4 . H2O|Na2MoO4 x 2 H2O (0.1% w/v)|Na2MoO4 x 2H2O|Na2MoO4 · 2H2O|Na2MoO4 · H2O|Na2MoO4 ⋅ 2H2O|Na2MoO4. 2H2O|Na2MoO4.H2O|Na2MoO4xH2O|Na2MoO4⋅2H2O|Na2MoO4・2H2O|sodium dioxido(dioxo)molybdenum
CHEBI:75213,CHEBI:75213,Na2MoO4 x 2 H2O,MAPPED,sodium molybdate dihydrate,CHEBI,EXACT_MATCH,4008,3998,"Disodium molybdate dihydrate|Molybdic acid, disodium salt, dihydrate|Na2 MoO4 x 2 H2O|Na2MoO4.2H2O|Na2MoSO4 x 2 H2O|NaMoO4 x 2 H2O|Sodium Molybdate Dihydrate|Sodium molybdate(VI) dihydrate|sodium orthomolybdate dihydrate|Na2MoO4-2H2O|Na2MoO4*2 H2O|Na2MoO4*2H2O|Na2MoSO4|NaMoO4|sodium dioxido(dioxo)molybdenum--water (1/2)|Na2Mo4 x 2 H2O|Na2MoO7 x 2 H2O|Na2MoO7O4 x 2 H2O|Na2MoO4·2H2O"
CHEBI:86473,CHEBI:86473,Na2MoO4 x 7 H2O,MAPPED,sodium molybdate heptahydrate,CHEBI,EXACT_MATCH,6,6,Na2MoO4.7H2O|sodium molybdate heptahydrate|sodium dioxido(dioxo)molybdenum--water (1/7)
CHEBI:76208,CHEBI:76208,Na2S,MAPPED,sodium sulfide (anhydrous),CHEBI,SYNONYM_MATCH,59,58,anh. sodium sulfide|disodium monosulfide|disodium sulfide|sodium monosulfide|sodium sulfide (anh.)|sodium sulfuret|sodium sulphide|Na2S x H2O|anhydrous sodium sulfide|Sodium sulfide
CHEBI:132112,CHEBI:132112,Na2S2O3,MAPPED,sodium thiosulfate,CHEBI,SYNONYM_MATCH,119,119,"2,5,8,11,14,17,20,23,26-nonaoxaoctacosan-28-ol|O-methyl-nonaethyleneglycol|nonaethylene glycol monomethyl ether|Sodium thiosulphate|Na-thiosulfate|NaS2O3|Disodium thiosulfate|Sodium hyposulfite|Sodium oxide sulfide|Thiosulfuric acid, disodium salt|disodium sulfurothioate|Na2S2SO3|Na2S2O3 (if needed)"
CHEBI:32150,CHEBI:32150,Na2S2O3 x 5 H2O,MAPPED,sodium thiosulfate pentahydrate,CHEBI,EXACT_MATCH,716,716,"Na2S2O3 . 5H2O|Na2S2O3 x 5 H2O (10% solution)|Na2S2O3 x 5 H2O(24 % w/v)|Na2S2O3 x 5H2O|Na2S2O3.5H2O|Na2S2O3x5H2O|Na2S2O3·5H2O|Na2S2O3・5H2O|NaS2O3 x 5 H2O|Sodium thiosulfate pentahydrate|disodium thiosulfate pentahydrate|disodium thiosulphate pentahydrate|sodium sulfurothioate hydrate (2:1:5)|thiosulfuric acid, disodium salt, pentahydrate|sodium sulfurothioate--water (1/5)|Sodium Thiosulfate Pentahydrate (agar media only,sterile)(Baker 3946)"
CHEBI:114786,CHEBI:114786,Na2S2O5,MAPPED,sodium disulfite,CHEBI,EXACT_MATCH,6,6,"Disodium disulfite|Disodium disulphite|Disodium metabisulfite|Disodium pyrosulfite|Disulfurous acid, disodium salt|E223|Pyrosulfurous acid, disodium salt|Sodium metabisulphite|Sodium pyrosulfite|disodium oxido(oxo)-kappa(4)-sulfanesulfonate|sodium disulfite|sodium metabisulfite|sodium pyrosulphite"
CHEBI:76209,CHEBI:76209,Na2S x 9 H2O,MAPPED,sodium sulfide nonahydrate,CHEBI,SYNONYM_MATCH,2751,2750,Na2S . 9H2O|Na2S x 9 H2O (3% w/v)|Na2S x 9 H2O(24% w/v)|Na2S x 9H2O|Na2S.9H2O|Na2S·9H2O|Na2S⋅9H2O|Na2S・9H2O|sodium monosulfide.9H2O|sodium sulfide.9H2O|Na2S ∙ 9 H2O|disodium sulfide--water (1/9)|Na2S-9H2O
CHEBI:48843,CHEBI:48843,Na2SeO3,MAPPED,disodium selenite,CHEBI,EXACT_MATCH,185,185,"Sodium selenite|Natriumselenit|disodium selenite|disodium selenium trioxide|selenious acid (H2SeO3) disodium salt|selenious acid disodium salt|selenious acid, disodium salt|selenious acid, sodium salt (1:2)|Na2Se2O3"
CHEBI:131361,CHEBI:131361,Na2SeO3·5H2O,REJECTED,disodium selenite pentahydrate,CHEBI,EXACT_MATCH,0,0,Na2SeO3 . 5H2O|Na2SeO3 x 5 H2O (0.01% w/v)|Na2SeO3・5H2O
CHEBI:131361,CHEBI:131361,Na2SeO3 x 5 H2O,MAPPED,disodium selenite pentahydrate,CHEBI,EXACT_MATCH,1622,1617,"Selenious acid disodium salt, pentahydrate|Sodium selenite pentahydrate|disodium selenite hydrate|disodium selenite pentahydrate|sodium selenite hydrate|sodium selenite--water (1/5)|Na2SeO3·5H2O"
CHEBI:77775,CHEBI:77775,Na2SeO4,MAPPED,sodium selenate,CHEBI,EXACT_MATCH,297,297,triisocyanate|triisocyanates|disodium selenate
CHEBI:132108,CHEBI:132108,Na2SiO3 x 9 H2O,MAPPED,sodium silicate nonahydrate,CHEBI,EXACT_MATCH,36,36,Na2SiO3.9H2O|Na2SiO3·9H2O|Na2SiO3・9H2O|Na2SiO3∙9H2O|Na2SiO3•9H2O|Na2SiO3•9H2O(CAS: 13517-24-3)|Na2SiO3•9H2O(Sigma 307815)|sodium oxosilanebis(olate)--water (1/9)
CHEBI:86477,CHEBI:86477,Na2SO3,MAPPED,sodium sulfite,CHEBI,SYNONYM_MATCH,26,26,"Dried sodium sulfite|Natrium sulfurosum|Natriumsulfid|Sodium sulphite|Sulfurous acid, disodium salt|disodium sulfite"
CHEBI:86477,CHEBI:86477,Na2SO3 x 5 H2O,MAPPED,sodium sulfite,CHEBI,SYNONYM_MATCH,26,26,Anhydrous sodium sulfite|Sodium sulfite anhydrous|disodium sulfite
CHEBI:32149,CHEBI:32149,Na2SO4,MAPPED,sodium sulfate,CHEBI,EXACT_MATCH,1305,1304,NaSO4|Natriumsulfat|Sodium Sulfate|disodium sulfate|disodium sulphate|salt cake|sodium sulphate
CHEBI:32586,CHEBI:32586,Na2SO4 x 10 H2O,MAPPED,sodium sulfate decahydrate,CHEBI,EXACT_MATCH,6,6,Na2SO4.10H2O|sodium sulfate decahydrate|sodium sulfate--water (1/10)
CHEBI:63940,CHEBI:63940,Na2WO4,MAPPED,sodium tungstate,CHEBI,SYNONYM_MATCH,132,132,disodium tungstate|Na2WO4 (10 mM)
CHEBI:63939,CHEBI:63939,Na2WO4 x 2 H2O,MAPPED,sodium tungstate dihydrate,CHEBI,EXACT_MATCH,1642,1640,"Na2WO4 . 2H2O|Na2WO4 x 2 H2O (0.1% w/v)|Na2WO4.2H2O|Na2WO4·2H2O|Na2WO4・2H2O|NaWO4·2H2O|Na-tungstate x 2 H2O|Sodium tungstate dihydrate|Tungstic acid, sodium salt, dihydrate|sodium orthotungstate dihydrate|sodium tungstate(VI) dihydrate|Na2WO4 × 2H2O|Na2WO4*2H2O|sodium dioxido(dioxo)tungsten--water (1/2)|Na2WO2 x 2 H2O|Na2WO4•2H2O"
CHEBI:32142,CHEBI:32142,Na3-citrate x 2 H2O,MAPPED,sodium citrate dihydrate,CHEBI,EXACT_MATCH,277,277,"2-hydroxy-1,2,3-propanetricarboxylic acid trisodium salt dihydrate|Na2citrate x 2 H2O|Na3-citrate x 2 H2O (0.6 g/l stock solution)|Na3Citrate x 2 H2O|Na3‐citrate x 2H2O|Na3‐citrate x 2H2O|Sodium citrate dihydrate|Sodium citrate hydrate|Trisodium Citrate Dihydrate|trisodium 2-hydroxypropane-1,2,3-tricarboxylate--water (1/2)|Trisodium citrate x 2 H2O|Sodium Citrate"
CHEBI:63125,CHEBI:63125,Na3-EDTA,MAPPED,EDTA trisodium salt,CHEBI,EXACT_MATCH,30,30,"EDTA-3Na|EDTA·3Na|EDTA・3Na|EDTA 3Na|(ethylenedinitrilo)tetraacetic acid trisodium salt|EDTA di sodium salt|EDTA trisodium|EDTA trisodium salt|N,N'-1,2-ethanediylbis[N-(carboxymethyl)glycine] trisodium salt|edetate trisodium|ethylenediaminetetraacetic acid trisodium salt|trisodium 2,2'-({2-[(carboxylatomethyl)(carboxymethyl)amino]ethyl}imino)diacetate|trisodium ethylenediaminetetraacetate|trisodium salt of ethylenediaminetetraacetic acid"
CHEBI:35607,CHEBI:35607,Na3VO4,MAPPED,trisodium vanadate,CHEBI,EXACT_MATCH,2,2,"sodium o-vanadate|sodium orthovanadate|sodium pervanadate|sodium tetraoxidovanadate(V)|sodium vanadate (ortho)|trisodium orthovanadate|trisodium tetraoxovanadate|trisodium trioxido(oxo)vanadium|trisodium vanadate|vanadate (VO4(3-)), trisodium|vanadic acid (H3VO4), sodium salt|vanadic acid, trisodium salt|sodium tetraoxidovanadate(3-)"
CHEBI:64220,CHEBI:64220,Na glutamate,MAPPED,monosodium glutamate,CHEBI,EXACT_MATCH,162,162,Na2-glutamate|sodium 2-ammoniopentanedioate|sodium 2-azaniumylpentanedioate|Sodium glutamate|Monosodium glutamate
CHEBI:63004,CHEBI:63004,NaBr,MAPPED,sodium bromide,CHEBI,EXACT_MATCH,322,322,Bromide salt of sodium|Bromnatrium|Trisodium tribromide|sodium bromide
CHEBI:26710,CHEBI:26710,NaCl,MAPPED,sodium chloride,CHEBI,EXACT_MATCH,8191,7695,Kochsalz|Natriumchlorid|Sodium Chloride|chlorure de sodium|cloruro sodico|common salt|natrii chloridum|rock salt|salt|table salt|NaCl (Fisher S271-500)|NaCl(Fisher S271-500)|1% Sodium Chloride
CHEBI:65242,CHEBI:65242,NaClO3,MAPPED,sodium chlorate,CHEBI,EXACT_MATCH,16,16,"Chlorate de sodium|Chlorate salt of sodium|Chloric acid, sodium salt|Natriumchlorat|sodium chlorate"
CHEBI:28741,CHEBI:28741,NaF,MAPPED,sodium fluoride,CHEBI,EXACT_MATCH,302,302,Sodium Fluoride
CHEBI:51919,CHEBI:51919,Nafcillin sodium salt monohydrate,MAPPED,nafcillin sodium monohydrate,CHEBI,CAS_RN_LOOKUP,0,0,"sodium 6beta-[(2-ethoxy-1-naphthoyl)amino]-2,2-dimethylpenam-3alpha-carboxylate hydrate"
CHEBI:37585,CHEBI:37585,NaH2PO4,MAPPED,sodium dihydrogenphosphate,CHEBI,SYNONYM_MATCH,237,237,"NaH PO .2H O|Sodium phosphate monobasic|monosodium phosphate|phosphoric acid, monosodium salt|sodium phosphate, monobasic|NaH2PO4 x H2O|NaH2PO4 x 2 H2O|NaH2PO4 x 2H2O|NaH2PO4·2H2O|NaH2PO4·H2O|NaH2PO4・2H2O|NaH2PO4・H2O|sodium phosphate monobasic anhydrous"
kgmicrobe.compound:nah2po4_x_2_h2o,CHEBI:37585,NaH2PO4 x 2 H2O,MAPPED,sodium dihydrogenphosphate,CHEBI,CLOSE_MATCH,53,53,NaH2PO4 x 2H2O|NaH2PO4 x H2O|NaH2PO4·2H2O|NaH2PO4·H2O|NaH2PO4・2H2O|NaH2PO4・H2O|sodium phosphate monobasic anhydrous
CHEBI:32139,CHEBI:32139,NaHCO3,MAPPED,sodium hydrogencarbonate,CHEBI,EXACT_MATCH,3168,3163,"E 500|E-500|E500|NaHCO|Natriumhydrogenkarbonat|Sodium Bicarbonate|Sodium hydrogencarbonate|baking soda|bicarbonate of soda|carbonic acid monosodium salt|sodium acid carbonate|sodium hydrogen carbonate|NaHCO3(Fisher S 233)|NaHCO3 (10% (w/v))|NaHCO3 (10%, w/v)|NaHCO3 (1 M)|NaHCO3 (3% (w/v))|NaHCO3 (5%, w/v)|NaHCO3 (7.5% w/v in water)"
CHEBI:26709,CHEBI:26709,NaHSO3,MAPPED,sodium hydrogensulfite,CHEBI,EXACT_MATCH,5,5,"E 222|E222|Natriumbisulfit|Natriumhydrogensulfit|Sodium Bisulfite|hydrogen sulfite sodium|primaeres Natriumsulfit|saures Natriumsulfit|sodium bisulphite|sodium hydrogen sulfite|sodium hydrogensulfite|sulfurous acid monosodium salt|sulfurous acid sodium salt|sulfurous acid, monosodium salt|sulfurous acid, sodium salt (1:1)"
cas:3374-05-8,CHEBI:100147,Nalidixic acid sodium salt,MAPPED,nalidixic acid,CHEBI,NARROW_MATCH,0,0,"1-ethyl-7-methyl-4-oxo-1,4-dihydro-1,8-naphthyridine-3-carboxylic acid"
NCIT:C54713,NCIT:C54713,NaNO,MAPPED,Nano,NCIT,EXACT_MATCH,8,8,NaNO3(CAS: 7631-99-4)|NaNO3(Fisher BP360-500)|NaNO3(autoclave before adding)(Fisher BP360-500)
CHEBI:78870,CHEBI:78870,NaNO2,MAPPED,sodium nitrite,CHEBI,EXACT_MATCH,30,30,Natrium nitrit|Nitrite de sodium|Nitrito sodico|sodium nitrite
CHEBI:63005,CHEBI:63005,NaNO3,MAPPED,sodium nitrate,CHEBI,SYNONYM_MATCH,644,643,"Na NO3|Chile saltpeter|Cubic niter|Nitrate de sodium|Nitrate of soda|Nitric acid monosodium salt|Nitric acid sodium salt (1:1)|Nitric acid, sodium salt|Sodium saltpeter|Sodium(I) nitrate (1:1)|sodium trioxidonitrate(1-)|Sodium nitrate (nitrogen source)"
CHEBI:32145,CHEBI:32145,NaOH,MAPPED,sodium hydroxide,CHEBI,EXACT_MATCH,1210,1209,Aetznatron|Natriumhydroxid|Sodium Hydroxide|caustic soda|hydroxyde de sodium|soda lye|soude caustique|NaOH (1N)|NaOH (0.38 M)
CHEBI:16482,CHEBI:16482,Naphthalene,MAPPED,naphthalene,CHEBI,EXACT_MATCH,4,4,Naphthalen|Naphthalin|naftaleno|naftalina|naphtalene|naphtaline
CHEBI:36336,CHEBI:36336,Naphthalene sulfonic acid,MAPPED,naphthalenesulfonic acid,CHEBI,EXACT_MATCH,3,3,naphthalenesulfonic acid
CHEBI:50202,CHEBI:50202,Naringenin,MAPPED,naringenin,CHEBI,EXACT_MATCH,0,0,"5,7-dihydroxy-2-(4-hydroxyphenyl)-2,3-dihydro-4H-chromen-4-one"
CHEBI:28819,CHEBI:28819,Naringin,MAPPED,naringin,CHEBI,EXACT_MATCH,0,0,"(2S)-5-hydroxy-2-(4-hydroxyphenyl)-4-oxo-3,4-dihydro-2H-chromen-7-yl 2-O-(6-deoxy-alpha-L-mannopyranosyl)-beta-D-glucopyranoside"
kgmicrobe.ingredient:natural_sea_water,ENVO:00002149,Natural sea water,MAPPED,sea water,ENVO,CLOSE_MATCH,54,54,
CHEBI:75221,CHEBI:75221,NaVO3,MAPPED,sodium metavanadate,CHEBI,EXACT_MATCH,7,7,"Sodium trioxovanadate|Vanadic acid, monosodium salt|sodium metavanadate|sodium oxido(dioxo)vanadium"
CHEBI:132095,CHEBI:132095,NaVO3 x H2O,MAPPED,sodium metavanadate hydrate,CHEBI,EXACT_MATCH,21,21,NaVO3.H2O|sodium metavanadate hydrate|sodium metavanadate monohydrate|sodium vanadate hydrate|sodium vanadate monohydrate|NaVO3 x n H2O|sodium oxido(dioxo)vanadium--water (1/1)
CHEBI:7507,CHEBI:7507,Neomycin,MAPPED,neomycin,CHEBI,EXACT_MATCH,2,2,
kgmicrobe.compound:neomycin_trisulfate_salt_hydrate,CHEBI:31635,Neomycin trisulfate salt hydrate,MAPPED,neomycin sulfate,CHEBI,CLOSE_MATCH,0,0,
CHEBI:29452,CHEBI:29452,Nerol,MAPPED,nerol,CHEBI,EXACT_MATCH,0,0,"(2Z)-3,7-dimethylocta-2,6-dien-1-ol"
CHEBI:7524,CHEBI:7524,Nerolidol,MAPPED,nerolidol,CHEBI,EXACT_MATCH,0,0,"3,7,11-trimethyldodeca-1,6,10-trien-3-ol"
CHEBI:91241,CHEBI:91241,NH4-oxalate,MAPPED,ammonium oxalate,CHEBI,EXACT_MATCH,5,5,"Diammonium oxalate|Ethanedioic acid diammonium salt|Oxalic acid, diammonium salt|ammonium oxalate|bisammonium ethanedioate"
CHEBI:63076,CHEBI:63076,(NH4)2 citrate,MAPPED,diammonium citrate,CHEBI,EXACT_MATCH,63,63,"2-Hydroxy-1,2,3-propanetricarboxylic acid, diammonium salt|Ammonium citrate, dibasic|Ammonium monohydrogen citrate|Ammonium monohydrogencitrate|Diammonium Citrate|Diammonium hydrogen citrate|Dibasic ammonium citrate|Microstop|ammonium citrate dibasic|ammonium hydrogen citrate|citric acid diammonium salt|diammonium 3-carboxy-3-hydroxypentanedioate"
CHEBI:63051,CHEBI:63051,(NH4)2HPO4,MAPPED,diammonium hydrogen phosphate,CHEBI,EXACT_MATCH,35,35,(NH4)2HPO4(Fisher A686)|Original amount: (NH4)2HPO4(Fisher A686)|diazanium hydrogen phosphate
CHEBI:86149,CHEBI:86149,(NH4)2Ni(SO4)2,MAPPED,ammonium nickel sulfate hexahydrate,CHEBI,SYNONYM_MATCH,150,150,(NH4)2Ni(SO4)2•6H2O|ammonium nickel(2+) sulfate--water (2/1/2/6)
CHEBI:86149,CHEBI:86149,(NH4)2Ni(SO4)2 x 6 H2O,MAPPED,ammonium nickel sulfate hexahydrate,CHEBI,EXACT_MATCH,150,150,(NH4)2Ni(SO4)2 x 6 H2O (0.1% w/v)|(NH4)2Ni(SO4)2.6H2O|(NH4)2Ni(SO4)2·6H2O|(NH4)2Ni(SO4)2・6H2O|Ammonium nickel(2+) sulfate hexahydrate|Diammonium nickel disulfate hexahydrate|Nickel ammonium sulfate hexahydrate|Nickel diammonium disulfate hexahydrate|ammonium nickel sulfate hexahydrate|ammonium nickel(II) sulfate hexahydrate|(NH4)2Ni(SO4)2•6H2O|(NH4)2Ni(SO4)2|ammonium nickel(2+) sulfate--water (2/1/2/6)
CHEBI:62946,CHEBI:62946,(NH4)2SO4,MAPPED,ammonium sulfate,CHEBI,EXACT_MATCH,1807,1807,"(NH4)2 SO4|(NH4)2S4|Ammonium Sulfate|ammonium sulfate (2:1)|ammonium sulphate|diammonium sulfate|diazanium sulfate|mascagnite|sulfuric acid ammonium salt (1:2)|sulfuric acid, diammonium salt|sulphate of ammonia|(NH4)2SO4(Fisher A 702)|Original amount: (NH4)2SO4(Fisher A 702)"
CHEBI:63037,CHEBI:63037,(NH4)3 citrate,MAPPED,triammonium citrate,CHEBI,EXACT_MATCH,64,64,"(NH4) citrate|2-Hydroxy-1,2,3-propanetricarboxylic acid triammonium salt|2-hydroxy-1,2,3-propanetricarboxylic acid, ammonium salt (1:3)|Ammonium citrate (3:1)|Triammonium citrate|ammonium citrate tribasic|citric acid triammonium salt|tri(azaniumyl) 2-hydroxypropane-1,2,3-tricarboxylate|triammonium 2-hydroxypropane-1,2,3-tricarboxylate"
CHEBI:31206,CHEBI:31206,NH4Cl,MAPPED,ammonium chloride,CHEBI,EXACT_MATCH,4665,4665,(NH4)Cl|Ammonium Chloride|Ammoniumchlorid|NH4Cl2|[NH4]Cl|azanium chloride|NH4Cl(CAS: 12125-02-9)|NH4Cl(Fisher A 649-500)|Ammonium chloride (nitrogen source)
CHEBI:62982,CHEBI:62982,NH4H2PO4,MAPPED,ammonium dihydrogen phosphate,CHEBI,EXACT_MATCH,17,17,"(NH4)H2PO4|Ammonium acid phosphate|Ammonium biphosphate|Ammonium diacid phosphate|Ammonium dihydrogen orthophosphate|Ammonium dihydrophosphate|Ammonium monobasic phosphate|Ammonium monophosphate|Ammonium orthophosphate dihydrogen|Dihydrogen ammonium phosphate|Monoammonium acid phosphate|Monoammonium dihydrogen orthophosphate|Monoammonium dihydrogen phosphate|Monoammonium hydrogen phosphate|Monoammonium orthophosphate|Monoammonium phosphate|Monobasic ammonium phosphate|Phosphoric acid, monoammonium salt|Primary ammonium phosphate|ammonium dihydrogen phosphate"
CHEBI:184335,CHEBI:184335,NH4HCO3,MAPPED,Ammonium bicarbonate,CHEBI,EXACT_MATCH,31,31,(NH4)HCO3|Ammonium bicarbonate|azanium;hydrogen carbonate
CHEBI:63038,CHEBI:63038,(NH4)NO3,MAPPED,ammonium nitrate,CHEBI,EXACT_MATCH,301,301,"Ammonium Nitrate|Ammonium nitricum|Ammonium saltpeter|Ammonium(I) nitrate (1:1)|NH4NO3|Nitrate d'ammonium|Nitrate of ammonia|Nitrato amonico|Nitric acid ammonium salt (1:1)|Nitric acid, ammonium salt|NH4NO|NH4NO3(CAS: 6484-52-2)"
CHEBI:53542,CHEBI:53542,Nickel (II) chloride hexahydrate,MAPPED,nickel chloride hexahydrate,CHEBI,CAS_RN_LOOKUP,2992,2991,"Nickel chloride hexahydrate|Nickel dichloride hexahydrate|Nickel(II) chloride, hexahydrate|nickel(II) chloride hexahydrate|nickel chloride--water (1/6)|NiCl2 x 6 H2O"
CHEBI:53437,CHEBI:53437,Nickel (II) sulfate hexahydrate,MAPPED,nickel sulfate hexahydrate,CHEBI,CAS_RN_LOOKUP,54,54,Nickel monosulfate hexahydrate|Nickel sulfate hexahydrate|Nickel sulphate hexahydrate|Nickel(2+) sulfate hexahydrate|Nickel(II) sulfate hexahydrate|Nickelous sulfate hexahydrate|nickel(II) sulphate hexahydrate|nickelous sulphate hexahydrate|nickel(2+) sulfate--water (1/6)|NiSO4 x 6 H2O
CHEBI:34887,CHEBI:34887,NiCl2,MAPPED,nickel dichloride,CHEBI,EXACT_MATCH,440,440,Nickel chloride|nickel chloride|Nickel(II) chloride|nickel(II) chloride|nickel dichloride|NiCl2 ∙ 6 H2O|NiCl2∙6H2O|[NiCl2]|NiCl2 x H2O|NiCl2 . 6H2O|NiCl2 x 2 H2O|NiCl2 x 2H2O|NiCl2 x 5 H2O|NiCl2 x 6 H2O|NiCl2 x 6 H2O (0.1% w/v)|NiCl2 x 6H2O|NiCl2 · 6H2O|NiCl2.6H2O|NiCl2x6H2O|NiCl2·2H2O|NiCl2·6H2O|NiCl2⋅6H2O|NiCl2・5H2O|NiCl2・6H2O|NiCl2・H2O|nickel(2+) chloride
kgmicrobe.compound:nicl2_x_2_h2o,CHEBI:34887,NiCl2 x 2 H2O,MAPPED,nickel dichloride,CHEBI,CLOSE_MATCH,21,20,NiCl2 . 6H2O|NiCl2 x 2H2O|NiCl2 x 5 H2O|NiCl2 x 6 H2O|NiCl2 x 6 H2O (0.1% w/v)|NiCl2 x 6H2O|NiCl2 x H2O|NiCl2 · 6H2O|NiCl2.6H2O|NiCl2x6H2O|NiCl2·2H2O|NiCl2·6H2O|NiCl2⋅6H2O|NiCl2・5H2O|NiCl2・6H2O|NiCl2・H2O|nickel(2+) chloride|nickel(II) chloride
kgmicrobe.compound:nicl2_x_5_h2o,CHEBI:34887,NiCl2 x 5 H2O,MAPPED,nickel dichloride,CHEBI,CLOSE_MATCH,2,2,NiCl2 . 6H2O|NiCl2 x 2 H2O|NiCl2 x 2H2O|NiCl2 x 6 H2O|NiCl2 x 6 H2O (0.1% w/v)|NiCl2 x 6H2O|NiCl2 x H2O|NiCl2 · 6H2O|NiCl2.6H2O|NiCl2x6H2O|NiCl2·2H2O|NiCl2·6H2O|NiCl2⋅6H2O|NiCl2・5H2O|NiCl2・6H2O|NiCl2・H2O|nickel(2+) chloride|nickel(II) chloride
CHEBI:53542,CHEBI:53542,NiCl2 x 6 H2O,REJECTED,nickel chloride hexahydrate,CHEBI,EXACT_MATCH,0,0,NiCl2 . 6H2O|NiCl2 x 2 H2O|NiCl2 x 2H2O|NiCl2 x 5 H2O|NiCl2 x 6 H2O (0.1% w/v)|NiCl2 x 6H2O|NiCl2 x H2O|NiCl2 · 6H2O|NiCl2.6H2O|NiCl2x6H2O|NiCl2·2H2O|NiCl2·6H2O|NiCl2⋅6H2O|NiCl2・5H2O|NiCl2・6H2O|NiCl2・H2O|NiCl2 ∙ 6 H2O|NiCl2∙6H2O|nickel(2+) chloride|nickel(II) chloride
CHEBI:17154,CHEBI:17154,Nicotinamide,MAPPED,nicotinamide,CHEBI,EXACT_MATCH,254,254,Nicotine amide|Niacinamide|3-carbamoylpyridine|3-pyridinecarboxamide|Nicotinamid|Nicotinic acid amide|Nicotinsaeureamid|Nikotinamid|Nikotinsaeureamid|Vitamin PP|beta-pyridinecarboxamide|m-(aminocarbonyl)pyridine|niamide|nicotinamida|nicotinamidum|nicotine acid amide|nicotinic amide|nicotylamide|pyridine-3-carboxamide|pyridine-3-carboxylic acid amide|Nicotinamide (Niacinamide)
CHEBI:89640,CHEBI:89640,Nicotinamide N-oxide,MAPPED,Nicotinamide N-oxide,CHEBI,EXACT_MATCH,0,0,
CHEBI:15940,CHEBI:15940,Nicotinic acid,MAPPED,nicotinic acid,CHEBI,EXACT_MATCH,2222,2221,Nicotinate|Niacin|3-Pyridylcarboxylic acid|3-carboxylpyridine|3-carboxypyridine|3-pyridinecarboxylic acid|Niacor|Niaspan|Nicotinic acid (PP)|Nicotinsaure|Nikotinsaeure|P.P. factor|PP factor|acide nicotinique|acido nicotinico|acidum nicotinicum|anti-pellagra vitamin|beta-pyridinecarboxylic acid|m-pyridinecarboxylic acid|pellagra preventive factor|pyridine-3-carboxylic acid
cas:28643-80-3,CHEBI:201444,Nigericin sodium salt,MAPPED,Nigericin sodium,CHEBI,NARROW_MATCH,0,0,"sodium;(2R)-2-[(2R,3S,6R)-6-[[(2S,4R,5R,6R,7R,9R)-2-[(2R,5S)-5-[(2R,3S,5R)-5-[(2S,3S,5R,6R)-6-hydroxy-6-(hydroxymethyl)-3,5-dimethyloxan-2-yl]-3-methyloxolan-2-yl]-5-methyloxolan-2-yl]-7-methoxy-2,4,6-trimethyl-1,10-dioxaspiro[4.5]decan-9-yl]methyl]-3-methyloxan-2-yl]propanoate"
CHEBI:71629,CHEBI:71629,Nisin,MAPPED,nisin,CHEBI,EXACT_MATCH,0,0,"N-{[(1S,4S,7S,8S,11R,14S,17R,20S)-7-{[N(2)-({(3R,9S,12S,15S,21S,22S)-21-[(N(2)-{[(6R,9S,10S,15aS)-10-({[(3R,6S,12S,15S)-12-[(2S)-butan-2-yl]-6-isobutyl-15-{[(2Z)-2-(L-isoleucylamino)but-2-enoyl]amino}-9-methylene-5,8,11,14-tetraoxo-1-thia-4,7,10,13-tetraazacyclohexadecan-3-yl]carbonyl}amino)-9-methyl-1,4,11-trioxododecahydro-1H,9H-pyrrolo[2,1-i][1,4,7,10]thiatriazacyclotridecin-6-yl]carbonyl}-L-lysyl)amino]-12-isobutyl-15,22-dimethyl-9-[2-(methylsulfanyl)ethyl]-5,8,11,14,17,20-hexaoxo-1-thia-4,7,10,13,16,19-hexaazacyclodocosan-3-yl}carbonyl)-L-asparaginyl-L-methionyl-L-lysyl]amino}-14-(1H-imidazol-5-ylmethyl)-4,8,20-trimethyl-3,6,12,15,21-pentaoxo-9,19-dithia-2,5,13,16,22-pentaazabicyclo[9.9.2]docos-17-yl]carbonyl}-L-seryl-L-isoleucyl-L-histidyl-N-(3-{[(1S)-5-amino-1-carboxypentyl]amino}-3-oxoprop-1-en-2-yl)-L-valinamide"
CHEBI:53437,CHEBI:53437,NiSO4 x 6 H2O,REJECTED,nickel sulfate hexahydrate,CHEBI,EXACT_MATCH,0,0,NiSO4 . 6H2O|NiSO4 x 7 H2O|NiSO4·6H2O|NiSO4・6H2O|NiSO4・7H2O|nickel(2+) sulfate
CHEBI:53504,CHEBI:53504,NiSO4 x 7 H2O,MAPPED,nickel sulfate heptahydrate,CHEBI,EXACT_MATCH,9,9,NiSO4 . 6H2O|NiSO4 x 6 H2O|NiSO4·6H2O|NiSO4・6H2O|NiSO4・7H2O|nickel(2+) sulfate
CHEBI:25548,CHEBI:25548,Nitrilotriacetate,MAPPED,nitrilotriacetate(3-),CHEBI,SYNONYM_MATCH,14,14,"2,2',2''-nitrilotriacetate|Nitrilotriacetate (NTA)"
CHEBI:44557,CHEBI:44557,Nitrilotriacetic acid,MAPPED,nitrilotriacetic acid,CHEBI,EXACT_MATCH,1348,1348,"Complexon I|H3nta|Komplexon I|N(CH2-COOH)3|N,N-bis(carboxymethyl)glycine|Nitrilotriacetic acid (NTA)|Nitrilotriessigsaeure|Triglycollamic acid|Trilon A|alpha,alpha',alpha''-trimethylaminetricarboxylic acid|nitrilo-2,2',2''-triacetic acid|tri(carboxymethyl)amine|triglycine"
cas:15467-20-6,CHEBI:44557,Nitrilotriacetic acid disodium salt,MAPPED,nitrilotriacetic acid,CHEBI,NARROW_MATCH,7,7,"N,N-bis(carboxymethyl)glycine"
CHEBI:71415,CHEBI:71415,Nitrofurantoin,MAPPED,nitrofurantoin,CHEBI,EXACT_MATCH,0,0,"1-{[(5-nitro-2-furyl)methylene]amino}imidazolidine-2,4-dione"
CHEBI:44368,CHEBI:44368,Nitrofurazone,MAPPED,nitrofurazone,CHEBI,EXACT_MATCH,0,0,2-[(5-nitro-2-furyl)methylene]hydrazinecarboxamide
CHEBI:17997,CHEBI:17997,Nitrogen gas,MAPPED,dinitrogen,CHEBI,EXACT_MATCH,1109,980,N2|dinitrogen|Nitrogen|Nitrogen (gas)|#N2|N#N|N(2)|molecular nitrogen
CHEBI:17045,CHEBI:17045,nitrous oxide,MAPPED,dinitrogen oxide,CHEBI,CAS_RN_LOOKUP,3,3,N2O|#N2O|oxidodinitrogen(N--N)
CHEBI:7602,CHEBI:7602,Nobiletin,MAPPED,nobiletin,CHEBI,EXACT_MATCH,0,0,"2-(3,4-dimethoxyphenyl)-5,6,7,8-tetramethoxy-4H-1-benzopyran-4-one"
CHEBI:219652,CHEBI:219652,nocamycin,MAPPED,Nocamycin,CHEBI,EXACT_MATCH,0,0,"methyl 2-[3-[(3E,5E)-7-(2,4-dioxopyrrolidin-3-ylidene)-7-hydroxy-4-methylhepta-3,5-dien-2-yl]-1,4-dimethyl-6-oxospiro[2,9-dioxabicyclo[3.3.1]nonane-8,3'-oxirane]-2'-yl]propanoate"
mesh:C005642,mesh:C005642,Noformicin,MAPPED,noformicin,MESH,EXACT_MATCH,0,0,
CHEBI:29019,CHEBI:29019,Nonanoic acid,MAPPED,nonanoic acid,CHEBI,EXACT_MATCH,0,0,Pelargonic acid
CHEBI:73468,CHEBI:73468,Nordihydroguaretic Acid,MAPPED,masoprocol,CHEBI,EXACT_MATCH,0,0,"4-[(2R,3S)-4-(3,4-dihydroxyphenyl)-2,3-dimethylbutyl]benzene-1,2-diol"
CHEBI:100246,CHEBI:100246,Norfloxacin,MAPPED,norfloxacin,CHEBI,EXACT_MATCH,0,0,"1-ethyl-6-fluoro-4-oxo-7-(piperazin-1-yl)-1,4-dihydroquinoline-3-carboxylic acid"
CHEBI:109895,CHEBI:109895,Norharman,MAPPED,beta-carboline,CHEBI,CAS_RN_LOOKUP,0,0,9H-beta-carboline
CHEBI:31924,CHEBI:31924,Novobiocin sodium salt,MAPPED,Novobiocin sodium,CHEBI,CAS_RN_LOOKUP,0,0,
CHEBI:39054,CHEBI:39054,NTA,MAPPED,NTA,CHEBI,EXACT_MATCH,4,4,
MICRO:0000082,MICRO:0000082,Nutrient broth No. 2,MAPPED,nutrient broth,MICRO,EXACT_MATCH,53,53,Nutrient Broth (OXOID)|Nutrient Broth (BD cat 234000)|Nutrient Broth (Difco)|Nutrient broth (BD Difco)|Nutrient broth (BD-Difco)|Nutrient broth (NB) (Difco)
CHEBI:17553,CHEBI:17553,O-Phosphoryl-Ethanolamine,MAPPED,O-phosphoethanolamine,CHEBI,CAS_RN_LOOKUP,0,0,2-aminoethyl dihydrogen phosphate
mesh:C000366,mesh:C000366,O Carbamyl D Serine,MAPPED,O-carbamylserine,MESH,EXACT_MATCH,0,0,O-carbamyl-D-serine
FOODON:03301312,FOODON:03301312,Oat flour B-glucan,MAPPED,oat flour,FOODON,LEXICAL_MATCH,0,0,
NCIT:C29298,NCIT:C29298,Oatmeal,MAPPED,Oatmeal Powder,NCIT,EXACT_MATCH,18,18,Oatmeal (Quaker White Oats)
CHEBI:17590,CHEBI:17590,octane,MAPPED,octane,CHEBI,EXACT_MATCH,0,0,
CHEBI:28837,CHEBI:28837,Octanoic acid,MAPPED,octanoic acid,CHEBI,EXACT_MATCH,0,0,Caprylic acid
CHEBI:37868,CHEBI:37868,octanol,MAPPED,octanol,CHEBI,EXACT_MATCH,0,0,
CHEBI:7731,CHEBI:7731,Ofloxacin,MAPPED,ofloxacin,CHEBI,EXACT_MATCH,0,0,"rac-9-fluoro-3-methyl-10-(4-methylpiperazin-1-yl)-7-oxo-2,3-dihydro-7H-[1,4]oxazino[2,3,4-ij]quinoline-6-carboxylic acid"
CHEBI:16196,CHEBI:16196,Oleic acid,MAPPED,oleic acid,CHEBI,EXACT_MATCH,17,17,(9Z)-Octadecenoic acid|(9Z)-octadec-9-enoic acid|(Z)-Octadec-9-enoic acid|18:1 n-9|18:1Delta9cis|C18:1 n-9|FA 18:1|Oelsaeure|cis-9-octadecenoic acid|cis-Delta(9)-octadecenoic acid|cis-oleic acid|Octadec-9-enoic acid
CHEBI:16742,CHEBI:16742,Orotic acid,MAPPED,orotic acid,CHEBI,CAS_RN_LOOKUP,6,6,"2,6-dioxo-1,2,3,6-tetrahydropyrimidine-4-carboxylic acid|Orotsaeure|Uracil-6-carboxylic acid"
CHEBI:52134,CHEBI:52134,Oxacillin sodium salt,MAPPED,oxacillin sodium,CHEBI,CAS_RN_LOOKUP,0,0,"sodium 2,2-dimethyl-6beta-(5-methyl-3-phenyl-1,2-oxazole-4-carboxamido)penam-3alpha-carboxylate"
CHEBI:16995,CHEBI:16995,Oxalic Acid,MAPPED,oxalic acid,CHEBI,EXACT_MATCH,0,0,
CHEBI:30744,CHEBI:30744,Oxaloacetic acid,MAPPED,oxaloacetic acid,CHEBI,EXACT_MATCH,0,0,oxaloacetate|2-Oxobutanedioic acid
CHEBI:29081,CHEBI:29081,Oxedrine,MAPPED,synephrine,CHEBI,CAS_RN_LOOKUP,0,0,1-(4-Hydroxyphenyl)-2-(methylamino)ethanol
CHEBI:132646,CHEBI:132646,Oxonitine,MAPPED,oxonitine,CHEBI,EXACT_MATCH,0,0,"8-(acetyloxy)-20-formyl-3,13,15alpha-trihydroxy-1alpha,6alpha,16beta-trimethoxy-4-(methoxymethyl)aconitan-14alpha-yl benzoate"
CHEBI:2672,CHEBI:2672,Oxymatrine,MAPPED,Ammothamnine,CHEBI,CAS_RN_LOOKUP,0,0,
CHEBI:31953,CHEBI:31953,Oxytetracycline hydrochloride,MAPPED,Oxytetracycline hydrochloride,CHEBI,EXACT_MATCH,0,0,
CHEBI:32374,CHEBI:32374,p-Coumaric acid,MAPPED,trans-4-coumaric acid,CHEBI,CAS_RN_LOOKUP,0,0,(2E)-3-(4-hydroxyphenyl)prop-2-enoic acid
CHEBI:30753,CHEBI:30753,p-Aminobenzoic acid,MAPPED,4-aminobenzoic acid,CHEBI,EXACT_MATCH,2270,2269,1-Amino-4-carboxybenzene|4-Amino-benzoic acid|4-Aminobenzoesaeure|4-Carboxyaniline|4-Carboxyphenylamine|ABEE|PABA|Para-aminobenzoic acid|gamma-Aminobenzoic acid|p--Aminobenzoic acid|p-Aminobenzoesaeure|p-carboxyaniline|p-carboxyphenylamine|4-Aminobenzoic Acid|p-Amino Benzoic Acid
CHEBI:17879,CHEBI:17879,p-Hydroxybenzoate,MAPPED,4-hydroxybenzoate,CHEBI,EXACT_MATCH,6,6,4-hydroxybenzoate
cas:64309-00-8,cas:64309-00-8,p-lacto-N-neo-hexaose,MAPPED,p-lacto-N-neo-hexaose,CAS,FALLBACK_REGISTRY,0,0,
cas:100037-69-2,cas:100037-69-2,PIPES sesquisodium salt,MAPPED,PIPES sesquisodium salt,CAS,FALLBACK_REGISTRY,36,36,
CHEBI:45863,CHEBI:45863,Paclitaxel,MAPPED,paclitaxel,CHEBI,EXACT_MATCH,0,0,"4alpha,10beta-bis(acetyloxy)-13alpha-[(2S,3S)-3-benzamido-2-hydroxy-3-phenylpropanoyloxy]-1,7beta-dihydroxy-9-oxo-5beta,20-epoxytax-11-en-2alpha-yl benzoate"
mesh:D010142,mesh:D010142,Pactamycin,MAPPED,Pactamycin,MESH,EXACT_MATCH,0,0,
CHEBI:69581,CHEBI:69581,Paeonol,MAPPED,Paeonol,CHEBI,EXACT_MATCH,0,0,
cas:343336-76-5,CHEBI:18394,palatinose hydrate,MAPPED,6-O-alpha-D-glucopyranosyl-D-fructofuranose,CHEBI,CLOSE_MATCH,0,0,
CHEBI:53434,CHEBI:53434,Palladium(II) chloride,MAPPED,palladium(II) chloride,CHEBI,EXACT_MATCH,0,0,Palladium chloride
CHEBI:16096,CHEBI:16096,Palmatine,MAPPED,palmatine,CHEBI,EXACT_MATCH,0,0,"2,3,9,10-tetramethoxy-5,6-dihydroisoquino[3,2-a]isoquinolinium"
cas:10605-02-4,cas:10605-02-4,Palmatine chloride,MAPPED,Palmatine chloride,CAS,FALLBACK_REGISTRY,0,0,
CHEBI:15756,CHEBI:15756,Palmitic acid,MAPPED,hexadecanoic acid,CHEBI,CAS_RN_LOOKUP,0,0,
mesh:C024500,mesh:C024500,Pamamycin,MAPPED,pamamycin,MESH,EXACT_MATCH,0,0,
CHEBI:16454,CHEBI:16454,Pantothenate,MAPPED,pantothenate,CHEBI,EXACT_MATCH,36,36,"3-(2,4-dihydroxy-3,3-dimethylbutanamido)propanoate|N-(2,4-dihydroxy-3,3-dimethylbutanoyl)-beta-alaninate"
CHEBI:7916,CHEBI:7916,Pantothenic acid,MAPPED,pantothenic acid,CHEBI,EXACT_MATCH,126,126,"3-(2,4-dihydroxy-3,3-dimethylbutanamido)propanoic acid|DL-Pantothenic acid|N-(2,4-dihydroxy-3,3-dimethylbutanoyl)-beta-alanine"
CHEBI:27565,CHEBI:27565,para-aminosalicylic acid,MAPPED,4-aminosalicylic acid,CHEBI,CAS_RN_LOOKUP,0,0,4-amino-2-hydroxybenzoic acid
CHEBI:74661,CHEBI:74661,Parabanic Acid,MAPPED,parabanic acid,CHEBI,EXACT_MATCH,0,0,"imidazolidine-2,4,5-trione"
cas:7424-00-2,CHEBI:110187,Parachlorophenylalanine,MAPPED,2-amino-3-(4-chlorophenyl)propanoic acid,CHEBI,SYNONYM_MATCH,0,0,
CHEBI:28786,CHEBI:28786,Paraquat dichloride,MAPPED,paraquat dichloride,CHEBI,EXACT_MATCH,0,0,"Paraquat|1,1'-dimethyl-[4,4'-bipyridin]-1,1'-diium dichloride"
CHEBI:7935,CHEBI:7935,Paromomycin sulfate salt,MAPPED,paromomycin sulfate,CHEBI,CAS_RN_LOOKUP,0,0,"(1R,2R,3S,4R,6S)-4,6-diamino-2-{[3-O-(2,6-diamino-2,6-dideoxy-beta-L-idopyranosyl)-beta-D-ribofuranosyl]oxy}-3-hydroxycyclohexyl 2-amino-2-deoxy-alpha-D-glucopyranoside sulfate"
CHEBI:7939,CHEBI:7939,Parthenolide,MAPPED,parthenolide,CHEBI,EXACT_MATCH,0,0,"(1aR,4E,7aS,10aS,10bR)-1a,5-dimethyl-8-methylidene-2,3,6,7,7a,8,10a,10b-octahydrooxireno[9,10]cyclodeca[1,2-b]furan-9(1aH)-one"
kgmicrobe.ingredient:pasteurized_seawater,ENVO:00002149,Pasteurized Seawater,MAPPED,sea water,ENVO,CLOSE_MATCH,19,19,
NCIT:C72056,NCIT:C72056,Pea,MAPPED,Pea,NCIT,EXACT_MATCH,2,2,Pea(add after dH2O)
CHEBI:17309,CHEBI:17309,Pectin,MAPPED,pectin,CHEBI,EXACT_MATCH,13,13,"Pektin|Pektine|Poly(1,4-alpha-D-galacturonide)|pectic substance|pectina|pectinas|pectine|pectines|pectins|poly[(1->4)-alpha-D-GalpA]"
cas:133108-87-9,cas:133108-87-9,Pediocin,MAPPED,Pediocin,CAS,FALLBACK_REGISTRY,0,0,Pediocin from Pediococcus acidilactici
CHEBI:17334,CHEBI:17334,Penicillin,MAPPED,penicillin,CHEBI,EXACT_MATCH,5,5,penicillins
CHEBI:51765,CHEBI:51765,Penicillin g,MAPPED,benzylpenicillin sodium,CHEBI,CAS_RN_LOOKUP,3,3,"sodium 2,2-dimethyl-6beta-(phenylacetamido)penam-3alpha-carboxylate|Penicillin G (Parke)"
CHEBI:17642,CHEBI:17642,Pentachlorophenol,MAPPED,pentachlorophenol,CHEBI,EXACT_MATCH,2,2,
cas:15091-98-2,FOODON:03530244,Pentasodium tripolyphosphate hexahydrate,MAPPED,sodium tripolyphosphate,FOODON,NARROW_MATCH,0,0,
MICRO:0000178,MICRO:0000178,Peptone,MAPPED,peptone,MICRO,EXACT_MATCH,2255,2251,Peptones|Peptone (0.01 %
CHEBI:36999,CHEBI:36999,Perillic Acid (-),MAPPED,perillic acid,CHEBI,EXACT_MATCH,0,0,4-(prop-1-en-2-yl)cyclohex-1-ene-1-carboxylic acid
CHEBI:15420,CHEBI:15420,Perillyl Alcohol,MAPPED,perillyl alcohol,CHEBI,EXACT_MATCH,0,0,[4-(prop-1-en-2-yl)cyclohex-1-en-1-yl]methanol
CHEBI:25941,CHEBI:25941,peroxynitrite,MAPPED,peroxynitrite,CHEBI,EXACT_MATCH,0,0,azoperoxoite|oxidoperoxidonitrate(1-)
cas:578-72-3,cas:578-72-3,Peucenin,MAPPED,Peucenin,CAS,FALLBACK_REGISTRY,0,0,
CHEBI:62412,CHEBI:62412,Phenazine-1-carboxylic acid,MAPPED,phenazine-1-carboxylic acid,CHEBI,EXACT_MATCH,0,0,PCA
cas:10510-77-7,cas:10510-77-7,Phenazine ethosulfate,MAPPED,Phenazine ethosulfate,CAS,FALLBACK_REGISTRY,0,0,
CHEBI:8055,CHEBI:8055,Phenazine methosulfate,MAPPED,5-methylphenazinium methyl sulfate,CHEBI,CAS_RN_LOOKUP,0,0,5-methylphenazin-5-ium methyl sulfate
CHEBI:18397,CHEBI:18397,2-phenylethylamine,MAPPED,2-phenylethylamine,CHEBI,CAS_RN_LOOKUP,0,0,2-phenylethanamine|Phenethylamine Hydrochloride|Beta-phenylethylamine
CHEBI:15882,CHEBI:15882,Phenol,MAPPED,phenol,CHEBI,EXACT_MATCH,7,7,Benzenol|Carbolsaeure|Hydroxybenzene|Karbolsaeure|Oxybenzene|PhOH|Phenic acid|Phenylic acid|Phenylic alcohol|acide carbolique|acide phenique|carbolic acid
CHEBI:31991,CHEBI:31991,Phenol red,MAPPED,phenol red,CHEBI,EXACT_MATCH,113,113,"3,3-bis(p-hydroxyphenyl)-3H-2,1-benzoxathiole 1,1-dioxide|4,4'-(1,1-dioxido-3H-2,1-benzoxathiole-3,3-diyl)diphenol|4,4'-(3H-2,1-benzoxathiol-3-ylidene)bisphenol S,S-dioxide|PSP|Phenolsulfonphthalein|alpha-hydroxy-alpha,alpha-bis(p-hydroxyphenyl)-o-toluenesulfonic acid gamma-sultone|Phenol red (0.04%)|Phenol red (0.1% aqueous)"
CHEBI:8075,CHEBI:8075,Phenoxyacetic acid,MAPPED,phenoxyacetic acid,CHEBI,EXACT_MATCH,0,0,
CHEBI:30745,CHEBI:30745,Phenyl acetic acid,MAPPED,phenylacetic acid,CHEBI,EXACT_MATCH,6,6,
CHEBI:28631,CHEBI:28631,Phenyl propionic acid,MAPPED,3-phenylpropionic acid,CHEBI,EXACT_MATCH,6,6,3-Phenylpropanoic acid
CHEBI:51402,CHEBI:51402,Phenylenediamine,MAPPED,phenylenediamine,CHEBI,EXACT_MATCH,0,0,benzenediamine
CHEBI:75044,CHEBI:75044,Phleomycin,MAPPED,phleomycin,CHEBI,EXACT_MATCH,0,0,
CHEBI:17276,CHEBI:17276,Phloretin,MAPPED,phloretin,CHEBI,EXACT_MATCH,0,0,"3-(4-hydroxyphenyl)-1-(2,4,6-trihydroxyphenyl)propan-1-one"
CHEBI:8113,CHEBI:8113,Phloridzin,MAPPED,phlorizin,CHEBI,CAS_RN_LOOKUP,0,0,"3,5-dihydroxy-2-[3-(4-hydroxyphenyl)propanoyl]phenyl beta-D-glucopyranoside"
kgmicrobe.compound:phoslactomycin,kgmicrobe.compound:phoslactomycin,Phoslactomycin,MAPPED,Phoslactomycin,kgmicrobe.compound,PLACEHOLDER,0,0,
NCIT:C29321,NCIT:C29321,Phosphate buffer,MAPPED,Phosphate Buffer,NCIT,EXACT_MATCH,10,10,
kgmicrobe.ingredient:phosphate_buffer_stock_solution,NCIT:C29321,Phosphate Buffer Stock Solution,MAPPED,Phosphate Buffer,NCIT,CLOSE_MATCH,1,1,
cas:26016-99-9,cas:26016-99-9,Phosphomycin disodium salt,MAPPED,Phosphomycin disodium salt,CAS,FALLBACK_REGISTRY,0,0,
CHEBI:36361,CHEBI:36361,phosphorous acid,MAPPED,phosphorous acid,CHEBI,EXACT_MATCH,0,0,trihydrogen trioxophosphate(3-)|trihydroxidophosphorus|trioxophosphoric(3-) acid
kgmicrobe.compound:phyllomycin,kgmicrobe.compound:phyllomycin,Phyllomycin,MAPPED,Phyllomycin,kgmicrobe.compound,PLACEHOLDER,0,0,
CHEBI:38167,CHEBI:38167,Physcion,MAPPED,physcion,CHEBI,EXACT_MATCH,0,0,"1,8-dihydroxy-3-methoxy-6-methylanthracene-9,10-dione"
CHEBI:28747,CHEBI:28747,Picolinic acid,MAPPED,picolinic acid,CHEBI,EXACT_MATCH,0,0,PYRIDINE-2-CARBOXYLIC ACID
CHEBI:75251,CHEBI:75251,Picropodophyllin,MAPPED,picropodophyllotoxin,CHEBI,CAS_RN_LOOKUP,0,0,"(5R,5aS,8aR,9R)-9-hydroxy-5-(3,4,5-trimethoxyphenyl)-5,8,8a,9-tetrahydrofuro[3',4':6,7]naphtho[2,3-d][1,3]dioxol-6(5aH)-one"
CHEBI:8206,CHEBI:8206,Picrotoxinin,MAPPED,picrotoxinin,CHEBI,EXACT_MATCH,0,0,"(1R,3R,5S,8S,9R,12S,13R,14R)-1-hydroxy-13-methyl-14-(prop-1-en-2-yl)-4,7,10-trioxapentacyclo[6.4.1.1(9,12).0(3,5).0(5,13)]tetradecane-6,11-dione"
kgmicrobe.compound:piericidin,kgmicrobe.compound:piericidin,Piericidin,MAPPED,Piericidin,kgmicrobe.compound,PLACEHOLDER,0,0,
CHEBI:30531,CHEBI:30531,Pimelic acid,MAPPED,pimelic acid,CHEBI,EXACT_MATCH,0,0,heptanedioic acid
CHEBI:8213,CHEBI:8213,Pimpinellin,MAPPED,Pimpinellin,CHEBI,EXACT_MATCH,0,0,
CHEBI:17187,CHEBI:17187,pinene,MAPPED,pinene,CHEBI,EXACT_MATCH,0,0,alpha-Pinene
CHEBI:8233,CHEBI:8233,Piperacillin sodium salt,MAPPED,piperacillin sodium,CHEBI,CAS_RN_LOOKUP,0,0,"sodium 6beta-{(2R)-2-[(4-ethyl-2,3-dioxopiperazin-1-yl)carboxamido]-2-phenylacetamido}-2,2-dimethylpenam-3alpha-carboxylate"
cas:5285-18-7,mesh:C017637,Piperic acid,MAPPED,piperic acid,MESH,NARROW_MATCH,0,0,
CHEBI:28821,CHEBI:28821,Piperine,MAPPED,piperine,CHEBI,EXACT_MATCH,0,0,"1-[(2E,4E)-5-(1,3-benzodioxol-5-yl)penta-2,4-dienoyl]piperidine"
CHEBI:39033,CHEBI:39033,PIPES,MAPPED,PIPES,CHEBI,EXACT_MATCH,103,103,
CHEBI:8241,CHEBI:8241,Piplartine,MAPPED,Piplartine,CHEBI,EXACT_MATCH,0,0,
ENVO:06105101,ENVO:06105101,Plastic,MAPPED,plastic,ENVO,EXACT_MATCH,0,0,
cas:13454-96-1,cas:13454-96-1,platinum (IV) chloride,MAPPED,platinum (IV) chloride,CAS,FALLBACK_REGISTRY,0,0,
mesh:C000633628,mesh:C000633628,Plicacetin,MAPPED,plicacetin,MESH,EXACT_MATCH,0,0,
CHEBI:8273,CHEBI:8273,Plumbagin,MAPPED,plumbagin,CHEBI,EXACT_MATCH,0,0,"5-hydroxy-2-methylnaphthalene-1,4-dione"
mesh:C096638,mesh:C096638,Plumbemycin A,MAPPED,plumbemycin A,MESH,EXACT_MATCH,0,0,
mesh:C096639,mesh:C096639,Plumbemycin B,MAPPED,plumbemycin B,MESH,EXACT_MATCH,0,0,
kgmicrobe.compound:pluramycin_a,mesh:C003169,Pluramycin A,MAPPED,pluramycin,MESH,NARROW_MATCH,0,0,
cas:29435-48-1,CHEBI:20067,Poly(3-hydroxybutyric acid),MAPPED,3-hydroxybutyric acid,CHEBI,NARROW_MATCH,0,0,3-hydroxybutanoic acid
CHEBI:61490,CHEBI:61490,poly(L-lysine) polymer,MAPPED,poly(L-lysine) polymer,CHEBI,EXACT_MATCH,0,0,Poly L Lysine Polymer|poly(L-lysine)
CHEBI:53389,CHEBI:53389,Poly(3-hydroxybutyrate),MAPPED,poly(3-hydroxybutyrate),CHEBI,EXACT_MATCH,3,3,"3-Hydroxybutanoic acid homopolymer|P3HB|poly(3-hydroxy butyrate)|poly-3-hydroxy butyrate|poly-3-hydroxybutyrate|poly[oxy(1-methyl-3-oxopropane-1,3-diyl)]|polyhydroxybutyrate"
CHEBI:61490,CHEBI:61490,Poly L Lysine Polymer,REJECTED,poly(L-lysine) polymer,CHEBI,EXACT_MATCH,0,0,poly(L-lysine) polymer|poly(L-lysine)
CHEBI:46793,CHEBI:46793,Polyethylene glycol,MAPPED,poly(ethylene glycol),CHEBI,CAS_RN_LOOKUP,0,0,alpha-hydro-omega-hydroxypoly(oxyethylene)|Polyethylene glycol (Mw 106-20000)
CHEBI:62969,CHEBI:62969,polygalacturonic acid,MAPPED,polygalacturonic acid,CHEBI,EXACT_MATCH,0,0,"polygalacturonic acid (ultrapure)|filtered, polygalacturonic acid (ultrapure)|autoclaved, polygalacturonic acid"
cas:9049-37-0,CHEBI:62969,Polygalacturonic acid sodium salt,MAPPED,polygalacturonic acid,CHEBI,NARROW_MATCH,0,0,Sodium pectate
CHEBI:8310,CHEBI:8310,Polymyxin B sulfate,MAPPED,Polymyxin B sulfate,CHEBI,EXACT_MATCH,1,1,
FOODON:03315306,FOODON:03315306,Polypeptone,MAPPED,protein hydrolyzates,FOODON,CLOSE_MATCH,135,135,Polypepton|polypeptone|Polypepton (Nihon Pharm. Co.)|Polypeptone peptone (BD-BBL)|Polypeptone Peptone (BD 211910)|Hipolypepton|Hipolypepton (Nihon seiyaku)|Hipolypepton*|Polypepton (Nihon Seiyaku)|Polypeptone (BBL)
MICRO:0001238,MICRO:0001238,Porcine serum,MAPPED,porcine serum,MICRO,EXACT_MATCH,3,3,
mesh:C038549,mesh:C038549,Porphyran,MAPPED,porphyran,MESH,EXACT_MATCH,0,0,
cas:37199-66-9,cas:37199-66-9,potassium (poly)sulfide,MAPPED,potassium (poly)sulfide,CAS,FALLBACK_REGISTRY,0,0,
cas:138-84-1,cas:138-84-1,Potassium 4-aminobenzoate,MAPPED,Potassium 4-aminobenzoate,CAS,FALLBACK_REGISTRY,0,0,
cas:74978-20-4,NCIT:C83530,Potassium aluminum chloride,MAPPED,Aluminum Chloride,NCIT,NARROW_MATCH,1,1,AlKCl2
cas:1030365-02-6,CHEBI:15584,potassium citramalate monohydrate,MAPPED,citramalic acid,CHEBI,CLOSE_MATCH,0,0,
CHEBI:53444,CHEBI:53444,Potassium dichromate,MAPPED,potassium dichromate,CHEBI,EXACT_MATCH,0,0,dipotassium dichromate|potassium dichromate(2-)|potassium dichromate(VI)
CHEBI:66872,CHEBI:66872,potassium fluoride,MAPPED,potassium fluoride,CHEBI,EXACT_MATCH,5,5,KF|K-F
cas:12208-13-8,cas:12208-13-8,potassium hexahydroxoantimonate,MAPPED,potassium hexahydroxoantimonate,CAS,FALLBACK_REGISTRY,0,0,
cas:6487-48-5,NCIT:C87592,Potassium oxalate monohydrate,MAPPED,Potassium Oxalate,NCIT,NARROW_MATCH,0,0,
kgmicrobe.ingredient:potassium_phosphate_buffer,NCIT:C29321,Potassium phosphate buffer,MAPPED,Phosphate Buffer,NCIT,CLOSE_MATCH,44,44,"Potassium phosphate buffer (0.01 M, pH 7.2)|Potassium phosphate buffer (0.02 M, pH 7.0)|Potassium phosphate buffer (1 M, pH 7.1)|Potassium phosphate buffer* (see below)"
cas:16788-57-1,mesh:C013216,Potassium phosphate dibasic trihydrate,MAPPED,potassium phosphate,MESH,NARROW_MATCH,3,3,
CHEBI:75248,CHEBI:75248,potassium tellurate,MAPPED,potassium tellurite,CHEBI,EXACT_MATCH,0,0,dipotassium tellurite
cas:314041-10-6,CHEBI:30463,potassium tellurate hydrate,MAPPED,telluric acid,CHEBI,CLOSE_MATCH,0,0,
cas:123333-66-4,CHEBI:75248,Potassium tellurite hydrate,MAPPED,potassium tellurite,CHEBI,CLOSE_MATCH,0,0,dipotassium tellurite
FOODON:03302378,FOODON:03302378,Potato flour,MAPPED,potato flour,FOODON,EXACT_MATCH,7,7,
CHEBI:145933,CHEBI:145933,Pravastatin lactone,MAPPED,pravastatin lactone,CHEBI,EXACT_MATCH,0,0,
cas:15870-91-4,cas:15870-91-4,Prenyletin,MAPPED,Prenyletin,CAS,FALLBACK_REGISTRY,0,0,
cas:187235-37-6,NCIT:C166606,Pretomanid,MAPPED,Pretomanid,NCIT,NARROW_MATCH,0,0,
kgmicrobe.compound:primocarcin,kgmicrobe.compound:primocarcin,Primocarcin,MAPPED,Primocarcin,kgmicrobe.compound,PLACEHOLDER,0,0,
CHEBI:8431,CHEBI:8431,Procaine hydrochloride,MAPPED,Procaine hydrochloride,CHEBI,EXACT_MATCH,0,0,
CHEBI:26271,CHEBI:26271,Proline,MAPPED,proline,CHEBI,EXACT_MATCH,23,23,DL-Proline|Hpro|Prolin|pyrrolidine-2-carboxylic acid
CHEBI:28831,CHEBI:28831,Propan-1-ol,MAPPED,propan-1-ol,CHEBI,EXACT_MATCH,0,0,Propanol
CHEBI:15725,CHEBI:15725,Propandiamine,MAPPED,trimethylenediamine,CHEBI,CAS_RN_LOOKUP,0,0,"Propane-1,3-diamine"
CHEBI:51240,CHEBI:51240,Propidium iodide,MAPPED,propidium iodide,CHEBI,EXACT_MATCH,0,0,"3,8-diamino-5-{3-[diethyl(methyl)ammonio]propyl}-6-phenylphenanthridinium diiodide"
CHEBI:30768,CHEBI:30768,Propionic acid,MAPPED,propionic acid,CHEBI,EXACT_MATCH,37,37,CH3-CH2-COOH|PROPANOIC ACID|Propionsaeure|acide propanoique|acide propionique|carboxyethane|ethanecarboxylic acid|ethylformic acid|metacetonic acid|methylacetic acid|propioic acid|propoic acid|pseudoacetic acid
MICRO:0000180,MICRO:0000180,Proteose Peptone,MAPPED,proteose peptone,MICRO,EXACT_MATCH,571,563,Proteose Peptone(BD 211684)|Proteose peptone|Proteose peptone no. 3|Proteose peptone No. 3 (BD-Difco)|Bacto Proteose Peptone No. 3 (Difco)|Proteose peptone no. 2|Proteose peptone (BD-Difco)|Proteose Peptone (Difco no. 3)|Proteose peptone (Difco)|Proteose peptone (BD Difco)|Proteose Peptone No. 3|Bacto Proteose Peptone No.3 (Difco)|Proteose peptone no.3 (Difco)|Proteose peptone No 2 (DIFCO 0121-01-3)|Proteose peptone No. 3 (BD--Difco)|Proteose peptone (BD--Difco)|Peptic digest of animal tissue|Proteose peptone (BD Difico)
MICRO:0002393,MICRO:0002393,Proteose peptone no. 2,MAPPED,Proteose Peptone No. 2,MICRO,EXACT_MATCH,7,7,
CHEBI:50205,CHEBI:50205,Protocatechualdehyde,MAPPED,"3,4-dihydroxybenzaldehyde",CHEBI,CAS_RN_LOOKUP,0,0,
CHEBI:36062,CHEBI:36062,Protocatechuic Acid,MAPPED,"3,4-dihydroxybenzoic acid",CHEBI,CAS_RN_LOOKUP,0,0,
CHEBI:15430,CHEBI:15430,Protoporphyrin,MAPPED,protoporphyrin,CHEBI,EXACT_MATCH,0,0,"Protoporphyrin IX|7,12-diethenyl-3,8,13,17-tetramethylporphyrin-2,18-dipropanoic acid"
CHEBI:88937,CHEBI:88937,Pterin-6-Carboxylic Acid,MAPPED,2-Amino-4-hydroxy-6-pteridinecarboxylic acid,CHEBI,CAS_RN_LOOKUP,0,0,
CHEBI:8630,CHEBI:8630,Pterostilbene,MAPPED,pterostilbene,CHEBI,EXACT_MATCH,0,0,"4-[(E)-2-(3,5-dimethoxyphenyl)ethenyl]phenol"
CHEBI:27941,CHEBI:27941,Pullulan,MAPPED,pullulan,CHEBI,EXACT_MATCH,3,3,
CHEBI:8642,CHEBI:8642,Puromycin dihydrochloride,MAPPED,puromycin dihydrochloride,CHEBI,EXACT_MATCH,0,0,"3'-deoxy-N,N-dimethyl-3'-[(O-methyl-L-tyrosyl)amino]adenosine dihydrochloride"
cas:37331-28-5,mesh:C002076,Pustulan (b-1-6 glucan),MAPPED,pustulan,MESH,NARROW_MATCH,0,0,
CHEBI:17148,CHEBI:17148,Putrescine,MAPPED,putrescine,CHEBI,EXACT_MATCH,8,8,"1,4-Butanediamine|1,4-DIAMINOBUTANE|1,4-butylenediamine|1,4-tetramethylenediamine|Butane-1,4-diamine|H2N(CH2)4NH2|Putrescin|Putreszin|Tetramethylendiamin|Tetramethylenediamine|butylenediamine|putrescina"
cas:333-93-7,CHEBI:201718,Putrescine Dihydrochloride,MAPPED,"1,4-Diaminobutane dihydrochloride",CHEBI,NARROW_MATCH,2,2,"Putrescine|Putrescine 2 HCl|butane-1,4-diamine;dihydrochloride"
CHEBI:8653,CHEBI:8653,Pyocyanin,MAPPED,pyocyanine,CHEBI,CAS_RN_LOOKUP,0,0,5-methylphenazin-5-ium-1-olate
CHEBI:45285,CHEBI:45285,Pyrazinamide,MAPPED,pyrazinecarboxamide,CHEBI,CAS_RN_LOOKUP,0,0,PYRAZINE-2-CARBOXAMIDE
CHEBI:131529,CHEBI:131529,Pyridoxal hydrochloride,MAPPED,pyridoxal hydrochloride,CHEBI,EXACT_MATCH,36,36,"2-Methyl-3-hydroxy-4-formyl-5-hydroxymethylpyridine hydrochloride|3-Hydroxy-5-(hydroxymethyl)-2-methylisonicotinaldehyde, hydrochloride|3-hydroxy-5-(hydroxymethyl)-2-methylpyridine-4-carbaldehyde hydrochloride|4-formyl-3-hydroxy-5-(hydroxymethyl)-2-methylpyridin-1-ium chloride|Pyridoxal HCl|Pyridoxal·HCl|Pyridoxal・HCl|pyridoxal-HCl (Sigma Aldrich)"
CHEBI:18405,CHEBI:18405,Pyridoxal phosphate,MAPPED,pyridoxal 5'-phosphate,CHEBI,EXACT_MATCH,10,10,(4-formyl-5-hydroxy-6-methylpyridin-3-yl)methyl dihydrogen phosphate|3-hydroxy-2-methyl-5-[(phosphonooxy)methyl]-4-pyridinecarboxaldehyde|3-hydroxy-5-(hydroxymethyl)-2-methylisonicotinaldehyde 5-phosphate|PLP|PYRIDOXAL-5'-PHOSPHATE|Phosphoric acid mono-(4-formyl-5-hydroxy-6-methyl-pyridin-3-ylmethyl) ester|Pyridoxal 5-phosphate|codecarboxylase|pyridoxal 5'-(dihydrogen phosphate)|pyridoxal 5-monophosphoric acid ester|pyridoxal-phosphate (Sigma Aldrich)
CHEBI:16410,CHEBI:16410,Pyridoxamine,MAPPED,pyridoxamine,CHEBI,EXACT_MATCH,55,55,4-(AMINOMETHYL)-5-(HYDROXYMETHYL)-2-METHYLPYRIDIN-3-OL
CHEBI:131532,CHEBI:131532,Pyridoxamine Dihydrochloride,MAPPED,pyridoxamine dihydrochloride,CHEBI,EXACT_MATCH,21,20,2-Methyl-3-hydroxy-4-aminomethyl-5-hydroxymethylpyridene dihydrochloride|4-(Aminomethyl)-5-hydroxy-6-methyl-3-pyridinemethanol dihydrochloride|4-(aminomethyl)-5-(hydroxymethyl)-2-methylpyridin-3-ol dihydrochloride|4-(azaniumylmethyl)-3-hydroxy-5-(hydroxymethyl)-2-methylpyridin-1-ium dichloride|Pyridoxamine dichlorohydrate|Pyridoxamine·2HCl|Pyridoxylamine dihydrochloride|pyridoxamine 2HCl|Pyridoxamine . 2HCl|Pyridoxamine・2HCl
CHEBI:131531,CHEBI:131531,Pyridoxamine hydrochloride,MAPPED,pyridoxamine hydrochloride,CHEBI,EXACT_MATCH,112,112,4-(Aminomethyl)-5-hydroxy-6-methyl-3-pyridinemethanol hydrochloride|4-(aminomethyl)-5-(hydroxymethyl)-2-methylpyridin-3-ol hydrochloride|Pyridoxamine HCl|Pyridoxamine-HCl|Pyridoxamine·HCl|[3-hydroxy-5-(hydroxymethyl)-2-methylpyridin-4-yl]methanaminium chloride|pyridoxamine monohydrochloride|Pyridoxamine・HCl
CHEBI:16709,CHEBI:16709,Pyridoxine,MAPPED,pyridoxine,CHEBI,EXACT_MATCH,61,61,"2-Methyl-3-hydroxy-4,5-dihydroxymethyl-pyridin|2-methyl-3-hydroxy-4,5-bis(hydroxymethyl)pyridine|2-methyl-3-hydroxy-4,5-di(hydroxymethyl)pyridine|2-methyl-3-hydroxy-4,5-dihydroxymethylpyridine|2-methyl-4,5-bis(hydroxymethyl)-3-hydroxypyridine|2-methyl-4,5-dimethylol-pyridin-3-ol|3-hydroxy-2-picoline-4,5-dimethanol|3-hydroxy-4,5-bis(hydroxymethyl)-2-methylpyridine|3-hydroxy-4,5-dimethylol-alpha-picoline|4,5-bis(hydroxymethyl)-2-methyl-pyridin-3-ol|4,5-bis(hydroxymethyl)-2-methylpyridin-3-ol|5-hydroxy-6-methyl-3,4-pyridinedimethanol|Pyridoxol|piridossina|pyridoxina|pyridoxinum|pyridoxolum|vitamin B6|Pyridoxin"
CHEBI:30961,CHEBI:30961,Pyridoxine hydrochloride,MAPPED,pyridoxine hydrochloride,CHEBI,EXACT_MATCH,2029,2027,"2-methyl-3-hydroxy-4,5-bis(hydroxymethyl)pyridine hydrochloride|3-hydroxy-4,5-dimethylol-alpha-picoline hydrochloride|4,5-bis(hydroxymethyl)-2-methylpyridin-3-ol hydrochloride|5-hydroxy-6-methyl-3,4-pyridinedimethanol hydrochloride|pyridoxol hydrochloride|Pyridoxine-HCl|Pyridoxine HCl|Pyridoxine·HCl|Pyridoxine・HCl|Pyridoxine-HCl (VitaminB6)|Pyridoxine-HCl (Vitamin B6)|Pyridoxine . HCl|Pyridoxine.HCL"
CHEBI:8673,CHEBI:8673,Pyrimethamine,MAPPED,pyrimethamine,CHEBI,EXACT_MATCH,0,0,"5-(4-chlorophenyl)-6-ethylpyrimidine-2,4-diamine"
CHEBI:86471,CHEBI:86471,Pyrite,MAPPED,pyrite,CHEBI,EXACT_MATCH,0,0,iron(2+) disulfide
CHEBI:18135,CHEBI:18135,Pyrocatechol,MAPPED,catechol,CHEBI,SYNONYM_MATCH,6,6,"1,2-Benzenediol|1,2-Dihydroxybenzene|2-hydroxyphenol|Brenzcatechin|alpha-hydroxyphenol|benzene-1,2-diol|o-Benzenediol|o-hydroxyphenol|pyrocatechin"
CHEBI:16164,CHEBI:16164,Pyrogallol,MAPPED,pyrogallol,CHEBI,EXACT_MATCH,0,0,"benzene-1,2,3-triol"
CHEBI:36751,CHEBI:36751,Pyrrole-2-carboxylic acid,MAPPED,pyrrole-2-carboxylic acid,CHEBI,EXACT_MATCH,19,19,1H-pyrrole-2-carboxylic acid
CHEBI:15361,CHEBI:15361,Pyruvate,MAPPED,pyruvate,CHEBI,EXACT_MATCH,30,30,2-oxopropanoate
CHEBI:32816,CHEBI:32816,Pyruvic acid,MAPPED,pyruvic acid,CHEBI,EXACT_MATCH,6,6,2-Oxopropanoic acid|2-Oxopropansaeure|2-Oxopropionsaeure|2-ketopropionic acid|Acetylformic acid|BTS|Brenztraubensaeure|CH3COCOOH|Pyroracemic acid|acide pyruvique|alpha-Oxopropionsaeure|alpha-ketopropionic acid
CHEBI:8692,CHEBI:8692,Quassin,MAPPED,Quassin,CHEBI,EXACT_MATCH,0,0,
CHEBI:111,CHEBI:111,Quebrachitol,MAPPED,(-)-Quebrachitol,CHEBI,CAS_RN_LOOKUP,0,0,
CHEBI:16243,CHEBI:16243,Quercetin,MAPPED,quercetin,CHEBI,EXACT_MATCH,0,0,"2-(3,4-dihydroxyphenyl)-3,5,7-trihydroxy-4H-chromen-4-one"
CHEBI:26493,CHEBI:26493,Quinic acid,MAPPED,quinic acid,CHEBI,EXACT_MATCH,11,11,
cas:6119-47-7,cas:6119-47-7,Quinine Hdrochloride,MAPPED,Quinine Hdrochloride,CAS,FALLBACK_REGISTRY,0,0,
MICRO:0001229,MICRO:0001229,Rabbit blood,MAPPED,rabbit blood,MICRO,EXACT_MATCH,9,9,Defibrinated rabbit blood
MICRO:0002392,MICRO:0002392,Rabbit serum,MAPPED,rabbit serum,MICRO,EXACT_MATCH,21,21,
CHEBI:139272,CHEBI:139272,rac-3-Hydroxypentanoic Acid,MAPPED,3-hydroxypentanoic acid,CHEBI,EXACT_MATCH,0,0,
kgmicrobe.compound:racemomycin_e,mesh:C019594,Racemomycin E,MAPPED,racemomycin,MESH,NARROW_MATCH,0,0,
CHEBI:556075,CHEBI:556075,Radicicol,MAPPED,radicicol,CHEBI,EXACT_MATCH,0,0,"(1aR,2Z,4E,14R,15aR)-8-chloro-9,11-dihydroxy-14-methyl-1a,14,15,15a-tetrahydro-6H-oxireno[e][2]benzoxacyclotetradecine-6,12(7H)-dione"
CHEBI:16634,CHEBI:16634,Raffinose,MAPPED,raffinose,CHEBI,EXACT_MATCH,8,8,6G-alpha-D-galactosylsucrose|D-raffinose (raffinose)|Gossypose|Melitose|Melitriose|alpha-D-Galp-(1->6)-alpha-D-Glcp-(1<->2)-beta-D-Fruf|alpha-D-galactopyranosyl-(1->6)-alpha-D-glucopyranosyl beta-D-fructofuranoside|beta-D-fructofuranosyl alpha-D-galactopyranosyl-(1->6)-alpha-D-glucopyranoside|rafinose|raflinose
CHEBI:29670,CHEBI:29670,Ramoplanin,MAPPED,Ramoplanin,CHEBI,EXACT_MATCH,0,0,
CHEBI:8806,CHEBI:8806,Resazurin,MAPPED,Resazurin,CHEBI,EXACT_MATCH,3671,3671,"Sodium resazurin|resazurin sodium salt|Sodium resazurin (0.1% w/v)|Resazurin (0,1%)|Resazurin (0.1%)|Resazurin (0.02%)|Resazurin (0.025%)|Resazurin (0.1% w/v in water)|Resazurin (1 mg/L)"
CHEBI:27881,CHEBI:27881,Resveratrol,MAPPED,resveratrol,CHEBI,EXACT_MATCH,0,0,"5-[2-(4-hydroxyphenyl)ethenyl]benzene-1,3-diol"
cas:39280-21-2,cas:39280-21-2,Rhamnogalacturonan from soy bean pectic fibre,MAPPED,Rhamnogalacturonan from soy bean pectic fibre,CAS,FALLBACK_REGISTRY,0,0,
cas:39280-21-2,cas:39280-21-2,Rhamnogalacturonan I from potato pectic fiber,MAPPED,Rhamnogalacturonan I from potato pectic fiber,CAS,FALLBACK_REGISTRY,0,0,
CHEBI:62570,CHEBI:62570,Rhamnolipid,MAPPED,2-O-alpha-L-rhamnosyl-alpha-L-rhamnosyl-3-hydroxydecanoyl-3-hydroxydecanoic acid,CHEBI,CAS_RN_LOOKUP,0,0,3-[(3-{[6-deoxy-2-O-(6-deoxy-alpha-L-mannopyranosyl)-alpha-L-mannopyranosyl]oxy}decanoyl)oxy]decanoic acid
cas:141-11-7,cas:141-11-7,Rhodinyl Acetate,MAPPED,Rhodinyl Acetate,CAS,FALLBACK_REGISTRY,0,0,
CHEBI:144215,CHEBI:144215,Rhodocladonic Acid,MAPPED,Rhodocladonic acid,CHEBI,EXACT_MATCH,0,0,
kgmicrobe.compound:rhodomycin_a,mesh:C004977,Rhodomycin A,MAPPED,rhodomycin,MESH,NARROW_MATCH,0,0,
CHEBI:17015,CHEBI:17015,Riboflavin,MAPPED,riboflavin,CHEBI,EXACT_MATCH,2123,2122,"1-deoxy-1-(7,8-dimethyl-2,4-dioxo-3,4-dihydrobenzo[g]pteridin-10(2H)-yl)-D-ribitol|1-deoxy-1-(7,8-dimethyl-2,4-dioxo-3,4-dihydrobenzo[g]pteridin-10(2H)-yl)pentitol|5-deoxy-5-(7,8-dimethyl-2,4-dioxo-3,4-dihydrobenzo[g]pteridin-10(2H)-yl)-D-ribitol|6,7-dimethyl-9-D-ribitylisoalloxazine|7,8-dimethyl-10-(D-ribo-2,3,4,5-tetrahydroxypentyl)benzo[g]pteridine-2,4(3H,10H)-dione|7,8-dimethyl-10-(D-ribo-2,3,4,5-tetrahydroxypentyl)isoalloxazine|7,8-dimethyl-10-[(2S,3S,4R)-2,3,4,5-tetrahydroxypentyl]benzo[g]pteridine-2,4(3H,10H)-dione|7,8-dimethyl-10-ribitylisoalloxazine|Aqua-Flave|Beflavin|Beflavine|Bisulase|Dermadram|E101|Fiboflavin|Flavaxin|Flavin Bb|Flaxain|Hyflavin|Riboflavine|Riboflavine (B2)|Riboflavin (Vitamine B2)|Riboflavin (Vitamin B2)|Riboflavin (0.2 mg/ml)|Riboflavin (see below)"
kgmicrobe.ingredient:ribonucleic_acid_from_torula_yeast_type_vi,CHEBI:33697,Ribonucleic acid from torula yeast type VI,MAPPED,ribonucleic acid,CHEBI,NARROW_MATCH,0,0,ribonucleic acids
CHEBI:33942,CHEBI:33942,Ribose,MAPPED,ribose,CHEBI,EXACT_MATCH,6,6,Rib|ribo-pentose
CHEBI:28077,CHEBI:28077,Rifampicin,MAPPED,rifampicin,CHEBI,EXACT_MATCH,3,3,"(7S,9E,11S,12R,13S,14R,15R,16R,17S,18S,19E,21Z)-2,15,17,27,29-pentahydroxy-11-methoxy-3,7,12,14,16,18,22-heptamethyl-26-{(E)-[(4-methylpiperazin-1-yl)imino]methyl}-6,23-dioxo-8,30-dioxa-24-azatetracyclo[23.3.1.1(4,7).0(5,28)]triaconta-1(28),1(29),2,4,9,19,21,25,27-nonaen-13-yl acetate|3-(((4-Methyl-1-piperazinyl)imino)methyl)rifamycin SV|RFP|Rifampin|rifamcin|rifampicina|rifampicinum"
kgmicrobe.compound:ristocetin_b,CHEBI:85129,Ristocetin B,MAPPED,ristocetin,CHEBI,NARROW_MATCH,0,0,
cas:5307-59-5,mesh:C105206,Robustic Acid,MAPPED,robustic acid,MESH,NARROW_MATCH,0,0,
CHEBI:144218,CHEBI:144218,Roccellic Acid,MAPPED,Roccellic acid,CHEBI,EXACT_MATCH,0,0,
FOODON:03307110,FOODON:03307110,Rolled oats,MAPPED,rolled oats,FOODON,EXACT_MATCH,9,9,
CHEBI:72346,CHEBI:72346,Roseoflavin,MAPPED,roseoflavin,CHEBI,EXACT_MATCH,0,0,"1-deoxy-1-[8-(dimethylamino)-7-methyl-2,4-dioxo-3,4-dihydrobenzo[g]pteridin-10(2H)-yl]-D-ribitol"
CHEBI:17226,CHEBI:17226,Rosmarinic acid,MAPPED,rosmarinic acid,CHEBI,EXACT_MATCH,0,0,"3-(3,4-dihydroxyphenyl)-2-[(2E)-3-(3,4-dihydroxyphenyl)prop-2-enoyloxy]propanoic acid"
CHEBI:77249,CHEBI:77249,Rosuvastatin calcium,MAPPED,rosuvastatin calcium,CHEBI,EXACT_MATCH,0,0,"calcium bis[(3R,5S,6E)-7-{4-(4-fluorophenyl)-6-isopropyl-2-[methyl(methylsulfonyl)amino]pyrimidin-5-yl}-3,5-dihydroxyhept-6-enoate]"
CHEBI:28201,CHEBI:28201,Rotenone,MAPPED,rotenone,CHEBI,EXACT_MATCH,0,0,"(2R,6aS,12aS)-8,9-dimethoxy-2-(prop-1-en-2-yl)-1,2,12,12a-tetrahydrochromeno[3,4-b]furo[2,3-h]chromen-6(6aH)-one"
CHEBI:78672,CHEBI:78672,rubidium chloride,MAPPED,rubidium chloride,CHEBI,EXACT_MATCH,2,2,RbCl
CHEBI:223718,CHEBI:223718,rubradirin,MAPPED,Rubradirin B,CHEBI,EXACT_MATCH,0,0,"[(10E,12S,13S,14R,16S)-7,14-dihydroxy-6,10,12,16-tetramethyl-2,9,15,21-tetraoxo-20-oxa-18-azatetracyclo[14.3.1.14,19.03,8]henicosa-1(19),3,5,7,10-pentaen-13-yl] 3-hydroxy-6-[(4-hydroxy-7-methoxy-2-oxochromen-3-yl)carbamoyl]pyridine-2-carboxylate"
cas:21288-61-9,cas:21288-61-9,Rutilantinone,MAPPED,Rutilantinone,CAS,FALLBACK_REGISTRY,0,0,
CHEBI:28527,CHEBI:28527,Rutin,MAPPED,rutin,CHEBI,EXACT_MATCH,0,0,"2-(3,4-dihydroxyphenyl)-5,7-dihydroxy-4-oxo-4H-chromen-3-yl 6-O-(6-deoxy-alpha-L-mannopyranosyl)-beta-D-glucopyranoside"
CHEBI:6000,CHEBI:6000,S-Isocorydine (),MAPPED,Isocorydine,CHEBI,CAS_RN_LOOKUP,0,0,
cas:9789-92-0,cas:9789-92-0,S-adenosyl Homocysteine,MAPPED,S-adenosyl Homocysteine,CAS,FALLBACK_REGISTRY,0,0,S-(5′-Adenosyl)-L-homocysteine
CHEBI:32111,CHEBI:32111,Saccharin,MAPPED,saccharin,CHEBI,EXACT_MATCH,0,0,"1,2-benzisothiazol-3(2H)-one 1,1-dioxide"
CHEBI:8994,CHEBI:8994,Safrole,MAPPED,safrole,CHEBI,EXACT_MATCH,0,0,"5-allyl-1,3-benzodioxole"
CHEBI:16914,CHEBI:16914,Salicylic acid,MAPPED,salicylic acid,CHEBI,EXACT_MATCH,0,0,2-HYDROXYBENZOIC ACID
CHEBI:9009,CHEBI:9009,Salidroside,MAPPED,Salidroside,CHEBI,EXACT_MATCH,0,0,
CHEBI:112,CHEBI:112,Salsoline,MAPPED,(-)-Salsoline,CHEBI,CAS_RN_LOOKUP,0,0,
ENVO:00002010,ENVO:00002010,Salt water,MAPPED,saline water,ENVO,EXACT_MATCH,4,4,
CHEBI:67900,CHEBI:67900,Salvinorin A,MAPPED,salvinorin A,CHEBI,EXACT_MATCH,0,0,
kgmicrobe.compound:sarcidin,kgmicrobe.compound:sarcidin,Sarcidin,MAPPED,Sarcidin,kgmicrobe.compound,PLACEHOLDER,0,0,
CHEBI:15611,CHEBI:15611,sarcosine,MAPPED,sarcosine,CHEBI,EXACT_MATCH,0,0,
cas:564-20-5,mesh:C109395,Sclareolide,MAPPED,sclareolide,MESH,NARROW_MATCH,0,0,
CHEBI:17488,CHEBI:17488,Scopoletin,MAPPED,scopoletin,CHEBI,EXACT_MATCH,0,0,7-hydroxy-6-methoxy-2H-chromen-2-one
ENVO:00002149,ENVO:00002149,Sea water,REJECTED,sea water,ENVO,EXACT_MATCH,0,0,
ENVO:00002149,ENVO:00002149,Seawater,MAPPED,sea water,ENVO,EXACT_MATCH,301,301,Seawater (30 ppt)|Seawater(non-sterilized)|Sea water
CHEBI:41865,CHEBI:41865,Sebacic acid,MAPPED,sebacic acid,CHEBI,EXACT_MATCH,0,0,Decanedioic acid
CHEBI:75494,CHEBI:75494,Serine hydroxamate,MAPPED,serine hydroxamate,CHEBI,EXACT_MATCH,0,0,N-hydroxyserinamide
CHEBI:28790,CHEBI:28790,Serotonin,MAPPED,serotonin,CHEBI,EXACT_MATCH,0,0,3-(2-Aminoethyl)-1H-indol-5-ol
UBERON:0001977,UBERON:0001977,Serum,MAPPED,blood serum,UBERON,EXACT_MATCH,0,0,
mesh:C032953,mesh:C032953,Setamycin,MAPPED,setamycin,MESH,EXACT_MATCH,0,0,
CHEBI:16119,CHEBI:16119,Shikimic Acid,MAPPED,shikimic acid,CHEBI,CAS_RN_LOOKUP,10,10,"(3R,4S,5R)-3,4,5-trihydroxycyclohex-1-ene-1-carboxylic acid|3,4,5-Trihydroxy-1-cyclohexenecarboxylic acid|3alpha,4alpha,5beta-trihydroxy-1-cyclohexene-1-carboxylic acid|L-shikimic acid|Shikimate|[3R-(3alpha,4alpha,5beta)]-3,4,5-trihydroxy-1-cyclohexene-1-carboxylic acid"
CHEBI:89919,CHEBI:89919,Sialyllacto-N-tetraose a,MAPPED,Sialyllacto-N-tetraose a,CHEBI,EXACT_MATCH,0,0,
CHEBI:89905,CHEBI:89905,Sialyllacto-N-tetraose c,MAPPED,Sialyllacto-N-neotetraose c,CHEBI,CAS_RN_LOOKUP,0,0,
cas:100789-83-1,cas:100789-83-1,Sialyllacto-N-tetraose d,MAPPED,Sialyllacto-N-tetraose d,CAS,FALLBACK_REGISTRY,0,0,
CHEBI:26672,CHEBI:26672,Siderophore,MAPPED,siderophore,CHEBI,EXACT_MATCH,0,0,
CHEBI:9144,CHEBI:9144,Silibinin,MAPPED,silibinin,CHEBI,EXACT_MATCH,0,0,"(2R,3R)-3,5,7-trihydroxy-2-[(2R,3R)-3-(4-hydroxy-3-methoxyphenyl)-2-(hydroxymethyl)-2,3-dihydro-1,4-benzodioxin-6-yl]-2,3-dihydro-4H-chromen-4-one"
CHEBI:30341,CHEBI:30341,silver chloride,MAPPED,silver monochloride,CHEBI,CAS_RN_LOOKUP,0,0,silver(1+) chloride|silver(I) chloride
cas:10294-26-5,cas:10294-26-5,silver sulfate,MAPPED,silver sulfate,CAS,FALLBACK_REGISTRY,0,0,
CHEBI:9150,CHEBI:9150,Simvastatin,MAPPED,simvastatin,CHEBI,EXACT_MATCH,0,0,"(1S,3R,7S,8S,8aR)-8-{2-[(2R,4R)-4-hydroxy-6-oxotetrahydro-2H-pyran-2-yl]ethyl}-3,7-dimethyl-1,2,3,7,8,8a-hexahydronaphthalen-1-yl 2,2-dimethylbutanoate"
cas:139893-43-9,CHEBI:169041,Simvastatin Hydroxy Acid Ammonium Salt,MAPPED,simvastatin hydroxy acid,CHEBI,NARROW_MATCH,0,0,"(3R,5R)-7-[(1S,2S,6R,8S,8aR)-8-(2,2-dimethylbutanoyloxy)-2,6-dimethyl-1,2,6,7,8,8a-hexahydronaphthalen-1-yl]-3,5-dihydroxyheptanoic acid"
CHEBI:77131,CHEBI:77131,sinapic acid,MAPPED,sinapic acid,CHEBI,EXACT_MATCH,0,0,"3-(4-hydroxy-3,5-dimethoxyphenyl)prop-2-enoic acid"
CHEBI:27949,CHEBI:27949,sinapinaldehyde,MAPPED,(E)-sinapaldehyde,CHEBI,CAS_RN_LOOKUP,0,0,"(2E)-3-(4-hydroxy-3,5-dimethoxyphenyl)prop-2-enal"
CHEBI:9163,CHEBI:9163,Sinomenine,MAPPED,Sinomenine,CHEBI,EXACT_MATCH,0,0,
CHEBI:30563,CHEBI:30563,SiO2,MAPPED,silicon dioxide,CHEBI,EXACT_MATCH,6,6,"(SiO2)n|Kieselsaeureanhydrid|Silica, amorphous|Siliziumdioxid|[SiO2]|silica|silicic anhydride|silicon dioxide|silicon(IV) oxide"
cas:53179-09-2,CHEBI:35175,Sisomicin sulfate salt,MAPPED,sulfate salt,CHEBI,NARROW_MATCH,0,0,
FOODON:03301484,FOODON:03301484,Skimmed milk,MAPPED,skim milk food product,FOODON,EXACT_MATCH,0,0,
ENVO:00002044,ENVO:00002044,Sludge,MAPPED,sludge,ENVO,EXACT_MATCH,33,33,
cas:29849-82-9,CHEBI:15978,sn-Glycerol 3-phosphate bis(cyclohexylammonium) salt,MAPPED,sn-glycerol 3-phosphate,CHEBI,NARROW_MATCH,0,0,"(2R)-2,3-dihydroxypropyl dihydrogen phosphate|sn-glycerol 3-(dihydrogen phosphate)"
cas:17989-41-2,CHEBI:15978,sn-Glycerol 3-phosphate lithium salt,MAPPED,sn-glycerol 3-phosphate,CHEBI,NARROW_MATCH,0,0,"(2R)-2,3-dihydroxypropyl dihydrogen phosphate|sn-glycerol 3-(dihydrogen phosphate)"
CHEBI:78074,CHEBI:78074,SnCl2 x 2 H2O,MAPPED,tin(II) chloride dihydrate,CHEBI,EXACT_MATCH,7,7,SnCl2 x 2H2O|SnCl2.2H2O|SnCl2·2H2O|lambda(2)-tin(2+) dihydrate dichloride|stannous chloride dihydrate|tin dichloride dihydrate|tin dichloride.2H2O|tin(II) chloride dihydrate
cas:4263-52-9,cas:4263-52-9,Sodium 2-bromoethanesulfonate,MAPPED,Sodium 2-bromoethanesulfonate,CAS,FALLBACK_REGISTRY,0,0,sodium bromoethanesulfonate
CHEBI:31824,CHEBI:31824,Sodium 2-mercaptoethanesulfonate,MAPPED,Mesna,CHEBI,CAS_RN_LOOKUP,0,0,
CHEBI:113449,CHEBI:113449,Sodium 4-Hydroxybenzoate,MAPPED,sodium 4-hydroxybenzoate,CHEBI,EXACT_MATCH,0,0,
CHEBI:32954,CHEBI:32954,Sodium acetate,REJECTED,sodium acetate,CHEBI,EXACT_MATCH,0,0,Sodium acetate(Fisher BP 333)
CHEBI:32138,CHEBI:32138,Sodium acetate·3H2O,REJECTED,sodium acetate trihydrate,CHEBI,NARROW_MATCH,0,0,Sodium acetate・3H2O|anhydrous sodium acetate|sodium acetate anhydrous
CHEBI:32138,CHEBI:32138,Sodium acetate trihydrate,MAPPED,sodium acetate trihydrate,CHEBI,EXACT_MATCH,116,116,Na-acetate x 3 H2O|Sodium acetate x 3 H2O|sodium acetate--water (1/3)|Sodium acetate·3H2O
cas:7486-38-6,FOODON:03413240,Sodium adipate,MAPPED,sodium adipate,FOODON,NARROW_MATCH,0,0,
CHEBI:53311,CHEBI:53311,Sodium alginate,MAPPED,sodium alginate,CHEBI,EXACT_MATCH,4,4,Algiline|Algin|Arcrane|Ascophyllum|Sodium polymannuronate
cas:15432-85-6,mesh:C034426,Sodium antimonate,MAPPED,sodium antimonate,MESH,NARROW_MATCH,0,0,
CHEBI:278547,CHEBI:278547,Sodium azide,MAPPED,sodium azide,CHEBI,EXACT_MATCH,0,0,
CHEBI:132089,CHEBI:132089,Sodium beta-glycerophosphate,MAPPED,sodium glycerol 2-phosphate,CHEBI,EXACT_MATCH,23,23,"Disodium beta-glycerophosphate|Disodium glycerol 2-phosphate|Disodium glycerophosphate|Glycerol, 2-(dihydrogen phosphate), disodium salt|Sodium 2-glycerophosphate|Sodium beta-glycerol phosphate|disodium 1,3-dihydroxypropan-2-yl phosphate|sodium glycerol 2-phosphate|Na2-ß-glycerolphosphate"
CHEBI:75229,CHEBI:75229,Sodium bromate,MAPPED,sodium bromate,CHEBI,EXACT_MATCH,0,0,
cas:5968-11-6,CHEBI:29377,sodium carbonate monohydrate,MAPPED,sodium carbonate,CHEBI,CLOSE_MATCH,0,0,disodium trioxidocarbonate
CHEBI:29377,CHEBI:29377,Sodium carbonate solution,MAPPED,sodium carbonate,CHEBI,LEXICAL_MATCH,1751,1751,disodium trioxidocarbonate
CHEBI:78667,CHEBI:78667,Sodium Chlorite,MAPPED,sodium chlorite,CHEBI,EXACT_MATCH,0,0,
cas:206986-87-0,CHEBI:26711,Sodium cholate hydrate,MAPPED,sodium cholate,CHEBI,CLOSE_MATCH,0,0,"sodium 3alpha,7alpha,12alpha-trihydroxy-5beta-cholan-24-oate"
CHEBI:78671,CHEBI:78671,Sodium Chromate,MAPPED,sodium chromate,CHEBI,EXACT_MATCH,0,0,disodium dioxido(dioxo)chromium
CHEBI:32142,CHEBI:32142,Sodium Citrate,REJECTED,sodium citrate dihydrate,CHEBI,EXACT_MATCH,0,0,"Citronensaeure,Trinatrium-Salz-Dihydrat|Na2citrate|Na3Citrate|Na3‐citrate|Sodiumcitrate|Trisodium citrate dehydrate|trisodium 2-hydroxypropane-1,2,3-tricarboxylate--water (1/2)|trisodium 2-hydroxypropane-1,2,3-tricarboxylate"
CHEBI:33192,CHEBI:33192,Sodium cyanide,MAPPED,sodium cyanide,CHEBI,EXACT_MATCH,0,0,
cas:920-49-0,cas:920-49-0,Sodium D-Lactate,MAPPED,Sodium D-Lactate,CAS,FALLBACK_REGISTRY,1,1,
CHEBI:9177,CHEBI:9177,sodium Deoxycholate,MAPPED,sodium deoxycholate,CHEBI,EXACT_MATCH,0,0,"100|sodium 3alpha,12alpha-dihydroxy-5beta-cholan-24-oate"
cas:145224-92-6,CHEBI:9177,Sodium deoxycholate monohydrate,MAPPED,sodium deoxycholate,CHEBI,CLOSE_MATCH,0,0,"Sodim deoxycholate monohydrate|sodium 3alpha,12alpha-dihydroxy-5beta-cholan-24-oate"
CHEBI:66870,CHEBI:66870,Sodium dithionite,MAPPED,sodium dithionite,CHEBI,EXACT_MATCH,47,47,"disodium dithionite|sodium hydrosulfite|sodium sulfoxylate|Na2S2O4|5,6-dihydroxy-2-(4-hydroxyphenyl)-4-oxo-4H-chromen-7-yl beta-D-glucopyranosiduronic acid|Scutellarein 7-O-beta-D-glucuronide|Scutellarein-7-O-beta-D-glucuronide|Scutellarein-7-glucuronide|Scutellarein-7beta-D-glucuronide|Scutellarein-7beta-D-glucuronoside"
CHEBI:8984,CHEBI:8984,Sodium Dodecyl Sulfate,MAPPED,sodium dodecyl sulfate,CHEBI,EXACT_MATCH,0,0,SDS
cas:546-74-7,cas:546-74-7,Sodium ethyl sulfate,MAPPED,Sodium ethyl sulfate,CAS,FALLBACK_REGISTRY,0,0,
CHEBI:78292,CHEBI:78292,Sodium ferric EDTA,MAPPED,sodium feredetate,CHEBI,CAS_RN_LOOKUP,27,27,"FeNa-EDTA|iron(3+) sodium 2,2',2'',2'''-(ethane-1,2-diyldinitrilo)tetraacetate|sodium {2,2',2'',2'''-[ethane-1,2-diyldi(nitrilo-kappaN)]tetraacetato-kappaO(4-)}ferrate(1-)|FeNa.EDTA"
CHEBI:114954,CHEBI:114954,Sodium ferulate,MAPPED,sodium ferulate,CHEBI,EXACT_MATCH,3,3,sodium (2E)-3-(4-hydroxy-3-methoxyphenyl)prop-2-enoate
CHEBI:38699,CHEBI:38699,Sodium Fluoroacetate,MAPPED,sodium fluoroacetate,CHEBI,EXACT_MATCH,0,0,
CHEBI:86431,CHEBI:86431,Sodium Fluorophosphate,MAPPED,sodium fluorophosphate,CHEBI,EXACT_MATCH,0,0,Sodium monofluorophosphate|disodium phosphorofluoridate
CHEBI:84997,CHEBI:84997,Sodium gluconate,MAPPED,sodium gluconate,CHEBI,EXACT_MATCH,20,20,"D-Gluconic acid, monosodium salt|Gluconic acid sodium salt|Monosodium D-gluconate|Monosodium gluconate|sodium (2R,3S,4R,5R)-2,3,4,5,6-pentahydroxyhexanoate|Na-gluconate|Na gluconate"
CHEBI:232425,CHEBI:232425,Sodium glutamate monohydrate,MAPPED,monosodium L-glutamate hydrate,CHEBI,EXACT_MATCH,16,16,sodium (2S)-2-azaniumylpentanedioate
CHEBI:32146,CHEBI:32146,Sodium hypochlorite,MAPPED,sodium hypochlorite,CHEBI,EXACT_MATCH,0,0,
cas:10039-56-2,CHEBI:234148,Sodium hypophosphite monohydrate,MAPPED,sodium hypophosphite,CHEBI,CLOSE_MATCH,0,0,
CHEBI:81708,CHEBI:81708,sodium iodate,MAPPED,Sodium iodate,CHEBI,EXACT_MATCH,0,0,
CHEBI:33167,CHEBI:33167,sodium iodide,MAPPED,sodium iodide,CHEBI,EXACT_MATCH,6,6,
CHEBI:234594,CHEBI:234594,Sodium iodoacetate,MAPPED,Sodium iodoacetate,CHEBI,EXACT_MATCH,0,0,
cas:1562-00-1,cas:1562-00-1,sodium isethionate,MAPPED,sodium isethionate,CAS,FALLBACK_REGISTRY,0,0,
CHEBI:232798,CHEBI:232798,Sodium L-lactate,REJECTED,sodium L-lactate,CHEBI,EXACT_MATCH,0,0,L-Sodium lactate
CHEBI:75228,CHEBI:75228,Sodium lactate,MAPPED,sodium lactate,CHEBI,EXACT_MATCH,283,283,"1 M Sodium lactate|2-Hydroxypropanoic acid, monosodium salt|DL-Na-lactate|E325|Lactic acid sodium salt|Lactic acid, monosodium salt|Mediject L|Monosodium 2-hydroxypropanoate|Monosodium lactate|Na-(DL)-lactate|Na-DL-lactate|Sodium alpha-hydroxypropionate|sodium 2-hydroxypropanoate|Na-lactate|Sodium DL-lactate|Lactate (sodium salt)|1 % Sodium Lactate|D,L-lactic acid, sodium salt"
CHEBI:29678,CHEBI:29678,Sodium m-arsenite,MAPPED,sodium arsenite,CHEBI,CAS_RN_LOOKUP,0,0,catena-poly[(oxidoarsenate-mu-oxido)]sodium
CHEBI:91261,CHEBI:91261,Sodium malate,MAPPED,disodium (S)-malate,CHEBI,EXACT_MATCH,82,82,"(S)-disodium malate|DL-Na-malate|Disodium L-malate|Na malate|Na-DL-malate|Na-L-malate|Na-malate|Na2-DL-malate|Sodium DL-malate|Sodium L-malate|Sodium Malate And|disodium (-)-malate|disodium (2S)-2-hydroxybutanedioate|disodium (S)-malate|l-Apfelsaure als natrium salz|l-Malic acid, sodium salt|DL-Sodium malate"
CHEBI:91263,CHEBI:91263,Sodium maleate,MAPPED,disodium maleate,CHEBI,EXACT_MATCH,3,3,"Maleic acid, disodium salt|disodium (2Z)-but-2-enedioate|disodium maleate"
mesh:C025349,mesh:C025349,Sodium Metasilicate,MAPPED,sodium metasilicate,MESH,EXACT_MATCH,1,1,Sodium metasilicate (silicate for diatom frustules)
mesh:C025349,mesh:C025349,Sodium metasilicate (silicate for diatom frustules),REJECTED,sodium metasilicate,MESH,LEXICAL_MATCH,0,0,
cas:2386-57-4,cas:2386-57-4,Sodium methanesulfonate,MAPPED,Sodium methanesulfonate,CAS,FALLBACK_REGISTRY,0,0,
kgmicrobe.ingredient:sodium_nitrate_~28070_m_stock~29,CHEBI:63005,Sodium nitrate (0.70 M stock),MAPPED,sodium nitrate,CHEBI,NARROW_MATCH,1,1,sodium nitrate|sodium trioxidonitrate(1-)
CHEBI:63005,CHEBI:63005,Sodium nitrate (nitrogen source),REJECTED,sodium nitrate,CHEBI,EXACT_MATCH,0,0,sodium trioxidonitrate(1-)
CHEBI:132100,CHEBI:132100,Sodium octanoate,MAPPED,sodium octanoate,CHEBI,EXACT_MATCH,5,5,"Caprylic acid sodium salt|Natrium octanoat|Octanoic acid, sodium salt|Sodium caprylate|Sodium n-octanoate"
CHEBI:81860,CHEBI:81860,Sodium oleate,MAPPED,Sodium oleate,CHEBI,EXACT_MATCH,3,3,
CHEBI:234557,CHEBI:234557,Sodium palmitate,MAPPED,sodium palmitate,CHEBI,EXACT_MATCH,4,4,sodium;hexadecanoate
CHEBI:132103,CHEBI:132103,Sodium perchlorate,MAPPED,sodium perchlorate,CHEBI,EXACT_MATCH,4,4,"NaClO4|Natriumperchlorat|Perchlorate de sodium|Perchloric acid, sodium salt"
cas:7791-07-3,CHEBI:132103,Sodium perchlorate monohydrate,MAPPED,sodium perchlorate,CHEBI,CLOSE_MATCH,1,1,
CHEBI:75226,CHEBI:75226,Sodium periodate,MAPPED,sodium periodate,CHEBI,EXACT_MATCH,0,0,
cas:7775-27-1,mesh:C024625,Sodium Persulfate,MAPPED,sodium persulfate,MESH,NARROW_MATCH,0,0,
kgmicrobe.ingredient:sodium_phosphate_buffer,NCIT:C29321,Sodium phosphate buffer,MAPPED,Phosphate Buffer,NCIT,CLOSE_MATCH,19,19,"Sodium phosphate buffer (10 mM; pH7.1)|Sodium phosphate buffer (25 mM; pH 3.4)|Sodium phosphate buffer (10 mM, pH 7.1)|Sodium phosphate buffer (25 mM, pH 3.4)"
CHEBI:37583,CHEBI:37583,Sodium phosphate dibasic,MAPPED,trisodium phosphate,CHEBI,EXACT_MATCH,33,33,
cas:13517-23-2,CHEBI:36361,Sodium phosphite dibasic pentahydrate,MAPPED,phosphorous acid,CHEBI,CLOSE_MATCH,0,0,
kgmicrobe.ingredient:sodium_potassium_phosphate_buffer,NCIT:C29321,Sodium Potassium phosphate buffer,MAPPED,Phosphate Buffer,NCIT,CLOSE_MATCH,6,6,
CHEBI:71240,CHEBI:71240,Sodium pyrophosphate,MAPPED,sodium diphosphate,CHEBI,EXACT_MATCH,3,3,"Diphosphoric acid, tetrasodium salt|Natrium pyrophosphat|Pyrophosphoric acid tetrasodium salt|TSPP|Tetrasodium pyrophosphate|sodium diphosphate"
cas:7758-16-9,NCIT:C77500,Sodium pyrophosphate dibasic,MAPPED,Sodium Pyrophosphate,NCIT,NARROW_MATCH,0,0,
CHEBI:9180,CHEBI:9180,Sodium salicylate,MAPPED,Sodium salicylate,CHEBI,EXACT_MATCH,0,0,
CHEBI:63675,CHEBI:63675,Sodium succinate,MAPPED,sodium succinate (anhydrous),CHEBI,SYNONYM_MATCH,195,195,Disodium succinate|Succinic acid disodium salt|disodium butanedioate|disodium succinate (anh.)
CHEBI:63017,CHEBI:63017,Sodium tartrate,MAPPED,sodium L-tartrate,CHEBI,EXACT_MATCH,25,25,"(R-(R*,R*))-2,3-dihydroxybutanedioic acid, disodium salt|Bisodium tartrate|Disodium L-(+)-tartrate|Disodium salt of L-(+)-tartaric acid|Sodium L-(+)-tartrate|Tartaric acid, disodium salt|disodium (2R,3R)-2,3-dihydroxybutanedioate|disodium (R-(R*,R*))-2,3-dihydroxybutanedioate|disodium tartrate|sodium L-tartrate|Na-tartrate"
cas:10489-48-2,CHEBI:46612,Sodium thiophosphate tribasic hydrate,MAPPED,phosphorothioic acid,CHEBI,CLOSE_MATCH,0,0,
CHEBI:32150,CHEBI:32150,Sodium Thiosulfate Pentahydrate,REJECTED,sodium thiosulfate pentahydrate,CHEBI,EXACT_MATCH,0,0,"Sodium Thiosulfate Pentahydrate (agar media only,sterile)(Baker 3946)|sodium sulfurothioate--water (1/5)"
CHEBI:114249,CHEBI:114249,Sodium phosphate monobasic monohydrate,MAPPED,sodium dihydrogenphosphate monohydrate,CHEBI,CAS_RN_LOOKUP,46,46,Monosodium phosphate monohydrate|Sodium dihydrogen phosphate monohydrate|Sodium phosphate monohydrate|sodium dihydrogenphosphate monohydrate|sodium dihydrogen phosphate--water (1/1)
CHEBI:63686,CHEBI:63686,Sodium succinate dibasic hexahydrate,MAPPED,sodium succinate hexahydrate,CHEBI,CAS_RN_LOOKUP,20,20,Succinic acid disodium salt hexahydrate|disodium butanedioate hexahydrate|disodium butanedioate.6H2O|disodium succinate hexahydrate|disodium succinate.6H2O|sodium succinate hexahydrate|sodium succinate.6H2O|disodium butanedioate--water(1/6)
ENVO:00001998,ENVO:00001998,Soil,MAPPED,soil,ENVO,EXACT_MATCH,46,46,
MICRO:0000457,MICRO:0000457,Soil extract,MAPPED,soil extract,MICRO,EXACT_MATCH,17,17,Soil extract (see below)|Soil extract (SE1)
CHEBI:26718,CHEBI:26718,Solanesol,MAPPED,solanesol,CHEBI,EXACT_MATCH,0,0,"(2E,6E,10E,14E,18E,22E,26E,30E)-3,7,11,15,19,23,27,31,35-nonamethylhexatriaconta-2,6,10,14,18,22,26,30,34-nonaen-1-ol"
CHEBI:30911,CHEBI:30911,Sorbitol,MAPPED,glucitol,CHEBI,EXACT_MATCH,22,22,"glucitol|gulitol|rel-(2R,3R,4R,5S)-hexane-1,2,3,4,5,6-hexol"
CHEBI:61117,CHEBI:61117,Sorgoleone,MAPPED,sorgoleone,CHEBI,EXACT_MATCH,0,0,"2-hydroxy-5-methoxy-3-[(8Z,11Z)-pentadeca-8,11,14-trien-1-yl]cyclohexa-2,5-diene-1,4-dione"
FOODON:03302142,FOODON:03302142,Soy flour,MAPPED,soybean flour,FOODON,EXACT_MATCH,2,2,
FOODON:03315720,FOODON:03315720,Soy peptone,MAPPED,"vegetable protein, hydrolyzed",FOODON,CLOSE_MATCH,1089,833,Soybean peptone|Peptone from soymeal|Phytone peptone|Phytone peptone (BD-BBL)|Soytone (BD-Difco) or Phytone peptone (BD-BBL)|Soytone|Bacto Soytone|Peptic digest of soybean meal
FOODON:03315720,FOODON:03315720,Soya peptone,MAPPED,"vegetable protein, hydrolyzed",FOODON,CLOSE_MATCH,1089,833,
kgmicrobe.ingredient:soyton,kgmicrobe.ingredient:soyton,Soyton,MAPPED,Soyton,kgmicrobe.ingredient,PLACEHOLDER,0,0,
cas:520-43-4,cas:520-43-4,Sparassol,MAPPED,Sparassol,CAS,FALLBACK_REGISTRY,0,0,
CHEBI:9217,CHEBI:9217,Spectinomycin dihydrochloride pentahydrate,MAPPED,spectinomycin hydrochloride hydrate,CHEBI,CAS_RN_LOOKUP,0,0,"(2R,4aR,5aR,6S,7S,8R,9S,9aR,10aS)-4a,7,9-trihydroxy-2-methyl-6,8-bis(methylamino)decahydro-4H-pyrano[2,3-b][1,4]benzodioxin-4-one dihydrochloride pentahydrate|(2R,4aR,5aR,6S,7S,8R,9S,9aR,10aS)-4a,7,9-trihydroxy-2-methyl-6,8-bis(methylamino)decahydro-4H-pyrano[2,3-b][1,4]benzodioxin-4-one dihydrochloride--water (1/5)|(2R,4aR,5aR,6S,7S,8R,9S,9aR,10aS)-4a,7,9-trihydroxy-N,N',2-trimethyl-4-oxodecahydro-2H-pyrano[2,3-b][1,4]benzodioxine-6,8-diaminium dichloride--water (1/5)"
CHEBI:233088,CHEBI:233088,Spermidine trihydrochloride,MAPPED,spermidine trihydrochloride,CHEBI,EXACT_MATCH,0,0,"N'-(3-aminopropyl)butane-1,4-diamine;trihydrochloride"
CHEBI:81486,CHEBI:81486,Sphondin,MAPPED,Sphondin,CHEBI,EXACT_MATCH,0,0,
cas:8025-81-8,NCIT:C839,Spiramycin,MAPPED,Spiramycin,NCIT,NARROW_MATCH,0,0,
mesh:C003339,mesh:C003339,Sporangiomycin,MAPPED,sporangiomycin,MESH,EXACT_MATCH,0,0,
CHEBI:36383,CHEBI:36383,SrCl2,MAPPED,strontium dichloride,CHEBI,EXACT_MATCH,244,244,SrCl|SrCl 2|Strontium Chloride|strontium dichloride
CHEBI:36385,CHEBI:36385,SrCl2 x 6 H2O,MAPPED,strontium dichloride hexahydrate,CHEBI,EXACT_MATCH,230,230,SrCl2 . 6H2O|SrCl2 x 6 H2O (0.1% w/v)|SrCl2.6H2O|SrCl2·6H2O|SrCl2・6H2O|Strontium chloride hexahydrate|strontium dichloride hexahydrate|strontium dichloride--water (1/6)
CHEBI:17164,CHEBI:17164,Stachyose - 70%,MAPPED,stachyose,CHEBI,EXACT_MATCH,0,0,beta-D-fructofuranosyl alpha-D-galactopyranosyl-(1->6)-alpha-D-galactopyranosyl-(1->6)-alpha-D-glucopyranoside
cas:54261-98-2,CHEBI:17164,Stachyose hydrate,MAPPED,stachyose,CHEBI,CLOSE_MATCH,0,0,
CHEBI:41958,CHEBI:41958,Stallimycin,MAPPED,DISTAMYCIN A,CHEBI,EXACT_MATCH,0,0,
NCIT:C1295,NCIT:C1295,Staphylomycin M1,MAPPED,Streptogramin A,NCIT,EXACT_MATCH,0,0,
CHEBI:28017,CHEBI:28017,Starch,MAPPED,starch,CHEBI,EXACT_MATCH,741,741,"Soluble starch|Amidon (starch)|Corn Starch|Rice starch|Staerke|amidon|amylum|degradation: starch|Starch soluble|Starch (soluble)|Starch, soluble|Soluble starch (BD-Difco)|Soluble starch (Sigma)"
CHEBI:28842,CHEBI:28842,Stearic acid,MAPPED,octadecanoic acid,CHEBI,EXACT_MATCH,6,6,18:0|CH3-[CH2]16-COOH|Octadecanoic acid|Octadecansaeure|Oktadekansaeure|Stearinsaeure|acide octadecanoique|acide stearique|n-octadecanoic acid|octadecoic acid
NCIT:C152426,NCIT:C152426,Steffimycin,MAPPED,Steffimycin,NCIT,EXACT_MATCH,0,0,
CHEBI:32158,CHEBI:32158,Streptomycin sulfate salt,MAPPED,streptomycin sulfate,CHEBI,CAS_RN_LOOKUP,3,3,
CHEBI:9287,CHEBI:9287,Streptonigrin,MAPPED,streptonigrin,CHEBI,EXACT_MATCH,0,0,"5-amino-6-(7-amino-6-methoxy-5,8-dioxo-5,8-dihydroquinolin-2-yl)-4-(2-hydroxy-3,4-dimethoxyphenyl)-3-methylpyridine-2-carboxylic acid"
CHEBI:233239,CHEBI:233239,Strychnine Sulfate,MAPPED,strychnine sulfate,CHEBI,EXACT_MATCH,0,0,"(4aR,5aS,8aR,13aS,15aS,15bR)-4a,5,5a,7,8,13a,15,15a,15b,16-decahydro-2H-4,6-methanoindolo[3,2,1-ij]oxepino[2,3,4-de]pyrrolo[2,3-h]quinolin-14-one;sulfuric acid"
CHEBI:9300,CHEBI:9300,Suberic acid,MAPPED,suberic acid,CHEBI,EXACT_MATCH,0,0,octanedioic acid
NCIT:C120264,NCIT:C120264,Substrate,MAPPED,Substrate,NCIT,EXACT_MATCH,5,5,
CHEBI:26806,CHEBI:26806,Succinate,MAPPED,succinate,CHEBI,EXACT_MATCH,20,20,Na Succinate|Na-succinate|succinate anion|succinates|succinic acid anion
CHEBI:15741,CHEBI:15741,Succinic acid,MAPPED,succinic acid,CHEBI,EXACT_MATCH,36,36,"1,2-ethanedicarboxylic acid|Bernsteinsaeure|Butandisaeure|Butanedionic acid|Dihydrofumaric acid|E363|Ethylenesuccinic acid|HOOC-CH2-CH2-COOH|acide butanedioique|acide succinique|acidum succinicum|amber acid|asuccin|butanedioic acid|spirit of amber"
cas:36064-19-4,cas:36064-19-4,Sucrose-6-monophosphate dipotassium salt,MAPPED,Sucrose-6-monophosphate dipotassium salt,CAS,FALLBACK_REGISTRY,0,0,
CHEBI:17992,CHEBI:17992,Sucrose,MAPPED,sucrose,CHEBI,EXACT_MATCH,233,233,1-alpha-D-Glucopyranosyl-2-beta-D-fructofuranoside|Cane sugar|D-saccharose (sucrose)|Saccharose|Sacharose|White sugar|beta-D-Fruf-(2<->1)-alpha-D-Glcp|beta-D-fructofuranosyl alpha-D-glucopyranoside|d-salicin|sacarosa|table sugar|D-Sucrose
NCIT:C71939,NCIT:C71939,Sugar,MAPPED,Sugar,NCIT,EXACT_MATCH,2,2,
FOODON:00003412,FOODON:00003412,Sugar beet molasses,MAPPED,sugar beet,FOODON,LEXICAL_MATCH,3,3,
cas:1981-58-4,CHEBI:102265,Sulfamethazine sodium salt,MAPPED,sulfamethazine,CHEBI,NARROW_MATCH,0,0,
CHEBI:9331,CHEBI:9331,Sulfamethizole,MAPPED,sulfamethizole,CHEBI,EXACT_MATCH,0,0,"4-amino-N-(5-methyl-1,3,4-thiadiazol-2-yl)benzenesulfonamide"
CHEBI:9332,CHEBI:9332,Sulfamethoxazole,MAPPED,sulfamethoxazole,CHEBI,EXACT_MATCH,0,0,"4-amino-N-(5-methyl-1,2-oxazol-3-yl)benzenesulfonamide"
CHEBI:32164,CHEBI:32164,Sulfamonomethoxine,MAPPED,Sulfamonomethoxine,CHEBI,EXACT_MATCH,0,0,
CHEBI:45373,CHEBI:45373,Sulfanilamide,MAPPED,sulfanilamide,CHEBI,EXACT_MATCH,0,0,4-aminobenzenesulfonamide
cas:59-40-5,CHEBI:94719,Sulfaquinoxaline,MAPPED,4-amino-N-(2-quinoxalinyl)benzenesulfonamide,CHEBI,SYNONYM_MATCH,0,0,
cas:967-80-6,CHEBI:26714,Sulfaquinoxaline sodium salt,MAPPED,sodium salt,CHEBI,NARROW_MATCH,0,0,
CHEBI:9334,CHEBI:9334,Sulfasalazine,MAPPED,sulfasalazine,CHEBI,EXACT_MATCH,0,0,2-hydroxy-5-{[4-(pyridin-2-ylsulfamoyl)phenyl]diazenyl}benzoic acid
CHEBI:50519,CHEBI:50519,Sulfoacetic acid,MAPPED,sulfoacetic acid,CHEBI,EXACT_MATCH,0,0,
CHEBI:26833,CHEBI:26833,Sulfur,MAPPED,sulfur atom,CHEBI,EXACT_MATCH,366,366,16S|Schwefel|azufre|soufre|sulfur atom|theion|sulfur
CHEBI:26835,CHEBI:26835,Sulfur compounds,MAPPED,sulfur molecular entity,CHEBI,SYNONYM_MATCH,0,0,
kgmicrobe.compound:sulfur_powder,CHEBI:33403,Sulfur (powder),MAPPED,elemental sulfur,CHEBI,NARROW_MATCH,104,104,Sulfur powder|Elemental sulphur
CHEBI:17909,CHEBI:17909,Sulphur,MAPPED,polysulfur,CHEBI,EXACT_MATCH,7,7,"Sulfur, precipitated|polysulfur|sulfur, homopolymer|Sulfur"
cas:8001-21-6,NCIT:C1241,Sunflower oil,MAPPED,Sunflower Oil,NCIT,NARROW_MATCH,0,0,
kgmicrobe.ingredient:supplemented_seawater,ENVO:00002149,Supplemented Seawater,MAPPED,sea water,ENVO,CLOSE_MATCH,2,2,
CHEBI:35195,CHEBI:35195,Surfactant,MAPPED,surfactant,CHEBI,EXACT_MATCH,3,3,
cas:168828-58-8,NCIT:C152482,Sutezolid,MAPPED,Sutezolid,NCIT,NARROW_MATCH,0,0,
cas:16589-24-5,cas:16589-24-5,Synephrine Tartrate,MAPPED,Synephrine Tartrate,CAS,FALLBACK_REGISTRY,0,0,
mesh:C003372,mesh:C003372,Synergistin A,MAPPED,synergistin A,MESH,EXACT_MATCH,0,0,
CHEBI:67380,CHEBI:67380,syringaldehyde,MAPPED,syringaldehyde,CHEBI,EXACT_MATCH,0,0,"4-hydroxy-3,5-dimethoxybenzaldehyde"
CHEBI:68329,CHEBI:68329,Syringic Acid,MAPPED,syringic acid,CHEBI,EXACT_MATCH,6,6,"4-hydroxy-3,5-dimethoxybenzoic acid"
cas:91000-53-2,CHEBI:191055,TAPS sodium salt,MAPPED,N-[tris(hydroxymethyl)methyl]-3-aminopropanesulfonic acid,CHEBI,NARROW_MATCH,8,8,TAPS
CHEBI:9400,CHEBI:9400,Tangeritin,MAPPED,tangeretin,CHEBI,CAS_RN_LOOKUP,0,0,"5,6,7,8-tetramethoxy-2-(4-methoxyphenyl)-4H-chromen-4-one"
CHEBI:75211,CHEBI:75211,tannic acid,MAPPED,tannic acid,CHEBI,EXACT_MATCH,0,0,"1,2,3,4,6-pentakis-O-{3,4-dihydroxy-5-[(3,4,5-trihydroxybenzoyl)oxy]benzoyl}-D-glucopyranose"
cas:39300-88-4,FOODON:03413299,Tara gum,MAPPED,tara gum,FOODON,NARROW_MATCH,0,0,
CHEBI:15891,CHEBI:15891,Taurine,MAPPED,taurine,CHEBI,EXACT_MATCH,12,12,2-Aminoethanesulfonic acid|2-aminoethyl sulfonate|Aminoethylsulfonic acid|beta-aminoethylsulfonic acid
CHEBI:181226,CHEBI:181226,Taurocholic acid sodium salt hydrate,MAPPED,Taurocholic acid sodium salt hydrate,CHEBI,EXACT_MATCH,0,0,"sodium;2-[[(4R)-4-[(3R,5S,7R,8R,9S,10S,12S,13R,14S,17R)-3,7,12-trihydroxy-10,13-dimethyl-2,3,4,5,6,7,8,9,11,12,14,15,16,17-tetradecahydro-1H-cyclopenta[a]phenanthren-17-yl]pentanoyl]amino]ethanesulonate;hydrate"
cas:2451-01-6,CHEBI:134806,Terpene hydrate,MAPPED,terpin,CHEBI,CLOSE_MATCH,0,0,
kgmicrobe.compound:tertiomycin_a,kgmicrobe.compound:tertiomycin_a,Tertiomycin A,MAPPED,Tertiomycin A,kgmicrobe.compound,PLACEHOLDER,0,0,
kgmicrobe.compound:tertiomycin_b,kgmicrobe.compound:tertiomycin_b,Tertiomycin B,MAPPED,Tertiomycin B,kgmicrobe.compound,PLACEHOLDER,0,0,
CHEBI:39035,CHEBI:39035,TES,MAPPED,TES,CHEBI,EXACT_MATCH,20,20,TES buffer|TES buffer(Sigma T 1375)|TES (Dry Buffer)
CHEBI:17300,CHEBI:17300,Tetrachloroethene,MAPPED,tetrachloroethene,CHEBI,EXACT_MATCH,11,11,"1,1,2,2-tetrachloroethylene|PCE|PERC|PERK|Perchloroethylene|Tetrachloraethen|ethylene tetrachloride|tetrachlorethylene|tetrachloroethylene"
CHEBI:27902,CHEBI:27902,Tetracycline,MAPPED,tetracycline,CHEBI,EXACT_MATCH,3,3,"(4S,4aS,5aS,6S,12aS)-4-(dimethylamino)-3,6,10,12,12a-pentahydroxy-6-methyl-1,11-dioxo-1,4,4a,5,5a,6,11,12a-octahydrotetracene-2-carboxamide|Achromycin"
CHEBI:35006,CHEBI:35006,Tetracycline hydrochloride,MAPPED,Tetracycline hydrochloride,CHEBI,EXACT_MATCH,0,0,
cas:55566-30-8,cas:55566-30-8,Tetrakis(hydroxymethyl)phosphonium sulfate,MAPPED,Tetrakis(hydroxymethyl)phosphonium sulfate,CAS,FALLBACK_REGISTRY,0,0,THPS
CHEBI:46020,CHEBI:46020,Tetramethyl ammonium,MAPPED,tetramethylammonium,CHEBI,EXACT_MATCH,4,4,"N,N,N-trimethylmethanaminium|TETRAMETHYLAMMONIUM ION|tetramethylammonium|tetramethylazanium"
kgmicrobe.compound:tetramethyl_ammonium_chloride,CHEBI:46020,Tetramethyl ammonium chloride,MAPPED,tetramethylammonium,CHEBI,CLOSE_MATCH,3,3,"N,N,N-trimethylmethanaminium"
CHEBI:49,CHEBI:49,Tetrandrine,MAPPED,(+)-Tetrandrine,CHEBI,CAS_RN_LOOKUP,0,0,
CHEBI:75193,CHEBI:75193,Tetrazolium violet,MAPPED,tetrazolium violet,CHEBI,EXACT_MATCH,0,0,"3-(1-naphthyl)-2,5-diphenyl-2H-tetrazol-3-ium chloride"
CHEBI:75192,CHEBI:75192,Thallium(I) acetate,MAPPED,thallium(I) acetate,CHEBI,EXACT_MATCH,0,0,thallium(1+) acetate
CHEBI:136609,CHEBI:136609,Theaflavin,MAPPED,theaflavin,CHEBI,EXACT_MATCH,0,0,"3,4,5-trihydroxy-1,8-bis[(2R,3R)-3,5,7-trihydroxy-3,4-dihydro-2H-chromen-2-yl]-6H-benzocyclohepten-6-one"
cas:30462-35-2,CHEBI:185495,Theaflavin Digallate,MAPPED,"2-{1-[5,7-dihydroxy-3-(3,4,5-trihydroxybenzoyloxy)-3,4-dihydro-2H-1-benzopyran-2-yl]-3,4,6-trihydroxy-5-oxo-5H-benzo[7]annulen-8-yl}-5,7-dihydroxy-3,4-dihydro-2H-1-benzopyran-3-yl 3,4,5-trihydroxybenzoate",CHEBI,NARROW_MATCH,0,0,"[2-[1-[5,7-dihydroxy-3-(3,4,5-trihydroxybenzoyl)oxy-3,4-dihydro-2H-chromen-2-yl]-3,4,5-trihydroxy-6-oxobenzo[7]annulen-8-yl]-5,7-dihydroxy-3,4-dihydro-2H-chromen-3-yl] 3,4,5-trihydroxybenzoate"
CHEBI:28946,CHEBI:28946,Theobromine,MAPPED,theobromine,CHEBI,EXACT_MATCH,0,0,"3,7-dimethyl-3,7-dihydro-1H-purine-2,6-dione"
CHEBI:28177,CHEBI:28177,Theophylline,MAPPED,theophylline,CHEBI,EXACT_MATCH,0,0,"1,3-dimethyl-3,7-dihydro-1H-purine-2,6-dione"
CHEBI:45931,CHEBI:45931,Thiamin pyrophosphate,MAPPED,thiamine(1+) diphosphate(1-),CHEBI,SYNONYM_MATCH,2,2,"2-{3-[(4-amino-2-methylpyrimidin-5-yl)methyl]-4-methyl-1,3-thiazol-3-ium-5-yl}ethyl dihydrogen diphosphate"
CHEBI:132751,CHEBI:132751,Thiamine-HCl x 2 H2O,MAPPED,thiamine hydrochloride dihydrate,CHEBI,EXACT_MATCH,441,441,"Thiamine-HCl·2H2O|thiamine chloride hydrochloride dihydrate|thiamine dichloride dihydrate|thiamine hydrochloride dihydrate|thiamine(2+) dichloride dihydrate|3-[(4-amino-2-methylpyrimidin-5-yl)methyl]-5-(2-hydroxyethyl)-4-methyl-1,3-thiazol-3-ium chloride hydrochloride--water (1/2)|3-[(4-azaniumyl-2-methylpyrimidin-5-yl)methyl]-5-(2-hydroxyethyl)-4-methyl-1,3-thiazol-3-ium chloride--water (1/2)|Thiamine・HCl・2H2O|Thiamine·HCl·2H2O"
CHEBI:18385,CHEBI:18385,Thiamine,MAPPED,thiamine(1+),CHEBI,SYNONYM_MATCH,159,159,"thiamines|thiamins|vitamin B1 vitamer|vitamin B1 vitamers|vitamins B1|Thiamin|3-(4-AMINO-2-METHYL-PYRIMIDIN-5-YLMETHYL)-5-(2-HYDROXY-ETHYL)-4-METHYL-THIAZOL-3-IUM|3-[(4-amino-2-methylpyrimidin-5-yl)methyl]-5-(2-hydroxyethyl)-4-methyl-1,3-thiazol-3-ium|Aneurin|Antiberiberi factor|Thiamine (B1)|thiamine cation|thiamine ion|thiamine(1+) ion|thiaminium"
CHEBI:49105,CHEBI:49105,Thiamine HCl,MAPPED,thiamine hydrochloride,CHEBI,EXACT_MATCH,2009,1996,"Thiamine・HCl|Thiamine·HCl|3-[(4-amino-2-methylpyrimidin-5-yl)methyl]-5-(2-hydroxyethyl)-4-methyl-1,3-thiazol-3-ium chloride hydrochloride|3-[(4-azaniumyl-2-methylpyrimidin-5-yl)methyl]-5-(2-hydroxyethyl)-4-methyl-1,3-thiazol-3-ium dichloride|Thiamin HCl|Thiamin-HCl|Thiamine Dihydrochloride|Thiamine HCl (B ) -|Thiamine HCl (Vitamin B )|Thiamine hydrochloride|Thiamine-HCl|thiamin dichloride|thiamin hydrochloride|thiamine chloride hydrochloride|thiamine dichloride|thiamine(2+) dichloride|thiaminium chloride hydrochloride|Thiamine HCl|Thiamine HCl (Vitamin B1)|Thiamine . HCl|Thiamine・HCl (see below)"
CHEBI:9532,CHEBI:9532,Thiamine pyrophosphate,MAPPED,thiamine(1+) diphosphate,CHEBI,SYNONYM_MATCH,26,26,"3-[(4-amino-2-methylpyrimidin-5-yl)methyl]-5-(2-diphosphoethyl)-4-methyl-1,3-thiazolium chloride|3-[(4-amino-2-methylpyrimidin-5-yl)methyl]-5-(2-{[hydroxy(phosphonooxy)phosphoryl]oxy}ethyl)-4-methyl-1,3-thiazol-3-ium chloride|3-[(4-amino-2-methylpyrimidin-5-yl)methyl]-5-[2-(diphosphooxy)ethyl]-4-methyl-1,3-thiazol-3-ium chloride|Coenzymate|Thiazolium, 3-((4-amino-2-methyl-5-pyrimidinyl)methyl)-4-methyl-5-(4,6,6-trihydroxy-3,5-dioxa-4,6-diphosphahex-1-yl)-, chloride, P,P'-dioxide|cocarboxilasa|cocarboxylase|cocarboxylase chloride|cocarboxylasum|thiamine diphosphate chloride|thiamine diphosphoric acid ester chloride|thiamine(1+) diphosphate chloride|thiaminium diphosphoric acid ester chloride|thiaminium pyrophosphate chloride|thiaminium pyrophosphoric acid ester chloride|vitamin B1 pyrophosphate chloride|Co Carboxylase|thiamine pyrophosphate chloride|TPP|1-[(4-amino-2-methylpyrimidin-5-yl)methyl]-3-(2-{[hydroxy(phosphonooxy)phosphoryl]oxy}ethyl)-2-methylpyridinium|pyrithiamine diphosphate|pyrithiamine pyrophosphate|Co-carboxylase"
kgmicrobe.ingredient:thiamine_vitamin_solution,MICRO:0000460,Thiamine Vitamin Solution,MAPPED,vitamin solution,MICRO,CLOSE_MATCH,14,14,
CHEBI:30314,CHEBI:30314,Thioctic acid,MAPPED,(R)-lipoic acid,CHEBI,EXACT_MATCH,36,36,"(+)-alpha-Lipoic acid|(R)-(+)-Lipoate|(R)-(+)-lipoic acid|(R)-1,2-Dithiolane-3-pentanoic acid|(R)-1,2-dithiolane-3-valeric acid|(R)-6,8-thioctic acid|5-[(3R)-1,2-dithiolan-3-yl]pentanoic acid|R-(+)-Lipoic acid|R-LA|RLA|Thioctic acid d-form"
CHEBI:47869,CHEBI:47869,Thioglycolate,MAPPED,thioglycolate(2-),CHEBI,SYNONYM_MATCH,7,7,sulfidoacetate
CHEBI:48566,CHEBI:48566,Thioridazine hydrochloride,MAPPED,thioridazine hydrochloride,CHEBI,EXACT_MATCH,0,0,10-[2-(1-methylpiperidin-2-yl)ethyl]-2-(methylsulfanyl)-10H-phenothiazine hydrochloride
CHEBI:26977,CHEBI:26977,Thiosulfate,MAPPED,thiosulfate,CHEBI,EXACT_MATCH,6,6,ester of thiosulfuric acid|esters of thiosulfuric acid|thiosulfate ester|thiosulfate esters|thiosulfates|thiosulphates
CHEBI:36946,CHEBI:36946,Thiourea,MAPPED,thiourea,CHEBI,EXACT_MATCH,0,0,
CHEBI:17748,CHEBI:17748,Thymidine,MAPPED,thymidine,CHEBI,EXACT_MATCH,13,13,"1-(2-deoxy-beta-D-erythro-pentofuranosyl)-5-methylpyrimidine-2,4(1H,3H)-dione|2'-deoxy-5-methyluridine|2'-deoxythymidine|2'-thymidine|5-methyl-2'-deoxyuridine|Deoxythymidine|dThd|thymine 2'-deoxyriboside"
CHEBI:17821,CHEBI:17821,Thymine,MAPPED,thymine,CHEBI,EXACT_MATCH,33,33,"2,4-dihydroxy-5-methylpyrimidine|5-Methyluracil|5-methyl-2,4(1H,3H)-pyrimidinedione|5-methylpyrimidine-2,4(1H,3H)-dione|Thy|Thymin"
CHEBI:113532,CHEBI:113532,Thymoquinone,MAPPED,thymoquinone,CHEBI,EXACT_MATCH,0,0,"2-methyl-5-(propan-2-yl)cyclohexa-2,5-diene-1,4-dione"
mesh:C039460,mesh:C039460,TiCl3,MAPPED,titanium trichloride,MESH,EXACT_MATCH,12,12,
CHEBI:44137,CHEBI:44137,Tiamulin,MAPPED,tiamulin,CHEBI,EXACT_MATCH,0,0,"(3aS,4R,5S,6S,8R,9R,9aR,10R)-5-hydroxy-4,6,9,10-tetramethyl-1-oxo-6-vinyldecahydro-3a,9-propanocyclopenta[8]annulen-8-yl {[2-(diethylamino)ethyl]sulfanyl}acetate"
CHEBI:35017,CHEBI:35017,Ticarcillin disodium salt,MAPPED,ticarcillin disodium,CHEBI,CAS_RN_LOOKUP,0,0,"disodium 6beta-{[(2R)-2-carboxylato-2-thiophen-3-ylacetyl]amino}-2,2-dimethylpenam-3alpha-carboxylate"
cas:86482-18-0,cas:86482-18-0,Timentin,MAPPED,Timentin,CAS,FALLBACK_REGISTRY,0,0,
cas:79645-27-5,CHEBI:35175,Tobramycin sulfate salt,MAPPED,sulfate salt,CHEBI,NARROW_MATCH,0,0,
CHEBI:17578,CHEBI:17578,Toluene,MAPPED,toluene,CHEBI,EXACT_MATCH,13,13,Toluen|Toluol|methylbenzene|phenylmethane
cas:69004-03-1,CHEBI:9629,Tomatidine Hydrochloride,MAPPED,tomatidine,CHEBI,NARROW_MATCH,0,0,
FOODON:03301454,FOODON:03301454,Tomato juice,MAPPED,tomato juice,FOODON,EXACT_MATCH,21,21,Tomato juice (Del Monte)
mesh:C069668,mesh:C069668,Toray silicone SH 5535,MAPPED,Toray Silicone,MESH,LEXICAL_MATCH,2,2,
CHEBI:69241,CHEBI:69241,Totarol,MAPPED,totarol,CHEBI,EXACT_MATCH,0,0,
NCIT:C896,NCIT:C896,Trace element solution,MAPPED,Trace Element,NCIT,LEXICAL_MATCH,8,8,
NCIT:C896,NCIT:C896,Trace element solution SL-10,MAPPED,Trace Element,NCIT,LEXICAL_MATCH,8,8,
kgmicrobe.ingredient:trace_element_solution_see_medium_no_187,NCIT:C896,Trace element solution see Medium No. 187,MAPPED,Trace Element,NCIT,CLOSE_MATCH,0,0,Trace element solution (see Medium No. 187
MICRO:0001349,MICRO:0001349,Trace metal mix A5,MAPPED,trace metal mix A5,MICRO,EXACT_MATCH,2,2,Trace Metal Mix A5 (see below)
CHEBI:38366,CHEBI:38366,trans-2-Pentenoic acid,MAPPED,trans-pent-2-enoic acid,CHEBI,CAS_RN_LOOKUP,0,0,(2E)-pent-2-enoic acid
CHEBI:9592,CHEBI:9592,Trans-2-methyl-2-butenoic acid,MAPPED,tiglic acid,CHEBI,CAS_RN_LOOKUP,0,0,(2E)-2-methylbut-2-enoic acid
CHEBI:32806,CHEBI:32806,trans-aconitic acid,MAPPED,trans-aconitic acid,CHEBI,EXACT_MATCH,0,0,"(1E)-prop-1-ene-1,2,3-tricarboxylic acid"
CHEBI:35697,CHEBI:35697,trans-Cinnamic acid,MAPPED,trans-cinnamic acid,CHEBI,EXACT_MATCH,3,3,(2E)-3-phenyl-2-propenoic acid|(2E)-3-phenylacrylic acid|(2E)-3-phenylprop-2-enoic acid|(E)-3-phenyl-2-propenoic acid|(E)-cinnamic acid|Benzeneacrylic acid|PHENYLETHYLENECARBOXYLIC ACID|trans-3-phenylacrylic acid|trans-Zimtsaeure|trans-beta-carboxystyrene
CHEBI:28600,CHEBI:28600,"Trans,Trans-Farnesol",MAPPED,farnesol,CHEBI,EXACT_MATCH,0,0,"3,7,11-trimethyldodeca-2,6,10-trien-1-ol"
kgmicrobe.compound:trans_styrylacetic_acid,kgmicrobe.compound:trans_styrylacetic_acid,Trans Styrylacetic Acid,MAPPED,Trans Styrylacetic Acid,kgmicrobe.compound,PLACEHOLDER,0,0,trans-styrylacetic acid
mesh:C498222,mesh:C498222,Transvalencin A,MAPPED,transvalencin A,MESH,EXACT_MATCH,0,0,
CHEBI:27082,CHEBI:27082,Trehalose,MAPPED,trehalose,CHEBI,EXACT_MATCH,15,15,D-Trehalose|D(+)-Trehalose
CHEBI:9678,CHEBI:9678,Tribenuron-methyl,MAPPED,tribenuron methyl,CHEBI,CAS_RN_LOOKUP,0,0,"methyl 2-{[(4-methoxy-6-methyl-1,3,5-triazin-2-yl)(methyl)carbamoyl]sulfamoyl}benzoate"
CHEBI:9679,CHEBI:9679,Tricalcium phosphate,MAPPED,tricalcium bis(phosphate),CHEBI,CAS_RN_LOOKUP,1,1,
CHEBI:16602,CHEBI:16602,Trichloroethylene,MAPPED,trichloroethene,CHEBI,EXACT_MATCH,2,2,"1,1,2-trichloroethene|1,1-dichloro-2-chloroethylene|Narcogen|TCE|Trichloraethen|Trichloraethylen|Trichloroethene|acetylene trichloride|ethinyl trichloride|ethylene trichloride|trichlor|trichloraethylenum pro narcosi|trichlorethylene|trichloroethylenum|triciene|Trichloroethylene (10 mg/ml in methanol)"
CHEBI:46760,CHEBI:46760,Tricine,MAPPED,tricine,CHEBI,EXACT_MATCH,44,44,
CHEBI:28621,CHEBI:28621,Triethanolamine,MAPPED,triethanolamine,CHEBI,EXACT_MATCH,5,5,"2,2',2''-NITRILOTRIETHANOL|2,2',2''-nitrilotris(ethanol)|H3tea|N(CH2CH2OH)3|Trolamine|nitrilo-2,2',2''-triethanol|nitrilotriethanol|tris(2-hydroxyethyl)amine|tris(beta-hydroxyethyl)amine"
mesh:C009560,mesh:C009560,Trigonelline,MAPPED,trigonelline,MESH,EXACT_MATCH,2,2,
CHEBI:229203,CHEBI:229203,Trigonelline HCl,MAPPED,Trigonelline HCl,CHEBI,CAS_RN_LOOKUP,10,10,1-methylpyridin-1-ium-3-carboxylic acid;chloride
CHEBI:45924,CHEBI:45924,Trimethoprim,MAPPED,trimethoprim,CHEBI,EXACT_MATCH,1,1,"5-(3,4,5-trimethoxybenzyl)pyrimidine-2,4-diamine|trimethoprim (GlaxoSmithKline)"
CHEBI:15724,CHEBI:15724,Trimethylamine-N-oxide,MAPPED,trimethylamine N-oxide,CHEBI,CAS_RN_LOOKUP,0,0,"N,N-dimethylmethanamine oxide"
CHEBI:64700,CHEBI:64700,Trimethylamine-HCl,MAPPED,trimethylamine hydrochloride,CHEBI,EXACT_MATCH,63,63,"(CH3)3N.HCl|Me3N.HCl|Methylamine-HCl|N,N-dimethylmethanamine hydrochloride|N,N-dimethylmethanaminium chloride|Trimethylamine·HCl|Trimethylammonium chloride|trimethylamine hydrochloride|trimethylamine monohydrochloride|Trimethylamine . HCl|Trimethylamine・HCl"
CHEBI:18139,CHEBI:18139,Trimethylamine,MAPPED,trimethylamine,CHEBI,EXACT_MATCH,4,4,"(CH3)3N|N(CH3)3|N,N,N-trimethylamine|N,N-Dimethylmethanamine|NMe3|Trimethylamin|tridimethylaminomethane"
CHEBI:27135,CHEBI:27135,Trinitrotoluene,MAPPED,trinitrotoluene,CHEBI,EXACT_MATCH,0,0,TNT
CHEBI:9747,CHEBI:9747,Triptolide,MAPPED,Triptolide,CHEBI,EXACT_MATCH,0,0,
CHEBI:66869,CHEBI:66869,Tris Acetate Stock Solution,MAPPED,tris acetate,CHEBI,LEXICAL_MATCH,1,1,"2-amino-2-(hydroxymethyl)propane-1,3-diol acetate"
CHEBI:9754,CHEBI:9754,Tris base,MAPPED,tris,CHEBI,EXACT_MATCH,212,210,"1,1,1-tris(hydroxymethyl)methanamine|2-Amino-2-(hydroxymethyl)-1,3-propanediol|2-amino-2-(hydroxymethyl)propane-1,3-diol|THAM|Tris (hydroxymethyl aminomethane)|Tris [tris(hydroxymethyl)aminomethane]|Tris amino|Tris buffer|Tris buffer 1M|Tris hydrochloride|Tris(hydroxymethyl)aminomethane|Tris-base|Tris [tris(hydroxymethyl)aminomethane]|Trizma|Trizma Base pH|Trometamol|Tromethamine|aminotris(hydroxymethyl)methane|nitrilotriacetic acid trisodium salt|Tris|Tris(hydroxymethyl)methylamine|Tris-HCl buffer|Tris HCl|Trizma Base pH 8.2|Tris base (buffer)|Tris (hydroxymethyl) aminomethane|Tris・HCl"
CHEBI:53258,CHEBI:53258,Trisodium citrate,MAPPED,sodium citrate,CHEBI,EXACT_MATCH,182,182,"Na2-citrate|Tri-sodium citrate|citric acid trisodium salt|trisodium 2-hydroxypropane-1,2,3-tricarboxylate|Sodium citrate|Na3-citrate|Citric Acid"
CHEBI:32142,CHEBI:32142,Trisodium citrate x 2 H2O,REJECTED,sodium citrate dihydrate,CHEBI,NARROW_MATCH,0,0,"Trisodium citrate·2H2O|Trisodium citrate·3H2O|Trisodium citrate・2H2O|trisodium 2-hydroxypropane-1,2,3-tricarboxylate"
mesh:C514290,mesh:C514290,Trisodium citrate x H2O,MAPPED,trisodium citrate,MESH,EXACT_MATCH,2,2,
CHEBI:9750,CHEBI:9750,Triton X-100,MAPPED,Triton X-100,CHEBI,EXACT_MATCH,0,0,
CHEBI:16765,CHEBI:16765,Tryptamine,MAPPED,tryptamine,CHEBI,EXACT_MATCH,0,0,2-(1H-INDOL-3-YL)ETHANAMINE
MICRO:0000175,MICRO:0000175,Trypticase,MAPPED,Trypticase peptone,MICRO,CLOSE_MATCH,785,785,trypticase
MICRO:0000175,MICRO:0000175,Trypticase peptone,MAPPED,Trypticase peptone,MICRO,EXACT_MATCH,785,785,Trypticase peptone (BD-BBL)|Trypticase peptone (BD BBL)|Trypticase Peptone (BBL)|Trypticase Peptone (BD 211921)|Tripticase peptone
MICRO:0000182,MICRO:0000182,Tryptone,MAPPED,tryptone,MICRO,EXACT_MATCH,1600,1583,"Tryptone (Sigma T 9410)|Tryptone(CAS: 91079-40-2)|Tryptone(Sigma T 9410)|Tryptone(Sigma T 9410))|Tryptone (BD-Difco)|Bacto Tryptone (Difco)|tryptone|Tryptone (BD 211705)|Tryptone (BD Bacto)|Bacto tryptone|Bacto Tryptone|tryptone (BD-Difco)|Tryptone (BD--Difco)|Tryptone (Difco)|Tryptone (BD BBL)|Tryptone (Diffico)|Bacto Tryptone (DIfco)|Tryptone (Bacto Trypton 211705)|Proteose tryptone (DIFCO 0123-01)|Difco Bacto- Tryptone|Tryptone (VWR, J859-500G)|tryptone [Difco]|Tryptone (Difco 0123)|Tryptone (BD BACTO)|Pancreatic digest of casein"
CHEBI:27897,CHEBI:27897,Tryptophan,MAPPED,tryptophan,CHEBI,EXACT_MATCH,38,38,2-amino-3-(1H-indol-3-yl)propanoic acid|Htrp|alpha-Amino-beta-(3-indolyl)-propionic acid|alpha-amino-beta-3-indolepropionic acid|beta-3-indolylalanine|triptofano|tryptophane
MICRO:0000183,MICRO:0000183,Tryptose,MAPPED,tryptose,MICRO,EXACT_MATCH,12,12,Tryptose (BD-Difco)
mesh:C108556,mesh:C108556,Tuberactinamine A,MAPPED,tuberactinamine A,MESH,EXACT_MATCH,0,0,
mesh:C015563,mesh:C015563,Tuberactinomycin,MAPPED,tuberactinomycin,MESH,EXACT_MATCH,0,0,
CHEBI:46502,CHEBI:46502,Tungstate,MAPPED,tungstate,CHEBI,EXACT_MATCH,3,3,TUNGSTATE(VI)ION|Wolframat|tetraoxidotungstate(VI)|wolframate|tetraoxidotungstate(2-)
CHEBI:29699,CHEBI:29699,Tunicamycin,MAPPED,tunicamycin,CHEBI,EXACT_MATCH,0,0,
mesh:D011136,mesh:D011136,Tween,MAPPED,Polysorbates,MESH,EXACT_MATCH,3,3,
CHEBI:53424,CHEBI:53424,Tween 20,MAPPED,polysorbate 20,CHEBI,SYNONYM_MATCH,4,4,
CHEBI:53423,CHEBI:53423,Tween 40,MAPPED,polysorbate 40,CHEBI,EXACT_MATCH,6,6,Polyoxyethylene (20) sorbitan monopalmitate|Polysorbate 40
CHEBI:53425,CHEBI:53425,Tween 60,MAPPED,polysorbate 60,CHEBI,SYNONYM_MATCH,5,5,PEG-60 Sorbitan stearate|Polyoxyethylene sorbitan monostearate|polyoxyethylene (20) sorbitan monostearate
CHEBI:53426,CHEBI:53426,Tween 80,MAPPED,polysorbate 80,CHEBI,EXACT_MATCH,299,299,Glycol (polysorbate 80)|Polyethylene oxide sorbitan mono-oleate|Polyoxyethylene (20) sorbitan monooleate|Polyoxyethylene sorbitan monooleate|Polyoxyethylene sorbitan oleate|Polysorbate 80|Tween 80 (BD)|Tween 80 (pH 8.0)
CHEBI:141517,CHEBI:141517,Tyloxapol,MAPPED,tyloxapol,CHEBI,EXACT_MATCH,2,2,
CHEBI:77444,CHEBI:77444,undecene,MAPPED,1-undecene,CHEBI,CAS_RN_LOOKUP,0,0,undec-1-ene
CHEBI:17568,CHEBI:17568,Uracil,MAPPED,uracil,CHEBI,EXACT_MATCH,35,35,"2,4(1H,3H)-pyrimidinedione|2,4-Dioxopyrimidine|2,4-Pyrimidinedione|Ura|Urazil|pyrimidine-2,4(1H,3H)-dione"
cas:541-09-3,mesh:C005460,Uranyl acetate,MAPPED,uranyl acetate,MESH,NARROW_MATCH,2,2,
cas:6159-44-0,mesh:C005460,Uranyl Acetate Dihydrate,MAPPED,uranyl acetate,MESH,NARROW_MATCH,0,0,
CHEBI:16199,CHEBI:16199,Urea,MAPPED,urea,CHEBI,EXACT_MATCH,72,71,1728|Carbamide|E927b|H2NC(O)NH2|Harnstoff|Karbamid|carbonyldiamide|hydrolysis: urea|ur|uree|Urea (Sigma U5218)
CHEBI:27226,CHEBI:27226,Uric acid,MAPPED,uric acid,CHEBI,EXACT_MATCH,5,5,uric acids
CHEBI:16704,CHEBI:16704,Uridine,MAPPED,uridine,CHEBI,CAS_RN_LOOKUP,16,16,"1-beta-D-ribofuranosylpyrimidine-2,4(1H,3H)-dione|1-beta-D-ribofuranosyluracil|Urd|Uridin|beta-Uridine"
cas:3387-36-8,cas:3387-36-8,Uridine 5-monophosphate disodium salt,MAPPED,Uridine 5-monophosphate disodium salt,CAS,FALLBACK_REGISTRY,0,0,
cas:28290-51-9,cas:28290-51-9,Ursololactone Acetate,MAPPED,Ursololactone Acetate,CAS,FALLBACK_REGISTRY,0,0,
CHEBI:38319,CHEBI:38319,Usnic Acid,MAPPED,usnic acid,CHEBI,EXACT_MATCH,0,0,"2,6-diacetyl-3,7,9-trihydroxy-8,9b-dimethyldibenzo[b,d]furan-1(9bH)-one"
MICRO:0002250,MICRO:0002250,V-8 Juice,MAPPED,V-8 juice,MICRO,EXACT_MATCH,3,3,
CHEBI:17418,CHEBI:17418,Valeric acid,MAPPED,valeric acid,CHEBI,EXACT_MATCH,113,113,"1-butanecarboxylic acid|CH3-[CH2]3-COOH|PENTANOIC ACID|Valerianic acid|Valeriansaeure|n-BuCOOH|n-Pentanoate|n-Valeric acid|n-pentanoic acid|pentoic acid|propylacetic acid|valeric acid, normal|Pentanoate"
CHEBI:16545,CHEBI:16545,Valerolactone,MAPPED,5-valerolactone,CHEBI,CAS_RN_LOOKUP,0,0,tetrahydro-2H-pyran-2-one
cas:7718-98-1,cas:7718-98-1,vanadium chloride,MAPPED,vanadium chloride,CAS,FALLBACK_REGISTRY,26,26,
CHEBI:9932,CHEBI:9932,Vancomycin Hydrochloride from Streptomyces orientalis,MAPPED,Vancomycin hydrochloride,CHEBI,CAS_RN_LOOKUP,2,2,Vancomycin x HCl
cas:123409-00-7,CHEBI:9932,Vancomycin Hydrochloride Hydrate,MAPPED,Vancomycin hydrochloride,CHEBI,CLOSE_MATCH,0,0,
CHEBI:30816,CHEBI:30816,Vanillic Acid,MAPPED,vanillic acid,CHEBI,EXACT_MATCH,0,0,4-Hydroxy-3-methoxybenzoic acid
CHEBI:18346,CHEBI:18346,Vanillin,MAPPED,vanillin,CHEBI,EXACT_MATCH,0,0,4-Hydroxy-3-methoxybenzaldehyde
CHEBI:18353,CHEBI:18353,Vanillyl Alcohol,MAPPED,vanillyl alcohol,CHEBI,EXACT_MATCH,0,0,4-(hydroxymethyl)-2-methoxyphenol
CHEBI:20106,CHEBI:20106,vanillylmandelic acid,MAPPED,vanillylmandelic acid,CHEBI,EXACT_MATCH,0,0,2-hydroxy-2-(4-hydroxy-3-methoxyphenyl)acetic acid
mesh:C068160,mesh:C068160,Venturicidin B,MAPPED,venturicidin B,MESH,EXACT_MATCH,0,0,
CHEBI:296881,CHEBI:296881,Veratric Acid,MAPPED,"3,4-dimethoxybenzoic acid",CHEBI,CAS_RN_LOOKUP,0,0,
cas:17666-25-0,cas:17666-25-0,Veratrine hydrochloride,MAPPED,Veratrine hydrochloride,CAS,FALLBACK_REGISTRY,0,0,
CHEBI:28586,CHEBI:28586,Verbascose,MAPPED,verbascose,CHEBI,EXACT_MATCH,0,0,beta-D-fructofuranosyl alpha-D-galactopyranosyl-(1->6)-alpha-D-galactopyranosyl-(1->6)-alpha-D-galactopyranosyl-(1->6)-alpha-D-glucopyranoside
kgmicrobe.ingredient:vermont_soil,ENVO:00001998,Vermont Soil,MAPPED,soil,ENVO,NARROW_MATCH,1,1,
CHEBI:10002,CHEBI:10002,Visnagin,MAPPED,visnagin,CHEBI,EXACT_MATCH,0,0,"4-methoxy-7-methyl-5H-furo[3,2-g]chromen-5-one"
CHEBI:176843,CHEBI:176843,Vitamin B12,MAPPED,vitamin B12,CHEBI,EXACT_MATCH,2408,2406,"CN-Cbl|CO-CYANOCOBALAMIN|Coalpha-[alpha-(5,6-dimethylbenzimidazolyl)]-Cobeta-cyanocobamide|Cyanocob(III)alamin|Cyanocobalamin|Cyanocobalamin (B )|Cyanocobalamin (Vitamin B )|Cyanocobalamine|Cyanocobalamin in|Dicopac|Vitamin B12 complex|Vitamin B12  (4)|Vitamin B12  (8)|Vitamin B12  (9)|vitamin B-12|vitamin B12 vitamer|VitaminB12|Vitamin B12 (cyanocobalamin)|Vitamine B12"
CHEBI:18067,CHEBI:18067,Vitamin K1,MAPPED,phylloquinone,CHEBI,EXACT_MATCH,127,127,"2-Methyl-3-(3,7,11,15-tetramethyl-2-hexadecenyl)-1,4-naphthalenedione|2-Methyl-3-[(2E)-3,7,11,15-tetramethyl-2-hexadecenyl]naphthoquinone|2-Methyl-3-phytyl-1,4-naphthochinon|2-methyl-3-[(2E,7R,11R)-3,7,11,15-tetramethylhexadec-2-en-1-yl]naphthalene-1,4-dione|2-methyl-3-phytyl-1,4-naphthoquinone|3-phytylmenadione|Mephyton|PHYLLOQUINONE|Phyllochinon|Phyllochinonum|Phytonadionum|Phytylmenadione|alpha-phylloquinone|fitomenadiona|fitomenadione|phytomenadione|phytomenadionum|phytonadione|Vitamin K1 (1 mg/ml)"
MICRO:0000460,MICRO:0000460,Vitamin solution,MAPPED,vitamin solution,MICRO,EXACT_MATCH,6,6,
kgmicrobe.ingredient:vitamin_solution_~28thermophilic_formulation~29,MICRO:0000460,Vitamin solution (thermophilic formulation),MAPPED,vitamin solution,MICRO,CLOSE_MATCH,0,0,
kgmicrobe.ingredient:vitamin_solution_see_medium_no_403,MICRO:0000460,Vitamin solution see Medium No. 403,MAPPED,vitamin solution,MICRO,CLOSE_MATCH,0,0,
CHEBI:87009,CHEBI:87009,VOSO4 x 2 H2O,MAPPED,vanadyl sulfate dihydrate,CHEBI,EXACT_MATCH,81,81,VOSO4 . 2H2O|VOSO4 · 2 H2O|VOSO4.2H2O|VOSO4·2 H2O|VOSO4·2H2O|vanadic sulfate dihydrate|vanadium oxide sulfate dihydrate|vanadium oxysulfate dihydrate|vanadium(IV) oxide sulfate dihydrate|vanadyl sulfate dihydrate|oxovanadium(2+) sulfate--water (1/2)
CHEBI:132758,CHEBI:132758,VOSO4 x 5 H2O,MAPPED,vanadyl sulfate pentahydrate,CHEBI,EXACT_MATCH,16,16,Oxosulfatovanadium pentahydrate|VOSO4 . 5H2O|VOSO4 x 5 H2O (0.01% w/v)|VOSO4.5H2O|vanadic sulfate pentahydrate|vanadium oxide sulfate pentahydrate|vanadium oxysulfate pentahydrate|vanadium(IV) oxide sulfate pentahydrate|vanadyl sulfate pentahydrate|oxovanadium(2+) sulfate--water (1/5)
CHEBI:87020,CHEBI:87020,VOSO4 x n H2O,MAPPED,vanadyl sulfate hydrate,CHEBI,SYNONYM_MATCH,65,65,VOSO4(H2O)n|VOSO4(H2O)x|VOSO4.nH2O|VOSO4·xH2O|VOSO4.xH2O|VOSO4 x H2O|VOSO4・xH2O|VOSO4·nH2O
mesh:C012306,mesh:C012306,Vulgamycin,MAPPED,enterocin,MESH,EXACT_MATCH,0,0,
CHEBI:144250,CHEBI:144250,Vulpinic acid,MAPPED,Vulpinic acid,CHEBI,EXACT_MATCH,0,0,
CHEBI:10033,CHEBI:10033,Warfarin,MAPPED,warfarin,CHEBI,EXACT_MATCH,0,0,rac-4-hydroxy-3-(3-oxo-1-phenylbutyl)-2H-1-benzopyran-2-one
MICRO:0000455,MICRO:0000455,WC Trace Elements Solution,MAPPED,trace elements solution,MICRO,LEXICAL_MATCH,2,2,
CHEBI:28427,CHEBI:28427,Wheat Arabinoxylan,MAPPED,arabinoxylan,CHEBI,CAS_RN_LOOKUP,0,0,
NCIT:C84877,NCIT:C84877,White wine,MAPPED,White Wine,NCIT,EXACT_MATCH,5,5,
cas:11138-66-2,mesh:D016959,Xanthan from Xanthomonas campestris,MAPPED,Xanthomonas campestris,MESH,NARROW_MATCH,0,0,
CHEBI:17712,CHEBI:17712,Xanthine,MAPPED,9H-xanthine,CHEBI,CAS_RN_LOOKUP,21,21,"2,6-dihydroxypurine|2,6-dioxo-1,2,3,6-tetrahydropurine|3,9-dihydro-1H-purine-2,6-dione|9H-purine-2,6-(1H,3H)-dione|9H-xanthine|Xan|purine-2(3H),6(1H)-dione"
kgmicrobe.compound:xanthocidin,kgmicrobe.compound:xanthocidin,Xanthocidin,MAPPED,Xanthocidin,kgmicrobe.compound,PLACEHOLDER,0,0,
CHEBI:18107,CHEBI:18107,Xanthosine,MAPPED,xanthosine,CHEBI,CAS_RN_LOOKUP,10,10,"9-beta-D-Ribofuranosylxanthine|9-beta-D-ribofuranosyl-3,9-dihydro-1H-purine-2,6-dione|Xanthine riboside|xanthine 9-beta-D-ribofuranoside"
CHEBI:10073,CHEBI:10073,Xanthyletin,MAPPED,Xanthyletin,CHEBI,EXACT_MATCH,0,0,
CHEBI:37166,CHEBI:37166,Xylan,MAPPED,xylan,CHEBI,EXACT_MATCH,29,29,"(1,4-beta-D-Xylan)n+1|xylans|Xylan (hemicellulose substrate)|Xylan (Tokyo Kasei or Sigma)"
CHEBI:15447,CHEBI:15447,Xylan from Beechwood,MAPPED,(1->4)-beta-D-xylan,CHEBI,EXACT_MATCH,2,2,(1->4)-beta-D-xylopyranan
CHEBI:17151,CHEBI:17151,Xylitol,MAPPED,xylitol,CHEBI,EXACT_MATCH,2,2,"(2R,3R,4S)-Pentane-1,2,3,4,5-pentaol|(2R,3r,4S)-pentane-1,2,3,4,5-pentol|D-XYLITOL|L-xylitol|Xylit|meso-xylitol|xylite"
CHEBI:28309,CHEBI:28309,Xylobiose,MAPPED,xylobiose,CHEBI,EXACT_MATCH,0,0,1-4-D-Xylobiose|beta-D-xylopyranosyl-(1->4)-D-xylopyranose
cas:37294-28-3,cas:37294-28-3,Xyloglucan from tamarind,MAPPED,Xyloglucan from tamarind,CAS,FALLBACK_REGISTRY,0,0,
CHEBI:18222,CHEBI:18222,Xylose,MAPPED,xylose,CHEBI,EXACT_MATCH,23,23,DL-xylose|Xyl|xylo-pentose
CHEBI:62972,CHEBI:62972,Xylotetraose,MAPPED,xylotetraose,CHEBI,EXACT_MATCH,0,0,beta-D-xylopyranosyl-(1->4)-beta-D-xylopyranosyl-(1->4)-beta-D-xylopyranosyl-(1->4)-D-xylopyranose
CHEBI:149429,CHEBI:149429,Xylotriose,MAPPED,xylotriose,CHEBI,EXACT_MATCH,0,0,
kgmicrobe.ingredient:yeast_extract_malt_extract_agar,FOODON:03301056,Yeast extract-malt extract agar,MAPPED,malt extract,FOODON,CLOSE_MATCH,6,6,
FOODON:03315426,FOODON:03315426,Yeast extract,MAPPED,yeast extract,FOODON,EXACT_MATCH,7697,7617,"Yeast extract(Bacto, Difco)|Yeast extract(CAS: 8013-01-2)|Yeast extract (BD-Difco)|Bacto Yeast Extract (Difco)|Yeast Extract|yeast extract|Yeast extract (OXOID)|Yeast extract (Oxoid)|Bacto yeast extract|Yeast extract (Difco)|Yeast extract (BD--Difco)|Yeast Extract (BD 212750)|Yeast extract (Difco or Oxoid)|Yeast extract (BD Bacto)|Bacto Yeast  Extract (Difco)|Yeast extract (BD-BBL)|Yeast extract (Oxoid LP0021, BD 212750)|Yeast Extract (BD 211928)|yeast extract (BD-Difco)|Difco Bacto-yeast extract|Dried yeast extract S (Wako)|Yeast Extract (BD, 212750)|Yeast extract(Oxoid)|Yeast extract (BBL)|Bacto-yeast extract|Yeast Extract(Difco)|yeast extract (BD Difco)|yeast extract (Nacalai Tesque, Kyoto, Japan)|yeast extract (Difco)|Yeast Extract (Hardy C7340)|Liquid yeast extract (Flow)|Fresh Baker's Yeast Extract|Yeast Extract (0.01 %|Fresh Baker’s Yeast Extract"
CHEBI:10100,CHEBI:10100,Zafirlukast,MAPPED,zafirlukast,CHEBI,EXACT_MATCH,0,0,cyclopentyl 3-[2-methoxy-4-(2-methylphenylsulfonylcarbamoyl)benzyl]-1-methyl-1H-indol-5-ylcarbamate
NCIT:C896,NCIT:C896,Zeikus trace element solution,MAPPED,Trace Element,NCIT,LEXICAL_MATCH,8,8,
CHEBI:32076,CHEBI:32076,Zinc Pyrithione,MAPPED,zinc pyrithione,CHEBI,EXACT_MATCH,0,0,bis[pyridine-2-thiolato-kappaS 1(oxide-kappaO)]zinc
CHEBI:35176,CHEBI:35176,Zinc sulfate,MAPPED,zinc sulfate,CHEBI,EXACT_MATCH,250,250,zinc sulfate (1:1)|zinc sulphate|zinc(2+) sulfate|zinc(II) sulfate|ZnSO4
CHEBI:49976,CHEBI:49976,ZnCl2,MAPPED,zinc dichloride,CHEBI,EXACT_MATCH,1839,1839,Zinc Chloride|Zinkchlorid|ZnCl|ZnCl 2|butter of zinc|chlorure de zinc|dichlorozinc|zinc dichloride|zinc(2+) chloride|zinc(II) chloride
CHEBI:132762,CHEBI:132762,ZnSO4 x 6 H2O,MAPPED,zinc sulfate hexahydrate,CHEBI,EXACT_MATCH,3,3,ZnSO4.6H2O|zinc sulfate hexahydrate|zinc sulfate--water (1/6)
CHEBI:32312,CHEBI:32312,ZnSO4 x 7 H2O,MAPPED,zinc sulfate heptahydrate,CHEBI,EXACT_MATCH,2410,2407,Zinc sulfate heptahydrate|Zn2SO4·7H2O|ZnSO4 . 7H2O|ZnSO4 .7H2O|ZnSO4 x 7H2O|ZnSO4 · 7H2O|ZnSO4 ⋅ 7H2O|ZnSO4.7H2O|ZnSO4·7H2O|ZnSO4⋅7H2O|ZnSO4・7H2O|zinc sulfate (1:1) heptahydrate|zinc sulfate heptahydrate (1:1:7)|ZnSO4-7H2O|zinc(2+) sulfate heptahydrate|ZnSO4 × 7H2O|ZnSO4*7 H2O|ZnSO4*7H2O|ZnSO4∙7H2O|ZnSO4･7H2O|zinc(2+) sulfate--water (1/7)
cas:9010-72-4,NCIT:C183132,Zymosan,MAPPED,Zymosan,NCIT,NARROW_MATCH,0,0,
CHEBI:16113,CHEBI:16113,cholesterol,MAPPED,cholesterol,CHEBI,EXACT_MATCH,4,4,"(3beta,14beta,17alpha)-cholest-5-en-3-ol|Cholest-5-en-3beta-ol|Cholesterin"
CHEBI:41981,CHEBI:41981,deuterated water,MAPPED,dideuterium oxide,CHEBI,CAS_RN_LOOKUP,1,1,((2)H2)water|D2O|Deuteriumoxid|[OD2]|deuterium oxide|dideuterium oxide|heavy water|schweres Wasser
CHEBI:17268,CHEBI:17268,m-Inositol,REJECTED,myo-inositol,CHEBI,CAS_RN_LOOKUP,0,0,"(1r,2r,3r,4r,5r,6r)-cyclohexane-1,2,3,4,5,6-hexol|1,3,5/2,4,6-cyclohexanehexol|Cocositol|Quercinitol|Scyllitol|scyllo-Inositol"
CHEBI:73685,CHEBI:73685,n-Acetyl-glutamine,MAPPED,N(2)-acetylglutamine,CHEBI,CAS_RN_LOOKUP,10,10,2-(acetylamino)-5-amino-5-oxopentanoic acid|Aceglutamide [INN]|Acetylglutamine|N(2)-acetylglutamine|N-Acetylglutamine
CHEBI:35704,CHEBI:35704,n-Acetyl-lysine,MAPPED,N(2)-acetyl-L-lysine,CHEBI,CAS_RN_LOOKUP,10,10,(2S)-2-(acetylamino)-6-aminohexanoic acid|N(2)-acetyl-L-lysine|N(alpha)-acetyl-L-lysine|N(alpha)-acetyllysine|N-alpha-acetyl-L-lysine|N2-Acetyl-L-lysine
CHEBI:47965,CHEBI:47966,n-Acetyl-muramic acid,REJECTED,aldehydo-N-acetylmuramic acid,CHEBI,CAS_RN_LOOKUP,0,0,(R)-2-acetamido-3-O-(1-carboxyethyl)-2-deoxy-D-glucose|2-acetamido-3-O-[(1R)-1-carboxyethyl]-2-deoxy-aldehydo-D-glucose|aldehydo-N-acetylmuramic acid
CHEBI:16870,CHEBI:16870,sn-glycero-3-phosphocholine,MAPPED,choline alfoscerate,CHEBI,CAS_RN_LOOKUP,10,10,"(2R)-2,3-dihydroxypropyl 2-(trimethylammonio)ethyl phosphate|(2R)-2,3-dihydroxypropyl 2-(trimethylazaniumyl)ethyl phosphate|2-{[(2R)-2,3-dihydroxypropoxy](hydroxy)phosphoryloxy}-N,N,N-trimethylethanaminium|Choline alphoscerate|Choline glycerophosphate|Cholini glycerophosphas|GPCho|Glicerofosfato de colina|Glycerol-3-phosphatidylcholine|Glycerophosphate de choline|L-Choline hydroxide 2,3-dihydroxypropyl hydrogen phosphate inner salt|L-alpha-Glycerophosphocholine|L-alpha-Glycerophosphorylcholine|alfoscerate de choline|alfoscerato de colina|alpha-Glycerophosphorylcholine|choline alfoscerate|cholini alfosceras|glycerol-3-phosphocholine|sn-3-GPC"
CHEBI:16610,CHEBI:16610,spermidine,MAPPED,spermidine,CHEBI,CAS_RN_LOOKUP,14,14,"1,5,10-triazadecane|4-azaoctamethylenediamine|4-azaoctane-1,8-diamine|N-(3-Aminopropyl)-1,4-butane-diamine|N-(3-aminopropyl)butane-1,4-diamine|Spermidin"
CHEBI:43796,CHEBI:43796,α-lipoic acid,MAPPED,(S)-lipoic acid,CHEBI,EXACT_MATCH,11,11,"(S)-(-)-lipoic acid|(S)-1,2-dithiolane-3-pentanoic acid|(S)-alpha-lipoic acid|5-[(3S)-1,2-dithiolan-3-yl]pentanoic acid|D,L-6,8-Thioctic Acid|L-1,2-dithiolane 3-valeric acid|L-6,8-thioctic acid|L-6-thioctic acid|S-LA|SLA|thioctic acid l-form"
cas:66455-27-4,cas:66455-27-4,α1-Acid Glycoprotein from bovine plasma,MAPPED,α1-Acid Glycoprotein from bovine plasma,CAS,FALLBACK_REGISTRY,0,0,
MICRO:0000182,MICRO:0000182,Tryptone peptone,MAPPED,tryptone,MICRO,EXACT_MATCH,1600,1583,
FOODON:03315720,FOODON:03315720,Phytone,MAPPED,"vegetable protein, hydrolyzed",FOODON,CLOSE_MATCH,1089,833,
FOODON:03315720,FOODON:03315720,Soya pepton,MAPPED,"vegetable protein, hydrolyzed",FOODON,CLOSE_MATCH,1089,833,
CHEBI:17521,CHEBI:17521,(-)-quinic Acid,MAPPED,(-)-quinic acid,CHEBI,EXACT_MATCH,6,6,
CHEBI:17019,CHEBI:17019,(R)-amygdalin,MAPPED,(R)-amygdalin,CHEBI,EXACT_MATCH,0,0,
CHEBI:16004,CHEBI:16004,(R)-lactate,MAPPED,(R)-lactate,CHEBI,EXACT_MATCH,0,0,D-lactate
CHEBI:30796,CHEBI:30796,(R)-malic Acid,MAPPED,(R)-malic acid,CHEBI,EXACT_MATCH,0,0,
CHEBI:6198,CHEBI:6198,(S)-azetidine-2-carboxylic Acid,MAPPED,(S)-azetidine-2-carboxylic acid,CHEBI,EXACT_MATCH,0,0,
CHEBI:32800,CHEBI:32800,(S)-mandelic Acid,MAPPED,(S)-mandelic acid,CHEBI,EXACT_MATCH,0,0,
CHEBI:35860,CHEBI:35860,1-methylphenanthrene,MAPPED,1-methylphenanthrene,CHEBI,EXACT_MATCH,0,0,
CHEBI:19475,CHEBI:19475,2-aminopentanoic Acid,MAPPED,2-aminopentanoic acid,CHEBI,EXACT_MATCH,0,0,
CHEBI:16808,CHEBI:16808,2-dehydro-D-gluconate,MAPPED,2-dehydro-D-gluconate,CHEBI,EXACT_MATCH,0,0,2-oxogluconate
CHEBI:64552,CHEBI:64552,2-hydroxybutyrate,MAPPED,2-hydroxybutyrate,CHEBI,EXACT_MATCH,0,0,Alpha-hydroxybutyrate
CHEBI:91043,CHEBI:91043,2-naphthyl Dihydrogen Phosphate,MAPPED,2-naphthyl dihydrogen phosphate,CHEBI,EXACT_MATCH,0,0,
CHEBI:90249,CHEBI:90249,2-naphthyl Tetradecanoate,MAPPED,2-naphthyl tetradecanoate,CHEBI,EXACT_MATCH,0,0,
CHEBI:16763,CHEBI:16763,2-oxobutanoate,MAPPED,2-oxobutanoate,CHEBI,EXACT_MATCH,0,0,
CHEBI:28644,CHEBI:28644,2-oxopentanoate,MAPPED,2-oxopentanoate,CHEBI,EXACT_MATCH,0,0,
CHEBI:87997,CHEBI:87997,3-aminobutyrate,MAPPED,3-aminobutyrate,CHEBI,EXACT_MATCH,0,0,
CHEBI:85256,CHEBI:85256,3-dehydro-D-gluconate,MAPPED,3-dehydro-D-gluconate,CHEBI,EXACT_MATCH,0,0,
CHEBI:16193,CHEBI:16193,3-hydroxybenzoate,MAPPED,3-hydroxybenzoate,CHEBI,EXACT_MATCH,0,0,
CHEBI:37054,CHEBI:37054,3-hydroxybutyrate,MAPPED,3-hydroxybutyrate,CHEBI,EXACT_MATCH,0,0,Beta-hydroxybutyrate
CHEBI:59899,CHEBI:59899,3-nitropropanoate,MAPPED,3-nitropropanoate,CHEBI,EXACT_MATCH,0,0,
CHEBI:51057,CHEBI:51057,3-phenylpropionate,MAPPED,3-phenylpropionate,CHEBI,EXACT_MATCH,0,0,
CHEBI:223561,CHEBI:223561,3-trehalosamine,MAPPED,3-trehalosamine,CHEBI,EXACT_MATCH,0,0,
CHEBI:32373,CHEBI:32373,4-coumarate,MAPPED,4-coumarate,CHEBI,EXACT_MATCH,0,0,
CHEBI:18240,CHEBI:18240,4-hydroxy-L-proline,MAPPED,4-hydroxy-L-proline,CHEBI,EXACT_MATCH,2,2,
CHEBI:16724,CHEBI:16724,4-hydroxybutyrate,MAPPED,4-hydroxybutyrate,CHEBI,EXACT_MATCH,0,0,
CHEBI:1904,CHEBI:1904,4-methylumbelliferone Beta-d-glucuronide,MAPPED,4-methylumbelliferone beta-D-glucuronide,CHEBI,EXACT_MATCH,0,0,
CHEBI:90128,CHEBI:90128,4-nitrophenyl 6-O-phosphono-beta-D-galactoside,MAPPED,4-nitrophenyl 6-O-phosphono-beta-D-galactoside,CHEBI,EXACT_MATCH,0,0,
CHEBI:90146,CHEBI:90146,4-nitrophenyl Beta-D-glucuronide,MAPPED,4-nitrophenyl beta-D-glucuronide,CHEBI,EXACT_MATCH,0,0,
CHEBI:90343,CHEBI:90343,4-nitrophenyl N-acetyl-beta-D-glucosaminide,MAPPED,4-nitrophenyl N-acetyl-beta-D-glucosaminide,CHEBI,EXACT_MATCH,0,0,
CHEBI:17440,CHEBI:17440,4-nitrophenyl Phosphate,MAPPED,4-nitrophenyl phosphate,CHEBI,EXACT_MATCH,0,0,
CHEBI:39150,CHEBI:39150,4-oxopentanoate,MAPPED,4-oxopentanoate,CHEBI,EXACT_MATCH,0,0,
CHEBI:37966,CHEBI:37966,4h-pyran-4-one,MAPPED,4H-pyran-4-one,CHEBI,EXACT_MATCH,0,0,
CHEBI:58143,CHEBI:58143,5-dehydro-D-gluconate,MAPPED,5-dehydro-D-gluconate,CHEBI,EXACT_MATCH,0,0,5-didehydro-D-gluconate
CHEBI:16010,CHEBI:16010,5-oxoproline,MAPPED,5-oxoproline,CHEBI,EXACT_MATCH,0,0,
CHEBI:63486,CHEBI:63486,8-azaguanine,MAPPED,8-azaguanine,CHEBI,EXACT_MATCH,0,0,
CHEBI:210557,CHEBI:210557,Abikoviromycin,MAPPED,Abikoviromycin,CHEBI,EXACT_MATCH,0,0,
CHEBI:27856,CHEBI:27856,Acetamide,MAPPED,acetamide,CHEBI,EXACT_MATCH,0,0,
CHEBI:13705,CHEBI:13705,Acetoacetate,MAPPED,acetoacetate,CHEBI,EXACT_MATCH,0,0,
CHEBI:15688,CHEBI:15688,Acetoin,MAPPED,acetoin,CHEBI,EXACT_MATCH,1,1,3-hydroxy 2-butanone
CHEBI:209246,CHEBI:209246,Acetomycin,MAPPED,Acetomycin,CHEBI,EXACT_MATCH,0,0,
CHEBI:27518,CHEBI:27518,Acetylene,MAPPED,acetylene,CHEBI,EXACT_MATCH,0,0,
CHEBI:16027,CHEBI:16027,Adenosine 5'-monophosphate,MAPPED,adenosine 5'-monophosphate,CHEBI,EXACT_MATCH,0,0,Amp
CHEBI:222816,CHEBI:222816,Alazopeptin,MAPPED,Alazopeptin,CHEBI,EXACT_MATCH,0,0,
CHEBI:58187,CHEBI:58187,Alginate,MAPPED,alginate,CHEBI,EXACT_MATCH,0,0,
CHEBI:17665,CHEBI:17665,Alpha-D-glucose 6-phosphate,MAPPED,alpha-D-glucose 6-phosphate,CHEBI,EXACT_MATCH,0,0,
CHEBI:86508,CHEBI:86508,Alpha-aminobutyrate,MAPPED,alpha-aminobutyrate,CHEBI,EXACT_MATCH,0,0,
CHEBI:157683,CHEBI:157683,Althiomycin,MAPPED,althiomycin,CHEBI,EXACT_MATCH,0,0,Matamycin
CHEBI:216618,CHEBI:216618,Amicoumacin B,MAPPED,Amicoumacin B,CHEBI,EXACT_MATCH,0,0,
CHEBI:2637,CHEBI:2637,Amikacin,MAPPED,amikacin,CHEBI,EXACT_MATCH,0,0,
CHEBI:33709,CHEBI:33709,Amino Acid,MAPPED,amino acid,CHEBI,EXACT_MATCH,0,0,
CHEBI:22507,CHEBI:22507,Aminoglycoside Antibiotic,MAPPED,aminoglycoside antibiotic,CHEBI,EXACT_MATCH,0,0,
CHEBI:160246,CHEBI:160246,Aminophenazone,MAPPED,aminophenazone,CHEBI,EXACT_MATCH,0,0,
CHEBI:16134,CHEBI:16134,Ammonia,MAPPED,ammonia,CHEBI,EXACT_MATCH,0,0,
CHEBI:28938,CHEBI:28938,Ammonium,MAPPED,ammonium,CHEBI,EXACT_MATCH,0,0,
CHEBI:201652,CHEBI:201652,Amphomycin,MAPPED,Amphomycin,CHEBI,EXACT_MATCH,0,0,
CHEBI:27613,CHEBI:27613,Amygdalin,MAPPED,amygdalin,CHEBI,EXACT_MATCH,0,0,
CHEBI:35298,CHEBI:35298,Anthracene,MAPPED,anthracene,CHEBI,EXACT_MATCH,0,0,
CHEBI:49322,CHEBI:49322,Anthracycline Antibiotic,MAPPED,anthracycline antibiotic,CHEBI,EXACT_MATCH,0,0,
CHEBI:197950,CHEBI:197950,Antimycin A3,MAPPED,Antimycin A3,CHEBI,EXACT_MATCH,0,0,
CHEBI:2766,CHEBI:2766,Aphidicolin,MAPPED,aphidicolin,CHEBI,EXACT_MATCH,0,0,
CHEBI:2790,CHEBI:2790,Apramycin,MAPPED,apramycin,CHEBI,EXACT_MATCH,0,0,
CHEBI:22605,CHEBI:22605,Arabinitol,MAPPED,arabinitol,CHEBI,EXACT_MATCH,0,0,
NCIT:C87429,NCIT:C87429,Arbutin,MAPPED,Arbutin,NCIT,EXACT_MATCH,0,0,
CHEBI:29582,CHEBI:29582,Ascomycin,MAPPED,ascomycin,CHEBI,EXACT_MATCH,0,0,
CHEBI:22651,CHEBI:22651,Ascorbate,MAPPED,ascorbate,CHEBI,EXACT_MATCH,7,7,
CHEBI:29995,CHEBI:29995,Aspartate,MAPPED,aspartate(2-),CHEBI,SYNONYM_MATCH,12,12,
CHEBI:40968,CHEBI:40968,Astaxanthin,MAPPED,astaxanthin,CHEBI,EXACT_MATCH,0,0,
CHEBI:37923,CHEBI:37923,Astromicin,MAPPED,astromicin,CHEBI,EXACT_MATCH,0,0,
CHEBI:156452,CHEBI:156452,Aureothricin,MAPPED,aureothricin,CHEBI,EXACT_MATCH,0,0,
CHEBI:50344,CHEBI:50344,Avermectin,MAPPED,avermectin,CHEBI,EXACT_MATCH,0,0,
CHEBI:74846,CHEBI:74846,Azaserine,MAPPED,azaserine,CHEBI,EXACT_MATCH,0,0,
CHEBI:132955,CHEBI:132955,Azelaate,MAPPED,azelaate,CHEBI,EXACT_MATCH,0,0,
CHEBI:2955,CHEBI:2955,Azithromycin,MAPPED,azithromycin,CHEBI,EXACT_MATCH,0,0,
CHEBI:30033,CHEBI:30033,Bacteriochlorophyll A,MAPPED,bacteriochlorophyll a,CHEBI,EXACT_MATCH,0,0,Bacteriochlorophyll Alpha
CHEBI:47250,CHEBI:47250,Balhimycin,MAPPED,balhimycin,CHEBI,EXACT_MATCH,0,0,
CHEBI:16716,CHEBI:16716,Benzene,MAPPED,benzene,CHEBI,EXACT_MATCH,1,1,
CHEBI:16150,CHEBI:16150,Benzoate,MAPPED,benzoate,CHEBI,EXACT_MATCH,2,2,
CHEBI:17682,CHEBI:17682,Benzoin,MAPPED,benzoin,CHEBI,EXACT_MATCH,0,0,
CHEBI:17987,CHEBI:17987,Benzyl Alcohol,MAPPED,benzyl alcohol,CHEBI,EXACT_MATCH,2,2,
CHEBI:27442,CHEBI:27442,Beta-D-fucose,MAPPED,beta-D-fucose,CHEBI,EXACT_MATCH,0,0,
CHEBI:28034,CHEBI:28034,Beta-D-galactoside,MAPPED,beta-D-galactoside,CHEBI,EXACT_MATCH,0,0,
CHEBI:28860,CHEBI:28860,Beta-D-glucuronic Acid,MAPPED,beta-D-glucuronic acid,CHEBI,EXACT_MATCH,0,0,
CHEBI:28161,CHEBI:28161,Beta-D-xylose,MAPPED,beta-D-xylose,CHEBI,EXACT_MATCH,0,0,
CHEBI:15903,CHEBI:15903,Beta-d-glucose,MAPPED,beta-D-glucose,CHEBI,EXACT_MATCH,16,16,
CHEBI:3098,CHEBI:3098,Bile Acid,MAPPED,bile acid,CHEBI,EXACT_MATCH,0,0,
CHEBI:17097,CHEBI:17097,Biphenyl,MAPPED,biphenyl,CHEBI,EXACT_MATCH,4,4,
CHEBI:218571,CHEBI:218571,Blasticidin A,MAPPED,Blasticidin A,CHEBI,EXACT_MATCH,0,0,
CHEBI:15353,CHEBI:15353,Blasticidin S,MAPPED,blasticidin S,CHEBI,EXACT_MATCH,0,0,
CHEBI:22907,CHEBI:22907,Bleomycin,MAPPED,bleomycin,CHEBI,EXACT_MATCH,0,0,
CHEBI:81193,CHEBI:81193,Bluensomycin,MAPPED,Bluensomycin,CHEBI,EXACT_MATCH,0,0,
CHEBI:78661,CHEBI:78661,Borrelidin,MAPPED,borrelidin,CHEBI,EXACT_MATCH,0,0,
CHEBI:73706,CHEBI:73706,Bromosuccinate,MAPPED,bromosuccinate,CHEBI,EXACT_MATCH,0,0,
CHEBI:43799,CHEBI:43799,Butan-1-amine,MAPPED,butan-1-amine,CHEBI,EXACT_MATCH,0,0,
CHEBI:17968,CHEBI:17968,Butyrate,MAPPED,butyrate,CHEBI,EXACT_MATCH,0,0,
CHEBI:29108,CHEBI:29108,Calcium(2+),MAPPED,calcium(2+),CHEBI,EXACT_MATCH,0,0,
CHEBI:3371,CHEBI:3371,Capreomycin,MAPPED,capreomycin,CHEBI,EXACT_MATCH,0,0,
CHEBI:17245,CHEBI:17245,Carbon Monoxide,MAPPED,carbon monoxide,CHEBI,EXACT_MATCH,2,2,
CHEBI:31359,CHEBI:31359,Carminomycin,MAPPED,carminomycin,CHEBI,EXACT_MATCH,0,0,
CHEBI:23044,CHEBI:23044,Carotenoid,MAPPED,carotenoid,CHEBI,EXACT_MATCH,0,0,
CHEBI:3435,CHEBI:3435,Carrageenan,MAPPED,carrageenan,CHEBI,EXACT_MATCH,0,0,
CHEBI:3479,CHEBI:3479,Cefadroxil,MAPPED,cefadroxil,CHEBI,EXACT_MATCH,0,0,
CHEBI:3537,CHEBI:3537,Cefaloridine,MAPPED,cefaloridine,CHEBI,EXACT_MATCH,0,0,
CHEBI:124991,CHEBI:124991,Cefalotin,MAPPED,cefalotin,CHEBI,EXACT_MATCH,0,0,
CHEBI:3480,CHEBI:3480,Cefamandole,MAPPED,cefamandole,CHEBI,EXACT_MATCH,0,0,
CHEBI:135817,CHEBI:135817,Cefminox,MAPPED,cefminox,CHEBI,EXACT_MATCH,0,0,
CHEBI:3493,CHEBI:3493,Cefoperazone,MAPPED,cefoperazone,CHEBI,EXACT_MATCH,0,0,
CHEBI:204928,CHEBI:204928,Cefotaxime,MAPPED,cefotaxime,CHEBI,EXACT_MATCH,0,0,
CHEBI:3499,CHEBI:3499,Cefotetan,MAPPED,cefotetan,CHEBI,EXACT_MATCH,0,0,
CHEBI:209807,CHEBI:209807,Cefoxitin,MAPPED,cefoxitin,CHEBI,EXACT_MATCH,1,1,
CHEBI:3504,CHEBI:3504,Cefpodoxime,MAPPED,cefpodoxime,CHEBI,EXACT_MATCH,0,0,
CHEBI:3506,CHEBI:3506,Cefprozil,MAPPED,cefprozil,CHEBI,EXACT_MATCH,0,0,
CHEBI:3508,CHEBI:3508,Ceftazidime,MAPPED,ceftazidime,CHEBI,EXACT_MATCH,0,0,
CHEBI:29007,CHEBI:29007,Ceftriaxone,MAPPED,ceftriaxone,CHEBI,EXACT_MATCH,0,0,
CHEBI:3515,CHEBI:3515,Cefuroxime,MAPPED,cefuroxime,CHEBI,EXACT_MATCH,0,0,
CHEBI:3517,CHEBI:3517,Cefuroxime Sodium,MAPPED,Cefuroxime sodium,CHEBI,EXACT_MATCH,0,0,
CHEBI:156421,CHEBI:156421,Celesticetin,MAPPED,celesticetin,CHEBI,EXACT_MATCH,0,0,
CHEBI:23066,CHEBI:23066,Cephalosporin,MAPPED,cephalosporin,CHEBI,EXACT_MATCH,0,0,
NCIT:C62021,NCIT:C62021,Cephalothin,MAPPED,Cephalothin,NCIT,EXACT_MATCH,0,0,
CHEBI:3580,CHEBI:3580,Chartreusin,MAPPED,Chartreusin,CHEBI,EXACT_MATCH,0,0,
CHEBI:81838,CHEBI:81838,Chloridazon,MAPPED,chloridazon,CHEBI,EXACT_MATCH,0,0,
CHEBI:27644,CHEBI:27644,Chlortetracycline,MAPPED,chlortetracycline,CHEBI,EXACT_MATCH,0,0,Chlortetracyclin
CHEBI:214436,CHEBI:214436,Cinerubin R,MAPPED,Cinerubin R,CHEBI,EXACT_MATCH,0,0,
CHEBI:141991,CHEBI:141991,Cinnamycin,MAPPED,cinnamycin,CHEBI,EXACT_MATCH,0,0,
CHEBI:3716,CHEBI:3716,Cinoxacin,MAPPED,cinoxacin,CHEBI,EXACT_MATCH,0,0,
CHEBI:100241,CHEBI:100241,Ciprofloxacin,MAPPED,ciprofloxacin,CHEBI,EXACT_MATCH,0,0,ciprofloxacin (if needed)
CHEBI:48947,CHEBI:48947,Clavulanic Acid,MAPPED,clavulanic acid,CHEBI,EXACT_MATCH,0,0,
CHEBI:3745,CHEBI:3745,Clindamycin,MAPPED,clindamycin,CHEBI,EXACT_MATCH,0,0,
CHEBI:49566,CHEBI:49566,Cloxacillin,MAPPED,cloxacillin,CHEBI,EXACT_MATCH,0,0,
CHEBI:3770,CHEBI:3770,Co-trimoxazole,MAPPED,co-trimoxazole,CHEBI,EXACT_MATCH,0,0,
CHEBI:3815,CHEBI:3815,Collagen,MAPPED,Collagen,CHEBI,EXACT_MATCH,0,0,
CHEBI:195250,CHEBI:195250,Corn Oil,MAPPED,corn oil,CHEBI,EXACT_MATCH,0,0,
CHEBI:23399,CHEBI:23399,Coumarate,MAPPED,coumarate,CHEBI,EXACT_MATCH,0,0,
CHEBI:62968,CHEBI:62968,Crystalline Cellulose,MAPPED,crystalline cellulose,CHEBI,EXACT_MATCH,0,0,
CHEBI:71987,CHEBI:71987,Curamycin A,MAPPED,curamycin A,CHEBI,EXACT_MATCH,0,0,
CHEBI:23456,CHEBI:23456,Cyclodextrin,MAPPED,cyclodextrin,CHEBI,EXACT_MATCH,0,0,
CHEBI:200226,CHEBI:200226,Cycloviracin B1,MAPPED,Cycloviracin B1,CHEBI,EXACT_MATCH,0,0,
CHEBI:202116,CHEBI:202116,Cycloviracin B2,MAPPED,Cycloviracin B2,CHEBI,EXACT_MATCH,0,0,
CHEBI:17376,CHEBI:17376,Cystine,MAPPED,cystine,CHEBI,EXACT_MATCH,1,1,
CHEBI:4056,CHEBI:4056,Cytochrome,MAPPED,cytochrome,CHEBI,EXACT_MATCH,0,0,
CHEBI:28847,CHEBI:28847,D-fucose,MAPPED,D-fucose,CHEBI,EXACT_MATCH,0,0,
CHEBI:12931,CHEBI:12931,D-galactonate,MAPPED,D-galactonate,CHEBI,EXACT_MATCH,0,0,
CHEBI:18391,CHEBI:18391,D-gluconate,MAPPED,D-gluconate,CHEBI,EXACT_MATCH,0,0,
CHEBI:17315,CHEBI:17315,D-glucosamine,MAPPED,D-glucosamine,CHEBI,EXACT_MATCH,0,0,
CHEBI:14314,CHEBI:14314,D-glucose 6-phosphate,MAPPED,D-glucose 6-phosphate,CHEBI,EXACT_MATCH,1,1,
CHEBI:15748,CHEBI:15748,D-glucuronate,MAPPED,D-glucuronate,CHEBI,EXACT_MATCH,0,0,
CHEBI:27947,CHEBI:27947,D-histidine,MAPPED,D-histidine,CHEBI,EXACT_MATCH,0,0,
CHEBI:16176,CHEBI:16176,D-ornithine,MAPPED,D-ornithine,CHEBI,EXACT_MATCH,0,0,
CHEBI:27605,CHEBI:27605,D-psicose,MAPPED,D-psicose,CHEBI,EXACT_MATCH,0,0,
CHEBI:63150,CHEBI:63150,D-rhamnose,MAPPED,D-rhamnose,CHEBI,EXACT_MATCH,0,0,
CHEBI:17317,CHEBI:17317,D-sorbose,MAPPED,D-sorbose,CHEBI,EXACT_MATCH,0,0,
CHEBI:16443,CHEBI:16443,D-tagatose,MAPPED,D-tagatose,CHEBI,EXACT_MATCH,0,0,
CHEBI:16398,CHEBI:16398,D-threonine,MAPPED,D-threonine,CHEBI,EXACT_MATCH,0,0,
CHEBI:27477,CHEBI:27477,D-valine,MAPPED,D-valine,CHEBI,EXACT_MATCH,0,0,
CHEBI:41977,CHEBI:41977,Daunorubicin,MAPPED,daunorubicin,CHEBI,EXACT_MATCH,0,0,
CHEBI:27689,CHEBI:27689,Decanoate,MAPPED,decanoate,CHEBI,EXACT_MATCH,0,0,
CHEBI:191094,CHEBI:191094,Decoyinine,MAPPED,Decoyinine,CHEBI,EXACT_MATCH,0,0,
CHEBI:50453,CHEBI:50453,Desferrioxamine,MAPPED,desferrioxamine,CHEBI,EXACT_MATCH,0,0,
CHEBI:27729,CHEBI:27729,Digitonin,MAPPED,digitonin,CHEBI,EXACT_MATCH,0,0,
CHEBI:38291,CHEBI:38291,Dihydrostreptomycin,MAPPED,dihydrostreptomycin,CHEBI,EXACT_MATCH,0,0,
CHEBI:4608,CHEBI:4608,Dimethyl Disulfide,MAPPED,dimethyl disulfide,CHEBI,EXACT_MATCH,0,0,
CHEBI:17170,CHEBI:17170,Dimethylamine,MAPPED,dimethylamine,CHEBI,EXACT_MATCH,0,0,
CHEBI:15379,CHEBI:15379,Dioxygen,MAPPED,dioxygen,CHEBI,EXACT_MATCH,0,0,
CHEBI:91260,CHEBI:91260,Disodium Malate,MAPPED,disodium malate,CHEBI,EXACT_MATCH,0,0,
NCIT:C61731,NCIT:C61731,Dl-alanine,MAPPED,DL-Alanine,NCIT,EXACT_MATCH,0,0,
CHEBI:46050,CHEBI:46050,Docosane,MAPPED,docosane,CHEBI,EXACT_MATCH,0,0,
CHEBI:18262,CHEBI:18262,Dodecanoate,MAPPED,dodecanoate,CHEBI,EXACT_MATCH,0,0,
CHEBI:135928,CHEBI:135928,Doripenem,MAPPED,doripenem,CHEBI,EXACT_MATCH,0,0,
CHEBI:36020,CHEBI:36020,Dotriacontane,MAPPED,dotriacontane,CHEBI,EXACT_MATCH,0,0,
CHEBI:28748,CHEBI:28748,Doxorubicin,MAPPED,doxorubicin,CHEBI,EXACT_MATCH,0,0,
CHEBI:50845,CHEBI:50845,Doxycycline,MAPPED,doxycycline,CHEBI,EXACT_MATCH,0,0,
CHEBI:157175,CHEBI:157175,Enoxacin,MAPPED,enoxacin,CHEBI,EXACT_MATCH,0,0,
CHEBI:35720,CHEBI:35720,Enrofloxacin,MAPPED,enrofloxacin,CHEBI,EXACT_MATCH,0,0,
CHEBI:42355,CHEBI:42355,Erythromycin A,MAPPED,erythromycin A,CHEBI,EXACT_MATCH,0,0,
CHEBI:28196,CHEBI:28196,Erythromycin B,MAPPED,erythromycin B,CHEBI,EXACT_MATCH,0,0,
CHEBI:33946,CHEBI:33946,Erythrose,MAPPED,erythrose,CHEBI,EXACT_MATCH,0,0,
CHEBI:72813,CHEBI:72813,Exopolysaccharide,MAPPED,exopolysaccharide,CHEBI,EXACT_MATCH,0,0,
CHEBI:5054,CHEBI:5054,Fibrin,MAPPED,Fibrin,CHEBI,EXACT_MATCH,0,0,
CHEBI:68590,CHEBI:68590,Fidaxomicin,MAPPED,fidaxomicin,CHEBI,EXACT_MATCH,0,0,
CHEBI:31810,CHEBI:31810,Fleroxacin,MAPPED,fleroxacin,CHEBI,EXACT_MATCH,0,0,
CHEBI:28266,CHEBI:28266,Fluorene,MAPPED,fluorene,CHEBI,EXACT_MATCH,0,0,
NCIT:C61766,NCIT:C61766,Fluorescein,MAPPED,Fluorescein,NCIT,EXACT_MATCH,0,0,
CHEBI:203275,CHEBI:203275,Formamicin,MAPPED,Formamicin,CHEBI,EXACT_MATCH,0,0,
CHEBI:15740,CHEBI:15740,Formate,MAPPED,formate,CHEBI,EXACT_MATCH,0,0,
CHEBI:81284,CHEBI:81284,Fortimicin B,MAPPED,Fortimicin B,CHEBI,EXACT_MATCH,0,0,
CHEBI:28915,CHEBI:28915,Fosfomycin,MAPPED,fosfomycin,CHEBI,EXACT_MATCH,0,0,
CHEBI:7508,CHEBI:7508,Framycetin,MAPPED,framycetin,CHEBI,EXACT_MATCH,0,0,
CHEBI:5181,CHEBI:5181,Fucoidan,MAPPED,fucoidan,CHEBI,EXACT_MATCH,0,0,
CHEBI:31639,CHEBI:31639,Fungichromin,MAPPED,Fungichromin,CHEBI,EXACT_MATCH,0,0,
CHEBI:5195,CHEBI:5195,Furazolidone,MAPPED,furazolidone,CHEBI,EXACT_MATCH,0,0,
CHEBI:71321,CHEBI:71321,Fusidate,MAPPED,fusidate,CHEBI,EXACT_MATCH,0,0,
CHEBI:16813,CHEBI:16813,Galactitol,MAPPED,galactitol,CHEBI,EXACT_MATCH,1,1,
CHEBI:24148,CHEBI:24148,Galactonate,MAPPED,galactonate,CHEBI,EXACT_MATCH,0,0,
CHEBI:24175,CHEBI:24175,Galacturonate,MAPPED,galacturonate,CHEBI,EXACT_MATCH,0,0,
CHEBI:81283,CHEBI:81283,Gentamicin C2b,MAPPED,Gentamicin C2b,CHEBI,EXACT_MATCH,0,0,
CHEBI:24265,CHEBI:24265,Gluconate,MAPPED,gluconate,CHEBI,EXACT_MATCH,0,0,
CHEBI:5417,CHEBI:5417,Glucosamine,MAPPED,glucosamine,CHEBI,EXACT_MATCH,0,0,
CHEBI:24297,CHEBI:24297,Glucuronate,MAPPED,glucuronate,CHEBI,EXACT_MATCH,0,0,
CHEBI:24329,CHEBI:24329,Glutarate,MAPPED,glutarate,CHEBI,EXACT_MATCH,0,0,
CHEBI:33871,CHEBI:33871,Glycerate,MAPPED,glycerate,CHEBI,EXACT_MATCH,0,0,
CHEBI:29805,CHEBI:29805,Glycolate,MAPPED,glycolate,CHEBI,EXACT_MATCH,2,2,
CHEBI:36655,CHEBI:36655,Glyoxylate,MAPPED,glyoxylate,CHEBI,EXACT_MATCH,0,0,
CHEBI:5530,CHEBI:5530,Gramicidin S,MAPPED,gramicidin S,CHEBI,EXACT_MATCH,0,0,
CHEBI:5533,CHEBI:5533,Granaticin,MAPPED,granaticin,CHEBI,EXACT_MATCH,0,0,
CHEBI:32735,CHEBI:32735,Guanidinium Chloride,MAPPED,guanidinium chloride,CHEBI,EXACT_MATCH,0,0,
CHEBI:32931,CHEBI:32931,Henicosane,MAPPED,henicosane,CHEBI,EXACT_MATCH,0,0,
CHEBI:7896,CHEBI:7896,Hexadecanoate,MAPPED,hexadecanoate,CHEBI,EXACT_MATCH,0,0,
CHEBI:29021,CHEBI:29021,Hexane,MAPPED,hexane,CHEBI,EXACT_MATCH,0,0,
CHEBI:17120,CHEBI:17120,Hexanoate,MAPPED,hexanoate,CHEBI,EXACT_MATCH,0,0,
CHEBI:51963,CHEBI:51963,Hopanoid,MAPPED,hopanoid,CHEBI,EXACT_MATCH,0,0,
CHEBI:24668,CHEBI:24668,Hydroxyacetophenone,MAPPED,hydroxyacetophenone,CHEBI,EXACT_MATCH,0,0,
CHEBI:85249,CHEBI:85249,Hydroxyethylcellulose,MAPPED,hydroxyethylcellulose,CHEBI,EXACT_MATCH,0,0,
CHEBI:24753,CHEBI:24753,Hygromycin,MAPPED,hygromycin,CHEBI,EXACT_MATCH,0,0,
CHEBI:69414,CHEBI:69414,Hygromycin A,MAPPED,hygromycin A,CHEBI,EXACT_MATCH,0,0,
CHEBI:43619,CHEBI:43619,Icosane,MAPPED,icosane,CHEBI,EXACT_MATCH,0,0,
CHEBI:30854,CHEBI:30854,Indole-3-acetate,MAPPED,indole-3-acetate,CHEBI,EXACT_MATCH,0,0,
CHEBI:79394,CHEBI:79394,Indolmycin,MAPPED,indolmycin,CHEBI,EXACT_MATCH,0,0,
CHEBI:169991,CHEBI:169991,Indoxyl Acetate,MAPPED,Indoxyl acetate,CHEBI,EXACT_MATCH,0,0,
CHEBI:16382,CHEBI:16382,Iodide,MAPPED,iodide,CHEBI,EXACT_MATCH,0,0,
CHEBI:37951,CHEBI:37951,Isepamicin,MAPPED,isepamicin,CHEBI,EXACT_MATCH,0,0,
CHEBI:48944,CHEBI:48944,Isobutyrate,MAPPED,isobutyrate,CHEBI,EXACT_MATCH,0,0,
CHEBI:74904,CHEBI:74904,Isocaproate,MAPPED,isocaproate,CHEBI,EXACT_MATCH,0,0,
CHEBI:17965,CHEBI:17965,Isoorientin,MAPPED,isoorientin,CHEBI,EXACT_MATCH,0,0,
CHEBI:48942,CHEBI:48942,Isovalerate,MAPPED,isovalerate,CHEBI,EXACT_MATCH,0,0,
CHEBI:18330,CHEBI:18330,Isovitexin,MAPPED,isovitexin,CHEBI,EXACT_MATCH,0,0,
CHEBI:81419,CHEBI:81419,Kasugamycin,MAPPED,kasugamycin,CHEBI,EXACT_MATCH,0,0,
CHEBI:21217,CHEBI:21217,L-alaninamide,MAPPED,L-alaninamide,CHEBI,EXACT_MATCH,0,0,
CHEBI:28120,CHEBI:28120,L-fructose,MAPPED,L-fructose,CHEBI,EXACT_MATCH,0,0,
CHEBI:53071,CHEBI:53071,L-galactonate,MAPPED,L-galactonate,CHEBI,EXACT_MATCH,0,0,
CHEBI:90447,CHEBI:90447,L-histidine 2-naphthylamide,MAPPED,L-histidine 2-naphthylamide,CHEBI,EXACT_MATCH,0,0,
CHEBI:90741,CHEBI:90741,L-leucylglycine 2-naphthylamide,MAPPED,L-leucylglycine 2-naphthylamide,CHEBI,EXACT_MATCH,0,0,
CHEBI:62320,CHEBI:62320,L-lyxose,MAPPED,L-lyxose,CHEBI,EXACT_MATCH,0,0,
CHEBI:18347,CHEBI:18347,L-norleucine,MAPPED,L-norleucine,CHEBI,EXACT_MATCH,0,0,
CHEBI:90600,CHEBI:90600,L-proline 2-naphthylamide,MAPPED,L-proline 2-naphthylamide,CHEBI,EXACT_MATCH,0,0,
CHEBI:90603,CHEBI:90603,L-serine 2-naphthylamide,MAPPED,L-serine 2-naphthylamide,CHEBI,EXACT_MATCH,0,0,
CHEBI:90607,CHEBI:90607,L-tyrosine 2-naphthylamide,MAPPED,L-tyrosine 2-naphthylamide,CHEBI,EXACT_MATCH,0,0,
CHEBI:25000,CHEBI:25000,Lactone,MAPPED,lactone,CHEBI,EXACT_MATCH,0,0,
CHEBI:61995,CHEBI:61995,Lecithin,MAPPED,lecithin,CHEBI,EXACT_MATCH,0,0,
CHEBI:6426,CHEBI:6426,Leupeptin,MAPPED,leupeptin,CHEBI,EXACT_MATCH,0,0,
CHEBI:6457,CHEBI:6457,Lignin,MAPPED,lignin,CHEBI,EXACT_MATCH,0,0,
CHEBI:6472,CHEBI:6472,Lincomycin,MAPPED,lincomycin,CHEBI,EXACT_MATCH,0,0,
CHEBI:116278,CHEBI:116278,Lomefloxacin,MAPPED,lomefloxacin,CHEBI,EXACT_MATCH,0,0,
CHEBI:224243,CHEBI:224243,Lomofungin,MAPPED,Lomofungin,CHEBI,EXACT_MATCH,0,0,
CHEBI:135874,CHEBI:135874,Lucimycin,MAPPED,lucimycin,CHEBI,EXACT_MATCH,0,0,
CHEBI:25094,CHEBI:25094,Lysine,MAPPED,lysine,CHEBI,EXACT_MATCH,11,11,
CHEBI:212437,CHEBI:212437,Lysocellin,MAPPED,Lysocellin,CHEBI,EXACT_MATCH,0,0,
CHEBI:25105,CHEBI:25105,Macrolide Antibiotic,MAPPED,macrolide antibiotic,CHEBI,EXACT_MATCH,0,0,
CHEBI:18420,CHEBI:18420,Magnesium(2+),MAPPED,magnesium(2+),CHEBI,EXACT_MATCH,0,0,
CHEBI:48537,CHEBI:48537,Malonamide,MAPPED,malonamide,CHEBI,EXACT_MATCH,0,0,
CHEBI:61993,CHEBI:61993,Maltotriose,MAPPED,maltotriose,CHEBI,EXACT_MATCH,0,0,
NCIT:C624,NCIT:C624,Manganese,MAPPED,Manganese,NCIT,EXACT_MATCH,2,2,
CHEBI:37684,CHEBI:37684,Mannose,MAPPED,mannose,CHEBI,EXACT_MATCH,0,0,
CHEBI:221095,CHEBI:221095,Marinostatin,MAPPED,Marinostatin,CHEBI,EXACT_MATCH,0,0,
CHEBI:89634,CHEBI:89634,Melanin,MAPPED,Melanin,CHEBI,EXACT_MATCH,0,0,
CHEBI:6731,CHEBI:6731,Melezitose,MAPPED,melezitose,CHEBI,EXACT_MATCH,2,2,
CHEBI:16374,CHEBI:16374,Menaquinone,MAPPED,menaquinone,CHEBI,EXACT_MATCH,0,0,
CHEBI:6805,CHEBI:6805,Methacycline,MAPPED,methacycline,CHEBI,EXACT_MATCH,0,0,
CHEBI:6827,CHEBI:6827,Methicillin,MAPPED,methicillin,CHEBI,EXACT_MATCH,0,0,
CHEBI:74611,CHEBI:74611,Methyl (R)-lactate,MAPPED,methyl (R)-lactate,CHEBI,EXACT_MATCH,0,0,D-lactic Acid Methyl Ester
CHEBI:43943,CHEBI:43943,Methyl Alpha-D-mannoside,MAPPED,methyl alpha-D-mannoside,CHEBI,EXACT_MATCH,0,0,
CHEBI:74863,CHEBI:74863,Methyl Beta-D-xylopyranoside,MAPPED,methyl beta-D-xylopyranoside,CHEBI,EXACT_MATCH,0,0,
CHEBI:37657,CHEBI:37657,Methyl D-glucoside,MAPPED,methyl D-glucoside,CHEBI,EXACT_MATCH,0,0,
CHEBI:51850,CHEBI:51850,Methyl Pyruvate,MAPPED,methyl pyruvate,CHEBI,EXACT_MATCH,0,0,
CHEBI:6919,CHEBI:6919,Mezlocillin,MAPPED,mezlocillin,CHEBI,EXACT_MATCH,0,0,
CHEBI:31845,CHEBI:31845,Midecamycin,MAPPED,Midecamycin,CHEBI,EXACT_MATCH,0,0,
CHEBI:50694,CHEBI:50694,Minocycline,MAPPED,minocycline,CHEBI,EXACT_MATCH,0,0,
CHEBI:75146,CHEBI:75146,Monomethyl Succinate,MAPPED,monomethyl succinate,CHEBI,EXACT_MATCH,0,0,
NCIT:C16883,NCIT:C16883,Mucin,MAPPED,Mucin,NCIT,EXACT_MATCH,0,0,
CHEBI:63154,CHEBI:63154,N-acetyl-beta-D-mannosamine,MAPPED,N-acetyl-beta-D-mannosamine,CHEBI,EXACT_MATCH,0,0,
CHEBI:28800,CHEBI:28800,N-acetylgalactosamine,MAPPED,N-acetylgalactosamine,CHEBI,EXACT_MATCH,0,0,
CHEBI:35418,CHEBI:35418,N-acetylneuraminate,MAPPED,N-acetylneuraminate,CHEBI,EXACT_MATCH,0,0,
CHEBI:125610,CHEBI:125610,N-acetyltyramine,MAPPED,N-acetyltyramine,CHEBI,EXACT_MATCH,0,0,
CHEBI:29649,CHEBI:29649,Narbomycin,MAPPED,narbomycin,CHEBI,EXACT_MATCH,0,0,
CHEBI:7488,CHEBI:7488,Natamycin,MAPPED,natamycin,CHEBI,EXACT_MATCH,0,0,
CHEBI:215310,CHEBI:215310,Neoantimycin,MAPPED,Neoantimycin,CHEBI,EXACT_MATCH,0,0,
CHEBI:7528,CHEBI:7528,Netilmycin,MAPPED,netilmycin,CHEBI,EXACT_MATCH,0,0,Netilmicin
CHEBI:31908,CHEBI:31908,Niddamycin,MAPPED,Niddamycin,CHEBI,EXACT_MATCH,0,0,
CHEBI:17632,CHEBI:17632,Nitrate,MAPPED,nitrate,CHEBI,EXACT_MATCH,7,7,
CHEBI:16301,CHEBI:16301,Nitrite,MAPPED,nitrite,CHEBI,EXACT_MATCH,0,0,
CHEBI:202593,CHEBI:202593,Nocardimicin G,MAPPED,Nocardimicin G,CHEBI,EXACT_MATCH,0,0,
CHEBI:213460,CHEBI:213460,Nocardimicin H,MAPPED,Nocardimicin H,CHEBI,EXACT_MATCH,0,0,
CHEBI:203663,CHEBI:203663,Nocardimicin I,MAPPED,Nocardimicin I,CHEBI,EXACT_MATCH,0,0,
CHEBI:44504,CHEBI:44504,Nogalamycin,MAPPED,nogalamycin,CHEBI,EXACT_MATCH,0,0,
CHEBI:28945,CHEBI:28945,Nojirimycin,MAPPED,nojirimycin,CHEBI,EXACT_MATCH,0,0,
CHEBI:28368,CHEBI:28368,Novobiocin,MAPPED,novobiocin,CHEBI,EXACT_MATCH,0,0,
CHEBI:166872,CHEBI:166872,Nucleocidin,MAPPED,nucleocidin,CHEBI,EXACT_MATCH,0,0,
CHEBI:7660,CHEBI:7660,Nystatin,MAPPED,nystatin,CHEBI,EXACT_MATCH,0,0,
CHEBI:16869,CHEBI:16869,Oleandomycin,MAPPED,oleandomycin,CHEBI,EXACT_MATCH,0,0,
CHEBI:86455,CHEBI:86455,Optochin,MAPPED,optochin,CHEBI,EXACT_MATCH,0,0,
CHEBI:18257,CHEBI:18257,Ornithine,MAPPED,ornithine,CHEBI,EXACT_MATCH,0,0,
CHEBI:77735,CHEBI:77735,Ossamycin,MAPPED,ossamycin,CHEBI,EXACT_MATCH,0,0,
CHEBI:7809,CHEBI:7809,Oxacillin,MAPPED,oxacillin,CHEBI,EXACT_MATCH,0,0,
CHEBI:132952,CHEBI:132952,Oxalate,MAPPED,oxalate,CHEBI,EXACT_MATCH,0,0,
CHEBI:220394,CHEBI:220394,Oxamicetin,MAPPED,Oxamicetin,CHEBI,EXACT_MATCH,0,0,
CHEBI:59066,CHEBI:59066,Oxolinate,MAPPED,oxolinate,CHEBI,EXACT_MATCH,0,0,
CHEBI:27701,CHEBI:27701,Oxytetracycline,MAPPED,oxytetracycline,CHEBI,EXACT_MATCH,0,0,
CHEBI:7934,CHEBI:7934,Paromomycin,MAPPED,paromomycin,CHEBI,EXACT_MATCH,0,0,Neomycin E
CHEBI:50199,CHEBI:50199,Pefloxacin,MAPPED,pefloxacin,CHEBI,EXACT_MATCH,0,0,
CHEBI:28851,CHEBI:28851,Phenanthrene,MAPPED,phenanthrene,CHEBI,EXACT_MATCH,0,0,
CHEBI:27446,CHEBI:27446,Phenoxymethylpenicillin,MAPPED,phenoxymethylpenicillin,CHEBI,EXACT_MATCH,0,0,
CHEBI:18401,CHEBI:18401,Phenylacetate,MAPPED,phenylacetate,CHEBI,EXACT_MATCH,1,1,
CHEBI:50048,CHEBI:50048,Phenylethylamine,MAPPED,phenylethylamine,CHEBI,EXACT_MATCH,0,0,
CHEBI:18132,CHEBI:18132,Phosphocholine,MAPPED,phosphocholine,CHEBI,EXACT_MATCH,0,0,
CHEBI:8232,CHEBI:8232,Piperacillin,MAPPED,piperacillin,CHEBI,EXACT_MATCH,0,0,
CHEBI:53156,CHEBI:53156,Polychlorobiphenyl,MAPPED,polychlorobiphenyl,CHEBI,EXACT_MATCH,0,0,
CHEBI:59062,CHEBI:59062,Polymyxin,MAPPED,polymyxin,CHEBI,EXACT_MATCH,0,0,
CHEBI:208611,CHEBI:208611,Porfiromycin,MAPPED,Porfiromycin,CHEBI,EXACT_MATCH,0,0,
CHEBI:8337,CHEBI:8337,Porphyrin,MAPPED,porphyrin,CHEBI,EXACT_MATCH,0,0,
NCIT:C765,NCIT:C765,Potassium,MAPPED,Potassium,NCIT,EXACT_MATCH,3,3,
CHEBI:32032,CHEBI:32032,Potassium Gluconate,MAPPED,Potassium gluconate,CHEBI,EXACT_MATCH,31,31,
CHEBI:83230,CHEBI:83230,Pradimicin,MAPPED,pradimicin,CHEBI,EXACT_MATCH,0,0,
CHEBI:63618,CHEBI:63618,Pravastatin,MAPPED,pravastatin,CHEBI,EXACT_MATCH,0,0,
CHEBI:85274,CHEBI:85274,Pristinamycin,MAPPED,pristinamycin,CHEBI,EXACT_MATCH,0,0,
CHEBI:45422,CHEBI:45422,Propionamide,MAPPED,propionamide,CHEBI,EXACT_MATCH,0,0,
CHEBI:17272,CHEBI:17272,Propionate,MAPPED,propionate,CHEBI,EXACT_MATCH,0,0,
CHEBI:26401,CHEBI:26401,Purines,MAPPED,purines,CHEBI,EXACT_MATCH,0,0,
CHEBI:17939,CHEBI:17939,Puromycin,MAPPED,puromycin,CHEBI,EXACT_MATCH,0,0,
CHEBI:39106,CHEBI:39106,Pyrene,MAPPED,pyrene,CHEBI,EXACT_MATCH,0,0,
CHEBI:221765,CHEBI:221765,Pyridomycin,MAPPED,Pyridomycin,CHEBI,EXACT_MATCH,0,0,
CHEBI:156550,CHEBI:156550,Pyrrolomycin A,MAPPED,pyrrolomycin A,CHEBI,EXACT_MATCH,0,0,
CHEBI:220052,CHEBI:220052,Pyrrolomycin B,MAPPED,Pyrrolomycin B,CHEBI,EXACT_MATCH,0,0,
CHEBI:26490,CHEBI:26490,Quinate,MAPPED,quinate,CHEBI,EXACT_MATCH,2,2,
CHEBI:29671,CHEBI:29671,Resistomycin,MAPPED,Resistomycin,CHEBI,EXACT_MATCH,0,0,
CHEBI:26546,CHEBI:26546,Rhamnose,MAPPED,rhamnose,CHEBI,EXACT_MATCH,2,2,
CHEBI:15963,CHEBI:15963,Ribitol,MAPPED,ribitol,CHEBI,EXACT_MATCH,0,0,
CHEBI:45367,CHEBI:45367,Rifabutin,MAPPED,rifabutin,CHEBI,EXACT_MATCH,0,0,
NCIT:C29406,NCIT:C29406,Rifamycin,MAPPED,Rifamycin,NCIT,EXACT_MATCH,0,0,
CHEBI:17876,CHEBI:17876,Rifamycin B,MAPPED,rifamycin B,CHEBI,EXACT_MATCH,0,0,
CHEBI:16324,CHEBI:16324,Rifamycin O,MAPPED,rifamycin O,CHEBI,EXACT_MATCH,0,0,
CHEBI:34948,CHEBI:34948,Rifamycin S,MAPPED,Rifamycin S,CHEBI,EXACT_MATCH,0,0,
CHEBI:29673,CHEBI:29673,Rifamycin Sv,MAPPED,rifamycin SV,CHEBI,EXACT_MATCH,0,0,
CHEBI:87084,CHEBI:87084,Rosaramicin,MAPPED,rosaramicin,CHEBI,EXACT_MATCH,0,0,
CHEBI:48844,CHEBI:48844,Roxithromycin,MAPPED,roxithromycin,CHEBI,EXACT_MATCH,0,0,
CHEBI:140148,CHEBI:140148,Rubrolone,MAPPED,rubrolone,CHEBI,EXACT_MATCH,0,0,
CHEBI:17814,CHEBI:17814,Salicin,MAPPED,salicin,CHEBI,EXACT_MATCH,0,0,
CHEBI:80025,CHEBI:80025,Salinomycin,MAPPED,Salinomycin,CHEBI,EXACT_MATCH,0,0,
CHEBI:221703,CHEBI:221703,Sandramycin,MAPPED,Sandramycin,CHEBI,EXACT_MATCH,0,0,
CHEBI:15075,CHEBI:15075,Selenate,MAPPED,selenate,CHEBI,EXACT_MATCH,0,0,
CHEBI:17822,CHEBI:17822,Serine,MAPPED,serine,CHEBI,EXACT_MATCH,1,1,
CHEBI:226519,CHEBI:226519,Showdomycin,MAPPED,Showdomycin,CHEBI,EXACT_MATCH,0,0,
CHEBI:62983,CHEBI:62983,Sodium Malonate,MAPPED,sodium malonate,CHEBI,EXACT_MATCH,0,0,
CHEBI:27922,CHEBI:27922,Sorbose,MAPPED,sorbose,CHEBI,EXACT_MATCH,0,0,
CHEBI:9215,CHEBI:9215,Spectinomycin,MAPPED,spectinomycin,CHEBI,EXACT_MATCH,1,1,
CHEBI:39207,CHEBI:39207,Spinosyn,MAPPED,spinosyn,CHEBI,EXACT_MATCH,0,0,
CHEBI:31168,CHEBI:31168,Spiramycin II,MAPPED,spiramycin II,CHEBI,EXACT_MATCH,0,0,Acetylspiramycin
CHEBI:15738,CHEBI:15738,Staurosporine,MAPPED,staurosporine,CHEBI,EXACT_MATCH,0,0,
CHEBI:15889,CHEBI:15889,Sterol,MAPPED,sterol,CHEBI,EXACT_MATCH,0,0,
CHEBI:45773,CHEBI:45773,Streptolydigin,MAPPED,streptolydigin,CHEBI,EXACT_MATCH,0,0,
CHEBI:17076,CHEBI:17076,Streptomycin,MAPPED,streptomycin,CHEBI,EXACT_MATCH,2,2,
CHEBI:26790,CHEBI:26790,Streptovaricin,MAPPED,streptovaricin,CHEBI,EXACT_MATCH,0,0,
CHEBI:143136,CHEBI:143136,Succinamate,MAPPED,succinamate,CHEBI,EXACT_MATCH,0,0,
CHEBI:9321,CHEBI:9321,Sulbactam,MAPPED,sulbactam,CHEBI,EXACT_MATCH,0,0,
CHEBI:32161,CHEBI:32161,Sulfadimethoxine,MAPPED,sulfadimethoxine,CHEBI,EXACT_MATCH,0,0,
CHEBI:102130,CHEBI:102130,Sulfamerazine,MAPPED,sulfamerazine,CHEBI,EXACT_MATCH,0,0,
CHEBI:53727,CHEBI:53727,Sulfamethoxydiazine,MAPPED,sulfamethoxydiazine,CHEBI,EXACT_MATCH,0,0,
CHEBI:16189,CHEBI:16189,Sulfate,MAPPED,sulfate,CHEBI,EXACT_MATCH,4,4,
CHEBI:26822,CHEBI:26822,Sulfide,MAPPED,sulfide,CHEBI,EXACT_MATCH,0,0,
CHEBI:102484,CHEBI:102484,Sulfisoxazole,MAPPED,sulfisoxazole,CHEBI,EXACT_MATCH,0,0,
CHEBI:17359,CHEBI:17359,Sulfite,MAPPED,sulfite,CHEBI,EXACT_MATCH,0,0,
CHEBI:35358,CHEBI:35358,Sulfonamide,MAPPED,sulfonamide,CHEBI,EXACT_MATCH,0,0,
CHEBI:33954,CHEBI:33954,Tagatose,MAPPED,tagatose,CHEBI,EXACT_MATCH,0,0,
CHEBI:132950,CHEBI:132950,Tartrate,MAPPED,tartrate,CHEBI,EXACT_MATCH,0,0,Tartate
CHEBI:36257,CHEBI:36257,Taurocholate,MAPPED,taurocholate,CHEBI,EXACT_MATCH,0,0,
CHEBI:9421,CHEBI:9421,Tazobactam,MAPPED,tazobactam,CHEBI,EXACT_MATCH,0,0,
CHEBI:29687,CHEBI:29687,Teicoplanin,MAPPED,teicoplanin,CHEBI,EXACT_MATCH,0,0,
CHEBI:30477,CHEBI:30477,Tellurite,MAPPED,tellurite,CHEBI,EXACT_MATCH,0,0,
CHEBI:51348,CHEBI:51348,Tetraphene,MAPPED,tetraphene,CHEBI,EXACT_MATCH,0,0,
CHEBI:75198,CHEBI:75198,Tetrazolium Blue,MAPPED,tetrazolium blue,CHEBI,EXACT_MATCH,0,0,
CHEBI:9506,CHEBI:9506,Tetrodotoxin,MAPPED,tetrodotoxin,CHEBI,EXACT_MATCH,0,0,
CHEBI:197442,CHEBI:197442,Texazone,MAPPED,texazone,CHEBI,EXACT_MATCH,0,0,
CHEBI:156450,CHEBI:156450,Thiolutin,MAPPED,thiolutin,CHEBI,EXACT_MATCH,0,0,
CHEBI:29693,CHEBI:29693,Thiostrepton,MAPPED,thiostrepton,CHEBI,EXACT_MATCH,0,0,Bryamycin
CHEBI:26986,CHEBI:26986,Threonine,MAPPED,threonine,CHEBI,EXACT_MATCH,22,22,DL-threonine
CHEBI:9587,CHEBI:9587,Ticarcillin,MAPPED,ticarcillin,CHEBI,EXACT_MATCH,0,0,
CHEBI:149836,CHEBI:149836,Tigecycline,MAPPED,tigecycline,CHEBI,EXACT_MATCH,0,0,
CHEBI:28864,CHEBI:28864,Tobramycin,MAPPED,tobramycin,CHEBI,EXACT_MATCH,0,0,
CHEBI:134606,CHEBI:134606,Toyocamycin,MAPPED,toyocamycin,CHEBI,EXACT_MATCH,0,0,
CHEBI:35020,CHEBI:35020,Tributyrin,MAPPED,tributyrin,CHEBI,EXACT_MATCH,0,0,
CHEBI:45735,CHEBI:45735,Troleandomycin,MAPPED,troleandomycin,CHEBI,EXACT_MATCH,0,0,
CHEBI:66279,CHEBI:66279,Tubelactomicin A,MAPPED,tubelactomicin A,CHEBI,EXACT_MATCH,0,0,
CHEBI:48267,CHEBI:48267,Tubercidin,MAPPED,tubercidin,CHEBI,EXACT_MATCH,0,0,
CHEBI:27248,CHEBI:27248,Urocanic Acid,MAPPED,urocanic acid,CHEBI,EXACT_MATCH,0,0,
CHEBI:31011,CHEBI:31011,Valerate,MAPPED,valerate,CHEBI,EXACT_MATCH,0,0,
CHEBI:28001,CHEBI:28001,Vancomycin,MAPPED,vancomycin,CHEBI,EXACT_MATCH,1,1,
CHEBI:213208,CHEBI:213208,Vancoresmycin,MAPPED,Vancoresmycin,CHEBI,EXACT_MATCH,0,0,
CHEBI:15782,CHEBI:15782,Viomycin,MAPPED,viomycin,CHEBI,EXACT_MATCH,0,0,
CHEBI:87209,CHEBI:87209,Virginiamycin,MAPPED,virginiamycin,CHEBI,EXACT_MATCH,0,0,
CHEBI:189560,CHEBI:189560,Xanthan,MAPPED,xanthan,CHEBI,EXACT_MATCH,0,0,
CHEBI:338412,CHEBI:338412,(-)-anisomycin,MAPPED,(-)-anisomycin,CHEBI,EXACT_MATCH,0,0,
CHEBI:747005,CHEBI:747005,1-chlorobutane,MAPPED,1-chlorobutane,CHEBI,EXACT_MATCH,0,0,
CHEBI:747004,CHEBI:747004,1-chloropropane,MAPPED,1-chloropropane,CHEBI,EXACT_MATCH,0,0,
CHEBI:546840,CHEBI:546840,4-nitrophenyl Alpha-D-galactoside,MAPPED,4-nitrophenyl alpha-D-galactoside,CHEBI,EXACT_MATCH,0,0,
CHEBI:474053,CHEBI:474053,Cefazolin,MAPPED,cefazolin,CHEBI,EXACT_MATCH,0,0,
CHEBI:478164,CHEBI:478164,Cefepime,MAPPED,cefepime,CHEBI,EXACT_MATCH,0,0,
CHEBI:472657,CHEBI:472657,Cefixime,MAPPED,cefixime,CHEBI,EXACT_MATCH,0,0,
CHEBI:355510,CHEBI:355510,Cefotiam,MAPPED,cefotiam,CHEBI,EXACT_MATCH,0,0,
CHEBI:404903,CHEBI:404903,Ertapenem,MAPPED,ertapenem,CHEBI,EXACT_MATCH,0,0,
CHEBI:495056,CHEBI:495056,Gamma-cyclodextrin,MAPPED,gamma-cyclodextrin,CHEBI,EXACT_MATCH,0,0,
CHEBI:471744,CHEBI:471744,Imipenem,MAPPED,imipenem,CHEBI,EXACT_MATCH,0,0,
FOODON:03315719,FOODON:03315719,Casamino acids,MAPPED,mammalian milk protein (hydrolyzed),FOODON,CLOSE_MATCH,1313,1247,Casamino Acid|Casaminoacids|Casmino Acid|Casmino acids|carbocerate|Casamino Acids (0.01 %
cas:150-90-3,CHEBI:63675,Sodium succinate dibasic,MAPPED,sodium succinate (anhydrous),CHEBI,NARROW_MATCH,6,6,"(2S,3S,4R,5S,6S)-2-[(3R,4R,5S,6R)-2,3-Dihydroxy-6-(hydroxymethyl)-5-[(2R,3R,4S,5S,6R)-3,4,5-trihydroxy-6-(hydroxymethyl)oxan-2-yl]oxyoxan-4-yl]oxy-6-methyloxane-3,4,5-triol|6-deoxy-alpha-L-galacto-hexopyranosyl-(1->3)-[alpha-D-gluco-hexopyranosyl-(1->4)]-D-galacto-hexopyranose|Fuc(a1-3)[Glc(a1-4)]Gal"
CHEBI:66870,CHEBI:66870,Na2S2O4,REJECTED,sodium dithionite,CHEBI,SYNONYM_MATCH,0,0,"5,6-dihydroxy-2-(4-hydroxyphenyl)-4-oxo-4H-chromen-7-yl beta-D-glucopyranosiduronic acid|Scutellarein 7-O-beta-D-glucuronide|Scutellarein-7-O-beta-D-glucuronide|Scutellarein-7-glucuronide|Scutellarein-7beta-D-glucuronide|Scutellarein-7beta-D-glucuronoside"
kgmicrobe.ingredient:isovitalex,kgmicrobe.ingredient:isovitalex,Isovitalex,MAPPED,Isovitalex,kgmicrobe.ingredient,FALLBACK_REGISTRY,4,4,IsoVitaleX (BD 211876)|isovitalex (BD Biosciences)
kgmicrobe.ingredient:k-phosphate_buffer,kgmicrobe.ingredient:k-phosphate_buffer,K-phosphate buffer,MAPPED,K-phosphate buffer,kgmicrobe.ingredient,FALLBACK_REGISTRY,2,2,
kgmicrobe.ingredient:legionella_agar_enrichment,kgmicrobe.ingredient:legionella_agar_enrichment,Legionella agar enrichment,MAPPED,Legionella agar enrichment,kgmicrobe.ingredient,FALLBACK_REGISTRY,2,2,Legionella agar enrichment (BD-Difco)
kgmicrobe.ingredient:metall_salt_sol_44,kgmicrobe.ingredient:metall_salt_sol_44,Metall salt sol. 44,MAPPED,Metall salt sol. 44,kgmicrobe.ingredient,FALLBACK_REGISTRY,1,1,
kgmicrobe.ingredient:micronutrient_solution,kgmicrobe.ingredient:micronutrient_solution,micronutrient solution,MAPPED,micronutrient solution,kgmicrobe.ingredient,FALLBACK_REGISTRY,1,1,
kgmicrobe.ingredient:mineral_salts_base,kgmicrobe.ingredient:mineral_salts_base,Mineral salts base,MAPPED,Mineral salts base,kgmicrobe.ingredient,FALLBACK_REGISTRY,0,0,
kgmicrobe.ingredient:modified_trace_vitamins,kgmicrobe.ingredient:modified_trace_vitamins,Modified trace vitamins,MAPPED,Modified trace vitamins,kgmicrobe.ingredient,FALLBACK_REGISTRY,2,2,Modified trace vitamins (see below)
kgmicrobe.ingredient:murashige-skoog_basal_salts,kgmicrobe.ingredient:murashige-skoog_basal_salts,Murashige-Skoog basal salts,MAPPED,Murashige-Skoog basal salts,kgmicrobe.ingredient,FALLBACK_REGISTRY,1,1,
kgmicrobe.ingredient:na-phosphate_buffer,kgmicrobe.ingredient:na-phosphate_buffer,Na-Phosphate-Buffer,REJECTED,Na-phosphate buffer,kgmicrobe.ingredient,FALLBACK_REGISTRY,0,0,
kgmicrobe.ingredient:na-phosphate_buffer,kgmicrobe.ingredient:na-phosphate_buffer,Na-phosphate buffer,MAPPED,Na-phosphate buffer,kgmicrobe.ingredient,FALLBACK_REGISTRY,6,6,Na-Phosphate-Buffer
kgmicrobe.ingredient:na2hpo4-kh2po4_buffer,kgmicrobe.ingredient:na2hpo4-kh2po4_buffer,Na2HPO4-KH2PO4 buffer,MAPPED,Na2HPO4-KH2PO4 buffer,kgmicrobe.ingredient,FALLBACK_REGISTRY,3,3,
kgmicrobe.ingredient:na2hpo4-nah2po4_buffer,kgmicrobe.ingredient:na2hpo4-nah2po4_buffer,Na2HPO4-NaH2PO4 buffer,MAPPED,Na2HPO4-NaH2PO4 buffer,kgmicrobe.ingredient,FALLBACK_REGISTRY,7,7,
kgmicrobe.ingredient:oadc_enrichment,kgmicrobe.ingredient:oadc_enrichment,OADC Enrichment,MAPPED,OADC Enrichment,kgmicrobe.ingredient,FALLBACK_REGISTRY,2,2,OADC Enrichment (Difco)
kgmicrobe.ingredient:salt_solution_ii,kgmicrobe.ingredient:salt_solution_ii,Salt Solution II,MAPPED,Salt Solution II,kgmicrobe.ingredient,FALLBACK_REGISTRY,2,2,
kgmicrobe.ingredient:salts_solution,kgmicrobe.ingredient:salts_solution,Salts solution,MAPPED,Salts solution,kgmicrobe.ingredient,FALLBACK_REGISTRY,1,1,Salts solution***
kgmicrobe.ingredient:skirrow_supplement,kgmicrobe.ingredient:skirrow_supplement,Skirrow supplement,MAPPED,Skirrow supplement,kgmicrobe.ingredient,FALLBACK_REGISTRY,4,4,
kgmicrobe.ingredient:steric_solution,kgmicrobe.ingredient:steric_solution,Steric solution,MAPPED,Steric solution,kgmicrobe.ingredient,FALLBACK_REGISTRY,1,1,
kgmicrobe.ingredient:trace_metal_solution,kgmicrobe.ingredient:trace_metal_solution,Trace metal solution,MAPPED,Trace metal solution,kgmicrobe.ingredient,FALLBACK_REGISTRY,2,2,Trace metal solution*
kgmicrobe.ingredient:trace_mineral_solution,kgmicrobe.ingredient:trace_mineral_solution,Trace mineral solution,MAPPED,Trace mineral solution,kgmicrobe.ingredient,FALLBACK_REGISTRY,2,2,Trace mineral solution (see Medium No. 151 )|Trace mineral solution (see Medium No. 852 )|Trace mineral solution (see Medium No.852)|Trace mineral solution (see below)|Trace mineral solution**
kgmicrobe.ingredient:trace_minerals,kgmicrobe.ingredient:trace_minerals,Trace minerals,MAPPED,Trace minerals,kgmicrobe.ingredient,FALLBACK_REGISTRY,3,3,Trace minerals (see below)|Trace minerals*
kgmicrobe.ingredient:vitamins_solution,kgmicrobe.ingredient:vitamins_solution,Vitamins-solution,REJECTED,Vitamins solution,kgmicrobe.ingredient,FALLBACK_REGISTRY,0,0,
kgmicrobe.ingredient:vitamins_solution,kgmicrobe.ingredient:vitamins_solution,Vitamins solution,MAPPED,Vitamins solution,kgmicrobe.ingredient,FALLBACK_REGISTRY,2,2,Vitamins-solution
kgmicrobe.ingredient:vitox,kgmicrobe.ingredient:vitox,Vitox,MAPPED,Vitox,kgmicrobe.ingredient,FALLBACK_REGISTRY,4,4,
kgmicrobe.ingredient:x10_jamarin_s,kgmicrobe.ingredient:x10_jamarin_s,X10 Jamarin S,MAPPED,X10 Jamarin S,kgmicrobe.ingredient,FALLBACK_REGISTRY,2,2,
UNMAPPED_0818,,X,UNMAPPED,,,,101,101,
UNMAPPED_0196,,2-Carene-3-One,UNMAPPED,,,,0,0,
UNMAPPED_0182,,2-methyladeninyl cobamide,UNMAPPED,,,,0,0,2-methyladeninylcobamide|[2-MeAde]Cba|Factor A|Co-cyano-(2-methyladenin-7-yl)cobamide
UNMAPPED_0190,,"2',2'-Bisepigallocatechin Digallate",UNMAPPED,,,,0,0,
UNMAPPED_0195,,3Beta-Hydroxydeoxodihydrodeoxygedunin,UNMAPPED,,,,0,0,
UNMAPPED_0194,,"4,4'-Dimethoxydalbergione",UNMAPPED,,,,0,0,
UNMAPPED_0180,,5-methoxybenzimidazolyl cobamide,UNMAPPED,,,,0,0,Factor IIIm
UNMAPPED_0179,,5-methylbenzimidazolyl cobamide,UNMAPPED,,,,0,0,5-MeBza-Cba
UNMAPPED_0320,,6-methylnicotinate,UNMAPPED,,,,0,0,6-methylnicotinic acid
UNMAPPED_0199,,"7,2'-Dimethoxyflavone",UNMAPPED,,,,0,0,
UNMAPPED_0189,,"7,4'-Dimethoxyisoflavone",UNMAPPED,,,,0,0,
UNMAPPED_0197,,Acetyl-Dihydro-7-Epikhivorin,UNMAPPED,,,,0,0,
UNMAPPED_0224,,Actilight,UNMAPPED,,,,0,0,
UNMAPPED_0181,,adeninyl cobamide,UNMAPPED,,,,0,0,pseudocobalamin
UNMAPPED_0198,,Agelasine,UNMAPPED,,,,0,0,
UNMAPPED_0070,,Allen Medium,UNMAPPED,,,,1,1,
UNMAPPED_0157,,Aluminum-NTA,UNMAPPED,,,,0,0,
UNMAPPED_0325,,Amphotericin,UNMAPPED,,,,0,0,amphotericin B|AmB
UNMAPPED_0327,,Anaerobe Basal Broth CM0957,UNMAPPED,,,,0,0,
UNMAPPED_0239,,apo-yersiniabactin,UNMAPPED,,,,0,0,
UNMAPPED_0232,,Asolectin from soybean,UNMAPPED,,,,0,0,Soy phospholipids
UNMAPPED_0221,,Avantafiber,UNMAPPED,,,,0,0,
UNMAPPED_0187,,Avocatin A,UNMAPPED,,,,0,0,
UNMAPPED_0237,,"b-Glucan from Beet (1,2-b-Glucan)",UNMAPPED,,,,0,0,filtered
UNMAPPED_0247,,b-glucan from Barley,UNMAPPED,,,,0,0,boiled in 10% ethanol
UNMAPPED_0235,,B-glucan from yeast,UNMAPPED,,,,0,0,
UNMAPPED_0113,,BCYE agar,UNMAPPED,,,,0,0,BCYE agar (BD-Difco)
UNMAPPED_0169,,BC Lignin Sorghum,UNMAPPED,,,,0,0,
UNMAPPED_0114,,BL Agar,UNMAPPED,,,,0,0,
UNMAPPED_0330,,Bacto Bitone,UNMAPPED,,,,0,0,
UNMAPPED_0332,,Bacto Heart Infusion Broth,UNMAPPED,,,,0,0,Bacto Heart Infusion Broth (Difco)
UNMAPPED_0333,,Bacto m TGE broth,UNMAPPED,,,,0,0,Bacto m TGE broth (BD-Difco)
UNMAPPED_0115,,Bacto Middlebrook 7H10 agar,UNMAPPED,,,,0,0,Bacto Middlebrook 7H10 agar (Difco 262710)
UNMAPPED_0334,,Bacto Panton,UNMAPPED,,,,0,0,
UNMAPPED_0096,,Barley grains,UNMAPPED,,,,1,1,Barley grains(add after dH2O)
UNMAPPED_0104,,Barley grains autoclaved,UNMAPPED,,,,1,1,
UNMAPPED_0336,,Basal mineral NaCl medium,UNMAPPED,,,,0,0,
UNMAPPED_0178,,benzimidazolyl cobamide,UNMAPPED,,,,0,0,
UNMAPPED_0207,,Bioecolians,UNMAPPED,,,,0,0,
UNMAPPED_0339,,Blood Agar Base,UNMAPPED,,,,0,0,Blood agar base (BD-Difco)
UNMAPPED_0340,,Blood agar No 2,UNMAPPED,,,,0,0,
UNMAPPED_0051,,Bold 1NV Medium,UNMAPPED,,,,2,2,
UNMAPPED_0344,,Bovine horn meal,UNMAPPED,,,,0,0,
UNMAPPED_0345,,Bovine serum,UNMAPPED,,,,0,0,
UNMAPPED_0116,,Brewer anaerobic agar,UNMAPPED,,,,0,0,Brewer anaerobic agar (BD-Difco)
UNMAPPED_0023,,Bristol Medium,UNMAPPED,,,,6,6,
UNMAPPED_0348,,Brucella Broth,UNMAPPED,,,,0,0,Brucella Broth (BD 211088)|Brucella broth (BD-BBL)
UNMAPPED_0359,,CMRL 1066,UNMAPPED,,,,0,0,CMRL 1066 (Gibco 330--1540)|CMRL-1066 (ATCC 20-2206)
UNMAPPED_0049,,Ca,UNMAPPED,,,,3,3,Ca(NO3)2•4H2O(CAS: 13477-34-4)
UNMAPPED_0156,,Cadmium-NTA,UNMAPPED,,,,0,0,
UNMAPPED_0170,UBERON:0000955,Calf brains,UNMAPPED,brain,UBERON,NARROW_MATCH,7,7,
UNMAPPED_0229,,Calprotectin S1,UNMAPPED,,,,0,0,
UNMAPPED_0230,,Calprotectin S1S2,UNMAPPED,,,,0,0,
UNMAPPED_0355,,CeNO33 x 6 H2O,UNMAPPED,,,,0,0,
UNMAPPED_0354,,Cellulose MN 300,UNMAPPED,,,,0,0,
UNMAPPED_0356,,Cereal leaves,UNMAPPED,,,,0,0,
UNMAPPED_0357,,Cerophyll,UNMAPPED,,,,0,0,
UNMAPPED_0248,CHEBI:17029,Chitin from shrimp shells,UNMAPPED,chitin,CHEBI,NARROW_MATCH,0,0,
UNMAPPED_0164,,Cholinium alpha ketoglutarate,UNMAPPED,,,,0,0,
UNMAPPED_0163,,Cholinium aspartate,UNMAPPED,,,,0,0,
UNMAPPED_0161,,Cholinium glutamate,UNMAPPED,,,,0,0,
UNMAPPED_0162,,Cholinium hydrogen phosphate,UNMAPPED,,,,0,0,
UNMAPPED_0160,,Cholinium phosphate,UNMAPPED,,,,0,0,
UNMAPPED_0153,,Chromium-NTA,UNMAPPED,,,,0,0,
UNMAPPED_0177,,Clovis xylem sap,UNMAPPED,,,,0,0,
UNMAPPED_0154,,Cobalt-NTA,UNMAPPED,,,,0,0,
UNMAPPED_0143,,cobalt (III)-EDTA,UNMAPPED,,,,0,0,
UNMAPPED_0361,,Colloidal chitin,UNMAPPED,,,,0,0,
UNMAPPED_0118,,Columbia blood agar base,UNMAPPED,,,,0,0,Columbia blood agar base (Oxoid CM331)|Columbia blood agar base (BD-Difco)
UNMAPPED_0363,,Complan,UNMAPPED,,,,0,0,
UNMAPPED_0151,,Copper-NTA,UNMAPPED,,,,0,0,
UNMAPPED_0130,,Corn meal agar,UNMAPPED,,,,0,0,Corn meal agar (BD-Difco)|Corn meal agar (Nissui)
UNMAPPED_0366,,Corn steep powder,UNMAPPED,,,,0,0,
UNMAPPED_0213,,Cravingzgone,UNMAPPED,,,,0,0,
UNMAPPED_0370,,Czapek-Dox liquid medium,UNMAPPED,,,,0,0,
UNMAPPED_0119,,Czapek Dox agar,UNMAPPED,,,,0,0,
UNMAPPED_0372,,dehydrated RCM medium,UNMAPPED,,,,0,0,
UNMAPPED_0373,,dehydrated Wilkins-Chalgren medium,UNMAPPED,,,,0,0,
UNMAPPED_0200,,"Deoxysappanone B 7,3'-Dimethyl Ether",UNMAPPED,,,,0,0,
UNMAPPED_0374,,Desicatted Ox-bile,UNMAPPED,,,,0,0,
UNMAPPED_0167,,"dextran, Mw ~1,270",UNMAPPED,,,,0,0,
UNMAPPED_0168,,"dextran, Mw ~200,000",UNMAPPED,,,,0,0,"filtered, dextran, Mw ~200,000"
UNMAPPED_0375,,Diced potato,UNMAPPED,,,,0,0,
UNMAPPED_0376,,Dichloran-Glycerol-agar base,UNMAPPED,,,,0,0,
UNMAPPED_0377,,Difco 0001,UNMAPPED,,,,0,0,
UNMAPPED_0378,,Difco marine broth,UNMAPPED,,,,0,0,
UNMAPPED_0192,,Dihydrodehydroerosone,UNMAPPED,,,,0,0,
UNMAPPED_0278,,Dv_base_Y_medium,UNMAPPED,,,,1,1,
UNMAPPED_0305,,Dv_base_medium,UNMAPPED,,,,5,5,
UNMAPPED_0083,,DYIII Medium,UNMAPPED,,,,1,1,
UNMAPPED_0380,,EBIOS,UNMAPPED,,,,0,0,
UNMAPPED_0062,,Enriched Seawater Medium,UNMAPPED,,,,2,2,
UNMAPPED_0188,,Epitheaflavic Acid,UNMAPPED,,,,0,0,
UNMAPPED_0024,,Erdschreiber's Medium,UNMAPPED,,,,5,5,
UNMAPPED_0159,,Ethanolamine acetate,UNMAPPED,,,,0,0,
UNMAPPED_0064,,Euglena Medium,UNMAPPED,,,,2,2,
UNMAPPED_0033,,F/2 Medium,UNMAPPED,,,,4,4,
UNMAPPED_0120,,Fastidious Anaerobe Agar,UNMAPPED,,,,0,0,
UNMAPPED_0381,,Fastidious Anaerobe Basal Broth,UNMAPPED,,,,0,0,
UNMAPPED_0385,,FeSO43 x n H2O,UNMAPPED,,,,0,0,iron(III) sulfate hydrate|Fe2(SO4)3 x n H2O
UNMAPPED_0149,,Ferric-NTA,UNMAPPED,,,,0,0,
UNMAPPED_0211,,Fibersol-2-AG,UNMAPPED,,,,0,0,
UNMAPPED_0387,,Fresh egg mixture,UNMAPPED,,,,0,0,
UNMAPPED_0209,,Fructooligosaccharides from chicory,UNMAPPED,,,,0,0,
UNMAPPED_0001,,Full composition available at source database,UNMAPPED,,,,196,196,
UNMAPPED_0121,,GAM agar,UNMAPPED,,,,0,0,GAM agar (Nissui)
UNMAPPED_0388,,GAM broth,UNMAPPED,,,,0,0,GAM broth (Nissui)
UNMAPPED_0389,,GAM Broth mod. powder,UNMAPPED,,,,0,0,
UNMAPPED_0390,,GAM Broth powder,UNMAPPED,,,,0,0,
UNMAPPED_0397,,GYP-sodium acetate-mineral salts broth,UNMAPPED,,,,0,0,
UNMAPPED_0238,,Galactan from Potato,UNMAPPED,,,,0,0,"autoclaved, Galactan from Potato|filtered"
UNMAPPED_0391,,Gamborg B5 Medium incl. Vitamins,UNMAPPED,,,,0,0,
UNMAPPED_0145,,Gjerstad humics,UNMAPPED,,,,0,0,
UNMAPPED_0122,,Glycerol-asparagine agar,UNMAPPED,,,,0,0,
UNMAPPED_0193,,Gossypol-Acetic Acid Complex,UNMAPPED,,,,0,0,
UNMAPPED_0395,,Grace's Insect Medium,UNMAPPED,,,,0,0,
UNMAPPED_0398,,HBO3,UNMAPPED,,,,0,0,
UNMAPPED_0399,,Heart Infusion Broth,UNMAPPED,,,,0,0,Heart infusion broth (BD-Difco)|Heart Infusion Broth (BD 238400)|Heart infusion broth (Eiken)
UNMAPPED_0401,,Homo-PIPES,UNMAPPED,,,,0,0,Homo-PIPES (SIGMA)
UNMAPPED_0402,,Horikoshi-I medium,UNMAPPED,,,,0,0,
UNMAPPED_0404,,Hy-Case Amino,UNMAPPED,,,,0,0,Hy--Case Amino (Sigma)
UNMAPPED_0405,,IMDM-Medium,UNMAPPED,,,,0,0,
UNMAPPED_0220,,ISOT,UNMAPPED,,,,0,0,
UNMAPPED_0218,,ISOT LC742-071714,UNMAPPED,,,,0,0,
UNMAPPED_0219,,ISOT Lot160120,UNMAPPED,,,,0,0,
UNMAPPED_0205,,ISOT Umich-01,UNMAPPED,,,,0,0,
UNMAPPED_0206,,ISOT Umich-02.b,UNMAPPED,,,,0,0,
UNMAPPED_0408,,ISP 7 Medium,UNMAPPED,,,,0,0,
UNMAPPED_0406,,Infusion Broth,UNMAPPED,,,,0,0,
UNMAPPED_0251,,Infusion from Potatoes,UNMAPPED,,,,2,2,
UNMAPPED_0123,CHEBI:24839,Inorganic salts-starch agar,UNMAPPED,inorganic salt,CHEBI,NARROW_MATCH,0,0,
UNMAPPED_0606,,Iron-EDTA,UNMAPPED,,,,0,0,
UNMAPPED_0604,NCIT:C598,Iron (as FeCl3 in EDTA),UNMAPPED,Iron,NCIT,NARROW_MATCH,0,0,
UNMAPPED_0234,,isopropyl 3-keto-N-acetyl-a-D-glucosamine,UNMAPPED,,,,0,0,
UNMAPPED_0191,CHEBI:185858,Khayasin C,UNMAPPED,KHAYASIN,CHEBI,NARROW_MATCH,0,0,
UNMAPPED_0414,,L-15 medium,UNMAPPED,,,,0,0,
UNMAPPED_0415,,L-15 powder,UNMAPPED,,,,0,0,
UNMAPPED_0172,,LL17-29,UNMAPPED,,,,0,0,
UNMAPPED_0423,,LaNO33 x 6 H2O,UNMAPPED,,,,0,0,
UNMAPPED_0419,,Lab Lemco powder,UNMAPPED,,,,0,0,Lab-Lemco powder|Lab--Lemco powder (Oxoid)|`Lab-Lemco’ powder|‘Lab-Lemco’ powder
UNMAPPED_0421,,Lactobacilli MRS broth,UNMAPPED,,,,0,0,Lactobacilli MRS broth (BD-Difco)|Lactobacilli MRS Broth (BD 288130)
UNMAPPED_0422,,Lactobacillus MRS broth,UNMAPPED,,,,0,0,Lactobacillus MRS broth (BD-Difco)
UNMAPPED_0424,,Larchwood xylan,UNMAPPED,,,,0,0,Larchwood xylan (Sigma)
UNMAPPED_0426,,Leptospira Medium Base EMJH,UNMAPPED,,,,0,0,Leptospira Medium Base EMJH (Difco)
UNMAPPED_0427,,Linsmaier & Skoog Medium including vitamins,UNMAPPED,,,,0,0,
UNMAPPED_0428,,lipoprotein concentrate,UNMAPPED,,,,0,0,
UNMAPPED_0429,,Liver Concentrate,UNMAPPED,,,,0,0,
UNMAPPED_0438,,MEM-Medium,UNMAPPED,,,,0,0,
UNMAPPED_0437,,MEM alpha Modification,UNMAPPED,,,,0,0,MEM alpha Modification (BioWest)
UNMAPPED_0453,,MRS broth,UNMAPPED,,,,0,0,MRS broth (Difco)|MRS broth (Oxoid)|MRS broth (BD-Difco)|MRS broth (Criterion)|MRS broth (Sigma)
UNMAPPED_0454,,MRS medium,UNMAPPED,,,,0,0,MRS medium (Difco)|MRS medium (Scharlau Chemie)
UNMAPPED_0432,,Man Rogosa Sharp broth,UNMAPPED,,,,0,0,
UNMAPPED_0155,,Manganese-NTA,UNMAPPED,,,,0,0,
UNMAPPED_0433,,Marine Broth,UNMAPPED,,,,0,0,
UNMAPPED_0436,,Meat infusion,UNMAPPED,,,,0,0,
UNMAPPED_0443,,Methanol-utilizing bacteria medium B,UNMAPPED,,,,0,0,
UNMAPPED_0233,,methyl 3-keto-a-D-glucopyranoside,UNMAPPED,,,,0,0,
UNMAPPED_0609,,Mineral salts medium base,UNMAPPED,,,,0,0,
UNMAPPED_0450,,MnCl4 x 6 H2O,UNMAPPED,,,,0,0,manganese(II) chloride
UNMAPPED_0451,,MnII x EDTA,UNMAPPED,,,,0,0,
UNMAPPED_0292,,MoLS4,UNMAPPED,,,,17,17,
UNMAPPED_0264,,MoYLS4,UNMAPPED,,,,1,1,
UNMAPPED_0089,,Modified Bold 3N Medium,UNMAPPED,,,,1,1,
UNMAPPED_0111,,Modified COMBO Medium,UNMAPPED,,,,1,1,
UNMAPPED_0128,,Mueller Hinton II agar,UNMAPPED,,,,0,0,Mueller Hinton II agar (BD-BBL)
UNMAPPED_0455,,Murashige & Skoog medium,UNMAPPED,,,,0,0,
UNMAPPED_0456,,Mycobactine J,UNMAPPED,,,,0,0,
UNMAPPED_0458,,N-Z-Amine® A,UNMAPPED,,,,0,0,N-Z-Amine A
UNMAPPED_0459,,N-Z-Case,UNMAPPED,,,,0,0,N-Z-Case (Wako)
UNMAPPED_0457,,N-Z amine,UNMAPPED,,,,0,0,N-Z-Amine
UNMAPPED_0460,,Na-Nitrilotriacetat,UNMAPPED,,,,0,0,
UNMAPPED_0463,,Na-tetrathionate,UNMAPPED,,,,0,0,
UNMAPPED_0465,,Na2 beta-glycerol PO4 x 5 H2O,UNMAPPED,,,,0,0,
UNMAPPED_0081,,Na2Glycerophosphate.5H2O,UNMAPPED,,,,1,1,Na2Glycerophosphate.5H2O(CAS:  13408-09-8)
UNMAPPED_0101,,Na2Glycerophosphate•5H2O,UNMAPPED,,,,1,1,Na2Glycerophosphate•5H2O(CAS: 13408-09-8)
UNMAPPED_0475,,Na3-NTA x H2O,UNMAPPED,,,,0,0,
UNMAPPED_0477,,NaSiO3 x 9 H2O,UNMAPPED,,,,0,0,
UNMAPPED_0050,,Natural sea-salt,UNMAPPED,,,,2,2,
UNMAPPED_0479,,NdCl3 x 6 H2O,UNMAPPED,,,,0,0,
UNMAPPED_0152,,Nickel-NTA,UNMAPPED,,,,0,0,
UNMAPPED_0481,,Nutrient agar,UNMAPPED,,,,0,0,Nutrient agar (Oxoid CM3)
UNMAPPED_0227,,O-methyl-D-glucuronoxylan,UNMAPPED,,,,0,0,
UNMAPPED_0487,,OXOID Legionella CYE-Agar base,UNMAPPED,,,,0,0,
UNMAPPED_0129,,Oatmeal agar,UNMAPPED,,,,0,0,Oatmeal agar (BD-Difco)
UNMAPPED_0099,,Organic Peat,UNMAPPED,,,,1,1,
UNMAPPED_0486,,Oxgall,UNMAPPED,,,,0,0,Oxgall (BD-Difco)
UNMAPPED_0497,,PPLO broth,UNMAPPED,,,,0,0,PPLO broth (BD-Difco)|PPLO broth (Difco)
UNMAPPED_0231,,Pectic galactan from potato,UNMAPPED,,,,1,1,"filtered, Pectic galactan from potato"
UNMAPPED_0490,,Plain flour,UNMAPPED,,,,0,0,
UNMAPPED_0291,,Planctomyces_artificial_seawater,UNMAPPED,,,,1,1,
UNMAPPED_0491,,Polar lipid fraction,UNMAPPED,,,,0,0,
UNMAPPED_0493,,poly-ß-hydroxybutyric acid,UNMAPPED,,,,0,0,
UNMAPPED_0494,,Poly[R-3-hydroxybutyric acid],UNMAPPED,,,,0,0,Poly[(R)-3-hydroxybutyric acid]
UNMAPPED_0492,,Poly hexamethylene carbonate,UNMAPPED,,,,0,0,
UNMAPPED_0498,,PrCl3 x H2O,UNMAPPED,,,,0,0,
UNMAPPED_0210,,Prebiotin,UNMAPPED,,,,0,0,
UNMAPPED_0216,,PreticX,UNMAPPED,,,,0,0,
UNMAPPED_0499,,Probumin Universal Grade,UNMAPPED,,,,0,0,Probumin Universal Grade (Millipore)
UNMAPPED_0212,,Promitor,UNMAPPED,,,,0,0,
UNMAPPED_0500,,Proteose yeastolate,UNMAPPED,,,,0,0,
UNMAPPED_0501,,Pulp of sour stone cherries,UNMAPPED,,,,0,0,
UNMAPPED_0132,,R agar,UNMAPPED,,,,0,0,
UNMAPPED_0166,,Red Arabinan from sugar-beet,UNMAPPED,,,,1,1,filtered
UNMAPPED_0507,,Reinforced clostridial medium,UNMAPPED,,,,0,0,Reinforced clostridial medium (BD-Difco)|Reinforced Clostridial medium (Oxoid CM149)|Reinforced clostridial medium (Oxoid)
UNMAPPED_0240,,Rhamnogalacturonan-II from apple juice concentrate,UNMAPPED,,,,0,0,
UNMAPPED_0175,,Rhamnogalacturonan - from potato,UNMAPPED,,,,0,0,
UNMAPPED_0508,,Riboflavin solution see Medium No. 462,UNMAPPED,,,,0,0,
UNMAPPED_0511,,Rye grass,UNMAPPED,,,,0,0,
UNMAPPED_0512,,S6 medium,UNMAPPED,,,,0,0,
UNMAPPED_0513,,SABOURAUD- Glucose-Bouillon,UNMAPPED,,,,0,0,
UNMAPPED_0286,,SDM_noCarbon,UNMAPPED,,,,1,1,
UNMAPPED_0517,,Se-acid,UNMAPPED,,,,0,0,
UNMAPPED_0002,,See source for composition,UNMAPPED,,,,143,143,
UNMAPPED_0519,,Selenite-tungstate solution see Medium No. 431,UNMAPPED,,,,0,0,
UNMAPPED_0520,,Sigmacell alpha Type 50,UNMAPPED,,,,0,0,
UNMAPPED_0524,,Sodium crotonate,UNMAPPED,,,,0,0,
UNMAPPED_0615,CHEBI:37586,Sodium phosphate monobasic (phosphorus source),UNMAPPED,sodium phosphate,CHEBI,NARROW_MATCH,0,0,
UNMAPPED_0303,,Soil Defined Carbon Mix,UNMAPPED,,,,1,1,
UNMAPPED_0055,,Soil+Seawater Medium,UNMAPPED,,,,2,2,
UNMAPPED_0078,,Soilwater: GR- Medium,UNMAPPED,,,,1,1,
UNMAPPED_0012,,Soilwater: GR+ Medium,UNMAPPED,,,,15,15,
UNMAPPED_0103,,Soilwater: Peat Medium,UNMAPPED,,,,1,1,
UNMAPPED_0098,,Sphagnum extract,UNMAPPED,,,,1,1,
UNMAPPED_0275,,Spring sampling GW821 filtered with 0.2uM filter,UNMAPPED,,,,6,6,
UNMAPPED_0532,,Standard I Broth,UNMAPPED,,,,0,0,
UNMAPPED_0534,,Sterile serum,UNMAPPED,,,,0,0,
UNMAPPED_0616,,Sugarcane straw (lignocellulose substrate),UNMAPPED,,,,0,0,
UNMAPPED_0217,,Sunfiber,UNMAPPED,,,,0,0,
UNMAPPED_0536,,Swine serum,UNMAPPED,,,,0,0,
UNMAPPED_0543,,TNM-FH Medium,UNMAPPED,,,,0,0,
UNMAPPED_0538,,Thiamine solution see Medium No. 403,UNMAPPED,,,,0,0,
UNMAPPED_0618,,Titanium(III) citrate,UNMAPPED,,,,0,0,
UNMAPPED_0542,,Titriplex1,UNMAPPED,,,,0,0,
UNMAPPED_0544,,Todd Hewitt Broth,UNMAPPED,,,,0,0,Todd Hewitt Broth (BD-Difco)|Todd–Hewitt (TH) broth (Difco)|Todd–Hewitt broth (Oxoid)
UNMAPPED_0545,,Tomato extract,UNMAPPED,,,,0,0,
UNMAPPED_0553,,Trace minerals see Medium No. 151,UNMAPPED,,,,0,0,Trace minerals (see Medium No. 151
UNMAPPED_0554,,Trace minerals see Medium No. 197,UNMAPPED,,,,0,0,Trace minerals (see Medium No. 197
UNMAPPED_0555,,Trace vitamins solution see Medium No. 284,UNMAPPED,,,,0,0,
UNMAPPED_0557,,Trypticase soy agar,UNMAPPED,,,,0,0,
UNMAPPED_0252,,Trypticase soy broth,UNMAPPED,,,,0,0,
UNMAPPED_0138,,Tryptone soya broth (Oxoid),UNMAPPED,,,,0,0,
UNMAPPED_0560,,Tryptose-phosphate,UNMAPPED,,,,0,0,
UNMAPPED_0561,,Tryptose-phosphate broth,UNMAPPED,,,,0,0,Tryptose phosphate broth (BD-Difco)
UNMAPPED_0564,,V8 canned vegetable juice,UNMAPPED,,,,0,0,V8 canned vegetable juice (Campbell)
UNMAPPED_0566,,Veal infusion broth,UNMAPPED,,,,0,0,
UNMAPPED_0204,,Vitafiber,UNMAPPED,,,,0,0,
UNMAPPED_0214,,Vitagos 5650,UNMAPPED,,,,0,0,
UNMAPPED_0005,NCIT:C944,Vitamin B,UNMAPPED,Vitamin,NCIT,NARROW_MATCH,23,23,Vitamin B12|Vitamin B (Thiamine.HCl)|Vitamin B . (Cyanocobalamin)
UNMAPPED_0567,,Vitamin B12 solution see Medium No. 403,UNMAPPED,,,,0,0,
UNMAPPED_0072,,Volvox Medium,UNMAPPED,,,,1,1,
UNMAPPED_0222,,Wako Isomaltooligosaccharides,UNMAPPED,,,,0,0,
UNMAPPED_0063,,Waris Medium,UNMAPPED,,,,2,2,
UNMAPPED_0575,,water distilled or tapwater,UNMAPPED,,,,0,0,water (distilled or tapwater)
UNMAPPED_0576,,Wheat Grains,UNMAPPED,,,,0,0,
UNMAPPED_0577,,Whole egg,UNMAPPED,,,,0,0,Whole eggs
UNMAPPED_0579,,Wilkins-Chalgren-Anaerobe-Broth,UNMAPPED,,,,0,0,Wilkins-Chalgren Anaerobe Broth (Oxoid CM0643)
UNMAPPED_0578,,Wilkins Chalgrene Anaerobe Broth,UNMAPPED,,,,0,0,
UNMAPPED_0174,CHEBI:18233,Xyloglucan (hepta+octa+nona saccharides),UNMAPPED,xyloglucan,CHEBI,NARROW_MATCH,0,0,
UNMAPPED_0583,,YM broth,UNMAPPED,,,,0,0,YM broth (BD-Difco)
UNMAPPED_0208,,Yacontrol (Yacon root syrup),UNMAPPED,,,,0,0,
UNMAPPED_0581,,Yeast cell paste,UNMAPPED,,,,0,0,Yeast cell paste (see below)
UNMAPPED_0290,,ZMB,UNMAPPED,,,,1,1,
UNMAPPED_0272,,ZMB_ALS,UNMAPPED,,,,33,33,
UNMAPPED_0150,,Zinc-NTA,UNMAPPED,,,,0,0,
UNMAPPED_0587,,α-D-Glucose monohydrate,UNMAPPED,,,,0,0,
kgmicrobe.compound:24-diamino-67-di-iso-propylpteridine_phosphate,,0129 (2,REJECTED,,,,0,0,
UNMAPPED_0736,,3-methylacetate,REJECTED,,,,0,0,
kgmicrobe.compound:24-diamino-67-di-iso-propylpteridine_phosphate,,4-Diamino-6,REJECTED,,,,0,0,
CHEBI:41189,,4-diol,REJECTED,,,,0,0,
UNMAPPED_0651,,4-nitrophenyl Beta-D-galactopyranoside Hydrolysate,REJECTED,,,,0,0,
UNMAPPED_0710,,DL-2-gamma-aminobutyrate,REJECTED,,,,0,0,
UNMAPPED_0688,,Esculin Hydrolysate,REJECTED,,,,0,0,
UNMAPPED_0731,,Gelatin Hydrolyzed,REJECTED,,,,0,0,
UNMAPPED_0817,,Glycyl-L-bromosuccinic Glutamic Acid,REJECTED,,,,0,0,
kgmicrobe.compound:ethylenediamine_n_n_disuccinic_acid,,N'-disuccinic Acid (EDDS),REJECTED,,,,0,0,
UNMAPPED_0734,,Tetrazolium,REJECTED,,,,0,0,
UNMAPPED_0341,,Bordet-Gengou-Agar-Base,UNMAPPED,,,,0,0,Bordet-Gengou Agar Base (BD 248200)
UNMAPPED_0353,,Casman-Agar-Base,UNMAPPED,,,,0,0,
