label,match_type,identifier,preferred_term,ontology_id,mapping_status
#Ar,synonym,CHEBI:49474,argon,CHEBI:49474,MAPPED
#N2,synonym,CHEBI:17997,Nitrogen gas,CHEBI:17997,MAPPED
#N2O,synonym,CHEBI:17045,nitrous oxide,CHEBI:17045,MAPPED
((2)H2)water,synonym,CHEBI:41981,deuterated water,CHEBI:41981,MAPPED
((amino(imino)methyl)(methyl)amino)acetic acid,synonym,CHEBI:16919,Creatine,CHEBI:16919,MAPPED
"(+)-(R,R)-tartaric acid",synonym,CHEBI:15671,L(+)-Tartaric acid,CHEBI:15671,MAPPED
"(+)-1,4,5,6-tetrahydro-2-methyl-4-pyrimidinecarboxylic acid",synonym,CHEBI:27592,Ectoine,CHEBI:27592,MAPPED
(+)-alpha-Lipoic acid,synonym,CHEBI:30314,Thioctic acid,CHEBI:30314,MAPPED
(+)-Arabinogalactan,preferred_term,CHEBI:27569,(+)-Arabinogalactan,CHEBI:27569,MAPPED
"(+)-cis-Hexahydro-2-oxo-1H-thieno[3,4]imidazole-4-valeric acid",synonym,CHEBI:15956,Biotin,CHEBI:15956,MAPPED
(+)-D-glucose,synonym,CHEBI:4167,Dextrose,CHEBI:4167,MAPPED
(+)-D-glycogen,synonym,CHEBI:28087,Glycogen,CHEBI:28087,MAPPED
(+)-L-lyxitol,synonym,CHEBI:18403,Arabitol,CHEBI:18403,MAPPED
(+)-L-tartaric acid,synonym,CHEBI:15671,L(+)-Tartaric acid,CHEBI:15671,MAPPED
(+)-lactate,synonym,CHEBI:24996,Lactate,CHEBI:24996,MAPPED
(+)-lactose,synonym,CHEBI:17716,Lactose,CHEBI:17716,MAPPED
(+)-Tartaric acid,synonym,CHEBI:15671,L(+)-Tartaric acid,CHEBI:15671,MAPPED
(+)-tartrate,synonym,CHEBI:30924,Na-tartrate,CHEBI:30924,MAPPED
(+)-Weinsaeure,synonym,CHEBI:15671,L(+)-Tartaric acid,CHEBI:15671,MAPPED
(+-)-Aspartic acid,synonym,CHEBI:22660,DL-aspartic acid,CHEBI:22660,MAPPED
(+/-)-Verapamil hydrochloride,preferred_term,CHEBI:53188,(+/-)-Verapamil hydrochloride,CHEBI:53188,MAPPED
(-)-(S)-proline,synonym,CHEBI:17203,L-Proline,CHEBI:17203,MAPPED
(-)-2-pyrrolidinecarboxylic acid,synonym,CHEBI:17203,L-Proline,CHEBI:17203,MAPPED
(-)-alpha-amino-p-hydroxyhydrocinnamic acid,synonym,CHEBI:17895,L-Tyrosine,CHEBI:17895,MAPPED
(-)-alpha-bisabolol,preferred_term,CHEBI:125,(-)-alpha-bisabolol,CHEBI:125,MAPPED
(-)-anisomycin,preferred_term,CHEBI:338412,(-)-anisomycin,CHEBI:338412,MAPPED
(-)-D-fructose,synonym,CHEBI:15824,D-Fructose,CHEBI:15824,MAPPED
(-)-D-sorbitol,synonym,CHEBI:17924,D-Sorbitol,CHEBI:17924,MAPPED
(-)-Epigallocatechin gallate,preferred_term,CHEBI:4806,(-)-Epigallocatechin gallate,CHEBI:4806,MAPPED
(-)-Epinephrine,preferred_term,CHEBI:28918,(-)-Epinephrine,CHEBI:28918,MAPPED
(-)-fucose,synonym,CHEBI:18287,L-Fucose,CHEBI:18287,MAPPED
(-)-Norepinephrine,preferred_term,CHEBI:18357,(-)-Norepinephrine,CHEBI:18357,MAPPED
(-)-proline,synonym,CHEBI:17203,L-Proline,CHEBI:17203,MAPPED
(-)-quinic Acid,preferred_term,CHEBI:17521,(-)-quinic Acid,CHEBI:17521,MAPPED
(-)-sorbitol,synonym,CHEBI:17924,D-Sorbitol,CHEBI:17924,MAPPED
(1)  Ca(NO3)2.4H2O,synonym,CHEBI:86159,Ca(NO3)2 x 4 H2O,CHEBI:86159,MAPPED
"(1,4-beta-D-glucosyl)(n)",synonym,CHEBI:18246,Cellulose,CHEBI:18246,MAPPED
"(1,4-beta-D-Glucosyl)n",synonym,CHEBI:18246,Cellulose,CHEBI:18246,MAPPED
"(1,4-beta-D-Glucosyl)n+1",synonym,CHEBI:18246,Cellulose,CHEBI:18246,MAPPED
"(1,4-beta-D-Glucosyl)n-1",synonym,CHEBI:18246,Cellulose,CHEBI:18246,MAPPED
"(1,4-beta-D-Xylan)n+1",synonym,CHEBI:37166,Xylan,CHEBI:37166,MAPPED
"(1,6-alpha-D-Glucosyl)m",synonym,CHEBI:52071,Dextran,CHEBI:52071,MAPPED
"(1,6-alpha-D-Glucosyl)m+1",synonym,CHEBI:52071,Dextran,CHEBI:52071,MAPPED
"(1,6-alpha-D-Glucosyl)n+1",synonym,CHEBI:52071,Dextran,CHEBI:52071,MAPPED
(1->4)-2-acetamido-2-deoxy-beta-D-glucan,synonym,CHEBI:17029,Chitin,CHEBI:17029,MAPPED
(1->4)-2-amino-2-deoxy-beta-D-glucan,synonym,CHEBI:16261,Chitosan,CHEBI:16261,MAPPED
"(1->4)-3,6-anhydro-alpha-L-galactopyranosyl-(1->3)-beta-D-galactopyranan",synonym,CHEBI:2511,Agarose,CHEBI:2511,MAPPED
(1->4)-alpha-D-glucopyranan,synonym,CHEBI:28102,Amylose from potato,CHEBI:28102,MAPPED
(1->4)-beta-D-glucan,synonym,CHEBI:18246,Cellulose,CHEBI:18246,MAPPED
(1->4)-beta-D-glucopyranan,synonym,CHEBI:18246,Cellulose,CHEBI:18246,MAPPED
(1->4)-beta-D-xylopyranan,synonym,CHEBI:15447,Xylan from Beechwood,CHEBI:15447,MAPPED
"(13E,17E,21E,29E)-48-(8-aminooctan-2-yl)-8,10,16,20,24,26,28,32,36,38,40,42,44,46-tetradecahydroxy-9,15,17,19,21,25,31,33,39,41,47-undecamethyl-23-[(2S,3S,4S,5S,6R)-3,4,5-trihydroxy-6-(hydroxymethyl)oxan-2-yl]oxy-1-oxacyclooctatetraconta-13,17,21,29-tetraen-2-one",synonym,CHEBI:201539,monazomycin,CHEBI:201539,MAPPED
"(1aR,2Z,4E,14R,15aR)-8-chloro-9,11-dihydroxy-14-methyl-1a,14,15,15a-tetrahydro-6H-oxireno[e][2]benzoxacyclotetradecine-6,12(7H)-dione",synonym,CHEBI:556075,Radicicol,CHEBI:556075,MAPPED
"(1aR,4E,7aS,10aS,10bR)-1a,5-dimethyl-8-methylidene-2,3,6,7,7a,8,10a,10b-octahydrooxireno[9,10]cyclodeca[1,2-b]furan-9(1aH)-one",synonym,CHEBI:7939,Parthenolide,CHEBI:7939,MAPPED
"(1E)-prop-1-ene-1,2,3-tricarboxylic acid",synonym,CHEBI:32806,trans-aconitic acid,CHEBI:32806,MAPPED
"(1E,6E)-1,7-bis(4-hydroxy-3-methoxyphenyl)hepta-1,6-diene-3,5-dione",synonym,CHEBI:3962,Curcumin,CHEBI:3962,MAPPED
(1R)-1-carboxy-2-sulfanylethan-1-aminium chloride,synonym,CHEBI:91247,L-Cysteine HCl,CHEBI:91247,MAPPED
(1R)-1-carboxy-2-sulfanylethan-1-aminium chloride--water (1/1),synonym,CHEBI:91248,L-Cysteine HCl x H2O,CHEBI:91248,MAPPED
(1R)-1-carboxy-2-sulfanylethan-1-aminium chloride--water (1/1),synonym,CHEBI:91248,L-Cysteine hydrochloride monohydrate,CHEBI:91248,MAPPED
"(1r,2r,3r,4r,5r,6r)-cyclohexane-1,2,3,4,5,6-hexol",synonym,CHEBI:10642,m-Inositol,CHEBI:10642,MAPPED
"(1R,2R,3S,4R,6S)-4,6-diamino-2-{[3-O-(2,6-diamino-2,6-dideoxy-beta-L-idopyranosyl)-beta-D-ribofuranosyl]oxy}-3-hydroxycyclohexyl 2-amino-2-deoxy-alpha-D-glucopyranoside sulfate",synonym,CHEBI:7935,Paromomycin sulfate salt,CHEBI:7935,MAPPED
"(1r,2R,3S,4s,5R,6S)-cyclohexane-1,2,3,4,5,6-hexol",synonym,CHEBI:17268,myo-Inositol,CHEBI:17268,MAPPED
"(1R,2R,4R,6S,7S,10R,11R)-6-(uran-3-yl)-17-hydroxy-1,7,11,15,15-pentamethyl-3-oxapentacyclo[8.8.0.02,4.02,7.011,16]octadeca-12,16-diene-14,18-dione",synonym,CHEBI:197237,Cedrelone,CHEBI:197237,MAPPED
"(1R,2S)-1-(6-bromo-2-methoxyquinolin-3-yl)-4-(dimethylamino)-2-(1-naphthyl)-1-phenylbutan-2-ol",synonym,CHEBI:72292,Bedaquiline,CHEBI:72292,MAPPED
"(1R,2S,3R,5S,6R)-3-amino-2,6-dihydroxy-5-(methylamino)cyclohexyl O-6-amino-6-deoxy-L-glycero-D-galacto-heptopyranosylidene-(1->2-3)-beta-D-talopyranoside",synonym,CHEBI:16976,Hygromycin B,CHEBI:16976,MAPPED
"(1R,2S,3S,4R,6S)-4,6-diamino-3-[3-deoxy-4-C-methyl-3-(methylamino)-beta-L-arabinopyranosyloxy]-2-hydroxycyclohexyl 2-amino-2,7-dideoxy-D-glycero-alpha-D-gluco-heptopyranoside",synonym,CHEBI:42768,Geneticin G418,CHEBI:42768,MAPPED
"(1R,2S,5R)-5-methyl-2-(propan-2-yl)cyclohexan-1-ol",synonym,CHEBI:15409,Levomenthol,CHEBI:15409,MAPPED
"(1R,3R,5S,8S,9R,12S,13R,14R)-1-hydroxy-13-methyl-14-(prop-1-en-2-yl)-4,7,10-trioxapentacyclo[6.4.1.1(9,12).0(3,5).0(5,13)]tetradecane-6,11-dione",synonym,CHEBI:8206,Picrotoxinin,CHEBI:8206,MAPPED
"(1R,3S,5R,6R,9R,11R,15S,16R,17R,18S,19E,21E,23E,25E,27E,29E,31E,33R,35S,36R,37S)-33-[(3-amino-3,6-dideoxy-beta-D-mannopyranosyl)oxy]-1,3,5,6,9,11,17,37-octahydroxy-15,16,18-trimethyl-13-oxo-14,39-dioxabicyclo[33.3.1]nonatriaconta-19,21,23,25,27,29,31-heptaene-36-carboxylic acid",synonym,CHEBI:2682,Amphotericin B,CHEBI:2682,MAPPED
"(1R,4E,9S)-4,11,11-trimethyl-8-methylidenebicyclo[7.2.0]undec-4-ene",synonym,CHEBI:10357,Caryophyllene [T(-)],CHEBI:10357,MAPPED
"(1R,5S)-1,2,3,4,5,6-hexahydro-8H-1,5-methanopyrido[1,2-a][1,5]diazocin-8-one",synonym,CHEBI:4055,Cytisine,CHEBI:4055,MAPPED
"(1S)-1,5-anhydro-1-[4,5-dihydroxy-2-(hydroxymethyl)-10-oxo-9,10-dihydroanthracen-9-yl]-D-glucitol",synonym,CHEBI:73222,Aloin,CHEBI:73222,MAPPED
"(1S,3R,7S,8S,8aR)-8-{2-[(2R,4R)-4-hydroxy-6-oxotetrahydro-2H-pyran-2-yl]ethyl}-3,7-dimethyl-1,2,3,7,8,8a-hexahydronaphthalen-1-yl (2S)-2-methylbutanoate",synonym,CHEBI:40303,Lovastatin,CHEBI:40303,MAPPED
"(1S,3R,7S,8S,8aR)-8-{2-[(2R,4R)-4-hydroxy-6-oxotetrahydro-2H-pyran-2-yl]ethyl}-3,7-dimethyl-1,2,3,7,8,8a-hexahydronaphthalen-1-yl 2,2-dimethylbutanoate",synonym,CHEBI:9150,Simvastatin,CHEBI:9150,MAPPED
(2)-d-fructose,synonym,CHEBI:15824,D-Fructose,CHEBI:15824,MAPPED
(2)-D-lactose,synonym,CHEBI:17716,Lactose,CHEBI:17716,MAPPED
(2)-D-lyxose,preferred_term,CHEBI:62318,(2)-D-lyxose,CHEBI:62318,MAPPED
"(2,1-beta-D-Fructosyl)n",synonym,CHEBI:15443,Inulin,CHEBI:15443,MAPPED
"(2,5-Dioxo-4-imidazolidinyl)urea",synonym,CHEBI:15676,Allantoin,CHEBI:15676,MAPPED
(2->1)-beta-D-fructofuranan,synonym,CHEBI:15443,Inulin,CHEBI:15443,MAPPED
(2->6)-beta-D-fructofuranan,synonym,CHEBI:16703,Levan - from Erwinia herbicola,CHEBI:16703,MAPPED
(2-Hydroxyethyl)trimethylammonium chloride,synonym,CHEBI:133341,Choline chloride,CHEBI:133341,MAPPED
"(2E)-1-(2,4-dihydroxyphenyl)-3-(4-hydroxyphenyl)prop-2-en-1-one",synonym,CHEBI:310312,Isoliquiritigenin,CHEBI:310312,MAPPED
(2E)-2-butenedioic acid,synonym,CHEBI:18012,Fumaric acid,CHEBI:18012,MAPPED
(2E)-2-butenoate,synonym,CHEBI:35899,Na-crotonate,CHEBI:35899,MAPPED
(2E)-2-butenoic acid,synonym,CHEBI:41131,Crotonic acid,CHEBI:41131,MAPPED
(2E)-2-methylbut-2-enoic acid,synonym,CHEBI:9592,Trans-2-methyl-2-butenoic acid,CHEBI:9592,MAPPED
"(2E)-3,7-dimethylocta-2,6-dien-1-ol",synonym,CHEBI:17447,Geraniol,CHEBI:17447,MAPPED
"(2E)-3-(4-hydroxy-3,5-dimethoxyphenyl)prop-2-enal",synonym,CHEBI:27949,sinapinaldehyde,CHEBI:27949,MAPPED
(2E)-3-(4-hydroxyphenyl)-1-phenylprop-2-en-1-one,synonym,CHEBI:34423,4-hydroxychalcone,CHEBI:34423,MAPPED
(2E)-3-(4-hydroxyphenyl)prop-2-enoic acid,synonym,CHEBI:32374,p-Coumaric acid,CHEBI:32374,MAPPED
(2E)-3-[4-(acetyloxy)-3-methoxyphenyl]prop-2-enoic acid,synonym,CHEBI:86582,4-Acetoxy-3-methoxycinnamic acid,CHEBI:86582,MAPPED
(2E)-3-phenyl-2-propenoic acid,synonym,CHEBI:35697,trans-Cinnamic acid,CHEBI:35697,MAPPED
(2E)-3-phenylacrylic acid,synonym,CHEBI:35697,trans-Cinnamic acid,CHEBI:35697,MAPPED
(2E)-3-phenylprop-2-enoic acid,synonym,CHEBI:35697,trans-Cinnamic acid,CHEBI:35697,MAPPED
(2E)-but-2-enedioic acid,synonym,CHEBI:18012,Fumaric acid,CHEBI:18012,MAPPED
(2E)-but-2-enoate,synonym,CHEBI:35899,Na-crotonate,CHEBI:35899,MAPPED
(2E)-but-2-enoic acid,synonym,CHEBI:41131,Crotonic acid,CHEBI:41131,MAPPED
(2E)-pent-2-enoic acid,synonym,CHEBI:38366,trans-2-Pentenoic acid,CHEBI:38366,MAPPED
"(2E,6E,10E,14E,18E,22E,26E,30E)-3,7,11,15,19,23,27,31,35-nonamethylhexatriaconta-2,6,10,14,18,22,26,30,34-nonaen-1-ol",synonym,CHEBI:26718,Solanesol,CHEBI:26718,MAPPED
"(2R)-2,3-dihydroxypropyl 2-(trimethylammonio)ethyl phosphate",synonym,CHEBI:16870,sn-glycero-3-phosphocholine,CHEBI:16870,MAPPED
"(2R)-2,3-dihydroxypropyl 2-(trimethylazaniumyl)ethyl phosphate",synonym,CHEBI:16870,sn-glycero-3-phosphocholine,CHEBI:16870,MAPPED
"(2R)-2,3-dihydroxypropyl dihydrogen phosphate",synonym,cas:17989-41-2,sn-Glycerol 3-phosphate lithium salt,CHEBI:15978,MAPPED
"(2R)-2,3-dihydroxypropyl dihydrogen phosphate",synonym,cas:29849-82-9,sn-Glycerol 3-phosphate bis(cyclohexylammonium) salt,CHEBI:15978,MAPPED
"(2R)-2,6-diaminohexanoic acid",synonym,CHEBI:16855,D-Lysine,CHEBI:16855,MAPPED
(2R)-2-amino-3-mercaptopropanoic acid,synonym,CHEBI:17561,L-Cysteine,CHEBI:17561,MAPPED
(2R)-2-Amino-3-sulfanyl-propanoic acid hydrochloride monohydrate,synonym,CHEBI:91248,L-Cysteine HCl x H2O,CHEBI:91248,MAPPED
(2R)-2-Amino-3-sulfanyl-propanoic acid hydrochloride monohydrate,synonym,CHEBI:91248,L-Cysteine hydrochloride monohydrate,CHEBI:91248,MAPPED
(2R)-2-amino-3-sulfanylpropanoic acid,synonym,CHEBI:17561,L-Cysteine,CHEBI:17561,MAPPED
(2R)-2-aminobutanedioic acid,synonym,CHEBI:17364,D-Aspartic Acid,CHEBI:17364,MAPPED
(2R)-2-aminobutanoic acid,synonym,CHEBI:28797,D-2-Aminobutyric acid,CHEBI:28797,MAPPED
(2R)-2-aminopentanedioic acid,synonym,CHEBI:15966,D-Glutamic Acid,CHEBI:15966,MAPPED
(2R)-2-ammonio-3-mercaptopropanoate,synonym,CHEBI:17561,L-Cysteine,CHEBI:17561,MAPPED
(2R)-2-ammonio-3-sulfanylpropanoate,synonym,CHEBI:17561,L-Cysteine,CHEBI:17561,MAPPED
(2R)-2-ammonio-3-sulfanylpropanoate,synonym,CHEBI:35235,L-cysteine zwitterion,CHEBI:35235,MAPPED
"(2R,2'R)-3,3'-disulfanediylbis(2-aminopropanoic acid)",synonym,CHEBI:16283,L-Cystine,CHEBI:16283,MAPPED
"(2R,3R)-2,3,4-trihydroxybutanal",synonym,CHEBI:27904,D-erythrose,CHEBI:27904,MAPPED
"(2R,3R)-2,3-Dihydroxybernsteinsaeure",synonym,CHEBI:15671,L(+)-Tartaric acid,CHEBI:15671,MAPPED
"(2R,3R)-2,3-dihydroxybutanedioate",synonym,CHEBI:30924,Na-tartrate,CHEBI:30924,MAPPED
"(2R,3R)-2,3-dihydroxybutanedioic acid",synonym,CHEBI:15671,L(+)-Tartaric acid,CHEBI:15671,MAPPED
"(2R,3R)-2,3-dihydroxysuccinate",synonym,CHEBI:30924,Na-tartrate,CHEBI:30924,MAPPED
"(2R,3R)-2,3-dihydroxysuccinic acid",synonym,CHEBI:15671,L(+)-Tartaric acid,CHEBI:15671,MAPPED
"(2R,3R)-2-(3,4,5-trihydroxyphenyl)-3,4-dihydro-2H-chromene-3,5,7-triol",synonym,CHEBI:42255,Epigallocatechin,CHEBI:42255,MAPPED
"(2R,3R)-3,5,7-trihydroxy-2-[(2R,3R)-3-(4-hydroxy-3-methoxyphenyl)-2-(hydroxymethyl)-2,3-dihydro-1,4-benzodioxin-6-yl]-2,3-dihydro-4H-chromen-4-one",synonym,CHEBI:9144,Silibinin,CHEBI:9144,MAPPED
"(2R,3R)-5,7-dihydroxy-2-(3,4,5-trihydroxyphenyl)-3,4-dihydro-2H-chromen-3-yl 3,4,5-trihydroxybenzoate",synonym,CHEBI:4806,(-)-Epigallocatechin gallate,CHEBI:4806,MAPPED
"(2R,3R)-Tartaric acid",synonym,CHEBI:15671,L(+)-Tartaric acid,CHEBI:15671,MAPPED
"(2R,3R)-tartrate",synonym,CHEBI:30924,Na-tartrate,CHEBI:30924,MAPPED
"(2R,3R,4R,5R)-Hexane-1,2,3,4,5,6-hexaol",synonym,CHEBI:16899,D-Mannitol,CHEBI:16899,MAPPED
"(2R,3R,4R,5R)-hexane-1,2,3,4,5,6-hexol",synonym,CHEBI:16899,D-Mannitol,CHEBI:16899,MAPPED
"(2R,3R,4R,5S)-hexane-1,2,3,4,5,6-hexol",synonym,CHEBI:17924,D-Sorbitol,CHEBI:17924,MAPPED
"(2R,3R,4S)-Pentane-1,2,3,4,5-pentaol",synonym,CHEBI:17151,Xylitol,CHEBI:17151,MAPPED
"(2R,3r,4S)-pentane-1,2,3,4,5-pentol",synonym,CHEBI:17151,Xylitol,CHEBI:17151,MAPPED
"(2R,3R,4S,5R)-2-(6-aminopurin-9-yl)-5-(hydroxymethyl)oxolane-3,4-diol",synonym,CHEBI:16335,Adenosine,CHEBI:16335,MAPPED
"(2R,3R,4S,5S,6S)-2-[[(2R,3S,4R,4aR,6S,7R,8aS)-7-amino-6-[(1R,2R,3S,4R,6S)-4,6-diamino-2,3-dihydroxycyclohexyl]oxy-4-hydroxy-3-(methylamino)-2,3,4,4a,6,7,8,8a-octahydropyrano[3,2-b]pyran-2-yl]oxy]-5-amino-6-(hydroxymethyl)oxane-3,4-diol;suluric acid",synonym,cas:65710-07-8,Apramycin sulfate salt,CHEBI:190734,MAPPED
"(2R,3S)-3-[(4E,7E)-nona-4,7-dienoyl]oxirane-2-carboxamide",synonym,CHEBI:171741,Cerulenin,CHEBI:171741,MAPPED
"(2R,3S,4R,5R)-2,3,4,5,6-pentahydroxyhexanal",synonym,CHEBI:17234,Glucose,CHEBI:17234,MAPPED
"(2R,3S,4R,5R)-2-(hydroxymethyl)-5-(6-hydroxy-9H-purin-9-yl)tetrahydrofuran-3,4-diol",synonym,CHEBI:17596,Inosine,CHEBI:17596,MAPPED
"(2R,3S,4R,5S)-2,3,4,5-tetrahydroxyhexanedioic acid",synonym,CHEBI:30852,Mucic acid,CHEBI:30852,MAPPED
"(2R,3S,4S,5R,6R)-2-(hydroxymethyl)-6-[(2R,3R,4S,5S,6R)-3,4,5-trihydroxy-6-(hydroxymethyl)oxan-2-yl]oxyoxane-3,4,5-triol;dihydrate",synonym,CHEBI:232797,D-Trehalose dihydrate,CHEBI:232797,MAPPED
"(2R,3S,4S,5S)-2,3,4,5-tetrahydroxyhexanedioic acid",synonym,CHEBI:16002,D-Glucaric acid,CHEBI:16002,MAPPED
"(2R,3S,6S,7R,8R)-3-[(3-formamido-2-hydroxybenzoyl)amino]-8-hexyl-2,6-dimethyl-4,9-dioxo-1,5-dioxonan-7-yl 3-methylbutanoate",synonym,CHEBI:2762,Antimycin A,CHEBI:2762,MAPPED
"(2R,4aR,5aR,6S,7S,8R,9S,9aR,10aS)-4a,7,9-trihydroxy-2-methyl-6,8-bis(methylamino)decahydro-4H-pyrano[2,3-b][1,4]benzodioxin-4-one dihydrochloride pentahydrate",synonym,CHEBI:9217,Spectinomycin dihydrochloride pentahydrate,CHEBI:9217,MAPPED
"(2R,4aR,5aR,6S,7S,8R,9S,9aR,10aS)-4a,7,9-trihydroxy-2-methyl-6,8-bis(methylamino)decahydro-4H-pyrano[2,3-b][1,4]benzodioxin-4-one dihydrochloride--water (1/5)",synonym,CHEBI:9217,Spectinomycin dihydrochloride pentahydrate,CHEBI:9217,MAPPED
"(2R,4aR,5aR,6S,7S,8R,9S,9aR,10aS)-4a,7,9-trihydroxy-N,N',2-trimethyl-4-oxodecahydro-2H-pyrano[2,3-b][1,4]benzodioxine-6,8-diaminium dichloride--water (1/5)",synonym,CHEBI:9217,Spectinomycin dihydrochloride pentahydrate,CHEBI:9217,MAPPED
"(2R,4aS,6aS,12bS,14aS,14bR)-10,11-dihydroxy-2,4a,6a,9,12b,14a-hexamethyl-1,2,3,4,4a,5,6,6a,8,12b,13,14,14a,14b-tetradecahydropicene-2-carboxylic acid",synonym,CHEBI:132340,Dihydrocelastrol,CHEBI:132340,MAPPED
"(2R,4S,5R,6R)-5-Acetamido-2-[(2R,3S,4R,5S)-5-acetamido-4-[(2R,3R,4R,5S,6R)-3-acetamido-6-(hydroxymethyl)-5-[(2S,3R,4S,5R,6R)-3,4,5-trihydroxy-6-(hydroxymethyl)oxan-2-yl]oxy-4-[(2S,3S,4R,5S,6S)-3,4,5-trihydroxy-6-methyloxan-2-yl]oxyoxan-2-yl]oxy-2,3,6-trihydroxyhexoxy]-4-hydroxy-6-[(1R,2R)-1,2,3-trihydroxypropyl]oxane-2-carboxylic acid",synonym,CHEBI:25351,DL-mevalonic acid,CHEBI:25351,MAPPED
"(2R,6aS,12aS)-8,9-dimethoxy-2-(prop-1-en-2-yl)-1,2,12,12a-tetrahydrochromeno[3,4-b]furo[2,3-h]chromen-6(6aH)-one",synonym,CHEBI:28201,Rotenone,CHEBI:28201,MAPPED
"(2S)-2,4-diamino-4-oxobutanoic acid",synonym,CHEBI:17196,L-Asparagine,CHEBI:17196,MAPPED
"(2S)-2,5-diaminopentanoic acid",synonym,CHEBI:15729,L-Ornithine,CHEBI:15729,MAPPED
"(2S)-2,5-diaminopentanoic acid;hydrochloride",synonym,CHEBI:195690,L-ornithine monohydrochloride,CHEBI:195690,MAPPED
"(2S)-2,6-diaminohexanoic acid",synonym,CHEBI:18019,L-Lysine,CHEBI:18019,MAPPED
"(2S)-2-(4-{[(2-amino-4-oxo-3,4-dihydropteridin-6-yl)methyl]amino}benzamido)pentanedioic acid",synonym,CHEBI:27470,Folic acid,CHEBI:27470,MAPPED
(2S)-2-(acetylamino)-5-amino-5-oxopentanoic acid,synonym,CHEBI:21553,N-Acetyl-L-glutamine,CHEBI:21553,MAPPED
(2S)-2-(acetylamino)-6-aminohexanoic acid,synonym,CHEBI:35704,n-Acetyl-lysine,CHEBI:35704,MAPPED
(2S)-2-acetamidobutanedioic acid,synonym,CHEBI:21547,N-Acetyl-L-aspartic acid,CHEBI:21547,MAPPED
(2S)-2-acetamidopentanedioic acid,synonym,CHEBI:17533,N-Acetyl-L-Glutamic Acid,CHEBI:17533,MAPPED
(2S)-2-amino-3-(1H-imidazol-4-yl)propanoic acid,synonym,CHEBI:15971,L-Histidine,CHEBI:15971,MAPPED
(2S)-2-amino-3-(1H-indol-3-yl)propanoic acid,synonym,CHEBI:16828,L-Tryptophan,CHEBI:16828,MAPPED
"(2S)-2-amino-3-(3,4-dihydroxyphenyl)propanoic acid",synonym,CHEBI:15765,Levodopa,CHEBI:15765,MAPPED
(2S)-2-amino-3-(3-hydroxyphenyl)propanoic acid,synonym,cas:587-33-7,L-Meta-tyrosine,CHEBI:44303,MAPPED
(2S)-2-amino-3-(4-hydroxyphenyl)propanoic acid,synonym,CHEBI:17895,L-Tyrosine,CHEBI:17895,MAPPED
(2S)-2-amino-3-carbamoylpropanoic acid,synonym,CHEBI:17196,L-Asparagine,CHEBI:17196,MAPPED
(2S)-2-amino-3-hydroxypropanoic acid,synonym,CHEBI:17115,L-Serine,CHEBI:17115,MAPPED
(2S)-2-amino-3-methylbutanoic acid,synonym,CHEBI:16414,L-Valine,CHEBI:16414,MAPPED
(2S)-2-amino-3-phenylpropanoic acid,synonym,CHEBI:17295,L-Phenylalanine,CHEBI:17295,MAPPED
(2S)-2-amino-4-(methylsulfanyl)butanoic acid,synonym,CHEBI:16643,L-Methionine,CHEBI:16643,MAPPED
(2S)-2-amino-4-carbamoylbutanoic acid,synonym,CHEBI:18050,L-Glutamine,CHEBI:18050,MAPPED
(2S)-2-amino-4-methylpentanoic acid,synonym,CHEBI:15603,L-Leucine,CHEBI:15603,MAPPED
(2S)-2-amino-5-(carbamimidamido)pentanoic acid,synonym,CHEBI:16467,L-Arginine,CHEBI:16467,MAPPED
(2S)-2-amino-5-(carbamoylamino)pentanoic acid,synonym,CHEBI:16349,L-Citrulline,CHEBI:16349,MAPPED
(2S)-2-amino-5-guanidinopentanoic acid,synonym,CHEBI:16467,L-Arginine,CHEBI:16467,MAPPED
(2S)-2-aminobutanedioic acid,synonym,CHEBI:17053,L-Aspartic acid,CHEBI:17053,MAPPED
(2S)-2-aminobutanedioic acid,synonym,cas:1115-63-5,L-Aspartic acid potassium salt,CHEBI:17053,MAPPED
(2S)-2-aminobutanedioic acid,synonym,cas:323194-76-9,L-Aspartic acid sodium salt monohydrate,CHEBI:17053,MAPPED
(2S)-2-aminobutanoic acid,synonym,CHEBI:35619,L-2-Aminobutyric acid,CHEBI:35619,MAPPED
(2S)-2-aminohexanedioic acid,synonym,CHEBI:37023,DL-2-Aminoadipic acid,CHEBI:37023,MAPPED
(2S)-2-aminopentanedioate,synonym,CHEBI:29988,Na-glutamate,CHEBI:29988,MAPPED
(2S)-2-aminopentanedioic acid,synonym,CHEBI:16015,L-Glutamic acid,CHEBI:16015,MAPPED
(2S)-2-aminopentanedioic acid,synonym,cas:6382-01-0,L-Glutamic acid monopotassium salt monohydrate,CHEBI:16015,MAPPED
(2S)-2-aminopropanoic acid,synonym,CHEBI:16977,L-Alanine,CHEBI:16977,MAPPED
(2S)-2-ammonio-3-(1H-indol-3-yl)propanoate,synonym,CHEBI:57912,DL-Tryptophan,CHEBI:57912,MAPPED
(2S)-2-azaniumyl-3-(1H-indol-3-yl)propanoate,synonym,CHEBI:57912,DL-Tryptophan,CHEBI:57912,MAPPED
(2S)-2-hydroxybutanedioic acid,synonym,CHEBI:30797,L-Malic acid,CHEBI:30797,MAPPED
(2S)-2-hydroxypropanoate,synonym,CHEBI:24996,Lactate,CHEBI:24996,MAPPED
(2S)-3-(2-mercapto-1H-imidazol-5-yl)-2-(trimethylazaniumyl)propanoate,synonym,CHEBI:4828,L-(+)-Ergothioneine,CHEBI:4828,MAPPED
"(2S)-4-amino-N-[(1R,2S,3S,4R,5S)-5-amino-2-(3-amino-3-deoxy-alpha-D-glucopyranosyloxy)-4-(6-amino-6-deoxy-alpha-D-glucopyranosyloxy)-3-hydroxycyclohexyl]-2-hydroxybutanamide disulfate",synonym,CHEBI:2638,Amikacin disulfate salt,CHEBI:2638,MAPPED
"(2S)-5-hydroxy-2-(3-hydroxy-4-methoxyphenyl)-4-oxo-3,4-dihydro-2H-chromen-7-yl 6-O-(6-deoxy-alpha-L-mannopyranosyl)-beta-D-glucopyranoside",synonym,CHEBI:28775,Hesperidin,CHEBI:28775,MAPPED
"(2S)-5-hydroxy-2-(4-hydroxyphenyl)-4-oxo-3,4-dihydro-2H-chromen-7-yl 2-O-(6-deoxy-alpha-L-mannopyranosyl)-beta-D-glucopyranoside",synonym,CHEBI:28819,Naringin,CHEBI:28819,MAPPED
(2S)-5-oxopyrrolidine-2-carboxylic acid,synonym,CHEBI:18183,L-Pyroglutamic acid,CHEBI:18183,MAPPED
(2S)-alpha-2-Amino-4-methylvaleric acid,synonym,CHEBI:15603,L-Leucine,CHEBI:15603,MAPPED
(2S)-alpha-Leucine,synonym,CHEBI:15603,L-Leucine,CHEBI:15603,MAPPED
(2S)-piperidine-2-carboxylic acid,synonym,CHEBI:30913,L-Pipecolic Acid,CHEBI:30913,MAPPED
(2S)-pyrrolidine-2-carboxylic acid,synonym,CHEBI:17203,L-Proline,CHEBI:17203,MAPPED
(2S)-threonine,synonym,CHEBI:16857,L-Threonine,CHEBI:16857,MAPPED
"(2S,2'S)-2,2'-(ethane-1,2-diyldiimino)dibutan-1-ol",synonym,CHEBI:4877,Ethambutol,CHEBI:4877,MAPPED
"(2S,2'S)-5,5'-[disulfanediylbis({(2R)-3-[(carboxymethyl)amino]-3-oxopropane-1,2-diyl}imino)]bis(2-amino-5-oxopentanoic acid)",synonym,CHEBI:17858,Glutathione oxidized,CHEBI:17858,MAPPED
"(2S,3R)-(-)-Threonine",synonym,CHEBI:16857,L-Threonine,CHEBI:16857,MAPPED
"(2S,3R)-2-amino-3-hydroxybutanoic acid",synonym,CHEBI:16857,L-Threonine,CHEBI:16857,MAPPED
"(2S,3R,4S)-4-[(2S,5R,7S,8R,9S)-2-{(2S,2'R,3'S,5R,5'R)-2-ethyl-5'-[(2S,3S,5R,6R)-6-hydroxy-6-(hydroxymethyl)-3,5-dimethyltetrahydro-2H-pyran-2-yl]-3'-methyloctahydro-2,2'-bifuran-5-yl}-9-hydroxy-2,8-dimethyl-1,6-dioxaspiro[4.5]dec-7-yl]-3-methoxy-2-methylpentanoic acid",synonym,CHEBI:27617,Monensin,CHEBI:27617,MAPPED
"(2S,3R,4S,5R,6R)-2-[[(2R,3S,4S,5R,6R)-6-[(2S,3S,4S,5R)-3,4-dihydroxy-2,5-bis(hydroxymethyl)oxolan-2-yl]oxy-3,4,5-trihydroxyoxan-2-yl]methoxy]-6-(hydroxymethyl)oxane-3,4,5-triol;pentahydrate",synonym,cas:17629-30-0,D-Raffinose pentahydrate,CHEBI:189430,MAPPED
"(2S,3S)-2-amino-3-methylpentanoic acid",synonym,CHEBI:17191,L-Isoleucine,CHEBI:17191,MAPPED
"(2S,3S)-3-{(2Z)-2-(2-ammonio-1,3-thiazol-4-yl)-2-[(2-carboxypropan-2-yloxy)imino]acetamido}-2-methyl-4-oxoazetidine-1-sulfonate",synonym,CHEBI:161680,Aztreonam,CHEBI:161680,MAPPED
"(2S,3S,4R,5R,6R)-5-{[(2S,3R,4R,5S,6R)-3-acetamido-5-{[(2S,3R,4R,5S,6R)-3-acetamido-4-hydroxy-6-methyl-5-({(2R,3R,4S,5R,6S)-3,4,5-trihydroxy-6-[(2-hydroxy-5-oxocyclopent-1-en-1-yl)carbamoyl]tetrahydro-2H-pyran-2-yl}oxy)tetrahydro-2H-pyran-2-yl]oxy}-4-hydroxy-6-({[(2R,3R,4S,5S,6R)-3,4,5-trihydroxy-6-(hydroxymethyl)tetrahydro-2H-pyran-2-yl]oxy}methyl)tetrahydro-2H-pyran-2-yl]oxy}-4-(carbamoyloxy)-6-({[(2R)-2-carboxy-2-{[(2E,6E,13E)-3,8,8,14,18-pentamethyl-11-methylenenonadeca-2,6,13,17-tetraen-1-yl]oxy}ethoxy](hydroxy)phosphoryl}oxy)-3-hydroxy-3-methyltetrahydro-2H-pyran-2-carboxylic acid",synonym,CHEBI:28908,Flavomycin,CHEBI:28908,MAPPED
"(2S,3S,4R,5S,6S)-2-[(3R,4R,5S,6R)-2,3-Dihydroxy-6-(hydroxymethyl)-5-[(2R,3R,4S,5S,6R)-3,4,5-trihydroxy-6-(hydroxymethyl)oxan-2-yl]oxyoxan-4-yl]oxy-6-methyloxane-3,4,5-triol",synonym,cas:150-90-3,Sodium succinate dibasic,CHEBI:15741,MAPPED
"(2S,4R)-4-hydroxy-2-pyrrolidinecarboxylic acid",synonym,CHEBI:18095,Hydroxy-L-Proline,CHEBI:18095,MAPPED
"(2S,4R)-N-[(1R,2R)-2-hydroxy-1-[(2R,3R,4S,5R,6R)-3,4,5-trihydroxy-6-methylsulanyloxan-2-yl]propyl]-1-methyl-4-propylpyrrolidine-2-carboxamide;hydrochloride",synonym,CHEBI:182465,Lincomycin hydrochloride,CHEBI:182465,MAPPED
"(2S,4R)-trans-4-hydroxyproline",synonym,CHEBI:18095,Hydroxy-L-Proline,CHEBI:18095,MAPPED
"(2S,5R,6R)-6-{[(2R)-2-amino-2-phenylacetyl]amino}-3,3-dimethyl-7-oxo-4-thia-1-azabicyclo[3.2.0]heptane-2-carboxylic acid",synonym,CHEBI:28971,Ampicillin,CHEBI:28971,MAPPED
"(2S,5R,6R)-6-{[(2R)-2-AMINO-2-PHENYLETHANOYL]AMINO}-3,3-DIMETHYL-7-OXO-4-THIA-1-AZABICYCLO[3.2.0]HEPTANE-2-CARBOXYLIC ACID",synonym,CHEBI:28971,Ampicillin,CHEBI:28971,MAPPED
"(2S,6R)-6-{[(2R)-2-amino-2-phenylethanoyl]amino}-3,3-dimethyl-7-oxo-4-thia-1-azabicyclo[3.2.0]heptane-2-carboxylic acid",synonym,CHEBI:28971,Ampicillin,CHEBI:28971,MAPPED
"(2Z)-2-[(17Z)-16beta-acetoxy-3alpha,11alpha-dihydroxy-4alpha,8alpha,10,14beta-tetramethyl-5alpha,9beta,13alpha-gonan-17-ylidene]-6-methylhept-5-enoic acid",synonym,cas:751-94-0,Fusidic acid sodium salt,CHEBI:29013,MAPPED
(2Z)-2-methylbut-2-enedioic acid,synonym,CHEBI:17626,Citraconic acid,CHEBI:17626,MAPPED
"(2Z)-3,7-dimethylocta-2,6-dien-1-ol",synonym,CHEBI:29452,Nerol,CHEBI:29452,MAPPED
(2Z)-but-2-enedioic acid,synonym,CHEBI:18300,Maleic acid,CHEBI:18300,MAPPED
"(2Z,4E)-5-[(1S)-1-hydroxy-2,6,6-trimethyl-4-oxocyclohex-2-en-1-yl]-3-methylpenta-2,4-dienoic acid",synonym,CHEBI:2365,Abscisic acid,CHEBI:2365,MAPPED
"(3,5-dibromo-4-hydroxyphenyl)(2-ethyl-1-benzofuran-3-yl)methanone",synonym,CHEBI:3023,Benzbromarone,CHEBI:3023,MAPPED
"(3aR,4S,7R,7aS)-3a,7a-dimethylhexahydro-4,7-epoxy-2-benzofuran-1,3-dione",synonym,CHEBI:64213,Cantharidin,CHEBI:64213,MAPPED
"(3aR,5S,8aR,9aR)-5,8a-dimethyl-3-methylidene-3a,5,6,7,8,8a,9,9a-octahydronaphtho[2,3-b]furan-2(3H)-one",synonym,CHEBI:2540,Helenine,CHEBI:2540,MAPPED
"(3aS,4R,5S,6S,8R,9R,9aR,10R)-5-hydroxy-4,6,9,10-tetramethyl-1-oxo-6-vinyldecahydro-3a,9-propanocyclopenta[8]annulen-8-yl {[2-(diethylamino)ethyl]sulfanyl}acetate",synonym,CHEBI:44137,Tiamulin,CHEBI:44137,MAPPED
"(3aS,4S,6aR)-Hexahydro-2-oxo-1H-thieno[3,4-d]imidazole-4-valeric acid",synonym,CHEBI:15956,Biotin,CHEBI:15956,MAPPED
(3beta)-lup-20(29)-en-3-ol,synonym,CHEBI:6570,Lupeol,CHEBI:6570,MAPPED
"(3beta,14beta,17alpha)-cholest-5-en-3-ol",synonym,CHEBI:16113,cholesterol,CHEBI:16113,MAPPED
"(3beta,25R)-spirost-5-en-3-ol",synonym,CHEBI:4629,Diosgenin,CHEBI:4629,MAPPED
"(3E,4S)-4-hydroxy-3-{2-[(1R,4aS,5R,6R,8aS)-6-hydroxy-5-(hydroxymethyl)-5,8a-dimethyl-2-methylidenedecahydronaphthalen-1-yl]ethylidene}dihydrofuran-2(3H)-one",synonym,CHEBI:65408,Andrographolide,CHEBI:65408,MAPPED
"(3R)-3-hydroxy-4,4-dimethyldihydrofuran-2(3H)-one",synonym,CHEBI:16719,D-(-)-Pantolactone,CHEBI:16719,MAPPED
(3R)-3-hydroxy-4-(trimethylammonio)butanoate,synonym,CHEBI:16347,L-Carnitine,CHEBI:16347,MAPPED
(3R)-3-hydroxybutanoate,synonym,CHEBI:10983,(R)-3-hydroxybutyrate,CHEBI:10983,MAPPED
"(3R,4R,5R,6R)-3-amino-6-(hydroxymethyl)oxane-2,4,5-triol;hydrochloride",synonym,CHEBI:181432,D-(+)-Galactosamine hydrochloride,CHEBI:181432,MAPPED
"(3R,4S,5R)-3,4,5-trihydroxycyclohex-1-ene-1-carboxylic acid",synonym,CHEBI:16119,Shikimic Acid,CHEBI:16119,MAPPED
"(3R,4S,5S,6R)-3,4,5-trihydroxy-6-(hydroxymethyl)oxan-2-one",synonym,CHEBI:16217,D-(+)-Gluconic acid gamma-lactone,CHEBI:16217,MAPPED
"(3R,5R)-7-[(1S,2S,6R,8S,8aR)-8-(2,2-dimethylbutanoyloxy)-2,6-dimethyl-1,2,6,7,8,8a-hexahydronaphthalen-1-yl]-3,5-dihydroxyheptanoic acid",synonym,cas:139893-43-9,Simvastatin Hydroxy Acid Ammonium Salt,CHEBI:169041,MAPPED
(3S)-3-hydroxybutanoate,synonym,CHEBI:11047,(S)-3-hydroxybutyrate,CHEBI:11047,MAPPED
"(3S)-9-fluoro-3-methyl-10-(4-methylpiperazin-1-yl)-7-oxo-2,3-dihydro-7H-[1,4]oxazino[2,3,4-ij]quinoline-6-carboxylic acid",synonym,CHEBI:63598,Levofloxacin,CHEBI:63598,MAPPED
"(3S,4R,5S)-1,3,4,5,6-pentahydroxyhexan-2-one",synonym,CHEBI:17266,L-(-)-sorbose,CHEBI:17266,MAPPED
"(4-(4-Dimethylaminobenzhydriylidene)cyclohexa-2,5-dienylidene)dimethylammonium chloride",synonym,CHEBI:72449,Malachite green,CHEBI:72449,MAPPED
"(4-(alpha-(4-Dimethylamino)phenyl)benzylidene)cyclohexa-2,5-dien-1-ylidene dimethylammonium chloride",synonym,CHEBI:72449,Malachite green,CHEBI:72449,MAPPED
(4-ethenylphenyl) 4-hydroxy-3-nitrosobenzoate;iron(2+),synonym,CHEBI:219729,ferroverdin,CHEBI:219729,MAPPED
(4-formyl-5-hydroxy-6-methylpyridin-3-yl)methyl dihydrogen phosphate,synonym,CHEBI:18405,Pyridoxal phosphate,CHEBI:18405,MAPPED
(4-hydroxyphenyl)acetic acid,synonym,CHEBI:18101,4-Hydroxyphenyl acetic acid,CHEBI:18101,MAPPED
"(4aR,5aS,8aR,13aS,15aS,15bR)-4a,5,5a,7,8,13a,15,15a,15b,16-decahydro-2H-4,6-methanoindolo[3,2,1-ij]oxepino[2,3,4-de]pyrrolo[2,3-h]quinolin-14-one;sulfuric acid",synonym,CHEBI:233239,Strychnine Sulfate,CHEBI:233239,MAPPED
"(4aS,6aR,8aR,8bR,9aS,12R,12aS,14aR,14bR)-12-(3-furyl)-6,6,8a,12a-tetramethyldecahydro-3H-oxireno[d]pyrano[4',3':3,3a][2]benzofuro[5,4-f]isochromene-3,8,10(6H,9aH)-trione",synonym,CHEBI:16226,Limonin,CHEBI:16226,MAPPED
(4R)-4-aminoisoxazolidin-3-one,synonym,CHEBI:40009,D-Cycloserine,CHEBI:40009,MAPPED
(4R)-4-hydroxy-L-proline,synonym,CHEBI:18095,Hydroxy-L-Proline,CHEBI:18095,MAPPED
"(4S)-2-methyl-1,4,5,6-tetrahydropyrimidine-4-carboxylic acid",synonym,CHEBI:27592,Ectoine,CHEBI:27592,MAPPED
"(4S)-4-[[2-[[(2S)-2-[[(2S)-2-[[(2S)-2-[[(2S)-6-amino-2-[[2-[[(2S)-2-[[(2S)-6-amino-2-[[2-[[(2S)-2-[[(2S)-2-[[(2S)-2-[[(2S)-2-[[(2S)-2-[[(2S)-6-amino-2-[[2-[[(2S,3S)-2-[(2-aminoacetyl)amino]-3-methylpentanoyl]amino]acetyl]amino]hexanoyl]amino]-3-phenylpropanoyl]amino]-4-methylpentanoyl]amino]-3-(1H-imidazol-5-yl)propanoyl]amino]-3-hydroxypropanoyl]amino]propanoyl]amino]acetyl]amino]hexanoyl]amino]-3-phenylpropanoyl]amino]acetyl]amino]hexanoyl]amino]propanoyl]amino]-3-phenylpropanoyl]amino]-3-methylbutanoyl]amino]acetyl]amino]-5-[[(2S,3S)-1-[[(2S)-1-[[(2S)-6-amino-1-[[(1S)-1-carboxy-2-hydroxyethyl]amino]-1-oxohexan-2-yl]amino]-4-methylsulanyl-1-oxobutan-2-yl]amino]-3-methyl-1-oxopentan-2-yl]amino]-5-oxopentanoic acid",synonym,CHEBI:201898,Magainin I,CHEBI:201898,MAPPED
"(4S)-4-[[2-[[(2S)-2-[[(2S)-2-[[(2S)-2-[[(2S,3S)-2-[[(2S)-2-[[(2S)-1-[2-[[(2S)-2-[[(2S)-6-amino-2-[[(2S)-2-[[(2S,3S)-2-[[2-[[(2S)-4-amino-2-[[(2S)-2-[[(2S,3S)-2-[[(2S)-4-amino-2-[[(2S)-2-[[2-[[(2S)-2-[[(2S)-6-amino-2-[[(2S)-2-[[(2S,3S)-2-[[(2S)-6-amino-2-[[(2S)-6-amino-2-[[(2S)-2-[[(2S)-2-[[(2S)-6-amino-2-[[(2S)-2-[[(2S)-2,6-diaminohexanoyl]amino]-3-(1H-indol-3-yl)propanoyl]amino]hexanoyl]amino]-3-methylbutanoyl]amino]-3-phenylpropanoyl]amino]hexanoyl]amino]hexanoyl]amino]-3-methylpentanoyl]amino]-4-carboxybutanoyl]amino]hexanoyl]amino]-4-methylsulanylbutanoyl]amino]acetyl]amino]-5-carbamimidamidopentanoyl]amino]-4-oxobutanoyl]amino]-3-methylpentanoyl]amino]-5-carbamimidamidopentanoyl]amino]-4-oxobutanoyl]amino]acetyl]amino]-3-methylpentanoyl]amino]-3-methylbutanoyl]amino]hexanoyl]amino]propanoyl]amino]acetyl]pyrrolidine-2-carbonyl]amino]propanoyl]amino]-3-methylpentanoyl]amino]propanoyl]amino]-3-methylbutanoyl]amino]-4-methylpentanoyl]amino]acetyl]amino]-5-[[(2S)-1-[[(2S)-6-amino-1-[[(2S)-1-[[(2S)-1-amino-4-methyl-1-oxopentan-2-yl]amino]-1-oxopropan-2-yl]amino]-1-oxohexan-2-yl]amino]-1-oxopropan-2-yl]amino]-5-oxopentanoic acid",synonym,CHEBI:201469,Cecropin B,CHEBI:201469,MAPPED
"(4S)-4-ethyl-4-hydroxy-1H-pyrano[3',4':6,7]indolizino[1,2-b]quinoline-3,14(4H,12H)-dione",synonym,CHEBI:27656,Camptothecin,CHEBI:27656,MAPPED
"(4S)-5-[[(2S)-6-amino-1-[[(2S)-1-[[2-[[(2S)-5-amino-1-[[(2S)-4-amino-1-[[(2S,3S)-1-[[(2S)-1-[[(2S)-1-[[2-[[(2S,3S)-1-[[(2S,3S)-1-[[(2S)-6-amino-1-[[(2S)-1-[[2-[(2S)-2-[[(2S)-1-[[(2S)-1-[[(2S)-1-[[(2S)-1-[[(2S)-1-[[2-[[(2S)-5-amino-1-[[(2S)-1-[[(2S,3R)-1-[[(2S)-5-amino-1-[[(2S,3S)-1-[[(2S)-1-[[(2S)-1,6-diamino-1-oxohexan-2-yl]amino]-1-oxopropan-2-yl]amino]-3-methyl-1-oxopentan-2-yl]amino]-1,5-dioxopentan-2-yl]amino]-3-hydroxy-1-oxobutan-2-yl]amino]-1-oxopropan-2-yl]amino]-1,5-dioxopentan-2-yl]amino]-2-oxoethyl]amino]-3-methyl-1-oxobutan-2-yl]amino]-3-methyl-1-oxobutan-2-yl]amino]-1-oxopropan-2-yl]amino]-3-methyl-1-oxobutan-2-yl]amino]-1-oxopropan-2-yl]carbamoyl]pyrrolidin-1-yl]-2-oxoethyl]amino]-1-oxopropan-2-yl]amino]-1-oxohexan-2-yl]amino]-3-methyl-1-oxopentan-2-yl]amino]-3-methyl-1-oxopentan-2-yl]amino]-2-oxoethyl]amino]-3-carboxy-1-oxopropan-2-yl]amino]-5-carbamimidamido-1-oxopentan-2-yl]amino]-3-methyl-1-oxopentan-2-yl]amino]-1,4-dioxobutan-2-yl]amino]-1,5-dioxopentan-2-yl]amino]-2-oxoethyl]amino]-3-methyl-1-oxobutan-2-yl]amino]-1-oxohexan-2-yl]amino]-4-[[(2S,3S)-2-[[(2S)-6-amino-2-[[(2S)-6-amino-2-[[(2S)-2-[[(2S)-2-[[(2S)-6-amino-2-[[(2S)-2-[[(2S)-2,6-diaminohexanoyl]amino]-3-(1H-indol-3-yl)propanoyl]amino]hexanoyl]amino]-4-methylpentanoyl]amino]-3-phenylpropanoyl]amino]hexanoyl]amino]hexanoyl]amino]-3-methylpentanoyl]amino]-5-oxopentanoic acid",synonym,CHEBI:201428,Cecropin A,CHEBI:201428,MAPPED
"(4S)-p-mentha-1(6),8-dien-2-one",synonym,CHEBI:15399,D(+)-Carvone,CHEBI:15399,MAPPED
"(4S,4aS,12aR)-4-(dimethylamino)-1,10,11,12a-tetrahydroxy-6-methyl-3,12-dioxo-4a,5-dihydro-4H-tetracene-2-carboxamide;hydrochloride",synonym,CHEBI:201752,Anhydrotetracycline hydrochloride,CHEBI:201752,MAPPED
"(4S,4aS,5aR,12aS)-4,7-bis(dimethylamino)-3,10,12,12a-tetrahydroxy-1,11-dioxo-1,4,4a,5,5a,6,11,12a-octahydrotetracene-2-carboxamide hydrochloride",synonym,CHEBI:50697,Minocycline hydrochloride,CHEBI:50697,MAPPED
"(4S,4aS,5aS,6S,12aS)-4-(dimethylamino)-3,6,10,12,12a-pentahydroxy-6-methyl-1,11-dioxo-1,4,4a,5,5a,6,11,12a-octahydrotetracene-2-carboxamide",synonym,CHEBI:27902,Tetracycline,CHEBI:27902,MAPPED
(5)  Sodium metasilicate,synonym,CHEBI:60720,Na-silicate,CHEBI:60720,MAPPED
"(5R)-5-[(1S)-1,2-dihydroxyethyl]-3,4-dihydroxyfuran-2(5H)-one",synonym,CHEBI:29073,L-Ascorbic acid,CHEBI:29073,MAPPED
"(5R,5aS,8aR,9R)-9-hydroxy-5-(3,4,5-trimethoxyphenyl)-5,8,8a,9-tetrahydrofuro[3',4':6,7]naphtho[2,3-d][1,3]dioxol-6(5aH)-one",synonym,CHEBI:75251,Picropodophyllin,CHEBI:75251,MAPPED
"(5R,6S)-6-[(1R)-1-hydroxyethyl]-3-({2-[(iminomethyl)amino]ethyl}sulfanyl)-7-oxo-1-azabicyclo[3.2.0]hept-2-ene-2-carboxylic acid--water (1/1)",synonym,CHEBI:51799,Impenum monohydrate,CHEBI:51799,MAPPED
"(5R,9R,11E)-5-amino-11-ethylidene-7-methyl-5,6,9,10-tetrahydro-5,9-methanocycloocta[b]pyridin-2(1H)-one",synonym,CHEBI:78330,Huperzine A,CHEBI:78330,MAPPED
(5S)-2-methyl-5-(prop-1-en-2-yl)cyclohex-2-en-1-one,synonym,CHEBI:15399,D(+)-Carvone,CHEBI:15399,MAPPED
"(5S,6R)-5-hydroxy-6-methyl-3-[(2S,3S)-3-methyloxiran-2-yl]-5,6-dihydro-2H-pyran-2-one",synonym,CHEBI:18101,4-Hydroxyphenyl acetic acid,CHEBI:18101,MAPPED
(5z)-4-bromo-5-(bromomethylene)-2(5h)-furanone,preferred_term,cas:247167-54-0,(5z)-4-bromo-5-(bromomethylene)-2(5h)-furanone,cas:247167-54-0,MAPPED
"(6aS)-3,6a,10-trihydroxy-6a,7-dihydrobenzo[b]indeno[1,2-d]pyran-9(6H)-one",synonym,CHEBI:69196,Brazilein,CHEBI:69196,MAPPED
(6E)-N-(4-hydroxy-3-methoxybenzyl)-8-methylnon-6-enamide,synonym,CHEBI:3374,capsaicin,CHEBI:3374,MAPPED
"(6R,7R)-7-{[(2R)-2-amino-2-phenylacetyl]amino}-3-chloro-8-oxo-5-thia-1-azabicyclo[4.2.0]oct-2-ene-2-carboxylic acid",synonym,CHEBI:3478,Cefaclor,CHEBI:3478,MAPPED
"(6S)-2-{[(3S,5S)-5-(dimethylcarbamoyl)pyrrolidin-3-yl]sulfanyl}-6-[(1R)-1-hydroxyethyl]-1beta-methyl-2,3-didehydro-1-carbapenam-3-carboxylic acid",synonym,CHEBI:43968,Meropenem,CHEBI:43968,MAPPED
"(7S,9E,11S,12R,13S,14R,15R,16R,17S,18S,19E,21Z)-2,15,17,27,29-pentahydroxy-11-methoxy-3,7,12,14,16,18,22-heptamethyl-26-{(E)-[(4-methylpiperazin-1-yl)imino]methyl}-6,23-dioxo-8,30-dioxa-24-azatetracyclo[23.3.1.1(4,7).0(5,28)]triaconta-1(28),1(29),2,4,9,19,21,25,27-nonaen-13-yl acetate",synonym,CHEBI:28077,Rifampicin,CHEBI:28077,MAPPED
(9Z)-octadec-9-enoic acid,synonym,CHEBI:16196,Oleic acid,CHEBI:16196,MAPPED
(9Z)-Octadecenoic acid,synonym,CHEBI:16196,Oleic acid,CHEBI:16196,MAPPED
(9Z-octadecenoyl)-glycerol,synonym,CHEBI:75937,Glycerol mono-oleate,CHEBI:75937,MAPPED
(alpha-methylguanido)acetic acid,synonym,CHEBI:16919,Creatine,CHEBI:16919,MAPPED
(beta-Hydroxyethyl)trimethylammonium chloride,synonym,CHEBI:133341,Choline chloride,CHEBI:133341,MAPPED
(carbamimidamido)acetic acid,synonym,CHEBI:16344,Glycocyamine,CHEBI:16344,MAPPED
(CH3)2SO,synonym,CHEBI:28262,Dimethyl sulfoxide,CHEBI:28262,MAPPED
(CH3)3N,synonym,CHEBI:18139,Trimethylamine,CHEBI:18139,MAPPED
(CH3)3N.HCl,synonym,CHEBI:64700,Trimethylamine-HCl,CHEBI:64700,MAPPED
(Deoxyribonucleotide)m,synonym,CHEBI:16991,Fish-Sperm DNA,CHEBI:16991,MAPPED
(Deoxyribonucleotide)n,synonym,CHEBI:16991,Fish-Sperm DNA,CHEBI:16991,MAPPED
(Deoxyribonucleotide)n+m,synonym,CHEBI:16991,Fish-Sperm DNA,CHEBI:16991,MAPPED
(DL)-alpha-Lipoic acid,preferred_term,CHEBI:16494,(DL)-alpha-Lipoic acid,CHEBI:16494,MAPPED
(E)-2-butenedioic acid,synonym,CHEBI:18012,Fumaric acid,CHEBI:18012,MAPPED
(E)-2-butenoate,synonym,CHEBI:35899,Na-crotonate,CHEBI:35899,MAPPED
(E)-2-Butenoic acid,synonym,CHEBI:41131,Crotonic acid,CHEBI:41131,MAPPED
(E)-3-phenyl-2-propenoic acid,synonym,CHEBI:35697,trans-Cinnamic acid,CHEBI:35697,MAPPED
(E)-4-Aminostyryl acetate,synonym,kgmicrobe.compound:e_4_aminostyryl_acetate,E 4 Aminostyryl Acetate,kgmicrobe.compound:e_4_aminostyryl_acetate,MAPPED
(E)-but-2-enoic acid,synonym,CHEBI:41131,Crotonic acid,CHEBI:41131,MAPPED
(E)-cinnamic acid,synonym,CHEBI:35697,trans-Cinnamic acid,CHEBI:35697,MAPPED
(E)-crotonate,synonym,CHEBI:35899,Na-crotonate,CHEBI:35899,MAPPED
(E)-Crotonic acid,synonym,CHEBI:41131,Crotonic acid,CHEBI:41131,MAPPED
"(ethane-1,2-diyldinitrilo)tetraacetatoferrate(1-)",synonym,CHEBI:30729,Fe(III)-EDTA,CHEBI:30729,MAPPED
"(ethane-1,2-diyldinitrilo)tetraacetatoferrate(III)",synonym,CHEBI:30729,Fe(III)-EDTA,CHEBI:30729,MAPPED
"(ethane-1,2-diyldinitrilo)tetraacetic acid",synonym,CHEBI:4735,EDTA (acid form),CHEBI:4735,MAPPED
(ethylenedinitrilo)tetraacetic acid trisodium salt,synonym,CHEBI:63125,Na3-EDTA,CHEBI:63125,MAPPED
(isothiocyanatomethyl)benzene,synonym,CHEBI:17484,Benzyl isothiocyanate,CHEBI:17484,MAPPED
(methanesulfinyl)methane,synonym,CHEBI:28262,Dimethyl sulfoxide,CHEBI:28262,MAPPED
(methylsulfanyl)ethane,synonym,CHEBI:231886,ethyl methyl sulfide,CHEBI:231886,MAPPED
(METHYLSULFANYL)METHANE,synonym,CHEBI:17437,Dimethyl sulfide,CHEBI:17437,MAPPED
(N-methylcarbamimidamido)acetic acid,synonym,CHEBI:16919,Creatine,CHEBI:16919,MAPPED
(NH4) citrate,synonym,CHEBI:63037,(NH4)3 citrate,CHEBI:63037,MAPPED
(NH4)2 citrate,preferred_term,CHEBI:63076,(NH4)2 citrate,CHEBI:63076,MAPPED
(NH4)2 SO4,synonym,CHEBI:62946,(NH4)2SO4,CHEBI:62946,MAPPED
(NH4)2HPO4,preferred_term,CHEBI:63051,(NH4)2HPO4,CHEBI:63051,MAPPED
(NH4)2HPO4(Fisher A686),synonym,CHEBI:63051,(NH4)2HPO4,CHEBI:63051,MAPPED
(NH4)2MoO4,synonym,CHEBI:91249,Diammonium molybdate,CHEBI:91249,MAPPED
(NH4)2Ni(SO4)2,preferred_term,CHEBI:86149,(NH4)2Ni(SO4)2,CHEBI:86149,MAPPED
(NH4)2Ni(SO4)2,synonym,CHEBI:86149,(NH4)2Ni(SO4)2 x 6 H2O,CHEBI:86149,MAPPED
(NH4)2Ni(SO4)2 x 6 H2O,preferred_term,CHEBI:86149,(NH4)2Ni(SO4)2 x 6 H2O,CHEBI:86149,MAPPED
(NH4)2Ni(SO4)2 x 6 H2O (0.1% w/v),synonym,CHEBI:86149,(NH4)2Ni(SO4)2 x 6 H2O,CHEBI:86149,MAPPED
(NH4)2Ni(SO4)2.6H2O,synonym,CHEBI:86149,(NH4)2Ni(SO4)2 x 6 H2O,CHEBI:86149,MAPPED
(NH4)2Ni(SO4)2·6H2O,synonym,CHEBI:86149,(NH4)2Ni(SO4)2 x 6 H2O,CHEBI:86149,MAPPED
(NH4)2Ni(SO4)2•6H2O,synonym,CHEBI:86149,(NH4)2Ni(SO4)2,CHEBI:86149,MAPPED
(NH4)2Ni(SO4)2•6H2O,synonym,CHEBI:86149,(NH4)2Ni(SO4)2 x 6 H2O,CHEBI:86149,MAPPED
(NH4)2Ni(SO4)2・6H2O,synonym,CHEBI:86149,(NH4)2Ni(SO4)2 x 6 H2O,CHEBI:86149,MAPPED
(NH4)2S4,synonym,CHEBI:62946,(NH4)2SO4,CHEBI:62946,MAPPED
(NH4)2SO4,preferred_term,CHEBI:62946,(NH4)2SO4,CHEBI:62946,MAPPED
(NH4)2SO4(Fisher A 702),synonym,CHEBI:62946,(NH4)2SO4,CHEBI:62946,MAPPED
(NH4)3 citrate,preferred_term,CHEBI:63037,(NH4)3 citrate,CHEBI:63037,MAPPED
(NH4)6Mo7O24,synonym,CHEBI:91249,Diammonium molybdate,CHEBI:91249,MAPPED
(NH4)6Mo7O24 x 4 H2O,synonym,CHEBI:91249,Diammonium molybdate,CHEBI:91249,MAPPED
(NH4)Cl,synonym,CHEBI:31206,NH4Cl,CHEBI:31206,MAPPED
(NH4)H2PO4,synonym,CHEBI:62982,NH4H2PO4,CHEBI:62982,MAPPED
(NH4)HCO3,synonym,CHEBI:184335,NH4HCO3,CHEBI:184335,MAPPED
(NH4)NO3,preferred_term,CHEBI:63038,(NH4)NO3,CHEBI:63038,MAPPED
(p-hydroxyphenyl)acetic acid,synonym,CHEBI:18101,4-Hydroxyphenyl acetic acid,CHEBI:18101,MAPPED
(R)-(+)-Lipoate,synonym,CHEBI:30314,Thioctic acid,CHEBI:30314,MAPPED
(R)-(+)-lipoic acid,synonym,CHEBI:30314,Thioctic acid,CHEBI:30314,MAPPED
"(R)-1,2-Dithiolane-3-pentanoic acid",synonym,CHEBI:30314,Thioctic acid,CHEBI:30314,MAPPED
"(R)-1,2-dithiolane-3-valeric acid",synonym,CHEBI:30314,Thioctic acid,CHEBI:30314,MAPPED
(R)-2-acetamido-3-O-(1-carboxyethyl)-2-deoxy-D-glucose,synonym,CHEBI:47966,n-Acetyl-muramic acid,CHEBI:47966,MAPPED
(R)-2-amino-3-mercaptopropanoic acid,synonym,CHEBI:17561,L-Cysteine,CHEBI:17561,MAPPED
(R)-3-hydroxybutyrate,preferred_term,CHEBI:10983,(R)-3-hydroxybutyrate,CHEBI:10983,MAPPED
"(R)-6,8-thioctic acid",synonym,CHEBI:30314,Thioctic acid,CHEBI:30314,MAPPED
(R)-amygdalin,preferred_term,CHEBI:17019,(R)-amygdalin,CHEBI:17019,MAPPED
(R)-Cysteine hydrochloride,synonym,CHEBI:91247,L-Cysteine HCl,CHEBI:91247,MAPPED
(R)-lactate,preferred_term,CHEBI:16004,(R)-lactate,CHEBI:16004,MAPPED
(R)-malic Acid,preferred_term,CHEBI:30796,(R)-malic Acid,CHEBI:30796,MAPPED
"(R*,R*)-1,4-dimercapto-2,3-butanediol",synonym,CHEBI:18320,DL-Dithiothreitol,CHEBI:18320,MAPPED
"(R,R)-(+)-tartaric acid",synonym,CHEBI:15671,L(+)-Tartaric acid,CHEBI:15671,MAPPED
"(R,R)-3,3'-dithiobis(2-aminopropanoic acid)",synonym,CHEBI:16283,L-Cystine,CHEBI:16283,MAPPED
"(R,R)-Tartaric acid",synonym,CHEBI:15671,L(+)-Tartaric acid,CHEBI:15671,MAPPED
"(R,R)-Tartrate",synonym,CHEBI:30924,Na-tartrate,CHEBI:30924,MAPPED
"(R,S)-Aspartic acid",synonym,CHEBI:22660,DL-aspartic acid,CHEBI:22660,MAPPED
"(R-(R*,R*))-2,3-dihydroxybutanedioic acid, disodium salt",synonym,CHEBI:63017,Sodium tartrate,CHEBI:63017,MAPPED
"(R-(R*,R*))-3,3'-Dithiobis(2-aminopropanoic acid)",synonym,CHEBI:16283,L-Cystine,CHEBI:16283,MAPPED
(S)-(+)-leucine,synonym,CHEBI:15603,L-Leucine,CHEBI:15603,MAPPED
(S)-(-)-lipoic acid,synonym,CHEBI:43796,α-lipoic acid,CHEBI:43796,MAPPED
(S)-(-)-serine,synonym,CHEBI:17115,L-Serine,CHEBI:17115,MAPPED
(S)-(-)-Tyrosine,synonym,CHEBI:17895,L-Tyrosine,CHEBI:17895,MAPPED
"(S)-1,2-dithiolane-3-pentanoic acid",synonym,CHEBI:43796,α-lipoic acid,CHEBI:43796,MAPPED
"(S)-2,5-diamino-5-oxopentanoic acid",synonym,CHEBI:18050,L-Glutamine,CHEBI:18050,MAPPED
"(S)-2,5-Diaminopentanoate",synonym,CHEBI:15729,L-Ornithine,CHEBI:15729,MAPPED
"(S)-2,5-Diaminopentanoic acid",synonym,CHEBI:15729,L-Ornithine,CHEBI:15729,MAPPED
"(S)-2,5-diaminovaleric acid",synonym,CHEBI:15729,L-Ornithine,CHEBI:15729,MAPPED
"(S)-2,6-diaminohexanoic acid",synonym,CHEBI:18019,L-Lysine,CHEBI:18019,MAPPED
"(S)-2,6-Diaminohexanoic acid monohydrochloride",synonym,CHEBI:53633,L-Lysine HCl,CHEBI:53633,MAPPED
(S)-2-Amino-3-(p-hydroxyphenyl)propionic acid,synonym,CHEBI:17895,L-Tyrosine,CHEBI:17895,MAPPED
(S)-2-amino-3-carbamoylpropanoic acid,synonym,CHEBI:17196,L-Asparagine,CHEBI:17196,MAPPED
(S)-2-amino-3-hydroxypropanoic acid,synonym,CHEBI:17115,L-Serine,CHEBI:17115,MAPPED
(S)-2-Amino-3-phenylpropionic acid,synonym,CHEBI:17295,L-Phenylalanine,CHEBI:17295,MAPPED
(S)-2-amino-4-(methylthio)butanoic acid,synonym,CHEBI:16643,L-Methionine,CHEBI:16643,MAPPED
(S)-2-amino-4-(methylthio)butyric acid,synonym,CHEBI:16643,L-Methionine,CHEBI:16643,MAPPED
(S)-2-amino-5-guanidinopentanoic acid,synonym,CHEBI:16467,L-Arginine,CHEBI:16467,MAPPED
(S)-2-Amino-5-guanidinovaleric acid,synonym,CHEBI:16467,L-Arginine,CHEBI:16467,MAPPED
(S)-2-Amino-5-ureidopentanoic acid,synonym,CHEBI:16349,L-Citrulline,CHEBI:16349,MAPPED
(S)-2-aminobutanedioic acid,synonym,CHEBI:17053,L-Aspartic acid,CHEBI:17053,MAPPED
(S)-2-aminopentanedioic acid,synonym,CHEBI:16015,L-Glutamic acid,CHEBI:16015,MAPPED
(S)-2-aminopropanoic acid,synonym,CHEBI:16977,L-Alanine,CHEBI:16977,MAPPED
(S)-2-aminosuccinic acid,synonym,CHEBI:17053,L-Aspartic acid,CHEBI:17053,MAPPED
(S)-2-carboxypyrrolidine,synonym,CHEBI:17203,L-Proline,CHEBI:17203,MAPPED
(S)-2-pyrrolidinecarboxylic acid,synonym,CHEBI:17203,L-Proline,CHEBI:17203,MAPPED
(S)-3-(p-Hydroxyphenyl)alanine,synonym,CHEBI:17895,L-Tyrosine,CHEBI:17895,MAPPED
(S)-3-hydroxybutyrate,preferred_term,CHEBI:11047,(S)-3-hydroxybutyrate,CHEBI:11047,MAPPED
(S)-4-(2-Amino-2-carboxyethyl)imidazole,synonym,CHEBI:15971,L-Histidine,CHEBI:15971,MAPPED
(S)-alanine,synonym,CHEBI:16977,L-Alanine,CHEBI:16977,MAPPED
"(S)-alpha,delta-diaminovaleric acid",synonym,CHEBI:15729,L-Ornithine,CHEBI:15729,MAPPED
"(S)-alpha,epsilon-diaminocaproic acid",synonym,CHEBI:18019,L-Lysine,CHEBI:18019,MAPPED
(S)-alpha-amino-1H-Imidazole-4-propanoic acid,synonym,CHEBI:15971,L-Histidine,CHEBI:15971,MAPPED
(S)-alpha-Amino-1H-imidazole-4-propionic acid,synonym,CHEBI:15971,L-Histidine,CHEBI:15971,MAPPED
(S)-alpha-amino-1H-indole-3-propanoic acid,synonym,CHEBI:16828,L-Tryptophan,CHEBI:16828,MAPPED
(S)-alpha-amino-4-hydroxybenzenepropanoic acid,synonym,CHEBI:17895,L-Tyrosine,CHEBI:17895,MAPPED
(S)-alpha-Amino-beta-(3-indolyl)-propionic acid,synonym,CHEBI:16828,L-Tryptophan,CHEBI:16828,MAPPED
(S)-alpha-Amino-beta-hydroxypropionic acid,synonym,CHEBI:17115,L-Serine,CHEBI:17115,MAPPED
(S)-alpha-Amino-beta-phenylpropionic acid,synonym,CHEBI:17295,L-Phenylalanine,CHEBI:17295,MAPPED
(S)-alpha-lipoic acid,synonym,CHEBI:43796,α-lipoic acid,CHEBI:43796,MAPPED
(S)-Asparagine,synonym,CHEBI:17196,L-Asparagine,CHEBI:17196,MAPPED
(S)-azetidine-2-carboxylic Acid,preferred_term,CHEBI:6198,(S)-azetidine-2-carboxylic Acid,CHEBI:6198,MAPPED
(S)-disodium malate,synonym,CHEBI:91261,Sodium malate,CHEBI:91261,MAPPED
(S)-glutamic acid,synonym,CHEBI:16015,L-Glutamic acid,CHEBI:16015,MAPPED
(S)-lactate,synonym,CHEBI:24996,Lactate,CHEBI:24996,MAPPED
(S)-leucine,synonym,CHEBI:15603,L-Leucine,CHEBI:15603,MAPPED
(S)-lysine,synonym,CHEBI:18019,L-Lysine,CHEBI:18019,MAPPED
(S)-mandelic Acid,preferred_term,CHEBI:32800,(S)-mandelic Acid,CHEBI:32800,MAPPED
(S)-methionine,synonym,CHEBI:16643,L-Methionine,CHEBI:16643,MAPPED
(S)-ornithine,synonym,CHEBI:15729,L-Ornithine,CHEBI:15729,MAPPED
(S)-pyrrolidine-2-carboxylic acid,synonym,CHEBI:17203,L-Proline,CHEBI:17203,MAPPED
(S)-serine,synonym,CHEBI:17115,L-Serine,CHEBI:17115,MAPPED
(S)-tryptophan,synonym,CHEBI:16828,L-Tryptophan,CHEBI:16828,MAPPED
(S)-Tyrosine,synonym,CHEBI:17895,L-Tyrosine,CHEBI:17895,MAPPED
(S)-valine,synonym,CHEBI:16414,L-Valine,CHEBI:16414,MAPPED
(SiO2)n,synonym,CHEBI:30563,SiO2,CHEBI:30563,MAPPED
(SP-4-2)-diamminedichloridoplatinum,synonym,CHEBI:27899,Cisplatin,CHEBI:27899,MAPPED
(SP-4-2)-diamminedichloroplatinum,synonym,CHEBI:27899,Cisplatin,CHEBI:27899,MAPPED
(trimethylammonio)acetate,synonym,CHEBI:17750,Betaine x H2O,CHEBI:17750,MAPPED
(trimethylammonio)acetate,synonym,cas:590-46-5,Betaine hydrochloride,CHEBI:17750,MAPPED
(trimethylammoniumyl)acetate,synonym,CHEBI:17750,Betaine x H2O,CHEBI:17750,MAPPED
(Z)-Octadec-9-enoic acid,synonym,CHEBI:16196,Oleic acid,CHEBI:16196,MAPPED
-Asp-,synonym,CHEBI:29958,D,CHEBI:29958,MAPPED
.MgSO4,synonym,CHEBI:31795,MgSO47H2O,CHEBI:31795,MAPPED
.MgSO4 x 7 H2O,synonym,CHEBI:31795,MgSO4 x 7 H2O,CHEBI:31795,MAPPED
.MgSO4 x 7 H2O,synonym,CHEBI:31795,MgSO4·H2O,CHEBI:31795,MAPPED
0.2% Thiamine pyrophosphate,preferred_term,CHEBI:9532,0.2% Thiamine pyrophosphate,CHEBI:9532,MAPPED
"0.5 M Nitrilotriacetic acid, disodium salt",preferred_term,CHEBI:132766,"0.5 M Nitrilotriacetic acid, disodium salt",CHEBI:132766,MAPPED
0129 (2,preferred_term,UNMAPPED_0619,0129 (2,,NEEDS_EXPERT
1 % Sodium Lactate,synonym,CHEBI:75228,Sodium lactate,CHEBI:75228,MAPPED
1 M Sodium acetate,synonym,CHEBI:32954,Na-acetate,CHEBI:32954,MAPPED
1 M Sodium butyrate,synonym,CHEBI:64103,Na-butyrate,CHEBI:64103,MAPPED
1 M Sodium lactate,synonym,CHEBI:75228,Sodium lactate,CHEBI:75228,MAPPED
1 M Sodium pyruvate*,synonym,CHEBI:50144,Na-pyruvate,CHEBI:50144,MAPPED
1% Sodium Chloride,synonym,CHEBI:26710,NaCl,CHEBI:26710,MAPPED
"1,1',6,6',7,7'-hexahydroxy-3,3'-dimethyl-5,5'-di(propan-2-yl)[2,2'-binaphthalene]-8,8'-dicarbaldehyde",synonym,CHEBI:28584,Gossypol,CHEBI:28584,MAPPED
"1,1'-dimethyl-[4,4'-bipyridin]-1,1'-diium dichloride",synonym,CHEBI:28786,Paraquat dichloride,CHEBI:28786,MAPPED
"1,1'-oxydiethane",synonym,CHEBI:35702,diethyl ether,CHEBI:35702,MAPPED
"1,1,1-tris(hydroxymethyl)methanamine",synonym,CHEBI:9754,Tris base,CHEBI:9754,MAPPED
"1,1,2,2-tetrachloroethylene",synonym,CHEBI:17300,Tetrachloroethene,CHEBI:17300,MAPPED
"1,1,2-Trichloraethan",synonym,CHEBI:36018,"1,1,2-Trichloroethane",CHEBI:36018,MAPPED
"1,1,2-trichlorethane",synonym,CHEBI:36018,"1,1,2-Trichloroethane",CHEBI:36018,MAPPED
"1,1,2-Trichloroethane",preferred_term,CHEBI:36018,"1,1,2-Trichloroethane",CHEBI:36018,MAPPED
"1,1,2-trichloroethene",synonym,CHEBI:16602,Trichloroethylene,CHEBI:16602,MAPPED
"1,1-dichloro-2-chloroethylene",synonym,CHEBI:16602,Trichloroethylene,CHEBI:16602,MAPPED
"1,1-diethyl-2-hydroxy-3-oxotriazane--N-ethylethanamine (1/1)",synonym,cas:372965-00-9,DEANONOate,CHEBI:77707,MAPPED
"1,2,2-trichloroethane",synonym,CHEBI:36018,"1,1,2-Trichloroethane",CHEBI:36018,MAPPED
"1,2,3,4,5,6-cyclohexanehexol",synonym,CHEBI:17268,myo-Inositol,CHEBI:17268,MAPPED
"1,2,3,4,5,6-hexachlorocyclohexane",synonym,CHEBI:24536,Hexachlorocyclo-hexane,CHEBI:24536,MAPPED
"1,2,3,4,5,6-HEXAHYDROXY-CYCLOHEXANE",synonym,CHEBI:17268,myo-Inositol,CHEBI:17268,MAPPED
"1,2,3,4,6-pentakis-O-{3,4-dihydroxy-5-[(3,4,5-trihydroxybenzoyl)oxy]benzoyl}-D-glucopyranose",synonym,CHEBI:75211,tannic acid,CHEBI:75211,MAPPED
"1,2,3,5/4,6-cyclohexanehexol",synonym,CHEBI:17268,myo-Inositol,CHEBI:17268,MAPPED
"1,2,3-Propanetriol",synonym,CHEBI:17754,Glycerol,CHEBI:17754,MAPPED
"1,2,3-Propanetriol",synonym,CHEBI:17754,glycerol,CHEBI:17754,REJECTED
"1,2,3-Trihydroxypropane",synonym,CHEBI:17754,Glycerol,CHEBI:17754,MAPPED
"1,2,3-Trihydroxypropane",synonym,CHEBI:17754,glycerol,CHEBI:17754,REJECTED
"1,2-benzacenaphthylene",synonym,CHEBI:33083,Fluoranthene,CHEBI:33083,MAPPED
"1,2-Benzenediol",synonym,CHEBI:18135,Pyrocatechol,CHEBI:18135,MAPPED
"1,2-benzisothiazol-3(2H)-one 1,1-dioxide",synonym,CHEBI:32111,Saccharin,CHEBI:32111,MAPPED
"1,2-Dichloropropane",preferred_term,CHEBI:142468,"1,2-Dichloropropane",CHEBI:142468,MAPPED
"1,2-Dihydro-1,5-dimethyl-2-phenyl-3H-pyrazol-3-one",synonym,CHEBI:31225,Antipyrine,CHEBI:31225,MAPPED
"1,2-Dihydroxybenzene",synonym,CHEBI:18135,Pyrocatechol,CHEBI:18135,MAPPED
"1,2-Dihydroxyethane",synonym,CHEBI:30742,Ethylene glycol,CHEBI:30742,MAPPED
"1,2-dimethyl-5-nitro-1H-imidazole",synonym,CHEBI:141155,Dimetridazole,CHEBI:141155,MAPPED
"1,2-dimethyl-5-nitroimidazole",synonym,CHEBI:141155,Dimetridazole,CHEBI:141155,MAPPED
"1,2-dithiolane-3-pentanoic acid",synonym,CHEBI:16494,(DL)-alpha-Lipoic acid,CHEBI:16494,MAPPED
"1,2-dithiolane-3-valeric acid",synonym,CHEBI:16494,(DL)-alpha-Lipoic acid,CHEBI:16494,MAPPED
"1,2-ethanedicarboxylic acid",synonym,CHEBI:15741,Succinic acid,CHEBI:15741,MAPPED
"1,2-ETHANEDIOL",synonym,CHEBI:30742,Ethylene glycol,CHEBI:30742,MAPPED
"1,2-Propanediol",preferred_term,CHEBI:16997,"1,2-Propanediol",CHEBI:16997,MAPPED
"1,3,4-trihydroxybutan-2-one",synonym,CHEBI:23958,L-(+)-Erythrulose,CHEBI:23958,MAPPED
"1,3,5/2,4,6-cyclohexanehexol",synonym,CHEBI:10642,m-Inositol,CHEBI:10642,MAPPED
"1,3,7-trimethyl-3,7-dihydro-1H-purine-2,6-dione",synonym,CHEBI:27732,Caffeine,CHEBI:27732,MAPPED
"1,3,8-trihydroxy-6-methylanthra-9,10-quinone",synonym,CHEBI:42223,Emodin,CHEBI:42223,MAPPED
"1,3-Butandiol",preferred_term,CHEBI:52683,"1,3-Butandiol",CHEBI:52683,MAPPED
"1,3-Dihydroxypropan-2-one",synonym,CHEBI:16016,Dihydroxyacetone,CHEBI:16016,MAPPED
"1,3-dihydroxypropan-2-yl octadecanoate",synonym,CHEBI:75456,Glycerol monostearate,CHEBI:75456,MAPPED
"1,3-dihydroxypropan-2-yl stearate",synonym,CHEBI:75456,Glycerol monostearate,CHEBI:75456,MAPPED
"1,3-dimethyl-3,7-dihydro-1H-purine-2,6-dione",synonym,CHEBI:28177,Theophylline,CHEBI:28177,MAPPED
"1,3-Dimethylbenzene",synonym,CHEBI:28488,m-Xylene,CHEBI:28488,MAPPED
"1,3-Dimethylbenzol",synonym,CHEBI:28488,m-Xylene,CHEBI:28488,MAPPED
"1,3-Hexanediol",preferred_term,cas:21531-91-9,"1,3-Hexanediol",cas:21531-91-9,MAPPED
"1,3-Propanediol",preferred_term,CHEBI:16109,"1,3-Propanediol",CHEBI:16109,MAPPED
"1,3-Xylene",synonym,CHEBI:28488,m-Xylene,CHEBI:28488,MAPPED
"1,4,7,10,13,16-hexaoxacyclooctadecane",synonym,CHEBI:32397,18-Crown-6,CHEBI:32397,MAPPED
"1,4-B-D-Galactobiose",preferred_term,cas:2152-98-9,"1,4-B-D-Galactobiose",CHEBI:36226,MAPPED
"1,4-Butanediamine",synonym,CHEBI:17148,Putrescine,CHEBI:17148,MAPPED
"1,4-Butanediol",preferred_term,CHEBI:41189,"1,4-Butanediol",CHEBI:41189,MAPPED
"1,4-butylenediamine",synonym,CHEBI:17148,Putrescine,CHEBI:17148,MAPPED
"1,4-DIAMINOBUTANE",synonym,CHEBI:17148,Putrescine,CHEBI:17148,MAPPED
"1,4-dihydro-1,4-diketonaphthalene",synonym,CHEBI:27418,"1,4-Naphthoquinone",CHEBI:27418,MAPPED
"1,4-dimethyl-7-(propan-2-yl)azulene",synonym,CHEBI:5550,Guaiazulene,CHEBI:5550,MAPPED
"1,4-Naphthalenedione",synonym,CHEBI:27418,"1,4-Naphthoquinone",CHEBI:27418,MAPPED
"1,4-Naphthoquinone",preferred_term,CHEBI:27418,"1,4-Naphthoquinone",CHEBI:27418,MAPPED
"1,4-NQ",synonym,CHEBI:27418,"1,4-Naphthoquinone",CHEBI:27418,MAPPED
"1,4-tetramethylenediamine",synonym,CHEBI:17148,Putrescine,CHEBI:17148,MAPPED
"1,5,10-triazadecane",synonym,CHEBI:16610,spermidine,CHEBI:16610,MAPPED
"1,5-dimethyl-2-phenyl-1,2-dihydro-3H-pyrazol-3-one",synonym,CHEBI:31225,Antipyrine,CHEBI:31225,MAPPED
"1,5-Pentanediol",preferred_term,CHEBI:185431,"1,5-Pentanediol",CHEBI:185431,MAPPED
"1,6-Hexanediamine",preferred_term,cas:0124-09-4,"1,6-Hexanediamine",cas:0124-09-4,MAPPED
"1,7,7-trimethylbicyclo[2.2.1]heptan-2-ol",synonym,CHEBI:28093,Borneol,CHEBI:28093,MAPPED
"1,7-dihydro-6H-purin-6-one",synonym,CHEBI:17368,Hypoxanthine,CHEBI:17368,MAPPED
"1,8-dihydroxy-3-methoxy-6-methylanthracene-9,10-dione",synonym,CHEBI:38167,Physcion,CHEBI:38167,MAPPED
"1,8-dihydroxy-3-methyl-9,10-anthraquinone",synonym,CHEBI:3687,Chrysophanol,CHEBI:3687,MAPPED
"1,8-dihydroxy-3-methylanthracen-9(10H)-one",synonym,CHEBI:3686,Chrysarobin,CHEBI:3686,MAPPED
"1-(1H-indol-3-yl)-N,N-dimethylmethanamine",synonym,CHEBI:28948,Gramine,CHEBI:28948,MAPPED
"1-(2-deoxy-beta-D-erythro-pentofuranosyl)-5-methylpyrimidine-2,4(1H,3H)-dione",synonym,CHEBI:17748,Thymidine,CHEBI:17748,MAPPED
1-(2-deoxy-beta-D-erythro-pentofuranosyl)uracil,synonym,CHEBI:16450,2'-Deoxyuridine,CHEBI:16450,MAPPED
"1-(2-hydroxy-4,6-dimethoxy-3-methylphenyl)ethanone",synonym,cas:23121-32-6,Methylxanthoxylin,CHEBI:169463,MAPPED
"1-(4-hydroxy-3,5-dimethoxyphenyl)ethan-1-one",synonym,CHEBI:2404,Acetosyringone,CHEBI:2404,MAPPED
1-(4-hydroxy-3-methoxyphenyl)ethan-1-one,synonym,CHEBI:2781,Acetovanillone,CHEBI:2781,MAPPED
1-(4-Hydroxyphenyl)-2-(methylamino)ethanol,synonym,CHEBI:29081,Oxedrine,CHEBI:29081,MAPPED
1-(4-hydroxyphenyl)ethanone,synonym,CHEBI:28032,4-Hydroxyacetophenone,CHEBI:28032,MAPPED
1-(beta-D-ribofuranosyl)thymine,synonym,CHEBI:45996,5-methyluridine,CHEBI:45996,MAPPED
1-4-D-Xylobiose,synonym,CHEBI:28309,Xylobiose,CHEBI:28309,MAPPED
1-[(2-chlorophenyl)(diphenyl)methyl]-1H-imidazole,synonym,CHEBI:3764,Clotrimazole,CHEBI:3764,MAPPED
"1-[(2E,4E)-5-(1,3-benzodioxol-5-yl)penta-2,4-dienoyl]piperidine",synonym,CHEBI:28821,Piperine,CHEBI:28821,MAPPED
1-[(4-amino-2-methylpyrimidin-5-yl)methyl]-3-(2-{[hydroxy(phosphonooxy)phosphoryl]oxy}ethyl)-2-methylpyridinium,synonym,CHEBI:18290,Thiamine pyrophosphate,CHEBI:18290,MAPPED
1-alpha-D-Glucopyranosyl-2-beta-D-fructofuranoside,synonym,CHEBI:17992,Sucrose,CHEBI:17992,MAPPED
1-alpha-D-Glucopyranosyl-4-alpha-D-glucopyranose,synonym,CHEBI:17306,Maltose,CHEBI:17306,MAPPED
1-Amino-4-carboxybenzene,synonym,CHEBI:30753,p-Aminobenzoic acid,CHEBI:30753,MAPPED
1-aminocyclopropane-1-carboxylate,preferred_term,CHEBI:18053,1-aminocyclopropane-1-carboxylate,CHEBI:18053,MAPPED
1-Aminocyclopropane-1-carboxylic acid,synonym,CHEBI:18053,1-aminocyclopropane-1-carboxylate,CHEBI:18053,MAPPED
1-beta-D-Galactopyranosyl-4-D-glucopyranose,synonym,CHEBI:17716,Lactose,CHEBI:17716,MAPPED
1-beta-D-Glucopyranosyl-4-D-glucopyranose,synonym,CHEBI:17057,Cellobiose,CHEBI:17057,MAPPED
1-beta-D-Ribofuranosylcytosine,synonym,CHEBI:17562,Cytidine,CHEBI:17562,MAPPED
"1-beta-D-ribofuranosylpyrimidine-2,4(1H,3H)-dione",synonym,CHEBI:16704,Uridine,CHEBI:16704,MAPPED
1-beta-D-ribofuranosyluracil,synonym,CHEBI:16704,Uridine,CHEBI:16704,MAPPED
1-butanecarboxylic acid,synonym,CHEBI:17418,Valeric acid,CHEBI:17418,MAPPED
1-butanoic acid,synonym,CHEBI:30772,Butyric acid,CHEBI:30772,MAPPED
1-butanol+CO2,preferred_term,UNMAPPED_0735,1-butanol+CO2,,NEEDS_EXPERT
1-butyric acid,synonym,CHEBI:30772,Butyric acid,CHEBI:30772,MAPPED
"1-carboxy-N,N,N-trimethylmethanaminium inner salt",synonym,CHEBI:17750,Betaine x H2O,CHEBI:17750,MAPPED
1-chlorobutane,preferred_term,CHEBI:747005,1-chlorobutane,CHEBI:747005,MAPPED
1-chloropropane,preferred_term,CHEBI:747004,1-chloropropane,CHEBI:747004,MAPPED
"1-cyclopropyl-6-fluoro-4-oxo-7-(piperazin-1-yl)-1,4-dihydroquinoline-3-carboxylic acid hydrochloride--water (1/1)",synonym,CHEBI:59936,Ciprofloxacin Hydrochloride,CHEBI:59936,MAPPED
"1-cyclopropyl-6-fluoro-8-methoxy-7-[(4aS,7aS)-octahydro-6H-pyrrolo[3,4-b]pyridin-6-yl]-4-oxo-1,4-dihydroquinoline-3-carboxylic acid",synonym,CHEBI:63611,Moxifloxacin,CHEBI:63611,MAPPED
"1-deoxy-1-(7,8-dimethyl-2,4-dioxo-3,4-dihydrobenzo[g]pteridin-10(2H)-yl)-D-ribitol",synonym,CHEBI:17015,Riboflavin,CHEBI:17015,MAPPED
"1-deoxy-1-(7,8-dimethyl-2,4-dioxo-3,4-dihydrobenzo[g]pteridin-10(2H)-yl)pentitol",synonym,CHEBI:17015,Riboflavin,CHEBI:17015,MAPPED
"1-deoxy-1-[8-(dimethylamino)-7-methyl-2,4-dioxo-3,4-dihydrobenzo[g]pteridin-10(2H)-yl]-D-ribitol",synonym,CHEBI:72346,Roseoflavin,CHEBI:72346,MAPPED
1-ethyl-3-methyl-1H-imidazol-3-ium,synonym,CHEBI:61326,1-ethyl-3-methylimidazolium lysine,CHEBI:61326,MAPPED
1-ethyl-3-methyl-1H-imidazol-3-ium,synonym,cas:143314-17-4,1-ethyl-3-methylimidazolium acetate,CHEBI:61326,MAPPED
1-ethyl-3-methyl-1H-imidazol-3-ium chloride,synonym,CHEBI:61327,1-ethyl-3-methylimidazolium chloride,CHEBI:61327,MAPPED
1-ethyl-3-methylimidazolium acetate,preferred_term,cas:143314-17-4,1-ethyl-3-methylimidazolium acetate,CHEBI:61326,MAPPED
1-ethyl-3-methylimidazolium chloride,preferred_term,CHEBI:61327,1-ethyl-3-methylimidazolium chloride,CHEBI:61327,MAPPED
1-ethyl-3-methylimidazolium lysine,preferred_term,CHEBI:61326,1-ethyl-3-methylimidazolium lysine,CHEBI:61326,MAPPED
"1-ethyl-6,8-difluoro-7-(3-methylpiperazin-1-yl)-4-oxo-1,4-dihydroquinoline-3-carboxylic acid hydrochloride",synonym,CHEBI:6518,Lomefloxacin hydrochloride,CHEBI:6518,MAPPED
"1-ethyl-6-fluoro-4-oxo-7-(piperazin-1-yl)-1,4-dihydroquinoline-3-carboxylic acid",synonym,CHEBI:100246,Norfloxacin,CHEBI:100246,MAPPED
"1-ethyl-7-methyl-4-oxo-1,4-dihydro-1,8-naphthyridine-3-carboxylic acid",synonym,cas:3374-05-8,Nalidixic acid sodium salt,CHEBI:100147,MAPPED
1-hexanoic acid,synonym,CHEBI:30776,Caproic acid,CHEBI:30776,MAPPED
1-hydroxyethane,synonym,CHEBI:16236,Ethanol,CHEBI:16236,MAPPED
1-Kestose,preferred_term,CHEBI:16885,1-Kestose,CHEBI:16885,MAPPED
1-methoxy-4-(prop-1-en-1-yl)benzene,synonym,CHEBI:2716,Anethole,CHEBI:2716,MAPPED
1-methoxy-4-(prop-2-en-1-yl)benzene,synonym,CHEBI:4867,Estragole,CHEBI:4867,MAPPED
"1-methyl-4,9-dihydro-3H-pyrido[3,4-b]indol-7-ol",synonym,CHEBI:27943,Harmalol,CHEBI:27943,MAPPED
1-methyl-9H-beta-carbolin-7-ol,synonym,CHEBI:192558,Harmol,CHEBI:192558,MAPPED
"1-methyl-9H-pyrido[3,4-b]indole",synonym,CHEBI:5623,Harmane,CHEBI:5623,MAPPED
1-methylethanol,synonym,CHEBI:17824,Isopropyl alcohol,CHEBI:17824,MAPPED
1-methylethyl alcohol,synonym,CHEBI:17824,Isopropyl alcohol,CHEBI:17824,MAPPED
1-Methylglycocyamidine,synonym,CHEBI:16737,Creatinine,CHEBI:16737,MAPPED
1-Methylhydantoin,synonym,CHEBI:16354,N-methylhydantoin,CHEBI:16354,MAPPED
1-Methylhydantoin-2-imide,synonym,CHEBI:16737,Creatinine,CHEBI:16737,MAPPED
"1-methylimidazolidine-2,4-dione",synonym,CHEBI:16354,N-methylhydantoin,CHEBI:16354,MAPPED
1-methylphenanthrene,preferred_term,CHEBI:35860,1-methylphenanthrene,CHEBI:35860,MAPPED
1-methylpyridin-1-ium-3-carboxylic acid;chloride,synonym,CHEBI:229203,Trigonelline HCl,CHEBI:229203,MAPPED
1-naphthylacetic acid,synonym,CHEBI:32918,1-Naphtylacetic Acid,CHEBI:32918,MAPPED
1-Naphtylacetic Acid,preferred_term,CHEBI:32918,1-Naphtylacetic Acid,CHEBI:32918,MAPPED
1-o-methyl Alpha-galactopyranoside,preferred_term,CHEBI:55507,1-o-methyl Alpha-galactopyranoside,CHEBI:55507,MAPPED
1-octen-3-ol,preferred_term,CHEBI:34118,1-octen-3-ol,CHEBI:34118,MAPPED
1-pentanecarboxylic acid,synonym,CHEBI:30776,Caproic acid,CHEBI:30776,MAPPED
1-Pentanol,preferred_term,CHEBI:44884,1-Pentanol,CHEBI:44884,MAPPED
1-phenazinecarboxamide,preferred_term,CHEBI:62240,1-phenazinecarboxamide,CHEBI:62240,MAPPED
1-propanecarboxylic acid,synonym,CHEBI:30772,Butyric acid,CHEBI:30772,MAPPED
1-propanol+CO2,preferred_term,UNMAPPED_0715,1-propanol+CO2,,NEEDS_EXPERT
1-pyridin-3-ylethanone,synonym,CHEBI:166501,3-acetylpyridine,CHEBI:166501,MAPPED
1-THIOETHANESULFONIC ACID,synonym,CHEBI:17905,2-Mercaptoethanesulfonate,CHEBI:17905,MAPPED
"1-{2-[(4-chlorobenzyl)oxy]-2-(2,4-dichlorophenyl)ethyl}-1H-imidazole nitrate",synonym,CHEBI:4755,Econazole nitrate salt,CHEBI:4755,MAPPED
"1-{[(5-nitro-2-furyl)methylene]amino}imidazolidine-2,4-dione",synonym,CHEBI:71415,Nitrofurantoin,CHEBI:71415,MAPPED
10-[2-(1-methylpiperidin-2-yl)ethyl]-2-(methylsulfanyl)-10H-phenothiazine hydrochloride,synonym,CHEBI:48566,Thioridazine hydrochloride,CHEBI:48566,MAPPED
100,synonym,CHEBI:9177,sodium Deoxycholate,CHEBI:9177,MAPPED
"11,12-dihydroxyabieta-8,11,13-trien-20-oic acid",synonym,CHEBI:65585,Carnosic Acid,CHEBI:65585,MAPPED
13-cyclopent-2-en-1-yltridecanoic acid,synonym,CHEBI:27939,Chaulmoogric acid,CHEBI:27939,MAPPED
16S,synonym,CHEBI:26833,Sulfur,CHEBI:26833,MAPPED
1728,synonym,CHEBI:16199,Urea,CHEBI:16199,MAPPED
18-Crown-6,preferred_term,CHEBI:32397,18-Crown-6,CHEBI:32397,MAPPED
18:0,synonym,CHEBI:28842,Stearic acid,CHEBI:28842,MAPPED
18:1 n-9,synonym,CHEBI:16196,Oleic acid,CHEBI:16196,MAPPED
18:1Delta9cis,synonym,CHEBI:16196,Oleic acid,CHEBI:16196,MAPPED
1beta-D-ribofuranosylcytosine,synonym,CHEBI:17562,Cytidine,CHEBI:17562,MAPPED
1D-myo-Inositol,synonym,CHEBI:17268,myo-Inositol,CHEBI:17268,MAPPED
1H-indol-3-ylacetic acid,synonym,CHEBI:16411,3-Indolyl acetic acid,CHEBI:16411,MAPPED
"1H-pyrazolo[3,4-d]pyrimidin-4-ol",synonym,CHEBI:40279,Allopurinol,CHEBI:40279,MAPPED
1H-pyrrole-2-carboxylic acid,synonym,CHEBI:36751,Pyrrole-2-carboxylic acid,CHEBI:36751,MAPPED
1L-myo-Inositol,synonym,CHEBI:17268,myo-Inositol,CHEBI:17268,MAPPED
"2',2'-Bisepigallocatechin Digallate",preferred_term,UNMAPPED_0190,"2',2'-Bisepigallocatechin Digallate",,UNMAPPED
"2',5'-Dihydroxy-4-Methoxychalcone",preferred_term,cas:6342-92-3,"2',5'-Dihydroxy-4-Methoxychalcone",cas:6342-92-3,MAPPED
2'-deoxy-5'-adenylic acid,synonym,CHEBI:17713,2-Deoxyadenosine 5-monophosphate,CHEBI:17713,MAPPED
2'-deoxy-5'-cytidylic acid,synonym,CHEBI:15918,2-Deoxycytidine 5-monophosphate,CHEBI:15918,MAPPED
2'-deoxy-5-methyluridine,synonym,CHEBI:17748,Thymidine,CHEBI:17748,MAPPED
2'-Deoxycytidine,preferred_term,CHEBI:15698,2'-Deoxycytidine,CHEBI:15698,MAPPED
2'-Deoxyinosine,preferred_term,CHEBI:28997,2'-Deoxyinosine,CHEBI:28997,MAPPED
2'-deoxythymidine,synonym,CHEBI:17748,Thymidine,CHEBI:17748,MAPPED
2'-Deoxyuridine,preferred_term,CHEBI:16450,2'-Deoxyuridine,CHEBI:16450,MAPPED
2'-fucosyllactose,preferred_term,CHEBI:147155,2'-fucosyllactose,CHEBI:147155,MAPPED
2'-thymidine,synonym,CHEBI:17748,Thymidine,CHEBI:17748,MAPPED
2(3H)-imino-9-beta-D-ribofuranosyl-9H-purin-6(1H)-one,synonym,CHEBI:16750,Guanosine,CHEBI:16750,MAPPED
"2,2',2'',2'''-(ethane-1,2-diyldiammonio)tetraacetate",synonym,CHEBI:64755,EDTA,CHEBI:64755,MAPPED
"2,2',2'',2'''-(ethane-1,2-diyldiazaniumyl)tetraacetate",synonym,CHEBI:64755,EDTA,CHEBI:64755,MAPPED
"2,2',2''-nitrilotriacetate",synonym,CHEBI:25548,Nitrilotriacetate,CHEBI:25548,MAPPED
"2,2',2''-NITRILOTRIETHANOL",synonym,CHEBI:28621,Triethanolamine,CHEBI:28621,MAPPED
"2,2',2''-nitrilotris(ethanol)",synonym,CHEBI:28621,Triethanolamine,CHEBI:28621,MAPPED
"2,2'-Dipyridyl",preferred_term,CHEBI:30351,"2,2'-Dipyridyl",CHEBI:30351,MAPPED
"2,2,4,4,6,8,8-Heptamethylnonane",preferred_term,CHEBI:131383,"2,2,4,4,6,8,8-Heptamethylnonane",CHEBI:131383,MAPPED
"2,2-bis(hydroxymethyl)-2,2',2''-nitrilotriethanol",synonym,CHEBI:41250,Bis-Tris,CHEBI:41250,MAPPED
"2,2-dibromo-2-cyanoacetamide",preferred_term,cas:10222-01-2,"2,2-dibromo-2-cyanoacetamide",cas:10222-01-2,MAPPED
"2,2-dichloro-N-[(1R,2R)-2-hydroxy-1-(hydroxymethyl)-2-(4-nitrophenyl)ethyl]acetamide",synonym,CHEBI:17698,Chloramphenicol,CHEBI:17698,MAPPED
"2,2-dimethyl-3,4-dihydro-2H-benzo[h]chromene-5,6-dione",synonym,CHEBI:10429,Beta-Lapachone,CHEBI:10429,MAPPED
"2,2-dimethylacetic acid",synonym,CHEBI:16135,Isobutyric acid,CHEBI:16135,MAPPED
"2,3 DHB",synonym,CHEBI:18026,"2,3-dihydroxybenzoic acid",CHEBI:18026,MAPPED
"2,3,5-triphenyl-2H-tetrazol-3-ium chloride",synonym,CHEBI:78019,"2,3,5-Triphenyltetrazolium chloride",CHEBI:78019,MAPPED
"2,3,5-Triphenyltetrazolium chloride",preferred_term,CHEBI:78019,"2,3,5-Triphenyltetrazolium chloride",CHEBI:78019,MAPPED
"2,3,9,10-tetramethoxy-5,6-dihydroisoquino[3,2-a]isoquinolinium",synonym,CHEBI:16096,Palmatine,CHEBI:16096,MAPPED
"2,3-butanediol",preferred_term,CHEBI:62064,"2,3-butanediol",CHEBI:62064,MAPPED
"2,3-Butylene glycol",synonym,CHEBI:62064,"2,3-butanediol",CHEBI:62064,MAPPED
"2,3-DIHYDROXY-BENZOIC ACID",synonym,CHEBI:18026,"2,3-dihydroxybenzoic acid",CHEBI:18026,MAPPED
"2,3-dihydroxybenzoic acid",preferred_term,CHEBI:18026,"2,3-dihydroxybenzoic acid",CHEBI:18026,MAPPED
"2,3-Dihydroxybutane",synonym,CHEBI:62064,"2,3-butanediol",CHEBI:62064,MAPPED
"2,3-dihydroxypropanal",synonym,CHEBI:5445,DL-glyceraldehyde,CHEBI:5445,MAPPED
"2,3-dihydroxypropyl dihydrogen phosphate",synonym,cas:17603-42-8,DL-Glycerol 1-phosphate sodium salt hydrate,CHEBI:14336,MAPPED
"2,3-Dimethyl-1-phenyl-5-pyrazolone",synonym,CHEBI:31225,Antipyrine,CHEBI:31225,MAPPED
"2,3-dioxido-1,4-dioxy-2,3-disulfy-[4]catenate(2-)",synonym,CHEBI:42160,Dithionite,CHEBI:42160,MAPPED
"2,4(1H,3H)-pyrimidinedione",synonym,CHEBI:17568,Uracil,CHEBI:17568,MAPPED
"2,4-diamino-4-oxobutanoic acid",synonym,CHEBI:22653,Asparagine,CHEBI:22653,MAPPED
"2,4-diamino-6,7-di-iso-propylpteridine phosphate",preferred_term,kgmicrobe.compound:24-diamino-67-di-iso-propylpteridine_phosphate,"2,4-diamino-6,7-di-iso-propylpteridine phosphate",CHEBI:73908,MAPPED
"2,4-dihydroxy-5-methylpyrimidine",synonym,CHEBI:17821,Thymine,CHEBI:17821,MAPPED
"2,4-Dinitrophenol",preferred_term,CHEBI:42017,"2,4-Dinitrophenol",CHEBI:42017,MAPPED
"2,4-Dioxopyrimidine",synonym,CHEBI:17568,Uracil,CHEBI:17568,MAPPED
"2,4-Pyrimidinedione",synonym,CHEBI:17568,Uracil,CHEBI:17568,MAPPED
"2,5,8,11,14,17,20,23,26-nonaoxaoctacosan-28-ol",synonym,CHEBI:132112,Na2S2O3,CHEBI:132112,MAPPED
"2,5-Dihydroxybenzoate",synonym,CHEBI:17189,Gentisic acid,CHEBI:17189,MAPPED
"2,5-Dihydroxybenzoic acid",synonym,CHEBI:17189,Gentisic acid,CHEBI:17189,MAPPED
"2,5-Dioxo-4-imidazolidinyl-urea",synonym,CHEBI:15676,Allantoin,CHEBI:15676,MAPPED
"2,6-diacetyl-3,7,9-trihydroxy-8,9b-dimethyldibenzo[b,d]furan-1(9bH)-one",synonym,CHEBI:38319,Usnic Acid,CHEBI:38319,MAPPED
"2,6-diaminoheptanedioic acid",synonym,CHEBI:23673,Diaminopimelic acid,CHEBI:23673,MAPPED
"2,6-dihydroxypurine",synonym,CHEBI:17712,Xanthine,CHEBI:17712,MAPPED
"2,6-dioxo-1,2,3,6-tetrahydropurine",synonym,CHEBI:17712,Xanthine,CHEBI:17712,MAPPED
"2,6-dioxo-1,2,3,6-tetrahydropyrimidine-4-carboxylic acid",synonym,CHEBI:16742,Orotic acid,CHEBI:16742,MAPPED
"2,8-dibenzyl-6-(4-hydroxyphenyl)imidazo[1,2-a]pyrazin-3-yl sulfate",synonym,CHEBI:63043,KNO3,CHEBI:63043,MAPPED
2-(1H-imidazol-4-yl)ethanamine,synonym,CHEBI:18295,Histamine,CHEBI:18295,MAPPED
2-(1H-INDOL-3-YL)ETHANAMINE,synonym,CHEBI:16765,Tryptamine,CHEBI:16765,MAPPED
"2-(2,4-dihydroxyphenyl)-3,5,7-trihydroxy-4H-chromen-4-one",synonym,CHEBI:75092,Morin,CHEBI:75092,MAPPED
2-(2-methyl-5-nitro-1H-imidazol-1-yl)ethanol,synonym,CHEBI:6909,Metronidazole,CHEBI:6909,MAPPED
"2-(3,4-dihydroxyphenyl)-3,5,7,8-tetrahydroxy-4H-chromen-4-one",synonym,CHEBI:16400,Gossypetin,CHEBI:16400,MAPPED
"2-(3,4-dihydroxyphenyl)-3,5,7-trihydroxy-4H-chromen-4-one",synonym,CHEBI:16243,Quercetin,CHEBI:16243,MAPPED
"2-(3,4-dihydroxyphenyl)-5,7-dihydroxy-4-oxo-4H-chromen-3-yl 6-O-(6-deoxy-alpha-L-mannopyranosyl)-beta-D-glucopyranoside",synonym,CHEBI:28527,Rutin,CHEBI:28527,MAPPED
"2-(3,4-dimethoxyphenyl)-5,6,7,8-tetramethoxy-4H-1-benzopyran-4-one",synonym,CHEBI:7602,Nobiletin,CHEBI:7602,MAPPED
2-(4-hydroxy-3-methoxyphenyl)acetic acid,synonym,CHEBI:545959,homovanillic acid,CHEBI:545959,MAPPED
2-(4-morpholinyl)ethanesulfonic acid,synonym,CHEBI:39005,MES [2-(N-morpholino) ethane sulfonic acid],CHEBI:39005,MAPPED
2-(acetylamino)-3-O-[(1R)-1-carboxyethyl]-2-deoxy-D-glucose,synonym,CHEBI:47965,N-acetylmuramic acid,CHEBI:47965,MAPPED
2-(acetylamino)-5-amino-5-oxopentanoic acid,synonym,CHEBI:73685,n-Acetyl-glutamine,CHEBI:73685,MAPPED
2-(aminoacetamido)acetic acid,synonym,CHEBI:17201,Glycyl-glycine,CHEBI:17201,MAPPED
"2-(bis(2-hydroxyethyl)amino)-2-(hydroxymethyl)-1,3-propanediol",synonym,CHEBI:41250,Bis-Tris,CHEBI:41250,MAPPED
2-(methylsulfanyl)ethanol,synonym,CHEBI:63861,2-(Methylthio)ethanol,CHEBI:63861,MAPPED
2-(Methylthio)ethanol,preferred_term,CHEBI:63861,2-(Methylthio)ethanol,CHEBI:63861,MAPPED
2-(morpholin-4-yl)ethanesulfonic acid,synonym,CHEBI:39005,MES [2-(N-morpholino) ethane sulfonic acid],CHEBI:39005,MAPPED
2-(N-Morpholino)aethansulfonsaeure,synonym,CHEBI:39005,MES [2-(N-morpholino) ethane sulfonic acid],CHEBI:39005,MAPPED
2-(N-Morpholino)ethanesulfonic acid sodium salt,synonym,CHEBI:62955,MES sodium salt,CHEBI:62955,MAPPED
2-(N-Morpholino)ethansulfonsaeure,synonym,CHEBI:39005,MES [2-(N-morpholino) ethane sulfonic acid],CHEBI:39005,MAPPED
2-6-dihydroxybenzoic acid,preferred_term,cas:0303-07-1,2-6-dihydroxybenzoic acid,cas:0303-07-1,MAPPED
2-[(2-amino-2-oxoethyl)amino]ethanesulfonic acid,synonym,CHEBI:39060,N-(2-acetamido)-2-aminoethanesulfonic acid,CHEBI:39060,MAPPED
2-[(2-aminoacetyl)amino]butanedioic acid,synonym,cas:79731-35-4,Gly-DL-Asp,CHEBI:193741,MAPPED
"2-[(3S,3aS,4R,5R,7R,7aR)-7-(2-aminopurin-9-yl)-3,3a,4-trihydroxy-2,3,4,5,7,7a-hexahydrouro[2,3-c]pyran-5-yl]-2-[[2-amino-5-[carbamimidoyl(hydroxy)amino]pentanoyl]amino]acetic acid",synonym,CHEBI:216282,miharamycin A,CHEBI:216282,MAPPED
2-[(5-nitro-2-furyl)methylene]hydrazinecarboxamide,synonym,CHEBI:44368,Nitrofurazone,CHEBI:44368,MAPPED
"2-[[(4R)-4-[(3R,5S,7R,9S,10S,12S,13R,14S,17R)-3,7,12-trihydroxy-10,13-dimethyl-2,3,4,5,6,7,8,9,11,12,14,15,16,17-tetradecahydro-1H-cyclopenta[a]phenanthren-17-yl]pentanoyl]amino]acetic acid",synonym,CHEBI:182320,Glycocholic acid hydrate,CHEBI:182320,MAPPED
"2-[bis(2-hydroxyethyl)amino]-2-(hydroxymethyl)propane-1,3-diol",synonym,CHEBI:41250,Bis-Tris,CHEBI:41250,MAPPED
"2-[BIS-(2-HYDROXY-ETHYL)-AMINO]-2-HYDROXYMETHYL-PROPANE-1,3-DIOL",synonym,CHEBI:41250,Bis-Tris,CHEBI:41250,MAPPED
2-acetamido-2-deoxy-D-galactopyranose,synonym,CHEBI:28037,N-Acetyl-D-galactosamine,CHEBI:28037,MAPPED
2-acetamido-2-deoxy-D-glucopyranose,synonym,CHEBI:8006,N-Acetyl-D-glucosamine,CHEBI:8006,MAPPED
2-acetamido-2-deoxy-D-glucopyranose 6-(dihydrogen phosphate),synonym,CHEBI:15784,N-Acetyl-D-glucosamine 6-phosphate sodium salt,CHEBI:15784,MAPPED
2-acetamido-3-O-[(1R)-1-carboxyethyl]-2-deoxy-aldehydo-D-glucose,synonym,CHEBI:47966,n-Acetyl-muramic acid,CHEBI:47966,MAPPED
2-acetamido-3-O-[(1R)-1-carboxyethyl]-2-deoxy-D-glucose,synonym,CHEBI:47965,N-acetylmuramic acid,CHEBI:47965,MAPPED
2-acetamidopentanedioic acid,synonym,CHEBI:172431,N-Acetyl-glutamic acid,CHEBI:172431,MAPPED
2-Acetylpyrrole,preferred_term,CHEBI:59981,2-Acetylpyrrole,CHEBI:59981,MAPPED
"2-amino-1,5-dihydro-1-methyl-4H-Imidazol-4-one",synonym,CHEBI:16737,Creatinine,CHEBI:16737,MAPPED
"2-amino-1,9-dihydro-6H-purin-6-one",synonym,CHEBI:16235,Guanine,CHEBI:16235,MAPPED
"2-amino-1,9-dihydro-9-beta-D-ribofuranosyl-6H-purin-6-one",synonym,CHEBI:16750,Guanosine,CHEBI:16750,MAPPED
2-Amino-1-methylimidazolin-4-one,synonym,CHEBI:16737,Creatinine,CHEBI:16737,MAPPED
"2-Amino-2-(hydroxymethyl)-1,3-propanediol",synonym,CHEBI:9754,Tris base,CHEBI:9754,MAPPED
"2-amino-2-(hydroxymethyl)propane-1,3-diol",synonym,CHEBI:9754,Tris base,CHEBI:9754,MAPPED
"2-amino-2-(hydroxymethyl)propane-1,3-diol acetate",synonym,CHEBI:66869,Tris Acetate Stock Solution,CHEBI:66869,MAPPED
2-amino-2-deoxy-D-glucose 6-(dihydrogen phosphate),synonym,CHEBI:12962,D-Glucosamine 6-phosphate,CHEBI:12962,MAPPED
2-amino-3-(1H-imidazol-4-yl)propanoic acid,synonym,CHEBI:27570,DL-Histidine,CHEBI:27570,MAPPED
2-amino-3-(1H-indol-3-yl)propanoic acid,synonym,CHEBI:27897,Tryptophan,CHEBI:27897,MAPPED
2-amino-3-carbamoylpropanoic acid,synonym,CHEBI:22653,Asparagine,CHEBI:22653,MAPPED
2-Amino-3-hydroxybutyric acid,synonym,CHEBI:16857,L-Threonine,CHEBI:16857,MAPPED
2-amino-3-mercaptopropanoic acid,synonym,CHEBI:15356,Cysteine,CHEBI:15356,MAPPED
2-Amino-3-mercaptopropionic acid,synonym,CHEBI:15356,Cysteine,CHEBI:15356,MAPPED
2-Amino-3-methylbutyric acid,synonym,CHEBI:16414,L-Valine,CHEBI:16414,MAPPED
2-Amino-3-methylvaleric acid,synonym,CHEBI:17191,L-Isoleucine,CHEBI:17191,MAPPED
2-amino-3-sulfanylpropanoic acid,synonym,CHEBI:15356,Cysteine,CHEBI:15356,MAPPED
"2-amino-4,6-dimethyl-3-oxo-1-N,9-N-bis-[(18aS)-10c,14,17-trimethyl-5,8,12,15,18-pentaoxo-6c,13t-di(propan-2-yl)-18ar-hexadecahydro-1H-pyrrolo[2,1-i][1,4,7,10,13]oxatetraazacyclohexadecin-9c-yl]-3H-phenoxazine-1,9-dicarboxamide",synonym,CHEBI:27666,Actinomycin D,CHEBI:27666,MAPPED
2-amino-4-(methylsulfanyl)butanoic acid,synonym,CHEBI:16811,DL-methionine,CHEBI:16811,MAPPED
2-amino-4-(methylthio)butanoic acid,synonym,CHEBI:16811,DL-methionine,CHEBI:16811,MAPPED
2-Amino-4-(methylthio)butyric acid,synonym,CHEBI:16811,DL-methionine,CHEBI:16811,MAPPED
2-Amino-4-methylvaleric acid,synonym,CHEBI:15603,L-Leucine,CHEBI:15603,MAPPED
2-amino-5-(carbamimidamido)pentanoic acid,synonym,CHEBI:29016,Arginine,CHEBI:29016,MAPPED
2-amino-5-guanidinopentanoic acid,synonym,CHEBI:29016,Arginine,CHEBI:29016,MAPPED
2-Amino-5-guanidinovaleric acid,synonym,CHEBI:29016,Arginine,CHEBI:29016,MAPPED
2-Amino-5-ureidovaleric acid,synonym,CHEBI:16349,L-Citrulline,CHEBI:16349,MAPPED
2-Amino-6-hydroxypurine,synonym,CHEBI:16235,Guanine,CHEBI:16235,MAPPED
2-amino-6-oxopurine,synonym,CHEBI:16235,Guanine,CHEBI:16235,MAPPED
"2-amino-9-beta-D-ribofuranosyl-1,9-dihydro-6H-purin-6-one",synonym,CHEBI:16750,Guanosine,CHEBI:16750,MAPPED
2-aminobenzoate,preferred_term,CHEBI:16567,2-aminobenzoate,CHEBI:16567,MAPPED
2-AMINOBENZOIC ACID,synonym,CHEBI:30754,anthranilic acid,CHEBI:30754,MAPPED
2-aminobutanedioic acid,synonym,CHEBI:22660,DL-aspartic acid,CHEBI:22660,MAPPED
2-aminobutanoic acid,synonym,CHEBI:35621,DL-2-Aminobutyric acid,CHEBI:35621,MAPPED
2-aminobutyrate,synonym,CHEBI:16865,gamma-Aminobutyric acid,CHEBI:16865,MAPPED
2-Aminoethanesulfinic acid,synonym,CHEBI:16668,Hypotaurine,CHEBI:16668,MAPPED
2-Aminoethanesulfonic acid,synonym,CHEBI:15891,Taurine,CHEBI:15891,MAPPED
2-aminoethanol,synonym,CHEBI:16000,Ethanolamine,CHEBI:16000,MAPPED
2-aminoethyl dihydrogen phosphate,synonym,CHEBI:17553,O-Phosphoryl-Ethanolamine,CHEBI:17553,MAPPED
2-aminoethyl sulfonate,synonym,CHEBI:15891,Taurine,CHEBI:15891,MAPPED
2-aminopentanedioic acid,synonym,CHEBI:18237,Glutamic acid,CHEBI:18237,MAPPED
2-aminopentanoic Acid,preferred_term,CHEBI:19475,2-aminopentanoic Acid,CHEBI:19475,MAPPED
2-Aminosuccinamic acid,synonym,CHEBI:17196,L-Asparagine,CHEBI:17196,MAPPED
2-Aminosuccinic acid,synonym,CHEBI:17053,L-Aspartic acid,CHEBI:17053,MAPPED
2-Azetidinone,preferred_term,CHEBI:327119,2-Azetidinone,CHEBI:327119,MAPPED
"2-beta-D-glucopyranosyl-1,3,6,7-tetrahydroxy-9H-xanthen-9-one",synonym,CHEBI:6682,Mangiferin,CHEBI:6682,MAPPED
"2-bromo-2-nitro-1,3-propanediol",preferred_term,CHEBI:31306,"2-bromo-2-nitro-1,3-propanediol",CHEBI:31306,MAPPED
2-butanol+CO2,preferred_term,UNMAPPED_0679,2-butanol+CO2,,NEEDS_EXPERT
2-butoxy-N-[2-(diethylamino)ethyl]quinoline-4-carboxamide,synonym,CHEBI:247956,Dibucaine,CHEBI:247956,MAPPED
2-carboxyfuran,synonym,CHEBI:30845,2-Furoic acid,CHEBI:30845,MAPPED
2-Carene-3-One,preferred_term,UNMAPPED_0196,2-Carene-3-One,,UNMAPPED
"2-chloro-4-ethylamino-6-isopropylamino-1,3,5-triazine",synonym,CHEBI:15930,"2-chloro-4ethylamino-6-isopropylamino-1,3,5-triazine",CHEBI:15930,MAPPED
"2-chloro-4ethylamino-6-isopropylamino-1,3,5-triazine",preferred_term,CHEBI:15930,"2-chloro-4ethylamino-6-isopropylamino-1,3,5-triazine",CHEBI:15930,MAPPED
2-dehydro-D-gluconate,preferred_term,CHEBI:16808,2-dehydro-D-gluconate,CHEBI:16808,MAPPED
2-Deoxy-D-arabino-hexose,synonym,CHEBI:15866,2-Deoxy-D-glucose,CHEBI:15866,MAPPED
2-deoxy-D-erythro-pentonic acid,synonym,cas:7284-15-3,2-Deoxy-D-ribonic acid lithium salt,CHEBI:86350,MAPPED
2-deoxy-D-erythro-pentose,synonym,CHEBI:28816,2-Deoxy-D-Ribose,CHEBI:28816,MAPPED
2-Deoxy-D-glucose,preferred_term,CHEBI:15866,2-Deoxy-D-glucose,CHEBI:15866,MAPPED
2-Deoxy-D-ribonic acid lithium salt,preferred_term,cas:7284-15-3,2-Deoxy-D-ribonic acid lithium salt,CHEBI:86350,MAPPED
2-Deoxy-D-Ribose,preferred_term,CHEBI:28816,2-Deoxy-D-Ribose,CHEBI:28816,MAPPED
2-deoxyadenosine,preferred_term,CHEBI:17256,2-deoxyadenosine,CHEBI:17256,MAPPED
2-Deoxyadenosine 5-monophosphate,preferred_term,CHEBI:17713,2-Deoxyadenosine 5-monophosphate,CHEBI:17713,MAPPED
2-Deoxyadenosine monohydrate,preferred_term,cas:16373-93-6,2-Deoxyadenosine monohydrate,CHEBI:17256,MAPPED
2-Deoxycytidine 5-monophosphate,preferred_term,CHEBI:15918,2-Deoxycytidine 5-monophosphate,CHEBI:15918,MAPPED
2-deoxythymidine-5'-4-nitrophenyl Phosphate,preferred_term,UNMAPPED_0695,2-deoxythymidine-5'-4-nitrophenyl Phosphate,,UNMAPPED
2-Deoxyuridine,synonym,CHEBI:16450,2'-Deoxyuridine,CHEBI:16450,MAPPED
2-dichloroethane,preferred_term,CHEBI:27789,2-dichloroethane,CHEBI:27789,MAPPED
2-dichloropropane,synonym,CHEBI:142468,"1,2-Dichloropropane",CHEBI:142468,MAPPED
2-dimethylsuccinic Acid,preferred_term,CHEBI:167506,2-dimethylsuccinic Acid,CHEBI:167506,MAPPED
2-Ethylhexanol,preferred_term,CHEBI:16011,2-Ethylhexanol,CHEBI:16011,MAPPED
2-ethylpyridine-4-carbothioamide,synonym,CHEBI:4885,Ethionamide,CHEBI:4885,MAPPED
2-Furancarboxylic acid,synonym,CHEBI:30845,2-Furoic acid,CHEBI:30845,MAPPED
2-furanoic acid,synonym,CHEBI:30845,2-Furoic acid,CHEBI:30845,MAPPED
2-Furfuraldehyde,preferred_term,CHEBI:34768,2-Furfuraldehyde,CHEBI:34768,MAPPED
2-Furoic acid,preferred_term,CHEBI:30845,2-Furoic acid,CHEBI:30845,MAPPED
2-heptylquinolin-4-ol 1-oxide,synonym,CHEBI:28362,2-n-Heptyl-4-hydroxyquinoline N-oxide,CHEBI:28362,MAPPED
"2-Hydroxy-1,2,3-propanetricarboxylic acid",synonym,CHEBI:30769,Citric acid,CHEBI:30769,MAPPED
"2-Hydroxy-1,2,3-propanetricarboxylic acid triammonium salt",synonym,CHEBI:63037,(NH4)3 citrate,CHEBI:63037,MAPPED
"2-hydroxy-1,2,3-propanetricarboxylic acid trisodium salt dihydrate",synonym,CHEBI:32142,Na3-citrate x 2 H2O,CHEBI:32142,MAPPED
"2-hydroxy-1,2,3-propanetricarboxylic acid, ammonium salt (1:3)",synonym,CHEBI:63037,(NH4)3 citrate,CHEBI:63037,MAPPED
"2-Hydroxy-1,2,3-propanetricarboxylic acid, diammonium salt",synonym,CHEBI:63076,(NH4)2 citrate,CHEBI:63076,MAPPED
2-hydroxy-2-(4-hydroxy-3-methoxyphenyl)acetic acid,synonym,CHEBI:20106,vanillylmandelic acid,CHEBI:20106,MAPPED
"2-Hydroxy-3,4-Dimethoxybenzoic Acid",preferred_term,CHEBI:184501,"2-Hydroxy-3,4-Dimethoxybenzoic Acid",CHEBI:184501,MAPPED
"2-hydroxy-3,5-dinitrobenzoic acid",synonym,CHEBI:53648,"3,5-Dinitrosalicylic acid",CHEBI:53648,MAPPED
"2-hydroxy-3-(3-methylbut-2-en-1-yl)naphthalene-1,4-dione",synonym,CHEBI:6377,Lapachol,CHEBI:6377,MAPPED
2-hydroxy-3-oxopropyl dihydrogen phosphate,synonym,CHEBI:17138,DL-Glyceraldehyde 3-phosphate,CHEBI:17138,MAPPED
"2-hydroxy-5-methoxy-3-[(8Z,11Z)-pentadeca-8,11,14-trien-1-yl]cyclohexa-2,5-diene-1,4-dione",synonym,CHEBI:61117,Sorgoleone,CHEBI:61117,MAPPED
2-hydroxy-5-{[4-(pyridin-2-ylsulfamoyl)phenyl]diazenyl}benzoic acid,synonym,CHEBI:9334,Sulfasalazine,CHEBI:9334,MAPPED
"2-Hydroxy-N,N,N,-trimethylethanaminium chloride",synonym,CHEBI:133341,Choline chloride,CHEBI:133341,MAPPED
"2-hydroxy-N,N,N-trimethylethanaminium",synonym,CHEBI:15354,Choline,CHEBI:15354,MAPPED
"2-hydroxy-N,N,N-trimethylethanaminium chloride",synonym,CHEBI:133341,Choline chloride,CHEBI:133341,MAPPED
2-HYDROXYBENZOIC ACID,synonym,CHEBI:16914,Salicylic acid,CHEBI:16914,MAPPED
2-Hydroxybutanedioic acid,synonym,CHEBI:6650,DL-Malic acid,CHEBI:6650,MAPPED
2-hydroxybutanoic acid,synonym,cas:5094-24-6,2-Hydroxybutyric acid sodium salt,CHEBI:1148,MAPPED
2-hydroxybutyrate,preferred_term,CHEBI:64552,2-hydroxybutyrate,CHEBI:64552,MAPPED
2-Hydroxybutyric acid sodium salt,preferred_term,cas:5094-24-6,2-Hydroxybutyric acid sodium salt,CHEBI:1148,MAPPED
"2-Hydroxyethane-1,2-dicarboxylic acid",synonym,CHEBI:6650,DL-Malic acid,CHEBI:6650,MAPPED
2-Hydroxyethanol,synonym,CHEBI:30742,Ethylene glycol,CHEBI:30742,MAPPED
"2-hydroxynaphthalene-1,4-dione",synonym,CHEBI:44401,Lawsone,CHEBI:44401,MAPPED
2-hydroxyphenol,synonym,CHEBI:18135,Pyrocatechol,CHEBI:18135,MAPPED
2-hydroxypropane,synonym,CHEBI:17824,Isopropyl alcohol,CHEBI:17824,MAPPED
"2-hydroxypropane-1,2,3-tricarboxylate",synonym,CHEBI:16947,Citrate,CHEBI:16947,MAPPED
"2-hydroxypropane-1,2,3-tricarboxylic acid",synonym,CHEBI:30769,Citric Acid•H2O,CHEBI:30769,MAPPED
"2-hydroxypropane-1,2,3-tricarboxylic acid",synonym,CHEBI:30769,Citric acid,CHEBI:30769,MAPPED
2-hydroxypropanoate,synonym,CHEBI:24996,Lactate,CHEBI:24996,MAPPED
"2-Hydroxypropanoic acid, monosodium salt",synonym,CHEBI:75228,Sodium lactate,CHEBI:75228,MAPPED
2-hydroxypropionate,synonym,CHEBI:24996,Lactate,CHEBI:24996,MAPPED
2-Hydroxypyridine,preferred_term,CHEBI:16540,2-Hydroxypyridine,CHEBI:16540,MAPPED
2-Hydroxysuccinic acid,synonym,CHEBI:6650,DL-Malic acid,CHEBI:6650,MAPPED
2-Hydroxytricarballylic acid,synonym,CHEBI:30769,Citric acid,CHEBI:30769,MAPPED
2-imino-1-methylimidazolidin-4-one,synonym,CHEBI:16737,Creatinine,CHEBI:16737,MAPPED
2-Keto-D-gluconic acid hemicalcium salt hydrate,preferred_term,cas:1040352-40-6,2-Keto-D-gluconic acid hemicalcium salt hydrate,CHEBI:27469,MAPPED
2-Keto-D-gluconic acid hemicalcium salt monohydrate,preferred_term,cas:3470-37-9,2-Keto-D-gluconic acid hemicalcium salt monohydrate,CHEBI:27469,MAPPED
2-Ketoglutaric acid,synonym,CHEBI:30915,alpha-ketoglutaric acid,CHEBI:30915,MAPPED
2-ketopropionic acid,synonym,CHEBI:32816,Pyruvic acid,CHEBI:32816,MAPPED
2-Mercaptoethanesulfonate,preferred_term,CHEBI:17905,2-Mercaptoethanesulfonate,CHEBI:17905,MAPPED
2-Mercaptoethanesulfonic acid,synonym,CHEBI:17905,2-Mercaptoethanesulfonate,CHEBI:17905,MAPPED
2-mercaptoethanesulphonic acid,synonym,CHEBI:17905,2-Mercaptoethanesulfonate,CHEBI:17905,MAPPED
2-Mercaptoethanol,preferred_term,CHEBI:41218,2-Mercaptoethanol,CHEBI:41218,MAPPED
2-Mercaptopyridine N-oxide sodium salt,preferred_term,CHEBI:201738,2-Mercaptopyridine N-oxide sodium salt,CHEBI:201738,MAPPED
2-methoxy-4-(prop-2-en-1-yl)phenol,synonym,CHEBI:4917,Eugenol,CHEBI:4917,MAPPED
2-methoxyphenol,synonym,CHEBI:28591,Guaiacol,CHEBI:28591,MAPPED
2-methybutyric acid,synonym,CHEBI:37070,DL-2-Methylbutyric acid,CHEBI:37070,MAPPED
"2-methyl-1,2-thiazol-3(2H)-one",synonym,CHEBI:53620,2-methyl-4-isothizaolin-3-one,CHEBI:53620,MAPPED
"2-methyl-1,4-naphthalenedione",synonym,CHEBI:28869,Menadione,CHEBI:28869,MAPPED
"2-Methyl-1,4-naphthochinon",synonym,CHEBI:28869,Menadione,CHEBI:28869,MAPPED
"2-methyl-1,4-naphthoquinone",synonym,CHEBI:28869,Menadione,CHEBI:28869,MAPPED
2-methyl-1-butanol,preferred_term,CHEBI:48945,2-methyl-1-butanol,CHEBI:48945,MAPPED
"2-Methyl-3-(3,7,11,15-tetramethyl-2-hexadecenyl)-1,4-naphthalenedione",synonym,CHEBI:18067,Vitamin K1,CHEBI:18067,MAPPED
"2-Methyl-3-[(2E)-3,7,11,15-tetramethyl-2-hexadecenyl]naphthoquinone",synonym,CHEBI:18067,Vitamin K1,CHEBI:18067,MAPPED
"2-methyl-3-[(2E,7R,11R)-3,7,11,15-tetramethylhexadec-2-en-1-yl]naphthalene-1,4-dione",synonym,CHEBI:18067,Vitamin K1,CHEBI:18067,MAPPED
"2-methyl-3-hydroxy-4,5-bis(hydroxymethyl)pyridine",synonym,CHEBI:16709,Pyridoxine,CHEBI:16709,MAPPED
"2-methyl-3-hydroxy-4,5-bis(hydroxymethyl)pyridine hydrochloride",synonym,CHEBI:30961,Pyridoxine hydrochloride,CHEBI:30961,MAPPED
"2-methyl-3-hydroxy-4,5-di(hydroxymethyl)pyridine",synonym,CHEBI:16709,Pyridoxine,CHEBI:16709,MAPPED
"2-Methyl-3-hydroxy-4,5-dihydroxymethyl-pyridin",synonym,CHEBI:16709,Pyridoxine,CHEBI:16709,MAPPED
"2-methyl-3-hydroxy-4,5-dihydroxymethylpyridine",synonym,CHEBI:16709,Pyridoxine,CHEBI:16709,MAPPED
2-Methyl-3-hydroxy-4-aminomethyl-5-hydroxymethylpyridene dihydrochloride,synonym,CHEBI:131532,Pyridoxamine Dihydrochloride,CHEBI:131532,MAPPED
2-Methyl-3-hydroxy-4-formyl-5-hydroxymethylpyridine hydrochloride,synonym,CHEBI:131529,Pyridoxal hydrochloride,CHEBI:131529,MAPPED
"2-Methyl-3-phytyl-1,4-naphthochinon",synonym,CHEBI:18067,Vitamin K1,CHEBI:18067,MAPPED
"2-methyl-3-phytyl-1,4-naphthoquinone",synonym,CHEBI:18067,Vitamin K1,CHEBI:18067,MAPPED
"2-methyl-4,5-bis(hydroxymethyl)-3-hydroxypyridine",synonym,CHEBI:16709,Pyridoxine,CHEBI:16709,MAPPED
"2-methyl-4,5-dimethylol-pyridin-3-ol",synonym,CHEBI:16709,Pyridoxine,CHEBI:16709,MAPPED
2-methyl-4-isothizaolin-3-one,preferred_term,CHEBI:53620,2-methyl-4-isothizaolin-3-one,CHEBI:53620,MAPPED
"2-methyl-5-(propan-2-yl)cyclohexa-2,5-diene-1,4-dione",synonym,CHEBI:113532,Thymoquinone,CHEBI:113532,MAPPED
2-Methyl-butyric acid,synonym,CHEBI:37070,DL-2-Methylbutyric acid,CHEBI:37070,MAPPED
2-METHYL-PROPIONIC ACID,synonym,CHEBI:16135,Isobutyric acid,CHEBI:16135,MAPPED
2-methyladeninyl cobamide,preferred_term,UNMAPPED_0182,2-methyladeninyl cobamide,,UNMAPPED
2-methyladeninylcobamide,synonym,UNMAPPED_0182,2-methyladeninyl cobamide,,UNMAPPED
2-methylbutanoic acid,synonym,CHEBI:37070,DL-2-Methylbutyric acid,CHEBI:37070,MAPPED
2-Methylbutyric acid,synonym,CHEBI:37070,DL-2-Methylbutyric acid,CHEBI:37070,MAPPED
2-methylidenebutanedioic acid,synonym,CHEBI:30838,Itaconic Acid,CHEBI:30838,MAPPED
"2-methylnaphthalene-1,4-dione",synonym,CHEBI:28869,Menadione,CHEBI:28869,MAPPED
2-methylnaphthoquinone,synonym,CHEBI:28869,Menadione,CHEBI:28869,MAPPED
2-methylpropan-1-ol,synonym,CHEBI:46645,Isobutyl alcohol,CHEBI:46645,MAPPED
2-methylpropanamide,synonym,CHEBI:193555,Isobutyramide,CHEBI:193555,MAPPED
2-Methylpropanoate,synonym,CHEBI:16135,Isobutyric acid,CHEBI:16135,MAPPED
2-Methylpropanoic acid,synonym,CHEBI:16135,Isobutyric acid,CHEBI:16135,MAPPED
2-Methylpropionsaeure,synonym,CHEBI:16135,Isobutyric acid,CHEBI:16135,MAPPED
2-morpholin-4-ylethanesulfonic acid,synonym,CHEBI:39005,MES [2-(N-morpholino) ethane sulfonic acid],CHEBI:39005,MAPPED
2-morpholinoethanesulphonic acid,synonym,CHEBI:39005,MES [2-(N-morpholino) ethane sulfonic acid],CHEBI:39005,MAPPED
"2-N,N,N-trimethylammonio acetate",synonym,CHEBI:17750,Betaine x H2O,CHEBI:17750,MAPPED
2-n-Heptyl-4-hydroxyquinoline N-oxide,preferred_term,CHEBI:28362,2-n-Heptyl-4-hydroxyquinoline N-oxide,CHEBI:28362,MAPPED
2-naphthyl Dihydrogen Phosphate,preferred_term,CHEBI:91043,2-naphthyl Dihydrogen Phosphate,CHEBI:91043,MAPPED
2-naphthyl Tetradecanoate,preferred_term,CHEBI:90249,2-naphthyl Tetradecanoate,CHEBI:90249,MAPPED
2-octadecanoylglycerol,synonym,CHEBI:75456,Glycerol monostearate,CHEBI:75456,MAPPED
"2-octadecanoyloxy-propane-1,3-diol",synonym,CHEBI:75456,Glycerol monostearate,CHEBI:75456,MAPPED
2-Oxobutanedioic acid,synonym,CHEBI:30744,Oxaloacetic acid,CHEBI:30744,MAPPED
2-oxobutanoate,preferred_term,CHEBI:16763,2-oxobutanoate,CHEBI:16763,MAPPED
2-oxobutyric acid sodium salt,preferred_term,cas:2013-26-5,2-oxobutyric acid sodium salt,CHEBI:26714,MAPPED
2-oxogluconate,synonym,CHEBI:16808,2-dehydro-D-gluconate,CHEBI:16808,MAPPED
2-Oxoglutarate,synonym,CHEBI:16810,Na2 alpha-ketoglutarate,CHEBI:16810,MAPPED
2-oxoglutaric acid,synonym,CHEBI:30915,alpha-ketoglutaric acid,CHEBI:30915,MAPPED
2-oxopentanedioate,synonym,CHEBI:16810,Na2 alpha-ketoglutarate,CHEBI:16810,MAPPED
2-oxopentanedioic acid,synonym,CHEBI:30915,alpha-ketoglutaric acid,CHEBI:30915,MAPPED
2-oxopentanoate,preferred_term,CHEBI:28644,2-oxopentanoate,CHEBI:28644,MAPPED
2-Oxopropanal,synonym,CHEBI:17158,methylglyoxal,CHEBI:17158,MAPPED
2-oxopropanoate,synonym,CHEBI:15361,Pyruvate,CHEBI:15361,MAPPED
2-Oxopropanoic acid,synonym,CHEBI:32816,Pyruvic acid,CHEBI:32816,MAPPED
2-Oxopropansaeure,synonym,CHEBI:32816,Pyruvic acid,CHEBI:32816,MAPPED
2-Oxopropionsaeure,synonym,CHEBI:32816,Pyruvic acid,CHEBI:32816,MAPPED
2-pentyl-furan,preferred_term,CHEBI:89197,2-pentyl-furan,CHEBI:89197,MAPPED
"2-phenyl-1,2-benzoselenazol-3(2H)-one",synonym,CHEBI:77543,Ebselen,CHEBI:77543,MAPPED
2-PHENYL-4H-CHROMEN-4-ONE,synonym,CHEBI:42491,Flavone,CHEBI:42491,MAPPED
2-phenylethanamine,synonym,CHEBI:18397,2-phenylethylamine,CHEBI:18397,MAPPED
2-phenylethylamine,preferred_term,CHEBI:18397,2-phenylethylamine,CHEBI:18397,MAPPED
2-Piperidinone,preferred_term,CHEBI:77761,2-Piperidinone,CHEBI:77761,MAPPED
2-propandiol,synonym,CHEBI:16997,"1,2-Propanediol",CHEBI:16997,MAPPED
2-Propanol,synonym,CHEBI:17824,Isopropyl alcohol,CHEBI:17824,MAPPED
2-propanol+CO2,preferred_term,UNMAPPED_0674,2-propanol+CO2,,NEEDS_EXPERT
2-pyrocatechuic acid,synonym,CHEBI:18026,"2,3-dihydroxybenzoic acid",CHEBI:18026,MAPPED
2-Pyrrolidinecarboxylic acid,synonym,CHEBI:17203,L-Proline,CHEBI:17203,MAPPED
"2-stearoyloxy-propane-1,3-diol",synonym,CHEBI:75456,Glycerol monostearate,CHEBI:75456,MAPPED
2-sulfanylethanesulfonic acid,synonym,CHEBI:17905,2-Mercaptoethanesulfonate,CHEBI:17905,MAPPED
2-sulfanylethanol,synonym,CHEBI:41218,2-Mercaptoethanol,CHEBI:41218,MAPPED
2-sulfanylethylsulfonate,synonym,CHEBI:17905,2-Mercaptoethanesulfonate,CHEBI:17905,MAPPED
2-Sulfobenzoic acid,preferred_term,mesh:C028805,2-Sulfobenzoic acid,mesh:C028805,MAPPED
2-tetrachloroethane,preferred_term,UNMAPPED_0785,2-tetrachloroethane,,NEEDS_EXPERT
2-trichloroethane,synonym,CHEBI:36018,"1,1,2-Trichloroethane",CHEBI:36018,MAPPED
2-undecanol,preferred_term,CHEBI:77930,2-undecanol,CHEBI:77930,MAPPED
"2-{3-[(4-amino-2-methylpyrimidin-5-yl)methyl]-4-methyl-1,3-thiazol-3-ium-5-yl}ethyl dihydrogen diphosphate",synonym,CHEBI:45931,Thiamin pyrophosphate,CHEBI:45931,MAPPED
"2-{[(2R)-2,3-dihydroxypropoxy](hydroxy)phosphoryloxy}-N,N,N-trimethylethanaminium",synonym,CHEBI:16870,sn-glycero-3-phosphocholine,CHEBI:16870,MAPPED
20AA_mix,preferred_term,UNMAPPED_0261,20AA_mix,,UNMAPPED
26Fe,synonym,CHEBI:18248,Iron,CHEBI:18248,MAPPED
2Na-EDTA,synonym,CHEBI:64734,Na2-EDTA,CHEBI:64734,MAPPED
"3',3''-Dimethylphenolsulfonephthalein",synonym,CHEBI:86218,Cresol red,CHEBI:86218,MAPPED
"3',6-Dihydroxyflavone",preferred_term,cas:71592-46-6,"3',6-Dihydroxyflavone",CHEBI:107657,MAPPED
"3'-deoxy-N,N-dimethyl-3'-[(O-methyl-L-tyrosyl)amino]adenosine dihydrochloride",synonym,CHEBI:8642,Puromycin dihydrochloride,CHEBI:8642,MAPPED
3'-fucosyllactose,preferred_term,cas:41312-47-4,3'-fucosyllactose,CHEBI:90065,MAPPED
"3'-phosphoadenosine 5'-{3-[(3R)-3-hydroxy-2,2-dimethyl-4-oxo-4-({3-oxo-3-[(2-sulfanylethyl)amino]propyl}amino)butyl] dihydrogen diphosphate}",synonym,CHEBI:15346,Coenzyme A,CHEBI:15346,MAPPED
3'-phosphoadenosine-(5')diphospho(4')pantatheine,synonym,CHEBI:15346,Coenzyme A,CHEBI:15346,MAPPED
3'-sialyllactose sodium salt,preferred_term,cas:128596-80-5,3'-sialyllactose sodium salt,CHEBI:26714,MAPPED
"3,3'-azanediyldi(propanamine)",synonym,CHEBI:16841,Bis(3-aminopropyl)amine,CHEBI:16841,MAPPED
"3,3'-Dithiobis-L-alanine",synonym,CHEBI:16283,L-Cystine,CHEBI:16283,MAPPED
"3,3-bis(3-bromo-4-hydroxy-5-methylphenyl)-2,1lambda(6)-benzoxathiole-1,1(3H)-dione",synonym,CHEBI:86154,Bromocresol purple,CHEBI:86154,MAPPED
"3,3-bis(4-hydroxy-5-methylphenyl)-2,1lambda(6)-benzoxathiole-1,1(3H)-dione",synonym,CHEBI:86218,Cresol red,CHEBI:86218,MAPPED
"3,3-bis(p-hydroxyphenyl)-3H-2,1-benzoxathiole 1,1-dioxide",synonym,CHEBI:31991,Phenol red,CHEBI:31991,MAPPED
"3,3-bis[3-bromo-4-hydroxy-2-methyl-5-(propan-2-yl)phenyl]-2,1lambda(6)-benzoxathiole-1,1(3H)-dione",synonym,CHEBI:86155,Bromothymol blue,CHEBI:86155,MAPPED
"3,4'-Dihydroxyflavone",preferred_term,cas:14919-49-4,"3,4'-Dihydroxyflavone",mesh:C559991,MAPPED
"3,4'-Dimethoxyflavone",preferred_term,CHEBI:232299,"3,4'-Dimethoxyflavone",CHEBI:232299,MAPPED
"3,4,5-trihydroxy-1,8-bis[(2R,3R)-3,5,7-trihydroxy-3,4-dihydro-2H-chromen-2-yl]-6H-benzocyclohepten-6-one",synonym,CHEBI:136609,Theaflavin,CHEBI:136609,MAPPED
"3,4,5-Trihydroxy-1-cyclohexenecarboxylic acid",synonym,CHEBI:16119,Shikimic Acid,CHEBI:16119,MAPPED
"3,4,5-Trihydroxybenzoic acid",synonym,CHEBI:30778,Gallic Acid,CHEBI:30778,MAPPED
"3,4-dihydroxy-5-methoxybenzoic acid",synonym,CHEBI:28647,3-O-methylgallate,CHEBI:28647,MAPPED
"3,5,7-trihydroxy-2-(3,4,5-trihydroxyphenyl)-4H-chromen-4-one",synonym,CHEBI:18152,Myricetin,CHEBI:18152,MAPPED
"3,5-dihydroxy-2-[3-(4-hydroxyphenyl)propanoyl]phenyl beta-D-glucopyranoside",synonym,CHEBI:8113,Phloridzin,CHEBI:8113,MAPPED
"3,5-Dinitrosalicylic acid",preferred_term,CHEBI:53648,"3,5-Dinitrosalicylic acid",CHEBI:53648,MAPPED
"3,7,11-trimethyldodeca-1,6,10-trien-3-ol",synonym,CHEBI:7524,Nerolidol,CHEBI:7524,MAPPED
"3,7,11-trimethyldodeca-2,6,10-trien-1-ol",synonym,CHEBI:28600,"Trans,Trans-Farnesol",CHEBI:28600,MAPPED
"3,7-bis(dimethylamino)phenothiazin-5-ium chloride",synonym,CHEBI:6872,Methylene blue,CHEBI:6872,MAPPED
"3,7-dimethyl-3,7-dihydro-1H-purine-2,6-dione",synonym,CHEBI:28946,Theobromine,CHEBI:28946,MAPPED
"3,7-Dimethylocta-1,6-dien-3-ol",synonym,CHEBI:17580,Linalool,CHEBI:17580,MAPPED
"3,8-diamino-5-ethyl-6-phenylphenanthridinium bromide",synonym,CHEBI:4883,Ethidium Bromide,CHEBI:4883,MAPPED
"3,8-diamino-5-{3-[diethyl(methyl)ammonio]propyl}-6-phenylphenanthridinium diiodide",synonym,CHEBI:51240,Propidium iodide,CHEBI:51240,MAPPED
"3,9-dihydro-1H-purine-2,6-dione",synonym,CHEBI:17712,Xanthine,CHEBI:17712,MAPPED
3-(((4-Methyl-1-piperazinyl)imino)methyl)rifamycin SV,synonym,CHEBI:28077,Rifampicin,CHEBI:28077,MAPPED
"3-((R)-2-((1S,3S,5S)-3,5-dimethyl-2-oxocyclohexyl)-2-hydroxyethyl)glutarimide",synonym,CHEBI:27641,Cycloheximid,CHEBI:27641,MAPPED
"3-(1-naphthyl)-2,5-diphenyl-2H-tetrazol-3-ium chloride",synonym,CHEBI:75193,Tetrazolium violet,CHEBI:75193,MAPPED
"3-(2,4-dihydroxy-3,3-dimethylbutanamido)propanoate",synonym,CHEBI:16454,Pantothenate,CHEBI:16454,MAPPED
"3-(2,4-dihydroxy-3,3-dimethylbutanamido)propanoic acid",synonym,CHEBI:7916,Pantothenic acid,CHEBI:7916,MAPPED
3-(2-Aminoethyl)-1H-indol-5-ol,synonym,CHEBI:28790,Serotonin,CHEBI:28790,MAPPED
"3-(2-chloro-10H-phenothiazin-10-yl)-N,N-dimethylpropan-1-amine hydrochloride",synonym,CHEBI:3649,Chlorpromazine hydrochloride,CHEBI:3649,MAPPED
"3-(3,4-dichlorophenyl)-1,1-dimethylurea",synonym,CHEBI:116509,DCMU,CHEBI:116509,MAPPED
"3-(3,4-dihydroxyphenyl)-2-[(2E)-3-(3,4-dihydroxyphenyl)prop-2-enoyloxy]propanoic acid",synonym,CHEBI:17226,Rosmarinic acid,CHEBI:17226,MAPPED
"3-(3,4-dihydroxyphenyl)prop-2-enoic acid",synonym,CHEBI:36281,caffeic acid,CHEBI:36281,MAPPED
3-(4-AMINO-2-METHYL-PYRIMIDIN-5-YLMETHYL)-5-(2-HYDROXY-ETHYL)-4-METHYL-THIAZOL-3-IUM,synonym,CHEBI:18385,Thiamine,CHEBI:18385,MAPPED
"3-(4-hydroxy-3,5-dimethoxyphenyl)prop-2-enoic acid",synonym,CHEBI:77131,sinapic acid,CHEBI:77131,MAPPED
3-(4-hydroxy-3-methoxyphenyl)prop-2-enal,synonym,CHEBI:16547,coniferyl aldehyde,CHEBI:16547,MAPPED
3-(4-hydroxy-3-methoxyphenyl)prop-2-enoic acid,synonym,CHEBI:193350,Ferulic Acid,CHEBI:193350,MAPPED
"3-(4-hydroxyphenyl)-1-(2,4,6-trihydroxyphenyl)propan-1-one",synonym,CHEBI:17276,Phloretin,CHEBI:17276,MAPPED
3-(4-hydroxyphenyl)propanoic acid,synonym,CHEBI:32980,4-Hydroxyphenylpropionic acid,CHEBI:32980,MAPPED
3-(4-iodophenyl)-2-(4-nitrophenyl)-5-phenyl-2H-tetrazol-3-ium chloride,synonym,CHEBI:75421,Iodonitrotetrazolium chloride,CHEBI:75421,MAPPED
3-(cyclohexylamino)-2-hydroxy-1-propanesulfonic acid,synonym,CHEBI:183882,CAPSO,CHEBI:183882,MAPPED
3-(cyclohexylamino)-2-hydroxypropane-1-sulonic acid,synonym,CHEBI:183882,CAPSO,CHEBI:183882,MAPPED
3-(cyclohexylamino)propane-1-sulonic acid,synonym,CHEBI:191088,CAPS buffer,CHEBI:191088,MAPPED
3-(dimethylsulfonio)propanoate,synonym,CHEBI:16457,Dimethylsulfoniopropionate hydrochloride,CHEBI:16457,MAPPED
3-(N-morpholino)propanesulfonic acid,preferred_term,CHEBI:44115,3-(N-morpholino)propanesulfonic acid,CHEBI:44115,MAPPED
"3-[(2R)-2,4-dihydroxy-3,3-dimethylbutanamido]propanoate",synonym,CHEBI:29032,Ca-pantothenate,CHEBI:29032,MAPPED
3-[(3-{[6-deoxy-2-O-(6-deoxy-alpha-L-mannopyranosyl)-alpha-L-mannopyranosyl]oxy}decanoyl)oxy]decanoic acid,synonym,CHEBI:62570,Rhamnolipid,CHEBI:62570,MAPPED
"3-[(4-amino-2-methyl-5-pyrimidinyl)methyl]-4-methyl-5-(4,6,6-trihydroxy-4,6-dioxido-3,5-dioxa-4,6-diphosphahex-1-yl)thiazolium",synonym,CHEBI:9532,0.2% Thiamine pyrophosphate,CHEBI:9532,MAPPED
"3-[(4-amino-2-methylpyrimidin-5-yl)methyl]-5-(2-diphosphoethyl)-4-methyl-1,3-thiazolium chloride",synonym,CHEBI:18290,Thiamine pyrophosphate,CHEBI:18290,MAPPED
"3-[(4-amino-2-methylpyrimidin-5-yl)methyl]-5-(2-hydroxyethyl)-4-methyl-1,3-thiazol-3-ium",synonym,CHEBI:18385,Thiamine,CHEBI:18385,MAPPED
"3-[(4-amino-2-methylpyrimidin-5-yl)methyl]-5-(2-hydroxyethyl)-4-methyl-1,3-thiazol-3-ium chloride hydrochloride",synonym,CHEBI:49105,Thiamine HCl,CHEBI:49105,MAPPED
"3-[(4-amino-2-methylpyrimidin-5-yl)methyl]-5-(2-hydroxyethyl)-4-methyl-1,3-thiazol-3-ium chloride hydrochloride--water (1/2)",synonym,CHEBI:132751,Thiamine-HCl x 2 H2O,CHEBI:132751,MAPPED
"3-[(4-amino-2-methylpyrimidin-5-yl)methyl]-5-(2-{[hydroxy(phosphonooxy)phosphoryl]oxy}ethyl)-4-methyl-1,3-thiazol-3-ium",synonym,CHEBI:9532,0.2% Thiamine pyrophosphate,CHEBI:9532,MAPPED
"3-[(4-amino-2-methylpyrimidin-5-yl)methyl]-5-(2-{[hydroxy(phosphonooxy)phosphoryl]oxy}ethyl)-4-methyl-1,3-thiazol-3-ium chloride",synonym,CHEBI:18290,Thiamine pyrophosphate,CHEBI:18290,MAPPED
"3-[(4-amino-2-methylpyrimidin-5-yl)methyl]-5-[2-(diphosphooxy)ethyl]-4-methyl-1,3-thiazol-3-ium",synonym,CHEBI:9532,0.2% Thiamine pyrophosphate,CHEBI:9532,MAPPED
"3-[(4-amino-2-methylpyrimidin-5-yl)methyl]-5-[2-(diphosphooxy)ethyl]-4-methyl-1,3-thiazol-3-ium chloride",synonym,CHEBI:18290,Thiamine pyrophosphate,CHEBI:18290,MAPPED
"3-[(4-azaniumyl-2-methylpyrimidin-5-yl)methyl]-5-(2-hydroxyethyl)-4-methyl-1,3-thiazol-3-ium chloride--water (1/2)",synonym,CHEBI:132751,Thiamine-HCl x 2 H2O,CHEBI:132751,MAPPED
"3-[(4-azaniumyl-2-methylpyrimidin-5-yl)methyl]-5-(2-hydroxyethyl)-4-methyl-1,3-thiazol-3-ium dichloride",synonym,CHEBI:49105,Thiamine HCl,CHEBI:49105,MAPPED
3-[(S)-prop-2-ene-1-sulfinyl]-L-alanine,synonym,CHEBI:2596,L-alliin,CHEBI:2596,MAPPED
"3-[[1,3-dihydroxy-2-(hydroxymethyl)propan-2-yl]amino]-2-hydroxypropane-1-sulfonic acid",synonym,TAPSO,TAPSO,,UNMAPPED
3-acetylpyridine,preferred_term,CHEBI:166501,3-acetylpyridine,CHEBI:166501,MAPPED
3-amino-2-methylpropanoic acid,synonym,CHEBI:27389,DL-3-Aminoisobutyric acid,CHEBI:27389,MAPPED
3-aminobenzoate,preferred_term,CHEBI:30761,3-aminobenzoate,CHEBI:30761,MAPPED
3-aminobutyrate,preferred_term,CHEBI:87997,3-aminobutyrate,CHEBI:87997,MAPPED
3-aminobutyric acid,preferred_term,CHEBI:37081,3-aminobutyric acid,CHEBI:37081,MAPPED
3-aminopropanoic acid,synonym,CHEBI:16958,Beta-alanine,CHEBI:16958,MAPPED
3-Aminopropionitrile Fumarate,preferred_term,CHEBI:91084,3-Aminopropionitrile Fumarate,CHEBI:91084,MAPPED
3-beta-d-glucan,preferred_term,CHEBI:37671,3-beta-d-glucan,CHEBI:37671,MAPPED
3-butanediol,synonym,CHEBI:62064,"2,3-butanediol",CHEBI:62064,MAPPED
3-C-(hydroxymethyl)-D-glycero-tetrose,synonym,CHEBI:16689,D-apiose,CHEBI:16689,MAPPED
3-carbamoylpyridine,synonym,CHEBI:17154,Nicotinamide,CHEBI:17154,MAPPED
"3-Carboxy-3-hydroxypentane-1,5-dioic acid",synonym,CHEBI:30769,Citric acid,CHEBI:30769,MAPPED
3-carboxylpyridine,synonym,CHEBI:15940,Nicotinic acid,CHEBI:15940,MAPPED
3-carboxyphenol,synonym,CHEBI:30764,3-Hydroxybenzoic acid,CHEBI:30764,MAPPED
3-carboxypyridine,synonym,CHEBI:15940,Nicotinic acid,CHEBI:15940,MAPPED
3-Chloro-L-tyrosine,preferred_term,CHEBI:53678,3-Chloro-L-tyrosine,CHEBI:53678,MAPPED
3-dehydro-D-gluconate,preferred_term,CHEBI:85256,3-dehydro-D-gluconate,CHEBI:85256,MAPPED
3-hydroxy 2-butanone,synonym,CHEBI:15688,Acetoin,CHEBI:15688,MAPPED
3-hydroxy-2-methyl-5-[(phosphonooxy)methyl]-4-pyridinecarboxaldehyde,synonym,CHEBI:18405,Pyridoxal phosphate,CHEBI:18405,MAPPED
"3-hydroxy-2-picoline-4,5-dimethanol",synonym,CHEBI:16709,Pyridoxine,CHEBI:16709,MAPPED
"3-hydroxy-4,5-bis(hydroxymethyl)-2-methylpyridine",synonym,CHEBI:16709,Pyridoxine,CHEBI:16709,MAPPED
"3-hydroxy-4,5-dimethylol-alpha-picoline",synonym,CHEBI:16709,Pyridoxine,CHEBI:16709,MAPPED
"3-hydroxy-4,5-dimethylol-alpha-picoline hydrochloride",synonym,CHEBI:30961,Pyridoxine hydrochloride,CHEBI:30961,MAPPED
3-hydroxy-4-(trimethylammonio)butanoate,synonym,CHEBI:17126,DL-carnitine,CHEBI:17126,MAPPED
3-hydroxy-4-(trimethylammonio)butanoate,synonym,cas:461-06-3,Carnitine (Dl) Hydrochloride,CHEBI:17126,MAPPED
3-hydroxy-4-methoxybenzaldehyde,synonym,CHEBI:193161,Isovanillin,CHEBI:193161,MAPPED
3-hydroxy-5-(hydroxymethyl)-2-methylisonicotinaldehyde 5-phosphate,synonym,CHEBI:18405,Pyridoxal phosphate,CHEBI:18405,MAPPED
"3-Hydroxy-5-(hydroxymethyl)-2-methylisonicotinaldehyde, hydrochloride",synonym,CHEBI:131529,Pyridoxal hydrochloride,CHEBI:131529,MAPPED
3-hydroxy-5-(hydroxymethyl)-2-methylpyridine-4-carbaldehyde hydrochloride,synonym,CHEBI:131529,Pyridoxal hydrochloride,CHEBI:131529,MAPPED
3-hydroxy-5-(hydroxymethyl)-2-methylpyridine-4-carboxylic acid,synonym,CHEBI:17405,4-Pyridoxic acid,CHEBI:17405,MAPPED
3-hydroxy-L-phenylalanine,synonym,cas:587-33-7,L-Meta-tyrosine,CHEBI:44303,MAPPED
3-hydroxybenzoate,preferred_term,CHEBI:16193,3-hydroxybenzoate,CHEBI:16193,MAPPED
3-Hydroxybenzoic acid,preferred_term,CHEBI:30764,3-Hydroxybenzoic acid,CHEBI:30764,MAPPED
3-hydroxybutanoic acid,synonym,CHEBI:20067,3-hydroxybutyric acid,CHEBI:20067,MAPPED
3-hydroxybutanoic acid,synonym,cas:29435-48-1,Poly(3-hydroxybutyric acid),CHEBI:20067,MAPPED
3-Hydroxybutanoic acid homopolymer,synonym,CHEBI:53389,Poly(3-hydroxybutyrate),CHEBI:53389,MAPPED
3-hydroxybutyrate,preferred_term,CHEBI:37054,3-hydroxybutyrate,CHEBI:37054,MAPPED
3-hydroxybutyric acid,preferred_term,CHEBI:20067,3-hydroxybutyric acid,CHEBI:20067,MAPPED
3-Hydroxydecanoic acid,preferred_term,CHEBI:132983,3-Hydroxydecanoic acid,CHEBI:132983,MAPPED
3-Hydroxyhexanoic acid,preferred_term,CHEBI:37035,3-Hydroxyhexanoic acid,CHEBI:37035,MAPPED
3-hydroxypropanoate,synonym,CHEBI:16510,3-Hydroxypropionate,CHEBI:16510,MAPPED
3-Hydroxypropionate,preferred_term,CHEBI:16510,3-Hydroxypropionate,CHEBI:16510,MAPPED
3-hydroxysalicylic acid,synonym,CHEBI:18026,"2,3-dihydroxybenzoic acid",CHEBI:18026,MAPPED
3-Indolyl acetic acid,preferred_term,CHEBI:16411,3-Indolyl acetic acid,CHEBI:16411,MAPPED
"3-methoxy-2-phenyluro[2,3-h]chromen-4-one",synonym,CHEBI:166631,Karanjin,CHEBI:166631,MAPPED
"3-methyl-1,4-naphthoquinone",synonym,CHEBI:28869,Menadione,CHEBI:28869,MAPPED
3-methyl-1-butanol,preferred_term,CHEBI:15837,3-methyl-1-butanol,CHEBI:15837,MAPPED
3-methyl-2-butenol,preferred_term,CHEBI:16019,3-methyl-2-butenol,CHEBI:16019,MAPPED
3-Methyl-2-Oxobutanoic Acid,preferred_term,CHEBI:16530,3-Methyl-2-Oxobutanoic Acid,CHEBI:16530,MAPPED
3-Methyl-2-oxobutanoic acid sodium salt,preferred_term,CHEBI:189431,3-Methyl-2-oxobutanoic acid sodium salt,CHEBI:189431,MAPPED
3-methyl-2-oxopentanoic acid,preferred_term,CHEBI:35932,3-methyl-2-oxopentanoic acid,CHEBI:35932,MAPPED
3-methyl-3-butenol,preferred_term,CHEBI:62898,3-methyl-3-butenol,CHEBI:62898,MAPPED
3-Methyl-butyric acid,synonym,CHEBI:28484,Isovaleric acid,CHEBI:28484,MAPPED
3-methyl-n-butyric acid,synonym,CHEBI:28484,Isovaleric acid,CHEBI:28484,MAPPED
3-methylacetate,preferred_term,UNMAPPED_0736,3-methylacetate,,UNMAPPED
3-methylacrylate,synonym,CHEBI:35899,Na-crotonate,CHEBI:35899,MAPPED
"3-methylbenzene-1,2-diol",synonym,CHEBI:18404,3-Methylcatechol,CHEBI:18404,MAPPED
3-methylbut-2-en-1-ol,synonym,CHEBI:16019,3-methyl-2-butenol,CHEBI:16019,MAPPED
3-methylbut-3-en-1-ol,synonym,CHEBI:62898,3-methyl-3-butenol,CHEBI:62898,MAPPED
3-methylbutan-1-ol,synonym,CHEBI:15837,3-methyl-1-butanol,CHEBI:15837,MAPPED
3-Methylbutanoic acid,synonym,CHEBI:28484,Isovaleric acid,CHEBI:28484,MAPPED
3-Methylbuttersaeure,synonym,CHEBI:28484,Isovaleric acid,CHEBI:28484,MAPPED
3-Methylbutyric acid,synonym,CHEBI:28484,Isovaleric acid,CHEBI:28484,MAPPED
3-Methylcatechol,preferred_term,CHEBI:18404,3-Methylcatechol,CHEBI:18404,MAPPED
3-methylglucose,synonym,CHEBI:73918,3-O-methyl-glucose,CHEBI:73918,MAPPED
3-Methylglutaric acid,preferred_term,CHEBI:68566,3-Methylglutaric acid,CHEBI:68566,MAPPED
3-methylpentanedioic acid,synonym,CHEBI:68566,3-Methylglutaric acid,CHEBI:68566,MAPPED
3-morpholin-4-ylpropane-1-sulfonic acid,synonym,CHEBI:44115,3-(N-morpholino)propanesulfonic acid,CHEBI:44115,MAPPED
3-morpholinopropanesulfonic acid,synonym,CHEBI:44115,3-(N-morpholino)propanesulfonic acid,CHEBI:44115,MAPPED
3-nitropropanoate,preferred_term,CHEBI:59899,3-nitropropanoate,CHEBI:59899,MAPPED
3-O-methyl Alpha-D-glucopyranoside,preferred_term,UNMAPPED_0671,3-O-methyl Alpha-D-glucopyranoside,,UNMAPPED
3-O-Methyl-D-glucopyranose,preferred_term,cas:13224-94-7,3-O-Methyl-D-glucopyranose,cas:13224-94-7,MAPPED
3-O-methyl-glucose,preferred_term,CHEBI:73918,3-O-methyl-glucose,CHEBI:73918,MAPPED
3-O-methylgallate,preferred_term,CHEBI:28647,3-O-methylgallate,CHEBI:28647,MAPPED
3-octanone,preferred_term,CHEBI:80946,3-octanone,CHEBI:80946,MAPPED
3-oxo-N-(2-oxotetrahydrofuran-3-yl)hexanamide,synonym,CHEBI:29640,N-(3-oxohexanoyl)-DL-homoserine lactone,CHEBI:29640,MAPPED
3-phenyl-L-alanine,synonym,CHEBI:17295,L-Phenylalanine,CHEBI:17295,MAPPED
3-phenylprop-2-enoic acid,synonym,CHEBI:27386,Cinnamic acid,CHEBI:27386,MAPPED
3-Phenylpropanoic acid,synonym,CHEBI:28631,Phenyl propionic acid,CHEBI:28631,MAPPED
3-phenylpropionate,preferred_term,CHEBI:51057,3-phenylpropionate,CHEBI:51057,MAPPED
3-phytylmenadione,synonym,CHEBI:18067,Vitamin K1,CHEBI:18067,MAPPED
3-pyridinecarboxamide,synonym,CHEBI:17154,Nicotinamide,CHEBI:17154,MAPPED
3-pyridinecarboxylic acid,synonym,CHEBI:15940,Nicotinic acid,CHEBI:15940,MAPPED
3-Pyridinesulfonic acid,preferred_term,cas:636-73-7,3-Pyridinesulfonic acid,cas:636-73-7,MAPPED
3-Pyridylcarboxylic acid,synonym,CHEBI:15940,Nicotinic acid,CHEBI:15940,MAPPED
3-trehalosamine,preferred_term,CHEBI:223561,3-trehalosamine,CHEBI:223561,MAPPED
3-trichloropropane,preferred_term,CHEBI:34036,3-trichloropropane,CHEBI:34036,MAPPED
3-xylene,synonym,CHEBI:28488,m-Xylene,CHEBI:28488,MAPPED
"30-hydroxy-11,30-dioxoolean-12-en-3beta-yl (2-O-beta-D-glucopyranosyluronic acid)-alpha-D-glucopyranosiduronic acid",synonym,CHEBI:15939,"Glycyrrhizic Acid, Ammonium Salt",CHEBI:15939,MAPPED
3[N-MORPHOLINO]PROPANE SULFONIC ACID,synonym,CHEBI:44115,3-(N-morpholino)propanesulfonic acid,CHEBI:44115,MAPPED
"3alpha,12alpha-dihydroxy-5beta-cholan-24-oic acid",synonym,CHEBI:28834,Deoxycholic acid,CHEBI:28834,MAPPED
"3alpha,4alpha,5beta-trihydroxy-1-cyclohexene-1-carboxylic acid",synonym,CHEBI:16119,Shikimic Acid,CHEBI:16119,MAPPED
"3alpha,7alpha,12alpha-trihydroxy-5beta-cholan-24-oic acid",synonym,CHEBI:16359,Cholic acid,CHEBI:16359,MAPPED
"3alpha,7alpha-dihydroxy-5beta-cholan-24-oic acid",synonym,CHEBI:16755,Chenodeoxycholic acid,CHEBI:16755,MAPPED
3alpha-hydroxy-5beta-cholan-24-oic acid,synonym,CHEBI:16325,Lithocholic acid,CHEBI:16325,MAPPED
"3beta,12beta,14-trihydroxy-5beta-card-20(22)-enolide",synonym,CHEBI:42098,Digoxigenin,CHEBI:42098,MAPPED
3beta-hydroxy-5alpha-androstan-17-one,synonym,CHEBI:541975,Epiandrosterone,CHEBI:541975,MAPPED
3Beta-Hydroxydeoxodihydrodeoxygedunin,preferred_term,UNMAPPED_0195,3Beta-Hydroxydeoxodihydrodeoxygedunin,,UNMAPPED
4 Carbon Mix,preferred_term,UNMAPPED_0253,4 Carbon Mix,,UNMAPPED
4'-Methoxyflavone,preferred_term,cas:4143-74-2,4'-Methoxyflavone,CHEBI:114194,MAPPED
"4,4'-(1,1-dioxido-3H-2,1-benzoxathiole-3,3-diyl)diphenol",synonym,CHEBI:31991,Phenol red,CHEBI:31991,MAPPED
"4,4'-(2,9-dimethyl-1,10-phenanthroline-4,7-diyl)dibenzenesulfonic acid",synonym,cas:52698-84-7,Bathocuproine disulfonic acid disodium salt,CHEBI:63934,MAPPED
"4,4'-(3H-2,1-Benzoxathiol-3-ylidene)bis(2-bromo-3-methyl-6-(1-methylethyl)phenol) S,S-dioxide",synonym,CHEBI:86155,Bromothymol blue,CHEBI:86155,MAPPED
"4,4'-(3H-2,1-benzoxathiol-3-ylidene)bisphenol S,S-dioxide",synonym,CHEBI:31991,Phenol red,CHEBI:31991,MAPPED
"4,4'-Dimethoxydalbergione",preferred_term,UNMAPPED_0194,"4,4'-Dimethoxydalbergione",,UNMAPPED
"4,5-bis(hydroxymethyl)-2-methyl-pyridin-3-ol",synonym,CHEBI:16709,Pyridoxine,CHEBI:16709,MAPPED
"4,5-bis(hydroxymethyl)-2-methylpyridin-3-ol",synonym,CHEBI:16709,Pyridoxine,CHEBI:16709,MAPPED
"4,5-bis(hydroxymethyl)-2-methylpyridin-3-ol hydrochloride",synonym,CHEBI:30961,Pyridoxine hydrochloride,CHEBI:30961,MAPPED
4-(1H-indol-3-yl)butanoic acid,synonym,CHEBI:33070,Indole-3-butyric acid,CHEBI:33070,MAPPED
4-(2-Hydroxyethyl)-1-piperazineethane sulfonic acid,synonym,CHEBI:46756,HEPES,CHEBI:46756,MAPPED
4-(2-hydroxyethyl)-2-methoxyphenol,synonym,CHEBI:173769,homovanillyl alcohol,CHEBI:173769,MAPPED
4-(alpha-D-glucosido)-D-glucose,synonym,CHEBI:17306,Maltose,CHEBI:17306,MAPPED
4-(AMINOMETHYL)-5-(HYDROXYMETHYL)-2-METHYLPYRIDIN-3-OL,synonym,CHEBI:16410,Pyridoxamine,CHEBI:16410,MAPPED
4-(aminomethyl)-5-(hydroxymethyl)-2-methylpyridin-3-ol dihydrochloride,synonym,CHEBI:131532,Pyridoxamine Dihydrochloride,CHEBI:131532,MAPPED
4-(aminomethyl)-5-(hydroxymethyl)-2-methylpyridin-3-ol hydrochloride,synonym,CHEBI:131531,Pyridoxamine hydrochloride,CHEBI:131531,MAPPED
4-(Aminomethyl)-5-hydroxy-6-methyl-3-pyridinemethanol dihydrochloride,synonym,CHEBI:131532,Pyridoxamine Dihydrochloride,CHEBI:131532,MAPPED
4-(Aminomethyl)-5-hydroxy-6-methyl-3-pyridinemethanol hydrochloride,synonym,CHEBI:131531,Pyridoxamine hydrochloride,CHEBI:131531,MAPPED
4-(azaniumylmethyl)-3-hydroxy-5-(hydroxymethyl)-2-methylpyridin-1-ium dichloride,synonym,CHEBI:131532,Pyridoxamine Dihydrochloride,CHEBI:131532,MAPPED
4-(beta-D-galactosido)-D-glucose,synonym,CHEBI:17716,Lactose,CHEBI:17716,MAPPED
4-(beta-D-glucosido)-D-glucose,synonym,CHEBI:17057,Cellobiose,CHEBI:17057,MAPPED
4-(carbamimidamido)butanoic acid,synonym,CHEBI:15728,4-Guanidinobutyric acid,CHEBI:15728,MAPPED
4-(hydroxymethyl)-2-methoxyphenol,synonym,CHEBI:18353,Vanillyl Alcohol,CHEBI:18353,MAPPED
4-(prop-1-en-2-yl)cyclohex-1-ene-1-carboxylic acid,synonym,CHEBI:36999,Perillic Acid (-),CHEBI:36999,MAPPED
4-2-hydroxyethyl-1-piperazineethanesulfonic acid,synonym,CHEBI:46756,HEPES,CHEBI:46756,MAPPED
4-[(1E)-3-hydroxyprop-1-en-1-yl]-2-methoxyphenol,synonym,CHEBI:17745,coniferyl alcohol,CHEBI:17745,MAPPED
"4-[(1R)-1-hydroxy-2-(methylamino)ethyl]benzene-1,2-diol",synonym,CHEBI:28918,(-)-Epinephrine,CHEBI:28918,MAPPED
"4-[(1R)-2-amino-1-hydroxyethyl]benzene-1,2-diol",synonym,CHEBI:18357,(-)-Norepinephrine,CHEBI:18357,MAPPED
"4-[(2R,3S)-4-(3,4-dihydroxyphenyl)-2,3-dimethylbutyl]benzene-1,2-diol",synonym,CHEBI:73468,Nordihydroguaretic Acid,CHEBI:73468,MAPPED
"4-[(E)-2-(3,5-dimethoxyphenyl)ethenyl]phenol",synonym,CHEBI:8630,Pterostilbene,CHEBI:8630,MAPPED
4-Acetoxy-3-methoxycinnamic acid,preferred_term,CHEBI:86582,4-Acetoxy-3-methoxycinnamic acid,CHEBI:86582,MAPPED
4-acetoxyphenol,preferred_term,CHEBI:31128,4-acetoxyphenol,CHEBI:31128,MAPPED
"4-amino-1-beta-D-ribofuranosyl-1,3,5-triazin-2(1H)-one",synonym,CHEBI:2038,5-Azacytidine,CHEBI:2038,MAPPED
4-AMINO-1-BETA-D-RIBOFURANOSYL-2(1H)-PYRIMIDINONE,synonym,CHEBI:17562,Cytidine,CHEBI:17562,MAPPED
4-amino-1-beta-D-ribofuranosylpyrimidin-2(1H)-one,synonym,CHEBI:17562,Cytidine,CHEBI:17562,MAPPED
4-amino-1beta-D-ribofuranosyl-2(1H)-pyrimidinone,synonym,CHEBI:17562,Cytidine,CHEBI:17562,MAPPED
4-amino-2(1H)-pyrimidinone,synonym,CHEBI:16040,Cytosine,CHEBI:16040,MAPPED
"4-amino-2-hydroxy-N,N,N-trimethyl-4-oxobutan-1-aminium chloride",synonym,kgmicrobe.compound:carnitine_hydrochloride,Carnitine Hydrochloride,CHEBI:17126,MAPPED
4-amino-2-hydroxybenzoic acid,synonym,CHEBI:27565,para-aminosalicylic acid,CHEBI:27565,MAPPED
4-amino-2-hydroxypyrimidine,synonym,CHEBI:16040,Cytosine,CHEBI:16040,MAPPED
4-Amino-benzoic acid,synonym,CHEBI:30753,p-Aminobenzoic acid,CHEBI:30753,MAPPED
"4-amino-N-(5-methyl-1,2-oxazol-3-yl)benzenesulfonamide",synonym,CHEBI:9332,Sulfamethoxazole,CHEBI:9332,MAPPED
"4-amino-N-(5-methyl-1,3,4-thiadiazol-2-yl)benzenesulfonamide",synonym,CHEBI:9331,Sulfamethizole,CHEBI:9331,MAPPED
4-aminobenzenesulfonamide,synonym,CHEBI:45373,Sulfanilamide,CHEBI:45373,MAPPED
4-Aminobenzoate,preferred_term,CHEBI:17836,4-Aminobenzoate,CHEBI:17836,MAPPED
4-Aminobenzoesaeure,synonym,CHEBI:30753,p-Aminobenzoic acid,CHEBI:30753,MAPPED
4-Aminobenzoic Acid,synonym,CHEBI:30753,p-Aminobenzoic acid,CHEBI:30753,MAPPED
4-Aminobutanoic acid,synonym,CHEBI:16865,gamma-Aminobutyric acid,CHEBI:16865,MAPPED
4-aminobutyrate,preferred_term,CHEBI:30566,4-aminobutyrate,CHEBI:30566,MAPPED
4-Aminobutyric acid,synonym,CHEBI:16865,gamma-Aminobutyric acid,CHEBI:16865,MAPPED
4-aminopyrimidin-2(1H)-one,synonym,CHEBI:16040,Cytosine,CHEBI:16040,MAPPED
4-aminovalerate,synonym,CHEBI:15887,5-Aminovaleric acid,CHEBI:15887,MAPPED
4-aminovaleric acid,synonym,CHEBI:15887,5-Aminovaleric acid,CHEBI:15887,MAPPED
4-Anisaldehyde,preferred_term,CHEBI:28235,4-Anisaldehyde,CHEBI:28235,MAPPED
4-azaoctamethylenediamine,synonym,CHEBI:16610,spermidine,CHEBI:16610,MAPPED
"4-azaoctane-1,8-diamine",synonym,CHEBI:16610,spermidine,CHEBI:16610,MAPPED
4-azido-L-phenylalanine,preferred_term,CHEBI:228211,4-azido-L-phenylalanine,CHEBI:228211,MAPPED
4-benzoyl-L-phenylalanine,preferred_term,CHEBI:44718,4-benzoyl-L-phenylalanine,CHEBI:44718,MAPPED
4-beta-D-glucopyranosyl-D-glucopyranose,synonym,CHEBI:17057,Cellobiose,CHEBI:17057,MAPPED
4-carbamimidamidobutanoic acid,synonym,CHEBI:15728,4-Guanidinobutyric acid,CHEBI:15728,MAPPED
4-Carboxyaniline,synonym,CHEBI:30753,p-Aminobenzoic acid,CHEBI:30753,MAPPED
4-carboxyphenol,synonym,CHEBI:30763,4-Hydroxybenzoic acid,CHEBI:30763,MAPPED
4-Carboxyphenylamine,synonym,CHEBI:30753,p-Aminobenzoic acid,CHEBI:30753,MAPPED
4-coumarate,preferred_term,CHEBI:32373,4-coumarate,CHEBI:32373,MAPPED
4-Deoxypyridoxine,preferred_term,CHEBI:65083,4-Deoxypyridoxine,CHEBI:65083,MAPPED
4-Diamino-6,preferred_term,UNMAPPED_0620,4-Diamino-6,,NEEDS_EXPERT
4-dihydroxy-biphenyl,preferred_term,UNMAPPED_0790,4-dihydroxy-biphenyl,,UNMAPPED
4-diol,preferred_term,UNMAPPED_0791,4-diol,,NEEDS_EXPERT
4-ethenylphenol,synonym,CHEBI:1883,4-vinylphenol,CHEBI:1883,MAPPED
4-formyl-3-hydroxy-5-(hydroxymethyl)-2-methylpyridin-1-ium chloride,synonym,CHEBI:131529,Pyridoxal hydrochloride,CHEBI:131529,MAPPED
4-guanidinobutanoic acid,synonym,CHEBI:15728,4-Guanidinobutyric acid,CHEBI:15728,MAPPED
4-Guanidinobutyric acid,preferred_term,CHEBI:15728,4-Guanidinobutyric acid,CHEBI:15728,MAPPED
"4-hydroxy-3,5-dimethoxybenzaldehyde",synonym,CHEBI:67380,syringaldehyde,CHEBI:67380,MAPPED
"4-hydroxy-3,5-dimethoxybenzoic acid",synonym,CHEBI:68329,Syringic Acid,CHEBI:68329,MAPPED
4-Hydroxy-3-methoxybenzaldehyde,synonym,CHEBI:18346,Vanillin,CHEBI:18346,MAPPED
4-Hydroxy-3-methoxybenzoic acid,synonym,CHEBI:30816,Vanillic Acid,CHEBI:30816,MAPPED
4-hydroxy-L-phenylalanine,synonym,CHEBI:17895,L-Tyrosine,CHEBI:17895,MAPPED
4-hydroxy-L-proline,preferred_term,CHEBI:18240,4-hydroxy-L-proline,CHEBI:18240,MAPPED
4-Hydroxyacetophenone,preferred_term,CHEBI:28032,4-Hydroxyacetophenone,CHEBI:28032,MAPPED
4-Hydroxybenzaldehyde,preferred_term,CHEBI:17597,4-Hydroxybenzaldehyde,CHEBI:17597,MAPPED
4-hydroxybenzoate,synonym,CHEBI:17879,p-Hydroxybenzoate,CHEBI:17879,MAPPED
4-Hydroxybenzoic acid,preferred_term,CHEBI:30763,4-Hydroxybenzoic acid,CHEBI:30763,MAPPED
4-Hydroxybutanoic acid,synonym,CHEBI:30830,4-hydroxybutyric acid,CHEBI:30830,MAPPED
4-hydroxybutyrate,preferred_term,CHEBI:16724,4-hydroxybutyrate,CHEBI:16724,MAPPED
4-hydroxybutyric acid,preferred_term,CHEBI:30830,4-hydroxybutyric acid,CHEBI:30830,MAPPED
4-hydroxychalcone,preferred_term,CHEBI:34423,4-hydroxychalcone,CHEBI:34423,MAPPED
4-Hydroxymandelic acid monohydrate,preferred_term,cas:184901-84-6,4-Hydroxymandelic acid monohydrate,CHEBI:16388,MAPPED
4-Hydroxynonanoic acid,preferred_term,CHEBI:165411,4-Hydroxynonanoic acid,CHEBI:165411,MAPPED
4-hydroxynonanoic acid,synonym,CHEBI:165411,4-Hydroxynonanoic acid,CHEBI:165411,MAPPED
4-Hydroxynonenal,preferred_term,CHEBI:142593,4-Hydroxynonenal,CHEBI:142593,MAPPED
4-Hydroxyphenyl acetic acid,preferred_term,CHEBI:18101,4-Hydroxyphenyl acetic acid,CHEBI:18101,MAPPED
4-Hydroxyphenylacetate,synonym,CHEBI:18101,4-Hydroxyphenyl acetic acid,CHEBI:18101,MAPPED
4-Hydroxyphenylpropionic acid,preferred_term,CHEBI:32980,4-Hydroxyphenylpropionic acid,CHEBI:32980,MAPPED
"4-methoxy-7-methyl-5H-furo[3,2-g]chromen-5-one",synonym,CHEBI:10002,Visnagin,CHEBI:10002,MAPPED
"4-methoxy-7H-furo[3,2-g]chromen-7-one",synonym,CHEBI:18293,Bergapten,CHEBI:18293,MAPPED
4-methoxybenzaldehyde,synonym,CHEBI:28235,4-Anisaldehyde,CHEBI:28235,MAPPED
4-methyl-1H-imidazole,synonym,CHEBI:40035,4-Methylimidazole,CHEBI:40035,MAPPED
4-Methyl-2-oxopentanoate,synonym,CHEBI:48430,4-Methyl-2-oxovaleric acid,CHEBI:48430,MAPPED
4-Methyl-2-oxopentanoate,synonym,cas:4502-00-5,4-Methyl-2-oxopentanoic acid sodium salt,CHEBI:48430,MAPPED
4-Methyl-2-oxopentanoic acid sodium salt,preferred_term,cas:4502-00-5,4-Methyl-2-oxopentanoic acid sodium salt,CHEBI:48430,MAPPED
4-Methyl-2-oxovaleric acid,preferred_term,CHEBI:48430,4-Methyl-2-oxovaleric acid,CHEBI:48430,MAPPED
4-Methylimidazole,preferred_term,CHEBI:40035,4-Methylimidazole,CHEBI:40035,MAPPED
4-methylumbelliferone Beta-d-glucuronide,preferred_term,CHEBI:1904,4-methylumbelliferone Beta-d-glucuronide,CHEBI:1904,MAPPED
4-morpholineethanesulfonic acid,synonym,CHEBI:39005,MES [2-(N-morpholino) ethane sulfonic acid],CHEBI:39005,MAPPED
"4-Morpholineethanesulfonic acid, sodium salt",synonym,CHEBI:62955,MES sodium salt,CHEBI:62955,MAPPED
"4-Morpholineethanesulfonic acid, sodium salt (1:1)",synonym,CHEBI:62955,MES sodium salt,CHEBI:62955,MAPPED
4-morpholinethanesulfonic acid,synonym,CHEBI:39005,MES [2-(N-morpholino) ethane sulfonic acid],CHEBI:39005,MAPPED
4-nitrophenyl 6-O-phosphono-beta-D-galactoside,preferred_term,CHEBI:90128,4-nitrophenyl 6-O-phosphono-beta-D-galactoside,CHEBI:90128,MAPPED
4-nitrophenyl Alpha-D-galactoside,preferred_term,CHEBI:546840,4-nitrophenyl Alpha-D-galactoside,CHEBI:546840,MAPPED
4-nitrophenyl Alpha-D-glucopyranoside,preferred_term,CHEBI:91122,4-nitrophenyl Alpha-D-glucopyranoside,CHEBI:91122,MAPPED
4-nitrophenyl beta-D-galactopyranoside,preferred_term,CHEBI:355715,4-nitrophenyl beta-D-galactopyranoside,CHEBI:355715,MAPPED
4-nitrophenyl Beta-D-galactopyranoside Hydrolysate,preferred_term,UNMAPPED_0651,4-nitrophenyl Beta-D-galactopyranoside Hydrolysate,,UNMAPPED
4-nitrophenyl Beta-D-glucopyranoside,preferred_term,CHEBI:90259,4-nitrophenyl Beta-D-glucopyranoside,CHEBI:90259,MAPPED
4-nitrophenyl Beta-D-glucuronide,preferred_term,CHEBI:90146,4-nitrophenyl Beta-D-glucuronide,CHEBI:90146,MAPPED
4-nitrophenyl Beta-D-xylopyranoside,preferred_term,CHEBI:90148,4-nitrophenyl Beta-D-xylopyranoside,CHEBI:90148,MAPPED
4-nitrophenyl N-acetyl-beta-D-glucosaminide,preferred_term,CHEBI:90343,4-nitrophenyl N-acetyl-beta-D-glucosaminide,CHEBI:90343,MAPPED
4-nitrophenyl Phosphate,preferred_term,CHEBI:17440,4-nitrophenyl Phosphate,CHEBI:17440,MAPPED
4-nitrophenyl-beta-D-galactopyranoside,synonym,CHEBI:355715,4-nitrophenyl beta-D-galactopyranoside,CHEBI:355715,MAPPED
4-O-alpha-D-glucopyranosyl-alpha-D-glucopyranose,synonym,CHEBI:17306,Maltose,CHEBI:17306,MAPPED
4-O-alpha-D-glucopyranosyl-D-glucopyranose,synonym,CHEBI:17306,Maltose,CHEBI:17306,MAPPED
4-O-beta-D-galactopyranosyl-beta-D-fructofuranose,synonym,CHEBI:6359,Lactulose,CHEBI:6359,MAPPED
4-O-beta-D-galactopyranosyl-beta-D-glucopyranose,synonym,CHEBI:17716,Lactose,CHEBI:17716,MAPPED
4-O-beta-D-galactopyranosyl-D-glucitol,synonym,CHEBI:75323,Lactitol,CHEBI:75323,MAPPED
4-O-beta-D-galactopyranosyl-D-glucose,synonym,CHEBI:17716,Lactose,CHEBI:17716,MAPPED
4-O-beta-D-glucopyranosyl-D-glucopyranose,synonym,CHEBI:17057,Cellobiose,CHEBI:17057,MAPPED
4-oxopentanoate,preferred_term,CHEBI:39150,4-oxopentanoate,CHEBI:39150,MAPPED
4-Pyridoxic acid,preferred_term,CHEBI:17405,4-Pyridoxic acid,CHEBI:17405,MAPPED
"4-ureido-2,5-imidazolidinedione",synonym,CHEBI:15676,Allantoin,CHEBI:15676,MAPPED
4-vinylphenol,preferred_term,CHEBI:1883,4-vinylphenol,CHEBI:1883,MAPPED
"4-{(2R)-2-[(1S,3S,5S)-3,5-dimethyl-2-oxocyclohexyl]-2-hydroxyethyl}piperidine-2,6-dione",synonym,CHEBI:27641,Cycloheximid,CHEBI:27641,MAPPED
"4-{[4-(dimethylamino)phenyl](phenyl)methylene}-N,N-dimethylcyclohexa-2,5-dien-1-iminium chloride",synonym,CHEBI:72449,Malachite green,CHEBI:72449,MAPPED
"4-{bis[4-(dimethylamino)phenyl]methylene}-N,N-dimethylcyclohexa-2,5-dien-1-iminium chloride",synonym,CHEBI:41688,Crystal Violet,CHEBI:41688,MAPPED
4:0,synonym,CHEBI:30772,Butyric acid,CHEBI:30772,MAPPED
4Abu,synonym,CHEBI:16865,gamma-Aminobutyric acid,CHEBI:16865,MAPPED
"4alpha,10beta-bis(acetyloxy)-13alpha-[(2S,3S)-3-benzamido-2-hydroxy-3-phenylpropanoyloxy]-1,7beta-dihydroxy-9-oxo-5beta,20-epoxytax-11-en-2alpha-yl benzoate",synonym,CHEBI:45863,Paclitaxel,CHEBI:45863,MAPPED
4h-pyran-4-one,preferred_term,CHEBI:37966,4h-pyran-4-one,CHEBI:37966,MAPPED
"5',5""""-dibromo-o-cresolsulfophthalein",synonym,CHEBI:86154,Bromocresol purple,CHEBI:86154,MAPPED
5'-cytidylic acid,synonym,CHEBI:17361,Cytidine 5'-Monophosphate,CHEBI:17361,MAPPED
5'-deoxy-5'-(methylsulfanyl)adenosine,synonym,CHEBI:17509,5'-Deoxy-5'-(methylthio)adenosine,CHEBI:17509,MAPPED
5'-Deoxy-5'-(methylthio)adenosine,preferred_term,CHEBI:17509,5'-Deoxy-5'-(methylthio)adenosine,CHEBI:17509,MAPPED
5'-deoxy-5-fluoro-N-[(pentyloxy)carbonyl]cytidine,synonym,CHEBI:31348,Capecitabine,CHEBI:31348,MAPPED
5'-Deoxy-5-fluorocytidine,preferred_term,CHEBI:80627,5'-Deoxy-5-fluorocytidine,CHEBI:80627,MAPPED
"5,6,7,8-tetramethoxy-2-(4-methoxyphenyl)-4H-chromen-4-one",synonym,CHEBI:9400,Tangeritin,CHEBI:9400,MAPPED
"5,6,7-trihydroxy-2-phenyl-4H-chromen-4-one",synonym,CHEBI:2979,Baicalein,CHEBI:2979,MAPPED
"5,6-dihydro-5-azathymidine",preferred_term,mesh:C014480,"5,6-dihydro-5-azathymidine",mesh:C014480,MAPPED
"5,6-dihydroxy-2-(4-hydroxyphenyl)-4-oxo-4H-chromen-7-yl beta-D-glucopyranosiduronic acid",synonym,CHEBI:66870,Sodium dithionite,CHEBI:66870,MAPPED
"5,6-dihydroxy-2-(4-hydroxyphenyl)-4-oxo-4H-chromen-7-yl beta-D-glucopyranosiduronic acid",synonym,CHEBI:61278,Na2S2O4,CHEBI:61278,REJECTED
"5,7,4'-Trimethoxyisoflavone",preferred_term,cas:1162-82-9,"5,7,4'-Trimethoxyisoflavone",cas:1162-82-9,MAPPED
"5,7-dihydroxy-2-(4-hydroxyphenyl)-2,3-dihydro-4H-chromen-4-one",synonym,CHEBI:50202,Naringenin,CHEBI:50202,MAPPED
"5,7-dihydroxy-2-(4-hydroxyphenyl)-4H-chromen-4-one",synonym,CHEBI:18388,Apigenin,CHEBI:18388,MAPPED
"5,7-dihydroxy-2-(4-methoxyphenyl)-4H-chromen-4-one",synonym,CHEBI:15335,Acacetin,CHEBI:15335,MAPPED
"5-(1,2-dithiolan-3-yl)pentanoic acid",synonym,CHEBI:16494,(DL)-alpha-Lipoic acid,CHEBI:16494,MAPPED
"5-(1,2-dithiolan-3-yl)valeric acid",synonym,CHEBI:16494,(DL)-alpha-Lipoic acid,CHEBI:16494,MAPPED
"5-(2-oxohexahydro-1H-thieno[3,4-d]imidazol-4-yl)pentanoic acid",synonym,CHEBI:15956,Biotin,CHEBI:15956,MAPPED
5-(2-thienyl)-pentanoic acid,preferred_term,cas:21010-06-0,5-(2-thienyl)-pentanoic acid,cas:21010-06-0,MAPPED
"5-(3,4,5-trimethoxybenzyl)pyrimidine-2,4-diamine",synonym,CHEBI:45924,Trimethoprim,CHEBI:45924,MAPPED
"5-(4-chlorophenyl)-6-ethylpyrimidine-2,4-diamine",synonym,CHEBI:8673,Pyrimethamine,CHEBI:8673,MAPPED
5-(dithiolan-3-yl)valeric acid,synonym,CHEBI:16494,(DL)-alpha-Lipoic acid,CHEBI:16494,MAPPED
"5-(hydroxymethyl)-2,4-dimethylpyridin-3-ol",synonym,CHEBI:65083,4-Deoxypyridoxine,CHEBI:65083,MAPPED
5-(hydroxymethyl)-4-(methoxymethyl)-2-methylpyridin-3-ol,synonym,CHEBI:166575,Ginkgotoxin,CHEBI:166575,MAPPED
5-(hydroxymethyl)furan-2-carbaldehyde,synonym,CHEBI:412516,5-Hydroxymethylfurfural,CHEBI:412516,MAPPED
"5-[(3aS,4S,6aR)-2-oxohexahydro-1H-thieno[3,4-d]imidazol-4-yl]pentanoic acid",synonym,CHEBI:15956,Biotin,CHEBI:15956,MAPPED
"5-[(3R)-1,2-dithiolan-3-yl]pentanoic acid",synonym,CHEBI:30314,Thioctic acid,CHEBI:30314,MAPPED
"5-[(3S)-1,2-dithiolan-3-yl]pentanoic acid",synonym,CHEBI:43796,α-lipoic acid,CHEBI:43796,MAPPED
"5-[2-(4-hydroxyphenyl)ethenyl]benzene-1,3-diol",synonym,CHEBI:27881,Resveratrol,CHEBI:27881,MAPPED
"5-[3-(1,2-dithiolanyl)]pentanoic acid",synonym,CHEBI:16494,(DL)-alpha-Lipoic acid,CHEBI:16494,MAPPED
"5-acetamido-3,5-dideoxy-D-glycero-D-galacto-non-2-ulopyranosonic acid",synonym,CHEBI:17012,N-acetylneuraminic acid,CHEBI:17012,MAPPED
"5-allyl-1,3-benzodioxole",synonym,CHEBI:8994,Safrole,CHEBI:8994,MAPPED
5-Amino-4-oxopentanoate,synonym,CHEBI:17549,5-Aminolevulinic acid,CHEBI:17549,MAPPED
5-amino-4-oxopentanoic acid,synonym,CHEBI:17549,5-Aminolevulinic acid,CHEBI:17549,MAPPED
"5-amino-6-(7-amino-6-methoxy-5,8-dioxo-5,8-dihydroquinolin-2-yl)-4-(2-hydroxy-3,4-dimethoxyphenyl)-3-methylpyridine-2-carboxylic acid",synonym,CHEBI:9287,Streptonigrin,CHEBI:9287,MAPPED
5-amino-n-valeric acid,synonym,CHEBI:15887,5-Aminovaleric acid,CHEBI:15887,MAPPED
5-Aminolevulinic acid,preferred_term,CHEBI:17549,5-Aminolevulinic acid,CHEBI:17549,MAPPED
5-Aminopentanoate,synonym,CHEBI:15887,5-Aminovaleric acid,CHEBI:15887,MAPPED
5-Aminopentanoic acid,synonym,CHEBI:15887,5-Aminovaleric acid,CHEBI:15887,MAPPED
5-Aminovaleric acid,preferred_term,CHEBI:15887,5-Aminovaleric acid,CHEBI:15887,MAPPED
5-Azacytidine,preferred_term,CHEBI:2038,5-Azacytidine,CHEBI:2038,MAPPED
"5-chloro-2-(2,4-dichlorophenoxy)phenol",synonym,CHEBI:164200,Irgasan,CHEBI:164200,MAPPED
5-dehydro-D-gluconate,preferred_term,CHEBI:58143,5-dehydro-D-gluconate,CHEBI:58143,MAPPED
"5-deoxy-5-(7,8-dimethyl-2,4-dioxo-3,4-dihydrobenzo[g]pteridin-10(2H)-yl)-D-ribitol",synonym,CHEBI:17015,Riboflavin,CHEBI:17015,MAPPED
5-didehydro-D-gluconate,synonym,CHEBI:58143,5-dehydro-D-gluconate,CHEBI:58143,MAPPED
5-didehydro-D-gluconic Acid,preferred_term,UNMAPPED_0792,5-didehydro-D-gluconic Acid,,UNMAPPED
"5-fluoro-2,6-dioxo-1,2,3,6-tetrahydropyrimidine-4-carboxylic acid",synonym,cas:207291-81-4,5-Fluoroorotic acid hydrate,CHEBI:74498,MAPPED
"5-Fluorodihydropyrimidine-2,4-dione",preferred_term,CHEBI:80624,"5-Fluorodihydropyrimidine-2,4-dione",CHEBI:80624,MAPPED
5-Fluoroorotic acid hydrate,preferred_term,cas:207291-81-4,5-Fluoroorotic acid hydrate,CHEBI:74498,MAPPED
"5-fluoropyrimidine-2,4(1H,3H)-dione",synonym,CHEBI:46345,5-fluorouracil,CHEBI:46345,MAPPED
5-fluorouracil,preferred_term,CHEBI:46345,5-fluorouracil,CHEBI:46345,MAPPED
"5-Hydroxy-1,4-naphthoquinone",synonym,CHEBI:15794,Juglone,CHEBI:15794,MAPPED
"5-hydroxy-2-methylnaphthalene-1,4-dione",synonym,CHEBI:8273,Plumbagin,CHEBI:8273,MAPPED
"5-hydroxy-6-methyl-3,4-pyridinedimethanol",synonym,CHEBI:16709,Pyridoxine,CHEBI:16709,MAPPED
"5-hydroxy-6-methyl-3,4-pyridinedimethanol hydrochloride",synonym,CHEBI:30961,Pyridoxine hydrochloride,CHEBI:30961,MAPPED
5-Hydroxydodecanoate,preferred_term,CHEBI:195418,5-Hydroxydodecanoate,CHEBI:195418,MAPPED
5-hydroxydodecanoate,synonym,CHEBI:195418,5-Hydroxydodecanoate,CHEBI:195418,MAPPED
5-hydroxylaurate,synonym,CHEBI:195418,5-Hydroxydodecanoate,CHEBI:195418,MAPPED
5-Hydroxymethylfurfural,preferred_term,CHEBI:412516,5-Hydroxymethylfurfural,CHEBI:412516,MAPPED
5-Hydroxyoctanoate,preferred_term,CHEBI:180039,5-Hydroxyoctanoate,CHEBI:180039,MAPPED
5-hydroxyoctanoic acid,synonym,CHEBI:180039,5-Hydroxyoctanoate,CHEBI:180039,MAPPED
5-hydroxysalicylic acid,synonym,CHEBI:17189,Gentisic acid,CHEBI:17189,MAPPED
5-Keto-D-Gluconic Acid potassium salt,preferred_term,cas:91446-96-7,5-Keto-D-Gluconic Acid potassium salt,CHEBI:26218,MAPPED
5-L-Glutamyl-L-cysteinylglycine,synonym,CHEBI:16856,Glutathione,CHEBI:16856,MAPPED
5-MeBza-Cba,synonym,UNMAPPED_0179,5-methylbenzimidazolyl cobamide,,UNMAPPED
5-methoxybenzimidazolyl cobamide,preferred_term,UNMAPPED_0180,5-methoxybenzimidazolyl cobamide,,UNMAPPED
5-methyl-2'-deoxyuridine,synonym,CHEBI:17748,Thymidine,CHEBI:17748,MAPPED
"5-methyl-2,4(1H,3H)-pyrimidinedione",synonym,CHEBI:17821,Thymine,CHEBI:17821,MAPPED
5-methylbenzimidazolyl cobamide,preferred_term,UNMAPPED_0179,5-methylbenzimidazolyl cobamide,,UNMAPPED
5-methylphenazin-5-ium methyl sulfate,synonym,CHEBI:8055,Phenazine methosulfate,CHEBI:8055,MAPPED
5-methylphenazin-5-ium-1-olate,synonym,CHEBI:8653,Pyocyanin,CHEBI:8653,MAPPED
"5-methylpyrimidine-2,4(1H,3H)-dione",synonym,CHEBI:17821,Thymine,CHEBI:17821,MAPPED
5-Methyluracil,synonym,CHEBI:17821,Thymine,CHEBI:17821,MAPPED
5-methyluridine,preferred_term,CHEBI:45996,5-methyluridine,CHEBI:45996,MAPPED
5-nitroquinolin-8-ol,synonym,CHEBI:67121,8-hydroxy-nitroquinoline,CHEBI:67121,MAPPED
5-oxoproline,preferred_term,CHEBI:16010,5-oxoproline,CHEBI:16010,MAPPED
5-trimethoxybenzoate,preferred_term,UNMAPPED_0737,5-trimethoxybenzoate,,UNMAPPED
"5-Ureido-2,4-imidazolidindione",synonym,CHEBI:15676,Allantoin,CHEBI:15676,MAPPED
5-Ureidohydantoin,synonym,CHEBI:15676,Allantoin,CHEBI:15676,MAPPED
6'-O-sialyllactose sodium salt,preferred_term,cas:157574-76-0,6'-O-sialyllactose sodium salt,CHEBI:26714,MAPPED
6(1H)-purinone,synonym,CHEBI:17368,Hypoxanthine,CHEBI:17368,MAPPED
"6,7-dimethyl-9-D-ribitylisoalloxazine",synonym,CHEBI:17015,Riboflavin,CHEBI:17015,MAPPED
"6,8-thioctic acid",synonym,CHEBI:16494,(DL)-alpha-Lipoic acid,CHEBI:16494,MAPPED
"6,8-thiotic acid",synonym,CHEBI:16494,(DL)-alpha-Lipoic acid,CHEBI:16494,MAPPED
"6-(D-(2-amino-2-phenylacetamido))-3,3-dimethyl-7-oxo-4-thia-1-azabicyclo(3.2.0)heptane-2-carboxylic acid",synonym,CHEBI:28971,Ampicillin,CHEBI:28971,MAPPED
6-Amino-9-beta-D-ribofuranosyl-9H-purine,synonym,CHEBI:16335,Adenosine,CHEBI:16335,MAPPED
6-ammonio-L-norleucine,synonym,CHEBI:18019,L-Lysine,CHEBI:18019,MAPPED
6-butyloxan-2-one,synonym,CHEBI:171747,Delta-Nonalactone,CHEBI:171747,MAPPED
"6-chloro-N-ethyl-N'-(propan-2-yl)-1,3,5-triazine-2,4-diamine",synonym,CHEBI:15930,"2-chloro-4ethylamino-6-isopropylamino-1,3,5-triazine",CHEBI:15930,MAPPED
6-deoxy-alpha-L-galacto-hexopyranosyl-(1->3)-[alpha-D-gluco-hexopyranosyl-(1->4)]-D-galacto-hexopyranose,synonym,cas:150-90-3,Sodium succinate dibasic,CHEBI:15741,MAPPED
6-deoxy-alpha-L-galactopyranosyl-(1->2)-beta-D-galactopyranosyl-(1->4)-D-glucopyranose,synonym,CHEBI:147155,2'-fucosyllactose,CHEBI:147155,MAPPED
6-deoxy-alpha-L-galactopyranosyl-(1->3)-[beta-D-galactopyranosyl-(1->4)]-D-glucopyranose,synonym,cas:41312-47-4,3'-fucosyllactose,CHEBI:90065,MAPPED
"6-deoxy-alpha-L-mannopyranosyl-(1->4)-beta-D-glucopyranosyl-(1->6)-1-O-(2alpha,3beta,23-trihydroxy-28-oxours-12-en-28-yl)-beta-D-glucopyranose",synonym,CHEBI:79928,Asiaticoside,CHEBI:79928,MAPPED
6-deoxy-d-galactose,preferred_term,CHEBI:2179,6-deoxy-d-galactose,CHEBI:2179,MAPPED
6-deoxy-L-galactose,synonym,CHEBI:18287,L-Fucose,CHEBI:18287,MAPPED
6-Deoxygalactose,synonym,CHEBI:33984,Fucose,CHEBI:33984,MAPPED
6-heptyloxan-2-one,synonym,CHEBI:171817,Delta-Dodecalactone,CHEBI:171817,MAPPED
6-hexyloxan-2-one,synonym,CHEBI:171846,Delta-Undecalactone,CHEBI:171846,MAPPED
6-Hydroxyflavone,preferred_term,CHEBI:34472,6-Hydroxyflavone,CHEBI:34472,MAPPED
6-hydroxypyridine-3-carboxylic acid,preferred_term,CHEBI:16168,6-hydroxypyridine-3-carboxylic acid,CHEBI:16168,MAPPED
6-methoxy-2(3H)-benzoxazolone,preferred_term,CHEBI:173101,6-methoxy-2(3H)-benzoxazolone,CHEBI:173101,MAPPED
"6-methoxy-3H-1,3-benzoxazol-2-one",synonym,CHEBI:173101,6-methoxy-2(3H)-benzoxazolone,CHEBI:173101,MAPPED
6-methylnicotinate,preferred_term,UNMAPPED_0320,6-methylnicotinate,,UNMAPPED
6-methylnicotinic acid,synonym,UNMAPPED_0320,6-methylnicotinate,,UNMAPPED
6-O-(alpha-D-Galactopyranosyl)-D-glucopyranose,synonym,CHEBI:28053,Melibiose,CHEBI:28053,MAPPED
6-O-acetyl-D-glucopyranose,synonym,CHEBI:17901,6-O-Acetyl-D-glucose,CHEBI:17901,MAPPED
6-O-Acetyl-D-glucose,preferred_term,CHEBI:17901,6-O-Acetyl-D-glucose,CHEBI:17901,MAPPED
6-O-alpha-D-galactopyranosyl-D-glucopyranose,synonym,CHEBI:28053,Melibiose,CHEBI:28053,MAPPED
6-oxopurine,synonym,CHEBI:17368,Hypoxanthine,CHEBI:17368,MAPPED
6-Pentyl-2H-pyran-2-one,preferred_term,cas:27593-23-3,6-Pentyl-2H-pyran-2-one,CHEBI:66729,MAPPED
6-thioctic acid,synonym,CHEBI:16494,(DL)-alpha-Lipoic acid,CHEBI:16494,MAPPED
6-thiotic acid,synonym,CHEBI:16494,(DL)-alpha-Lipoic acid,CHEBI:16494,MAPPED
6:0,synonym,CHEBI:30776,Caproic acid,CHEBI:30776,MAPPED
"6beta-(2-carboxy-2-phenylacetamido)-2,2-dimethylpenam-3alpha-carboxylic acid",synonym,CHEBI:3393,Carbenicillin,CHEBI:3393,MAPPED
"6beta-[(2R)-2-amino-2-(4-hydroxyphenyl)acetamido]-2,2-dimethylpenam-3alpha-carboxylic acid",synonym,CHEBI:2676,Amoxicillin,CHEBI:2676,MAPPED
"6beta-[(2R)-2-amino-2-phenylacetamido]-2,2-dimethylpenam-3alpha-carboxylic acid",synonym,CHEBI:28971,Ampicillin,CHEBI:28971,MAPPED
"6beta-{[(azepan-1-yl)methylidene]amino}-2,2-dimethylpenam-3alpha-carboxylic acid",synonym,CHEBI:51208,Mecillinam,CHEBI:51208,MAPPED
6G-alpha-D-galactosylsucrose,synonym,CHEBI:16634,Raffinose,CHEBI:16634,MAPPED
"7,10-dihydroxy-2-(2-methoxypropan-2-yl)-8-(2-methylbut-3-en-2-yl)-6H-furo[3,2-c]xanthen-6-one",synonym,CHEBI:6650,DL-Malic acid,CHEBI:6650,MAPPED
"7,12-diethenyl-3,8,13,17-tetramethylporphyrin-2,18-dipropanoic acid",synonym,CHEBI:15430,Protoporphyrin,CHEBI:15430,MAPPED
"7,2'-Dihydroxyflavone",preferred_term,cas:77298-66-9,"7,2'-Dihydroxyflavone",CHEBI:94071,MAPPED
"7,2'-Dimethoxyflavone",preferred_term,UNMAPPED_0199,"7,2'-Dimethoxyflavone",,UNMAPPED
"7,4'-Dimethoxyisoflavone",preferred_term,UNMAPPED_0189,"7,4'-Dimethoxyisoflavone",,UNMAPPED
"7,8-dihydroxy-6-methoxy-2H-chromen-2-one",synonym,CHEBI:5169,Fraxetin,CHEBI:5169,MAPPED
"7,8-dimethyl-10-(D-ribo-2,3,4,5-tetrahydroxypentyl)benzo[g]pteridine-2,4(3H,10H)-dione",synonym,CHEBI:17015,Riboflavin,CHEBI:17015,MAPPED
"7,8-dimethyl-10-(D-ribo-2,3,4,5-tetrahydroxypentyl)isoalloxazine",synonym,CHEBI:17015,Riboflavin,CHEBI:17015,MAPPED
"7,8-dimethyl-10-[(2S,3S,4R)-2,3,4,5-tetrahydroxypentyl]benzo[g]pteridine-2,4(3H,10H)-dione",synonym,CHEBI:17015,Riboflavin,CHEBI:17015,MAPPED
"7,8-dimethyl-10-ribitylisoalloxazine",synonym,CHEBI:17015,Riboflavin,CHEBI:17015,MAPPED
"7,8-dimethylbenzo[g]pteridine-2,4(1H,3H)-dione",synonym,CHEBI:17781,Lumichrome,CHEBI:17781,MAPPED
7-di-iso-propylpteridine Phosphate),synonym,kgmicrobe.compound:24-diamino-67-di-iso-propylpteridine_phosphate,"2,4-diamino-6,7-di-iso-propylpteridine phosphate",CHEBI:73908,MAPPED
7-Hydro-8-methylpteroylglutamylglutamic acid,preferred_term,mesh:C052093,7-Hydro-8-methylpteroylglutamylglutamic acid,mesh:C052093,MAPPED
7-hydroxy-2-oxo-2H-chromen-6-yl beta-D-glucopyranoside,synonym,CHEBI:4853,Esculin Monohydrate,CHEBI:4853,MAPPED
7-hydroxy-2-phenyl-4H-chromen-4-one,synonym,CHEBI:2268,7-hydroxyflavone,CHEBI:2268,MAPPED
7-hydroxy-3-(4-hydroxyphenyl)-4H-chromen-4-one,synonym,CHEBI:28197,Daidzein,CHEBI:28197,MAPPED
7-hydroxy-6-methoxy-2H-chromen-2-one,synonym,CHEBI:17488,Scopoletin,CHEBI:17488,MAPPED
7-hydroxyflavone,preferred_term,CHEBI:2268,7-hydroxyflavone,CHEBI:2268,MAPPED
"7-methoxy-1-methyl-4,9-dihydro-3H-pyrido[3,4-b]indole",synonym,CHEBI:28172,Harmaline,CHEBI:28172,MAPPED
"7-methoxy-1-methyl-9H-pyrido[3,4-b]indole",synonym,CHEBI:28121,Harmine,CHEBI:28121,MAPPED
"7-{[(2E)-3,7-dimethylocta-2,6-dien-1-yl]oxy}-2H-1-benzopyran-2-one",synonym,CHEBI:134355,Auraptene,CHEBI:134355,MAPPED
"7beta-[(2R)-2-(cyclohexa-1,4-dienyl)-2-phenylacetamido]-3-methyl-3,4-didehydrocepham-4-carboxylic acid",synonym,CHEBI:3547,Cephradine,CHEBI:3547,MAPPED
"7beta-[(2R)-2-amino-2-phenylacetamido]-3-methyl-3,4-didehydrocepham-4-carboxylic acid",synonym,CHEBI:3534,Cephalexin,CHEBI:3534,MAPPED
"7beta-{[(2R)-2-amino-2-phenylacetyl]amino}-3-chloro-3,4-didehydrocepham-4-carboxylic acid",synonym,CHEBI:3478,Cefaclor,CHEBI:3478,MAPPED
7beta-{[(cyanomethyl)sulfanyl]acetamido}-7alpha-methoxy-3-{[(1-methyl-1H-tetrazol-5-yl)sulfanyl]methyl}ceph-3-em-4-carboxylic acid,synonym,CHEBI:3489,Cefmetazole,CHEBI:3489,MAPPED
"8-(acetyloxy)-20-formyl-3,13,15alpha-trihydroxy-1alpha,6alpha,16beta-trimethoxy-4-(methoxymethyl)aconitan-14alpha-yl benzoate",synonym,CHEBI:132646,Oxonitine,CHEBI:132646,MAPPED
8-azaguanine,preferred_term,CHEBI:63486,8-azaguanine,CHEBI:63486,MAPPED
8-hydroxy-nitroquinoline,preferred_term,CHEBI:67121,8-hydroxy-nitroquinoline,CHEBI:67121,MAPPED
"8-methoxy-6-nitro-2H-phenanthro[3,4-d][1,3]dioxole-5-carboxylic acid",synonym,CHEBI:2825,Aristolochic Acid,CHEBI:2825,MAPPED
84 g/L NaHCO3 solution,preferred_term,UNMAPPED_0321,84 g/L NaHCO3 solution,,UNMAPPED
"9,10-dimethoxy-5,6-dihydro[1,3]dioxolo[4,5-g]isoquino[3,2-a]isoquinolin-7-ium",synonym,CHEBI:16118,Berberine,CHEBI:16118,MAPPED
9-(2-deoxy-beta-D-erythro-pentofuranosyl)-9H-purin-6-ol,synonym,CHEBI:28997,2'-Deoxyinosine,CHEBI:28997,MAPPED
9-(beta-D-ribofuranosyl)-9H-purin-6-ol,synonym,CHEBI:17596,Inosine,CHEBI:17596,MAPPED
"9-[(2R,4S,5R)-4-hydroxy-5-(hydroxymethyl)tetrahydrofuran-2-yl]-9H-purin-6-ol",synonym,CHEBI:28997,2'-Deoxyinosine,CHEBI:28997,MAPPED
9-beta-D-Ribofuranosidoadenine,synonym,CHEBI:16335,Adenosine,CHEBI:16335,MAPPED
"9-beta-D-ribofuranosyl-3,9-dihydro-1H-purine-2,6-dione",synonym,CHEBI:18107,Xanthosine,CHEBI:18107,MAPPED
9-beta-D-Ribofuranosyl-9H-purin-6-amine,synonym,CHEBI:16335,Adenosine,CHEBI:16335,MAPPED
9-beta-D-ribofuranosyl-9H-purin-6-ol,synonym,CHEBI:17596,Inosine,CHEBI:17596,MAPPED
9-beta-D-ribofuranosyl-guanine,synonym,CHEBI:16750,Guanosine,CHEBI:16750,MAPPED
9-beta-D-ribofuranosyladenine,synonym,CHEBI:16335,Adenosine,CHEBI:16335,MAPPED
9-beta-D-ribofuranosylhypoxanthine,synonym,CHEBI:17596,Inosine,CHEBI:17596,MAPPED
9-beta-D-Ribofuranosylxanthine,synonym,CHEBI:18107,Xanthosine,CHEBI:18107,MAPPED
9H-beta-carboline,synonym,CHEBI:109895,Norharman,CHEBI:109895,MAPPED
9H-purin-6(1H)-one,synonym,CHEBI:17368,Hypoxanthine,CHEBI:17368,MAPPED
9H-purin-6-amine,synonym,CHEBI:16708,Adenine,CHEBI:16708,MAPPED
"9H-purine-2,6-(1H,3H)-dione",synonym,CHEBI:17712,Xanthine,CHEBI:17712,MAPPED
9H-xanthine,synonym,CHEBI:17712,Xanthine,CHEBI:17712,MAPPED
"[(10E,12S,13S,14R,16S)-7,14-dihydroxy-6,10,12,16-tetramethyl-2,9,15,21-tetraoxo-20-oxa-18-azatetracyclo[14.3.1.14,19.03,8]henicosa-1(19),3,5,7,10-pentaen-13-yl] 3-hydroxy-6-[(4-hydroxy-7-methoxy-2-oxochromen-3-yl)carbamoyl]pyridine-2-carboxylate",synonym,CHEBI:223718,rubradirin,CHEBI:223718,MAPPED
"[(1aS,8S,8aR,8bS)-6-amino-8a-methoxy-5-methyl-4,7-dioxo-1,1a,2,4,7,8,8a,8b-octahydroazirino[2',3':3,4]pyrrolo[1,2-a]indol-8-yl]methyl carbamate",synonym,CHEBI:27504,Mitomycin C,CHEBI:27504,MAPPED
[(2R)-3-carboxy-2-hydroxypropyl]-trimethylazanium;chloride,synonym,CHEBI:233463,L-Carnitine hydrochloride,CHEBI:233463,MAPPED
"[(2R,3S,4R,5R)-5-(6-amino-9H-purin-9-yl)-4-hydroxy-3-(phosphonooxy)tetrahydrofuran-2-yl]methyl (3R)-3-hydroxy-4-({3-oxo-3-[(2-sulfanylethyl)amino]propyl}amino)-2,2-dimethyl-4-oxobutyl dihydrogen diphosphate",synonym,CHEBI:15346,Coenzyme A,CHEBI:15346,MAPPED
[(2S)-2-amino-2-carboxyethyl]-hydroxyimino-oxidoazanium,synonym,CHEBI:221124,alanosine,CHEBI:221124,MAPPED
[(aminoacetyl)amino]acetic acid,synonym,CHEBI:17201,Glycyl-glycine,CHEBI:17201,MAPPED
"[1,4]naphthoquinon",synonym,CHEBI:27418,"1,4-Naphthoquinone",CHEBI:27418,MAPPED
"[2-[1-[5,7-dihydroxy-3-(3,4,5-trihydroxybenzoyl)oxy-3,4-dihydro-2H-chromen-2-yl]-3,4,5-trihydroxy-6-oxobenzo[7]annulen-8-yl]-5,7-dihydroxy-3,4-dihydro-2H-chromen-3-yl] 3,4,5-trihydroxybenzoate",synonym,cas:30462-35-2,Theaflavin Digallate,CHEBI:185495,MAPPED
"[2-hydroxy-2-[3-hydroxy-4-[(4E,6E,12E,14Z)-10-hydroxy-3,15-dimethoxy-7,9,11,13-tetramethyl-16-oxo-1-oxacyclohexadeca-4,6,12,14-tetraen-2-yl]pentan-2-yl]-5-methyl-6-propan-2-yloxan-4-yl] (E)-4-[(2-hydroxy-5-oxocyclopenten-1-yl)amino]-4-oxobut-2-enoate",synonym,CHEBI:199416,Bafilomycin B1,CHEBI:199416,MAPPED
"[2-hydroxypropane-1,2,3-tricarboxylato(3-)-kappa(3)O(1),O(2),O(3)]iron",synonym,CHEBI:144421,Fe(III) citrate,CHEBI:144421,MAPPED
[2-MeAde]Cba,synonym,UNMAPPED_0182,2-methyladeninyl cobamide,,UNMAPPED
[3-hydroxy-5-(hydroxymethyl)-2-methylpyridin-4-yl]methanaminium chloride,synonym,CHEBI:131531,Pyridoxamine hydrochloride,CHEBI:131531,MAPPED
"[3R-(3alpha,4alpha,5beta)]-3,4,5-trihydroxy-1-cyclohexene-1-carboxylic acid",synonym,CHEBI:16119,Shikimic Acid,CHEBI:16119,MAPPED
"[4)-3,6-An-alpha-L-Galp-(1->3)-beta-D-Galp-(1->]n",synonym,CHEBI:2511,Agarose,CHEBI:2511,MAPPED
[4)-beta-D-GlcpN(1->]n,synonym,CHEBI:16261,Chitosan,CHEBI:16261,MAPPED
[4-(prop-1-en-2-yl)cyclohex-1-en-1-yl]methanol,synonym,CHEBI:15420,Perillyl Alcohol,CHEBI:15420,MAPPED
[AlCl3],synonym,CHEBI:30114,AlCl3,CHEBI:30114,MAPPED
[B(OH)3],synonym,CHEBI:33118,H3BO3,CHEBI:33118,MAPPED
[CaCl2],synonym,CHEBI:3312,CaCl2,CHEBI:3312,MAPPED
[CeCl3],synonym,CHEBI:35458,CeCl3,CHEBI:35458,MAPPED
[CH2Me(OH)],synonym,CHEBI:16236,Ethanol,CHEBI:16236,MAPPED
[CO2],synonym,CHEBI:16526,Carbon dioxide gas,CHEBI:16526,MAPPED
[dodecanoyl(methyl)amino] acetate,synonym,CHEBI:183704,N-lauroylsarcosine sodium salt,CHEBI:183704,MAPPED
[FeCl2],synonym,CHEBI:30812,FeCl2,CHEBI:30812,MAPPED
[FeCl3],synonym,CHEBI:30808,FeCl3,CHEBI:30808,MAPPED
[HCl],synonym,CHEBI:17883,HCl,CHEBI:17883,MAPPED
[KCl],synonym,CHEBI:32588,KCl,CHEBI:32588,MAPPED
[MgCl2],synonym,CHEBI:6636,MgCl2,CHEBI:6636,MAPPED
[MoO3],synonym,CHEBI:30627,MoO3,CHEBI:30627,MAPPED
[NH4]Cl,synonym,CHEBI:31206,NH4Cl,CHEBI:31206,MAPPED
[NiCl2],synonym,CHEBI:34887,NiCl2,CHEBI:34887,MAPPED
[OD2],synonym,CHEBI:41981,deuterated water,CHEBI:41981,MAPPED
[OEtH],synonym,CHEBI:16236,Ethanol,CHEBI:16236,MAPPED
[OH2],synonym,CHEBI:15377,Distilled water,CHEBI:15377,MAPPED
[S(OH)2O2],synonym,CHEBI:26836,H2SO4,CHEBI:26836,MAPPED
[SeO(OH)2],synonym,CHEBI:26642,H2SeO3,CHEBI:26642,MAPPED
[SiO2],synonym,CHEBI:30563,SiO2,CHEBI:30563,MAPPED
[SO2(OH)2],synonym,CHEBI:26836,H2SO4,CHEBI:26836,MAPPED
[WO2(OH)2],synonym,CHEBI:36272,H2WO4,CHEBI:36272,MAPPED
A+ Trace Components,preferred_term,UNMAPPED_0091,A+ Trace Components,,UNMAPPED
A+ Trace Components (sterilize before adding),synonym,UNMAPPED_0091,A+ Trace Components,,UNMAPPED
a-Cyclodextrin,preferred_term,CHEBI:40585,a-Cyclodextrin,CHEBI:40585,MAPPED
a-Ketoglutaric acid,synonym,CHEBI:30915,alpha-ketoglutaric acid,CHEBI:30915,MAPPED
a-Ketoglutaric acid,synonym,cas:305-72-6,a-Ketoglutaric acid disodium salt hydrate,CHEBI:30915,MAPPED
a-Ketoglutaric acid disodium salt hydrate,preferred_term,cas:305-72-6,a-Ketoglutaric acid disodium salt hydrate,CHEBI:30915,MAPPED
ABEE,synonym,CHEBI:30753,p-Aminobenzoic acid,CHEBI:30753,MAPPED
"abieta-7,13-dien-18-oic acid",synonym,CHEBI:28987,Abietic Acid,CHEBI:28987,MAPPED
Abietic Acid,preferred_term,CHEBI:28987,Abietic Acid,CHEBI:28987,MAPPED
Abikoviromycin,preferred_term,CHEBI:210557,Abikoviromycin,CHEBI:210557,MAPPED
ABPC,synonym,CHEBI:28971,Ampicillin,CHEBI:28971,MAPPED
abromine,synonym,CHEBI:17750,Betaine x H2O,CHEBI:17750,MAPPED
Abscisic acid,preferred_term,CHEBI:2365,Abscisic acid,CHEBI:2365,MAPPED
Aburamycin A,preferred_term,kgmicrobe.compound:aburamycin_a,Aburamycin A,kgmicrobe.compound:aburamycin_a,MAPPED
Abyssomicin B,preferred_term,kgmicrobe.compound:abyssomicin_b,Abyssomicin B,kgmicrobe.compound:abyssomicin_b,MAPPED
Abyssomicin D,preferred_term,mesh:C512805,Abyssomicin D,mesh:C512805,MAPPED
Abyssomicin G,preferred_term,kgmicrobe.compound:abyssomicin_g,Abyssomicin G,kgmicrobe.compound:abyssomicin_g,MAPPED
Abyssomicin H,preferred_term,kgmicrobe.compound:abyssomicin_h,Abyssomicin H,kgmicrobe.compound:abyssomicin_h,MAPPED
Acacetin,preferred_term,CHEBI:15335,Acacetin,CHEBI:15335,MAPPED
Aceglutamide [INN],synonym,CHEBI:73685,n-Acetyl-glutamine,CHEBI:73685,MAPPED
ACES,preferred_term,CHEBI:39061,ACES,CHEBI:39061,MAPPED
acetaldehyde,preferred_term,CHEBI:15343,acetaldehyde,CHEBI:15343,MAPPED
Acetamide,preferred_term,CHEBI:27856,Acetamide,CHEBI:27856,MAPPED
Acetate,preferred_term,CHEBI:30089,Acetate,CHEBI:30089,MAPPED
Acetate (carbon source),synonym,CHEBI:30089,Acetate,CHEBI:30089,MAPPED
Acetate (carbon source),preferred_term,CHEBI:30089,Acetate (carbon source),CHEBI:30089,REJECTED
ACETATE ION,synonym,CHEBI:30089,Acetate,CHEBI:30089,MAPPED
Acetate-replacing factor,synonym,CHEBI:16494,(DL)-alpha-Lipoic acid,CHEBI:16494,MAPPED
Acetic acid,preferred_term,CHEBI:15366,Acetic acid,CHEBI:15366,MAPPED
acetic acid magnesium salt,synonym,CHEBI:62964,Magnesium acetate,CHEBI:62964,MAPPED
"acetic acid, ammonium salt",synonym,CHEBI:62947,Ammonium acetate,CHEBI:62947,MAPPED
"Acetic acid, magnesium salt (2:1)",synonym,CHEBI:62964,Magnesium acetate,CHEBI:62964,MAPPED
"acetic acid, sodium salt",synonym,CHEBI:32954,Na-acetate,CHEBI:32954,MAPPED
Acetoacetate,preferred_term,CHEBI:13705,Acetoacetate,CHEBI:13705,MAPPED
Acetoin,preferred_term,CHEBI:15688,Acetoin,CHEBI:15688,MAPPED
Acetomycin,preferred_term,CHEBI:209246,Acetomycin,CHEBI:209246,MAPPED
acetone,preferred_term,CHEBI:15347,acetone,CHEBI:15347,MAPPED
Acetosyringone,preferred_term,CHEBI:2404,Acetosyringone,CHEBI:2404,MAPPED
Acetovanillone,preferred_term,CHEBI:2781,Acetovanillone,CHEBI:2781,MAPPED
acetyl xylan,synonym,CHEBI:134431,Acetylated xylan,CHEBI:134431,MAPPED
Acetyl-Dihydro-7-Epikhivorin,preferred_term,UNMAPPED_0197,Acetyl-Dihydro-7-Epikhivorin,,UNMAPPED
Acetyl-Glu,synonym,CHEBI:172431,N-Acetyl-glutamic acid,CHEBI:172431,MAPPED
Acetylated xylan,preferred_term,CHEBI:134431,Acetylated xylan,CHEBI:134431,MAPPED
Acetylene,preferred_term,CHEBI:27518,Acetylene,CHEBI:27518,MAPPED
acetylene trichloride,synonym,CHEBI:16602,Trichloroethylene,CHEBI:16602,MAPPED
Acetylformic acid,synonym,CHEBI:32816,Pyruvic acid,CHEBI:32816,MAPPED
Acetylglutamine,synonym,CHEBI:73685,n-Acetyl-glutamine,CHEBI:73685,MAPPED
acetylmuramic acid,synonym,CHEBI:47965,N-acetylmuramic acid,CHEBI:47965,MAPPED
Acetylspiramycin,synonym,CHEBI:31168,Spiramycin II,CHEBI:31168,MAPPED
Acfol,synonym,CHEBI:27470,Folic acid,CHEBI:27470,MAPPED
Achromoviromycin,preferred_term,kgmicrobe.compound:achromoviromycin,Achromoviromycin,kgmicrobe.compound:achromoviromycin,MAPPED
Achromycin,synonym,CHEBI:27902,Tetracycline,CHEBI:27902,MAPPED
Acid blue 74,synonym,CHEBI:31695,Indigocarmine,CHEBI:31695,MAPPED
Acid-hydrolyzed casein,synonym,FOODON:03315719,Casein peptone,FOODON:03315719,MAPPED
acide 2-furoique,synonym,CHEBI:30845,2-Furoic acid,CHEBI:30845,MAPPED
acide acetique,synonym,CHEBI:15366,Acetic acid,CHEBI:15366,MAPPED
acide ascorbique,synonym,CHEBI:29073,L-Ascorbic acid,CHEBI:29073,MAPPED
acide butanedioique,synonym,CHEBI:15741,Succinic acid,CHEBI:15741,MAPPED
acide butanoique,synonym,CHEBI:30772,Butyric acid,CHEBI:30772,MAPPED
acide butyrique,synonym,CHEBI:30772,Butyric acid,CHEBI:30772,MAPPED
acide carbolique,synonym,CHEBI:15882,Phenol,CHEBI:15882,MAPPED
acide folique,synonym,CHEBI:27470,Folic acid,CHEBI:27470,MAPPED
Acide formique,synonym,CHEBI:30751,Formic acid,CHEBI:30751,MAPPED
acide glutamique,synonym,CHEBI:16015,L-Glutamic acid,CHEBI:16015,MAPPED
acide gras,synonym,CHEBI:35366,Fatty acid mixture (see Medium No. 266),CHEBI:35366,MAPPED
acide nicotinique,synonym,CHEBI:15940,Nicotinic acid,CHEBI:15940,MAPPED
acide octadecanoique,synonym,CHEBI:28842,Stearic acid,CHEBI:28842,MAPPED
acide phenique,synonym,CHEBI:15882,Phenol,CHEBI:15882,MAPPED
acide propanoique,synonym,CHEBI:30768,Propionic acid,CHEBI:30768,MAPPED
acide propionique,synonym,CHEBI:30768,Propionic acid,CHEBI:30768,MAPPED
acide pyruvique,synonym,CHEBI:32816,Pyruvic acid,CHEBI:32816,MAPPED
acide stearique,synonym,CHEBI:28842,Stearic acid,CHEBI:28842,MAPPED
acide succinique,synonym,CHEBI:15741,Succinic acid,CHEBI:15741,MAPPED
Acide sulfurique,synonym,CHEBI:26836,H2SO4,CHEBI:26836,MAPPED
acides gras,synonym,CHEBI:35366,Fatty acid mixture (see Medium No. 266),CHEBI:35366,MAPPED
acido 2-furoico,synonym,CHEBI:30845,2-Furoic acid,CHEBI:30845,MAPPED
acido ascorbico,synonym,CHEBI:29073,L-Ascorbic acid,CHEBI:29073,MAPPED
acido folico,synonym,CHEBI:27470,Folic acid,CHEBI:27470,MAPPED
acido glutamico,synonym,CHEBI:16015,L-Glutamic acid,CHEBI:16015,MAPPED
acido graso,synonym,CHEBI:35366,Fatty acid mixture (see Medium No. 266),CHEBI:35366,MAPPED
acido nicotinico,synonym,CHEBI:15940,Nicotinic acid,CHEBI:15940,MAPPED
Acido sulfurico,synonym,CHEBI:26836,H2SO4,CHEBI:26836,MAPPED
acidol,synonym,CHEBI:17750,Betaine x H2O,CHEBI:17750,MAPPED
acidos grasos,synonym,CHEBI:35366,Fatty acid mixture (see Medium No. 266),CHEBI:35366,MAPPED
acidum ascorbicum,synonym,CHEBI:29073,L-Ascorbic acid,CHEBI:29073,MAPPED
acidum ascorbinicum,synonym,CHEBI:29073,L-Ascorbic acid,CHEBI:29073,MAPPED
acidum folicum,synonym,CHEBI:27470,Folic acid,CHEBI:27470,MAPPED
acidum glutamicum,synonym,CHEBI:16015,L-Glutamic acid,CHEBI:16015,MAPPED
acidum nicotinicum,synonym,CHEBI:15940,Nicotinic acid,CHEBI:15940,MAPPED
acidum succinicum,synonym,CHEBI:15741,Succinic acid,CHEBI:15741,MAPPED
Acidum sulfuricum,synonym,CHEBI:26836,H2SO4,CHEBI:26836,MAPPED
AcOH,synonym,CHEBI:15366,Acetic acid,CHEBI:15366,MAPPED
AcOK,synonym,CHEBI:32029,K-acetate,CHEBI:32029,MAPPED
AcONH4,synonym,CHEBI:62947,Ammonium acetate,CHEBI:62947,MAPPED
Aconitate,preferred_term,CHEBI:22210,Aconitate,CHEBI:22210,MAPPED
acqua,synonym,CHEBI:15377,Distilled water,CHEBI:15377,MAPPED
Acridine orange,preferred_term,CHEBI:51739,Acridine orange,CHEBI:51739,MAPPED
Acriflavine,preferred_term,cas:8048-52-0,Acriflavine,NCIT:C76253,MAPPED
Actein,preferred_term,CHEBI:70241,Actein,CHEBI:70241,MAPPED
Actilight,preferred_term,UNMAPPED_0224,Actilight,,UNMAPPED
Actinohivin,preferred_term,kgmicrobe.compound:actinohivin,Actinohivin,kgmicrobe.compound:actinohivin,MAPPED
Actinomycetin,preferred_term,kgmicrobe.compound:actinomycetin,Actinomycetin,kgmicrobe.compound:actinomycetin,MAPPED
Actinomycin A,preferred_term,kgmicrobe.compound:actinomycin_a,Actinomycin A,CHEBI:15369,MAPPED
Actinomycin D,preferred_term,CHEBI:27666,Actinomycin D,CHEBI:27666,MAPPED
Actinomycin X,preferred_term,UNMAPPED_0726,Actinomycin X,,UNMAPPED
Actinotiocin,preferred_term,mesh:C006403,Actinotiocin,mesh:C006403,MAPPED
Activated charcoal,preferred_term,NCIT:C77524,Activated charcoal,NCIT:C77524,MAPPED
Ade-Rib,synonym,CHEBI:16335,Adenosine,CHEBI:16335,MAPPED
Adenine,preferred_term,CHEBI:16708,Adenine,CHEBI:16708,MAPPED
Adenine hydrochloride hydrate,preferred_term,cas:2922-28-3,Adenine hydrochloride hydrate,CHEBI:16708,MAPPED
adenine riboside,synonym,CHEBI:16335,Adenosine,CHEBI:16335,MAPPED
adeninyl cobamide,preferred_term,UNMAPPED_0181,adeninyl cobamide,,UNMAPPED
Adenocard,synonym,CHEBI:16335,Adenosine,CHEBI:16335,MAPPED
Adenocor,synonym,CHEBI:16335,Adenosine,CHEBI:16335,MAPPED
Adenomycin,preferred_term,NCIT:C221830,Adenomycin,NCIT:C221830,MAPPED
Adenoscan,synonym,CHEBI:16335,Adenosine,CHEBI:16335,MAPPED
Adenosin,synonym,CHEBI:16335,Adenosine,CHEBI:16335,MAPPED
Adenosine,preferred_term,CHEBI:16335,Adenosine,CHEBI:16335,MAPPED
"adenosine 3',5'-(hydrogen phosphate)",synonym,CHEBI:17489,"Adenosine 3,5-Cyclic Monophosphate",CHEBI:17489,MAPPED
"Adenosine 3',5'-phosphate",synonym,CHEBI:17489,"Adenosine 3,5-Cyclic Monophosphate",CHEBI:17489,MAPPED
"Adenosine 3,5-Cyclic Monophosphate",preferred_term,CHEBI:17489,"Adenosine 3,5-Cyclic Monophosphate",CHEBI:17489,MAPPED
"adenosine 5'-(3-{D-ribo-5-[7,8-dimethyl-2,4-dioxo-3,4-dihydrobenzo[g]pteridin-10(2H)-yl]-2,3,4-trihydroxypentyl} dihydrogen diphosphate)",synonym,CHEBI:16238,FAD,CHEBI:16238,MAPPED
"Adenosine 5'-(trihydrogen pyrophosphate), 5'-5'-ester with riboflavine",synonym,CHEBI:16238,FAD,CHEBI:16238,MAPPED
adenosine 5'-[3-(riboflavin-5'-yl) dihydrogen diphosphate],synonym,CHEBI:16238,FAD,CHEBI:16238,MAPPED
Adenosine 5'-monophosphate,preferred_term,CHEBI:16027,Adenosine 5'-monophosphate,CHEBI:16027,MAPPED
"adenosine 5'-{3-[1-(3-carbamoylpyridinio)-1,4-anhydro-D-ribitol-5-yl] dihydrogen diphosphate}",synonym,CHEBI:15846,beta-NAD,CHEBI:15846,MAPPED
Adipate,preferred_term,CHEBI:17128,Adipate,CHEBI:17128,MAPPED
Adipic acid,preferred_term,CHEBI:30832,Adipic acid,CHEBI:30832,MAPPED
Aepfelsaeure,synonym,CHEBI:6650,DL-Malic acid,CHEBI:6650,MAPPED
Aesculetin,preferred_term,cas:0305-01-1,Aesculetin,cas:0305-01-1,MAPPED
Aethanol,synonym,CHEBI:16236,Ethanol,CHEBI:16236,MAPPED
Aethylalkohol,synonym,CHEBI:16236,Ethanol,CHEBI:16236,MAPPED
Aetzkali,synonym,CHEBI:32035,KOH,CHEBI:32035,MAPPED
Aetznatron,synonym,CHEBI:32145,NaOH,CHEBI:32145,MAPPED
Agar,preferred_term,CHEBI:2509,Agar,CHEBI:2509,MAPPED
Agarose,preferred_term,CHEBI:2511,Agarose,CHEBI:2511,MAPPED
Agave,preferred_term,FOODON:00005198,Agave,FOODON:00005198,MAPPED
Agelasine,preferred_term,UNMAPPED_0198,Agelasine,,UNMAPPED
agua,synonym,CHEBI:15377,Distilled water,CHEBI:15377,MAPPED
air-dried garden soil,preferred_term,ENVO:00002263,air-dried garden soil,ENVO:00002263,MAPPED
Al2(SO4)3 x 18 H2O,preferred_term,CHEBI:74779,Al2(SO4)3 x 18 H2O,CHEBI:74779,MAPPED
Al2(SO4)3.18H2O,synonym,CHEBI:74779,Al2(SO4)3 x 18 H2O,CHEBI:74779,MAPPED
Alanine,synonym,CHEBI:16977,L-Alanine,CHEBI:16977,MAPPED
alanosine,preferred_term,CHEBI:221124,alanosine,CHEBI:221124,MAPPED
Alazopeptin,preferred_term,CHEBI:222816,Alazopeptin,CHEBI:222816,MAPPED
Alboverticillin,preferred_term,kgmicrobe.compound:alboverticillin,Alboverticillin,kgmicrobe.compound:alboverticillin,MAPPED
AlCl3,preferred_term,CHEBI:30114,AlCl3,CHEBI:30114,MAPPED
AlCl3 . 6H2O,synonym,CHEBI:30115,AlCl3 x 6 H2O,CHEBI:30115,MAPPED
AlCl3 x 6 H2O,preferred_term,CHEBI:30115,AlCl3 x 6 H2O,CHEBI:30115,MAPPED
AlCl3.6H2O,synonym,CHEBI:30115,AlCl3 x 6 H2O,CHEBI:30115,MAPPED
AlCl3·6H2O,synonym,CHEBI:30115,AlCl3 x 6 H2O,CHEBI:30115,MAPPED
AlCl3・6H2O,synonym,CHEBI:30115,AlCl3 x 6 H2O,CHEBI:30115,MAPPED
alcohol etilico,synonym,CHEBI:16236,Ethanol,CHEBI:16236,MAPPED
alcool ethylique,synonym,CHEBI:16236,Ethanol,CHEBI:16236,MAPPED
aldehydo-D-gluco-hexose,synonym,CHEBI:17234,Glucose,CHEBI:17234,MAPPED
aldehydo-D-gluco-hexose,synonym,CHEBI:42758,glucose,CHEBI:42758,MAPPED
aldehydo-N-acetylmuramic acid,synonym,CHEBI:47966,n-Acetyl-muramic acid,CHEBI:47966,MAPPED
alfoscerate de choline,synonym,CHEBI:16870,sn-glycero-3-phosphocholine,CHEBI:16870,MAPPED
alfoscerato de colina,synonym,CHEBI:16870,sn-glycero-3-phosphocholine,CHEBI:16870,MAPPED
Algal Trace Elements Solution,preferred_term,MICRO:0000455,Algal Trace Elements Solution,MICRO:0000455,MAPPED
Algiline,synonym,CHEBI:53311,Sodium alginate,CHEBI:53311,MAPPED
Algin,synonym,CHEBI:53311,Sodium alginate,CHEBI:53311,MAPPED
Alginate,preferred_term,CHEBI:58187,Alginate,CHEBI:58187,MAPPED
AlK(SO4)2,preferred_term,CHEBI:86463,AlK(SO4)2,CHEBI:86463,MAPPED
AlK(SO4)2 . 12H2O,synonym,CHEBI:86465,AlK(SO4)2 x 12 H2O,CHEBI:86465,MAPPED
AlK(SO4)2 12H2O,synonym,CHEBI:86465,AlK(SO4)2 x 12 H2O,CHEBI:86465,MAPPED
AlK(SO4)2 x 12 H2O,preferred_term,CHEBI:86465,AlK(SO4)2 x 12 H2O,CHEBI:86465,MAPPED
AlK(SO4)2 x 12H2O,synonym,CHEBI:86465,AlK(SO4)2 x 12 H2O,CHEBI:86465,MAPPED
AlK(SO4)2.12H2O,synonym,CHEBI:86465,AlK(SO4)2 x 12 H2O,CHEBI:86465,MAPPED
AlK(SO4)2·12H2O,synonym,CHEBI:86465,AlK(SO4)2 x 12 H2O,CHEBI:86465,MAPPED
AlK(SO4)2・12H2O,synonym,CHEBI:86465,AlK(SO4)2 x 12 H2O,CHEBI:86465,MAPPED
AlKCl2,synonym,cas:74978-20-4,Potassium aluminum chloride,NCIT:C83530,MAPPED
Alkohol,synonym,CHEBI:16236,Ethanol,CHEBI:16236,MAPPED
Allantoin,preferred_term,CHEBI:15676,Allantoin,CHEBI:15676,MAPPED
Allen Medium,preferred_term,UNMAPPED_0070,Allen Medium,,UNMAPPED
Allopurinol,preferred_term,CHEBI:40279,Allopurinol,CHEBI:40279,MAPPED
Allura Red AC,preferred_term,CHEBI:172687,Allura Red AC,CHEBI:172687,MAPPED
Aloin,preferred_term,CHEBI:73222,Aloin,CHEBI:73222,MAPPED
"alpha,alpha',alpha''-trimethylaminetricarboxylic acid",synonym,CHEBI:44557,Nitrilotriacetic acid,CHEBI:44557,MAPPED
"alpha-(5,6-dimethylbenzimidazolyl)cobamide",synonym,CHEBI:28911,Cobalamine,CHEBI:28911,MAPPED
alpha-Amino-1H-imidazole-4-propionic acid,synonym,CHEBI:27570,DL-Histidine,CHEBI:27570,MAPPED
alpha-Amino-beta-(3-indolyl)-propionic acid,synonym,CHEBI:27897,Tryptophan,CHEBI:27897,MAPPED
alpha-amino-beta-3-indolepropionic acid,synonym,CHEBI:27897,Tryptophan,CHEBI:27897,MAPPED
alpha-amino-beta-methylvaleric acid,synonym,CHEBI:17191,L-Isoleucine,CHEBI:17191,MAPPED
alpha-amino-delta-ureidovaleric acid,synonym,CHEBI:16349,L-Citrulline,CHEBI:16349,MAPPED
alpha-amino-gamma-methylmercaptobutyric acid,synonym,CHEBI:16811,DL-methionine,CHEBI:16811,MAPPED
Alpha-aminobutyrate,preferred_term,CHEBI:86508,Alpha-aminobutyrate,CHEBI:86508,MAPPED
alpha-aminosuccinamic acid,synonym,CHEBI:17196,L-Asparagine,CHEBI:17196,MAPPED
alpha-butenoate,synonym,CHEBI:35899,Na-crotonate,CHEBI:35899,MAPPED
alpha-crotonate,synonym,CHEBI:35899,Na-crotonate,CHEBI:35899,MAPPED
alpha-D-Gal-(1->6)-D-Glc,synonym,CHEBI:28053,Melibiose,CHEBI:28053,MAPPED
alpha-D-galactopyranosyl-(1->6)-alpha-D-glucopyranosyl beta-D-fructofuranoside,synonym,CHEBI:16634,Raffinose,CHEBI:16634,MAPPED
alpha-D-galactopyranosyl-(1->6)-D-glucopyranose,synonym,CHEBI:28053,Melibiose,CHEBI:28053,MAPPED
alpha-D-galactosyl-(1->6)-D-glucose,synonym,CHEBI:28053,Melibiose,CHEBI:28053,MAPPED
alpha-D-Galp-(1->6)-alpha-D-Glcp-(1<->2)-beta-D-Fruf,synonym,CHEBI:16634,Raffinose,CHEBI:16634,MAPPED
alpha-D-Galp-(1->6)-D-Glcp,synonym,CHEBI:28053,Melibiose,CHEBI:28053,MAPPED
alpha-D-Glc,synonym,CHEBI:17925,alpha-D-Glucose,CHEBI:17925,MAPPED
alpha-D-Glcp-(1->4)-alpha-D-Glcp,synonym,CHEBI:17306,Maltose,CHEBI:17306,MAPPED
alpha-D-Glcp-(1->4)-D-Glcp,synonym,CHEBI:17306,Maltose,CHEBI:17306,MAPPED
alpha-D-glucopyranose,synonym,CHEBI:17925,alpha-D-Glucose,CHEBI:17925,MAPPED
alpha-D-glucopyranosyl-(1->3)-D-fructose,synonym,CHEBI:32528,D-(+)-Turanose,CHEBI:32528,MAPPED
alpha-D-glucopyranosyl-(1->4)-alpha-D-glucopyranose,synonym,CHEBI:18167,maltose,CHEBI:18167,MAPPED
alpha-D-glucopyranosyl-(1->4)-alpha-D-glucopyranosyl-(1->4)-alpha-D-glucopyranosyl-(1->4)-alpha-D-glucopyranosyl-(1->4)-alpha-D-glucopyranosyl-(1->4)-D-glucose,synonym,CHEBI:27445,Maltohexaose,CHEBI:27445,MAPPED
alpha-D-glucopyranosyl-(1->4)-alpha-D-glucopyranosyl-(1->4)-alpha-D-glucopyranosyl-(1->4)-D-glucose,synonym,CHEBI:28460,Maltotetraose,CHEBI:28460,MAPPED
alpha-D-glucopyranosyl-(1->4)-D-glucitol,synonym,CHEBI:68428,Maltitol,CHEBI:68428,MAPPED
alpha-D-Glucopyranosyl-(1->4)-D-glucopyranose,synonym,CHEBI:17306,Maltose,CHEBI:17306,MAPPED
alpha-D-glucopyranosyl-(1->4)-D-glucopyranose,synonym,cas:6363-53-7,D-Maltose monohydrate,CHEBI:17306,MAPPED
alpha-D-glucopyranosyl-(1->4)-D-glucose,synonym,CHEBI:17306,Maltose,CHEBI:17306,MAPPED
alpha-D-glucopyranosyl-(1->4)-D-glucose,synonym,cas:6363-53-7,D-Maltose monohydrate,CHEBI:17306,MAPPED
alpha-D-glucopyranosyl-(1->6)-D-glucopyranose,synonym,CHEBI:28189,Isomaltose,CHEBI:28189,MAPPED
alpha-D-Glucose,preferred_term,CHEBI:17925,alpha-D-Glucose,CHEBI:17925,MAPPED
Alpha-D-glucose 6-phosphate,preferred_term,CHEBI:17665,Alpha-D-glucose 6-phosphate,CHEBI:17665,MAPPED
alpha-dextrose,synonym,CHEBI:17925,alpha-D-Glucose,CHEBI:17925,MAPPED
alpha-furancarboxylic acid,synonym,CHEBI:30845,2-Furoic acid,CHEBI:30845,MAPPED
alpha-furoic acid,synonym,CHEBI:30845,2-Furoic acid,CHEBI:30845,MAPPED
alpha-Glycerophosphorylcholine,synonym,CHEBI:16870,sn-glycero-3-phosphocholine,CHEBI:16870,MAPPED
alpha-hydro-omega-hydroxypoly(oxyethylene),synonym,CHEBI:46793,Polyethylene glycol,CHEBI:46793,MAPPED
"alpha-hydroxy-alpha,alpha-bis(p-hydroxyphenyl)-o-toluenesulfonic acid gamma-sultone",synonym,CHEBI:31991,Phenol red,CHEBI:31991,MAPPED
Alpha-hydroxybutyrate,synonym,CHEBI:64552,2-hydroxybutyrate,CHEBI:64552,MAPPED
Alpha-hydroxyglutarate-gamma-lactone,preferred_term,UNMAPPED_0795,Alpha-hydroxyglutarate-gamma-lactone,,UNMAPPED
alpha-hydroxyphenol,synonym,CHEBI:18135,Pyrocatechol,CHEBI:18135,MAPPED
alpha-hydroxysuccinic acid,synonym,CHEBI:6650,DL-Malic acid,CHEBI:6650,MAPPED
alpha-isobutyric acid,synonym,CHEBI:16135,Isobutyric acid,CHEBI:16135,MAPPED
alpha-ketoglutamate,synonym,CHEBI:30915,alpha-ketoglutaric acid,CHEBI:30915,MAPPED
alpha-ketoglutarate,synonym,CHEBI:16810,Na2 alpha-ketoglutarate,CHEBI:16810,MAPPED
alpha-ketoglutaric acid,preferred_term,CHEBI:30915,alpha-ketoglutaric acid,CHEBI:30915,MAPPED
alpha-ketopropionic acid,synonym,CHEBI:32816,Pyruvic acid,CHEBI:32816,MAPPED
alpha-L-arabinofuranosyl-(1->5)-alpha-L-arabinofuranosyl-(1->5)-alpha-L-arabinofuranose,synonym,cas:89315-59-3,Arabinotriose,CHEBI:62799,MAPPED
Alpha-L-rhamnose,preferred_term,CHEBI:27907,Alpha-L-rhamnose,CHEBI:27907,MAPPED
alpha-Lactose,preferred_term,CHEBI:36219,alpha-Lactose,CHEBI:36219,MAPPED
alpha-lipoic acid,synonym,CHEBI:16494,(DL)-alpha-Lipoic acid,CHEBI:16494,MAPPED
alpha-Liponsaeure,synonym,CHEBI:16494,(DL)-alpha-Lipoic acid,CHEBI:16494,MAPPED
alpha-methyl butyric acid,synonym,CHEBI:37070,DL-2-Methylbutyric acid,CHEBI:37070,MAPPED
alpha-Methylbutyric acid,synonym,CHEBI:37070,DL-2-Methylbutyric acid,CHEBI:37070,MAPPED
alpha-Methylguanidino acetic acid,synonym,CHEBI:16919,Creatine,CHEBI:16919,MAPPED
alpha-methylpropanoic acid,synonym,CHEBI:16135,Isobutyric acid,CHEBI:16135,MAPPED
alpha-methylpropionic acid,synonym,CHEBI:16135,Isobutyric acid,CHEBI:16135,MAPPED
alpha-naphthoquinone,synonym,CHEBI:27418,"1,4-Naphthoquinone",CHEBI:27418,MAPPED
alpha-Oxopropionsaeure,synonym,CHEBI:32816,Pyruvic acid,CHEBI:32816,MAPPED
alpha-phylloquinone,synonym,CHEBI:18067,Vitamin K1,CHEBI:18067,MAPPED
alpha-Pinene,synonym,CHEBI:17187,pinene,CHEBI:17187,MAPPED
Alpha-Toxicarol (Dl),preferred_term,CHEBI:9643,Alpha-Toxicarol (Dl),CHEBI:9643,MAPPED
Althiomycin,preferred_term,CHEBI:157683,Althiomycin,CHEBI:157683,MAPPED
aluminium chloride hexahydrate,synonym,CHEBI:30115,AlCl3 x 6 H2O,CHEBI:30115,MAPPED
aluminium chloride--water (1/6),synonym,CHEBI:30115,AlCl3 x 6 H2O,CHEBI:30115,MAPPED
Aluminium potassium bis(sulphate),synonym,CHEBI:86463,AlK(SO4)2,CHEBI:86463,MAPPED
aluminium potassium sulfate (1/1/2),synonym,CHEBI:86463,AlK(SO4)2,CHEBI:86463,MAPPED
aluminium potassium sulfate--water (1/12),synonym,CHEBI:86465,AlK(SO4)2 x 12 H2O,CHEBI:86465,MAPPED
Aluminium sulfate,preferred_term,CHEBI:74772,Aluminium sulfate,CHEBI:74772,MAPPED
aluminium sulfate octadecahydrate,synonym,CHEBI:74779,Al2(SO4)3 x 18 H2O,CHEBI:74779,MAPPED
aluminium sulfate--water (1/18),synonym,CHEBI:74779,Al2(SO4)3 x 18 H2O,CHEBI:74779,MAPPED
aluminium sulfate.18H2O,synonym,CHEBI:74779,Al2(SO4)3 x 18 H2O,CHEBI:74779,MAPPED
aluminium trichloride,synonym,CHEBI:30114,AlCl3,CHEBI:30114,MAPPED
aluminium trichloride hexahydrate,synonym,CHEBI:30115,AlCl3 x 6 H2O,CHEBI:30115,MAPPED
aluminium(3+) chloride,synonym,CHEBI:30114,AlCl3,CHEBI:30114,MAPPED
aluminium(III) chloride,synonym,CHEBI:30114,AlCl3,CHEBI:30114,MAPPED
aluminium(III) chloride hexahydrate,synonym,CHEBI:30115,AlCl3 x 6 H2O,CHEBI:30115,MAPPED
aluminum chloride hexahydrate,synonym,CHEBI:30115,AlCl3 x 6 H2O,CHEBI:30115,MAPPED
Aluminum chloride hydrate,preferred_term,cas:10124-27-3,Aluminum chloride hydrate,NCIT:C83530,MAPPED
Aluminum potassium alum,synonym,CHEBI:86463,AlK(SO4)2,CHEBI:86463,MAPPED
Aluminum potassium disulfate,synonym,CHEBI:86463,AlK(SO4)2,CHEBI:86463,MAPPED
Aluminum potassium disulfate dodecahydrate,synonym,CHEBI:86465,AlK(SO4)2 x 12 H2O,CHEBI:86465,MAPPED
Aluminum potassium sulfate,synonym,CHEBI:86463,AlK(SO4)2,CHEBI:86463,MAPPED
aluminum potassium sulfate,synonym,CHEBI:86463,AlK(SO4)2,CHEBI:86463,MAPPED
Aluminum potassium sulfate dodecahydrate,synonym,CHEBI:86465,AlK(SO4)2 x 12 H2O,CHEBI:86465,MAPPED
aluminum sulfate.18H2O,synonym,CHEBI:74779,Al2(SO4)3 x 18 H2O,CHEBI:74779,MAPPED
Aluminum trichloride,synonym,CHEBI:30114,AlCl3,CHEBI:30114,MAPPED
aluminum trichloride hexahydrate,synonym,CHEBI:30115,AlCl3 x 6 H2O,CHEBI:30115,MAPPED
Aluminum-NTA,preferred_term,UNMAPPED_0157,Aluminum-NTA,,UNMAPPED
AmB,synonym,UNMAPPED_0325,Amphotericin,,UNMAPPED
amber acid,synonym,CHEBI:15741,Succinic acid,CHEBI:15741,MAPPED
Ameisensaeure,synonym,CHEBI:30751,Formic acid,CHEBI:30751,MAPPED
amfotericina B,synonym,CHEBI:2682,Amphotericin B,CHEBI:2682,MAPPED
Amicoumacin B,preferred_term,CHEBI:216618,Amicoumacin B,CHEBI:216618,MAPPED
amidon,synonym,CHEBI:28017,Starch,CHEBI:28017,MAPPED
Amidon (starch),synonym,CHEBI:28017,Starch,CHEBI:28017,MAPPED
Amikacin,preferred_term,CHEBI:2637,Amikacin,CHEBI:2637,MAPPED
Amikacin disulfate salt,preferred_term,CHEBI:2638,Amikacin disulfate salt,CHEBI:2638,MAPPED
aminic acid,synonym,CHEBI:30751,Formic acid,CHEBI:30751,MAPPED
Amino Acid,preferred_term,CHEBI:33709,Amino Acid,CHEBI:33709,MAPPED
Aminoacetic acid,synonym,CHEBI:15428,Glycine,CHEBI:15428,MAPPED
Aminoacids,preferred_term,UNMAPPED_0324,Aminoacids,,UNMAPPED
aminobenzylpenicillin,synonym,CHEBI:28971,Ampicillin,CHEBI:28971,MAPPED
Aminoessigsaeure,synonym,CHEBI:15428,Glycine,CHEBI:15428,MAPPED
aminoethanoic acid,synonym,CHEBI:15428,Glycine,CHEBI:15428,MAPPED
Aminoethylsulfonic acid,synonym,CHEBI:15891,Taurine,CHEBI:15891,MAPPED
Aminoglycoside Antibiotic,preferred_term,CHEBI:22507,Aminoglycoside Antibiotic,CHEBI:22507,MAPPED
aminomethane,synonym,CHEBI:16830,Methylamine,CHEBI:16830,MAPPED
Aminophenazone,preferred_term,CHEBI:160246,Aminophenazone,CHEBI:160246,MAPPED
aminotris(hydroxymethyl)methane,synonym,CHEBI:9754,Tris base,CHEBI:9754,MAPPED
Aminovalerate,preferred_term,UNMAPPED_0738,Aminovalerate,,UNMAPPED
Ammonia,preferred_term,CHEBI:16134,Ammonia,CHEBI:16134,MAPPED
Ammonium,preferred_term,CHEBI:28938,Ammonium,CHEBI:28938,MAPPED
Ammonium acetate,preferred_term,CHEBI:62947,Ammonium acetate,CHEBI:62947,MAPPED
Ammonium acid phosphate,synonym,CHEBI:62982,NH4H2PO4,CHEBI:62982,MAPPED
Ammonium bicarbonate,synonym,CHEBI:184335,NH4HCO3,CHEBI:184335,MAPPED
Ammonium biphosphate,synonym,CHEBI:62982,NH4H2PO4,CHEBI:62982,MAPPED
Ammonium Chloride,synonym,CHEBI:31206,NH4Cl,CHEBI:31206,MAPPED
Ammonium chloride (nitrogen source),synonym,CHEBI:31206,NH4Cl,CHEBI:31206,MAPPED
Ammonium chloride (nitrogen source),preferred_term,CHEBI:31206,Ammonium chloride (nitrogen source),CHEBI:31206,REJECTED
Ammonium citrate (3:1),synonym,CHEBI:63037,(NH4)3 citrate,CHEBI:63037,MAPPED
ammonium citrate dibasic,synonym,CHEBI:63076,(NH4)2 citrate,CHEBI:63076,MAPPED
ammonium citrate tribasic,synonym,CHEBI:63037,(NH4)3 citrate,CHEBI:63037,MAPPED
"Ammonium citrate, dibasic",synonym,CHEBI:63076,(NH4)2 citrate,CHEBI:63076,MAPPED
Ammonium diacid phosphate,synonym,CHEBI:62982,NH4H2PO4,CHEBI:62982,MAPPED
Ammonium dihydrogen orthophosphate,synonym,CHEBI:62982,NH4H2PO4,CHEBI:62982,MAPPED
ammonium dihydrogen phosphate,synonym,CHEBI:62982,NH4H2PO4,CHEBI:62982,MAPPED
Ammonium dihydrophosphate,synonym,CHEBI:62982,NH4H2PO4,CHEBI:62982,MAPPED
ammonium ethanoate,synonym,CHEBI:62947,Ammonium acetate,CHEBI:62947,MAPPED
Ammonium ferric citrate,synonym,CHEBI:31604,Ferric ammonium citrate,CHEBI:31604,MAPPED
Ammonium ferrous sulfate hexahydrate,synonym,CHEBI:76181,Fe(NH4)2(SO4)2 x 6 H2O,CHEBI:76181,MAPPED
Ammonium heptamolybdate tetrahydrate,synonym,CHEBI:91249,Diammonium molybdate,CHEBI:91249,MAPPED
ammonium hydrogen citrate,synonym,CHEBI:63076,(NH4)2 citrate,CHEBI:63076,MAPPED
ammonium iron(2+) sulfate--water (1/6),synonym,CHEBI:76181,Fe(NH4)2(SO4)2 x 6 H2O,CHEBI:76181,MAPPED
ammonium iron(II) sulfate heptahydrate,synonym,CHEBI:131378,Fe(NH4)2(SO4)2 x 7 H2O,CHEBI:131378,MAPPED
ammonium iron(II) sulfate hexahydrate,synonym,CHEBI:76181,Fe(NH4)2(SO4)2 x 6 H2O,CHEBI:76181,MAPPED
ammonium iron(III) citrate,synonym,CHEBI:31604,Ferric ammonium citrate,CHEBI:31604,MAPPED
Ammonium Molybdate,synonym,CHEBI:91249,Diammonium molybdate,CHEBI:91249,MAPPED
ammonium molybdate tetrahydrate,preferred_term,cas:12054-85-2,ammonium molybdate tetrahydrate,CHEBI:91249,MAPPED
Ammonium molybdate(VI),synonym,CHEBI:91249,Diammonium molybdate,CHEBI:91249,MAPPED
Ammonium monobasic phosphate,synonym,CHEBI:62982,NH4H2PO4,CHEBI:62982,MAPPED
Ammonium monohydrogen citrate,synonym,CHEBI:63076,(NH4)2 citrate,CHEBI:63076,MAPPED
Ammonium monohydrogencitrate,synonym,CHEBI:63076,(NH4)2 citrate,CHEBI:63076,MAPPED
Ammonium monophosphate,synonym,CHEBI:62982,NH4H2PO4,CHEBI:62982,MAPPED
ammonium nickel sulfate hexahydrate,synonym,CHEBI:86149,(NH4)2Ni(SO4)2 x 6 H2O,CHEBI:86149,MAPPED
Ammonium nickel(2+) sulfate hexahydrate,synonym,CHEBI:86149,(NH4)2Ni(SO4)2 x 6 H2O,CHEBI:86149,MAPPED
ammonium nickel(2+) sulfate--water (2/1/2/6),synonym,CHEBI:86149,(NH4)2Ni(SO4)2,CHEBI:86149,MAPPED
ammonium nickel(2+) sulfate--water (2/1/2/6),synonym,CHEBI:86149,(NH4)2Ni(SO4)2 x 6 H2O,CHEBI:86149,MAPPED
ammonium nickel(II) sulfate hexahydrate,synonym,CHEBI:86149,(NH4)2Ni(SO4)2 x 6 H2O,CHEBI:86149,MAPPED
Ammonium Nitrate,synonym,CHEBI:63038,(NH4)NO3,CHEBI:63038,MAPPED
Ammonium nitricum,synonym,CHEBI:63038,(NH4)NO3,CHEBI:63038,MAPPED
ammonium orthomolybdate,synonym,CHEBI:91249,Diammonium molybdate,CHEBI:91249,MAPPED
Ammonium orthophosphate dihydrogen,synonym,CHEBI:62982,NH4H2PO4,CHEBI:62982,MAPPED
ammonium oxalate,synonym,CHEBI:91241,NH4-oxalate,CHEBI:91241,MAPPED
ammonium persulfate,preferred_term,CHEBI:156543,ammonium persulfate,CHEBI:156543,MAPPED
Ammonium saltpeter,synonym,CHEBI:63038,(NH4)NO3,CHEBI:63038,MAPPED
Ammonium Sulfamate,preferred_term,CHEBI:81950,Ammonium Sulfamate,CHEBI:81950,MAPPED
Ammonium Sulfate,synonym,CHEBI:62946,(NH4)2SO4,CHEBI:62946,MAPPED
ammonium sulfate (2:1),synonym,CHEBI:62946,(NH4)2SO4,CHEBI:62946,MAPPED
ammonium sulfide solution,preferred_term,cas:12135-76-1,ammonium sulfide solution,mesh:C027711,MAPPED
Ammonium sulfite monohydrate,preferred_term,cas:7783-11-1,Ammonium sulfite monohydrate,mesh:C048169,MAPPED
ammonium sulphate,synonym,CHEBI:62946,(NH4)2SO4,CHEBI:62946,MAPPED
Ammonium(I) nitrate (1:1),synonym,CHEBI:63038,(NH4)NO3,CHEBI:63038,MAPPED
Ammoniumchlorid,synonym,CHEBI:31206,NH4Cl,CHEBI:31206,MAPPED
amorphous fe(iii) oxyhydroxid,synonym,CHEBI:192761,Ferrihydrite,CHEBI:192761,MAPPED
amorphous iron (iii) oxide,synonym,CHEBI:192761,Ferrihydrite,CHEBI:192761,MAPPED
Amoxicillin,preferred_term,CHEBI:2676,Amoxicillin,CHEBI:2676,MAPPED
Amp,synonym,CHEBI:16027,Adenosine 5'-monophosphate,CHEBI:16027,MAPPED
AMPH-B,synonym,CHEBI:2682,Amphotericin B,CHEBI:2682,MAPPED
Amphomycin,preferred_term,CHEBI:201652,Amphomycin,CHEBI:201652,MAPPED
Amphotericin,preferred_term,UNMAPPED_0325,Amphotericin,,UNMAPPED
Amphotericin A,preferred_term,mesh:C041989,Amphotericin A,mesh:C041989,MAPPED
Amphotericin B,preferred_term,CHEBI:2682,Amphotericin B,CHEBI:2682,MAPPED
amphotericin B,synonym,UNMAPPED_0325,Amphotericin,,UNMAPPED
Amphotericine B,synonym,CHEBI:2682,Amphotericin B,CHEBI:2682,MAPPED
amphotericinum B,synonym,CHEBI:2682,Amphotericin B,CHEBI:2682,MAPPED
ampicilina,synonym,CHEBI:28971,Ampicillin,CHEBI:28971,MAPPED
Ampicillin,preferred_term,CHEBI:28971,Ampicillin,CHEBI:28971,MAPPED
ampicillin acid,synonym,CHEBI:28971,Ampicillin,CHEBI:28971,MAPPED
ampicillin natrium,synonym,CHEBI:34535,Na-ampicillin,CHEBI:34535,MAPPED
Ampicillin sodium,synonym,CHEBI:34535,Na-ampicillin,CHEBI:34535,MAPPED
Ampicillin sodium salt,synonym,CHEBI:34535,Na-ampicillin,CHEBI:34535,MAPPED
Ampicillin sodium salt,preferred_term,CHEBI:34535,Ampicillin sodium salt,CHEBI:34535,REJECTED
ampicilline,synonym,CHEBI:28971,Ampicillin,CHEBI:28971,MAPPED
ampicillinum,synonym,CHEBI:28971,Ampicillin,CHEBI:28971,MAPPED
Amygdalin,preferred_term,CHEBI:27613,Amygdalin,CHEBI:27613,MAPPED
amylopectin from maize,preferred_term,CHEBI:28057,amylopectin from maize,CHEBI:28057,MAPPED
Amylose from potato,preferred_term,CHEBI:28102,Amylose from potato,CHEBI:28102,MAPPED
amylum,synonym,CHEBI:28017,Starch,CHEBI:28017,MAPPED
Anabasine Hydrochloride,preferred_term,cas:53912-89-3,Anabasine Hydrochloride,NCIT:C216370,MAPPED
Anaerobe Basal Broth CM0957,preferred_term,UNMAPPED_0327,Anaerobe Basal Broth CM0957,,UNMAPPED
Andirobin,preferred_term,cas:6488-63-7,Andirobin,cas:6488-63-7,MAPPED
Andrographolide,preferred_term,CHEBI:65408,Andrographolide,CHEBI:65408,MAPPED
Anethole,preferred_term,CHEBI:2716,Anethole,CHEBI:2716,MAPPED
Aneurin,synonym,CHEBI:18385,Thiamine,CHEBI:18385,MAPPED
Angolamycin,preferred_term,mesh:C002547,Angolamycin,mesh:C002547,MAPPED
Angustmycin,preferred_term,CHEBI:8612,Angustmycin,CHEBI:8612,MAPPED
anh. sodium sulfide,synonym,CHEBI:76208,Na2S,CHEBI:76208,MAPPED
Anhydrotetracycline hydrochloride,preferred_term,CHEBI:201752,Anhydrotetracycline hydrochloride,CHEBI:201752,MAPPED
anhydrous calcium chloride,synonym,CHEBI:3312,CaCl2,CHEBI:3312,MAPPED
anhydrous calcium chloride,synonym,CHEBI:3312,CaCl2 x 7 H2O,CHEBI:3312,MAPPED
anhydrous gypsum,synonym,CHEBI:31346,CaSO4 x 7 H2O,CHEBI:31346,MAPPED
anhydrous manganese chloride,synonym,CHEBI:63041,MnCl2,CHEBI:63041,MAPPED
anhydrous sodium acetate,synonym,CHEBI:32954,Sodium acetate·3H2O,CHEBI:32954,MAPPED
anhydrous sodium sulfide,synonym,CHEBI:76208,Na2S,CHEBI:76208,MAPPED
Anhydrous sodium sulfite,synonym,CHEBI:86477,Na2SO3 x 5 H2O,CHEBI:86477,MAPPED
Anisodamine Hydrobromide (),preferred_term,cas:17659-49-3,Anisodamine Hydrobromide (),NCIT:C221850,MAPPED
Anthracene,preferred_term,CHEBI:35298,Anthracene,CHEBI:35298,MAPPED
Anthracycline Antibiotic,preferred_term,CHEBI:49322,Anthracycline Antibiotic,CHEBI:49322,MAPPED
anthranilamide,preferred_term,CHEBI:193638,anthranilamide,CHEBI:193638,MAPPED
anthranilic acid,preferred_term,CHEBI:30754,anthranilic acid,CHEBI:30754,MAPPED
"anthraquinone-2,6-disulfonate",synonym,cas:853-68-9,AQDS,cas:853-68-9,MAPPED
anti-pellagra vitamin,synonym,CHEBI:15940,Nicotinic acid,CHEBI:15940,MAPPED
Antiberiberi factor,synonym,CHEBI:18385,Thiamine,CHEBI:18385,MAPPED
Antimonate,preferred_term,CHEBI:30295,Antimonate,CHEBI:30295,MAPPED
Antimycin A,preferred_term,CHEBI:2762,Antimycin A,CHEBI:2762,MAPPED
Antimycin A3,preferred_term,CHEBI:197950,Antimycin A3,CHEBI:197950,MAPPED
Antipyrine,preferred_term,CHEBI:31225,Antipyrine,CHEBI:31225,MAPPED
Aphidicolin,preferred_term,CHEBI:2766,Aphidicolin,CHEBI:2766,MAPPED
Apidaecin IB,preferred_term,mesh:C061361,Apidaecin IB,mesh:C061361,MAPPED
Apigenin,preferred_term,CHEBI:18388,Apigenin,CHEBI:18388,MAPPED
Apigenin Dimethyl Ether,preferred_term,cas:5728-44-9,Apigenin Dimethyl Ether,CHEBI:28887,MAPPED
Apiole,preferred_term,CHEBI:70353,Apiole,CHEBI:70353,MAPPED
apo-yersiniabactin,preferred_term,UNMAPPED_0239,apo-yersiniabactin,,UNMAPPED
apple acid,synonym,CHEBI:6650,DL-Malic acid,CHEBI:6650,MAPPED
Apramycin,preferred_term,CHEBI:2790,Apramycin,CHEBI:2790,MAPPED
Apramycin sulfate salt,preferred_term,cas:65710-07-8,Apramycin sulfate salt,CHEBI:190734,MAPPED
AQDS,preferred_term,cas:853-68-9,AQDS,cas:853-68-9,MAPPED
aqua,synonym,CHEBI:15377,Distilled water,CHEBI:15377,MAPPED
Aqua-Flave,synonym,CHEBI:17015,Riboflavin,CHEBI:17015,MAPPED
Aquakay,synonym,CHEBI:28869,Menadione,CHEBI:28869,MAPPED
Aquinone,synonym,CHEBI:28869,Menadione,CHEBI:28869,MAPPED
Ar,synonym,CHEBI:49474,argon,CHEBI:49474,MAPPED
Arabinan from Sugar Beet,preferred_term,cas:11078-27-6,Arabinan from Sugar Beet,FOODON:00003412,MAPPED
Arabinitol,preferred_term,CHEBI:22605,Arabinitol,CHEBI:22605,MAPPED
arabino-hex-2-ulose,synonym,CHEBI:28757,Fructose,CHEBI:28757,MAPPED
arabino-Hexulose,synonym,CHEBI:28757,Fructose,CHEBI:28757,MAPPED
arabino-pentose,synonym,CHEBI:22599,Arabinose,CHEBI:22599,MAPPED
Arabinobiose,preferred_term,cas:78088-21-8,Arabinobiose,mesh:C434937,MAPPED
Arabinose,preferred_term,CHEBI:22599,Arabinose,CHEBI:22599,MAPPED
Arabinotriose,preferred_term,cas:89315-59-3,Arabinotriose,CHEBI:62799,MAPPED
Arabinoxylan (Rye Flour),preferred_term,FOODON:03302492,Arabinoxylan (Rye Flour),FOODON:03302492,MAPPED
Arabitol,preferred_term,CHEBI:18403,Arabitol,CHEBI:18403,MAPPED
Arbutin,preferred_term,NCIT:C87429,Arbutin,NCIT:C87429,MAPPED
Arcrane,synonym,CHEBI:53311,Sodium alginate,CHEBI:53311,MAPPED
Ardacin A,preferred_term,kgmicrobe.compound:ardacin_a,Ardacin A,NCIT:C169786,MAPPED
Ardacin B,preferred_term,kgmicrobe.compound:ardacin_b,Ardacin B,NCIT:C169786,MAPPED
Ardacin C,preferred_term,kgmicrobe.compound:ardacin_c,Ardacin C,NCIT:C169786,MAPPED
Arecoline Hydrobromide,preferred_term,CHEBI:233150,Arecoline Hydrobromide,CHEBI:233150,MAPPED
Arginin,synonym,CHEBI:29016,Arginine,CHEBI:29016,MAPPED
Arginine,preferred_term,CHEBI:29016,Arginine,CHEBI:29016,MAPPED
Arginine hydrochloride,synonym,CHEBI:31235,L-Arginine x HCl,CHEBI:31235,MAPPED
argon,preferred_term,CHEBI:49474,argon,CHEBI:49474,MAPPED
Aristolochic Acid,preferred_term,CHEBI:2825,Aristolochic Acid,CHEBI:2825,MAPPED
Aromatic compound,preferred_term,CHEBI:33655,Aromatic compound,CHEBI:33655,MAPPED
aromatic compounds,synonym,CHEBI:33655,Aromatic compound,CHEBI:33655,MAPPED
Aromatic hydrocarbon,preferred_term,CHEBI:33848,Aromatic hydrocarbon,CHEBI:33848,MAPPED
aromatic molecular entity,synonym,CHEBI:33655,Aromatic compound,CHEBI:33655,MAPPED
Arsenate,preferred_term,CHEBI:29125,Arsenate,CHEBI:29125,MAPPED
Arsenate ion,synonym,CHEBI:29125,Arsenate,CHEBI:29125,MAPPED
arsorate,synonym,CHEBI:29125,Arsenate,CHEBI:29125,MAPPED
Artepaulin,preferred_term,cas:13902-54-0,Artepaulin,cas:13902-54-0,MAPPED
Artificial Sea Salt,preferred_term,MICRO:0001647,Artificial Sea Salt,MICRO:0001647,MAPPED
Ascoltin,synonym,CHEBI:29073,L-Ascorbic acid,CHEBI:29073,MAPPED
Ascomycin,preferred_term,CHEBI:29582,Ascomycin,CHEBI:29582,MAPPED
Ascophyllum,synonym,CHEBI:53311,Sodium alginate,CHEBI:53311,MAPPED
Ascorbate,preferred_term,CHEBI:22651,Ascorbate,CHEBI:22651,MAPPED
ascorbate de sodium,synonym,CHEBI:113451,Na-ascorbate,CHEBI:113451,MAPPED
Ascorbic acid,preferred_term,CHEBI:22652,Ascorbic acid,CHEBI:22652,MAPPED
ascorbic acid sodium salt,synonym,CHEBI:113451,Na-ascorbate,CHEBI:113451,MAPPED
Ascorbicap,synonym,CHEBI:29073,L-Ascorbic acid,CHEBI:29073,MAPPED
Ascorbinsaeure,synonym,CHEBI:29073,L-Ascorbic acid,CHEBI:29073,MAPPED
Ascosin,preferred_term,kgmicrobe.compound:ascosin,Ascosin,kgmicrobe.compound:ascosin,MAPPED
Asialofetuin,preferred_term,mesh:C017029,Asialofetuin,mesh:C017029,MAPPED
Asiaticoside,preferred_term,CHEBI:79928,Asiaticoside,CHEBI:79928,MAPPED
Asolectin from soybean,preferred_term,UNMAPPED_0232,Asolectin from soybean,,UNMAPPED
Asparagin,synonym,CHEBI:22653,Asparagine,CHEBI:22653,MAPPED
asparagina,synonym,CHEBI:22653,Asparagine,CHEBI:22653,MAPPED
ASPARAGINE,synonym,CHEBI:17196,L-Asparagine,CHEBI:17196,MAPPED
Asparagine,preferred_term,CHEBI:22653,Asparagine,CHEBI:22653,MAPPED
Aspartamic acid,synonym,CHEBI:17196,L-Asparagine,CHEBI:17196,MAPPED
Aspartate,preferred_term,CHEBI:132943,Aspartate,CHEBI:132943,MAPPED
ASPARTIC ACID,synonym,CHEBI:17053,L-Aspartic acid,CHEBI:17053,MAPPED
ASPARTIC ACID,synonym,cas:1115-63-5,L-Aspartic acid potassium salt,CHEBI:17053,MAPPED
ASPARTIC ACID,synonym,cas:323194-76-9,L-Aspartic acid sodium salt monohydrate,CHEBI:17053,MAPPED
aspyrone,synonym,CHEBI:18101,4-Hydroxyphenyl acetic acid,CHEBI:18101,MAPPED
Astaxanthin,preferred_term,CHEBI:40968,Astaxanthin,CHEBI:40968,MAPPED
Astromicin,preferred_term,CHEBI:37923,Astromicin,CHEBI:37923,MAPPED
asuccin,synonym,CHEBI:15741,Succinic acid,CHEBI:15741,MAPPED
ATCC Wolfe's mineral mix,preferred_term,UNMAPPED_0298,ATCC Wolfe's mineral mix,,UNMAPPED
ATCC Wolfe's mineral mix minus iron,preferred_term,UNMAPPED_0313,ATCC Wolfe's mineral mix minus iron,,UNMAPPED
ATCC Wolfe's vitamin mix,preferred_term,UNMAPPED_0259,ATCC Wolfe's vitamin mix,,UNMAPPED
Atorvastatin calcium salt trihydrate,preferred_term,CHEBI:2911,Atorvastatin calcium salt trihydrate,CHEBI:2911,MAPPED
Atrazin,preferred_term,cas:1924-24-9,Atrazin,cas:1924-24-9,MAPPED
atrazine,synonym,CHEBI:15930,"2-chloro-4ethylamino-6-isopropylamino-1,3,5-triazine",CHEBI:15930,MAPPED
Atrop Abyssomicin C,preferred_term,mesh:C509797,Atrop Abyssomicin C,mesh:C509797,MAPPED
atrop-abyssomicin C,synonym,mesh:C509797,Atrop Abyssomicin C,mesh:C509797,MAPPED
Auraptene,preferred_term,CHEBI:134355,Auraptene,CHEBI:134355,MAPPED
Aureothricin,preferred_term,CHEBI:156452,Aureothricin,CHEBI:156452,MAPPED
Auryxia,synonym,CHEBI:144421,Fe(III) citrate,CHEBI:144421,MAPPED
Austrapen,synonym,CHEBI:34535,Na-ampicillin,CHEBI:34535,MAPPED
"autoclaved, Galactan from Potato",synonym,UNMAPPED_0238,Galactan from Potato,,UNMAPPED
"autoclaved, Glucomannan (konjac)",synonym,cas:11078-31-2,Glucomannan (konjac),CHEBI:17020,MAPPED
"autoclaved, Glycogen",synonym,CHEBI:28087,Glycogen,CHEBI:28087,MAPPED
"autoclaved, Mucin from porcine stomach type II",synonym,cas:84082-64-4,"Mucin from porcine stomach,Type II",cas:84082-64-4,MAPPED
"autoclaved, polygalacturonic acid",synonym,CHEBI:62969,polygalacturonic acid,CHEBI:62969,MAPPED
Avantafiber,preferred_term,UNMAPPED_0221,Avantafiber,,UNMAPPED
Avermectin,preferred_term,CHEBI:50344,Avermectin,CHEBI:50344,MAPPED
Avidin,preferred_term,cas:1405-69-2,Avidin,mesh:D001360,MAPPED
Avocadene,preferred_term,CHEBI:172520,Avocadene,CHEBI:172520,MAPPED
Avocadyne,preferred_term,CHEBI:168507,Avocadyne,CHEBI:168507,MAPPED
Avocatin A,preferred_term,UNMAPPED_0187,Avocatin A,,UNMAPPED
Avocatin B,preferred_term,mesh:C000709627,Avocatin B,mesh:C000709627,MAPPED
Avoparcin,preferred_term,NCIT:C169798,Avoparcin,NCIT:C169798,MAPPED
Azacolutin,preferred_term,kgmicrobe.compound:azacolutin,Azacolutin,kgmicrobe.compound:azacolutin,MAPPED
Azadirachtin,preferred_term,CHEBI:38473,Azadirachtin,CHEBI:38473,MAPPED
azanium acetate,synonym,CHEBI:62947,Ammonium acetate,CHEBI:62947,MAPPED
azanium chloride,synonym,CHEBI:31206,NH4Cl,CHEBI:31206,MAPPED
azanium;hydrogen carbonate,synonym,CHEBI:184335,NH4HCO3,CHEBI:184335,MAPPED
Azaserine,preferred_term,CHEBI:74846,Azaserine,CHEBI:74846,MAPPED
Azelaate,preferred_term,CHEBI:132955,Azelaate,CHEBI:132955,MAPPED
Azelaic acid,preferred_term,CHEBI:48131,Azelaic acid,CHEBI:48131,MAPPED
azepan-2-one,synonym,CHEBI:28579,Caprolactam,CHEBI:28579,MAPPED
Azetat,synonym,CHEBI:30089,Acetate,CHEBI:30089,MAPPED
Azithromycin,preferred_term,CHEBI:2955,Azithromycin,CHEBI:2955,MAPPED
Azlocillin sodium salt,preferred_term,CHEBI:51864,Azlocillin sodium salt,CHEBI:51864,MAPPED
Azomycin,preferred_term,CHEBI:67135,Azomycin,CHEBI:67135,MAPPED
azoperoxoite,synonym,CHEBI:25941,peroxynitrite,CHEBI:25941,MAPPED
Aztreonam,preferred_term,CHEBI:161680,Aztreonam,CHEBI:161680,MAPPED
azufre,synonym,CHEBI:26833,Sulfur,CHEBI:26833,MAPPED
azul de metileno,synonym,CHEBI:6872,Methylene blue,CHEBI:6872,MAPPED
Azureomycin,preferred_term,kgmicrobe.compound:azureomycin,Azureomycin,kgmicrobe.compound:azureomycin,MAPPED
B(OH)3,synonym,CHEBI:33118,H3BO3,CHEBI:33118,MAPPED
B-alanine,synonym,CHEBI:16958,Beta-alanine,CHEBI:16958,MAPPED
b-glucan from Barley,preferred_term,UNMAPPED_0247,b-glucan from Barley,,UNMAPPED
"b-Glucan from Beet (1,2-b-Glucan)",preferred_term,UNMAPPED_0237,"b-Glucan from Beet (1,2-b-Glucan)",,UNMAPPED
b-Glucan from Oat,preferred_term,CHEBI:28793,b-Glucan from Oat,CHEBI:28793,MAPPED
B-glucan from yeast,preferred_term,UNMAPPED_0235,B-glucan from yeast,,UNMAPPED
b-lactate,synonym,CHEBI:24996,Lactate,CHEBI:24996,MAPPED
b-Mannan borohydrate reduced carob seed,preferred_term,cas:9036-88-8,b-Mannan borohydrate reduced carob seed,cas:9036-88-8,MAPPED
Bacillomycin,preferred_term,UNMAPPED_0799,Bacillomycin,,UNMAPPED
Bacitracin,preferred_term,CHEBI:28669,Bacitracin,CHEBI:28669,MAPPED
BaCl2,preferred_term,CHEBI:63317,BaCl2,CHEBI:63317,MAPPED
BaCl2 x 2 H2O,preferred_term,CHEBI:86153,BaCl2 x 2 H2O,CHEBI:86153,MAPPED
BaCl2.2H2O,synonym,CHEBI:86153,BaCl2 x 2 H2O,CHEBI:86153,MAPPED
BaCl2·2H2O,synonym,CHEBI:86153,BaCl2 x 2 H2O,CHEBI:86153,MAPPED
BaCl2・2H2O,synonym,CHEBI:86153,BaCl2 x 2 H2O,CHEBI:86153,MAPPED
Bacteriochlorophyll A,preferred_term,CHEBI:30033,Bacteriochlorophyll A,CHEBI:30033,MAPPED
Bacteriochlorophyll Alpha,synonym,CHEBI:30033,Bacteriochlorophyll A,CHEBI:30033,MAPPED
Bacteriocin Isk 1,preferred_term,kgmicrobe.compound:bacteriocin_isk_1,Bacteriocin Isk 1,kgmicrobe.compound:bacteriocin_isk_1,MAPPED
bacteriocin ISK-1,synonym,kgmicrobe.compound:bacteriocin_isk_1,Bacteriocin Isk 1,kgmicrobe.compound:bacteriocin_isk_1,MAPPED
bacteriocin ISK-I,synonym,kgmicrobe.compound:bacteriocin_isk_1,Bacteriocin Isk 1,kgmicrobe.compound:bacteriocin_isk_1,MAPPED
Bacteriological Agar,synonym,CHEBI:2509,Agar,CHEBI:2509,MAPPED
Bacteriological peptone,synonym,MICRO:0000178,Bacto peptone,MICRO:0000178,MAPPED
Bacto beef extract,synonym,FOODON:03302088,Beef extract,FOODON:03302088,MAPPED
Bacto Beef Extract (Difco),synonym,FOODON:03302088,Beef extract,FOODON:03302088,MAPPED
Bacto Bitone,preferred_term,UNMAPPED_0330,Bacto Bitone,,UNMAPPED
Bacto brain heart infusion,preferred_term,MICRO:0000193,Bacto brain heart infusion,MICRO:0000193,MAPPED
Bacto Casitone (Difco),synonym,MICRO:0000606,Casitone,MICRO:0000606,MAPPED
Bacto Heart Infusion Broth,preferred_term,UNMAPPED_0332,Bacto Heart Infusion Broth,,UNMAPPED
Bacto m TGE broth,preferred_term,UNMAPPED_0333,Bacto m TGE broth,,UNMAPPED
Bacto Malt Extract (Difco),synonym,FOODON:03301056,Malt extract,FOODON:03301056,MAPPED
Bacto Middlebrook 7H10 agar,preferred_term,UNMAPPED_0115,Bacto Middlebrook 7H10 agar,,UNMAPPED
Bacto Panton,preferred_term,UNMAPPED_0334,Bacto Panton,,UNMAPPED
Bacto Peptone,synonym,MICRO:0000178,Bacto peptone,MICRO:0000178,MAPPED
Bacto peptone,preferred_term,MICRO:0000178,Bacto peptone,MICRO:0000178,MAPPED
Bacto peptone (BD--Difco),synonym,MICRO:0000178,Bacto peptone,MICRO:0000178,MAPPED
Bacto peptone (BD-Difco),synonym,MICRO:0000178,Bacto peptone,MICRO:0000178,MAPPED
Bacto Peptone (Difco),synonym,MICRO:0000178,Bacto peptone,MICRO:0000178,MAPPED
Bacto Proteose Peptone No. 3 (Difco),synonym,MICRO:0000180,Proteose Peptone,MICRO:0000180,MAPPED
Bacto Proteose Peptone No.3 (Difco),synonym,MICRO:0000180,Proteose Peptone,MICRO:0000180,MAPPED
Bacto Soytone,synonym,FOODON:03315720,Soy peptone,FOODON:03315720,MAPPED
Bacto Soytone,preferred_term,CHEBI:8150,Bacto Soytone,FOODON:03315720,REJECTED
Bacto Tryptic Soy Agar,preferred_term,MICRO:0000114,Bacto Tryptic Soy Agar,MICRO:0000114,MAPPED
Bacto Tryptic Soy Agar (Difco),synonym,MICRO:0000114,Bacto Tryptic Soy Agar,MICRO:0000114,MAPPED
Bacto Tryptic Soy Agar (Difco),preferred_term,MICRO:0000114,Bacto Tryptic Soy Agar (Difco),MICRO:0000114,REJECTED
Bacto Tryptic Soy Broth,preferred_term,MICRO:0000113,Bacto Tryptic Soy Broth,MICRO:0000113,MAPPED
Bacto Tryptic Soy Broth (Difco),synonym,MICRO:0000113,Bacto Tryptic Soy Broth,MICRO:0000113,MAPPED
Bacto Tryptic Soy Broth (Difco),preferred_term,MICRO:0000113,Bacto Tryptic Soy Broth (Difco),MICRO:0000113,REJECTED
Bacto Tryptone,synonym,MICRO:0000182,Bacto-tryptone,MICRO:0000182,MAPPED
Bacto Tryptone,synonym,MICRO:0000182,Tryptone,MICRO:0000182,MAPPED
Bacto tryptone,synonym,MICRO:0000182,Tryptone,MICRO:0000182,MAPPED
Bacto Tryptone (DIfco),synonym,MICRO:0000182,Tryptone,MICRO:0000182,MAPPED
Bacto Tryptone (Difco),synonym,MICRO:0000182,Tryptone,MICRO:0000182,MAPPED
Bacto Yeast  Extract (Difco),synonym,FOODON:03315426,Yeast extract,FOODON:03315426,MAPPED
Bacto yeast extract,synonym,FOODON:03315426,Yeast extract,FOODON:03315426,MAPPED
Bacto Yeast Extract (Difco),synonym,FOODON:03315426,Yeast extract,FOODON:03315426,MAPPED
Bacto-Peptone (BD),synonym,MICRO:0000178,Bacto peptone,MICRO:0000178,MAPPED
Bacto-tryptone,preferred_term,MICRO:0000182,Bacto-tryptone,MICRO:0000182,MAPPED
bacto-tryptone,synonym,MICRO:0000182,Bacto-tryptone,MICRO:0000182,MAPPED
Bacto-yeast extract,synonym,FOODON:03315426,Yeast extract,FOODON:03315426,MAPPED
Bafilomycin,preferred_term,kgmicrobe.compound:bafilomycin,Bafilomycin,kgmicrobe.compound:bafilomycin,MAPPED
Bafilomycin B1,preferred_term,CHEBI:199416,Bafilomycin B1,CHEBI:199416,MAPPED
Baicalein,preferred_term,CHEBI:2979,Baicalein,CHEBI:2979,MAPPED
Baker's yeast,preferred_term,FOODON:03413797,Baker's yeast,FOODON:03413797,MAPPED
baking soda,synonym,CHEBI:32139,NaHCO3,CHEBI:32139,MAPPED
Balhimycin,preferred_term,CHEBI:47250,Balhimycin,CHEBI:47250,MAPPED
Bandamycin,preferred_term,kgmicrobe.compound:bandamycin,Bandamycin,kgmicrobe.compound:bandamycin,MAPPED
barium chloride,synonym,CHEBI:63317,BaCl2,CHEBI:63317,MAPPED
barium chloride dihydrate,synonym,CHEBI:86153,BaCl2 x 2 H2O,CHEBI:86153,MAPPED
barium chloride--water (1/2),synonym,CHEBI:86153,BaCl2 x 2 H2O,CHEBI:86153,MAPPED
barium dichloride,synonym,CHEBI:63317,BaCl2,CHEBI:63317,MAPPED
Barium dichloride dihydrate,synonym,CHEBI:86153,BaCl2 x 2 H2O,CHEBI:86153,MAPPED
Barley grains,preferred_term,UNMAPPED_0096,Barley grains,,UNMAPPED
Barley grains autoclaved,preferred_term,UNMAPPED_0104,Barley grains autoclaved,,UNMAPPED
Barley grains(add after dH2O),synonym,UNMAPPED_0096,Barley grains,,UNMAPPED
Basal mineral NaCl medium,preferred_term,UNMAPPED_0336,Basal mineral NaCl medium,,UNMAPPED
Basic Blue 9,synonym,CHEBI:6872,Methylene blue,CHEBI:6872,MAPPED
Basic Green 4,synonym,CHEBI:72449,Malachite green,CHEBI:72449,MAPPED
Bathocuproine disulfonic acid disodium salt,preferred_term,cas:52698-84-7,Bathocuproine disulfonic acid disodium salt,CHEBI:63934,MAPPED
Bathocuproinedisulfonic acid disodium salt,synonym,cas:52698-84-7,Bathocuproine disulfonic acid disodium salt,CHEBI:63934,MAPPED
Bathophenanthrolinedisulfonic acid disodium salt hydrate,preferred_term,CHEBI:78157,Bathophenanthrolinedisulfonic acid disodium salt hydrate,CHEBI:78157,MAPPED
BC Lignin Sorghum,preferred_term,UNMAPPED_0169,BC Lignin Sorghum,,UNMAPPED
BCYE agar,preferred_term,UNMAPPED_0113,BCYE agar,,UNMAPPED
Bedaquiline,preferred_term,CHEBI:72292,Bedaquiline,CHEBI:72292,MAPPED
Beef,preferred_term,NCIT:C71932,Beef,NCIT:C71932,MAPPED
Beef brain powder,preferred_term,kgmicrobe.ingredient:beef_brain_powder,Beef brain powder,FOODON:02020911,MAPPED
Beef Extract,synonym,FOODON:03302088,Beef extract,FOODON:03302088,MAPPED
Beef extract,preferred_term,FOODON:03302088,Beef extract,FOODON:03302088,MAPPED
beef extract,synonym,FOODON:03302088,Beef extract,FOODON:03302088,MAPPED
Beef extract (BBL),synonym,FOODON:03302088,Beef extract,FOODON:03302088,MAPPED
Beef extract (BD-Difco),synonym,FOODON:03302088,Beef extract,FOODON:03302088,MAPPED
Beef extract(Sigma B-4888),synonym,FOODON:03302088,Beef extract,FOODON:03302088,MAPPED
Beef heart,preferred_term,FOODON:00004410,Beef heart,FOODON:00004410,MAPPED
Beef Heart Infusion,preferred_term,kgmicrobe.ingredient:beef_heart_infusion,Beef Heart Infusion,FOODON:00004410,MAPPED
Beflavin,synonym,CHEBI:17015,Riboflavin,CHEBI:17015,MAPPED
Beflavine,synonym,CHEBI:17015,Riboflavin,CHEBI:17015,MAPPED
Beijerinck's Solution,preferred_term,UNMAPPED_0085,Beijerinck's Solution,,UNMAPPED
Benzalkonium Chloride,preferred_term,CHEBI:3020,Benzalkonium Chloride,CHEBI:3020,MAPPED
Benzbromarone,preferred_term,CHEBI:3023,Benzbromarone,CHEBI:3023,MAPPED
Benzene,preferred_term,CHEBI:16716,Benzene,CHEBI:16716,MAPPED
"benzene-1,2,3-triol",synonym,CHEBI:16164,Pyrogallol,CHEBI:16164,MAPPED
"benzene-1,2-diol",synonym,CHEBI:18135,Pyrocatechol,CHEBI:18135,MAPPED
"Benzene-1,4-diol",synonym,CHEBI:17594,Hydroquinone,CHEBI:17594,MAPPED
Benzeneacrylic acid,synonym,CHEBI:35697,trans-Cinnamic acid,CHEBI:35697,MAPPED
benzenediamine,synonym,CHEBI:51402,Phenylenediamine,CHEBI:51402,MAPPED
Benzenol,synonym,CHEBI:15882,Phenol,CHEBI:15882,MAPPED
Benzethonium chloride,preferred_term,CHEBI:31264,Benzethonium chloride,CHEBI:31264,MAPPED
benzimidazolyl cobamide,preferred_term,UNMAPPED_0178,benzimidazolyl cobamide,,UNMAPPED
"benzo[j,k]acenaphthylene",synonym,CHEBI:33083,Fluoranthene,CHEBI:33083,MAPPED
benzo[jk]fluorene,synonym,CHEBI:33083,Fluoranthene,CHEBI:33083,MAPPED
Benzoate,preferred_term,CHEBI:16150,Benzoate,CHEBI:16150,MAPPED
benzoic acid,preferred_term,CHEBI:30746,benzoic acid,CHEBI:30746,MAPPED
"Benzoic acid, sodium salt",synonym,CHEBI:113455,Na-benzoate,CHEBI:113455,MAPPED
Benzoin,preferred_term,CHEBI:17682,Benzoin,CHEBI:17682,MAPPED
Benzyl Alcohol,preferred_term,CHEBI:17987,Benzyl Alcohol,CHEBI:17987,MAPPED
Benzyl cyanide,synonym,CHEBI:25979,Benzylcyanide,CHEBI:25979,MAPPED
Benzyl isothiocyanate,preferred_term,CHEBI:17484,Benzyl isothiocyanate,CHEBI:17484,MAPPED
Benzylcyanide,preferred_term,CHEBI:25979,Benzylcyanide,CHEBI:25979,MAPPED
Benzylhydrazine Hydrochloride,preferred_term,cas:3287-99-8,Benzylhydrazine Hydrochloride,cas:3287-99-8,MAPPED
Berberine,preferred_term,CHEBI:16118,Berberine,CHEBI:16118,MAPPED
Bergapten,preferred_term,CHEBI:18293,Bergapten,CHEBI:18293,MAPPED
Bergenin,preferred_term,CHEBI:69499,Bergenin,CHEBI:69499,MAPPED
Bernsteinsaeure,synonym,CHEBI:15741,Succinic acid,CHEBI:15741,MAPPED
beryllium sulfate tetrahydrate,preferred_term,CHEBI:53502,beryllium sulfate tetrahydrate,CHEBI:53502,MAPPED
beryllium sulfate--water (1/4),synonym,CHEBI:53502,beryllium sulfate tetrahydrate,CHEBI:53502,MAPPED
Bet,synonym,CHEBI:17750,Betaine x H2O,CHEBI:17750,MAPPED
beta lactose,synonym,CHEBI:17716,Lactose,CHEBI:17716,MAPPED
Beta Lipomycin,synonym,mesh:C000601869,beta-Lipomycin,mesh:C000601869,MAPPED
"beta,beta'-diamino-beta,beta'-dicarboxydiethyl disulfide",synonym,CHEBI:16283,L-Cystine,CHEBI:16283,MAPPED
"beta,beta'-dithiodialanine",synonym,CHEBI:16283,L-Cystine,CHEBI:16283,MAPPED
"beta-1,4-Poly-D-glucosamine",synonym,CHEBI:16261,Chitosan,CHEBI:16261,MAPPED
beta-3-indolylalanine,synonym,CHEBI:27897,Tryptophan,CHEBI:27897,MAPPED
Beta-alanine,preferred_term,CHEBI:16958,Beta-alanine,CHEBI:16958,MAPPED
beta-aminoethylsulfonic acid,synonym,CHEBI:15891,Taurine,CHEBI:15891,MAPPED
Beta-Amyrin,preferred_term,CHEBI:10352,Beta-Amyrin,CHEBI:10352,MAPPED
beta-CD,synonym,CHEBI:495055,Cyclomaltoheptaose,CHEBI:495055,MAPPED
beta-cycloamylose,synonym,CHEBI:495055,Cyclomaltoheptaose,CHEBI:495055,MAPPED
beta-cyclodextrin,synonym,CHEBI:495055,Cyclomaltoheptaose,CHEBI:495055,MAPPED
beta-D-adenosine,synonym,CHEBI:16335,Adenosine,CHEBI:16335,MAPPED
beta-D-arabino-Hexulose,synonym,CHEBI:28757,Fructose,CHEBI:28757,MAPPED
beta-D-fructofuranosyl alpha-D-galactopyranosyl-(1->6)-alpha-D-galactopyranosyl-(1->6)-alpha-D-galactopyranosyl-(1->6)-alpha-D-glucopyranoside,synonym,CHEBI:28586,Verbascose,CHEBI:28586,MAPPED
beta-D-fructofuranosyl alpha-D-galactopyranosyl-(1->6)-alpha-D-galactopyranosyl-(1->6)-alpha-D-glucopyranoside,synonym,CHEBI:17164,Stachyose - 70%,CHEBI:17164,MAPPED
beta-D-fructofuranosyl alpha-D-galactopyranosyl-(1->6)-alpha-D-glucopyranoside,synonym,CHEBI:16634,Raffinose,CHEBI:16634,MAPPED
beta-D-fructofuranosyl alpha-D-glucopyranoside,synonym,CHEBI:17992,Sucrose,CHEBI:17992,MAPPED
beta-D-fructofuranosyl alpha-D-glucopyranoside,synonym,CHEBI:17992,D-Sucrose,CHEBI:17992,REJECTED
beta-D-fructofuranosyl-(2->1)-beta-D-fructofuranosyl alpha-D-glucopyranoside,synonym,CHEBI:16885,1-Kestose,CHEBI:16885,MAPPED
beta-D-Fructose,synonym,CHEBI:28757,Fructose,CHEBI:28757,MAPPED
beta-D-Fruf-(2<->1)-alpha-D-Glcp,synonym,CHEBI:17992,Sucrose,CHEBI:17992,MAPPED
Beta-D-fucose,preferred_term,CHEBI:27442,Beta-D-fucose,CHEBI:27442,MAPPED
beta-D-Gal-(1->4)-D-Glc,synonym,CHEBI:17716,Lactose,CHEBI:17716,MAPPED
Beta-D-galacto-pyranosyl-D-arabinose,preferred_term,UNMAPPED_0800,Beta-D-galacto-pyranosyl-D-arabinose,,UNMAPPED
beta-D-galactopyranosyl-(1->3)-2-acetamido-2-deoxy-beta-D-glucopyranosyl-(1->3)-beta-D-galactopyranosyl-(1->4)-D-glucopyranose,synonym,cas:14116-68-8,Lacto-N-tetraose,CHEBI:30248,MAPPED
beta-D-galactopyranosyl-(1->4)-2-acetamido-2-deoxy-beta-D-glucopyranosyl-(1->3)-beta-D-galactopyranosyl-(1->4)-D-glucopyranose,synonym,CHEBI:60239,Lacto-N-neotetraose,CHEBI:60239,MAPPED
beta-D-galactopyranosyl-(1->4)-alpha-D-glucopyranose,synonym,CHEBI:36219,alpha-Lactose,CHEBI:36219,MAPPED
beta-D-galactopyranosyl-(1->4)-beta-D-glucopyranose,synonym,CHEBI:36218,Beta-Lactose,CHEBI:36218,MAPPED
beta-D-galactopyranosyl-(1->4)-D-glucopyranose,synonym,CHEBI:17716,Lactose,CHEBI:17716,MAPPED
Beta-D-galactoside,preferred_term,CHEBI:28034,Beta-D-galactoside,CHEBI:28034,MAPPED
beta-D-Galp-(1->4)-beta-D-Glcp,synonym,CHEBI:17716,Lactose,CHEBI:17716,MAPPED
beta-D-Galp-(1->4)-D-Glcp,synonym,CHEBI:17716,Lactose,CHEBI:17716,MAPPED
beta-D-glucopyranosyl-(1->3)-D-glucopyranose,synonym,CHEBI:18411,Laminaribiose,CHEBI:18411,MAPPED
beta-D-glucopyranosyl-(1->4)-beta-D-glucoopyranosyl-(1->4)-beta-D-glucoopyranosyl-(1->4)-D-glucoopyranose,synonym,CHEBI:62974,Cellotetraose,CHEBI:62974,MAPPED
beta-D-glucopyranosyl-(1->4)-beta-D-glucopyranosyl-(1->4)-beta-D-glucopyranosyl-(1->4)-beta-D-glucopyranosyl-(1->4)-beta-D-glucopyranosyl-(1->4)-beta-D-glucopyranose,synonym,CHEBI:49533,Cellohexaose,CHEBI:49533,MAPPED
beta-D-glucopyranosyl-(1->4)-beta-D-glucopyranosyl-(1->4)-beta-D-glucopyranosyl-(1->4)-beta-D-glucopyranosyl-(1->4)-D-glucopyranose,synonym,CHEBI:62976,Cellopentaose,CHEBI:62976,MAPPED
beta-D-glucopyranosyl-(1->4)-beta-D-glucopyranosyl-(1->4)-D-glucopyranose,synonym,CHEBI:3528,Cellotriose,CHEBI:3528,MAPPED
beta-D-glucopyranosyl-(1->4)-beta-D-glucopyranosyl-(1->4)-D-glucose,synonym,CHEBI:3528,Cellotriose,CHEBI:3528,MAPPED
beta-D-glucopyranosyl-(1->4)-D-glucopyranose,synonym,CHEBI:17057,Cellobiose,CHEBI:17057,MAPPED
beta-D-glucopyranosyl-(1->6)-D-glucopyranose,synonym,CHEBI:28066,Gentibiose,CHEBI:28066,MAPPED
beta-D-glucopyranuronamide,synonym,cas:3789-97-7,Glucuronamide,CHEBI:32323,MAPPED
Beta-d-glucose,preferred_term,CHEBI:15903,Beta-d-glucose,CHEBI:15903,MAPPED
Beta-D-glucuronic Acid,preferred_term,CHEBI:28860,Beta-D-glucuronic Acid,CHEBI:28860,MAPPED
beta-D-mannopyranosyl-(1->4)-D-mannopyranose,synonym,CHEBI:25164,Mannobiose,CHEBI:25164,MAPPED
beta-D-mannopyranosyl-(1->4)-D-mannose,synonym,CHEBI:25164,Mannobiose,CHEBI:25164,MAPPED
beta-D-xylopyranosyl-(1->4)-beta-D-xylopyranosyl-(1->4)-beta-D-xylopyranosyl-(1->4)-D-xylopyranose,synonym,CHEBI:62972,Xylotetraose,CHEBI:62972,MAPPED
beta-D-xylopyranosyl-(1->4)-D-xylopyranose,synonym,CHEBI:28309,Xylobiose,CHEBI:28309,MAPPED
Beta-D-xylose,preferred_term,CHEBI:28161,Beta-D-xylose,CHEBI:28161,MAPPED
beta-Fruit sugar,synonym,CHEBI:28757,Fructose,CHEBI:28757,MAPPED
Beta-gentiobiose,preferred_term,CHEBI:71422,Beta-gentiobiose,CHEBI:71422,MAPPED
Beta-Glycerophosphate disodium salt hydrate,preferred_term,cas:154804-51-0,Beta-Glycerophosphate disodium salt hydrate,CHEBI:17270,MAPPED
beta-Hydroxy-L-alanine,synonym,CHEBI:17115,L-Serine,CHEBI:17115,MAPPED
beta-Hydroxyalanine,synonym,CHEBI:17115,L-Serine,CHEBI:17115,MAPPED
Beta-hydroxybutyrate,synonym,CHEBI:37054,3-hydroxybutyrate,CHEBI:37054,MAPPED
beta-lactate,synonym,CHEBI:24996,Lactate,CHEBI:24996,MAPPED
Beta-Lactose,preferred_term,CHEBI:36218,Beta-Lactose,CHEBI:36218,MAPPED
Beta-Lapachone,preferred_term,CHEBI:10429,Beta-Lapachone,CHEBI:10429,MAPPED
beta-Levulose,synonym,CHEBI:28757,Fructose,CHEBI:28757,MAPPED
beta-Lipomycin,preferred_term,mesh:C000601869,beta-Lipomycin,mesh:C000601869,MAPPED
beta-mercaptoethanesulfonic acid,synonym,CHEBI:17905,2-Mercaptoethanesulfonate,CHEBI:17905,MAPPED
BETA-MERCAPTOETHANOL,synonym,CHEBI:41218,2-Mercaptoethanol,CHEBI:41218,MAPPED
beta-methacrylate,synonym,CHEBI:35899,Na-crotonate,CHEBI:35899,MAPPED
beta-methylacrylate,synonym,CHEBI:35899,Na-crotonate,CHEBI:35899,MAPPED
beta-methylbutyric acid,synonym,CHEBI:28484,Isovaleric acid,CHEBI:28484,MAPPED
beta-NAD,preferred_term,CHEBI:15846,beta-NAD,CHEBI:15846,MAPPED
beta-phenyl-L-alanine,synonym,CHEBI:17295,L-Phenylalanine,CHEBI:17295,MAPPED
Beta-phenylethylamine,synonym,CHEBI:18397,2-phenylethylamine,CHEBI:18397,MAPPED
beta-pyridinecarboxamide,synonym,CHEBI:17154,Nicotinamide,CHEBI:17154,MAPPED
beta-pyridinecarboxylic acid,synonym,CHEBI:15940,Nicotinic acid,CHEBI:15940,MAPPED
beta-T,synonym,CHEBI:36018,"1,1,2-Trichloroethane",CHEBI:36018,MAPPED
beta-trichloroethane,synonym,CHEBI:36018,"1,1,2-Trichloroethane",CHEBI:36018,MAPPED
beta-Uridine,synonym,CHEBI:16704,Uridine,CHEBI:16704,MAPPED
betadex,synonym,CHEBI:495055,Cyclomaltoheptaose,CHEBI:495055,MAPPED
Betaine,synonym,CHEBI:17750,Betaine x H2O,CHEBI:17750,MAPPED
Betaine hydrochloride,preferred_term,cas:590-46-5,Betaine hydrochloride,CHEBI:17750,MAPPED
Betaine x H2O,preferred_term,CHEBI:17750,Betaine x H2O,CHEBI:17750,MAPPED
Betanin,preferred_term,CHEBI:3080,Betanin,CHEBI:3080,MAPPED
BG-11 Medium,preferred_term,UNMAPPED_0061,BG-11 Medium,,UNMAPPED
BG-11 Trace Metals Solution,preferred_term,UNMAPPED_0054,BG-11 Trace Metals Solution,,UNMAPPED
BH(OH)2,synonym,CHEBI:38267,H3BO2,CHEBI:38267,MAPPED
BHC,synonym,CHEBI:24536,Hexachlorocyclo-hexane,CHEBI:24536,MAPPED
BHI,preferred_term,UNMAPPED_0716,BHI,,NEEDS_EXPERT
bicarbonate of soda,synonym,CHEBI:32139,NaHCO3,CHEBI:32139,MAPPED
Bicine,preferred_term,CHEBI:39065,Bicine,CHEBI:39065,MAPPED
BICINE buffer,preferred_term,CHEBI:40957,BICINE buffer,CHEBI:40957,MAPPED
Bicyclomycin,preferred_term,CHEBI:60584,Bicyclomycin,CHEBI:60584,MAPPED
Bile Acid,preferred_term,CHEBI:3098,Bile Acid,CHEBI:3098,MAPPED
Bile salts,preferred_term,CHEBI:22868,Bile salts,CHEBI:22868,MAPPED
Biletan,synonym,CHEBI:16494,(DL)-alpha-Lipoic acid,CHEBI:16494,MAPPED
Bilineurin chloride,synonym,CHEBI:133341,Choline chloride,CHEBI:133341,MAPPED
Bilineurine,synonym,CHEBI:15354,Choline,CHEBI:15354,MAPPED
bilorin,synonym,CHEBI:30751,Formic acid,CHEBI:30751,MAPPED
Bimuno,preferred_term,NCIT:C187267,Bimuno,NCIT:C187267,MAPPED
Biochanin a diacetate,preferred_term,cas:54443-59-3,Biochanin a diacetate,cas:54443-59-3,MAPPED
Biocolina,synonym,CHEBI:133341,Choline chloride,CHEBI:133341,MAPPED
Biocoline,synonym,CHEBI:133341,Choline chloride,CHEBI:133341,MAPPED
Bioecolians,preferred_term,UNMAPPED_0207,Bioecolians,,UNMAPPED
Bios I,synonym,CHEBI:17268,myo-Inositol,CHEBI:17268,MAPPED
Biotin,preferred_term,CHEBI:15956,Biotin,CHEBI:15956,MAPPED
Biotin (Vitamin B7),synonym,CHEBI:15956,Biotin,CHEBI:15956,MAPPED
Biotin Vitamin Solution,preferred_term,kgmicrobe.ingredient:biotin_vitamin_solution,Biotin Vitamin Solution,MICRO:0000460,MAPPED
biotina,synonym,CHEBI:15956,Biotin,CHEBI:15956,MAPPED
Biotine,synonym,CHEBI:15956,Biotin,CHEBI:15956,MAPPED
biotinum,synonym,CHEBI:15956,Biotin,CHEBI:15956,MAPPED
Biphenyl,preferred_term,CHEBI:17097,Biphenyl,CHEBI:17097,MAPPED
Bipotassium chromate,synonym,CHEBI:75249,K2CrO4,CHEBI:75249,MAPPED
bis(2-cyanoethan-1-aminium) (2E)-but-2-enedioate,synonym,CHEBI:91084,3-Aminopropionitrile Fumarate,CHEBI:91084,MAPPED
Bis(2-ethylhexyl)phthalate,preferred_term,CHEBI:17747,Bis(2-ethylhexyl)phthalate,CHEBI:17747,MAPPED
Bis(3-aminopropyl)amine,preferred_term,CHEBI:16841,Bis(3-aminopropyl)amine,CHEBI:16841,MAPPED
bis(beta-amino-beta-carboxyethyl) disulfide,synonym,CHEBI:16283,L-Cystine,CHEBI:16283,MAPPED
bis(dioxidosulfate)(S--S)(2-),synonym,CHEBI:42160,Dithionite,CHEBI:42160,MAPPED
bis(hydridooxygen)(O--O),synonym,CHEBI:16240,Hydrogen peroxide,CHEBI:16240,MAPPED
bis(oxido)manganese,synonym,CHEBI:136511,MnO2,CHEBI:136511,MAPPED
BIS-2-HYDROXY-IMINO-TRIS-HYDROXYMETHYL-METHANE,synonym,CHEBI:41250,Bis-Tris,CHEBI:41250,MAPPED
Bis-4-nitrophenyl Phosphate,preferred_term,CHEBI:3122,Bis-4-nitrophenyl Phosphate,CHEBI:3122,MAPPED
Bis-4-nitrophenyl-phenyl Phosphonate,preferred_term,UNMAPPED_0697,Bis-4-nitrophenyl-phenyl Phosphonate,,UNMAPPED
Bis-4-nitrophenyl-phosphorylcholine,preferred_term,UNMAPPED_0691,Bis-4-nitrophenyl-phosphorylcholine,,UNMAPPED
Bis-Tris,preferred_term,CHEBI:41250,Bis-Tris,CHEBI:41250,MAPPED
bis[pyridine-2-thiolato-kappaS 1(oxide-kappaO)]zinc,synonym,CHEBI:32076,Zinc Pyrithione,CHEBI:32076,MAPPED
Bisabolene,preferred_term,CHEBI:49235,Bisabolene,CHEBI:49235,MAPPED
Bisabolol,synonym,CHEBI:125,(-)-alpha-bisabolol,CHEBI:125,MAPPED
bisammonium dioxido(dioxo)molybdenum,synonym,CHEBI:91249,Diammonium molybdate,CHEBI:91249,MAPPED
bisammonium dioxido(dioxo)molybdenum,synonym,cas:12054-85-2,ammonium molybdate tetrahydrate,CHEBI:91249,MAPPED
bisammonium ethanedioate,synonym,CHEBI:91241,NH4-oxalate,CHEBI:91241,MAPPED
bismuth(III) chloride,preferred_term,cas:7787-60-2,bismuth(III) chloride,cas:7787-60-2,MAPPED
Bisodium tartrate,synonym,CHEBI:63017,Sodium tartrate,CHEBI:63017,MAPPED
bistris,synonym,CHEBI:41250,Bis-Tris,CHEBI:41250,MAPPED
Bisulase,synonym,CHEBI:17015,Riboflavin,CHEBI:17015,MAPPED
bitter salt,synonym,CHEBI:31795,MgSO47H2O,CHEBI:31795,MAPPED
BL Agar,preferred_term,UNMAPPED_0114,BL Agar,,UNMAPPED
black manganese oxide,synonym,CHEBI:136511,MnO2,CHEBI:136511,MAPPED
Blasticidin A,preferred_term,CHEBI:218571,Blasticidin A,CHEBI:218571,MAPPED
Blasticidin S,preferred_term,CHEBI:15353,Blasticidin S,CHEBI:15353,MAPPED
Bleomycin,preferred_term,CHEBI:22907,Bleomycin,CHEBI:22907,MAPPED
Bleomycin sulfate,preferred_term,CHEBI:34582,Bleomycin sulfate,CHEBI:34582,MAPPED
bleu de methylene,synonym,CHEBI:6872,Methylene blue,CHEBI:6872,MAPPED
Blood Agar Base,preferred_term,UNMAPPED_0339,Blood Agar Base,,UNMAPPED
Blood agar No 2,preferred_term,UNMAPPED_0340,Blood agar No 2,,UNMAPPED
Bluensomycin,preferred_term,CHEBI:81193,Bluensomycin,CHEBI:81193,MAPPED
boiled in 10% ethanol,synonym,UNMAPPED_0247,b-glucan from Barley,,UNMAPPED
Bold 1NV Medium,preferred_term,UNMAPPED_0051,Bold 1NV Medium,,UNMAPPED
Bold Trace Stock,preferred_term,UNMAPPED_0076,Bold Trace Stock,,UNMAPPED
Boldine,preferred_term,CHEBI:3148,Boldine,CHEBI:3148,MAPPED
borax,synonym,CHEBI:131366,Na2B4O7 x 10 H2O,CHEBI:131366,MAPPED
Bordet-Gengou-Agar-Base,preferred_term,UNMAPPED_0341,Bordet-Gengou-Agar-Base,,UNMAPPED
Boric acid,synonym,CHEBI:33118,H3BO3,CHEBI:33118,MAPPED
Borneol,preferred_term,CHEBI:28093,Borneol,CHEBI:28093,MAPPED
Boron Stock,preferred_term,UNMAPPED_0075,Boron Stock,,UNMAPPED
boron trihydroxide,synonym,CHEBI:33118,H3BO3,CHEBI:33118,MAPPED
boronic acid,synonym,CHEBI:38267,H3BO2,CHEBI:38267,MAPPED
Borrelidin,preferred_term,CHEBI:78661,Borrelidin,CHEBI:78661,MAPPED
Bottromycin,preferred_term,UNMAPPED_0802,Bottromycin,,UNMAPPED
BOUND WATER,synonym,CHEBI:15377,Distilled water,CHEBI:15377,MAPPED
Bovine albumin,preferred_term,MICRO:0000307,Bovine albumin,MICRO:0000307,MAPPED
Bovine calf serum,preferred_term,MICRO:0001709,Bovine calf serum,MICRO:0001709,MAPPED
Bovine horn meal,preferred_term,UNMAPPED_0344,Bovine horn meal,,UNMAPPED
Bovine serum,preferred_term,UNMAPPED_0345,Bovine serum,,UNMAPPED
bovine serum albumin,preferred_term,cas:9048-46-8,bovine serum albumin,NCIT:C85253,MAPPED
Brain heart infusion,preferred_term,MICRO:0000193,Brain heart infusion,MICRO:0000193,MAPPED
Brain heart infusion broth,preferred_term,MICRO:0000193,Brain heart infusion broth,MICRO:0000193,MAPPED
Brazilein,preferred_term,CHEBI:69196,Brazilein,CHEBI:69196,MAPPED
Brenzcatechin,synonym,CHEBI:18135,Pyrocatechol,CHEBI:18135,MAPPED
Brenztraubensaeure,synonym,CHEBI:32816,Pyruvic acid,CHEBI:32816,MAPPED
Brewer anaerobic agar,preferred_term,UNMAPPED_0116,Brewer anaerobic agar,,UNMAPPED
Bristol Medium,preferred_term,UNMAPPED_0023,Bristol Medium,,UNMAPPED
Bromide salt of sodium,synonym,CHEBI:63004,NaBr,CHEBI:63004,MAPPED
Bromnatrium,synonym,CHEBI:63004,NaBr,CHEBI:63004,MAPPED
Bromocresol purple,preferred_term,CHEBI:86154,Bromocresol purple,CHEBI:86154,MAPPED
"bromocresol purple""",synonym,CHEBI:86154,Bromocresol purple,CHEBI:86154,MAPPED
Bromosuccinate,preferred_term,CHEBI:73706,Bromosuccinate,CHEBI:73706,MAPPED
Bromothymol blue,preferred_term,CHEBI:86155,Bromothymol blue,CHEBI:86155,MAPPED
bromothymol sulfone phthalein,synonym,CHEBI:86155,Bromothymol blue,CHEBI:86155,MAPPED
Bromthymol blue,synonym,CHEBI:86155,Bromothymol blue,CHEBI:86155,MAPPED
Brucella agar,preferred_term,MICRO:0000595,Brucella agar,MICRO:0000595,MAPPED
Brucella Broth,preferred_term,UNMAPPED_0348,Brucella Broth,,UNMAPPED
Brucine,preferred_term,CHEBI:3193,Brucine,CHEBI:3193,MAPPED
Bryamycin,synonym,CHEBI:29693,Thiostrepton,CHEBI:29693,MAPPED
BTS,synonym,CHEBI:32816,Pyruvic acid,CHEBI:32816,MAPPED
Burnt potassium alum,synonym,CHEBI:86463,AlK(SO4)2,CHEBI:86463,MAPPED
Butamine,preferred_term,UNMAPPED_0804,Butamine,,UNMAPPED
Butan-1-amine,preferred_term,CHEBI:43799,Butan-1-amine,CHEBI:43799,MAPPED
Butandisaeure,synonym,CHEBI:15741,Succinic acid,CHEBI:15741,MAPPED
Butane-1,preferred_term,UNMAPPED_0805,Butane-1,,UNMAPPED
"Butane-1,4-diamine",synonym,CHEBI:17148,Putrescine,CHEBI:17148,MAPPED
"butane-1,4-diamine;dihydrochloride",synonym,cas:333-93-7,Putrescine Dihydrochloride,CHEBI:201718,MAPPED
"butane-2,3-diol",synonym,CHEBI:62064,"2,3-butanediol",CHEBI:62064,MAPPED
butane-2-carboxylic acid,synonym,CHEBI:37070,DL-2-Methylbutyric acid,CHEBI:37070,MAPPED
butanedioic acid,synonym,CHEBI:15741,Succinic acid,CHEBI:15741,MAPPED
Butanedionic acid,synonym,CHEBI:15741,Succinic acid,CHEBI:15741,MAPPED
butanic acid,synonym,CHEBI:30772,Butyric acid,CHEBI:30772,MAPPED
BUTANOIC ACID,synonym,CHEBI:30772,Butyric acid,CHEBI:30772,MAPPED
"Butanoic acid, sodium salt",synonym,CHEBI:64103,Na-butyrate,CHEBI:64103,MAPPED
"Butanoic acid, sodium salt (1:1)",synonym,CHEBI:64103,Na-butyrate,CHEBI:64103,MAPPED
Butanol,preferred_term,CHEBI:28885,Butanol,CHEBI:28885,MAPPED
butoic acid,synonym,CHEBI:30772,Butyric acid,CHEBI:30772,MAPPED
butter of zinc,synonym,CHEBI:49976,ZnCl2,CHEBI:49976,MAPPED
Buttersaeure,synonym,CHEBI:30772,Butyric acid,CHEBI:30772,MAPPED
Butyl stearate,preferred_term,CHEBI:85983,Butyl stearate,CHEBI:85983,MAPPED
Butyl vinyl ether,preferred_term,mesh:C521980,Butyl vinyl ether,mesh:C521980,MAPPED
butylacetic acid,synonym,CHEBI:30776,Caproic acid,CHEBI:30776,MAPPED
butylenediamine,synonym,CHEBI:17148,Putrescine,CHEBI:17148,MAPPED
Butyrate,preferred_term,CHEBI:17968,Butyrate,CHEBI:17968,MAPPED
Butyrate (sodium salt),synonym,CHEBI:64103,Na-butyrate,CHEBI:64103,MAPPED
Butyrate sodium,synonym,CHEBI:64103,Na-butyrate,CHEBI:64103,MAPPED
Butyric acid,preferred_term,CHEBI:30772,Butyric acid,CHEBI:30772,MAPPED
Butyric acid sodium salt,synonym,CHEBI:64103,Na-butyrate,CHEBI:64103,MAPPED
"Butyric acid, sodium salt",synonym,CHEBI:64103,Na-butyrate,CHEBI:64103,MAPPED
Butyricin 7423,preferred_term,mesh:C010427,Butyricin 7423,mesh:C010427,MAPPED
Butyrolactam,preferred_term,CHEBI:36592,Butyrolactam,CHEBI:36592,MAPPED
C.I. 42000,synonym,CHEBI:72449,Malachite green,CHEBI:72449,MAPPED
C.I. 52015,synonym,CHEBI:6872,Methylene blue,CHEBI:6872,MAPPED
C.I. 73015,synonym,CHEBI:31695,Indigocarmine,CHEBI:31695,MAPPED
C.I. 75781,synonym,CHEBI:31695,Indigocarmine,CHEBI:31695,MAPPED
C.I. Acid Blue 74,synonym,CHEBI:31695,Indigocarmine,CHEBI:31695,MAPPED
C.I. Basic Green 4,synonym,CHEBI:72449,Malachite green,CHEBI:72449,MAPPED
C.I. Food Blue 1,synonym,CHEBI:31695,Indigocarmine,CHEBI:31695,MAPPED
"C.I. Food Blue 1, disodium salt",synonym,CHEBI:31695,Indigocarmine,CHEBI:31695,MAPPED
C.I. Natural Blue 2,synonym,CHEBI:31695,Indigocarmine,CHEBI:31695,MAPPED
C18:1 n-9,synonym,CHEBI:16196,Oleic acid,CHEBI:16196,MAPPED
C2H5OH,synonym,CHEBI:16236,Ethanol,CHEBI:16236,MAPPED
Ca,preferred_term,UNMAPPED_0049,Ca,,UNMAPPED
Ca pantotenate,synonym,CHEBI:29032,Ca-pantothenate,CHEBI:29032,MAPPED
Ca(NO3)2,preferred_term,CHEBI:64205,Ca(NO3)2,CHEBI:64205,MAPPED
Ca(NO3)2 x 4 H2O,preferred_term,CHEBI:86159,Ca(NO3)2 x 4 H2O,CHEBI:86159,MAPPED
Ca(NO3)2 x 4 H2O (0.1% w/v),synonym,CHEBI:86159,Ca(NO3)2 x 4 H2O,CHEBI:86159,MAPPED
Ca(NO3)2 · 4H2O,synonym,CHEBI:86159,Ca(NO3)2 x 4 H2O,CHEBI:86159,MAPPED
Ca(NO3)2.4H2O,synonym,CHEBI:86159,Ca(NO3)2 x 4 H2O,CHEBI:86159,MAPPED
Ca(NO3)2x4H2O,synonym,CHEBI:86159,Ca(NO3)2 x 4 H2O,CHEBI:86159,MAPPED
Ca(NO3)2·4H2O,synonym,CHEBI:86159,Ca(NO3)2 x 4 H2O,CHEBI:86159,MAPPED
Ca(NO3)2•4H2O(CAS: 13477-34-4),synonym,UNMAPPED_0049,Ca,,UNMAPPED
Ca(NO3)2・4H2O,synonym,CHEBI:86159,Ca(NO3)2 x 4 H2O,CHEBI:86159,MAPPED
Ca-folinate,preferred_term,CHEBI:31340,Ca-folinate,CHEBI:31340,MAPPED
Ca-pantothenate,preferred_term,CHEBI:29032,Ca-pantothenate,CHEBI:29032,MAPPED
CaCl .6H O,synonym,CHEBI:3312,CaCl2,CHEBI:3312,MAPPED
CaCl 2 X 2 H2O,synonym,CHEBI:86158,CaCl2 x 2 H2O,CHEBI:86158,MAPPED
CaCl2,preferred_term,CHEBI:3312,CaCl2,CHEBI:3312,MAPPED
CaCl2  x 2 H2O,synonym,CHEBI:86158,CaCl2 x 2 H2O,CHEBI:86158,MAPPED
CaCl2 . 2H2O,synonym,CHEBI:86158,CaCl2 x 2 H2O,CHEBI:86158,MAPPED
CaCl2 . 7H2O,synonym,CHEBI:3312,CaCl2,CHEBI:3312,MAPPED
CaCl2 . 7H2O,synonym,CHEBI:3312,CaCl2 x 7 H2O,CHEBI:3312,MAPPED
CaCl2 x  2 H2O,synonym,CHEBI:86158,CaCl2 x 2 H2O,CHEBI:86158,MAPPED
CaCl2 x 2 H2O,preferred_term,CHEBI:86158,CaCl2 x 2 H2O,CHEBI:86158,MAPPED
CaCl2 x 2 H2O (0.1% w/v),synonym,CHEBI:86158,CaCl2 x 2 H2O,CHEBI:86158,MAPPED
CaCl2 x 2 H2O (50 g/l stock solution),synonym,CHEBI:86158,CaCl2 x 2 H2O,CHEBI:86158,MAPPED
CaCl2 x 2 H2O (5M),synonym,CHEBI:86158,CaCl2 x 2 H2O,CHEBI:86158,MAPPED
CaCl2 x 2 H2O solution (7%),synonym,CHEBI:86158,CaCl2 x 2 H2O,CHEBI:86158,MAPPED
CaCl2 x 2H2O,synonym,CHEBI:86158,CaCl2 x 2 H2O,CHEBI:86158,MAPPED
CaCl2 x 6 H2O,preferred_term,CHEBI:91243,CaCl2 x 6 H2O,CHEBI:91243,MAPPED
CaCl2 x 7 H2O,preferred_term,CHEBI:3312,CaCl2 x 7 H2O,CHEBI:3312,MAPPED
CaCl2 x 7 H2O,synonym,CHEBI:3312,CaCl2,CHEBI:3312,MAPPED
CaCl2 x H2O,synonym,CHEBI:3312,CaCl2,CHEBI:3312,MAPPED
CaCl2 x H2O,synonym,CHEBI:3312,CaCl2 x 7 H2O,CHEBI:3312,MAPPED
CaCl2 x2H2O,synonym,CHEBI:86158,CaCl2 x 2 H2O,CHEBI:86158,MAPPED
CaCl2 · 2H2O,synonym,CHEBI:86158,CaCl2 x 2 H2O,CHEBI:86158,MAPPED
CaCl2 × 2 H2O,synonym,CHEBI:3312,Calcium Chloride,CHEBI:3312,MAPPED
CaCl2 × 2 H2O,synonym,CHEBI:86158,CaCl22H2O,CHEBI:86158,MAPPED
CaCl2*2H2O,synonym,CHEBI:3312,Calcium Chloride,CHEBI:3312,MAPPED
CaCl2*2H2O,synonym,CHEBI:86158,CaCl22H2O,CHEBI:86158,MAPPED
CaCl2. 2H2O,synonym,CHEBI:86158,CaCl2 x 2 H2O,CHEBI:86158,MAPPED
CaCl2.2H2O,synonym,CHEBI:86158,CaCl2 x 2 H2O,CHEBI:86158,MAPPED
CaCl2.6H2O,synonym,CHEBI:91243,CaCl2 x 6 H2O,CHEBI:91243,MAPPED
CaCl22H2O,preferred_term,CHEBI:86158,CaCl22H2O,CHEBI:86158,MAPPED
CaCl22H2O,synonym,CHEBI:3312,Calcium Chloride,CHEBI:3312,MAPPED
CaCl2x 2H2O,synonym,CHEBI:86158,CaCl2 x 2 H2O,CHEBI:86158,MAPPED
CaCl2x2H2O,synonym,CHEBI:86158,CaCl2 x 2 H2O,CHEBI:86158,MAPPED
CaCl2x6H2O,synonym,CHEBI:91243,CaCl2 x 6 H2O,CHEBI:91243,MAPPED
CaCl2·2H2O,synonym,CHEBI:86158,CaCl2 x 2 H2O,CHEBI:86158,MAPPED
CaCl2·6H2O,synonym,CHEBI:91243,CaCl2 x 6 H2O,CHEBI:91243,MAPPED
CaCl2·H2O,synonym,CHEBI:3312,CaCl2,CHEBI:3312,MAPPED
CaCl2·H2O,synonym,CHEBI:3312,CaCl2 x 7 H2O,CHEBI:3312,MAPPED
CaCl2•2H2O,synonym,CHEBI:86158,CaCl2 x 2 H2O,CHEBI:86158,MAPPED
CaCl2•2H2O (Sigma C-3881),synonym,CHEBI:86158,CaCl2 x 2 H2O,CHEBI:86158,MAPPED
CaCl2•2H2O(CAS: 10035-04-8),synonym,CHEBI:86158,CaCl2 x 2 H2O,CHEBI:86158,MAPPED
CaCl2•2H2O(Sigma C-3881),synonym,CHEBI:86158,CaCl2 x 2 H2O,CHEBI:86158,MAPPED
CaCl2⋅7H2O,synonym,CHEBI:3312,CaCl2,CHEBI:3312,MAPPED
CaCl2⋅7H2O,synonym,CHEBI:3312,CaCl2 x 7 H2O,CHEBI:3312,MAPPED
CaCl2・6 H2O,synonym,CHEBI:91243,CaCl2 x 6 H2O,CHEBI:91243,MAPPED
CaCl2・H2O,synonym,CHEBI:3312,CaCl2,CHEBI:3312,MAPPED
CaCl2・H2O,synonym,CHEBI:3312,CaCl2 x 7 H2O,CHEBI:3312,MAPPED
CaCO3,preferred_term,CHEBI:3311,CaCO3,CHEBI:3311,MAPPED
CaCO3(Fisher C 64),synonym,CHEBI:3311,CaCO3,CHEBI:3311,MAPPED
CaCO3(optional) (Fisher C 64),synonym,CHEBI:3311,CaCO3,CHEBI:3311,MAPPED
CaCO3(optional)(Fisher C 64),synonym,CHEBI:3311,CaCO3,CHEBI:3311,MAPPED
Cadaverine,preferred_term,CHEBI:18127,Cadaverine,CHEBI:18127,MAPPED
Cadmium acetate dihydrate,preferred_term,cas:5743-04-4,Cadmium acetate dihydrate,CHEBI:232796,MAPPED
Cadmium chloride hemipentahydrate,preferred_term,CHEBI:63938,Cadmium chloride hemipentahydrate,CHEBI:63938,MAPPED
cadmium dinitrate,synonym,CHEBI:64205,Ca(NO3)2,CHEBI:64205,MAPPED
cadmium dinitrate,synonym,CHEBI:77732,cadmium nitrate,CHEBI:77732,MAPPED
Cadmium dinitrate tetrahydrate,synonym,CHEBI:86156,Cd(NO3)2 x 4 H2O,CHEBI:86156,MAPPED
cadmium nitrate,preferred_term,CHEBI:77732,cadmium nitrate,CHEBI:77732,MAPPED
cadmium nitrate,synonym,CHEBI:64205,Ca(NO3)2,CHEBI:64205,MAPPED
cadmium nitrate tetrahydrate,synonym,CHEBI:86156,Cd(NO3)2 x 4 H2O,CHEBI:86156,MAPPED
cadmium nitrate--water (1/4),synonym,CHEBI:86156,Cd(NO3)2 x 4 H2O,CHEBI:86156,MAPPED
cadmium(2+);diacetate,synonym,cas:5743-04-4,Cadmium acetate dihydrate,CHEBI:232796,MAPPED
Cadmium(II) nitrate,synonym,CHEBI:64205,Ca(NO3)2,CHEBI:64205,MAPPED
Cadmium(II) nitrate tetrahydrate (1:2:4),synonym,CHEBI:86156,Cd(NO3)2 x 4 H2O,CHEBI:86156,MAPPED
Cadmium-NTA,preferred_term,UNMAPPED_0156,Cadmium-NTA,,UNMAPPED
caffeic acid,preferred_term,CHEBI:36281,caffeic acid,CHEBI:36281,MAPPED
Caffeine,preferred_term,CHEBI:27732,Caffeine,CHEBI:27732,MAPPED
Caffeine Hydrobromide,preferred_term,cas:5743-18-0,Caffeine Hydrobromide,cas:5743-18-0,MAPPED
CaHPO4,preferred_term,CHEBI:32596,CaHPO4,CHEBI:32596,MAPPED
"calcium bis[(3R,5S,6E)-7-{4-(4-fluorophenyl)-6-isopropyl-2-[methyl(methylsulfonyl)amino]pyrimidin-5-yl}-3,5-dihydroxyhept-6-enoate]",synonym,CHEBI:77249,Rosuvastatin calcium,CHEBI:77249,MAPPED
"calcium bis{(3R,5R)-7-[3-(anilinocarbonyl)-5-(4-fluorophenyl)-2-isopropyl-4-phenyl-1H-pyrrol-1-yl]-3,5-dihydroxyheptanoate} trihydrate",synonym,CHEBI:2911,Atorvastatin calcium salt trihydrate,CHEBI:2911,MAPPED
Calcium Carbonate,synonym,CHEBI:3311,CaCO3,CHEBI:3311,MAPPED
calcium carbonate (1:1),synonym,CHEBI:3311,CaCO3,CHEBI:3311,MAPPED
Calcium Chloride,preferred_term,CHEBI:3312,Calcium Chloride,CHEBI:3312,MAPPED
Calcium chloride,synonym,CHEBI:3312,CaCl2,CHEBI:3312,MAPPED
calcium chloride,synonym,CHEBI:3312,CaCl2 x 7 H2O,CHEBI:3312,MAPPED
calcium chloride,synonym,CHEBI:3312,Calcium Chloride,CHEBI:3312,MAPPED
Calcium chloride anhydrous,synonym,CHEBI:3312,CaCl2,CHEBI:3312,MAPPED
Calcium chloride anhydrous,synonym,CHEBI:3312,CaCl2 x 7 H2O,CHEBI:3312,MAPPED
Calcium chloride dihydrate,synonym,CHEBI:86158,CaCl2 x 2 H2O,CHEBI:86158,MAPPED
calcium chloride hexahydrate,synonym,CHEBI:91243,CaCl2 x 6 H2O,CHEBI:91243,MAPPED
calcium chloride--water (1/2),synonym,CHEBI:86158,CaCl2 x 2 H2O,CHEBI:86158,MAPPED
calcium chloride--water (1/2),synonym,CHEBI:86158,CaCl22H2O,CHEBI:86158,MAPPED
calcium chloride--water (1/6),synonym,CHEBI:91243,CaCl2 x 6 H2O,CHEBI:91243,MAPPED
"calcium D,L-pantothenate",synonym,CHEBI:31345,Calcium pantothenate,CHEBI:31345,MAPPED
Calcium D-(+)-pantothenate,synonym,CHEBI:31345,Calcium pantothenate,CHEBI:31345,MAPPED
Calcium D-Pantothenate,synonym,CHEBI:31345,Calcium pantothenate,CHEBI:31345,MAPPED
Calcium D-Pantothenate,preferred_term,CHEBI:31345,Calcium D-Pantothenate,CHEBI:31345,REJECTED
calcium dichloride,synonym,CHEBI:3312,CaCl2,CHEBI:3312,MAPPED
calcium dinitrate,synonym,CHEBI:64205,Ca(NO3)2,CHEBI:64205,MAPPED
Calcium dinitrate tetrahydrate,synonym,CHEBI:86159,Ca(NO3)2 x 4 H2O,CHEBI:86159,MAPPED
Calcium folinate,synonym,CHEBI:31340,Ca-folinate,CHEBI:31340,MAPPED
calcium hydrogen phosphate,synonym,CHEBI:32596,CaHPO4,CHEBI:32596,MAPPED
calcium hydrogenphosphate,synonym,CHEBI:32596,CaHPO4,CHEBI:32596,MAPPED
Calcium nitrate tetrahydrate,synonym,CHEBI:86159,Ca(NO3)2 x 4 H2O,CHEBI:86159,MAPPED
calcium nitrate--water (1/4),synonym,CHEBI:86159,Ca(NO3)2 x 4 H2O,CHEBI:86159,MAPPED
Calcium panthothenate,synonym,CHEBI:31345,Calcium pantothenate,CHEBI:31345,MAPPED
Calcium pantothenate,preferred_term,CHEBI:31345,Calcium pantothenate,CHEBI:31345,MAPPED
Calcium sulfate,synonym,CHEBI:31346,CaSO4,CHEBI:31346,MAPPED
calcium sulfate dihydrate,synonym,CHEBI:32583,CaSO4 x 2 H2O,CHEBI:32583,MAPPED
"calcium sulfate, anhydrous",synonym,CHEBI:31346,CaSO4 x 7 H2O,CHEBI:31346,MAPPED
calcium sulfate--water (1/2),synonym,CHEBI:32583,CaSO4 x 2 H2O,CHEBI:32583,MAPPED
calcium sulphate,synonym,CHEBI:31346,CaSO4,CHEBI:31346,MAPPED
calcium trioxidocarbonate,synonym,CHEBI:3311,CaCO3,CHEBI:3311,MAPPED
Calcium(2+),preferred_term,CHEBI:29108,Calcium(2+),CHEBI:29108,MAPPED
"calcium(II) sulfate, dihydrate (1:1:2)",synonym,CHEBI:32583,CaSO4 x 2 H2O,CHEBI:32583,MAPPED
Calciumcarbonat,synonym,CHEBI:3311,CaCO3,CHEBI:3311,MAPPED
Calcium pantothenate,synonym,CHEBI:31345,Calcium pantothenate,CHEBI:31345,MAPPED
Calf brains,preferred_term,UNMAPPED_0170,Calf brains,,UNMAPPED
Calprotectin,preferred_term,NCIT:C105971,Calprotectin,NCIT:C105971,MAPPED
Calprotectin S1,preferred_term,UNMAPPED_0229,Calprotectin S1,,UNMAPPED
Calprotectin S1S2,preferred_term,UNMAPPED_0230,Calprotectin S1S2,,UNMAPPED
Camphomycin,preferred_term,kgmicrobe.compound:camphomycin,Camphomycin,kgmicrobe.compound:camphomycin,MAPPED
Camptothecin,preferred_term,CHEBI:27656,Camptothecin,CHEBI:27656,MAPPED
Canarius,preferred_term,kgmicrobe.compound:canarius,Canarius,kgmicrobe.compound:canarius,MAPPED
Canavanine,preferred_term,CHEBI:609827,Canavanine,CHEBI:609827,MAPPED
Candimycin,preferred_term,kgmicrobe.compound:candimycin,Candimycin,kgmicrobe.compound:candimycin,MAPPED
Candiplanecin,preferred_term,mesh:C033379,Candiplanecin,mesh:C033379,MAPPED
Cane sugar,synonym,CHEBI:17992,Sucrose,CHEBI:17992,MAPPED
Cantharidin,preferred_term,CHEBI:64213,Cantharidin,CHEBI:64213,MAPPED
Capecitabine,preferred_term,CHEBI:31348,Capecitabine,CHEBI:31348,MAPPED
Capreomycin,preferred_term,CHEBI:3371,Capreomycin,CHEBI:3371,MAPPED
Caproic acid,preferred_term,CHEBI:30776,Caproic acid,CHEBI:30776,MAPPED
Caprolactam,preferred_term,CHEBI:28579,Caprolactam,CHEBI:28579,MAPPED
Capronic acid,synonym,CHEBI:30776,Caproic acid,CHEBI:30776,MAPPED
Caprylic acid,synonym,CHEBI:28837,Octanoic acid,CHEBI:28837,MAPPED
Caprylic acid sodium salt,synonym,CHEBI:132100,Sodium octanoate,CHEBI:132100,MAPPED
CAPS,synonym,CHEBI:191088,CAPS buffer,CHEBI:191088,MAPPED
CAPS buffer,preferred_term,CHEBI:191088,CAPS buffer,CHEBI:191088,MAPPED
capsaicin,preferred_term,CHEBI:3374,capsaicin,CHEBI:3374,MAPPED
CAPSO,preferred_term,CHEBI:183882,CAPSO,CHEBI:183882,MAPPED
Carbamide,synonym,CHEBI:16199,Urea,CHEBI:16199,MAPPED
Carbenicillin,preferred_term,CHEBI:3393,Carbenicillin,CHEBI:3393,MAPPED
Carbenicillin disodium salt,preferred_term,CHEBI:34609,Carbenicillin disodium salt,CHEBI:34609,MAPPED
carbinol,synonym,CHEBI:17790,Methanol,CHEBI:17790,MAPPED
carbocerate,synonym,FOODON:03315719,Casamino acids,FOODON:03315719,MAPPED
carbolic acid,synonym,CHEBI:15882,Phenol,CHEBI:15882,MAPPED
Carbolsaeure,synonym,CHEBI:15882,Phenol,CHEBI:15882,MAPPED
Carbomycin,preferred_term,CHEBI:756054,Carbomycin,,UNMAPPED
Carbon dioxide,synonym,CHEBI:16526,Carbon dioxide gas,CHEBI:16526,MAPPED
carbon dioxide,synonym,CHEBI:16526,Carbon dioxide gas,CHEBI:16526,MAPPED
Carbon dioxide gas,preferred_term,CHEBI:16526,Carbon dioxide gas,CHEBI:16526,MAPPED
Carbon Monoxide,preferred_term,CHEBI:17245,Carbon Monoxide,CHEBI:17245,MAPPED
Carbon source solution,preferred_term,UNMAPPED_0352,Carbon source solution,,UNMAPPED
carbonate de calcium,synonym,CHEBI:3311,CaCO3,CHEBI:3311,MAPPED
Carbonate of potash,synonym,CHEBI:131526,K2CO3,CHEBI:131526,MAPPED
carbonato de calcio,synonym,CHEBI:3311,CaCO3,CHEBI:3311,MAPPED
carbonic acid calcium salt (1:1),synonym,CHEBI:3311,CaCO3,CHEBI:3311,MAPPED
carbonic acid monosodium salt,synonym,CHEBI:32139,NaHCO3,CHEBI:32139,MAPPED
"Carbonic acid, dipotassium salt",synonym,CHEBI:131526,K2CO3,CHEBI:131526,MAPPED
carbonic anhydride,synonym,CHEBI:16526,Carbon dioxide gas,CHEBI:16526,MAPPED
carbonyldiamide,synonym,CHEBI:16199,Urea,CHEBI:16199,MAPPED
Carboximethylcellulosum,synonym,CHEBI:85146,Carboxymethyl cellulose,CHEBI:85146,MAPPED
carboxyethane,synonym,CHEBI:30768,Propionic acid,CHEBI:30768,MAPPED
Carboxymethyl cellulose,preferred_term,CHEBI:85146,Carboxymethyl cellulose,CHEBI:85146,MAPPED
Carboxymethyl cellulose (sodium salt),preferred_term,FOODON:03460374,Carboxymethyl cellulose (sodium salt),FOODON:03460374,MAPPED
Carboxymethylcellulose,synonym,CHEBI:85146,Carboxymethyl cellulose,CHEBI:85146,MAPPED
Carboxymethylcellulosum,synonym,CHEBI:85146,Carboxymethyl cellulose,CHEBI:85146,MAPPED
Carcinomycin,preferred_term,kgmicrobe.compound:carcinomycin,Carcinomycin,kgmicrobe.compound:carcinomycin,MAPPED
carmellosum,synonym,CHEBI:85146,Carboxymethyl cellulose,CHEBI:85146,MAPPED
carmelosa,synonym,CHEBI:85146,Carboxymethyl cellulose,CHEBI:85146,MAPPED
Carminate,preferred_term,CHEBI:149531,Carminate,CHEBI:149531,MAPPED
Carminomycin,preferred_term,CHEBI:31359,Carminomycin,CHEBI:31359,MAPPED
Carnitine (Dl) Hydrochloride,preferred_term,cas:461-06-3,Carnitine (Dl) Hydrochloride,CHEBI:17126,MAPPED
Carnitine Hydrochloride,preferred_term,kgmicrobe.compound:carnitine_hydrochloride,Carnitine Hydrochloride,CHEBI:17126,MAPPED
Carnosic Acid,preferred_term,CHEBI:65585,Carnosic Acid,CHEBI:65585,MAPPED
Carotenoid,preferred_term,CHEBI:23044,Carotenoid,CHEBI:23044,MAPPED
Carrageenan,preferred_term,CHEBI:3435,Carrageenan,CHEBI:3435,MAPPED
Carrot,preferred_term,NCIT:C72000,Carrot,NCIT:C72000,MAPPED
Caryomycin,preferred_term,kgmicrobe.compound:caryomycin,Caryomycin,kgmicrobe.compound:caryomycin,MAPPED
Caryophyllene [T(-)],preferred_term,CHEBI:10357,Caryophyllene [T(-)],CHEBI:10357,MAPPED
Casamino Acid,synonym,FOODON:03315719,Casamino acids,FOODON:03315719,MAPPED
Casamino acids,preferred_term,FOODON:03315719,Casamino acids,FOODON:03315719,MAPPED
Casamino Acids (0.01 %,synonym,FOODON:03315719,Casamino acids,FOODON:03315719,MAPPED
Casamino acids (vit. assay),synonym,mesh:C017721,Casamino acids (vitamin assay),mesh:C017721,MAPPED
Casamino acids (vitamin assay),preferred_term,mesh:C017721,Casamino acids (vitamin assay),mesh:C017721,MAPPED
Casaminoacids,synonym,FOODON:03315719,Casamino acids,FOODON:03315719,MAPPED
Casein,preferred_term,FOODON:03420180,Casein,FOODON:03420180,MAPPED
Casein Enzymic Hydrolysate,synonym,FOODON:03315719,Casein peptone,FOODON:03315719,MAPPED
Casein enzymic hydrolysate,synonym,FOODON:03315719,Casein peptone,FOODON:03315719,MAPPED
Casein hydrolysate,preferred_term,MICRO:0001366,Casein hydrolysate,MICRO:0001366,MAPPED
Casein hydrolysate,synonym,FOODON:03315719,Casein peptone,FOODON:03315719,MAPPED
casein hydrolysate,synonym,FOODON:03315719,Casein peptone,FOODON:03315719,MAPPED
"Casein hydrolysate (NZ Case TT, Quest International)",synonym,FOODON:03315719,Casein peptone,FOODON:03315719,MAPPED
casein hydrolyzate acid,synonym,FOODON:03315719,Casein peptone,FOODON:03315719,MAPPED
Casein peptone,preferred_term,FOODON:03315719,Casein peptone,FOODON:03315719,MAPPED
"Casein peptone, tryptic digest",synonym,FOODON:03315719,Casein peptone,FOODON:03315719,MAPPED
"Casein peptone, tryptic digested",synonym,FOODON:03315719,Casein peptone,FOODON:03315719,MAPPED
Caseine peptone,synonym,FOODON:03315719,Casein peptone,FOODON:03315719,MAPPED
Casitone,preferred_term,MICRO:0000606,Casitone,MICRO:0000606,MAPPED
Casitone (BD--Difco),synonym,MICRO:0000606,Casitone,MICRO:0000606,MAPPED
Casitone (BD-BBL),synonym,MICRO:0000606,Casitone,MICRO:0000606,MAPPED
Casitone (BD-Difco),synonym,MICRO:0000606,Casitone,MICRO:0000606,MAPPED
Casitone + Yeast Extract + Rumen Fluid,preferred_term,UNMAPPED_0739,Casitone + Yeast Extract + Rumen Fluid,,NEEDS_EXPERT
Casman-Agar-Base,preferred_term,UNMAPPED_0353,Casman-Agar-Base,,UNMAPPED
Casmino Acid,synonym,FOODON:03315719,Casamino acids,FOODON:03315719,MAPPED
Casmino acids,synonym,FOODON:03315719,Casamino acids,FOODON:03315719,MAPPED
CaSO4,preferred_term,CHEBI:31346,CaSO4,CHEBI:31346,MAPPED
CaSO4 . 2H2O,synonym,CHEBI:32583,CaSO4 x 2 H2O,CHEBI:32583,MAPPED
CaSO4 x 2 H2O,preferred_term,CHEBI:32583,CaSO4 x 2 H2O,CHEBI:32583,MAPPED
CaSO4 x 2H2O,synonym,CHEBI:32583,CaSO4 x 2 H2O,CHEBI:32583,MAPPED
CaSO4 x 7 H2O,preferred_term,CHEBI:31346,CaSO4 x 7 H2O,CHEBI:31346,MAPPED
CaSO4 x2H2O,synonym,CHEBI:32583,CaSO4 x 2 H2O,CHEBI:32583,MAPPED
CaSO4 · 2 H2O,synonym,CHEBI:32583,CaSO4 x 2 H2O,CHEBI:32583,MAPPED
CaSO4 · 2H2O,synonym,CHEBI:32583,CaSO4 x 2 H2O,CHEBI:32583,MAPPED
CaSO4.2H2O,synonym,CHEBI:32583,CaSO4 x 2 H2O,CHEBI:32583,MAPPED
CaSO4·2H2O,synonym,CHEBI:32583,CaSO4 x 2 H2O,CHEBI:32583,MAPPED
CaSO4•2H2O,synonym,CHEBI:32583,CaSO4 x 2 H2O,CHEBI:32583,MAPPED
CaSO4•2H2O(Mallinckroft 4300),synonym,CHEBI:32583,CaSO4 x 2 H2O,CHEBI:32583,MAPPED
CaSO4•2H2Osaturated solution,preferred_term,UNMAPPED_0102,CaSO4•2H2Osaturated solution,,UNMAPPED
CaSO4•2H2Osaturated solution (Mallinckroft 4300),synonym,UNMAPPED_0102,CaSO4•2H2Osaturated solution,,UNMAPPED
CaSO4・2H2O,synonym,CHEBI:32583,CaSO4 x 2 H2O,CHEBI:32583,MAPPED
CaSO4・7H2O,synonym,CHEBI:31346,CaSO4 x 7 H2O,CHEBI:31346,MAPPED
Catalase,preferred_term,NCIT:C61062,Catalase,NCIT:C61062,MAPPED
catechol-3-carboxylic acid,synonym,CHEBI:18026,"2,3-dihydroxybenzoic acid",CHEBI:18026,MAPPED
catena-poly[(oxidoarsenate-mu-oxido)]sodium,synonym,CHEBI:29678,Sodium m-arsenite,CHEBI:29678,MAPPED
caustic potash,synonym,CHEBI:32035,KOH,CHEBI:32035,MAPPED
caustic soda,synonym,CHEBI:32145,NaOH,CHEBI:32145,MAPPED
Cbl,synonym,CHEBI:28911,Cobalamine,CHEBI:28911,MAPPED
CCCP,preferred_term,CHEBI:3259,CCCP,CHEBI:3259,MAPPED
CCRIS 3494,synonym,CHEBI:86345,Magnesium chloride,CHEBI:86345,MAPPED
Cd(NO3)2,synonym,CHEBI:64205,Ca(NO3)2,CHEBI:64205,MAPPED
Cd(NO3)2 x 4 H2O,preferred_term,CHEBI:86156,Cd(NO3)2 x 4 H2O,CHEBI:86156,MAPPED
Cd(NO3)2.4H2O,synonym,CHEBI:86156,Cd(NO3)2 x 4 H2O,CHEBI:86156,MAPPED
CeCl3,preferred_term,CHEBI:35458,CeCl3,CHEBI:35458,MAPPED
CeCl3 x 7 H2O,preferred_term,CHEBI:35458,CeCl3 x 7 H2O,CHEBI:35458,MAPPED
Cecropin A,preferred_term,CHEBI:201428,Cecropin A,CHEBI:201428,MAPPED
Cecropin B,preferred_term,CHEBI:201469,Cecropin B,CHEBI:201469,MAPPED
Cedrelone,preferred_term,CHEBI:197237,Cedrelone,CHEBI:197237,MAPPED
Cefaclor,preferred_term,CHEBI:3478,Cefaclor,CHEBI:3478,MAPPED
Cefadroxil,preferred_term,CHEBI:3479,Cefadroxil,CHEBI:3479,MAPPED
Cefaloridine,preferred_term,CHEBI:3537,Cefaloridine,CHEBI:3537,MAPPED
Cefalotin,preferred_term,CHEBI:124991,Cefalotin,CHEBI:124991,MAPPED
Cefamandole,preferred_term,CHEBI:3480,Cefamandole,CHEBI:3480,MAPPED
Cefazolin,preferred_term,CHEBI:474053,Cefazolin,CHEBI:474053,MAPPED
Cefazolin sodium salt,preferred_term,CHEBI:3483,Cefazolin sodium salt,CHEBI:3483,MAPPED
Cefepime,preferred_term,CHEBI:478164,Cefepime,CHEBI:478164,MAPPED
Cefixime,preferred_term,CHEBI:472657,Cefixime,CHEBI:472657,MAPPED
Cefmetazole,preferred_term,CHEBI:3489,Cefmetazole,CHEBI:3489,MAPPED
Cefminox,preferred_term,CHEBI:135817,Cefminox,CHEBI:135817,MAPPED
Cefoperazone,preferred_term,CHEBI:3493,Cefoperazone,CHEBI:3493,MAPPED
Cefotaxime,preferred_term,CHEBI:204928,Cefotaxime,CHEBI:204928,MAPPED
Cefotaxime sodium salt,preferred_term,CHEBI:3498,Cefotaxime sodium salt,CHEBI:3498,MAPPED
Cefotetan,preferred_term,CHEBI:3499,Cefotetan,CHEBI:3499,MAPPED
Cefotiam,preferred_term,CHEBI:355510,Cefotiam,CHEBI:355510,MAPPED
Cefoxitin,preferred_term,CHEBI:209807,Cefoxitin,CHEBI:209807,MAPPED
Cefoxitin sodium salt,preferred_term,CHEBI:3501,Cefoxitin sodium salt,CHEBI:3501,MAPPED
Cefpodoxime,preferred_term,CHEBI:3504,Cefpodoxime,CHEBI:3504,MAPPED
Cefprozil,preferred_term,CHEBI:3506,Cefprozil,CHEBI:3506,MAPPED
Cefsulodin sodium salt hydrate,preferred_term,CHEBI:31380,Cefsulodin sodium salt hydrate,CHEBI:31380,MAPPED
Ceftazidime,preferred_term,CHEBI:3508,Ceftazidime,CHEBI:3508,MAPPED
Ceftazidime hydrate,preferred_term,cas:120618-65-7,Ceftazidime hydrate,CHEBI:3508,MAPPED
Ceftriaxone,preferred_term,CHEBI:29007,Ceftriaxone,CHEBI:29007,MAPPED
Ceftriaxone disodium salt hemi(heptahydrate),preferred_term,CHEBI:3514,Ceftriaxone disodium salt hemi(heptahydrate),CHEBI:3514,MAPPED
Cefuroxime,preferred_term,CHEBI:3515,Cefuroxime,CHEBI:3515,MAPPED
Cefuroxime Sodium,preferred_term,CHEBI:3517,Cefuroxime Sodium,CHEBI:3517,MAPPED
Celesticetin,preferred_term,CHEBI:156421,Celesticetin,CHEBI:156421,MAPPED
Cell lysate,preferred_term,BTO:0004304,Cell lysate,BTO:0004304,MAPPED
Cellobiose,preferred_term,CHEBI:17057,Cellobiose,CHEBI:17057,MAPPED
Cellohexaose,preferred_term,CHEBI:49533,Cellohexaose,CHEBI:49533,MAPPED
Cellopentaose,preferred_term,CHEBI:62976,Cellopentaose,CHEBI:62976,MAPPED
cellose,synonym,CHEBI:17057,Cellobiose,CHEBI:17057,MAPPED
Cellostatin,preferred_term,kgmicrobe.compound:cellostatin,Cellostatin,kgmicrobe.compound:cellostatin,MAPPED
Cellotetraose,preferred_term,CHEBI:62974,Cellotetraose,CHEBI:62974,MAPPED
Cellotriose,preferred_term,CHEBI:3528,Cellotriose,CHEBI:3528,MAPPED
Cellulose,preferred_term,CHEBI:18246,Cellulose,CHEBI:18246,MAPPED
Cellulose MN 300,preferred_term,UNMAPPED_0354,Cellulose MN 300,,UNMAPPED
Celluloseglycolic acid,synonym,CHEBI:85146,Carboxymethyl cellulose,CHEBI:85146,MAPPED
CeNO33 x 6 H2O,preferred_term,UNMAPPED_0355,CeNO33 x 6 H2O,,UNMAPPED
Cephalexin,preferred_term,CHEBI:3534,Cephalexin,CHEBI:3534,MAPPED
Cephalosporin,preferred_term,CHEBI:23066,Cephalosporin,CHEBI:23066,MAPPED
Cephalothin,preferred_term,NCIT:C62021,Cephalothin,NCIT:C62021,MAPPED
Cephalothin sodium salt,preferred_term,CHEBI:3542,Cephalothin sodium salt,CHEBI:3542,MAPPED
Cephamycin A,preferred_term,kgmicrobe.compound:cephamycin_a,Cephamycin A,CHEBI:55429,MAPPED
Cephradine,preferred_term,CHEBI:3547,Cephradine,CHEBI:3547,MAPPED
Cereal leaves,preferred_term,UNMAPPED_0356,Cereal leaves,,UNMAPPED
cerium chloride,synonym,CHEBI:35458,CeCl3,CHEBI:35458,MAPPED
cerium trichloride,synonym,CHEBI:35458,CeCl3,CHEBI:35458,MAPPED
cerium(3+) chloride,synonym,CHEBI:35458,CeCl3,CHEBI:35458,MAPPED
cerium(3+) chloride,synonym,CHEBI:35458,CeCl3 x 7 H2O,CHEBI:35458,MAPPED
cerium(III) chloride,synonym,CHEBI:35458,CeCl3,CHEBI:35458,MAPPED
cerium(III) chloride,synonym,CHEBI:35458,CeCl3 x 7 H2O,CHEBI:35458,MAPPED
Cerophyll,preferred_term,UNMAPPED_0357,Cerophyll,,UNMAPPED
cerous chloride,synonym,CHEBI:35458,CeCl3,CHEBI:35458,MAPPED
cerous(III) chloride,synonym,CHEBI:35458,CeCl3,CHEBI:35458,MAPPED
Cerulenin,preferred_term,CHEBI:171741,Cerulenin,CHEBI:171741,MAPPED
Cesium chloride,preferred_term,CHEBI:63039,Cesium chloride,CHEBI:63039,MAPPED
Cetan,synonym,CHEBI:45296,Hexadecane,CHEBI:45296,MAPPED
cetane,synonym,CHEBI:45296,Hexadecane,CHEBI:45296,MAPPED
Cetocycline,preferred_term,NCIT:C98044,Cetocycline,NCIT:C98044,MAPPED
Cetomacrogol 1000,preferred_term,cas:9004-95-9,Cetomacrogol 1000,mesh:D002592,MAPPED
Cetrimonium bromide,preferred_term,CHEBI:3567,Cetrimonium bromide,CHEBI:3567,MAPPED
Cextromaltose,synonym,CHEBI:17306,Maltose,CHEBI:17306,MAPPED
CH3-[CH2]14-CH3,synonym,CHEBI:45296,Hexadecane,CHEBI:45296,MAPPED
CH3-[CH2]15-CH3,synonym,CHEBI:16148,Heptadecane,CHEBI:16148,MAPPED
CH3-[CH2]16-COOH,synonym,CHEBI:28842,Stearic acid,CHEBI:28842,MAPPED
CH3-[CH2]2-COOH,synonym,CHEBI:30772,Butyric acid,CHEBI:30772,MAPPED
CH3-[CH2]3-COOH,synonym,CHEBI:17418,Valeric acid,CHEBI:17418,MAPPED
CH3-[CH2]4-COOH,synonym,CHEBI:30776,Caproic acid,CHEBI:30776,MAPPED
CH3-[CH2]8-CH3,synonym,CHEBI:41808,n-Decane,CHEBI:41808,MAPPED
CH3-CH2-COOH,synonym,CHEBI:30768,Propionic acid,CHEBI:30768,MAPPED
CH3-COOH,synonym,CHEBI:15366,Acetic acid,CHEBI:15366,MAPPED
CH3-NH2,synonym,CHEBI:16830,Methylamine,CHEBI:16830,MAPPED
CH3CO2H,synonym,CHEBI:15366,Acetic acid,CHEBI:15366,MAPPED
CH3CO2K,synonym,CHEBI:32029,K-acetate,CHEBI:32029,MAPPED
CH3CO2NH4,synonym,CHEBI:62947,Ammonium acetate,CHEBI:62947,MAPPED
CH3COCOOH,synonym,CHEBI:32816,Pyruvic acid,CHEBI:32816,MAPPED
CH3COONH4,synonym,CHEBI:62947,Ammonium acetate,CHEBI:62947,MAPPED
CH3OH,synonym,CHEBI:17790,Methanol,CHEBI:17790,MAPPED
Chalcopyrite,preferred_term,CHEBI:86202,Chalcopyrite,CHEBI:86202,MAPPED
Champamycin B,preferred_term,kgmicrobe.compound:champamycin_b,Champamycin B,kgmicrobe.compound:champamycin_b,MAPPED
Chaninin,preferred_term,kgmicrobe.compound:chaninin,Chaninin,kgmicrobe.compound:chaninin,MAPPED
Charcoal,preferred_term,CHEBI:91090,Charcoal,CHEBI:91090,MAPPED
Chartreusin,preferred_term,CHEBI:3580,Chartreusin,CHEBI:3580,MAPPED
Chaulmoogric acid,preferred_term,CHEBI:27939,Chaulmoogric acid,CHEBI:27939,MAPPED
Chelated Iron Solution,preferred_term,UNMAPPED_0095,Chelated Iron Solution,,UNMAPPED
Chenodeoxycholic acid,preferred_term,CHEBI:16755,Chenodeoxycholic acid,CHEBI:16755,MAPPED
Chile saltpeter,synonym,CHEBI:63005,NaNO3,CHEBI:63005,MAPPED
CHIR-090,preferred_term,CHEBI:134107,CHIR-090,CHEBI:134107,MAPPED
Chitin,preferred_term,CHEBI:17029,Chitin,CHEBI:17029,MAPPED
Chitin from shrimp shells,preferred_term,UNMAPPED_0248,Chitin from shrimp shells,,UNMAPPED
Chitosan,preferred_term,CHEBI:16261,Chitosan,CHEBI:16261,MAPPED
Chloramphenicol,preferred_term,CHEBI:17698,Chloramphenicol,CHEBI:17698,MAPPED
chlorane,synonym,CHEBI:17883,HCl,CHEBI:17883,MAPPED
Chlorate de sodium,synonym,CHEBI:65242,NaClO3,CHEBI:65242,MAPPED
Chlorate salt of sodium,synonym,CHEBI:65242,NaClO3,CHEBI:65242,MAPPED
Chlorhexidine diacetate salt hydrate,preferred_term,CHEBI:81711,Chlorhexidine diacetate salt hydrate,CHEBI:81711,MAPPED
"Chloric acid, sodium salt",synonym,CHEBI:65242,NaClO3,CHEBI:65242,MAPPED
Chloridazon,preferred_term,CHEBI:81838,Chloridazon,CHEBI:81838,MAPPED
Chloride de choline,synonym,CHEBI:133341,Choline chloride,CHEBI:133341,MAPPED
chlorido(protoporphyrinato)iron(III),synonym,CHEBI:50385,Haemin,CHEBI:50385,MAPPED
chloridohydrogen,synonym,CHEBI:17883,HCl,CHEBI:17883,MAPPED
chloro(protoporphyrinato)iron(III),synonym,CHEBI:50385,Haemin,CHEBI:50385,MAPPED
"chloro[3,7,12,17-tetramethyl-8,13-divinylporphyrin-2,18-dipropanoato(2-)]iron(III)",synonym,CHEBI:50385,Haemin,CHEBI:50385,MAPPED
Chlorogenic acid,preferred_term,CHEBI:16112,Chlorogenic acid,CHEBI:16112,MAPPED
chlorohemin,synonym,CHEBI:50385,Haemin,CHEBI:50385,MAPPED
chloroprotoferrihem,synonym,CHEBI:50385,Haemin,CHEBI:50385,MAPPED
Chlororaphin,preferred_term,kgmicrobe.compound:chlororaphin,Chlororaphin,kgmicrobe.compound:chlororaphin,MAPPED
Chlorpromazine hydrochloride,preferred_term,CHEBI:3649,Chlorpromazine hydrochloride,CHEBI:3649,MAPPED
Chlortetracyclin,synonym,CHEBI:27644,Chlortetracycline,CHEBI:27644,MAPPED
Chlortetracycline,preferred_term,CHEBI:27644,Chlortetracycline,CHEBI:27644,MAPPED
chlorure d'hydrogene,synonym,CHEBI:17883,HCl,CHEBI:17883,MAPPED
Chlorure de choline,synonym,CHEBI:133341,Choline chloride,CHEBI:133341,MAPPED
chlorure de lithium,synonym,CHEBI:48607,LiCl,CHEBI:48607,MAPPED
Chlorure de magnesium hydrate,synonym,CHEBI:86345,MgCl2 x 6 H2O,CHEBI:86345,MAPPED
chlorure de methylthioninium,synonym,CHEBI:6872,Methylene blue,CHEBI:6872,MAPPED
chlorure de sodium,synonym,CHEBI:26710,NaCl,CHEBI:26710,MAPPED
chlorure de zinc,synonym,CHEBI:49976,ZnCl2,CHEBI:49976,MAPPED
Chlorwasserstoff,synonym,CHEBI:17883,HCl,CHEBI:17883,MAPPED
Cholest-5-en-3beta-ol,synonym,CHEBI:16113,cholesterol,CHEBI:16113,MAPPED
Cholesterin,synonym,CHEBI:16113,cholesterol,CHEBI:16113,MAPPED
cholesterol,preferred_term,CHEBI:16113,cholesterol,CHEBI:16113,MAPPED
cholesterol lipid concentrate,preferred_term,UNMAPPED_0358,cholesterol lipid concentrate,,UNMAPPED
Cholic acid,preferred_term,CHEBI:16359,Cholic acid,CHEBI:16359,MAPPED
Cholin acetate,preferred_term,cas:14586-35-7,Cholin acetate,cas:14586-35-7,MAPPED
Choline,preferred_term,CHEBI:15354,Choline,CHEBI:15354,MAPPED
choline alfoscerate,synonym,CHEBI:16870,sn-glycero-3-phosphocholine,CHEBI:16870,MAPPED
Choline alphoscerate,synonym,CHEBI:16870,sn-glycero-3-phosphocholine,CHEBI:16870,MAPPED
Choline chlorhydrate,synonym,CHEBI:133341,Choline chloride,CHEBI:133341,MAPPED
Choline chloride,preferred_term,CHEBI:133341,Choline chloride,CHEBI:133341,MAPPED
Choline glycerophosphate,synonym,CHEBI:16870,sn-glycero-3-phosphocholine,CHEBI:16870,MAPPED
Choline hydrochloride,synonym,CHEBI:133341,Choline chloride,CHEBI:133341,MAPPED
CHOLINE ION,synonym,CHEBI:15354,Choline,CHEBI:15354,MAPPED
Choline Lysine,synonym,mesh:C000655964,Cholinium lysinate,mesh:C000655964,MAPPED
cholini alfosceras,synonym,CHEBI:16870,sn-glycero-3-phosphocholine,CHEBI:16870,MAPPED
Cholini chloridum,synonym,CHEBI:133341,Choline chloride,CHEBI:133341,MAPPED
Cholini glycerophosphas,synonym,CHEBI:16870,sn-glycero-3-phosphocholine,CHEBI:16870,MAPPED
Cholinium alpha ketoglutarate,preferred_term,UNMAPPED_0164,Cholinium alpha ketoglutarate,,UNMAPPED
Cholinium aspartate,preferred_term,UNMAPPED_0163,Cholinium aspartate,,UNMAPPED
Cholinium chloride,synonym,CHEBI:133341,Choline chloride,CHEBI:133341,MAPPED
Cholinium dihydrogen phosphate,preferred_term,cas:83846-92-8,Cholinium dihydrogen phosphate,cas:83846-92-8,MAPPED
Cholinium glutamate,preferred_term,UNMAPPED_0161,Cholinium glutamate,,UNMAPPED
Cholinium hydrogen phosphate,preferred_term,UNMAPPED_0162,Cholinium hydrogen phosphate,,UNMAPPED
Cholinium lysinate,preferred_term,mesh:C000655964,Cholinium lysinate,mesh:C000655964,MAPPED
Cholinium phosphate,preferred_term,UNMAPPED_0160,Cholinium phosphate,,UNMAPPED
Chondroitin sulfate A sodium salt from bovine trachea,preferred_term,cas:39455-18-0,Chondroitin sulfate A sodium salt from bovine trachea,CHEBI:37397,MAPPED
"Chromic acid, dipotassium salt",synonym,CHEBI:75249,K2CrO4,CHEBI:75249,MAPPED
chromic nitrate heptahydrate,synonym,CHEBI:86206,Cr(NO3)3 x 7 H2O,CHEBI:86206,MAPPED
Chromic sulfate,synonym,CHEBI:53471,Cr2(SO4)3 x n H2O,CHEBI:53471,MAPPED
Chromic sulphate,synonym,CHEBI:53471,Cr2(SO4)3 x n H2O,CHEBI:53471,MAPPED
chromium (3+) nitrate heptahydrate,synonym,CHEBI:86206,Cr(NO3)3 x 7 H2O,CHEBI:86206,MAPPED
chromium (3+) trinitrate heptahydrate,synonym,CHEBI:86206,Cr(NO3)3 x 7 H2O,CHEBI:86206,MAPPED
Chromium sulfate,synonym,CHEBI:53471,Cr2(SO4)3 x n H2O,CHEBI:53471,MAPPED
Chromium sulphate,synonym,CHEBI:53471,Cr2(SO4)3 x n H2O,CHEBI:53471,MAPPED
chromium trinitrate heptahydrate,synonym,CHEBI:86206,Cr(NO3)3 x 7 H2O,CHEBI:86206,MAPPED
chromium(3+) nitrate--water (1/7),synonym,CHEBI:86206,Cr(NO3)3 x 7 H2O,CHEBI:86206,MAPPED
Chromium(III) Chloride Hexahydrate,preferred_term,CHEBI:53351,Chromium(III) Chloride Hexahydrate,CHEBI:53351,MAPPED
chromium(III) nitrate heptahydrate,synonym,CHEBI:86206,Cr(NO3)3 x 7 H2O,CHEBI:86206,MAPPED
Chromium(III) sulfate,synonym,CHEBI:53471,Cr2(SO4)3 x n H2O,CHEBI:53471,MAPPED
Chromium-NTA,preferred_term,UNMAPPED_0153,Chromium-NTA,,UNMAPPED
"Chrysanthemic Acid, Ethyl Ester",preferred_term,cas:97-41-6,"Chrysanthemic Acid, Ethyl Ester",CHEBI:228794,MAPPED
Chrysarobin,preferred_term,CHEBI:3686,Chrysarobin,CHEBI:3686,MAPPED
Chrysin,preferred_term,CHEBI:75095,Chrysin,CHEBI:75095,MAPPED
Chrysophanol,preferred_term,CHEBI:3687,Chrysophanol,CHEBI:3687,MAPPED
Chu Stock Solution,preferred_term,UNMAPPED_0112,Chu Stock Solution,,UNMAPPED
CI 42000,synonym,CHEBI:72449,Malachite green,CHEBI:72449,MAPPED
CI Basic Green 4,synonym,CHEBI:72449,Malachite green,CHEBI:72449,MAPPED
cicloheximida,synonym,CHEBI:27641,Cycloheximid,CHEBI:27641,MAPPED
cicloheximide,synonym,CHEBI:27641,Cycloheximid,CHEBI:27641,MAPPED
cicloheximidum,synonym,CHEBI:27641,Cycloheximid,CHEBI:27641,MAPPED
Cimicifugoside H1,preferred_term,cas:163046-73-9,Cimicifugoside H1,cas:163046-73-9,MAPPED
Cinerubin A,preferred_term,kgmicrobe.compound:cinerubin_a,Cinerubin A,kgmicrobe.compound:cinerubin_a,MAPPED
Cinerubin R,preferred_term,CHEBI:214436,Cinerubin R,CHEBI:214436,MAPPED
Cinnamic acid,preferred_term,CHEBI:27386,Cinnamic acid,CHEBI:27386,MAPPED
Cinnamycin,preferred_term,CHEBI:141991,Cinnamycin,CHEBI:141991,MAPPED
Cinoxacin,preferred_term,CHEBI:3716,Cinoxacin,CHEBI:3716,MAPPED
Ciprofloxacin,preferred_term,CHEBI:100241,Ciprofloxacin,CHEBI:100241,MAPPED
Ciprofloxacin Hydrochloride,preferred_term,CHEBI:59936,Ciprofloxacin Hydrochloride,CHEBI:59936,MAPPED
"cis-(+)-Tetrahydro-2-oxothieno[3,4]imidazoline-4-valeric acid",synonym,CHEBI:15956,Biotin,CHEBI:15956,MAPPED
"cis-1,2,3,5-trans-4,6-cyclohexanehexol",synonym,CHEBI:17268,myo-Inositol,CHEBI:17268,MAPPED
cis-9-octadecenoic acid,synonym,CHEBI:16196,Oleic acid,CHEBI:16196,MAPPED
Cis-aconitate,preferred_term,CHEBI:16383,Cis-aconitate,CHEBI:16383,MAPPED
"cis-Butenedioic acid, Toxilic acid",synonym,CHEBI:18300,Maleic acid,CHEBI:18300,MAPPED
cis-Delta(9)-octadecenoic acid,synonym,CHEBI:16196,Oleic acid,CHEBI:16196,MAPPED
cis-diamminedichloridoplatinum(II),synonym,CHEBI:27899,Cisplatin,CHEBI:27899,MAPPED
cis-diamminedichloroplatinum(II),synonym,CHEBI:27899,Cisplatin,CHEBI:27899,MAPPED
"cis-Hexahydro-2-oxo-1H-thieno(3,4)imidazole-4-valeric acid",synonym,CHEBI:15956,Biotin,CHEBI:15956,MAPPED
cis-oleic acid,synonym,CHEBI:16196,Oleic acid,CHEBI:16196,MAPPED
"cis-Tetrahydro-2-oxothieno(3,4-d)imidazoline-4-valeric acid",synonym,CHEBI:15956,Biotin,CHEBI:15956,MAPPED
Cisplatin,preferred_term,CHEBI:27899,Cisplatin,CHEBI:27899,MAPPED
cisteina,synonym,CHEBI:15356,Cysteine,CHEBI:15356,MAPPED
Citraconate,preferred_term,CHEBI:30719,Citraconate,CHEBI:30719,MAPPED
Citraconic acid,preferred_term,CHEBI:17626,Citraconic acid,CHEBI:17626,MAPPED
Citramalate,preferred_term,CHEBI:13997,Citramalate,CHEBI:13997,MAPPED
Citrate,preferred_term,CHEBI:16947,Citrate,CHEBI:16947,MAPPED
Citrate,synonym,CHEBI:30769,Citric acid,CHEBI:30769,MAPPED
Citric Acid,synonym,CHEBI:53258,Trisodium citrate,CHEBI:53258,MAPPED
Citric acid,preferred_term,CHEBI:30769,Citric acid,CHEBI:30769,MAPPED
Citric acid . H2O,synonym,CHEBI:31404,Citric acid x H2O,CHEBI:31404,MAPPED
citric acid diammonium salt,synonym,CHEBI:63076,(NH4)2 citrate,CHEBI:63076,MAPPED
Citric acid monohydrate,synonym,CHEBI:31404,Citric acid x H2O,CHEBI:31404,MAPPED
citric acid triammonium salt,synonym,CHEBI:63037,(NH4)3 citrate,CHEBI:63037,MAPPED
citric acid trisodium salt,synonym,CHEBI:53258,Trisodium citrate,CHEBI:53258,MAPPED
Citric acid x H2O,preferred_term,CHEBI:31404,Citric acid x H2O,CHEBI:31404,MAPPED
Citric acid·H2O,synonym,CHEBI:31404,Citric acid x H2O,CHEBI:31404,MAPPED
Citric Acid•H2O,preferred_term,CHEBI:30769,Citric Acid•H2O,CHEBI:30769,MAPPED
Citric Acid•H2O(Fisher A 104),synonym,CHEBI:30769,Citric Acid•H2O,CHEBI:30769,MAPPED
Citronensaeure,synonym,CHEBI:30769,Citric acid,CHEBI:30769,MAPPED
"Citronensaeure,Trinatrium-Salz-Dihydrat",synonym,CHEBI:53258,Sodium Citrate,CHEBI:53258,MAPPED
CITRULLINE,synonym,CHEBI:16349,L-Citrulline,CHEBI:16349,MAPPED
Cladomycin,preferred_term,kgmicrobe.compound:cladomycin,Cladomycin,kgmicrobe.compound:cladomycin,MAPPED
Clarithromycin,preferred_term,CHEBI:3732,Clarithromycin,CHEBI:3732,MAPPED
Clavulanic Acid,preferred_term,CHEBI:48947,Clavulanic Acid,CHEBI:48947,MAPPED
Cleland's reagent,synonym,CHEBI:18320,DL-Dithiothreitol,CHEBI:18320,MAPPED
Clindamycin,preferred_term,CHEBI:3745,Clindamycin,CHEBI:3745,MAPPED
Clofazimine,preferred_term,CHEBI:3749,Clofazimine,CHEBI:3749,MAPPED
Cloruro de colina,synonym,CHEBI:133341,Choline chloride,CHEBI:133341,MAPPED
cloruro de hidrogeno,synonym,CHEBI:17883,HCl,CHEBI:17883,MAPPED
cloruro de litio,synonym,CHEBI:48607,LiCl,CHEBI:48607,MAPPED
cloruro de metiltioninio,synonym,CHEBI:6872,Methylene blue,CHEBI:6872,MAPPED
cloruro sodico,synonym,CHEBI:26710,NaCl,CHEBI:26710,MAPPED
Clotrimazole,preferred_term,CHEBI:3764,Clotrimazole,CHEBI:3764,MAPPED
Clovis xylem sap,preferred_term,UNMAPPED_0177,Clovis xylem sap,,UNMAPPED
Cloxacillin,preferred_term,CHEBI:49566,Cloxacillin,CHEBI:49566,MAPPED
Cloxacillin sodium salt monohydrate,preferred_term,CHEBI:34978,Cloxacillin sodium salt monohydrate,CHEBI:34978,MAPPED
CMC,synonym,CHEBI:85146,Carboxymethyl cellulose,CHEBI:85146,MAPPED
CMC + PY + Horse Serum,preferred_term,UNMAPPED_0740,CMC + PY + Horse Serum,,NEEDS_EXPERT
CMRL 1066,preferred_term,UNMAPPED_0359,CMRL 1066,,UNMAPPED
CN-Cbl,synonym,CHEBI:17439,Cyanocobalamin,CHEBI:17439,MAPPED
CN-Cbl,synonym,CHEBI:176843,Vitamin B12,CHEBI:176843,MAPPED
Co Carboxylase,synonym,CHEBI:18290,Thiamine pyrophosphate,CHEBI:18290,MAPPED
CO(2),synonym,CHEBI:16526,Carbon dioxide gas,CHEBI:16526,MAPPED
Co(NO3)2,preferred_term,CHEBI:86209,Co(NO3)2,CHEBI:86209,MAPPED
Co(NO3)2 . 6H2O,synonym,CHEBI:86214,Co(NO3)2 x 6 H2O,CHEBI:86214,MAPPED
Co(NO3)2 x 6 H2O,preferred_term,CHEBI:86214,Co(NO3)2 x 6 H2O,CHEBI:86214,MAPPED
Co(NO3)2 x 6H2O,synonym,CHEBI:86214,Co(NO3)2 x 6 H2O,CHEBI:86214,MAPPED
Co(NO3)2 · 6H2O,synonym,CHEBI:86214,Co(NO3)2 x 6 H2O,CHEBI:86214,MAPPED
Co(NO3)2.6H2O,synonym,CHEBI:86214,Co(NO3)2 x 6 H2O,CHEBI:86214,MAPPED
Co(NO3)2·6H2O,synonym,CHEBI:86214,Co(NO3)2 x 6 H2O,CHEBI:86214,MAPPED
Co(NO3)2・6H2O,synonym,CHEBI:86214,Co(NO3)2 x 6 H2O,CHEBI:86214,MAPPED
Co-carboxylase,synonym,CHEBI:18290,Thiamine pyrophosphate,CHEBI:18290,MAPPED
Co-cyano-(2-methyladenin-7-yl)cobamide,synonym,UNMAPPED_0182,2-methyladeninyl cobamide,,UNMAPPED
CO-CYANOCOBALAMIN,synonym,CHEBI:17439,Cyanocobalamin,CHEBI:17439,MAPPED
CO-CYANOCOBALAMIN,synonym,CHEBI:176843,Vitamin B12,CHEBI:176843,MAPPED
Co-trimoxazole,preferred_term,CHEBI:3770,Co-trimoxazole,CHEBI:3770,MAPPED
CO2,synonym,CHEBI:16526,Carbon dioxide gas,CHEBI:16526,MAPPED
CoA-SH,synonym,CHEBI:15346,Coenzyme A,CHEBI:15346,MAPPED
"Coalpha-[alpha-(5,6-dimethylbenzimidazolyl)]-cobamide",synonym,CHEBI:28911,Cobalamine,CHEBI:28911,MAPPED
"Coalpha-[alpha-(5,6-dimethylbenzimidazolyl)]-Cobeta-cyanocobamide",synonym,CHEBI:17439,Cyanocobalamin,CHEBI:17439,MAPPED
"Coalpha-[alpha-(5,6-dimethylbenzimidazolyl)]-Cobeta-cyanocobamide",synonym,CHEBI:176843,Vitamin B12,CHEBI:176843,MAPPED
CoASH,synonym,CHEBI:15346,Coenzyme A,CHEBI:15346,MAPPED
Cob(III)alamin,synonym,CHEBI:28911,Cobalamine,CHEBI:28911,MAPPED
COBALAMIN,synonym,CHEBI:28911,Cobalamine,CHEBI:28911,MAPPED
Cobalamin (B12),synonym,CHEBI:28911,Cobalamine,CHEBI:28911,MAPPED
Cobalamin (III),synonym,CHEBI:28911,Cobalamine,CHEBI:28911,MAPPED
cobalamin(III),synonym,CHEBI:28911,Cobalamine,CHEBI:28911,MAPPED
Cobalamine,preferred_term,CHEBI:28911,Cobalamine,CHEBI:28911,MAPPED
Cobalt (2+) sulfate,synonym,CHEBI:53470,CoSO4,CHEBI:53470,MAPPED
cobalt (II) chloride hexahydrate,synonym,CHEBI:53503,Cobalt chloride hexahydrate,CHEBI:53503,MAPPED
cobalt (III)-EDTA,preferred_term,UNMAPPED_0143,cobalt (III)-EDTA,,UNMAPPED
Cobalt bis(nitrate),synonym,CHEBI:86209,Co(NO3)2,CHEBI:86209,MAPPED
Cobalt Brown,synonym,CHEBI:53470,CoSO4,CHEBI:53470,MAPPED
Cobalt chloride,synonym,CHEBI:35696,CoCl2,CHEBI:35696,MAPPED
Cobalt chloride hexahydrate,preferred_term,CHEBI:53503,Cobalt chloride hexahydrate,CHEBI:53503,MAPPED
cobalt chloride hydrate,synonym,CHEBI:53503,Cobalt chloride hexahydrate,CHEBI:53503,MAPPED
cobalt dichloride,synonym,CHEBI:35696,CoCl2,CHEBI:35696,MAPPED
Cobalt dichloride hexahydrate,synonym,CHEBI:53503,Cobalt chloride hexahydrate,CHEBI:53503,MAPPED
cobalt dinitrate,synonym,CHEBI:86209,Co(NO3)2,CHEBI:86209,MAPPED
cobalt dinitrate hexahydrate,synonym,CHEBI:86214,Co(NO3)2 x 6 H2O,CHEBI:86214,MAPPED
Cobalt monosulfate,synonym,CHEBI:53470,CoSO4,CHEBI:53470,MAPPED
Cobalt nitrate,synonym,CHEBI:86209,Co(NO3)2,CHEBI:86209,MAPPED
Cobalt nitrate hexahydrate,synonym,CHEBI:86214,Co(NO3)2 x 6 H2O,CHEBI:86214,MAPPED
Cobalt sulfate,synonym,CHEBI:53470,CoSO4,CHEBI:53470,MAPPED
cobalt(2+) chloride,synonym,CHEBI:35696,CoCl2,CHEBI:35696,MAPPED
cobalt(2+) chloride,synonym,CHEBI:35696,CoCl2 x 2 H2O,CHEBI:35696,MAPPED
cobalt(2+) chloride,synonym,CHEBI:35696,CoCl2 x 4 H2O,CHEBI:35696,MAPPED
cobalt(2+) chloride,synonym,CHEBI:35696,CoCl2 x 6 H2O,CHEBI:35696,MAPPED
cobalt(2+) dichloride hexahydrate,synonym,CHEBI:53503,Cobalt chloride hexahydrate,CHEBI:53503,MAPPED
cobalt(2+) dinitrate,synonym,CHEBI:86209,Co(NO3)2,CHEBI:86209,MAPPED
Cobalt(2+) nitrate,synonym,CHEBI:86209,Co(NO3)2,CHEBI:86209,MAPPED
Cobalt(2+) nitrate hexahydrate,synonym,CHEBI:86214,Co(NO3)2 x 6 H2O,CHEBI:86214,MAPPED
cobalt(2+) nitrate--water (1/6),synonym,CHEBI:86214,Co(NO3)2 x 6 H2O,CHEBI:86214,MAPPED
cobalt(2+) sulfate,synonym,CHEBI:53470,CoSO4,CHEBI:53470,MAPPED
cobalt(II) chloride,synonym,CHEBI:35696,CoCl2,CHEBI:35696,MAPPED
cobalt(II) chloride,synonym,CHEBI:35696,CoCl2 x 2 H2O,CHEBI:35696,MAPPED
cobalt(II) chloride,synonym,CHEBI:35696,CoCl2 x 4 H2O,CHEBI:35696,MAPPED
cobalt(II) chloride,synonym,CHEBI:35696,CoCl2 x 6 H2O,CHEBI:35696,MAPPED
Cobalt(II) chloride hexahydrate,synonym,CHEBI:53503,Cobalt chloride hexahydrate,CHEBI:53503,MAPPED
Cobalt(II) chloride--water (1/7),synonym,CHEBI:53503,Cobalt chloride hexahydrate,CHEBI:53503,MAPPED
Cobalt(II) nitrate,synonym,CHEBI:86209,Co(NO3)2,CHEBI:86209,MAPPED
Cobalt(II) nitrate hexahydrate,synonym,CHEBI:86214,Co(NO3)2 x 6 H2O,CHEBI:86214,MAPPED
Cobalt(II) sulfate,synonym,CHEBI:53470,CoSO4,CHEBI:53470,MAPPED
Cobalt-NTA,preferred_term,UNMAPPED_0154,Cobalt-NTA,,UNMAPPED
Cobaltous nitrate,synonym,CHEBI:86209,Co(NO3)2,CHEBI:86209,MAPPED
Cobaltous nitrate hexahydrate,synonym,CHEBI:86214,Co(NO3)2 x 6 H2O,CHEBI:86214,MAPPED
Cobaltous sulfate,synonym,CHEBI:53470,CoSO4,CHEBI:53470,MAPPED
cocarboxilasa,synonym,CHEBI:18290,Thiamine pyrophosphate,CHEBI:18290,MAPPED
cocarboxylase,synonym,CHEBI:18290,Thiamine pyrophosphate,CHEBI:18290,MAPPED
cocarboxylase chloride,synonym,CHEBI:18290,Thiamine pyrophosphate,CHEBI:18290,MAPPED
cocarboxylasum,synonym,CHEBI:18290,Thiamine pyrophosphate,CHEBI:18290,MAPPED
CoCl .6H O,synonym,CHEBI:35696,CoCl2,CHEBI:35696,MAPPED
CoCl 2,synonym,CHEBI:35696,CoCl2,CHEBI:35696,MAPPED
CoCl2,preferred_term,CHEBI:35696,CoCl2,CHEBI:35696,MAPPED
CoCl2 . 6H2O,synonym,CHEBI:35696,CoCl2 x 2 H2O,CHEBI:35696,MAPPED
CoCl2 . 6H2O,synonym,CHEBI:35696,CoCl2 x 4 H2O,CHEBI:35696,MAPPED
CoCl2 . 6H2O,synonym,CHEBI:35696,CoCl2 x 6 H2O,CHEBI:35696,MAPPED
CoCl2 x 2 H2O,preferred_term,CHEBI:35696,CoCl2 x 2 H2O,CHEBI:35696,MAPPED
CoCl2 x 2 H2O,synonym,CHEBI:35696,CoCl2 x 4 H2O,CHEBI:35696,MAPPED
CoCl2 x 2 H2O,synonym,CHEBI:35696,CoCl2 x 6 H2O,CHEBI:35696,MAPPED
CoCl2 x 4 H2O,preferred_term,CHEBI:35696,CoCl2 x 4 H2O,CHEBI:35696,MAPPED
CoCl2 x 4 H2O,synonym,CHEBI:35696,CoCl2 x 2 H2O,CHEBI:35696,MAPPED
CoCl2 x 4 H2O,synonym,CHEBI:35696,CoCl2 x 6 H2O,CHEBI:35696,MAPPED
CoCl2 x 6 H2O,preferred_term,CHEBI:35696,CoCl2 x 6 H2O,CHEBI:35696,MAPPED
CoCl2 x 6 H2O,synonym,CHEBI:35696,CoCl2 x 2 H2O,CHEBI:35696,MAPPED
CoCl2 x 6 H2O,synonym,CHEBI:35696,CoCl2 x 4 H2O,CHEBI:35696,MAPPED
CoCl2 x 6H2O,synonym,CHEBI:35696,CoCl2 x 2 H2O,CHEBI:35696,MAPPED
CoCl2 x 6H2O,synonym,CHEBI:35696,CoCl2 x 4 H2O,CHEBI:35696,MAPPED
CoCl2 x 6H2O,synonym,CHEBI:35696,CoCl2 x 6 H2O,CHEBI:35696,MAPPED
CoCl2 · 6H2O,synonym,CHEBI:35696,CoCl2 x 2 H2O,CHEBI:35696,MAPPED
CoCl2 · 6H2O,synonym,CHEBI:35696,CoCl2 x 4 H2O,CHEBI:35696,MAPPED
CoCl2 · 6H2O,synonym,CHEBI:35696,CoCl2 x 6 H2O,CHEBI:35696,MAPPED
CoCl2 × 6H2O,synonym,CHEBI:35696,CoCl2,CHEBI:35696,MAPPED
CoCl2 × 6H2O,synonym,CHEBI:35696,CoCl2 x 6 H2O,CHEBI:35696,MAPPED
CoCl2 ∙ 6 H2O,synonym,CHEBI:35696,CoCl2,CHEBI:35696,MAPPED
CoCl2 ∙ 6 H2O,synonym,CHEBI:35696,CoCl2 x 6 H2O,CHEBI:35696,MAPPED
CoCl2·6H2O,synonym,CHEBI:35696,CoCl2 x 2 H2O,CHEBI:35696,MAPPED
CoCl2·6H2O,synonym,CHEBI:35696,CoCl2 x 4 H2O,CHEBI:35696,MAPPED
CoCl2·6H2O,synonym,CHEBI:35696,CoCl2 x 6 H2O,CHEBI:35696,MAPPED
CoCl2∙6H2O,synonym,CHEBI:35696,CoCl2,CHEBI:35696,MAPPED
CoCl2∙6H2O,synonym,CHEBI:35696,CoCl2 x 6 H2O,CHEBI:35696,MAPPED
CoCl2⋅6H2O,synonym,CHEBI:35696,CoCl2 x 2 H2O,CHEBI:35696,MAPPED
CoCl2⋅6H2O,synonym,CHEBI:35696,CoCl2 x 4 H2O,CHEBI:35696,MAPPED
CoCl2⋅6H2O,synonym,CHEBI:35696,CoCl2 x 6 H2O,CHEBI:35696,MAPPED
CoCl2・6H2O,synonym,CHEBI:35696,CoCl2 x 2 H2O,CHEBI:35696,MAPPED
CoCl2・6H2O,synonym,CHEBI:35696,CoCl2 x 4 H2O,CHEBI:35696,MAPPED
CoCl2・6H2O,synonym,CHEBI:35696,CoCl2 x 6 H2O,CHEBI:35696,MAPPED
Coclor,synonym,CHEBI:49553,CuCl2,CHEBI:49553,MAPPED
Cocositol,synonym,CHEBI:10642,m-Inositol,CHEBI:10642,MAPPED
codecarboxylase,synonym,CHEBI:18405,Pyridoxal phosphate,CHEBI:18405,MAPPED
coenzima M,synonym,CHEBI:17905,2-Mercaptoethanesulfonate,CHEBI:17905,MAPPED
Coenzym A,synonym,CHEBI:15346,Coenzyme A,CHEBI:15346,MAPPED
Coenzym M,synonym,CHEBI:17905,2-Mercaptoethanesulfonate,CHEBI:17905,MAPPED
Coenzymate,synonym,CHEBI:18290,Thiamine pyrophosphate,CHEBI:18290,MAPPED
Coenzyme A,preferred_term,CHEBI:15346,Coenzyme A,CHEBI:15346,MAPPED
Coenzyme M,synonym,CHEBI:17905,2-Mercaptoethanesulfonate,CHEBI:17905,MAPPED
Coenzyme R,synonym,CHEBI:15956,Biotin,CHEBI:15956,MAPPED
Colchiceine,preferred_term,CHEBI:183909,Colchiceine,CHEBI:183909,MAPPED
Colistin Sulfate,preferred_term,CHEBI:759883,Colistin Sulfate,,UNMAPPED
Colistin sulfate salt,preferred_term,CHEBI:37943,Colistin sulfate salt,CHEBI:37943,MAPPED
Collagen,preferred_term,CHEBI:3815,Collagen,CHEBI:3815,MAPPED
Collinomycin,preferred_term,kgmicrobe.compound:collinomycin,Collinomycin,kgmicrobe.compound:collinomycin,MAPPED
Colloidal chitin,preferred_term,UNMAPPED_0361,Colloidal chitin,,UNMAPPED
Columbia agar base,preferred_term,MICRO:0000536,Columbia agar base,MICRO:0000536,MAPPED
Columbia blood agar base,preferred_term,UNMAPPED_0118,Columbia blood agar base,,UNMAPPED
CoM,synonym,CHEBI:17905,2-Mercaptoethanesulfonate,CHEBI:17905,MAPPED
common salt,synonym,CHEBI:26710,NaCl,CHEBI:26710,MAPPED
Complan,preferred_term,UNMAPPED_0363,Complan,,UNMAPPED
Complexon I,synonym,CHEBI:44557,Nitrilotriacetic acid,CHEBI:44557,MAPPED
Conessine,preferred_term,CHEBI:27965,Conessine,CHEBI:27965,MAPPED
Congo red,preferred_term,CHEBI:34653,Congo red,CHEBI:34653,MAPPED
Congocidin,preferred_term,kgmicrobe.compound:congocidin,Congocidin,kgmicrobe.compound:congocidin,MAPPED
coniferyl alcohol,preferred_term,CHEBI:17745,coniferyl alcohol,CHEBI:17745,MAPPED
coniferyl aldehyde,preferred_term,CHEBI:16547,coniferyl aldehyde,CHEBI:16547,MAPPED
Cooked meat medium,preferred_term,FOODON:03305103,Cooked meat medium,FOODON:03305103,MAPPED
copper (II) chloride dihydrate,synonym,CHEBI:86318,CuCl2 x 2 H2O,CHEBI:86318,MAPPED
Copper (II) sulfate pentahydrate,synonym,CHEBI:31440,CuSO4 x 5 H2O,CHEBI:31440,MAPPED
Copper bichloride,synonym,CHEBI:49553,CuCl2,CHEBI:49553,MAPPED
Copper chloride (CuCl),synonym,CHEBI:53472,CuCl,CHEBI:53472,MAPPED
Copper chloride (CuCl2),synonym,CHEBI:49553,CuCl2,CHEBI:49553,MAPPED
copper chloride pentahydrate,synonym,CHEBI:91245,CuCl2 x 5 H2O,CHEBI:91245,MAPPED
Copper dichloride,synonym,CHEBI:49553,CuCl2,CHEBI:49553,MAPPED
copper dichloride,synonym,CHEBI:49553,CuCl2 x 6 H2O,CHEBI:49553,MAPPED
copper dichloride--water (1/2),synonym,CHEBI:86318,CuCl2 x 2 H2O,CHEBI:86318,MAPPED
copper dichloride--water (1/5),synonym,CHEBI:91245,CuCl2 x 5 H2O,CHEBI:91245,MAPPED
Copper monochloride,synonym,CHEBI:53472,CuCl,CHEBI:53472,MAPPED
Copper sulfate,synonym,CHEBI:23414,CuSO4,CHEBI:23414,MAPPED
copper sulfate pentahydrate,synonym,CHEBI:31440,CuSO4 x 5 H2O,CHEBI:31440,MAPPED
copper sulphate(5.H2O),synonym,CHEBI:31440,CuSO4 x 5 H2O,CHEBI:31440,MAPPED
Copper(1+) chloride,synonym,CHEBI:53472,CuCl,CHEBI:53472,MAPPED
Copper(2+) chloride,synonym,CHEBI:49553,CuCl2,CHEBI:49553,MAPPED
copper(2+) chloride pentahydrate,synonym,CHEBI:91245,CuCl2 x 5 H2O,CHEBI:91245,MAPPED
copper(2+) dichloride,synonym,CHEBI:49553,CuCl2,CHEBI:49553,MAPPED
copper(2+) dichloride,synonym,CHEBI:49553,CuCl2 x 6 H2O,CHEBI:49553,MAPPED
copper(2+) dichloride --water (1/2),synonym,CHEBI:86318,CuCl2 x 2 H2O,CHEBI:86318,MAPPED
copper(2+) dichloride --water (1/5),synonym,CHEBI:91245,CuCl2 x 5 H2O,CHEBI:91245,MAPPED
copper(2+) dinitrate,synonym,CHEBI:78036,Cu(NO3)2 x 3 H2O,CHEBI:78036,MAPPED
copper(2+) sulfate,synonym,CHEBI:23414,CuSO4,CHEBI:23414,MAPPED
copper(2+) sulfate,synonym,CHEBI:23414,CuSO4 x 2 H2O,CHEBI:23414,MAPPED
copper(2+) sulfate,synonym,CHEBI:23414,CuSO4 x 4 H2O,CHEBI:23414,MAPPED
copper(2+) sulfate (1:1) pentahydrate,synonym,CHEBI:31440,CuSO4 x 5 H2O,CHEBI:31440,MAPPED
copper(2+) sulfate hexahydrate,synonym,CHEBI:91246,CuSO4 x 6 H2O,CHEBI:91246,MAPPED
copper(2+) sulfate pentahydrate,synonym,CHEBI:31440,CuSO4 x 5 H2O,CHEBI:31440,MAPPED
copper(2+) sulfate--water (1/5),synonym,CHEBI:31440,CuSO4 x 5 H2O,CHEBI:31440,MAPPED
copper(2+) sulfate--water (1/6),synonym,CHEBI:91246,CuSO4 x 6 H2O,CHEBI:91246,MAPPED
Copper(2+)chloride,synonym,CHEBI:49553,CuCl2,CHEBI:49553,MAPPED
Copper(I) chloride,synonym,CHEBI:53472,CuCl,CHEBI:53472,MAPPED
Copper(II) chloride,synonym,CHEBI:49553,CuCl2,CHEBI:49553,MAPPED
Copper(II) chloride (1:2),synonym,CHEBI:49553,CuCl2,CHEBI:49553,MAPPED
Copper(II) chloride dihydrate,synonym,CHEBI:86318,CuCl2 x 2 H2O,CHEBI:86318,MAPPED
copper(II) chloride pentahydrate,synonym,CHEBI:91245,CuCl2 x 5 H2O,CHEBI:91245,MAPPED
copper(II) chloride--water (1/2),synonym,CHEBI:86318,CuCl2 x 2 H2O,CHEBI:86318,MAPPED
copper(II) chloride--water (1/5),synonym,CHEBI:91245,CuCl2 x 5 H2O,CHEBI:91245,MAPPED
copper(II) chloride.2H2O,synonym,CHEBI:86318,CuCl2 x 2 H2O,CHEBI:86318,MAPPED
copper(II) nitrate (anhydrous),synonym,CHEBI:78036,Cu(NO3)2 x 3 H2O,CHEBI:78036,MAPPED
Copper(II) sulfate,synonym,CHEBI:23414,CuSO4,CHEBI:23414,MAPPED
copper(II) sulfate hexahydrate,synonym,CHEBI:91246,CuSO4 x 6 H2O,CHEBI:91246,MAPPED
copper(II) sulfate pentahydrate,synonym,CHEBI:31440,CuSO4 x 5 H2O,CHEBI:31440,MAPPED
"copper(II) sulfate, pentahydrate",synonym,CHEBI:31440,CuSO4 x 5 H2O,CHEBI:31440,MAPPED
Copper-NTA,preferred_term,UNMAPPED_0151,Copper-NTA,,UNMAPPED
Coppertrace,synonym,CHEBI:86318,CuCl2 x 2 H2O,CHEBI:86318,MAPPED
Corn meal,preferred_term,FOODON:03310257,Corn meal,FOODON:03310257,MAPPED
Corn meal agar,preferred_term,UNMAPPED_0130,Corn meal agar,,UNMAPPED
Corn Oil,preferred_term,CHEBI:195250,Corn Oil,CHEBI:195250,MAPPED
Corn Starch,synonym,CHEBI:28017,Starch,CHEBI:28017,MAPPED
Corn Steep Liquor + Glucose + Fumarate,preferred_term,UNMAPPED_0741,Corn Steep Liquor + Glucose + Fumarate,,NEEDS_EXPERT
Corn steep powder,preferred_term,UNMAPPED_0366,Corn steep powder,,UNMAPPED
CoSO4,preferred_term,CHEBI:53470,CoSO4,CHEBI:53470,MAPPED
CoSO4 . 7H2O,synonym,CHEBI:53470,CoSO4 x 7 H2O,CHEBI:53470,MAPPED
CoSO4 x 7 H2O,preferred_term,CHEBI:53470,CoSO4 x 7 H2O,CHEBI:53470,MAPPED
CoSO4 ⋅ 7H2O,synonym,CHEBI:53470,CoSO4 x 7 H2O,CHEBI:53470,MAPPED
CoSO4.7H2O,synonym,CHEBI:53470,CoSO4 x 7 H2O,CHEBI:53470,MAPPED
CoSO4·7H2O,synonym,CHEBI:53470,CoSO4 x 7 H2O,CHEBI:53470,MAPPED
CoSO4・7H2O,synonym,CHEBI:53470,CoSO4 x 7 H2O,CHEBI:53470,MAPPED
Cotarnine Chloride,preferred_term,cas:10018-19-6,Cotarnine Chloride,NCIT:C79997,MAPPED
Coumarate,preferred_term,CHEBI:23399,Coumarate,CHEBI:23399,MAPPED
Cow manure,preferred_term,UNMAPPED_0367,Cow manure,,UNMAPPED
Cow's milk,preferred_term,FOODON:02020891,Cow's milk,FOODON:02020891,MAPPED
Cr(NO3)3 x 7 H2O,preferred_term,CHEBI:86206,Cr(NO3)3 x 7 H2O,CHEBI:86206,MAPPED
Cr(NO3)3.7H2O,synonym,CHEBI:86206,Cr(NO3)3 x 7 H2O,CHEBI:86206,MAPPED
CR1 Soil,preferred_term,ENVO:00001998,CR1 Soil,ENVO:00001998,MAPPED
Cr2(SO4)3 x n H2O,preferred_term,CHEBI:53471,Cr2(SO4)3 x n H2O,CHEBI:53471,MAPPED
Cravingzgone,preferred_term,UNMAPPED_0213,Cravingzgone,,UNMAPPED
Creatin,synonym,CHEBI:16919,Creatine,CHEBI:16919,MAPPED
Creatine,preferred_term,CHEBI:16919,Creatine,CHEBI:16919,MAPPED
Creatine anhydride,synonym,CHEBI:16737,Creatinine,CHEBI:16737,MAPPED
creatinina,synonym,CHEBI:16737,Creatinine,CHEBI:16737,MAPPED
Creatinine,preferred_term,CHEBI:16737,Creatinine,CHEBI:16737,MAPPED
Cresol red,preferred_term,CHEBI:86218,Cresol red,CHEBI:86218,MAPPED
Cresolsulfophthalein,synonym,CHEBI:86218,Cresol red,CHEBI:86218,MAPPED
Crinamine,preferred_term,CHEBI:3914,Crinamine,CHEBI:3914,MAPPED
CrKSO42 x 12 H2O,preferred_term,UNMAPPED_0369,CrKSO42 x 12 H2O,,UNMAPPED
croscarmellose,synonym,CHEBI:85146,Carboxymethyl cellulose,CHEBI:85146,MAPPED
croscarmellosum,synonym,CHEBI:85146,Carboxymethyl cellulose,CHEBI:85146,MAPPED
croscarmelosa,synonym,CHEBI:85146,Carboxymethyl cellulose,CHEBI:85146,MAPPED
Cross-references: KEGG:4abz,synonym,CHEBI:17836,4-Aminobenzoate,CHEBI:17836,MAPPED
Cross-references: KEGG:ac,synonym,CHEBI:30089,Acetate,CHEBI:30089,MAPPED
Cross-references: KEGG:ala-L,synonym,CHEBI:16977,L-Alanine,CHEBI:16977,MAPPED
Cross-references: KEGG:arg-L,synonym,CHEBI:16467,L-Arginine,CHEBI:16467,MAPPED
Cross-references: KEGG:asn-L,synonym,CHEBI:17196,L-Asparagine,CHEBI:17196,MAPPED
Cross-references: KEGG:btn,synonym,CHEBI:15956,Biotin,CHEBI:15956,MAPPED
Cross-references: KEGG:chol,synonym,CHEBI:15354,Choline,CHEBI:15354,MAPPED
Cross-references: KEGG:com,synonym,CHEBI:17905,2-Mercaptoethanesulfonate,CHEBI:17905,MAPPED
Cross-references: KEGG:cys-L,synonym,CHEBI:17561,L-Cysteine,CHEBI:17561,MAPPED
Cross-references: KEGG:etoh,synonym,CHEBI:16236,Ethanol,CHEBI:16236,MAPPED
Cross-references: KEGG:fru,synonym,CHEBI:15824,D-Fructose,CHEBI:15824,MAPPED
Cross-references: KEGG:gal,synonym,CHEBI:12936,D-Galactose,CHEBI:12936,MAPPED
Cross-references: KEGG:glc_D,synonym,CHEBI:17634,D-Glucose,CHEBI:17634,MAPPED
Cross-references: KEGG:gln-L,synonym,CHEBI:18050,L-Glutamine,CHEBI:18050,MAPPED
Cross-references: KEGG:gly,synonym,CHEBI:15428,Glycine,CHEBI:15428,MAPPED
Cross-references: KEGG:glyc,synonym,CHEBI:17754,Glycerol,CHEBI:17754,MAPPED
Cross-references: KEGG:gthrd,synonym,CHEBI:16856,Glutathione,CHEBI:16856,MAPPED
Cross-references: KEGG:his-L,synonym,CHEBI:15971,L-Histidine,CHEBI:15971,MAPPED
Cross-references: KEGG:hxan,synonym,CHEBI:17368,Hypoxanthine,CHEBI:17368,MAPPED
Cross-references: KEGG:ile-L,synonym,CHEBI:17191,L-Isoleucine,CHEBI:17191,MAPPED
Cross-references: KEGG:inost,synonym,CHEBI:17268,myo-Inositol,CHEBI:17268,MAPPED
Cross-references: KEGG:lcts,synonym,CHEBI:17716,Lactose,CHEBI:17716,MAPPED
Cross-references: KEGG:leu-L,synonym,CHEBI:15603,L-Leucine,CHEBI:15603,MAPPED
Cross-references: KEGG:lys-L,synonym,CHEBI:18019,L-Lysine,CHEBI:18019,MAPPED
Cross-references: KEGG:malt,synonym,CHEBI:17306,Maltose,CHEBI:17306,MAPPED
Cross-references: KEGG:man,synonym,CHEBI:16024,D-Mannose,CHEBI:16024,MAPPED
Cross-references: KEGG:meoh,synonym,CHEBI:17790,Methanol,CHEBI:17790,MAPPED
Cross-references: KEGG:met-L,synonym,CHEBI:16643,L-Methionine,CHEBI:16643,MAPPED
Cross-references: KEGG:mndn,synonym,CHEBI:28869,Menadione,CHEBI:28869,MAPPED
Cross-references: KEGG:mnl,synonym,CHEBI:29864,Mannitol,CHEBI:29864,MAPPED
Cross-references: KEGG:ncam,synonym,CHEBI:17154,Nicotinamide,CHEBI:17154,MAPPED
Cross-references: KEGG:phe-L,synonym,CHEBI:17295,L-Phenylalanine,CHEBI:17295,MAPPED
Cross-references: KEGG:pnto-R,synonym,CHEBI:16454,Pantothenate,CHEBI:16454,MAPPED
Cross-references: KEGG:pro-L,synonym,CHEBI:17203,L-Proline,CHEBI:17203,MAPPED
Cross-references: KEGG:pydam,synonym,CHEBI:16410,Pyridoxamine,CHEBI:16410,MAPPED
Cross-references: KEGG:pydxn,synonym,CHEBI:16709,Pyridoxine,CHEBI:16709,MAPPED
Cross-references: KEGG:pyr,synonym,CHEBI:15361,Pyruvate,CHEBI:15361,MAPPED
Cross-references: KEGG:ribflv,synonym,CHEBI:17015,Riboflavin,CHEBI:17015,MAPPED
Cross-references: KEGG:rmn,synonym,CHEBI:62345,L-Rhamnose,CHEBI:62345,MAPPED
Cross-references: KEGG:ser-L,synonym,CHEBI:17115,L-Serine,CHEBI:17115,MAPPED
Cross-references: KEGG:succ,synonym,CHEBI:26806,Succinate,CHEBI:26806,MAPPED
Cross-references: KEGG:sucr,synonym,CHEBI:17992,Sucrose,CHEBI:17992,MAPPED
Cross-references: KEGG:thm,synonym,CHEBI:18385,Thiamine,CHEBI:18385,MAPPED
Cross-references: KEGG:thr-L,synonym,CHEBI:16857,L-Threonine,CHEBI:16857,MAPPED
Cross-references: KEGG:thym,synonym,CHEBI:17821,Thymine,CHEBI:17821,MAPPED
Cross-references: KEGG:thymd,synonym,CHEBI:17748,Thymidine,CHEBI:17748,MAPPED
Cross-references: KEGG:tol,synonym,CHEBI:17578,Toluene,CHEBI:17578,MAPPED
Cross-references: KEGG:trp-L,synonym,CHEBI:16828,L-Tryptophan,CHEBI:16828,MAPPED
Cross-references: KEGG:tyr-L,synonym,CHEBI:17895,L-Tyrosine,CHEBI:17895,MAPPED
Cross-references: KEGG:ura,synonym,CHEBI:17568,Uracil,CHEBI:17568,MAPPED
Cross-references: KEGG:urea,synonym,CHEBI:16199,Urea,CHEBI:16199,MAPPED
Cross-references: KEGG:val-L,synonym,CHEBI:16414,L-Valine,CHEBI:16414,MAPPED
Cross-references: KEGG:xyl-D,synonym,CHEBI:65327,D-Xylose,CHEBI:65327,MAPPED
crotonate,synonym,CHEBI:35899,Na-crotonate,CHEBI:35899,MAPPED
Crotonic acid,preferred_term,CHEBI:41131,Crotonic acid,CHEBI:41131,MAPPED
Crude Oil,preferred_term,UNMAPPED_0808,Crude Oil,,UNMAPPED
Cryptotanshinone,preferred_term,CHEBI:149838,Cryptotanshinone,CHEBI:149838,MAPPED
Crystal Violet,preferred_term,CHEBI:41688,Crystal Violet,CHEBI:41688,MAPPED
Crystalline Cellulose,preferred_term,CHEBI:62968,Crystalline Cellulose,CHEBI:62968,MAPPED
Cu(NO3)2 x 3 H2O,preferred_term,CHEBI:78036,Cu(NO3)2 x 3 H2O,CHEBI:78036,MAPPED
Cu-lyt,synonym,CHEBI:53472,CuCl,CHEBI:53472,MAPPED
Cubic niter,synonym,CHEBI:63005,NaNO3,CHEBI:63005,MAPPED
CuCl,preferred_term,CHEBI:53472,CuCl,CHEBI:53472,MAPPED
CuCl 2,synonym,CHEBI:86318,CuCl2 x 2 H2O,CHEBI:86318,MAPPED
CuCl 2 x 2 H2O,synonym,CHEBI:86318,CuCl2 x 2 H2O,CHEBI:86318,MAPPED
CuCl2,preferred_term,CHEBI:49553,CuCl2,CHEBI:49553,MAPPED
CuCl2 . 2H2O,synonym,CHEBI:86318,CuCl2 x 2 H2O,CHEBI:86318,MAPPED
CuCl2 .2H2O,synonym,CHEBI:86318,CuCl2 x 2 H2O,CHEBI:86318,MAPPED
CuCl2 x 2 H2O,preferred_term,CHEBI:86318,CuCl2 x 2 H2O,CHEBI:86318,MAPPED
CuCl2 x 2H2O,synonym,CHEBI:86318,CuCl2 x 2 H2O,CHEBI:86318,MAPPED
CuCl2 x 5 H2O,preferred_term,CHEBI:91245,CuCl2 x 5 H2O,CHEBI:91245,MAPPED
CuCl2 x 6 H2O,preferred_term,CHEBI:49553,CuCl2 x 6 H2O,CHEBI:49553,MAPPED
CuCl2 x 6 H2O,synonym,CHEBI:49553,CuCl2,CHEBI:49553,MAPPED
CuCl2 x H2O,synonym,CHEBI:49553,CuCl2,CHEBI:49553,MAPPED
CuCl2 x H2O,synonym,CHEBI:49553,CuCl2 x 6 H2O,CHEBI:49553,MAPPED
CuCl2 · 2H2O,synonym,CHEBI:86318,CuCl2 x 2 H2O,CHEBI:86318,MAPPED
CuCl2 · H2O,synonym,CHEBI:49553,CuCl2,CHEBI:49553,MAPPED
CuCl2 · H2O,synonym,CHEBI:49553,CuCl2 x 6 H2O,CHEBI:49553,MAPPED
CuCl2 × 6H2O,synonym,CHEBI:49553,CuCl2,CHEBI:49553,MAPPED
CuCl2 × 6H2O,synonym,CHEBI:49553,CuCl2 x 6 H2O,CHEBI:49553,MAPPED
CuCl2*2H2O,synonym,CHEBI:86318,CuCl2 x 2 H2O,CHEBI:86318,MAPPED
CuCl2-2H2O,synonym,CHEBI:86318,CuCl2 x 2 H2O,CHEBI:86318,MAPPED
CuCl2.2H2O,synonym,CHEBI:86318,CuCl2 x 2 H2O,CHEBI:86318,MAPPED
CuCl2.5H2O,synonym,CHEBI:91245,CuCl2 x 5 H2O,CHEBI:91245,MAPPED
CuCl2·2H2O,synonym,CHEBI:86318,CuCl2 x 2 H2O,CHEBI:86318,MAPPED
CuCl2⋅2H2O,synonym,CHEBI:86318,CuCl2 x 2 H2O,CHEBI:86318,MAPPED
CuCl2・2H2O,synonym,CHEBI:86318,CuCl2 x 2 H2O,CHEBI:86318,MAPPED
CuFeS2,synonym,CHEBI:86202,Chalcopyrite,CHEBI:86202,MAPPED
Cumene hydroperoxide,preferred_term,CHEBI:78673,Cumene hydroperoxide,CHEBI:78673,MAPPED
Cupric chloride,synonym,CHEBI:49553,CuCl2,CHEBI:49553,MAPPED
Cupric chloride anhydrous,synonym,CHEBI:49553,CuCl2,CHEBI:49553,MAPPED
Cupric chloride anhydrous,synonym,CHEBI:49553,CuCl2 x 6 H2O,CHEBI:49553,MAPPED
Cupric chloride dihydrate,synonym,CHEBI:86318,CuCl2 x 2 H2O,CHEBI:86318,MAPPED
cupric chloride pentahydrate,synonym,CHEBI:91245,CuCl2 x 5 H2O,CHEBI:91245,MAPPED
cupric chloride.2H2O,synonym,CHEBI:86318,CuCl2 x 2 H2O,CHEBI:86318,MAPPED
Cupric dichloride,synonym,CHEBI:49553,CuCl2,CHEBI:49553,MAPPED
Cupric ferrous sulfide,synonym,CHEBI:86202,Chalcopyrite,CHEBI:86202,MAPPED
Cupric sulfate,synonym,CHEBI:23414,CuSO4,CHEBI:23414,MAPPED
cupric sulfate anhydrous,synonym,CHEBI:23414,CuSO4,CHEBI:23414,MAPPED
cupric sulfate anhydrous,synonym,CHEBI:23414,CuSO4 x 2 H2O,CHEBI:23414,MAPPED
cupric sulfate anhydrous,synonym,CHEBI:23414,CuSO4 x 4 H2O,CHEBI:23414,MAPPED
cupric sulfate hexahydrate,synonym,CHEBI:91246,CuSO4 x 6 H2O,CHEBI:91246,MAPPED
cupric sulfate pentahydrate,synonym,CHEBI:31440,CuSO4 x 5 H2O,CHEBI:31440,MAPPED
Cuproid,synonym,CHEBI:53472,CuCl,CHEBI:53472,MAPPED
Cuprous chloride,synonym,CHEBI:53472,CuCl,CHEBI:53472,MAPPED
Curamycin A,preferred_term,CHEBI:71987,Curamycin A,CHEBI:71987,MAPPED
Curcumin,preferred_term,CHEBI:3962,Curcumin,CHEBI:3962,MAPPED
Curdlan,preferred_term,cas:54724-00-4,Curdlan,mesh:C038459,MAPPED
CuSO4,preferred_term,CHEBI:23414,CuSO4,CHEBI:23414,MAPPED
CuSO4 . 2H2O,synonym,CHEBI:23414,CuSO4,CHEBI:23414,MAPPED
CuSO4 . 2H2O,synonym,CHEBI:23414,CuSO4 x 2 H2O,CHEBI:23414,MAPPED
CuSO4 . 2H2O,synonym,CHEBI:23414,CuSO4 x 4 H2O,CHEBI:23414,MAPPED
CuSO4 . 5H2O,synonym,CHEBI:31440,CuSO4 x 5 H2O,CHEBI:31440,MAPPED
CuSO4 .5H2O,synonym,CHEBI:31440,CuSO4 x 5 H2O,CHEBI:31440,MAPPED
CuSO4 x 2 H2O,preferred_term,CHEBI:23414,CuSO4 x 2 H2O,CHEBI:23414,MAPPED
CuSO4 x 2 H2O,synonym,CHEBI:23414,CuSO4,CHEBI:23414,MAPPED
CuSO4 x 2 H2O,synonym,CHEBI:23414,CuSO4 x 4 H2O,CHEBI:23414,MAPPED
CuSO4 x 4 H2O,preferred_term,CHEBI:23414,CuSO4 x 4 H2O,CHEBI:23414,MAPPED
CuSO4 x 4 H2O,synonym,CHEBI:23414,CuSO4,CHEBI:23414,MAPPED
CuSO4 x 4 H2O,synonym,CHEBI:23414,CuSO4 x 2 H2O,CHEBI:23414,MAPPED
CuSO4 x 5 H2O,preferred_term,CHEBI:31440,CuSO4 x 5 H2O,CHEBI:31440,MAPPED
CuSO4 x 5H2O,synonym,CHEBI:31440,CuSO4 x 5 H2O,CHEBI:31440,MAPPED
CuSO4 x 6 H2O,preferred_term,CHEBI:91246,CuSO4 x 6 H2O,CHEBI:91246,MAPPED
CuSO4 x H2O,synonym,CHEBI:23414,CuSO4,CHEBI:23414,MAPPED
CuSO4 x H2O,synonym,CHEBI:23414,CuSO4 x 2 H2O,CHEBI:23414,MAPPED
CuSO4 x H2O,synonym,CHEBI:23414,CuSO4 x 4 H2O,CHEBI:23414,MAPPED
CuSO4 · 5H2O,synonym,CHEBI:31440,CuSO4 x 5 H2O,CHEBI:31440,MAPPED
CuSO4 ⋅ 5H2O,synonym,CHEBI:31440,CuSO4 x 5 H2O,CHEBI:31440,MAPPED
CuSO4.5H2O,synonym,CHEBI:31440,CuSO4 x 5 H2O,CHEBI:31440,MAPPED
CuSO4.6H2O,synonym,CHEBI:91246,CuSO4 x 6 H2O,CHEBI:91246,MAPPED
CuSO4·5H2O,synonym,CHEBI:31440,CuSO4 x 5 H2O,CHEBI:31440,MAPPED
CuSO4・5H2O,synonym,CHEBI:31440,CuSO4 x 5 H2O,CHEBI:31440,MAPPED
Cyanocob(III)alamin,synonym,CHEBI:17439,Cyanocobalamin,CHEBI:17439,MAPPED
Cyanocob(III)alamin,synonym,CHEBI:176843,Vitamin B12,CHEBI:176843,MAPPED
Cyanocobalamin,preferred_term,CHEBI:17439,Cyanocobalamin,CHEBI:17439,MAPPED
Cyanocobalamin,synonym,CHEBI:176843,Vitamin B12,CHEBI:176843,MAPPED
Cyanocobalamin (B ),synonym,CHEBI:17439,Cyanocobalamin,CHEBI:17439,MAPPED
Cyanocobalamin (B ),synonym,CHEBI:176843,Vitamin B12,CHEBI:176843,MAPPED
Cyanocobalamin (Vitamin B ),synonym,CHEBI:17439,Cyanocobalamin,CHEBI:17439,MAPPED
Cyanocobalamin (Vitamin B ),synonym,CHEBI:176843,Vitamin B12,CHEBI:176843,MAPPED
Cyanocobalamine,synonym,CHEBI:17439,Cyanocobalamin,CHEBI:17439,MAPPED
Cyanocobalamine,synonym,CHEBI:176843,Vitamin B12,CHEBI:176843,MAPPED
Cyanocobalamin in,synonym,CHEBI:17439,Cyanocobalamin,CHEBI:17439,MAPPED
Cyanocobalamin in,synonym,CHEBI:176843,Vitamin B12,CHEBI:176843,MAPPED
Cyclodextrin,preferred_term,CHEBI:23456,Cyclodextrin,CHEBI:23456,MAPPED
cycloheptaamylose,synonym,CHEBI:495055,Cyclomaltoheptaose,CHEBI:495055,MAPPED
cycloheptaglucan,synonym,CHEBI:495055,Cyclomaltoheptaose,CHEBI:495055,MAPPED
cycloheptaglucosan,synonym,CHEBI:495055,Cyclomaltoheptaose,CHEBI:495055,MAPPED
Cyclohexemid,synonym,CHEBI:27641,Cycloheximid,CHEBI:27641,MAPPED
Cycloheximid,preferred_term,CHEBI:27641,Cycloheximid,CHEBI:27641,MAPPED
Cycloheximide,synonym,CHEBI:27641,Cycloheximid,CHEBI:27641,MAPPED
Cyclohexitol,synonym,CHEBI:17268,myo-Inositol,CHEBI:17268,MAPPED
Cyclohexylaminopropanesulfonic acid,synonym,CHEBI:191088,CAPS buffer,CHEBI:191088,MAPPED
Cyclomaltoheptaose,preferred_term,CHEBI:495055,Cyclomaltoheptaose,CHEBI:495055,MAPPED
cyclomaltoheptaose,synonym,CHEBI:495055,Cyclomaltoheptaose,CHEBI:495055,MAPPED
cyclomaltohexaose,synonym,CHEBI:40585,a-Cyclodextrin,CHEBI:40585,MAPPED
Cyclopamine,preferred_term,CHEBI:4021,Cyclopamine,CHEBI:4021,MAPPED
Cyclopentanol+CO2,preferred_term,UNMAPPED_0701,Cyclopentanol+CO2,,NEEDS_EXPERT
cyclopentyl 3-[2-methoxy-4-(2-methylphenylsulfonylcarbamoyl)benzyl]-1-methyl-1H-indol-5-ylcarbamate,synonym,CHEBI:10100,Zafirlukast,CHEBI:10100,MAPPED
Cycloviracin B1,preferred_term,CHEBI:200226,Cycloviracin B1,CHEBI:200226,MAPPED
Cycloviracin B2,preferred_term,CHEBI:202116,Cycloviracin B2,CHEBI:202116,MAPPED
Cyd,synonym,CHEBI:17562,Cytidine,CHEBI:17562,MAPPED
Cystargin,preferred_term,mesh:C058276,Cystargin,mesh:C058276,MAPPED
Cystein,synonym,CHEBI:15356,Cysteine,CHEBI:15356,MAPPED
Cystein-HCl x 2 H2O (5% (w/v)),synonym,CHEBI:91248,L-Cysteine HCl x H2O,CHEBI:91248,MAPPED
Cystein-HCl x 2 H2O (5% (w/v)),synonym,CHEBI:91248,L-Cysteine hydrochloride monohydrate,CHEBI:91248,MAPPED
CYSTEINE,synonym,CHEBI:17561,L-Cysteine,CHEBI:17561,MAPPED
Cysteine,preferred_term,CHEBI:15356,Cysteine,CHEBI:15356,MAPPED
Cysteine hydrochloride,synonym,CHEBI:91248,L-Cysteine HCl x H2O,CHEBI:91248,MAPPED
Cysteine monohydrochloride,synonym,CHEBI:91247,L-Cysteine HCl,CHEBI:91247,MAPPED
Cysteine-HCl,synonym,CHEBI:91247,L-Cysteine HCl,CHEBI:91247,MAPPED
Cysteine-HCl x H2O,synonym,CHEBI:91248,L-Cysteine HCl x H2O,CHEBI:91248,MAPPED
Cysteine-HCl·H2O,synonym,CHEBI:91248,L-Cysteine HCl x H2O,CHEBI:91248,MAPPED
Cysteine-HCl∙H2O,synonym,CHEBI:17561,L-Cysteine,CHEBI:17561,MAPPED
Cysteine-HCl⋅H2O,synonym,CHEBI:91248,L-Cysteine HCl x H2O,CHEBI:91248,MAPPED
Cystine,preferred_term,CHEBI:17376,Cystine,CHEBI:17376,MAPPED
Cyt,synonym,CHEBI:16040,Cytosine,CHEBI:16040,MAPPED
Cytidin,synonym,CHEBI:17562,Cytidine,CHEBI:17562,MAPPED
Cytidine,preferred_term,CHEBI:17562,Cytidine,CHEBI:17562,MAPPED
Cytidine 5'-Monophosphate,preferred_term,CHEBI:17361,Cytidine 5'-Monophosphate,CHEBI:17361,MAPPED
Cytisine,preferred_term,CHEBI:4055,Cytisine,CHEBI:4055,MAPPED
Cytochrome,preferred_term,CHEBI:4056,Cytochrome,CHEBI:4056,MAPPED
Cytosin,synonym,CHEBI:16040,Cytosine,CHEBI:16040,MAPPED
Cytosine,preferred_term,CHEBI:16040,Cytosine,CHEBI:16040,MAPPED
Cytosine riboside,synonym,CHEBI:17562,Cytidine,CHEBI:17562,MAPPED
cytosine-1beta-D-Ribofuranoside,synonym,CHEBI:17562,Cytidine,CHEBI:17562,MAPPED
Cytovirin,preferred_term,kgmicrobe.compound:cytovirin,Cytovirin,kgmicrobe.compound:cytovirin,MAPPED
Czapek Dox agar,preferred_term,UNMAPPED_0119,Czapek Dox agar,,UNMAPPED
Czapek-Dox liquid medium,preferred_term,UNMAPPED_0370,Czapek-Dox liquid medium,,UNMAPPED
D,preferred_term,CHEBI:29958,D,CHEBI:29958,MAPPED
D Calcium Panthothenate,synonym,CHEBI:31345,Calcium pantothenate,CHEBI:31345,MAPPED
D(+)-Biotin,synonym,CHEBI:15956,Biotin,CHEBI:15956,MAPPED
D(+)-Carvone,preferred_term,CHEBI:15399,D(+)-Carvone,CHEBI:15399,MAPPED
D(+)-Glucose,synonym,CHEBI:17634,D-Glucose,CHEBI:17634,MAPPED
D(+)-Trehalose,synonym,CHEBI:27082,Trehalose,CHEBI:27082,MAPPED
D(-)-alpha-aminobenzylpenicillin sodium salt,synonym,CHEBI:34535,Na-ampicillin,CHEBI:34535,MAPPED
"D,L-6,8-Thioctic Acid",synonym,CHEBI:43796,α-lipoic acid,CHEBI:43796,MAPPED
"D,L-carnitine",synonym,CHEBI:17126,DL-carnitine,CHEBI:17126,MAPPED
"D,L-Malic Acid",synonym,CHEBI:6650,DL-Malic acid,CHEBI:6650,MAPPED
D-(+)-biotin,synonym,CHEBI:15956,Biotin,CHEBI:15956,MAPPED
D-(+)-cellobiose,synonym,CHEBI:17057,Cellobiose,CHEBI:17057,MAPPED
D-(+)-Galactosamine hydrochloride,preferred_term,CHEBI:181432,D-(+)-Galactosamine hydrochloride,CHEBI:181432,MAPPED
D-(+)-Gluconic acid gamma-lactone,preferred_term,CHEBI:16217,D-(+)-Gluconic acid gamma-lactone,CHEBI:16217,MAPPED
D-(+)-glucose,synonym,CHEBI:17634,D-Glucose,CHEBI:17634,MAPPED
D-(+)-maltose,synonym,CHEBI:17306,Maltose,CHEBI:17306,MAPPED
D-(+)-Melezitose hydrate,preferred_term,cas:207511-10-2,D-(+)-Melezitose hydrate,CHEBI:6731,MAPPED
D-(+)-melezitose monohydrate,preferred_term,cas:10030-67-8,D-(+)-melezitose monohydrate,CHEBI:6731,MAPPED
D-(+)-Turanose,preferred_term,CHEBI:32528,D-(+)-Turanose,CHEBI:32528,MAPPED
D-(-)-6-(alpha-aminophenylacetamido)penicillanic acid,synonym,CHEBI:28971,Ampicillin,CHEBI:28971,MAPPED
D-(-)-ampicillin,synonym,CHEBI:28971,Ampicillin,CHEBI:28971,MAPPED
D-(-)-lyxose,preferred_term,CHEBI:16789,D-(-)-lyxose,CHEBI:16789,MAPPED
D-(-)-Mannitol,synonym,CHEBI:16899,D-Mannitol,CHEBI:16899,MAPPED
D-(-)-Pantolactone,preferred_term,CHEBI:16719,D-(-)-Pantolactone,CHEBI:16719,MAPPED
D-(-)-sorbitol,synonym,CHEBI:17924,D-Sorbitol,CHEBI:17924,MAPPED
D-(-)-tagatose,preferred_term,CHEBI:4249,D-(-)-tagatose,CHEBI:4249,MAPPED
D-2-Aminobutyric acid,preferred_term,CHEBI:28797,D-2-Aminobutyric acid,CHEBI:28797,MAPPED
D-Alanine,preferred_term,CHEBI:15570,D-Alanine,CHEBI:15570,MAPPED
D-apiose,preferred_term,CHEBI:16689,D-apiose,CHEBI:16689,MAPPED
D-Ara,synonym,CHEBI:17108,D-Arabinose,CHEBI:17108,MAPPED
D-arabino-hex-2-ulose,synonym,CHEBI:15824,D-Fructose,CHEBI:15824,MAPPED
D-arabino-pentose,synonym,CHEBI:17108,D-Arabinose,CHEBI:17108,MAPPED
D-Arabinose,preferred_term,CHEBI:17108,D-Arabinose,CHEBI:17108,MAPPED
D-arabitol,preferred_term,CHEBI:18333,D-arabitol,CHEBI:18333,MAPPED
D-aspartate,preferred_term,CHEBI:29994,D-aspartate,CHEBI:29994,MAPPED
D-Aspartic Acid,preferred_term,CHEBI:17364,D-Aspartic Acid,CHEBI:17364,MAPPED
D-Biotin,synonym,CHEBI:15956,Biotin,CHEBI:15956,MAPPED
D-Ca-pantothenate,synonym,CHEBI:31345,Calcium pantothenate,CHEBI:31345,MAPPED
D-Calcium pantothenate,synonym,CHEBI:31345,Calcium pantothenate,CHEBI:31345,MAPPED
D-celiobiose,synonym,CHEBI:17057,Cellobiose,CHEBI:17057,MAPPED
D-Cellobiose,synonym,CHEBI:17057,Cellobiose,CHEBI:17057,MAPPED
D-cellobiose (cellobiose),synonym,CHEBI:17057,Cellobiose,CHEBI:17057,MAPPED
D-Cycloserine,preferred_term,CHEBI:40009,D-Cycloserine,CHEBI:40009,MAPPED
D-erythro-tetrose,synonym,CHEBI:27904,D-erythrose,CHEBI:27904,MAPPED
D-erythrose,preferred_term,CHEBI:27904,D-erythrose,CHEBI:27904,MAPPED
D-Fru,synonym,CHEBI:15824,D-Fructose,CHEBI:15824,MAPPED
D-Fructose,preferred_term,CHEBI:15824,D-Fructose,CHEBI:15824,MAPPED
D-fructose 6-(dihydrogen phosphate),synonym,CHEBI:15946,Fructose-6-phosphate,CHEBI:15946,MAPPED
D-Fructose 6-phosphate,synonym,CHEBI:15946,Fructose-6-phosphate,CHEBI:15946,MAPPED
D-Fructose 6-phosphate disodium salt hydrate,preferred_term,cas:26177-86-6,D-Fructose 6-phosphate disodium salt hydrate,CHEBI:190546,MAPPED
D-fucose,preferred_term,CHEBI:28847,D-fucose,CHEBI:28847,MAPPED
D-Gal,synonym,CHEBI:12936,D-Galactose,CHEBI:12936,MAPPED
D-galacto-hexose,synonym,CHEBI:12936,D-Galactose,CHEBI:12936,MAPPED
D-galactonate,preferred_term,CHEBI:12931,D-galactonate,CHEBI:12931,MAPPED
D-galactonic Acid Lactone,preferred_term,CHEBI:15895,D-galactonic Acid Lactone,CHEBI:15895,MAPPED
D-Galactose,preferred_term,CHEBI:12936,D-Galactose,CHEBI:12936,MAPPED
D-galacturonate,synonym,CHEBI:18024,D-galacturonic acid,CHEBI:18024,MAPPED
D-galacturonate,synonym,cas:91510-62-2,D-Galacturonic Acid monohydrate,CHEBI:18024,MAPPED
D-galacturonic acid,preferred_term,CHEBI:18024,D-galacturonic acid,CHEBI:18024,MAPPED
D-Galacturonic Acid monohydrate,preferred_term,cas:91510-62-2,D-Galacturonic Acid monohydrate,CHEBI:18024,MAPPED
D-galacturonic acids,synonym,CHEBI:18024,D-galacturonic acid,CHEBI:18024,MAPPED
D-Glc,synonym,CHEBI:4167,Dextrose,CHEBI:4167,MAPPED
D-Glcp,synonym,CHEBI:4167,Dextrose,CHEBI:4167,MAPPED
D-glucarate,preferred_term,CHEBI:30612,D-glucarate,CHEBI:30612,MAPPED
D-Glucaric acid,preferred_term,CHEBI:16002,D-Glucaric acid,CHEBI:16002,MAPPED
D-Glucitol,synonym,CHEBI:17924,D-Sorbitol,CHEBI:17924,MAPPED
D-gluco-hexose,synonym,CHEBI:17634,D-Glucose,CHEBI:17634,MAPPED
D-gluconate,preferred_term,CHEBI:18391,D-gluconate,CHEBI:18391,MAPPED
"D-Gluconic acid, monosodium salt",synonym,CHEBI:84997,Sodium gluconate,CHEBI:84997,MAPPED
D-glucopyranose,synonym,CHEBI:4167,Dextrose,CHEBI:4167,MAPPED
D-glucosamine,preferred_term,CHEBI:17315,D-glucosamine,CHEBI:17315,MAPPED
D-Glucosamine 6-phosphate,preferred_term,CHEBI:12962,D-Glucosamine 6-phosphate,CHEBI:12962,MAPPED
D-Glucosamine Hydrochloride,preferred_term,cas:66-84-2,D-Glucosamine Hydrochloride,NCIT:C83732,MAPPED
D-glucosaminic Acid,preferred_term,CHEBI:17784,D-glucosaminic Acid,CHEBI:17784,MAPPED
D-Glucose,preferred_term,CHEBI:17634,D-Glucose,CHEBI:17634,MAPPED
D-glucose,synonym,CHEBI:42758,glucose,CHEBI:42758,MAPPED
D-glucose 6-phosphate,preferred_term,CHEBI:14314,D-glucose 6-phosphate,CHEBI:14314,MAPPED
D-GLUCOSE IN LINEAR FORM,synonym,CHEBI:17234,Glucose,CHEBI:17234,MAPPED
D-Glucose-6-Phosphate sodium salt,preferred_term,cas:54010-71-8,D-Glucose-6-Phosphate sodium salt,CHEBI:26714,MAPPED
D-glucosyl-beta-(1-4)-D-glucose,synonym,CHEBI:17057,Cellobiose,CHEBI:17057,MAPPED
D-Glucuronamide,synonym,cas:3789-97-7,Glucuronamide,CHEBI:32323,MAPPED
D-glucuronate,preferred_term,CHEBI:15748,D-glucuronate,CHEBI:15748,MAPPED
D-glucuronic acid,preferred_term,CHEBI:4178,D-glucuronic acid,CHEBI:4178,MAPPED
D-Glucuronic acid gamma lactone,preferred_term,CHEBI:18268,D-Glucuronic acid gamma lactone,CHEBI:18268,MAPPED
D-Glucuronic acid sodium salt monohydrate,preferred_term,cas:207300-70-7,D-Glucuronic acid sodium salt monohydrate,CHEBI:4178,MAPPED
D-Glucuronsaeure,synonym,CHEBI:4178,D-glucuronic acid,CHEBI:4178,MAPPED
D-Glukuronsaeure,synonym,CHEBI:4178,D-glucuronic acid,CHEBI:4178,MAPPED
D-Glutamic Acid,preferred_term,CHEBI:15966,D-Glutamic Acid,CHEBI:15966,MAPPED
D-glutamine,preferred_term,CHEBI:17061,D-glutamine,CHEBI:17061,MAPPED
D-glycerate,preferred_term,CHEBI:16659,D-glycerate,CHEBI:16659,MAPPED
D-histidine,preferred_term,CHEBI:27947,D-histidine,CHEBI:27947,MAPPED
D-lactate,synonym,CHEBI:16004,(R)-lactate,CHEBI:16004,MAPPED
D-lactic Acid Methyl Ester,synonym,CHEBI:74611,Methyl (R)-lactate,CHEBI:74611,MAPPED
D-lactose,synonym,CHEBI:17716,Lactose,CHEBI:17716,MAPPED
D-lactose (lactose),synonym,CHEBI:17716,Lactose,CHEBI:17716,MAPPED
D-laevulose,synonym,CHEBI:15824,D-Fructose,CHEBI:15824,MAPPED
D-Leucine,preferred_term,CHEBI:28225,D-Leucine,CHEBI:28225,MAPPED
D-Leucrose,preferred_term,cas:7158-70-5,D-Leucrose,cas:7158-70-5,MAPPED
d-limonene,preferred_term,cas:138-86-7,d-limonene,cas:138-86-7,MAPPED
D-Lysine,preferred_term,CHEBI:16855,D-Lysine,CHEBI:16855,MAPPED
D-lyxo-pentose,synonym,CHEBI:16789,D-(-)-lyxose,CHEBI:16789,MAPPED
D-Lyxose,synonym,CHEBI:16789,D-(-)-lyxose,CHEBI:16789,MAPPED
D-malate,preferred_term,CHEBI:15588,D-malate,CHEBI:15588,MAPPED
D-Maltose,synonym,CHEBI:17306,Maltose,CHEBI:17306,MAPPED
D-maltose (maltose),synonym,CHEBI:17306,Maltose,CHEBI:17306,MAPPED
D-Maltose monohydrate,preferred_term,cas:6363-53-7,D-Maltose monohydrate,CHEBI:17306,MAPPED
D-Mannitol,preferred_term,CHEBI:16899,D-Mannitol,CHEBI:16899,MAPPED
D-manno-hexose,synonym,CHEBI:16024,D-Mannose,CHEBI:16024,MAPPED
D-Mannose,preferred_term,CHEBI:16024,D-Mannose,CHEBI:16024,MAPPED
D-mannose 6-(dihydrogen phosphate),synonym,CHEBI:17369,Mannose-6-Phosphate,CHEBI:17369,MAPPED
D-mannose 6-(dihydrogen phosphate),synonym,cas:70442-25-0,D-Mannose 6-phosphate sodium salt,CHEBI:17369,MAPPED
D-Mannose 6-phosphate sodium salt,preferred_term,cas:70442-25-0,D-Mannose 6-phosphate sodium salt,CHEBI:17369,MAPPED
D-Melibiose,synonym,CHEBI:28053,Melibiose,CHEBI:28053,MAPPED
D-melibiose (melibiose),synonym,CHEBI:28053,Melibiose,CHEBI:28053,MAPPED
D-mellibiose,synonym,CHEBI:28053,Melibiose,CHEBI:28053,MAPPED
D-Methionine,preferred_term,CHEBI:16867,D-Methionine,CHEBI:16867,MAPPED
D-myo-Inositol,synonym,CHEBI:17268,myo-Inositol,CHEBI:17268,MAPPED
D-ornithine,preferred_term,CHEBI:16176,D-ornithine,CHEBI:16176,MAPPED
D-Proline,preferred_term,CHEBI:16313,D-Proline,CHEBI:16313,MAPPED
D-psicose,preferred_term,CHEBI:27605,D-psicose,CHEBI:27605,MAPPED
D-raffinose (raffinose),synonym,CHEBI:16634,Raffinose,CHEBI:16634,MAPPED
D-Raffinose pentahydrate,preferred_term,cas:17629-30-0,D-Raffinose pentahydrate,CHEBI:189430,MAPPED
D-rhamnose,preferred_term,CHEBI:63150,D-rhamnose,CHEBI:63150,MAPPED
D-ribo-pentose,synonym,CHEBI:16988,D-Ribose,CHEBI:16988,MAPPED
D-Ribose,preferred_term,CHEBI:16988,D-Ribose,CHEBI:16988,MAPPED
D-saccharate,synonym,CHEBI:30612,D-glucarate,CHEBI:30612,MAPPED
D-Saccharic acid potassium salt,preferred_term,cas:576-42-1,D-Saccharic acid potassium salt,CHEBI:26218,MAPPED
D-saccharose (sucrose),synonym,CHEBI:17992,Sucrose,CHEBI:17992,MAPPED
d-salicin,synonym,CHEBI:17992,Sucrose,CHEBI:17992,MAPPED
D-Serine,preferred_term,CHEBI:16523,D-Serine,CHEBI:16523,MAPPED
D-Sorbit,synonym,CHEBI:17924,D-Sorbitol,CHEBI:17924,MAPPED
D-Sorbitol,preferred_term,CHEBI:17924,D-Sorbitol,CHEBI:17924,MAPPED
D-sorbitol (D-glucitol),synonym,CHEBI:17924,D-Sorbitol,CHEBI:17924,MAPPED
D-sorbose,preferred_term,CHEBI:17317,D-sorbose,CHEBI:17317,MAPPED
D-Sucrose,synonym,CHEBI:17992,Sucrose,CHEBI:17992,MAPPED
D-Sucrose,preferred_term,CHEBI:17992,D-Sucrose,CHEBI:17992,REJECTED
D-tagatose,preferred_term,CHEBI:16443,D-tagatose,CHEBI:16443,MAPPED
D-threonine,preferred_term,CHEBI:16398,D-threonine,CHEBI:16398,MAPPED
D-Trehalose,synonym,CHEBI:27082,Trehalose,CHEBI:27082,MAPPED
D-Trehalose dihydrate,preferred_term,CHEBI:232797,D-Trehalose dihydrate,CHEBI:232797,MAPPED
D-tryptophan,preferred_term,CHEBI:16296,D-tryptophan,CHEBI:16296,MAPPED
D-valine,preferred_term,CHEBI:27477,D-valine,CHEBI:27477,MAPPED
D-XYLITOL,synonym,CHEBI:17151,Xylitol,CHEBI:17151,MAPPED
D-Xylose,preferred_term,CHEBI:65327,D-Xylose,CHEBI:65327,MAPPED
D-xylose 5-(dihydrogen phosphate),synonym,cas:66768-39-6,D-xylose 5-phosphate lithium salt,CHEBI:37492,MAPPED
D-xylose 5-phosphate lithium salt,preferred_term,cas:66768-39-6,D-xylose 5-phosphate lithium salt,CHEBI:37492,MAPPED
D2O,synonym,CHEBI:41981,deuterated water,CHEBI:41981,MAPPED
Dactimicin,preferred_term,CHEBI:81430,Dactimicin,CHEBI:81430,MAPPED
Daidzein,preferred_term,CHEBI:28197,Daidzein,CHEBI:28197,MAPPED
Dambose,synonym,CHEBI:17268,myo-Inositol,CHEBI:17268,MAPPED
DAMPA,preferred_term,cas:19741-14-1,DAMPA,cas:19741-14-1,MAPPED
Danomycin,preferred_term,kgmicrobe.compound:danomycin,Danomycin,kgmicrobe.compound:danomycin,MAPPED
Danubomycin,preferred_term,kgmicrobe.compound:danubomycin,Danubomycin,kgmicrobe.compound:danubomycin,MAPPED
DANVA,synonym,CHEBI:15887,5-Aminovaleric acid,CHEBI:15887,MAPPED
Daptomycin,preferred_term,CHEBI:600103,Daptomycin,CHEBI:600103,MAPPED
DAS Macro Solution,preferred_term,UNMAPPED_0092,DAS Macro Solution,,UNMAPPED
DAS Vitamin Cocktail,preferred_term,UNMAPPED_0059,DAS Vitamin Cocktail,,UNMAPPED
Daunorubicin,preferred_term,CHEBI:41977,Daunorubicin,CHEBI:41977,MAPPED
Day_AminoAcid20,preferred_term,UNMAPPED_0312,Day_AminoAcid20,,UNMAPPED
DBF,synonym,CHEBI:28145,Dibenzofuran,CHEBI:28145,MAPPED
DCMU,preferred_term,CHEBI:116509,DCMU,CHEBI:116509,MAPPED
Deacetylchitin,synonym,CHEBI:16261,Chitosan,CHEBI:16261,MAPPED
DEANONOate,preferred_term,cas:372965-00-9,DEANONOate,CHEBI:77707,MAPPED
DECANE,synonym,CHEBI:41808,n-Decane,CHEBI:41808,MAPPED
Decanedioic acid,synonym,CHEBI:41865,Sebacic acid,CHEBI:41865,MAPPED
Decanoate,preferred_term,CHEBI:27689,Decanoate,CHEBI:27689,MAPPED
Decanoic acid,preferred_term,CHEBI:30813,Decanoic acid,CHEBI:30813,MAPPED
Decaplanin,preferred_term,mesh:C076135,Decaplanin,mesh:C076135,MAPPED
Decoyinine,preferred_term,CHEBI:191094,Decoyinine,CHEBI:191094,MAPPED
decyl alcohol,preferred_term,CHEBI:28903,decyl alcohol,CHEBI:28903,MAPPED
degradation: starch,synonym,CHEBI:28017,Starch,CHEBI:28017,MAPPED
Dehydrated ethanol,synonym,CHEBI:16236,Ethanol,CHEBI:16236,MAPPED
dehydrated RCM medium,preferred_term,UNMAPPED_0372,dehydrated RCM medium,,UNMAPPED
dehydrated Wilkins-Chalgren medium,preferred_term,UNMAPPED_0373,dehydrated Wilkins-Chalgren medium,,UNMAPPED
Dekan,synonym,CHEBI:41808,n-Decane,CHEBI:41808,MAPPED
Delamanid,preferred_term,CHEBI:134742,Delamanid,CHEBI:134742,MAPPED
delphinic acid,synonym,CHEBI:28484,Isovaleric acid,CHEBI:28484,MAPPED
delta-Amino-n-valeric acid,synonym,CHEBI:15887,5-Aminovaleric acid,CHEBI:15887,MAPPED
delta-aminovaleric acid,synonym,CHEBI:15887,5-Aminovaleric acid,CHEBI:15887,MAPPED
Delta-Decalactone,preferred_term,CHEBI:87327,Delta-Decalactone,CHEBI:87327,MAPPED
Delta-Dodecalactone,preferred_term,CHEBI:171817,Delta-Dodecalactone,CHEBI:171817,MAPPED
delta-hydroxyproline,synonym,CHEBI:18095,Hydroxy-L-Proline,CHEBI:18095,MAPPED
Delta-Nonalactone,preferred_term,CHEBI:171747,Delta-Nonalactone,CHEBI:171747,MAPPED
Delta-Undecalactone,preferred_term,CHEBI:171846,Delta-Undecalactone,CHEBI:171846,MAPPED
delta-ureidonorvaline,synonym,CHEBI:16349,L-Citrulline,CHEBI:16349,MAPPED
Demineralized water,synonym,CHEBI:15377,Distilled water,CHEBI:15377,MAPPED
Deoxycholic acid,preferred_term,CHEBI:28834,Deoxycholic acid,CHEBI:28834,MAPPED
Deoxyinosine,synonym,CHEBI:28997,2'-Deoxyinosine,CHEBI:28997,MAPPED
Deoxyribonucleic acid from herring sperm,synonym,CHEBI:16991,Fish-Sperm DNA,CHEBI:16991,MAPPED
Deoxyribonucleic acid from herring sperm,preferred_term,CHEBI:16991,Deoxyribonucleic acid from herring sperm,CHEBI:16991,REJECTED
deoxyribonucleic acids,synonym,CHEBI:16991,Fish-Sperm DNA,CHEBI:16991,MAPPED
deoxyribonucleic acids,synonym,CHEBI:16991,Deoxyribonucleic acid from herring sperm,CHEBI:16991,REJECTED
"Deoxysappanone B 7,3'-Dimethyl Ether",preferred_term,UNMAPPED_0200,"Deoxysappanone B 7,3'-Dimethyl Ether",,UNMAPPED
Deoxythymidine,synonym,CHEBI:17748,Thymidine,CHEBI:17748,MAPPED
Deoxyuridine,synonym,CHEBI:16450,2'-Deoxyuridine,CHEBI:16450,MAPPED
Dermadram,synonym,CHEBI:17015,Riboflavin,CHEBI:17015,MAPPED
Dermcidin,preferred_term,mesh:C442243,Dermcidin,mesh:C442243,MAPPED
Desferrioxamine,preferred_term,CHEBI:50453,Desferrioxamine,CHEBI:50453,MAPPED
Desicatted Ox-bile,preferred_term,UNMAPPED_0374,Desicatted Ox-bile,,UNMAPPED
Desoxyribonukleinsaeure,synonym,CHEBI:16991,Fish-Sperm DNA,CHEBI:16991,MAPPED
desoxyribose nucleic acid,synonym,CHEBI:16991,Fish-Sperm DNA,CHEBI:16991,MAPPED
Destomycin,preferred_term,kgmicrobe.compound:destomycin,Destomycin,kgmicrobe.compound:destomycin,MAPPED
Desulfovibrio trace elements,preferred_term,mesh:D014131,Desulfovibrio trace elements,mesh:D014131,MAPPED
DETA/NO,preferred_term,CHEBI:50154,DETA/NO,CHEBI:50154,MAPPED
deuterated glucose,preferred_term,cas:201417-01-8,deuterated glucose,NCIT:C200498,MAPPED
deuterated water,preferred_term,CHEBI:41981,deuterated water,CHEBI:41981,MAPPED
deuterium oxide,synonym,CHEBI:41981,deuterated water,CHEBI:41981,MAPPED
Deuteriumoxid,synonym,CHEBI:41981,deuterated water,CHEBI:41981,MAPPED
Dextran,preferred_term,CHEBI:52071,Dextran,CHEBI:52071,MAPPED
Dextran 40,synonym,CHEBI:52071,Dextran,CHEBI:52071,MAPPED
Dextran 70,synonym,CHEBI:52071,Dextran,CHEBI:52071,MAPPED
Dextran 75,synonym,CHEBI:52071,Dextran,CHEBI:52071,MAPPED
"dextran, Mw ~1,270",preferred_term,UNMAPPED_0167,"dextran, Mw ~1,270",,UNMAPPED
"dextran, Mw ~200,000",preferred_term,UNMAPPED_0168,"dextran, Mw ~200,000",,UNMAPPED
dextrane,synonym,CHEBI:52071,Dextran,CHEBI:52071,MAPPED
dextrano,synonym,CHEBI:52071,Dextran,CHEBI:52071,MAPPED
dextrans,synonym,CHEBI:52071,Dextran,CHEBI:52071,MAPPED
dextranum,synonym,CHEBI:52071,Dextran,CHEBI:52071,MAPPED
Dextrin,preferred_term,CHEBI:28675,Dextrin,CHEBI:28675,MAPPED
dextrine,synonym,CHEBI:28675,Dextrin,CHEBI:28675,MAPPED
dextrines,synonym,CHEBI:28675,Dextrin,CHEBI:28675,MAPPED
dextrins,synonym,CHEBI:28675,Dextrin,CHEBI:28675,MAPPED
Dextrose,preferred_term,CHEBI:4167,Dextrose,CHEBI:4167,MAPPED
dH2O,synonym,CHEBI:15377,Distilled water,CHEBI:15377,MAPPED
Diacetyl,preferred_term,CHEBI:16583,Diacetyl,CHEBI:16583,MAPPED
Diallyl sulfide,preferred_term,CHEBI:4489,Diallyl sulfide,CHEBI:4489,MAPPED
Diaminopimelic acid,preferred_term,CHEBI:23673,Diaminopimelic acid,CHEBI:23673,MAPPED
diammonium 3-carboxy-3-hydroxypentanedioate,synonym,CHEBI:63076,(NH4)2 citrate,CHEBI:63076,MAPPED
diammonium [(sulfonatoperoxy)sulfonyl]oxidanide,synonym,CHEBI:156543,ammonium persulfate,CHEBI:156543,MAPPED
Diammonium Citrate,synonym,CHEBI:63076,(NH4)2 citrate,CHEBI:63076,MAPPED
Diammonium hydrogen citrate,synonym,CHEBI:63076,(NH4)2 citrate,CHEBI:63076,MAPPED
Diammonium molybdate,preferred_term,CHEBI:91249,Diammonium molybdate,CHEBI:91249,MAPPED
Diammonium nickel disulfate hexahydrate,synonym,CHEBI:86149,(NH4)2Ni(SO4)2 x 6 H2O,CHEBI:86149,MAPPED
Diammonium oxalate,synonym,CHEBI:91241,NH4-oxalate,CHEBI:91241,MAPPED
diammonium sulfate,synonym,CHEBI:62946,(NH4)2SO4,CHEBI:62946,MAPPED
diammonium tetraoxomolybdate,synonym,CHEBI:91249,Diammonium molybdate,CHEBI:91249,MAPPED
diamond green B,synonym,CHEBI:72449,Malachite green,CHEBI:72449,MAPPED
diazanium hydrogen phosphate,synonym,CHEBI:63051,(NH4)2HPO4,CHEBI:63051,MAPPED
diazanium sulfate,synonym,CHEBI:62946,(NH4)2SO4,CHEBI:62946,MAPPED
Dibasic ammonium citrate,synonym,CHEBI:63076,(NH4)2 citrate,CHEBI:63076,MAPPED
Dibasic potassium phosphate,synonym,CHEBI:131527,K2HPO4,CHEBI:131527,MAPPED
Dibasic sodium arsenate heptahydrate,synonym,CHEBI:91257,Na2HAsO4 x 7 H2O,CHEBI:91257,MAPPED
Dibasic sodium phosphate,synonym,CHEBI:34683,Na2HPO4,CHEBI:34683,MAPPED
"dibenzo[b,d]furan",synonym,CHEBI:28145,Dibenzofuran,CHEBI:28145,MAPPED
"dibenzo[b,d]thiophene",synonym,CHEBI:23681,Dibenzothiophene,CHEBI:23681,MAPPED
Dibenzofuran,preferred_term,CHEBI:28145,Dibenzofuran,CHEBI:28145,MAPPED
dibenzofuran,synonym,CHEBI:28145,Dibenzofuran,CHEBI:28145,MAPPED
Dibenzothiophene,preferred_term,CHEBI:23681,Dibenzothiophene,CHEBI:23681,MAPPED
Dibucaine,preferred_term,CHEBI:247956,Dibucaine,CHEBI:247956,MAPPED
Diced potato,preferred_term,UNMAPPED_0375,Diced potato,,UNMAPPED
Dichloran-Glycerol-agar base,preferred_term,UNMAPPED_0376,Dichloran-Glycerol-agar base,,UNMAPPED
dichloro-lambda(2)-plumbane,synonym,CHEBI:88212,lead (II) chloride,CHEBI:88212,MAPPED
dichlorocadmium--water (2/5),synonym,CHEBI:63938,Cadmium chloride hemipentahydrate,CHEBI:63938,MAPPED
dichloroiron--water (1/4),synonym,CHEBI:86249,FeCl2 x 4 H2O,CHEBI:86249,MAPPED
dichloromanganese--water (1/2),synonym,CHEBI:131395,MnCl2 x 2 H2O,CHEBI:131395,MAPPED
dichloromanganese--water (1/4),synonym,CHEBI:86368,MnCl2 x 4 H2O,CHEBI:86368,MAPPED
dichlorozinc,synonym,CHEBI:49976,ZnCl2,CHEBI:49976,MAPPED
dichlorure de manganese,synonym,CHEBI:63041,MnCl2,CHEBI:63041,MAPPED
Dichromium sulfate,synonym,CHEBI:53471,Cr2(SO4)3 x n H2O,CHEBI:53471,MAPPED
Dichromium sulphate,synonym,CHEBI:53471,Cr2(SO4)3 x n H2O,CHEBI:53471,MAPPED
Dichromium trisulfate,synonym,CHEBI:53471,Cr2(SO4)3 x n H2O,CHEBI:53471,MAPPED
Dichromium trisulphate,synonym,CHEBI:53471,Cr2(SO4)3 x n H2O,CHEBI:53471,MAPPED
Dicloxacillin sodium salt monohydrate,preferred_term,CHEBI:52019,Dicloxacillin sodium salt monohydrate,CHEBI:52019,MAPPED
Dicopac,synonym,CHEBI:17439,Cyanocobalamin,CHEBI:17439,MAPPED
Dicopac,synonym,CHEBI:176843,Vitamin B12,CHEBI:176843,MAPPED
Dicopper dichloride,synonym,CHEBI:53472,CuCl,CHEBI:53472,MAPPED
dideuterium oxide,synonym,CHEBI:41981,deuterated water,CHEBI:41981,MAPPED
diethyl ether,preferred_term,CHEBI:35702,diethyl ether,CHEBI:35702,MAPPED
Difco 0001,preferred_term,UNMAPPED_0377,Difco 0001,,UNMAPPED
Difco Bacto- Tryptone,synonym,MICRO:0000182,Tryptone,MICRO:0000182,MAPPED
Difco Bacto-yeast extract,synonym,FOODON:03315426,Yeast extract,FOODON:03315426,MAPPED
Difco marine broth,preferred_term,UNMAPPED_0378,Difco marine broth,,UNMAPPED
Difucosyllactose,preferred_term,CHEBI:89917,Difucosyllactose,CHEBI:89917,MAPPED
Digested serum,preferred_term,MICRO:0001362,Digested serum,MICRO:0001362,MAPPED
Digitonin,preferred_term,CHEBI:27729,Digitonin,CHEBI:27729,MAPPED
Digoxigenin,preferred_term,CHEBI:42098,Digoxigenin,CHEBI:42098,MAPPED
dihydridooxygen,synonym,CHEBI:15377,Distilled water,CHEBI:15377,MAPPED
dihydridosulfur,synonym,CHEBI:16136,Hydrogen sulfide,CHEBI:16136,MAPPED
Dihydro Azathymidine,preferred_term,kgmicrobe.compound:dihydro_azathymidine,Dihydro Azathymidine,kgmicrobe.compound:dihydro_azathymidine,MAPPED
Dihydrocelastrol,preferred_term,CHEBI:132340,Dihydrocelastrol,CHEBI:132340,MAPPED
Dihydrodehydroerosone,preferred_term,UNMAPPED_0192,Dihydrodehydroerosone,,UNMAPPED
Dihydrofumaric acid,synonym,CHEBI:15741,Succinic acid,CHEBI:15741,MAPPED
dihydrogen,synonym,CHEBI:18276,Hydrogen gas,CHEBI:18276,MAPPED
Dihydrogen ammonium phosphate,synonym,CHEBI:62982,NH4H2PO4,CHEBI:62982,MAPPED
dihydrogen arsenite,synonym,CHEBI:29125,Arsenate,CHEBI:29125,MAPPED
dihydrogen oxide,synonym,CHEBI:15377,Distilled water,CHEBI:15377,MAPPED
dihydrogen peroxide,synonym,CHEBI:16240,Hydrogen peroxide,CHEBI:16240,MAPPED
dihydrogen tetraoxosulfate,synonym,CHEBI:26836,H2SO4,CHEBI:26836,MAPPED
dihydrogen wolframate,synonym,CHEBI:36272,H2WO4,CHEBI:36272,MAPPED
dihydrogen(peroxide),synonym,CHEBI:16240,Hydrogen peroxide,CHEBI:16240,MAPPED
dihydrogen(sulfide),synonym,CHEBI:16136,Hydrogen sulfide,CHEBI:16136,MAPPED
"dihydrojasmonic acid, methyl ester",preferred_term,CHEBI:89741,"dihydrojasmonic acid, methyl ester",CHEBI:89741,MAPPED
Dihydrostreptomycin,preferred_term,CHEBI:38291,Dihydrostreptomycin,CHEBI:38291,MAPPED
dihydroxidodioxidosulfur,synonym,CHEBI:26836,H2SO4,CHEBI:26836,MAPPED
dihydroxidodioxidotungsten,synonym,CHEBI:36272,H2WO4,CHEBI:36272,MAPPED
dihydroxidooxidoselenium,synonym,CHEBI:26642,H2SeO3,CHEBI:26642,MAPPED
Dihydroxyacetone,preferred_term,CHEBI:16016,Dihydroxyacetone,CHEBI:16016,MAPPED
dihydroxyborane,synonym,CHEBI:38267,H3BO2,CHEBI:38267,MAPPED
diiron trioxide,synonym,CHEBI:50819,hydrous ferric oxide,CHEBI:50819,MAPPED
Diiron tris(sulphate),synonym,CHEBI:53438,Fe2(SO4)3 x n H2O,CHEBI:53438,MAPPED
Diiron trisulfate,synonym,CHEBI:53438,Fe2(SO4)3 x n H2O,CHEBI:53438,MAPPED
Dimethyl Disulfide,preferred_term,CHEBI:4608,Dimethyl Disulfide,CHEBI:4608,MAPPED
Dimethyl sulfide,preferred_term,CHEBI:17437,Dimethyl sulfide,CHEBI:17437,MAPPED
dimethyl sulfone,preferred_term,CHEBI:9349,dimethyl sulfone,CHEBI:9349,MAPPED
Dimethyl sulfoxide,preferred_term,CHEBI:28262,Dimethyl sulfoxide,CHEBI:28262,MAPPED
dimethyl sulfur oxide,synonym,CHEBI:28262,Dimethyl sulfoxide,CHEBI:28262,MAPPED
dimethyl sulphoxide,synonym,CHEBI:28262,Dimethyl sulfoxide,CHEBI:28262,MAPPED
Dimethylacetic acid,synonym,CHEBI:16135,Isobutyric acid,CHEBI:16135,MAPPED
Dimethylamine,preferred_term,CHEBI:17170,Dimethylamine,CHEBI:17170,MAPPED
Dimethylene glycol,synonym,CHEBI:62064,"2,3-butanediol",CHEBI:62064,MAPPED
Dimethylethylene glycol,synonym,CHEBI:62064,"2,3-butanediol",CHEBI:62064,MAPPED
Dimethylfraxetin,preferred_term,cas:6035-49-0,Dimethylfraxetin,CHEBI:93172,MAPPED
dimethyli sulfoxidum,synonym,CHEBI:28262,Dimethyl sulfoxide,CHEBI:28262,MAPPED
Dimethylsulfide,synonym,CHEBI:17437,Dimethyl sulfide,CHEBI:17437,MAPPED
Dimethylsulfoniopropionate hydrochloride,preferred_term,CHEBI:16457,Dimethylsulfoniopropionate hydrochloride,CHEBI:16457,MAPPED
Dimethylsulfoxid,synonym,CHEBI:28262,Dimethyl sulfoxide,CHEBI:28262,MAPPED
dimethylsulfoxyde,synonym,CHEBI:28262,Dimethyl sulfoxide,CHEBI:28262,MAPPED
dimetil sulfoxido,synonym,CHEBI:28262,Dimethyl sulfoxide,CHEBI:28262,MAPPED
Dimetridazole,preferred_term,CHEBI:141155,Dimetridazole,CHEBI:141155,MAPPED
dinitrogen,synonym,CHEBI:17997,Nitrogen gas,CHEBI:17997,MAPPED
Diosgenin,preferred_term,CHEBI:4629,Diosgenin,CHEBI:4629,MAPPED
dioxidane,synonym,CHEBI:16240,Hydrogen peroxide,CHEBI:16240,MAPPED
dioxidocarbon,synonym,CHEBI:16526,Carbon dioxide gas,CHEBI:16526,MAPPED
Dioxy-creatinine,synonym,CHEBI:16354,N-methylhydantoin,CHEBI:16354,MAPPED
Dioxygen,preferred_term,CHEBI:15379,Dioxygen,CHEBI:15379,MAPPED
Diphenylene oxide,synonym,CHEBI:28145,Dibenzofuran,CHEBI:28145,MAPPED
"Diphosphoric acid, tetrasodium salt",synonym,CHEBI:71240,Sodium pyrophosphate,CHEBI:71240,MAPPED
Dipicolinic Acid,preferred_term,CHEBI:46837,Dipicolinic Acid,CHEBI:46837,MAPPED
dipotassium carbonate,synonym,CHEBI:131526,K2CO3,CHEBI:131526,MAPPED
Dipotassium chromate,synonym,CHEBI:75249,K2CrO4,CHEBI:75249,MAPPED
dipotassium dichromate,synonym,CHEBI:53444,Potassium dichromate,CHEBI:53444,MAPPED
dipotassium dioxido(dioxo)chromium,synonym,CHEBI:75249,K2CrO4,CHEBI:75249,MAPPED
Dipotassium hydrogen phosphate,synonym,CHEBI:131527,K2HPO4,CHEBI:131527,MAPPED
Dipotassium hydrogenorthophosphate,synonym,CHEBI:131527,K2HPO4,CHEBI:131527,MAPPED
Dipotassium monochromate,synonym,CHEBI:75249,K2CrO4,CHEBI:75249,MAPPED
Dipotassium monohydrogen phosphate,synonym,CHEBI:131527,K2HPO4,CHEBI:131527,MAPPED
Dipotassium monophosphate,synonym,CHEBI:131527,K2HPO4,CHEBI:131527,MAPPED
Dipotassium orthophosphate,synonym,CHEBI:131527,K2HPO4,CHEBI:131527,MAPPED
Dipotassium phosphate,synonym,CHEBI:131527,K2HPO4,CHEBI:131527,MAPPED
dipotassium sulfate,synonym,CHEBI:32036,K2SO4,CHEBI:32036,MAPPED
dipotassium tellurite,synonym,CHEBI:75248,potassium tellurate,CHEBI:75248,MAPPED
dipotassium tellurite,synonym,cas:123333-66-4,Potassium tellurite hydrate,CHEBI:75248,MAPPED
Dipotassium tetrathionate,synonym,CHEBI:86466,K2S4O6,CHEBI:86466,MAPPED
Direct red 28,synonym,CHEBI:34653,Congo red,CHEBI:34653,MAPPED
disodium (-)-malate,synonym,CHEBI:91261,Sodium malate,CHEBI:91261,MAPPED
"disodium (2E)-3-oxo-2-(3-oxo-5-sulfonato-1,3-dihydro-2H-indol-2-ylidene)-2,3-dihydro-1H-indole-5-sulfonate",synonym,CHEBI:31695,Indigocarmine,CHEBI:31695,MAPPED
disodium (2E)-but-2-enedioate,synonym,CHEBI:115156,Na2-fumarate,CHEBI:115156,MAPPED
"disodium (2R,3R)-2,3-dihydroxybutanedioate",synonym,CHEBI:63017,Sodium tartrate,CHEBI:63017,MAPPED
disodium (2S)-2-hydroxybutanedioate,synonym,CHEBI:91261,Sodium malate,CHEBI:91261,MAPPED
disodium (2Z)-but-2-enedioate,synonym,CHEBI:91263,Sodium maleate,CHEBI:91263,MAPPED
disodium (ethylenedinitrilo)tetraacetate dihydrate,synonym,CHEBI:64758,Na2EDTA·2H2O,CHEBI:64758,MAPPED
"disodium (R-(R*,R*))-2,3-dihydroxybutanedioate",synonym,CHEBI:63017,Sodium tartrate,CHEBI:63017,MAPPED
disodium (S)-malate,synonym,CHEBI:91261,Sodium malate,CHEBI:91261,MAPPED
"disodium 1,3-dihydroxypropan-2-yl phosphate",synonym,CHEBI:132089,Sodium beta-glycerophosphate,CHEBI:132089,MAPPED
"disodium 2,2',2'',2'''-(ethane-1,2-diyldiammonio)tetraacetate",synonym,CHEBI:64734,Na2-EDTA,CHEBI:64734,MAPPED
"disodium 2,2',2'',2'''-(ethane-1,2-diyldiammonio)tetraacetate",synonym,CHEBI:64734,Na2-EDTA x 2 H2O,CHEBI:64734,MAPPED
"disodium 2,2',2'',2'''-(ethane-1,2-diyldiammonio)tetraacetate--water (1/2)",synonym,CHEBI:64758,Na2EDTA·2H2O,CHEBI:64758,MAPPED
"disodium 3,3'-((1,1'-biphenyl)-4,4'-diylbis(azo))bis(4-aminonaphthalene-1-sulphonate)",synonym,CHEBI:34653,Congo red,CHEBI:34653,MAPPED
"disodium 3,3'-(biphenyl-4,4'-diyldidiazene-2,1-diyl)bis(4-aminonaphthalene-1-sulfonate)",synonym,CHEBI:34653,Congo red,CHEBI:34653,MAPPED
"Disodium 3,3'-dioxo-(delta2,2'-biindoline)-5,5'-disulfonate",synonym,CHEBI:31695,Indigocarmine,CHEBI:31695,MAPPED
"disodium 4,4'-(1,10-phenanthroline-4,7-diyl)dibenzenesulfonate",synonym,CHEBI:78157,Bathophenanthrolinedisulfonic acid disodium salt hydrate,CHEBI:78157,MAPPED
"Disodium 5,5'-disulfoindigo",synonym,CHEBI:31695,Indigocarmine,CHEBI:31695,MAPPED
"Disodium 5,5'-indigotin disulfonate",synonym,CHEBI:31695,Indigocarmine,CHEBI:31695,MAPPED
"disodium 6beta-(2-carboxylato-2-phenylacetamido)-2,2-dimethylpenam-3alpha-carboxylate",synonym,CHEBI:34609,Carbenicillin disodium salt,CHEBI:34609,MAPPED
"disodium 6beta-{[(2R)-2-carboxylato-2-thiophen-3-ylacetyl]amino}-2,2-dimethylpenam-3alpha-carboxylate",synonym,CHEBI:35017,Ticarcillin disodium salt,CHEBI:35017,MAPPED
Disodium acid arsenate heptahydrate,synonym,CHEBI:91257,Na2HAsO4 x 7 H2O,CHEBI:91257,MAPPED
disodium arsenate heptahydrate,synonym,CHEBI:91257,Na2HAsO4 x 7 H2O,CHEBI:91257,MAPPED
Disodium beta-glycerophosphate,synonym,CHEBI:132089,Sodium beta-glycerophosphate,CHEBI:132089,MAPPED
disodium butanedioate,synonym,CHEBI:63675,Sodium succinate,CHEBI:63675,MAPPED
disodium butanedioate hexahydrate,synonym,CHEBI:63686,Sodium succinate dibasic hexahydrate,CHEBI:63686,MAPPED
disodium butanedioate--water(1/6),synonym,CHEBI:63686,Sodium succinate dibasic hexahydrate,CHEBI:63686,MAPPED
disodium butanedioate.6H2O,synonym,CHEBI:63686,Sodium succinate dibasic hexahydrate,CHEBI:63686,MAPPED
disodium carbonate,synonym,CHEBI:29377,Na2CO3,CHEBI:29377,MAPPED
disodium dioxido(dioxo)chromium,synonym,CHEBI:78671,Sodium Chromate,CHEBI:78671,MAPPED
Disodium disulfite,synonym,CHEBI:114786,Na2S2O5,CHEBI:114786,MAPPED
Disodium disulphite,synonym,CHEBI:114786,Na2S2O5,CHEBI:114786,MAPPED
disodium dithionite,synonym,CHEBI:66870,Sodium dithionite,CHEBI:66870,MAPPED
disodium edetate dihydrate,synonym,CHEBI:64758,Na2EDTA·2H2O,CHEBI:64758,MAPPED
disodium EDTA dihydrate,synonym,CHEBI:64758,Na2EDTA·2H2O,CHEBI:64758,MAPPED
disodium ethanedioate,synonym,CHEBI:132764,Disodium oxalate,CHEBI:132764,MAPPED
Disodium fumarate,synonym,CHEBI:115156,Na2-fumarate,CHEBI:115156,MAPPED
Disodium Glutarate,preferred_term,cas:13521-83-0,Disodium Glutarate,mesh:C000730144,MAPPED
Disodium glycerol 2-phosphate,synonym,CHEBI:132089,Sodium beta-glycerophosphate,CHEBI:132089,MAPPED
Disodium glycerophosphate,synonym,CHEBI:132089,Sodium beta-glycerophosphate,CHEBI:132089,MAPPED
disodium hydrogen arsorate--water (1/7),synonym,CHEBI:91257,Na2HAsO4 x 7 H2O,CHEBI:91257,MAPPED
Disodium hydrogen phosphate,synonym,CHEBI:34683,Na2HPO4,CHEBI:34683,MAPPED
disodium hydrogen phosphate heptahydrate,synonym,kgmicrobe.ingredient:disodium_phosphate_heptahydrate_~28002_m_stock~29,Disodium phosphate heptahydrate (0.02 M stock),CHEBI:34683,MAPPED
disodium hydrogenarsenate heptahydrate,synonym,CHEBI:91257,Na2HAsO4 x 7 H2O,CHEBI:91257,MAPPED
"Disodium indigo-5,5-disulfonate",synonym,CHEBI:31695,Indigocarmine,CHEBI:31695,MAPPED
Disodium L-(+)-tartrate,synonym,CHEBI:63017,Sodium tartrate,CHEBI:63017,MAPPED
Disodium L-malate,synonym,CHEBI:91261,Sodium malate,CHEBI:91261,MAPPED
disodium L-tyrosinate,synonym,CHEBI:53696,L-tyrosine disodium salt,CHEBI:53696,MAPPED
Disodium Malate,preferred_term,CHEBI:91260,Disodium Malate,CHEBI:91260,MAPPED
disodium maleate,synonym,CHEBI:91263,Sodium maleate,CHEBI:91263,MAPPED
Disodium metabisulfite,synonym,CHEBI:114786,Na2S2O5,CHEBI:114786,MAPPED
Disodium molybdate,synonym,CHEBI:75215,Na2MoO4,CHEBI:75215,MAPPED
Disodium molybdate dihydrate,synonym,CHEBI:75213,Na2MoO4 x 2 H2O,CHEBI:75213,MAPPED
Disodium monohydrogen arsenate heptahydrate,synonym,CHEBI:91257,Na2HAsO4 x 7 H2O,CHEBI:91257,MAPPED
disodium monosulfide,synonym,CHEBI:76208,Na2S,CHEBI:76208,MAPPED
Disodium oxalate,preferred_term,CHEBI:132764,Disodium oxalate,CHEBI:132764,MAPPED
disodium oxido(oxo)-kappa(4)-sulfanesulfonate,synonym,CHEBI:114786,Na2S2O5,CHEBI:114786,MAPPED
disodium oxosilanediolate,synonym,CHEBI:60720,Na-silicate,CHEBI:60720,MAPPED
Disodium Phosphate,synonym,CHEBI:34683,Na2HPO4,CHEBI:34683,MAPPED
Disodium phosphate heptahydrate (0.02 M stock),preferred_term,kgmicrobe.ingredient:disodium_phosphate_heptahydrate_~28002_m_stock~29,Disodium phosphate heptahydrate (0.02 M stock),CHEBI:34683,MAPPED
disodium phosphorofluoridate,synonym,CHEBI:86431,Sodium Fluorophosphate,CHEBI:86431,MAPPED
Disodium pyrosulfite,synonym,CHEBI:114786,Na2S2O5,CHEBI:114786,MAPPED
Disodium salt of L-(+)-tartaric acid,synonym,CHEBI:63017,Sodium tartrate,CHEBI:63017,MAPPED
disodium selenate,synonym,CHEBI:77775,Na2SeO4,CHEBI:77775,MAPPED
disodium selenite,synonym,CHEBI:48843,Na2SeO3,CHEBI:48843,MAPPED
disodium selenite hydrate,synonym,CHEBI:131361,Na2SeO3 x 5 H2O,CHEBI:131361,MAPPED
disodium selenite pentahydrate,synonym,CHEBI:131361,Na2SeO3 x 5 H2O,CHEBI:131361,MAPPED
disodium selenium trioxide,synonym,CHEBI:48843,Na2SeO3,CHEBI:48843,MAPPED
Disodium succinate,synonym,CHEBI:63675,Sodium succinate,CHEBI:63675,MAPPED
disodium succinate (anh.),synonym,CHEBI:63675,Sodium succinate,CHEBI:63675,MAPPED
disodium succinate hexahydrate,synonym,CHEBI:63686,Sodium succinate dibasic hexahydrate,CHEBI:63686,MAPPED
disodium succinate.6H2O,synonym,CHEBI:63686,Sodium succinate dibasic hexahydrate,CHEBI:63686,MAPPED
disodium sulfate,synonym,CHEBI:32149,Na2SO4,CHEBI:32149,MAPPED
disodium sulfide,synonym,CHEBI:76208,Na2S,CHEBI:76208,MAPPED
disodium sulfide--water (1/9),synonym,CHEBI:76209,Na2S x 9 H2O,CHEBI:76209,MAPPED
disodium sulfite,synonym,CHEBI:86477,Na2SO3,CHEBI:86477,MAPPED
disodium sulfite,synonym,CHEBI:86477,Na2SO3 x 5 H2O,CHEBI:86477,MAPPED
disodium sulfurothioate,synonym,CHEBI:132112,Na2S2O3,CHEBI:132112,MAPPED
disodium sulphate,synonym,CHEBI:32149,Na2SO4,CHEBI:32149,MAPPED
disodium tartrate,synonym,CHEBI:63017,Sodium tartrate,CHEBI:63017,MAPPED
disodium tetraborate,synonym,CHEBI:38892,Na2B4O7,CHEBI:38892,MAPPED
disodium tetraborate decahydrate,synonym,CHEBI:131366,Na2B4O7 x 10 H2O,CHEBI:131366,MAPPED
Disodium thiosulfate,synonym,CHEBI:132112,Na2S2O3,CHEBI:132112,MAPPED
disodium thiosulfate pentahydrate,synonym,CHEBI:32150,Na2S2O3 x 5 H2O,CHEBI:32150,MAPPED
disodium thiosulphate pentahydrate,synonym,CHEBI:32150,Na2S2O3 x 5 H2O,CHEBI:32150,MAPPED
disodium trioxidocarbonate,synonym,CHEBI:29377,Na2CO3,CHEBI:29377,MAPPED
disodium trioxidocarbonate,synonym,CHEBI:29377,Sodium carbonate solution,CHEBI:29377,MAPPED
disodium trioxidocarbonate,synonym,cas:5968-11-6,sodium carbonate monohydrate,CHEBI:29377,MAPPED
disodium tungstate,synonym,CHEBI:63940,Na2WO4,CHEBI:63940,MAPPED
disodium;6-hydroxy-5-[(2-methoxy-5-methyl-4-sulonatophenyl)diazenyl]naphthalene-2-sulonate,synonym,CHEBI:172687,Allura Red AC,CHEBI:172687,MAPPED
"disodium;[(2R,3R,4S)-2,3,4,6-tetrahydroxy-5-oxohexyl] phosphate",synonym,cas:26177-86-6,D-Fructose 6-phosphate disodium salt hydrate,CHEBI:190546,MAPPED
Distilled water,preferred_term,CHEBI:15377,Distilled water,CHEBI:15377,MAPPED
"Disulfurous acid, disodium salt",synonym,CHEBI:114786,Na2S2O5,CHEBI:114786,MAPPED
Dithionit,synonym,CHEBI:42160,Dithionite,CHEBI:42160,MAPPED
DITHIONITE,synonym,CHEBI:42160,Dithionite,CHEBI:42160,MAPPED
Dithionite,preferred_term,CHEBI:42160,Dithionite,CHEBI:42160,MAPPED
Dithiothreitol,synonym,CHEBI:18320,DL-Dithiothreitol,CHEBI:18320,MAPPED
Dithiotreitol,synonym,CHEBI:18320,DL-Dithiothreitol,CHEBI:18320,MAPPED
Diydrogen,preferred_term,UNMAPPED_0811,Diydrogen,,UNMAPPED
DL vitamins,preferred_term,UNMAPPED_0277,DL vitamins,,UNMAPPED
DL-2-Aminoadipic acid,preferred_term,CHEBI:37023,DL-2-Aminoadipic acid,CHEBI:37023,MAPPED
DL-2-Aminobutyric acid,preferred_term,CHEBI:35621,DL-2-Aminobutyric acid,CHEBI:35621,MAPPED
DL-2-gamma-aminobutyrate,preferred_term,UNMAPPED_0710,DL-2-gamma-aminobutyrate,,UNMAPPED
DL-2-Methyl butyric acid,synonym,CHEBI:37070,DL-2-Methylbutyric acid,CHEBI:37070,MAPPED
DL-2-Methylbutyric acid,preferred_term,CHEBI:37070,DL-2-Methylbutyric acid,CHEBI:37070,MAPPED
DL-3-Aminoisobutyric acid,preferred_term,CHEBI:27389,DL-3-Aminoisobutyric acid,CHEBI:27389,MAPPED
DL-3-Hydroxyisobutyric acid sodium salt,preferred_term,cas:1219589-99-7,DL-3-Hydroxyisobutyric acid sodium salt,CHEBI:26714,MAPPED
"DL-6,8-thioctic acid",synonym,CHEBI:16494,(DL)-alpha-Lipoic acid,CHEBI:16494,MAPPED
Dl-alanine,preferred_term,NCIT:C61731,Dl-alanine,NCIT:C61731,MAPPED
DL-alpha-lipoic acid,synonym,CHEBI:16494,(DL)-alpha-Lipoic acid,CHEBI:16494,MAPPED
DL-alpha-Methyl butyric acid,synonym,CHEBI:37070,DL-2-Methylbutyric acid,CHEBI:37070,MAPPED
DL-Aminosuccinic acid,synonym,CHEBI:22660,DL-aspartic acid,CHEBI:22660,MAPPED
DL-Asparagic acid,synonym,CHEBI:22660,DL-aspartic acid,CHEBI:22660,MAPPED
DL-Asparagine,synonym,CHEBI:22653,Asparagine,CHEBI:22653,MAPPED
DL-Asparagine x H2O,synonym,CHEBI:22653,Asparagine,CHEBI:22653,MAPPED
DL-aspartic acid,preferred_term,CHEBI:22660,DL-aspartic acid,CHEBI:22660,MAPPED
DL-Calcium pantothenate,synonym,CHEBI:31345,Calcium pantothenate,CHEBI:31345,MAPPED
DL-carnitine,preferred_term,CHEBI:17126,DL-carnitine,CHEBI:17126,MAPPED
DL-Dithiothreitol,preferred_term,CHEBI:18320,DL-Dithiothreitol,CHEBI:18320,MAPPED
DL-glucose,synonym,CHEBI:17234,Glucose,CHEBI:17234,MAPPED
DL-Glutamic acid,synonym,CHEBI:18237,Glutamic acid,CHEBI:18237,MAPPED
DL-Glutaminic acid,synonym,CHEBI:18237,Glutamic acid,CHEBI:18237,MAPPED
DL-glyceraldehyde,preferred_term,CHEBI:5445,DL-glyceraldehyde,CHEBI:5445,MAPPED
DL-Glyceraldehyde 3-phosphate,preferred_term,CHEBI:17138,DL-Glyceraldehyde 3-phosphate,CHEBI:17138,MAPPED
DL-Glycerol 1-phosphate sodium salt hydrate,preferred_term,cas:17603-42-8,DL-Glycerol 1-phosphate sodium salt hydrate,CHEBI:14336,MAPPED
DL-Histidine,preferred_term,CHEBI:27570,DL-Histidine,CHEBI:27570,MAPPED
DL-Histidine monohydrochloride monohydrate,preferred_term,cas:123333-71-1,DL-Histidine monohydrochloride monohydrate,NCIT:C87334,MAPPED
DL-Isocitric acid trisodium salt hydrate,preferred_term,CHEBI:172950,DL-Isocitric acid trisodium salt hydrate,CHEBI:172950,MAPPED
DL-lactate,synonym,CHEBI:24996,Lactate,CHEBI:24996,MAPPED
DL-Malate,synonym,CHEBI:6650,DL-Malic acid,CHEBI:6650,MAPPED
DL-Malic acid,preferred_term,CHEBI:6650,DL-Malic acid,CHEBI:6650,MAPPED
DL-methionine,preferred_term,CHEBI:16811,DL-methionine,CHEBI:16811,MAPPED
DL-mevalonic acid,preferred_term,CHEBI:25351,DL-mevalonic acid,CHEBI:25351,MAPPED
DL-Na-lactate,synonym,CHEBI:75228,Sodium lactate,CHEBI:75228,MAPPED
DL-Na-malate,synonym,CHEBI:91261,Sodium malate,CHEBI:91261,MAPPED
DL-Pantothenic acid,synonym,CHEBI:7916,Pantothenic acid,CHEBI:7916,MAPPED
DL-Proline,synonym,CHEBI:26271,Proline,CHEBI:26271,MAPPED
DL-Sodium malate,synonym,CHEBI:91261,Sodium malate,CHEBI:91261,MAPPED
DL-Tryptophan,preferred_term,CHEBI:57912,DL-Tryptophan,CHEBI:57912,MAPPED
DL-xylose,synonym,CHEBI:18222,Xylose,CHEBI:18222,MAPPED
DL-α-Methyl butyric acid,synonym,CHEBI:37070,DL-2-Methylbutyric acid,CHEBI:37070,MAPPED
DMSO,synonym,CHEBI:28262,Dimethyl sulfoxide,CHEBI:28262,MAPPED
DNA,synonym,CHEBI:16991,Fish-Sperm DNA,CHEBI:16991,MAPPED
DNA from Salmon,preferred_term,cas:438545-06-3,DNA from Salmon,cas:438545-06-3,MAPPED
DNAn,synonym,CHEBI:16991,Fish-Sperm DNA,CHEBI:16991,MAPPED
DNAn+1,synonym,CHEBI:16991,Fish-Sperm DNA,CHEBI:16991,MAPPED
DOBK,synonym,CHEBI:18026,"2,3-dihydroxybenzoic acid",CHEBI:18026,MAPPED
Docosane,preferred_term,CHEBI:46050,Docosane,CHEBI:46050,MAPPED
Docosanol,preferred_term,CHEBI:197511,Docosanol,CHEBI:197511,MAPPED
Dodecandioic acid,preferred_term,CHEBI:4676,Dodecandioic acid,CHEBI:4676,MAPPED
dodecane,preferred_term,CHEBI:28817,dodecane,CHEBI:28817,MAPPED
Dodecanoate,preferred_term,CHEBI:18262,Dodecanoate,CHEBI:18262,MAPPED
"Dodecanoic acid, sodium salt",synonym,CHEBI:131839,Na-laurate,CHEBI:131839,MAPPED
Dodecanol,preferred_term,CHEBI:23866,Dodecanol,CHEBI:23866,MAPPED
Dopamine hydrochloride,preferred_term,CHEBI:4698,Dopamine hydrochloride,CHEBI:4698,MAPPED
Dopsisamine,preferred_term,mesh:C048266,Dopsisamine,mesh:C048266,MAPPED
Doripenem,preferred_term,CHEBI:135928,Doripenem,CHEBI:135928,MAPPED
Dotriacontane,preferred_term,CHEBI:36020,Dotriacontane,CHEBI:36020,MAPPED
Double distilled water,synonym,CHEBI:15377,Distilled water,CHEBI:15377,MAPPED
Doxorubicin,preferred_term,CHEBI:28748,Doxorubicin,CHEBI:28748,MAPPED
Doxorubicin hydrochloride,preferred_term,CHEBI:31522,Doxorubicin hydrochloride,CHEBI:31522,MAPPED
Doxycycline,preferred_term,CHEBI:50845,Doxycycline,CHEBI:50845,MAPPED
Doxycycline hyclate,preferred_term,CHEBI:34730,Doxycycline hyclate,CHEBI:34730,MAPPED
Dried sodium sulfite,synonym,CHEBI:86477,Na2SO3,CHEBI:86477,MAPPED
Dried yeast extract S (Wako),synonym,FOODON:03315426,Yeast extract,FOODON:03315426,MAPPED
Dry cow-manure,preferred_term,ENVO:00003031,Dry cow-manure,ENVO:00003031,MAPPED
dThd,synonym,CHEBI:17748,Thymidine,CHEBI:17748,MAPPED
DTL,synonym,CHEBI:18320,DL-Dithiothreitol,CHEBI:18320,MAPPED
DTT,synonym,CHEBI:18320,DL-Dithiothreitol,CHEBI:18320,MAPPED
dU,synonym,CHEBI:16450,2'-Deoxyuridine,CHEBI:16450,MAPPED
Duartin (-),preferred_term,cas:52305-04-1,Duartin (-),mesh:C087989,MAPPED
dulcite,synonym,CHEBI:16899,D-Mannitol,CHEBI:16899,MAPPED
Durhamycin,preferred_term,kgmicrobe.compound:durhamycin,Durhamycin,kgmicrobe.compound:durhamycin,MAPPED
Dv_base_medium,preferred_term,UNMAPPED_0305,Dv_base_medium,,UNMAPPED
Dv_base_Y_medium,preferred_term,UNMAPPED_0278,Dv_base_Y_medium,,UNMAPPED
DYIII Medium,preferred_term,UNMAPPED_0083,DYIII Medium,,UNMAPPED
Dynemicin,preferred_term,NCIT:C1928,Dynemicin,NCIT:C1928,MAPPED
DYV Metal Solution,preferred_term,UNMAPPED_0068,DYV Metal Solution,,UNMAPPED
D­glucose,synonym,CHEBI:17234,Glucose,CHEBI:17234,MAPPED
E 132,synonym,CHEBI:31695,Indigocarmine,CHEBI:31695,MAPPED
E 170,synonym,CHEBI:3311,CaCO3,CHEBI:3311,MAPPED
E 222,synonym,CHEBI:26709,NaHSO3,CHEBI:26709,MAPPED
E 260,synonym,CHEBI:15366,Acetic acid,CHEBI:15366,MAPPED
E 264,synonym,CHEBI:62947,Ammonium acetate,CHEBI:62947,MAPPED
E 290,synonym,CHEBI:16526,Carbon dioxide gas,CHEBI:16526,MAPPED
E 300,synonym,CHEBI:29073,L-Ascorbic acid,CHEBI:29073,MAPPED
E 4 Aminostyryl Acetate,preferred_term,kgmicrobe.compound:e_4_aminostyryl_acetate,E 4 Aminostyryl Acetate,kgmicrobe.compound:e_4_aminostyryl_acetate,MAPPED
E 420,synonym,CHEBI:17924,D-Sorbitol,CHEBI:17924,MAPPED
E 421,synonym,CHEBI:16899,D-Mannitol,CHEBI:16899,MAPPED
E 500,synonym,CHEBI:32139,NaHCO3,CHEBI:32139,MAPPED
E 920,synonym,CHEBI:17561,L-Cysteine,CHEBI:17561,MAPPED
E 949,synonym,CHEBI:18276,Hydrogen gas,CHEBI:18276,MAPPED
E-260,synonym,CHEBI:15366,Acetic acid,CHEBI:15366,MAPPED
E-264,synonym,CHEBI:62947,Ammonium acetate,CHEBI:62947,MAPPED
E-290,synonym,CHEBI:16526,Carbon dioxide gas,CHEBI:16526,MAPPED
E-300,synonym,CHEBI:29073,L-Ascorbic acid,CHEBI:29073,MAPPED
E-420,synonym,CHEBI:17924,D-Sorbitol,CHEBI:17924,MAPPED
E-421,synonym,CHEBI:16899,D-Mannitol,CHEBI:16899,MAPPED
E-500,synonym,CHEBI:32139,NaHCO3,CHEBI:32139,MAPPED
E-920,synonym,CHEBI:17561,L-Cysteine,CHEBI:17561,MAPPED
E-949,synonym,CHEBI:18276,Hydrogen gas,CHEBI:18276,MAPPED
e-Amino-N-Caproic Acid,preferred_term,CHEBI:16586,e-Amino-N-Caproic Acid,CHEBI:16586,MAPPED
E101,synonym,CHEBI:17015,Riboflavin,CHEBI:17015,MAPPED
E211,synonym,CHEBI:113455,Na-benzoate,CHEBI:113455,MAPPED
E222,synonym,CHEBI:26709,NaHSO3,CHEBI:26709,MAPPED
E223,synonym,CHEBI:114786,Na2S2O5,CHEBI:114786,MAPPED
E260,synonym,CHEBI:15366,Acetic acid,CHEBI:15366,MAPPED
E261,synonym,CHEBI:32029,K-acetate,CHEBI:32029,MAPPED
E264,synonym,CHEBI:62947,Ammonium acetate,CHEBI:62947,MAPPED
E281,synonym,CHEBI:132106,Na-propionate,CHEBI:132106,MAPPED
E290,synonym,CHEBI:16526,Carbon dioxide gas,CHEBI:16526,MAPPED
E296,synonym,CHEBI:6650,DL-Malic acid,CHEBI:6650,MAPPED
E297,synonym,CHEBI:18012,Fumaric acid,CHEBI:18012,MAPPED
E300,synonym,CHEBI:29073,L-Ascorbic acid,CHEBI:29073,MAPPED
E325,synonym,CHEBI:75228,Sodium lactate,CHEBI:75228,MAPPED
E330,synonym,CHEBI:30769,Citric acid,CHEBI:30769,MAPPED
E345,synonym,CHEBI:131389,Mg-citrate,CHEBI:131389,MAPPED
E363,synonym,CHEBI:15741,Succinic acid,CHEBI:15741,MAPPED
E365,synonym,CHEBI:115156,Na2-fumarate,CHEBI:115156,MAPPED
E381,synonym,CHEBI:31604,Ferric ammonium citrate,CHEBI:31604,MAPPED
E420,synonym,CHEBI:17924,D-Sorbitol,CHEBI:17924,MAPPED
E421,synonym,CHEBI:16899,D-Mannitol,CHEBI:16899,MAPPED
E500,synonym,CHEBI:32139,NaHCO3,CHEBI:32139,MAPPED
E501,synonym,CHEBI:81862,KHCO3,CHEBI:81862,MAPPED
E920,synonym,CHEBI:17561,L-Cysteine,CHEBI:17561,MAPPED
E921,synonym,CHEBI:16283,L-Cystine,CHEBI:16283,MAPPED
E927b,synonym,CHEBI:16199,Urea,CHEBI:16199,MAPPED
E949,synonym,CHEBI:18276,Hydrogen gas,CHEBI:18276,MAPPED
eau,synonym,CHEBI:15377,Distilled water,CHEBI:15377,MAPPED
EBIOS,preferred_term,UNMAPPED_0380,EBIOS,,UNMAPPED
Ebselen,preferred_term,CHEBI:77543,Ebselen,CHEBI:77543,MAPPED
Econazole nitrate salt,preferred_term,CHEBI:4755,Econazole nitrate salt,CHEBI:4755,MAPPED
Ectoine,preferred_term,CHEBI:27592,Ectoine,CHEBI:27592,MAPPED
EDDS,synonym,cas:20846-91-7,"Ethylenediamine-N,N'-disuccinic acid",cas:20846-91-7,MAPPED
Edetate disodium anhydrous,synonym,CHEBI:64734,Na2-EDTA x 2 H2O,CHEBI:64734,MAPPED
edetate trisodium,synonym,CHEBI:63125,Na3-EDTA,CHEBI:63125,MAPPED
edetic acid,synonym,CHEBI:4735,EDTA (acid form),CHEBI:4735,MAPPED
"edit(1S,3R,4R,5R)-3-{[(2E)-3-(3,4-dihydroxyphenyl)prop-2-enoyl]oxy}-1,4,5-trihydroxycyclohexane-1-carboxylic acid",synonym,CHEBI:16112,Chlorogenic acid,CHEBI:16112,MAPPED
EDTA,preferred_term,CHEBI:64755,EDTA,CHEBI:64755,MAPPED
EDTA (acid form),preferred_term,CHEBI:4735,EDTA (acid form),CHEBI:4735,MAPPED
EDTA (chelating agent),preferred_term,NCIT:C360,EDTA (chelating agent),NCIT:C360,MAPPED
EDTA (disodium salt),synonym,CHEBI:64734,Na2-EDTA,CHEBI:64734,MAPPED
EDTA 2Na,synonym,CHEBI:64734,Na2-EDTA,CHEBI:64734,MAPPED
EDTA 3Na,synonym,CHEBI:63125,Na3-EDTA,CHEBI:63125,MAPPED
EDTA di sodium salt,synonym,CHEBI:63125,Na3-EDTA,CHEBI:63125,MAPPED
EDTA disodium,synonym,CHEBI:64734,Na2-EDTA,CHEBI:64734,MAPPED
EDTA disodium (anh.),synonym,CHEBI:64734,Na2-EDTA,CHEBI:64734,MAPPED
EDTA disodium (anhydrous),synonym,CHEBI:64734,Na2-EDTA x 2 H2O,CHEBI:64734,MAPPED
EDTA disodium dihydrate,synonym,CHEBI:64758,Na2EDTA·2H2O,CHEBI:64758,MAPPED
EDTA disodium salt (anh.),synonym,CHEBI:64734,Na2-EDTA,CHEBI:64734,MAPPED
EDTA disodium salt (anhydrous),synonym,CHEBI:64734,Na2-EDTA x 2 H2O,CHEBI:64734,MAPPED
EDTA Stock,preferred_term,UNMAPPED_0073,EDTA Stock,,UNMAPPED
EDTA tetrasodium tetrahydrate salt,preferred_term,cas:13235-36-4,EDTA tetrasodium tetrahydrate salt,CHEBI:4735,MAPPED
EDTA trisodium,synonym,CHEBI:63125,Na3-EDTA,CHEBI:63125,MAPPED
EDTA trisodium salt,synonym,CHEBI:63125,Na3-EDTA,CHEBI:63125,MAPPED
EDTA-2Na,synonym,CHEBI:64734,Na2-EDTA,CHEBI:64734,MAPPED
EDTA-3Na,synonym,CHEBI:63125,Na3-EDTA,CHEBI:63125,MAPPED
EDTA.Na .2H O,synonym,CHEBI:64734,Na2-EDTA,CHEBI:64734,MAPPED
EDTANa,synonym,CHEBI:64734,Na2-EDTA,CHEBI:64734,MAPPED
EDTA·2Na,synonym,CHEBI:64734,Na2-EDTA,CHEBI:64734,MAPPED
EDTA·3Na,synonym,CHEBI:63125,Na3-EDTA,CHEBI:63125,MAPPED
EDTA・2Na,synonym,CHEBI:64734,Na2-EDTA,CHEBI:64734,MAPPED
EDTA・3Na,synonym,CHEBI:63125,Na3-EDTA,CHEBI:63125,MAPPED
Egg yolk,preferred_term,FOODON:03315772,Egg yolk,FOODON:03315772,MAPPED
Eisen,synonym,CHEBI:18248,Iron,CHEBI:18248,MAPPED
Eisencitrat,synonym,CHEBI:144421,Fe(III) citrate,CHEBI:144421,MAPPED
Elastin,preferred_term,CHEBI:4767,Elastin,CHEBI:4767,MAPPED
electron acceptor: amorphous fe(iii) oxyhydroxid,synonym,CHEBI:192761,Ferrihydrite,CHEBI:192761,MAPPED
electron acceptor: amorphous iron (iii) oxide,synonym,CHEBI:192761,Ferrihydrite,CHEBI:192761,MAPPED
electron acceptor: ethylenediaminetetraacetatoferrate,synonym,CHEBI:30729,Fe(III)-EDTA,CHEBI:30729,MAPPED
Elemental sulphur,synonym,CHEBI:33403,Sulfur (powder),CHEBI:33403,MAPPED
Emodin,preferred_term,CHEBI:42223,Emodin,CHEBI:42223,MAPPED
Enoxacin,preferred_term,CHEBI:157175,Enoxacin,CHEBI:157175,MAPPED
Enriched Seawater Medium,preferred_term,UNMAPPED_0062,Enriched Seawater Medium,,UNMAPPED
Enrichment Solution for Seawater Medium,preferred_term,UNMAPPED_0031,Enrichment Solution for Seawater Medium,,UNMAPPED
Enrofloxacin,preferred_term,CHEBI:35720,Enrofloxacin,CHEBI:35720,MAPPED
Enterobactin,preferred_term,CHEBI:28855,Enterobactin,CHEBI:28855,MAPPED
Enzymatic digest of casein,synonym,FOODON:03315719,Casein peptone,FOODON:03315719,MAPPED
Epiandrosterone,preferred_term,CHEBI:541975,Epiandrosterone,CHEBI:541975,MAPPED
Epigallocatechin,preferred_term,CHEBI:42255,Epigallocatechin,CHEBI:42255,MAPPED
Epitheaflavic Acid,preferred_term,UNMAPPED_0188,Epitheaflavic Acid,,UNMAPPED
epsom salt,synonym,CHEBI:31795,MgSO47H2O,CHEBI:31795,MAPPED
epsomite,synonym,CHEBI:31795,MgSO47H2O,CHEBI:31795,MAPPED
Erdschreiber's Medium,preferred_term,UNMAPPED_0024,Erdschreiber's Medium,,UNMAPPED
Ertapenem,preferred_term,CHEBI:404903,Ertapenem,CHEBI:404903,MAPPED
erythromycin,preferred_term,CHEBI:48923,erythromycin,CHEBI:48923,MAPPED
Erythromycin A,preferred_term,CHEBI:42355,Erythromycin A,CHEBI:42355,MAPPED
Erythromycin B,preferred_term,CHEBI:28196,Erythromycin B,CHEBI:28196,MAPPED
Erythrose,preferred_term,CHEBI:33946,Erythrose,CHEBI:33946,MAPPED
Escin,preferred_term,CHEBI:2500,Escin,CHEBI:2500,MAPPED
Esculin Ferric Citrate,preferred_term,UNMAPPED_0626,Esculin Ferric Citrate,,UNMAPPED
Esculin Hydrolysate,preferred_term,UNMAPPED_0688,Esculin Hydrolysate,,UNMAPPED
Esculin Monohydrate,preferred_term,CHEBI:4853,Esculin Monohydrate,CHEBI:4853,MAPPED
Essigsaeure,synonym,CHEBI:15366,Acetic acid,CHEBI:15366,MAPPED
ester of thiosulfuric acid,synonym,CHEBI:26977,Thiosulfate,CHEBI:26977,MAPPED
esters of thiosulfuric acid,synonym,CHEBI:26977,Thiosulfate,CHEBI:26977,MAPPED
Estragole,preferred_term,CHEBI:4867,Estragole,CHEBI:4867,MAPPED
Etabetacin,preferred_term,kgmicrobe.compound:etabetacin,Etabetacin,kgmicrobe.compound:etabetacin,MAPPED
Etamycin,preferred_term,mesh:C004910,Etamycin,mesh:C004910,MAPPED
etanol,synonym,CHEBI:16236,Ethanol,CHEBI:16236,MAPPED
Ethambutol,preferred_term,CHEBI:4877,Ethambutol,CHEBI:4877,MAPPED
Ethambutol dihydrochloride,preferred_term,CHEBI:4878,Ethambutol dihydrochloride,CHEBI:4878,MAPPED
"ethane-1,2-diol",synonym,CHEBI:30742,Ethylene glycol,CHEBI:30742,MAPPED
ethanecarboxylic acid,synonym,CHEBI:30768,Propionic acid,CHEBI:30768,MAPPED
Ethanedioic acid diammonium salt,synonym,CHEBI:91241,NH4-oxalate,CHEBI:91241,MAPPED
"Ethanedioic acid, disodium salt",synonym,CHEBI:132764,Disodium oxalate,CHEBI:132764,MAPPED
Ethanediol,synonym,CHEBI:30742,Ethylene glycol,CHEBI:30742,MAPPED
Ethanoat,synonym,CHEBI:30089,Acetate,CHEBI:30089,MAPPED
ethanoate,synonym,CHEBI:30089,Acetate,CHEBI:30089,MAPPED
Ethanoic acid,synonym,CHEBI:15366,Acetic acid,CHEBI:15366,MAPPED
Ethanol,preferred_term,CHEBI:16236,Ethanol,CHEBI:16236,MAPPED
Ethanol absolute,synonym,CHEBI:16236,Ethanol,CHEBI:16236,MAPPED
Ethanolamine,preferred_term,CHEBI:16000,Ethanolamine,CHEBI:16000,MAPPED
Ethanolamine acetate,preferred_term,UNMAPPED_0159,Ethanolamine acetate,,UNMAPPED
Ether,synonym,CHEBI:35702,diethyl ether,CHEBI:35702,MAPPED
Ethidium Bromide,preferred_term,CHEBI:4883,Ethidium Bromide,CHEBI:4883,MAPPED
ethinyl trichloride,synonym,CHEBI:16602,Trichloroethylene,CHEBI:16602,MAPPED
Ethionamide,preferred_term,CHEBI:4885,Ethionamide,CHEBI:4885,MAPPED
ethoic acid,synonym,CHEBI:15366,Acetic acid,CHEBI:15366,MAPPED
"ethyl 2,2-dimethyl-3-(2-methylprop-1-enyl)cyclopropane-1-carboxylate",synonym,cas:97-41-6,"Chrysanthemic Acid, Ethyl Ester",CHEBI:228794,MAPPED
ethyl 2-hexenoate,synonym,CHEBI:16411,3-Indolyl acetic acid,CHEBI:16411,MAPPED
"ethyl 4-(8-chloro-5,6-dihydro-11H-benzo[5,6]cyclohepta[1,2-b]pyridin-11-ylidene)piperidine-1-carboxylate",synonym,CHEBI:6538,Loratadine,CHEBI:6538,MAPPED
ethyl acetate,preferred_term,CHEBI:27750,ethyl acetate,CHEBI:27750,MAPPED
Ethyl alcohol,synonym,CHEBI:16236,Ethanol,CHEBI:16236,MAPPED
Ethyl benzoate,preferred_term,CHEBI:156074,Ethyl benzoate,CHEBI:156074,MAPPED
Ethyl decanoate,preferred_term,CHEBI:87430,Ethyl decanoate,CHEBI:87430,MAPPED
ethyl hex-2-enoate,synonym,CHEBI:16411,3-Indolyl acetic acid,CHEBI:16411,MAPPED
ethyl methyl sulfide,preferred_term,CHEBI:231886,ethyl methyl sulfide,CHEBI:231886,MAPPED
ethylacetic acid,synonym,CHEBI:30772,Butyric acid,CHEBI:30772,MAPPED
Ethylene glycol,preferred_term,CHEBI:30742,Ethylene glycol,CHEBI:30742,MAPPED
ethylene tetrachloride,synonym,CHEBI:17300,Tetrachloroethene,CHEBI:17300,MAPPED
ethylene trichloride,synonym,CHEBI:16602,Trichloroethylene,CHEBI:16602,MAPPED
Ethylenediamine N N Prime Disuccinic Acid,preferred_term,kgmicrobe.compound:ethylenediamine_n_n_prime_disuccinic_acid,Ethylenediamine N N Prime Disuccinic Acid,kgmicrobe.compound:ethylenediamine_n_n_prime_disuccinic_acid,MAPPED
Ethylenediamine-N,preferred_term,UNMAPPED_0812,Ethylenediamine-N,,UNMAPPED
"Ethylenediamine-N,N'-disuccinic acid",preferred_term,cas:20846-91-7,"Ethylenediamine-N,N'-disuccinic acid",cas:20846-91-7,MAPPED
ethylenediaminetetraacetatoferrate,synonym,CHEBI:30729,Fe(III)-EDTA,CHEBI:30729,MAPPED
ethylenediaminetetraacetic acid disodium salt dihydrate,synonym,CHEBI:64758,Na2EDTA·2H2O,CHEBI:64758,MAPPED
ethylenediaminetetraacetic acid trisodium salt,synonym,CHEBI:63125,Na3-EDTA,CHEBI:63125,MAPPED
Ethylenesuccinic acid,synonym,CHEBI:15741,Succinic acid,CHEBI:15741,MAPPED
ethylformic acid,synonym,CHEBI:30768,Propionic acid,CHEBI:30768,MAPPED
Ethylic acid,synonym,CHEBI:15366,Acetic acid,CHEBI:15366,MAPPED
Ethylmalonic acid,preferred_term,CHEBI:741548,Ethylmalonic acid,CHEBI:741548,MAPPED
ethylmethylacetic acid,synonym,CHEBI:37070,DL-2-Methylbutyric acid,CHEBI:37070,MAPPED
ethylpropanedioic acid,synonym,CHEBI:741548,Ethylmalonic acid,CHEBI:741548,MAPPED
EtOH,synonym,CHEBI:16236,Ethanol,CHEBI:16236,MAPPED
Eudesmic Acid,preferred_term,CHEBI:454991,Eudesmic Acid,CHEBI:454991,MAPPED
Eugenol,preferred_term,CHEBI:4917,Eugenol,CHEBI:4917,MAPPED
Euglena Medium,preferred_term,UNMAPPED_0064,Euglena Medium,,UNMAPPED
Euphol,preferred_term,CHEBI:4940,Euphol,CHEBI:4940,MAPPED
Eurocidin,preferred_term,kgmicrobe.compound:eurocidin,Eurocidin,kgmicrobe.compound:eurocidin,MAPPED
europium chloride,synonym,cas:10025-76-0,Europium(III) chloride,cas:10025-76-0,MAPPED
Europium(III) chloride,preferred_term,cas:10025-76-0,Europium(III) chloride,cas:10025-76-0,MAPPED
Exfoliatin,preferred_term,kgmicrobe.compound:exfoliatin,Exfoliatin,kgmicrobe.compound:exfoliatin,MAPPED
Exopolysaccharide,preferred_term,CHEBI:72813,Exopolysaccharide,CHEBI:72813,MAPPED
F/2 Medium,preferred_term,UNMAPPED_0033,F/2 Medium,,UNMAPPED
FA 18:1,synonym,CHEBI:16196,Oleic acid,CHEBI:16196,MAPPED
Factor A,synonym,UNMAPPED_0182,2-methyladeninyl cobamide,,UNMAPPED
Factor IIIm,synonym,UNMAPPED_0180,5-methoxybenzimidazolyl cobamide,,UNMAPPED
FAD,preferred_term,CHEBI:16238,FAD,CHEBI:16238,MAPPED
Fastidious Anaerobe Agar,preferred_term,UNMAPPED_0120,Fastidious Anaerobe Agar,,UNMAPPED
Fastidious Anaerobe Basal Broth,preferred_term,UNMAPPED_0381,Fastidious Anaerobe Basal Broth,,UNMAPPED
Fastidious Anaerobe Broth With Meat Granules,preferred_term,UNMAPPED_0742,Fastidious Anaerobe Broth With Meat Granules,,NEEDS_EXPERT
Fatty acid,synonym,CHEBI:35366,Fatty acid mixture (see Medium No. 266),CHEBI:35366,MAPPED
Fatty acid mixture (see Medium No. 266),preferred_term,CHEBI:35366,Fatty acid mixture (see Medium No. 266),CHEBI:35366,MAPPED
fatty acids,synonym,CHEBI:35366,Fatty acid mixture (see Medium No. 266),CHEBI:35366,MAPPED
FBS,synonym,NCIT:C113696,Fetal bovine serum,NCIT:C113696,MAPPED
FCCP,preferred_term,CHEBI:75458,FCCP,CHEBI:75458,MAPPED
FD and C Blue No. 2,synonym,CHEBI:31695,Indigocarmine,CHEBI:31695,MAPPED
FD&C Blue No. 2,synonym,CHEBI:31695,Indigocarmine,CHEBI:31695,MAPPED
FE EDTA,synonym,CHEBI:30729,Fe(III)-EDTA,CHEBI:30729,MAPPED
Fe SO4 x 7 H2O,synonym,CHEBI:75836,FeSO4 x 7 H2O,CHEBI:75836,MAPPED
Fe(0),synonym,CHEBI:82664,Iron powder,CHEBI:82664,MAPPED
Fe(3+)-citrate,synonym,CHEBI:144421,Fe(III) citrate,CHEBI:144421,MAPPED
Fe(II)SO4,synonym,CHEBI:75832,FeSO4,CHEBI:75832,MAPPED
Fe(III) citrate,preferred_term,CHEBI:144421,Fe(III) citrate,CHEBI:144421,MAPPED
Fe(III)-EDTA,preferred_term,CHEBI:30729,Fe(III)-EDTA,CHEBI:30729,MAPPED
Fe(III)-oxyhydroxide,synonym,CHEBI:192761,Ferrihydrite,CHEBI:192761,MAPPED
Fe(III)PO4 x 4 H2O,preferred_term,CHEBI:131372,Fe(III)PO4 x 4 H2O,CHEBI:131372,MAPPED
Fe(III)·EDTA,synonym,CHEBI:30729,Fe(III)-EDTA,CHEBI:30729,MAPPED
Fe(NH3)citrate,synonym,CHEBI:144421,Fe(III) citrate,CHEBI:144421,MAPPED
Fe(NH4)2(SO4)2 . 6H2O,synonym,CHEBI:76181,Fe(NH4)2(SO4)2 x 6 H2O,CHEBI:76181,MAPPED
Fe(NH4)2(SO4)2 . 7H2O,synonym,CHEBI:131378,Fe(NH4)2(SO4)2 x 7 H2O,CHEBI:131378,MAPPED
Fe(NH4)2(SO4)2 x 6 H2O,preferred_term,CHEBI:76181,Fe(NH4)2(SO4)2 x 6 H2O,CHEBI:76181,MAPPED
Fe(NH4)2(SO4)2 x 6 H2O (0.01% w/v),synonym,CHEBI:76181,Fe(NH4)2(SO4)2 x 6 H2O,CHEBI:76181,MAPPED
Fe(NH4)2(SO4)2 x 6 H2O (0.1% w/v),synonym,CHEBI:76181,Fe(NH4)2(SO4)2 x 6 H2O,CHEBI:76181,MAPPED
Fe(NH4)2(SO4)2 x 6 H2O (2% v/v),synonym,CHEBI:76181,Fe(NH4)2(SO4)2 x 6 H2O,CHEBI:76181,MAPPED
Fe(NH4)2(SO4)2 x 6H2O,synonym,CHEBI:76181,Fe(NH4)2(SO4)2 x 6 H2O,CHEBI:76181,MAPPED
Fe(NH4)2(SO4)2 x 7 H2O,preferred_term,CHEBI:131378,Fe(NH4)2(SO4)2 x 7 H2O,CHEBI:131378,MAPPED
Fe(NH4)2(SO4)2 x 7H2O,synonym,CHEBI:131378,Fe(NH4)2(SO4)2 x 7 H2O,CHEBI:131378,MAPPED
Fe(NH4)2(SO4)2x7H2O,synonym,CHEBI:131378,Fe(NH4)2(SO4)2 x 7 H2O,CHEBI:131378,MAPPED
Fe(NH4)2(SO4)2·6H2O,synonym,CHEBI:76181,Fe(NH4)2(SO4)2 x 6 H2O,CHEBI:76181,MAPPED
Fe(NH4)2(SO4)2·7H2O,synonym,CHEBI:131378,Fe(NH4)2(SO4)2 x 7 H2O,CHEBI:131378,MAPPED
Fe(NH4)2(SO4)2・6H2O,synonym,CHEBI:76181,Fe(NH4)2(SO4)2 x 6 H2O,CHEBI:76181,MAPPED
Fe(NH4)citrate,synonym,CHEBI:31604,Ferric ammonium citrate,CHEBI:31604,MAPPED
Fe2(SO4)3 x n H2O,preferred_term,CHEBI:53438,Fe2(SO4)3 x n H2O,CHEBI:53438,MAPPED
Fe2(SO4)3 x n H2O,synonym,UNMAPPED_0385,FeSO43 x n H2O,,UNMAPPED
Fe4(PO4)2,preferred_term,CHEBI:132767,Fe4(PO4)2,CHEBI:132767,MAPPED
FeCl 2 x 4 H2O,synonym,CHEBI:86249,FeCl2 x 4 H2O,CHEBI:86249,MAPPED
FeCl2,preferred_term,CHEBI:30812,FeCl2,CHEBI:30812,MAPPED
FeCl2 . 4H2O,synonym,CHEBI:86249,FeCl2 x 4 H2O,CHEBI:86249,MAPPED
FeCl2 4H2O,synonym,CHEBI:86249,FeCl2 x 4 H2O,CHEBI:86249,MAPPED
FeCl2 tetrahydrate,synonym,CHEBI:86249,FeCl2 x 4 H2O,CHEBI:86249,MAPPED
FeCl2 x 4 H2O,preferred_term,CHEBI:86249,FeCl2 x 4 H2O,CHEBI:86249,MAPPED
FeCl2 x 4 H2O (0.1% w/v in 0.2 N HCl),synonym,CHEBI:86249,FeCl2 x 4 H2O,CHEBI:86249,MAPPED
FeCl2 x 4 H2O (0.2% w/v in 0.02 N HCl),synonym,CHEBI:86249,FeCl2 x 4 H2O,CHEBI:86249,MAPPED
FeCl2 x 6 H2O,preferred_term,CHEBI:30812,FeCl2 x 6 H2O,CHEBI:30812,MAPPED
FeCl2 x 6 H2O,synonym,CHEBI:30812,FeCl2 x 7 H2O,CHEBI:30812,MAPPED
FeCl2 x 7 H2O,preferred_term,CHEBI:30812,FeCl2 x 7 H2O,CHEBI:30812,MAPPED
FeCl2 x 7 H2O,synonym,CHEBI:30812,FeCl2 x 6 H2O,CHEBI:30812,MAPPED
FeCl2 ∙ 4 H2O,synonym,CHEBI:86249,FeCl2 x 4 H2O,CHEBI:86249,MAPPED
FeCl2. 4H2O,synonym,CHEBI:86249,FeCl2 x 4 H2O,CHEBI:86249,MAPPED
FeCl2.4H2O,synonym,CHEBI:86249,FeCl2 x 4 H2O,CHEBI:86249,MAPPED
FeCl2·4H2O,synonym,CHEBI:86249,FeCl2 x 4 H2O,CHEBI:86249,MAPPED
FeCl2·6H2O,synonym,CHEBI:30812,FeCl2 x 6 H2O,CHEBI:30812,MAPPED
FeCl2·6H2O,synonym,CHEBI:30812,FeCl2 x 7 H2O,CHEBI:30812,MAPPED
FeCl2⋅6H2O,synonym,CHEBI:30812,FeCl2 x 6 H2O,CHEBI:30812,MAPPED
FeCl2⋅6H2O,synonym,CHEBI:30812,FeCl2 x 7 H2O,CHEBI:30812,MAPPED
FeCl2・4H2O,synonym,CHEBI:86249,FeCl2 x 4 H2O,CHEBI:86249,MAPPED
FeCl3,preferred_term,CHEBI:30808,FeCl3,CHEBI:30808,MAPPED
FeCl3 x 4 H2O,preferred_term,CHEBI:30808,FeCl3 x 4 H2O,CHEBI:30808,MAPPED
FeCl3 x 6 H2O,preferred_term,CHEBI:86254,FeCl3 x 6 H2O,CHEBI:86254,MAPPED
FeCl3.6H2O,synonym,CHEBI:86254,FeCl3 x 6 H2O,CHEBI:86254,MAPPED
FeCl3·4H2O,synonym,CHEBI:30808,FeCl3 x 4 H2O,CHEBI:30808,MAPPED
FeCl3·6H2O,synonym,CHEBI:86254,FeCl3 x 6 H2O,CHEBI:86254,MAPPED
Fen,synonym,CHEBI:82664,Iron powder,CHEBI:82664,MAPPED
FeNa-EDTA,synonym,CHEBI:78292,Sodium ferric EDTA,CHEBI:78292,MAPPED
fenazona,synonym,CHEBI:31225,Antipyrine,CHEBI:31225,MAPPED
FePO4,preferred_term,CHEBI:131371,FePO4,CHEBI:131371,MAPPED
FePO4.4H2O,synonym,CHEBI:131372,Fe(III)PO4 x 4 H2O,CHEBI:131372,MAPPED
fer,synonym,CHEBI:18248,Iron,CHEBI:18248,MAPPED
fermentation: glucose,synonym,CHEBI:17234,Glucose,CHEBI:17234,MAPPED
Fermented Rumen Extract,preferred_term,UNMAPPED_0711,Fermented Rumen Extract,,NEEDS_EXPERT
Feromax,synonym,CHEBI:75834,FeSO4 x H2O,CHEBI:75834,MAPPED
Feroritard,synonym,CHEBI:75834,FeSO4 x H2O,CHEBI:75834,MAPPED
Ferric ammonium citrate,preferred_term,CHEBI:31604,Ferric ammonium citrate,CHEBI:31604,MAPPED
ferric chloride,synonym,CHEBI:30808,FeCl3,CHEBI:30808,MAPPED
Ferric chloride hexahydrate,synonym,CHEBI:86254,FeCl3 x 6 H2O,CHEBI:86254,MAPPED
Ferric citrate,synonym,CHEBI:144421,Fe(III) citrate,CHEBI:144421,MAPPED
Ferric citrate monohydrate,preferred_term,CHEBI:144434,Ferric citrate monohydrate,CHEBI:144434,MAPPED
ferric diphosphate,synonym,CHEBI:132767,Fe4(PO4)2,CHEBI:132767,MAPPED
Ferric EDTA,synonym,CHEBI:30729,Fe(III)-EDTA,CHEBI:30729,MAPPED
ferric hydroxide oxide,synonym,CHEBI:192761,Ferrihydrite,CHEBI:192761,MAPPED
Ferric Iron,preferred_term,CHEBI:29034,Ferric Iron,CHEBI:29034,MAPPED
Ferric iron citrate,synonym,CHEBI:144421,Fe(III) citrate,CHEBI:144421,MAPPED
ferric malate solution,preferred_term,UNMAPPED_0301,ferric malate solution,,UNMAPPED
Ferric orthophosphate,synonym,CHEBI:131371,FePO4,CHEBI:131371,MAPPED
ferric orthophosphate tetrahydrate,synonym,CHEBI:131372,Fe(III)PO4 x 4 H2O,CHEBI:131372,MAPPED
ferric oxy-hydroxide,synonym,CHEBI:192761,Ferrihydrite,CHEBI:192761,MAPPED
ferric oxyhydroxide,synonym,CHEBI:192761,Ferrihydrite,CHEBI:192761,MAPPED
Ferric persulfate,synonym,CHEBI:53438,Fe2(SO4)3 x n H2O,CHEBI:53438,MAPPED
ferric phosphate,synonym,CHEBI:131371,FePO4,CHEBI:131371,MAPPED
ferric phosphate tetrahydrate,synonym,CHEBI:131372,Fe(III)PO4 x 4 H2O,CHEBI:131372,MAPPED
Ferric pyrophosphate,synonym,CHEBI:132767,Fe4(PO4)2,CHEBI:132767,MAPPED
Ferric sesquisulfate,synonym,CHEBI:53438,Fe2(SO4)3 x n H2O,CHEBI:53438,MAPPED
Ferric sulfate,synonym,CHEBI:53438,Fe2(SO4)3 x n H2O,CHEBI:53438,MAPPED
Ferric tersulfate,synonym,CHEBI:53438,Fe2(SO4)3 x n H2O,CHEBI:53438,MAPPED
Ferric-NTA,preferred_term,UNMAPPED_0149,Ferric-NTA,,UNMAPPED
Ferrihydrite,preferred_term,CHEBI:192761,Ferrihydrite,CHEBI:192761,MAPPED
ferriprotoporphyrin IX chloride,synonym,CHEBI:50385,Haemin,CHEBI:50385,MAPPED
FerriSeltz,synonym,CHEBI:31604,Ferric ammonium citrate,CHEBI:31604,MAPPED
Ferro-Gradumet,synonym,CHEBI:75834,FeSO4 x H2O,CHEBI:75834,MAPPED
ferrous ammonium sulfate heptahydrate,synonym,CHEBI:131378,Fe(NH4)2(SO4)2 x 7 H2O,CHEBI:131378,MAPPED
ferrous ammonium sulfate hexahydrate,synonym,CHEBI:76181,Fe(NH4)2(SO4)2 x 6 H2O,CHEBI:76181,MAPPED
Ferrous chloride,synonym,CHEBI:30812,FeCl2,CHEBI:30812,MAPPED
"Ferrous chloride, tetrahydrate",synonym,CHEBI:86249,FeCl2 x 4 H2O,CHEBI:86249,MAPPED
Ferrous citrate,preferred_term,mesh:C016600,Ferrous citrate,mesh:C016600,MAPPED
Ferrous Ion,preferred_term,CHEBI:29033,Ferrous Ion,CHEBI:29033,MAPPED
Ferrous sulfate,synonym,CHEBI:75832,FeSO4,CHEBI:75832,MAPPED
ferrous sulfate (anh.),synonym,CHEBI:75832,FeSO4,CHEBI:75832,MAPPED
ferrous sulfate (anhydrous),synonym,CHEBI:75832,FeSO4 x 5 H2O,CHEBI:75832,MAPPED
ferrous sulfate (anhydrous),synonym,CHEBI:75832,FeSO4 x 6 H2O,CHEBI:75832,MAPPED
ferrous sulfate (anhydrous),synonym,CHEBI:75832,FeSO4 x 7H2O,CHEBI:75832,MAPPED
ferrous sulfate anhydrous,synonym,CHEBI:75832,FeSO4 x 5 H2O,CHEBI:75832,MAPPED
ferrous sulfate anhydrous,synonym,CHEBI:75832,FeSO4 x 6 H2O,CHEBI:75832,MAPPED
ferrous sulfate anhydrous,synonym,CHEBI:75832,FeSO4 x 7H2O,CHEBI:75832,MAPPED
ferrous sulfate heptahydrate,synonym,CHEBI:75836,FeSO4 x 7 H2O,CHEBI:75836,MAPPED
ferrous sulfate monohydrate,synonym,CHEBI:75834,FeSO4 x H2O,CHEBI:75834,MAPPED
ferrous sulfate.7H2O,synonym,CHEBI:75836,FeSO4 x 7 H2O,CHEBI:75836,MAPPED
ferroverdin,preferred_term,CHEBI:219729,ferroverdin,CHEBI:219729,MAPPED
ferrum,synonym,CHEBI:18248,Iron,CHEBI:18248,MAPPED
Ferulate,preferred_term,CHEBI:17620,Ferulate,CHEBI:17620,MAPPED
Ferulic Acid,preferred_term,CHEBI:193350,Ferulic Acid,CHEBI:193350,MAPPED
FeSO .7H O,synonym,CHEBI:75832,FeSO4,CHEBI:75832,MAPPED
FeSO4,preferred_term,CHEBI:75832,FeSO4,CHEBI:75832,MAPPED
FeSO4 . 7H2O,synonym,CHEBI:75836,FeSO4 x 7 H2O,CHEBI:75836,MAPPED
FeSO4 7H2O,synonym,CHEBI:75836,FeSO4 x 7 H2O,CHEBI:75836,MAPPED
FeSO4 x 5 H2O,preferred_term,CHEBI:75832,FeSO4 x 5 H2O,CHEBI:75832,MAPPED
FeSO4 x 5 H2O,synonym,CHEBI:75832,FeSO4 x 6 H2O,CHEBI:75832,MAPPED
FeSO4 x 5 H2O,synonym,CHEBI:75832,FeSO4 x 7H2O,CHEBI:75832,MAPPED
FeSO4 x 6 H2O,preferred_term,CHEBI:75832,FeSO4 x 6 H2O,CHEBI:75832,MAPPED
FeSO4 x 6 H2O,synonym,CHEBI:75832,FeSO4 x 5 H2O,CHEBI:75832,MAPPED
FeSO4 x 6 H2O,synonym,CHEBI:75832,FeSO4 x 7H2O,CHEBI:75832,MAPPED
FeSO4 x 6H2O,synonym,CHEBI:75832,FeSO4 x 5 H2O,CHEBI:75832,MAPPED
FeSO4 x 6H2O,synonym,CHEBI:75832,FeSO4 x 6 H2O,CHEBI:75832,MAPPED
FeSO4 x 6H2O,synonym,CHEBI:75832,FeSO4 x 7H2O,CHEBI:75832,MAPPED
FeSO4 x 7 H2O,preferred_term,CHEBI:75836,FeSO4 x 7 H2O,CHEBI:75836,MAPPED
FeSO4 x 7H2O,preferred_term,CHEBI:75832,FeSO4 x 7H2O,CHEBI:75832,MAPPED
FeSO4 x 7H2O,synonym,CHEBI:75832,FeSO4 x 5 H2O,CHEBI:75832,MAPPED
FeSO4 x 7H2O,synonym,CHEBI:75832,FeSO4 x 6 H2O,CHEBI:75832,MAPPED
FeSO4 x H2O,preferred_term,CHEBI:75834,FeSO4 x H2O,CHEBI:75834,MAPPED
FeSO4 x7 H2O,synonym,CHEBI:75832,FeSO4 x 5 H2O,CHEBI:75832,MAPPED
FeSO4 x7 H2O,synonym,CHEBI:75832,FeSO4 x 6 H2O,CHEBI:75832,MAPPED
FeSO4 x7 H2O,synonym,CHEBI:75832,FeSO4 x 7H2O,CHEBI:75832,MAPPED
FeSO4 x7H2O,synonym,CHEBI:75836,FeSO4 x 7 H2O,CHEBI:75836,MAPPED
FeSO4 · 7H2O,synonym,CHEBI:75836,FeSO4 x 7 H2O,CHEBI:75836,MAPPED
FeSO4 ⋅ 7H2O,synonym,CHEBI:75836,FeSO4 x 7 H2O,CHEBI:75836,MAPPED
FeSO4.7H2O,synonym,CHEBI:75836,FeSO4 x 7 H2O,CHEBI:75836,MAPPED
FeSO4.H2O,synonym,CHEBI:75834,FeSO4 x H2O,CHEBI:75834,MAPPED
FeSO43 x n H2O,preferred_term,UNMAPPED_0385,FeSO43 x n H2O,,UNMAPPED
FeSO4·6H2O,synonym,CHEBI:75832,FeSO4 x 5 H2O,CHEBI:75832,MAPPED
FeSO4·6H2O,synonym,CHEBI:75832,FeSO4 x 6 H2O,CHEBI:75832,MAPPED
FeSO4·6H2O,synonym,CHEBI:75832,FeSO4 x 7H2O,CHEBI:75832,MAPPED
FeSO4·7H2O,synonym,CHEBI:75836,FeSO4 x 7 H2O,CHEBI:75836,MAPPED
FeSO4⋅7H2O,synonym,CHEBI:75836,FeSO4 x 7 H2O,CHEBI:75836,MAPPED
FeSO4・6H2O,synonym,CHEBI:75832,FeSO4 x 5 H2O,CHEBI:75832,MAPPED
FeSO4・6H2O,synonym,CHEBI:75832,FeSO4 x 6 H2O,CHEBI:75832,MAPPED
FeSO4・6H2O,synonym,CHEBI:75832,FeSO4 x 7H2O,CHEBI:75832,MAPPED
FeSO4・7H2O,synonym,CHEBI:75836,FeSO4 x 7 H2O,CHEBI:75836,MAPPED
FeSO4・H2O,synonym,CHEBI:75834,FeSO4 x H2O,CHEBI:75834,MAPPED
Fespan,synonym,CHEBI:75834,FeSO4 x H2O,CHEBI:75834,MAPPED
Fetal bovine serum,preferred_term,NCIT:C113696,Fetal bovine serum,NCIT:C113696,MAPPED
Fettsaeure,synonym,CHEBI:35366,Fatty acid mixture (see Medium No. 266),CHEBI:35366,MAPPED
Fettsaeuren,synonym,CHEBI:35366,Fatty acid mixture (see Medium No. 266),CHEBI:35366,MAPPED
Fibersol-2-AG,preferred_term,UNMAPPED_0211,Fibersol-2-AG,,UNMAPPED
Fiboflavin,synonym,CHEBI:17015,Riboflavin,CHEBI:17015,MAPPED
Fibrin,preferred_term,CHEBI:5054,Fibrin,CHEBI:5054,MAPPED
Fidaxomicin,preferred_term,CHEBI:68590,Fidaxomicin,CHEBI:68590,MAPPED
Fig,preferred_term,NCIT:C71971,Fig,NCIT:C71971,MAPPED
Fildes Enrichment,preferred_term,MICRO:0001597,Fildes Enrichment,MICRO:0001597,MAPPED
Filipin,preferred_term,UNMAPPED_0814,Filipin,,UNMAPPED
Filter paper (cellulose substrate),synonym,CHEBI:18246,Cellulose,CHEBI:18246,MAPPED
filtered,synonym,UNMAPPED_0166,Red Arabinan from sugar-beet,,UNMAPPED
filtered,synonym,UNMAPPED_0237,"b-Glucan from Beet (1,2-b-Glucan)",,UNMAPPED
filtered,synonym,UNMAPPED_0238,Galactan from Potato,,UNMAPPED
Filtered Seawater,preferred_term,MICRO:0001773,Filtered Seawater,MICRO:0001773,MAPPED
"filtered, dextran, Mw ~200,000",synonym,UNMAPPED_0168,"dextran, Mw ~200,000",,UNMAPPED
"filtered, Mannan from Saccharomyces cerevisiae",synonym,cas:9036-88-8,Mannan from Saccharomyces cerevisiae,NCIT:C14271,MAPPED
"filtered, Pectic galactan from potato",synonym,UNMAPPED_0231,Pectic galactan from potato,,UNMAPPED
"filtered, polygalacturonic acid (ultrapure)",synonym,CHEBI:62969,polygalacturonic acid,CHEBI:62969,MAPPED
Fish peptone,preferred_term,MICRO:0000462,Fish peptone,MICRO:0000462,MAPPED
Fish peptone,synonym,MICRO:0000178,Bacto peptone,MICRO:0000178,MAPPED
Fish peptone (Fluka),synonym,MICRO:0000178,Bacto peptone,MICRO:0000178,MAPPED
Fish-Sperm DNA,preferred_term,CHEBI:16991,Fish-Sperm DNA,CHEBI:16991,MAPPED
fitomenadiona,synonym,CHEBI:18067,Vitamin K1,CHEBI:18067,MAPPED
fitomenadione,synonym,CHEBI:18067,Vitamin K1,CHEBI:18067,MAPPED
Flavaxin,synonym,CHEBI:17015,Riboflavin,CHEBI:17015,MAPPED
Flavensomycin,preferred_term,kgmicrobe.compound:flavensomycin,Flavensomycin,kgmicrobe.compound:flavensomycin,MAPPED
Flavin adenine dinucleotide,preferred_term,CHEBI:24040,Flavin adenine dinucleotide,CHEBI:24040,MAPPED
Flavin Bb,synonym,CHEBI:17015,Riboflavin,CHEBI:17015,MAPPED
FLAVIN-ADENINE DINUCLEOTIDE,synonym,CHEBI:16238,FAD,CHEBI:16238,MAPPED
Flavofungin,preferred_term,mesh:C001897,Flavofungin,mesh:C001897,MAPPED
Flavomycin,preferred_term,CHEBI:28908,Flavomycin,CHEBI:28908,MAPPED
Flavone,preferred_term,CHEBI:42491,Flavone,CHEBI:42491,MAPPED
Flaxain,synonym,CHEBI:17015,Riboflavin,CHEBI:17015,MAPPED
Fleroxacin,preferred_term,CHEBI:31810,Fleroxacin,CHEBI:31810,MAPPED
Fluoranthene,preferred_term,CHEBI:33083,Fluoranthene,CHEBI:33083,MAPPED
fluoranthene,synonym,CHEBI:33083,Fluoranthene,CHEBI:33083,MAPPED
Fluorene,preferred_term,CHEBI:28266,Fluorene,CHEBI:28266,MAPPED
Fluorescein,preferred_term,NCIT:C61766,Fluorescein,NCIT:C61766,MAPPED
Folate,synonym,CHEBI:27470,Folic acid,CHEBI:27470,MAPPED
Folic acid,preferred_term,CHEBI:27470,Folic acid,CHEBI:27470,MAPPED
Folicet,synonym,CHEBI:27470,Folic acid,CHEBI:27470,MAPPED
Folinic acid,preferred_term,CHEBI:15640,Folinic acid,CHEBI:15640,MAPPED
Folinic acid (citrovorum),synonym,CHEBI:27470,Folic acid,CHEBI:27470,MAPPED
Folsaeure,synonym,CHEBI:27470,Folic acid,CHEBI:27470,MAPPED
Formaldehyde,preferred_term,CHEBI:16842,Formaldehyde,CHEBI:16842,MAPPED
Formamicin,preferred_term,CHEBI:203275,Formamicin,CHEBI:203275,MAPPED
Formamide,preferred_term,CHEBI:16397,Formamide,CHEBI:16397,MAPPED
Formate,preferred_term,CHEBI:15740,Formate,CHEBI:15740,MAPPED
Formate+3-methyl Mercaptopropionate,preferred_term,UNMAPPED_0743,Formate+3-methyl Mercaptopropionate,,NEEDS_EXPERT
Formate+dimethylsulfide,preferred_term,UNMAPPED_0744,Formate+dimethylsulfide,,NEEDS_EXPERT
Formate+methanol,preferred_term,UNMAPPED_0745,Formate+methanol,,NEEDS_EXPERT
Formate+tetramethylammonium,preferred_term,UNMAPPED_0746,Formate+tetramethylammonium,,NEEDS_EXPERT
Formate+trimethylamine,preferred_term,UNMAPPED_0747,Formate+trimethylamine,,NEEDS_EXPERT
Formic acid,preferred_term,CHEBI:30751,Formic acid,CHEBI:30751,MAPPED
"FORMIC ACID, NA SALT",synonym,CHEBI:62965,Na-formate,CHEBI:62965,MAPPED
"formic acid, sodium salt",synonym,CHEBI:62965,Na-formate,CHEBI:62965,MAPPED
"Formic acid, sodium salt (1:1)",synonym,CHEBI:62965,Na-formate,CHEBI:62965,MAPPED
formylic acid,synonym,CHEBI:30751,Formic acid,CHEBI:30751,MAPPED
Fortimicin B,preferred_term,CHEBI:81284,Fortimicin B,CHEBI:81284,MAPPED
Fosfomycin,preferred_term,CHEBI:28915,Fosfomycin,CHEBI:28915,MAPPED
Fosmidomycin sodium salt hydrate,preferred_term,cas:66508-37-0,Fosmidomycin sodium salt hydrate,CHEBI:201600,MAPPED
Fradicin,preferred_term,mesh:C033989,Fradicin,mesh:C033989,MAPPED
Framycetin,preferred_term,CHEBI:7508,Framycetin,CHEBI:7508,MAPPED
Fraxetin,preferred_term,CHEBI:5169,Fraxetin,CHEBI:5169,MAPPED
FREE CYSTEINE,synonym,CHEBI:17561,L-Cysteine,CHEBI:17561,MAPPED
Fresh Baker's Yeast Extract,synonym,FOODON:03315426,Yeast extract,FOODON:03315426,MAPPED
Fresh egg mixture,preferred_term,UNMAPPED_0387,Fresh egg mixture,,UNMAPPED
Fru,synonym,CHEBI:28757,Fructose,CHEBI:28757,MAPPED
Fruchtzucker,synonym,CHEBI:28757,Fructose,CHEBI:28757,MAPPED
Fructooligosaccharides (FOS),preferred_term,cas:308066-66-2,Fructooligosaccharides (FOS),CHEBI:28645,MAPPED
Fructooligosaccharides from chicory,preferred_term,UNMAPPED_0209,Fructooligosaccharides from chicory,,UNMAPPED
FRUCTOSE,synonym,cas:308066-66-2,Fructooligosaccharides (FOS),CHEBI:28645,MAPPED
Fructose,preferred_term,CHEBI:28757,Fructose,CHEBI:28757,MAPPED
Fructose-6-phosphate,preferred_term,CHEBI:15946,Fructose-6-phosphate,CHEBI:15946,MAPPED
Fructose-asparagine,preferred_term,cas:34393-27-6,Fructose-asparagine,cas:34393-27-6,MAPPED
Fruktose,synonym,CHEBI:28757,Fructose,CHEBI:28757,MAPPED
FSL,preferred_term,cas:322455-70-9,FSL,cas:322455-70-9,MAPPED
Fuc,synonym,CHEBI:33984,Fucose,CHEBI:33984,MAPPED
Fuc(a1-3)[Gal(b1-4)]Glc,synonym,cas:41312-47-4,3'-fucosyllactose,CHEBI:90065,MAPPED
Fuc(a1-3)[Glc(a1-4)]Gal,synonym,cas:150-90-3,Sodium succinate dibasic,CHEBI:15741,MAPPED
Fucoidan,preferred_term,CHEBI:5181,Fucoidan,CHEBI:5181,MAPPED
Fucose,preferred_term,CHEBI:33984,Fucose,CHEBI:33984,MAPPED
Full composition available at source database,preferred_term,UNMAPPED_0001,Full composition available at source database,,UNMAPPED
Fumarate,preferred_term,CHEBI:29806,Fumarate,CHEBI:29806,MAPPED
Fumaric acid,preferred_term,CHEBI:18012,Fumaric acid,CHEBI:18012,MAPPED
"Fumaric acid, disodium salt",synonym,CHEBI:115156,Na2-fumarate,CHEBI:115156,MAPPED
Fumarprotocetraric Acid,preferred_term,CHEBI:144157,Fumarprotocetraric Acid,CHEBI:144157,MAPPED
Fumarsaeure,synonym,CHEBI:18012,Fumaric acid,CHEBI:18012,MAPPED
Fungichromin,preferred_term,CHEBI:31639,Fungichromin,CHEBI:31639,MAPPED
Furaltadone hydrochloride,preferred_term,cas:3759-92-1,Furaltadone hydrochloride,NCIT:C217928,MAPPED
furan-2-carbaldehyde,synonym,CHEBI:34768,2-Furfuraldehyde,CHEBI:34768,MAPPED
Furan-2-carbonsaeure,synonym,CHEBI:30845,2-Furoic acid,CHEBI:30845,MAPPED
furan-2-carboxylic acid,synonym,CHEBI:30845,2-Furoic acid,CHEBI:30845,MAPPED
furan-2-ylmethanol,synonym,CHEBI:207496,Furfuryl Alcohol,CHEBI:207496,MAPPED
Furaxone,preferred_term,UNMAPPED_0815,Furaxone,,UNMAPPED
Furazolidone,preferred_term,CHEBI:5195,Furazolidone,CHEBI:5195,MAPPED
Furfuryl Alcohol,preferred_term,CHEBI:207496,Furfuryl Alcohol,CHEBI:207496,MAPPED
Fusaric acid,preferred_term,CHEBI:5199,Fusaric acid,CHEBI:5199,MAPPED
Fusidate,preferred_term,CHEBI:71321,Fusidate,CHEBI:71321,MAPPED
Fusidic acid,synonym,cas:751-94-0,Fusidic acid sodium salt,CHEBI:29013,MAPPED
Fusidic acid sodium salt,preferred_term,cas:751-94-0,Fusidic acid sodium salt,CHEBI:29013,MAPPED
G Glycerol,synonym,CHEBI:17754,Glycerol,CHEBI:17754,MAPPED
G Glycerol,synonym,CHEBI:17754,glycerol,CHEBI:17754,REJECTED
G Starch,synonym,CHEBI:85248,Gelrite,CHEBI:85248,MAPPED
G-ol,synonym,CHEBI:17924,D-Sorbitol,CHEBI:17924,MAPPED
G418,synonym,cas:108321-42-2,G418 disulfate salt solution,cas:108321-42-2,MAPPED
G418 disulfate salt solution,preferred_term,cas:108321-42-2,G418 disulfate salt solution,cas:108321-42-2,MAPPED
G9 Trace Metals for J medium,preferred_term,UNMAPPED_0108,G9 Trace Metals for J medium,,UNMAPPED
GABA,synonym,CHEBI:16865,gamma-Aminobutyric acid,CHEBI:16865,MAPPED
Gal,synonym,CHEBI:28260,Galactose,CHEBI:28260,MAPPED
"Gal-alpha(1,6)Glc",synonym,CHEBI:28053,Melibiose,CHEBI:28053,MAPPED
Galactan from Potato,preferred_term,UNMAPPED_0238,Galactan from Potato,,UNMAPPED
Galactarate,preferred_term,CHEBI:16537,Galactarate,CHEBI:16537,MAPPED
Galactitol,preferred_term,CHEBI:16813,Galactitol,CHEBI:16813,MAPPED
galacto-hexose,synonym,CHEBI:28260,Galactose,CHEBI:28260,MAPPED
Galactomannan from guar,preferred_term,cas:11078-30-1,Galactomannan from guar,CHEBI:27680,MAPPED
Galactonate,preferred_term,CHEBI:24148,Galactonate,CHEBI:24148,MAPPED
Galactose,preferred_term,CHEBI:28260,Galactose,CHEBI:28260,MAPPED
Galactose 1-phosphate dipotassium salt pentahydrate,preferred_term,cas:19046-60-7,Galactose 1-phosphate dipotassium salt pentahydrate,CHEBI:17973,MAPPED
Galacturonate,preferred_term,CHEBI:24175,Galacturonate,CHEBI:24175,MAPPED
Galaktose,synonym,CHEBI:28260,Galactose,CHEBI:28260,MAPPED
Galb1-4Glcb,synonym,CHEBI:17716,Lactose,CHEBI:17716,MAPPED
Galbeta1-4Glc,synonym,CHEBI:17716,Lactose,CHEBI:17716,MAPPED
Galbeta1-4Glcbeta,synonym,CHEBI:17716,Lactose,CHEBI:17716,MAPPED
Gallate + Formate,preferred_term,UNMAPPED_0748,Gallate + Formate,,NEEDS_EXPERT
Gallic Acid,preferred_term,CHEBI:30778,Gallic Acid,CHEBI:30778,MAPPED
Gallium(III)chloride,preferred_term,cas:13450-90-3,Gallium(III)chloride,cas:13450-90-3,MAPPED
GAM agar,preferred_term,UNMAPPED_0121,GAM agar,,UNMAPPED
GAM broth,preferred_term,UNMAPPED_0388,GAM broth,,UNMAPPED
GAM Broth mod. powder,preferred_term,UNMAPPED_0389,GAM Broth mod. powder,,UNMAPPED
GAM Broth powder,preferred_term,UNMAPPED_0390,GAM Broth powder,,UNMAPPED
Gambogic Acid,preferred_term,CHEBI:67521,Gambogic Acid,CHEBI:67521,MAPPED
Gamborg B5 Medium incl. Vitamins,preferred_term,UNMAPPED_0391,Gamborg B5 Medium incl. Vitamins,,UNMAPPED
GAMMA-AMINO-BUTANOIC ACID,synonym,CHEBI:16865,gamma-Aminobutyric acid,CHEBI:16865,MAPPED
gamma-amino-n-butyric acid,synonym,CHEBI:16865,gamma-Aminobutyric acid,CHEBI:16865,MAPPED
gamma-Aminobenzoic acid,synonym,CHEBI:30753,p-Aminobenzoic acid,CHEBI:30753,MAPPED
gamma-aminobutanoic acid,synonym,CHEBI:16865,gamma-Aminobutyric acid,CHEBI:16865,MAPPED
gamma-Aminobuttersaeure,synonym,CHEBI:16865,gamma-Aminobutyric acid,CHEBI:16865,MAPPED
gamma-Aminobutyric acid,preferred_term,CHEBI:16865,gamma-Aminobutyric acid,CHEBI:16865,MAPPED
Gamma-Aminobutyric Acid Hydrochloride,synonym,CHEBI:16865,gamma-Aminobutyric acid,CHEBI:16865,MAPPED
Gamma-cyclodextrin,preferred_term,CHEBI:495056,Gamma-cyclodextrin,CHEBI:495056,MAPPED
gamma-Guanidinobutyrate,synonym,CHEBI:15728,4-Guanidinobutyric acid,CHEBI:15728,MAPPED
gamma-Guanidinobutyric acid,synonym,CHEBI:15728,4-Guanidinobutyric acid,CHEBI:15728,MAPPED
gamma-L-Glutamyl-L-cysteinyl-glycine,synonym,CHEBI:16856,Glutathione,CHEBI:16856,MAPPED
garciniaxanthone F,synonym,CHEBI:6650,DL-Malic acid,CHEBI:6650,MAPPED
Garden soil,preferred_term,ENVO:00002263,Garden soil,ENVO:00002263,MAPPED
Gardimycin,preferred_term,mesh:C012993,Gardimycin,mesh:C012993,MAPPED
Gelatin,synonym,CHEBI:5291,Gelatine,CHEBI:5291,MAPPED
Gelatin Hydrolyzed,preferred_term,UNMAPPED_0731,Gelatin Hydrolyzed,,UNMAPPED
Gelatin peptone,synonym,MICRO:0000178,Bacto peptone,MICRO:0000178,MAPPED
Gelatine,preferred_term,CHEBI:5291,Gelatine,CHEBI:5291,MAPPED
Gellan Gum,synonym,CHEBI:85248,Gelrite,CHEBI:85248,MAPPED
Gelrite,preferred_term,CHEBI:85248,Gelrite,CHEBI:85248,MAPPED
Geneticin G418,preferred_term,CHEBI:42768,Geneticin G418,CHEBI:42768,MAPPED
Gentamicin,preferred_term,CHEBI:17833,Gentamicin,CHEBI:17833,MAPPED
Gentamicin C2b,preferred_term,CHEBI:81283,Gentamicin C2b,CHEBI:81283,MAPPED
Gentamicin sulfate salt,preferred_term,CHEBI:5312,Gentamicin sulfate salt,CHEBI:5312,MAPPED
Gentibiose,preferred_term,CHEBI:28066,Gentibiose,CHEBI:28066,MAPPED
Gentisate,synonym,CHEBI:17189,Gentisic acid,CHEBI:17189,MAPPED
Gentisic acid,preferred_term,CHEBI:17189,Gentisic acid,CHEBI:17189,MAPPED
Geomycin,preferred_term,mesh:D010118,Geomycin,mesh:D010118,MAPPED
Gepotidacin,preferred_term,CHEBI:747127,Gepotidacin,CHEBI:747127,MAPPED
Geraniol,preferred_term,CHEBI:17447,Geraniol,CHEBI:17447,MAPPED
Ginger,preferred_term,NCIT:C66725,Ginger,NCIT:C66725,MAPPED
Ginkgolide A,preferred_term,CHEBI:5355,Ginkgolide A,CHEBI:5355,MAPPED
Ginkgotoxin,preferred_term,CHEBI:166575,Ginkgotoxin,CHEBI:166575,MAPPED
Gjerstad humics,preferred_term,UNMAPPED_0145,Gjerstad humics,,UNMAPPED
Glc,synonym,CHEBI:17234,Glucose,CHEBI:17234,MAPPED
Glc(b1-4)Glc(b1-4)Glc(b1-4)Glc(b1-4)Glc(b1-4)b-Glc,synonym,CHEBI:49533,Cellohexaose,CHEBI:49533,MAPPED
Glc-OH,synonym,CHEBI:4167,Dextrose,CHEBI:4167,MAPPED
Glc-ol,synonym,CHEBI:17924,D-Sorbitol,CHEBI:17924,MAPPED
Glca1-4Glca,synonym,CHEBI:17306,Maltose,CHEBI:17306,MAPPED
Glcalpha1-4Glca,synonym,CHEBI:17306,Maltose,CHEBI:17306,MAPPED
Glcalpha1-4Glcalpha,synonym,CHEBI:17306,Maltose,CHEBI:17306,MAPPED
Glebomycin,preferred_term,NCIT:C90636,Glebomycin,NCIT:C90636,MAPPED
Glicerofosfato de colina,synonym,CHEBI:16870,sn-glycero-3-phosphocholine,CHEBI:16870,MAPPED
Glucarolactone,synonym,CHEBI:16217,D-(+)-Gluconic acid gamma-lactone,CHEBI:16217,MAPPED
glucitol,synonym,CHEBI:30911,Sorbitol,CHEBI:30911,MAPPED
gluco-hexose,synonym,CHEBI:17234,Glucose,CHEBI:17234,MAPPED
Glucomannan (konjac),preferred_term,cas:11078-31-2,Glucomannan (konjac),CHEBI:17020,MAPPED
Gluconate,preferred_term,CHEBI:24265,Gluconate,CHEBI:24265,MAPPED
Gluconic acid,preferred_term,CHEBI:24266,Gluconic acid,CHEBI:24266,MAPPED
Gluconic acid sodium salt,synonym,CHEBI:84997,Sodium gluconate,CHEBI:84997,MAPPED
Glucosamine,preferred_term,CHEBI:5417,Glucosamine,CHEBI:5417,MAPPED
Glucose,preferred_term,CHEBI:17234,Glucose,CHEBI:17234,MAPPED
glucose,preferred_term,CHEBI:42758,glucose,CHEBI:42758,MAPPED
Glucose + Acetate,preferred_term,UNMAPPED_0702,Glucose + Acetate,,NEEDS_EXPERT
Glucose + Cellobiose + Starch + Trypticase + Yeast Extract,preferred_term,UNMAPPED_0749,Glucose + Cellobiose + Starch + Trypticase + Yeast Extract,,NEEDS_EXPERT
Glucose + Formate,preferred_term,UNMAPPED_0750,Glucose + Formate,,NEEDS_EXPERT
Glucose + Lactate,preferred_term,UNMAPPED_0751,Glucose + Lactate,,NEEDS_EXPERT
Glucose + Maltose + Cellobiose + Starch + Glycerol,preferred_term,UNMAPPED_0752,Glucose + Maltose + Cellobiose + Starch + Glycerol,,NEEDS_EXPERT
Glucose + Xylose,preferred_term,UNMAPPED_0754,Glucose + Xylose,,NEEDS_EXPERT
Glucose + Yeast Extract,preferred_term,UNMAPPED_0675,Glucose + Yeast Extract,,NEEDS_EXPERT
Glucose 1-phosphate,preferred_term,CHEBI:16077,Glucose 1-phosphate,CHEBI:16077,MAPPED
Glucose Peptone-yeast Extract,preferred_term,UNMAPPED_0753,Glucose Peptone-yeast Extract,,NEEDS_EXPERT
Glucuronamide,preferred_term,cas:3789-97-7,Glucuronamide,CHEBI:32323,MAPPED
Glucuronate,preferred_term,CHEBI:24297,Glucuronate,CHEBI:24297,MAPPED
Glukose,synonym,CHEBI:17234,Glucose,CHEBI:17234,MAPPED
Glutamate,preferred_term,CHEBI:29987,Glutamate,CHEBI:29987,MAPPED
GLUTAMIC ACID,synonym,CHEBI:16015,L-Glutamic acid,CHEBI:16015,MAPPED
GLUTAMIC ACID,synonym,cas:6382-01-0,L-Glutamic acid monopotassium salt monohydrate,CHEBI:16015,MAPPED
Glutamic acid,preferred_term,CHEBI:18237,Glutamic acid,CHEBI:18237,MAPPED
Glutamic acid 5-amide,synonym,CHEBI:18050,L-Glutamine,CHEBI:18050,MAPPED
Glutamic acid amide,synonym,CHEBI:18050,L-Glutamine,CHEBI:18050,MAPPED
GLUTAMINE,synonym,CHEBI:18050,L-Glutamine,CHEBI:18050,MAPPED
Glutaminic acid,synonym,CHEBI:18237,Glutamic acid,CHEBI:18237,MAPPED
Glutaminsaeure,synonym,CHEBI:18237,Glutamic acid,CHEBI:18237,MAPPED
Glutamyl-glutamic Acid,preferred_term,CHEBI:5390,Glutamyl-glutamic Acid,CHEBI:5390,MAPPED
Glutaraldehyde,preferred_term,CHEBI:64276,Glutaraldehyde,CHEBI:64276,MAPPED
Glutarate,preferred_term,CHEBI:24329,Glutarate,CHEBI:24329,MAPPED
Glutaric acid,preferred_term,CHEBI:17859,Glutaric acid,CHEBI:17859,MAPPED
Glutathione,preferred_term,CHEBI:16856,Glutathione,CHEBI:16856,MAPPED
Glutathione oxidized,preferred_term,CHEBI:17858,Glutathione oxidized,CHEBI:17858,MAPPED
Glutathione-SH,synonym,CHEBI:16856,Glutathione,CHEBI:16856,MAPPED
Gly,synonym,CHEBI:15428,Glycine,CHEBI:15428,MAPPED
Gly-DL-Asp,preferred_term,cas:79731-35-4,Gly-DL-Asp,CHEBI:193741,MAPPED
Gly-Gln monohydrate,preferred_term,cas:172669-64-6,Gly-Gln monohydrate,CHEBI:73898,MAPPED
Gly-Glu,preferred_term,CHEBI:73801,Gly-Glu,CHEBI:73801,MAPPED
Gly-Gly,synonym,CHEBI:17201,Glycyl-glycine,CHEBI:17201,MAPPED
Gly2,synonym,CHEBI:17201,Glycyl-glycine,CHEBI:17201,MAPPED
Glycerate,preferred_term,CHEBI:33871,Glycerate,CHEBI:33871,MAPPED
glycerin,synonym,CHEBI:17754,Glycerol,CHEBI:17754,MAPPED
glycerine,synonym,CHEBI:17754,Glycerol,CHEBI:17754,MAPPED
glycerine,synonym,CHEBI:17754,glycerol,CHEBI:17754,REJECTED
glycerine monostearate,synonym,CHEBI:75456,Glycerol monostearate,CHEBI:75456,MAPPED
Glyceritol,synonym,CHEBI:17754,Glycerol,CHEBI:17754,MAPPED
Glyceritol,synonym,CHEBI:17754,glycerol,CHEBI:17754,REJECTED
glycero-tetrulose,synonym,CHEBI:23958,L-(+)-Erythrulose,CHEBI:23958,MAPPED
Glycerol,preferred_term,CHEBI:17754,Glycerol,CHEBI:17754,MAPPED
glycerol,synonym,CHEBI:17754,Glycerol,CHEBI:17754,MAPPED
glycerol,preferred_term,CHEBI:17754,glycerol,CHEBI:17754,REJECTED
glycerol 1-(dihydrogen phosphate),synonym,cas:17603-42-8,DL-Glycerol 1-phosphate sodium salt hydrate,CHEBI:14336,MAPPED
Glycerol 3-phosphate,preferred_term,CHEBI:15978,Glycerol 3-phosphate,CHEBI:15978,MAPPED
Glycerol anhydrous,synonym,CHEBI:17754,Glycerol,CHEBI:17754,MAPPED
Glycerol mono-oleate,preferred_term,CHEBI:75937,Glycerol mono-oleate,CHEBI:75937,MAPPED
Glycerol monostearate,preferred_term,CHEBI:75456,Glycerol monostearate,CHEBI:75456,MAPPED
Glycerol phosphate disodium salt hydrate,preferred_term,cas:55073-41-1,Glycerol phosphate disodium salt hydrate,CHEBI:26707,MAPPED
"Glycerol, 2-(dihydrogen phosphate), disodium salt",synonym,CHEBI:132089,Sodium beta-glycerophosphate,CHEBI:132089,MAPPED
Glycerol-3-phosphatidylcholine,synonym,CHEBI:16870,sn-glycero-3-phosphocholine,CHEBI:16870,MAPPED
glycerol-3-phosphocholine,synonym,CHEBI:16870,sn-glycero-3-phosphocholine,CHEBI:16870,MAPPED
Glycerol-asparagine agar,preferred_term,UNMAPPED_0122,Glycerol-asparagine agar,,UNMAPPED
Glycerophosphate de choline,synonym,CHEBI:16870,sn-glycero-3-phosphocholine,CHEBI:16870,MAPPED
Glycine,preferred_term,CHEBI:15428,Glycine,CHEBI:15428,MAPPED
Glycine 1%,preferred_term,UNMAPPED_0816,Glycine 1%,,UNMAPPED
Glycine betaine,synonym,CHEBI:17750,Betaine x H2O,CHEBI:17750,MAPPED
glycine dipeptide,synonym,CHEBI:17201,Glycyl-glycine,CHEBI:17201,MAPPED
Glycine-NaOH buffer,preferred_term,UNMAPPED_0394,Glycine-NaOH buffer,,UNMAPPED
Glycine-proline,synonym,CHEBI:70744,Glycyl-L-proline,CHEBI:70744,MAPPED
Glycocholic acid hydrate,preferred_term,CHEBI:182320,Glycocholic acid hydrate,CHEBI:182320,MAPPED
Glycocoll,synonym,CHEBI:15428,Glycine,CHEBI:15428,MAPPED
Glycocyamine,preferred_term,CHEBI:16344,Glycocyamine,CHEBI:16344,MAPPED
Glycogen,preferred_term,CHEBI:28087,Glycogen,CHEBI:28087,MAPPED
Glycogen from bovine liver,preferred_term,cas:9005-79-2,Glycogen from bovine liver,CHEBI:28087,MAPPED
Glycol,synonym,CHEBI:30742,Ethylene glycol,CHEBI:30742,MAPPED
Glycol (polysorbate 80),synonym,CHEBI:53426,Tween 80,CHEBI:53426,MAPPED
glycolaldehyde,preferred_term,CHEBI:17071,glycolaldehyde,CHEBI:17071,MAPPED
Glycolate,preferred_term,CHEBI:29805,Glycolate,CHEBI:29805,MAPPED
Glycolic Acid,preferred_term,CHEBI:17497,Glycolic Acid,CHEBI:17497,MAPPED
Glycolic acid cellulose ether,synonym,CHEBI:85146,Carboxymethyl cellulose,CHEBI:85146,MAPPED
Glycyl L-aspartic Acid,preferred_term,CHEBI:73804,Glycyl L-aspartic Acid,CHEBI:73804,MAPPED
Glycyl-glycine,preferred_term,CHEBI:17201,Glycyl-glycine,CHEBI:17201,MAPPED
Glycyl-L-bromosuccinic Glutamic Acid,preferred_term,UNMAPPED_0817,Glycyl-L-bromosuccinic Glutamic Acid,,UNMAPPED
Glycyl-l-glutamate,synonym,CHEBI:73801,Gly-Glu,CHEBI:73801,MAPPED
glycyl-L-glutamic acid,synonym,CHEBI:73801,Gly-Glu,CHEBI:73801,MAPPED
glycyl-L-glutamine,synonym,cas:172669-64-6,Gly-Gln monohydrate,CHEBI:73898,MAPPED
Glycyl-L-proline,preferred_term,CHEBI:70744,Glycyl-L-proline,CHEBI:70744,MAPPED
Glycylglycine,synonym,CHEBI:17201,Glycyl-glycine,CHEBI:17201,MAPPED
Glycylglycine,preferred_term,CHEBI:17201,Glycylglycine,CHEBI:17201,REJECTED
Glycylglycine(CAS: 556-50-3),synonym,CHEBI:17201,Glycyl-glycine,CHEBI:17201,MAPPED
Glycylglycine(CAS: 556-50-3),synonym,CHEBI:17201,Glycylglycine,CHEBI:17201,REJECTED
Glycylglycylglycine,preferred_term,CHEBI:63961,Glycylglycylglycine,CHEBI:63961,MAPPED
"Glycyrrhizic Acid, Ammonium Salt",preferred_term,CHEBI:15939,"Glycyrrhizic Acid, Ammonium Salt",CHEBI:15939,MAPPED
Glykokoll,synonym,CHEBI:15428,Glycine,CHEBI:15428,MAPPED
Glyoxylate,preferred_term,CHEBI:36655,Glyoxylate,CHEBI:36655,MAPPED
Glyoxyldiureide,synonym,CHEBI:15676,Allantoin,CHEBI:15676,MAPPED
"Glyoxylic acid, sodium salt",synonym,CHEBI:91251,Na2-glyoxalate,CHEBI:91251,MAPPED
Glyzerin,synonym,CHEBI:17754,Glycerol,CHEBI:17754,MAPPED
Glyzerin,synonym,CHEBI:17754,glycerol,CHEBI:17754,REJECTED
Glyzin,synonym,CHEBI:15428,Glycine,CHEBI:15428,MAPPED
gold (III) chloride hydrate,preferred_term,cas:27988-77-8,gold (III) chloride hydrate,CHEBI:30076,MAPPED
Gossypetin,preferred_term,CHEBI:16400,Gossypetin,CHEBI:16400,MAPPED
Gossypol,preferred_term,CHEBI:28584,Gossypol,CHEBI:28584,MAPPED
Gossypol-Acetic Acid Complex,preferred_term,UNMAPPED_0193,Gossypol-Acetic Acid Complex,,UNMAPPED
Gossypose,synonym,CHEBI:16634,Raffinose,CHEBI:16634,MAPPED
GPCho,synonym,CHEBI:16870,sn-glycero-3-phosphocholine,CHEBI:16870,MAPPED
Grace's Insect Medium,preferred_term,UNMAPPED_0395,Grace's Insect Medium,,UNMAPPED
Gramicidin,preferred_term,cas:1405-97-6,Gramicidin,NCIT:C65816,MAPPED
Gramicidin S,preferred_term,CHEBI:5530,Gramicidin S,CHEBI:5530,MAPPED
Gramine,preferred_term,CHEBI:28948,Gramine,CHEBI:28948,MAPPED
Granaticin,preferred_term,CHEBI:5533,Granaticin,CHEBI:5533,MAPPED
Grasseriomycin,preferred_term,kgmicrobe.compound:grasseriomycin,Grasseriomycin,kgmicrobe.compound:grasseriomycin,MAPPED
Green House Soil,preferred_term,kgmicrobe.ingredient:green_house_soil,Green House Soil,ENVO:00001998,MAPPED
Grisamine,preferred_term,kgmicrobe.compound:grisamine,Grisamine,kgmicrobe.compound:grisamine,MAPPED
Griseolutein A,preferred_term,mesh:C018306,Griseolutein A,mesh:C018306,MAPPED
Griseolutein B,preferred_term,mesh:C018307,Griseolutein B,mesh:C018307,MAPPED
Ground beef,preferred_term,FOODON:00001282,Ground beef,FOODON:00001282,MAPPED
GSH,synonym,CHEBI:16856,Glutathione,CHEBI:16856,MAPPED
Gua,synonym,CHEBI:16235,Guanine,CHEBI:16235,MAPPED
Guaiacol,preferred_term,CHEBI:28591,Guaiacol,CHEBI:28591,MAPPED
Guaiazulene,preferred_term,CHEBI:5550,Guaiazulene,CHEBI:5550,MAPPED
Guanidine Hydrochloride,preferred_term,cas:50-01-1,Guanidine Hydrochloride,NCIT:C47551,MAPPED
Guanidinium Chloride,preferred_term,CHEBI:32735,Guanidinium Chloride,CHEBI:32735,MAPPED
Guanine,preferred_term,CHEBI:16235,Guanine,CHEBI:16235,MAPPED
Guanine riboside,synonym,CHEBI:16750,Guanosine,CHEBI:16750,MAPPED
Guanine-9-beta-D-ribofuranoside,synonym,CHEBI:16750,Guanosine,CHEBI:16750,MAPPED
Guanosin,synonym,CHEBI:16750,Guanosine,CHEBI:16750,MAPPED
Guanosine,preferred_term,CHEBI:16750,Guanosine,CHEBI:16750,MAPPED
gulitol,synonym,CHEBI:30911,Sorbitol,CHEBI:30911,MAPPED
Gum arabic from acacia tree,preferred_term,cas:9000-01-5,Gum arabic from acacia tree,FOODON:03412975,MAPPED
Guo,synonym,CHEBI:16750,Guanosine,CHEBI:16750,MAPPED
GYP-sodium acetate-mineral salts broth,preferred_term,UNMAPPED_0397,GYP-sodium acetate-mineral salts broth,,UNMAPPED
GYPS,preferred_term,UNMAPPED_0755,GYPS,,NEEDS_EXPERT
H(2),synonym,CHEBI:18276,Hydrogen gas,CHEBI:18276,MAPPED
H(2)O,synonym,CHEBI:15377,Distilled water,CHEBI:15377,MAPPED
H-COOH,synonym,CHEBI:30751,Formic acid,CHEBI:30751,MAPPED
H2,synonym,CHEBI:18276,Hydrogen gas,CHEBI:18276,MAPPED
H2 + CO2,preferred_term,UNMAPPED_0631,H2 + CO2,,NEEDS_EXPERT
H2+3-methyl Mercaptopropionate,preferred_term,UNMAPPED_0756,H2+3-methyl Mercaptopropionate,,NEEDS_EXPERT
H2+dimethylsulfide,preferred_term,UNMAPPED_0757,H2+dimethylsulfide,,NEEDS_EXPERT
H2+methanol,preferred_term,UNMAPPED_0703,H2+methanol,,NEEDS_EXPERT
H2+tetramethylammonium,preferred_term,UNMAPPED_0758,H2+tetramethylammonium,,NEEDS_EXPERT
H2+trimethylamine,preferred_term,UNMAPPED_0759,H2+trimethylamine,,NEEDS_EXPERT
H2_CO2,synonym,CHEBI:18276,Hydrogen gas,CHEBI:18276,MAPPED
H2_methanol,synonym,CHEBI:18276,Hydrogen gas,CHEBI:18276,MAPPED
H2mal,synonym,CHEBI:6650,DL-Malic acid,CHEBI:6650,MAPPED
H2N(CH2)4NH2,synonym,CHEBI:17148,Putrescine,CHEBI:17148,MAPPED
H2N-CH2-COOH,synonym,CHEBI:15428,Glycine,CHEBI:15428,MAPPED
H2NC(O)NH2,synonym,CHEBI:16199,Urea,CHEBI:16199,MAPPED
H2O,synonym,CHEBI:15377,Distilled water,CHEBI:15377,MAPPED
H2SeO3,preferred_term,CHEBI:26642,H2SeO3,CHEBI:26642,MAPPED
H2SO4,preferred_term,CHEBI:26836,H2SO4,CHEBI:26836,MAPPED
H2WO4,preferred_term,CHEBI:36272,H2WO4,CHEBI:36272,MAPPED
H3BO,synonym,CHEBI:33118,H3BO3,CHEBI:33118,MAPPED
H3BO2,preferred_term,CHEBI:38267,H3BO2,CHEBI:38267,MAPPED
H3BO3,preferred_term,CHEBI:33118,H3BO3,CHEBI:33118,MAPPED
H3BO3(Baker 0084),synonym,CHEBI:33118,H3BO3,CHEBI:33118,MAPPED
H3cit,synonym,CHEBI:30769,Citric acid,CHEBI:30769,MAPPED
H3nta,synonym,CHEBI:44557,Nitrilotriacetic acid,CHEBI:44557,MAPPED
H3tea,synonym,CHEBI:28621,Triethanolamine,CHEBI:28621,MAPPED
Haemin,preferred_term,CHEBI:50385,Haemin,CHEBI:50385,MAPPED
Halomicin,preferred_term,kgmicrobe.compound:halomicin,Halomicin,kgmicrobe.compound:halomicin,MAPPED
Hans 1000x minerals,preferred_term,UNMAPPED_0146,Hans 1000x minerals,,UNMAPPED
Hans 100x vitamins,preferred_term,UNMAPPED_0147,Hans 100x vitamins,,UNMAPPED
Harg,synonym,CHEBI:29016,Arginine,CHEBI:29016,MAPPED
Harmaline,preferred_term,CHEBI:28172,Harmaline,CHEBI:28172,MAPPED
Harmalol,preferred_term,CHEBI:27943,Harmalol,CHEBI:27943,MAPPED
Harmane,preferred_term,CHEBI:5623,Harmane,CHEBI:5623,MAPPED
Harmine,preferred_term,CHEBI:28121,Harmine,CHEBI:28121,MAPPED
Harmol,preferred_term,CHEBI:192558,Harmol,CHEBI:192558,MAPPED
Harmol Hydrochloride,preferred_term,cas:40580-83-4,Harmol Hydrochloride,cas:40580-83-4,MAPPED
Harnstoff,synonym,CHEBI:16199,Urea,CHEBI:16199,MAPPED
Hasp,synonym,CHEBI:22653,Asparagine,CHEBI:22653,MAPPED
HBO3,preferred_term,UNMAPPED_0398,HBO3,,UNMAPPED
HCH,synonym,CHEBI:24536,Hexachlorocyclo-hexane,CHEBI:24536,MAPPED
HCl,preferred_term,CHEBI:17883,HCl,CHEBI:17883,MAPPED
HCl.,synonym,CHEBI:17883,HCl,CHEBI:17883,MAPPED
HCO2H,synonym,CHEBI:30751,Formic acid,CHEBI:30751,MAPPED
HCOOH,synonym,CHEBI:30751,Formic acid,CHEBI:30751,MAPPED
Hcys,synonym,CHEBI:15356,Cysteine,CHEBI:15356,MAPPED
Heart Infusion Broth,preferred_term,UNMAPPED_0399,Heart Infusion Broth,,UNMAPPED
heavy water,synonym,CHEBI:41981,deuterated water,CHEBI:41981,MAPPED
Hecogenin,preferred_term,CHEBI:5633,Hecogenin,CHEBI:5633,MAPPED
Helenine,preferred_term,CHEBI:2540,Helenine,CHEBI:2540,MAPPED
Hemicalcium D-(+)- pantothenate,synonym,CHEBI:31345,Calcium pantothenate,CHEBI:31345,MAPPED
Hemicalcium D-+-pantothenate,synonym,CHEBI:31345,Calcium pantothenate,CHEBI:31345,MAPPED
Hemin,synonym,CHEBI:50385,Haemin,CHEBI:50385,MAPPED
Hemin chloride,synonym,CHEBI:50385,Haemin,CHEBI:50385,MAPPED
hemin IX,synonym,CHEBI:50385,Haemin,CHEBI:50385,MAPPED
Hemine,synonym,CHEBI:50385,Haemin,CHEBI:50385,MAPPED
Hemodal,synonym,CHEBI:28869,Menadione,CHEBI:28869,MAPPED
Henicosane,preferred_term,CHEBI:32931,Henicosane,CHEBI:32931,MAPPED
Hepacholine,synonym,CHEBI:133341,Choline chloride,CHEBI:133341,MAPPED
Heparin sodium salt from porcine intestinal mucosa,preferred_term,CHEBI:230519,Heparin sodium salt from porcine intestinal mucosa,CHEBI:230519,MAPPED
HEPES,preferred_term,CHEBI:46756,HEPES,CHEBI:46756,MAPPED
HEPES buffer,synonym,CHEBI:46756,HEPES,CHEBI:46756,MAPPED
HEPES buffer(CAS: 7365-45-9),synonym,CHEBI:46756,HEPES,CHEBI:46756,MAPPED
HEPES buffer(Sigma H-3375),synonym,CHEBI:46756,HEPES,CHEBI:46756,MAPPED
"heptadec-16-ene-1,2,4-triol",synonym,CHEBI:172520,Avocadene,CHEBI:172520,MAPPED
"heptadec-16-yne-1,2,4-triol",synonym,CHEBI:168507,Avocadyne,CHEBI:168507,MAPPED
Heptadecane,preferred_term,CHEBI:16148,Heptadecane,CHEBI:16148,MAPPED
heptadecanoic acid,preferred_term,CHEBI:32365,heptadecanoic acid,CHEBI:32365,MAPPED
Heptadekan,synonym,CHEBI:16148,Heptadecane,CHEBI:16148,MAPPED
heptamethylnonane,synonym,CHEBI:131383,"2,2,4,4,6,8,8-Heptamethylnonane",CHEBI:131383,MAPPED
heptanedioic acid,synonym,CHEBI:30531,Pimelic acid,CHEBI:30531,MAPPED
Heptanoic acid,preferred_term,CHEBI:45571,Heptanoic acid,CHEBI:45571,MAPPED
heptanol,preferred_term,CHEBI:195607,heptanol,CHEBI:195607,MAPPED
Hesperidin,preferred_term,CHEBI:28775,Hesperidin,CHEBI:28775,MAPPED
Hexachlorcyclohexan,synonym,CHEBI:24536,Hexachlorocyclo-hexane,CHEBI:24536,MAPPED
Hexachlorocyclo-hexane,preferred_term,CHEBI:24536,Hexachlorocyclo-hexane,CHEBI:24536,MAPPED
hexachlorocyclohexane,synonym,CHEBI:24536,Hexachlorocyclo-hexane,CHEBI:24536,MAPPED
hexachlorocyclohexanes,synonym,CHEBI:24536,Hexachlorocyclo-hexane,CHEBI:24536,MAPPED
Hexachlorzyklohexan,synonym,CHEBI:24536,Hexachlorocyclo-hexane,CHEBI:24536,MAPPED
Hexadecane,preferred_term,CHEBI:45296,Hexadecane,CHEBI:45296,MAPPED
Hexadecanoate,preferred_term,CHEBI:7896,Hexadecanoate,CHEBI:7896,MAPPED
Hexadekan,synonym,CHEBI:45296,Hexadecane,CHEBI:45296,MAPPED
Hexane,preferred_term,CHEBI:29021,Hexane,CHEBI:29021,MAPPED
hexanedioic acid,synonym,CHEBI:30832,Adipic acid,CHEBI:30832,MAPPED
Hexanoate,preferred_term,CHEBI:17120,Hexanoate,CHEBI:17120,MAPPED
HEXANOIC ACID,synonym,CHEBI:30776,Caproic acid,CHEBI:30776,MAPPED
"Hexanoic acid, sodium salt",synonym,CHEBI:114126,Na-caproate,CHEBI:114126,MAPPED
hexanol,preferred_term,CHEBI:143552,hexanol,CHEBI:143552,MAPPED
hexoic acid,synonym,CHEBI:30776,Caproic acid,CHEBI:30776,MAPPED
Hexylic acid,synonym,CHEBI:30776,Caproic acid,CHEBI:30776,MAPPED
Hgly,synonym,CHEBI:15428,Glycine,CHEBI:15428,MAPPED
hierro,synonym,CHEBI:18248,Iron,CHEBI:18248,MAPPED
Hipolypepton,synonym,FOODON:03315306,Polypeptone,FOODON:03315306,MAPPED
Hipolypepton (Nihon seiyaku),synonym,FOODON:03315306,Polypeptone,FOODON:03315306,MAPPED
Hippurate,synonym,CHEBI:18089,Hippuric acid,CHEBI:18089,MAPPED
Hippuric acid,preferred_term,CHEBI:18089,Hippuric acid,CHEBI:18089,MAPPED
Histamine,preferred_term,CHEBI:18295,Histamine,CHEBI:18295,MAPPED
Histidin,synonym,CHEBI:27570,DL-Histidine,CHEBI:27570,MAPPED
histidina,synonym,CHEBI:27570,DL-Histidine,CHEBI:27570,MAPPED
Histidine,synonym,CHEBI:15971,L-Histidine,CHEBI:15971,MAPPED
Hitachimycin,preferred_term,mesh:C031780,Hitachimycin,mesh:C031780,MAPPED
Hmet,synonym,CHEBI:16811,DL-methionine,CHEBI:16811,MAPPED
HO-CH2-CH2-OH,synonym,CHEBI:30742,Ethylene glycol,CHEBI:30742,MAPPED
HOAc,synonym,CHEBI:15366,Acetic acid,CHEBI:15366,MAPPED
HOH,synonym,CHEBI:15377,Distilled water,CHEBI:15377,MAPPED
Homo-PIPES,preferred_term,UNMAPPED_0401,Homo-PIPES,,UNMAPPED
"homopiperazine-1,4-bis(2-ethanesulfonic acid), HOMO-PIPES",synonym,cas:202185-84-0,HOMOPIPES,cas:202185-84-0,MAPPED
HOMOPIPES,preferred_term,cas:202185-84-0,HOMOPIPES,cas:202185-84-0,MAPPED
homovanillic acid,preferred_term,CHEBI:545959,homovanillic acid,CHEBI:545959,MAPPED
homovanillyl alcohol,preferred_term,CHEBI:173769,homovanillyl alcohol,CHEBI:173769,MAPPED
HOOC-CH2-CH2-COOH,synonym,CHEBI:15741,Succinic acid,CHEBI:15741,MAPPED
Hopanoid,preferred_term,CHEBI:51963,Hopanoid,CHEBI:51963,MAPPED
Horikoshi-I medium,preferred_term,UNMAPPED_0402,Horikoshi-I medium,,UNMAPPED
Horse serum,preferred_term,MICRO:0001235,Horse serum,MICRO:0001235,MAPPED
Hortesin,preferred_term,kgmicrobe.compound:hortesin,Hortesin,kgmicrobe.compound:hortesin,MAPPED
Hpro,synonym,CHEBI:26271,Proline,CHEBI:26271,MAPPED
HS-CoM,synonym,CHEBI:17905,2-Mercaptoethanesulfonate,CHEBI:17905,MAPPED
HSCoA,synonym,CHEBI:15346,Coenzyme A,CHEBI:15346,MAPPED
HSDB 7729,synonym,CHEBI:86154,Bromocresol purple,CHEBI:86154,MAPPED
Htrp,synonym,CHEBI:27897,Tryptophan,CHEBI:27897,MAPPED
Hunter's Trace Stock Solution,preferred_term,UNMAPPED_0087,Hunter's Trace Stock Solution,,UNMAPPED
Huperzine A,preferred_term,CHEBI:78330,Huperzine A,CHEBI:78330,MAPPED
Hy-Case Amino,preferred_term,UNMAPPED_0404,Hy-Case Amino,,UNMAPPED
Hyaluronic acid sodium salt from Streptococcus equi,preferred_term,cas:9067-32-7,Hyaluronic acid sodium salt from Streptococcus equi,CHEBI:201433,MAPPED
Hydantoin,preferred_term,CHEBI:27612,Hydantoin,CHEBI:27612,MAPPED
"Hydrastine (1R, 9S)",preferred_term,CHEBI:69919,"Hydrastine (1R, 9S)",CHEBI:69919,MAPPED
hydridodihydroxidoboron,synonym,CHEBI:38267,H3BO2,CHEBI:38267,MAPPED
Hydro Methylpteroylglutamylglutamic Acid,preferred_term,kgmicrobe.compound:hydro_methylpteroylglutamylglutamic_acid,Hydro Methylpteroylglutamylglutamic Acid,NCIT:C1115,MAPPED
Hydrocarbon,preferred_term,CHEBI:24632,Hydrocarbon,CHEBI:24632,MAPPED
hydrocarbons,synonym,CHEBI:24632,Hydrocarbon,CHEBI:24632,MAPPED
hydrochloric acid,synonym,CHEBI:17883,HCl,CHEBI:17883,MAPPED
Hydrochloride,synonym,CHEBI:17883,HCl,CHEBI:17883,MAPPED
Hydrogen,synonym,CHEBI:18276,Hydrogen gas,CHEBI:18276,MAPPED
Hydrogen (gas),synonym,CHEBI:18276,Hydrogen gas,CHEBI:18276,MAPPED
hydrogen carboxylic acid,synonym,CHEBI:30751,Formic acid,CHEBI:30751,MAPPED
Hydrogen chloride,synonym,CHEBI:17883,HCl,CHEBI:17883,MAPPED
Hydrogen dipotassium phosphate,synonym,CHEBI:131527,K2HPO4,CHEBI:131527,MAPPED
Hydrogen disodium arsenate heptahydrate,synonym,CHEBI:91257,Na2HAsO4 x 7 H2O,CHEBI:91257,MAPPED
Hydrogen gas,preferred_term,CHEBI:18276,Hydrogen gas,CHEBI:18276,MAPPED
hydrogen hydroxide,synonym,CHEBI:15377,Distilled water,CHEBI:15377,MAPPED
Hydrogen peroxide,preferred_term,CHEBI:16240,Hydrogen peroxide,CHEBI:16240,MAPPED
Hydrogen sulfide,preferred_term,CHEBI:16136,Hydrogen sulfide,CHEBI:16136,MAPPED
hydrogen sulfite sodium,synonym,CHEBI:26709,NaHSO3,CHEBI:26709,MAPPED
hydrogen tetraoxosulfate(2-),synonym,CHEBI:26836,H2SO4,CHEBI:26836,MAPPED
hydrogen tetraoxosulfate(VI),synonym,CHEBI:26836,H2SO4,CHEBI:26836,MAPPED
Hydrogenchlorid,synonym,CHEBI:17883,HCl,CHEBI:17883,MAPPED
hydrolysis: cationic chitosan,synonym,CHEBI:16261,Chitosan,CHEBI:16261,MAPPED
hydrolysis: urea,synonym,CHEBI:16199,Urea,CHEBI:16199,MAPPED
Hydroquinone,preferred_term,CHEBI:17594,Hydroquinone,CHEBI:17594,MAPPED
Hydroquinonecarboxylic acid,synonym,CHEBI:17189,Gentisic acid,CHEBI:17189,MAPPED
hydrous ferric oxide,preferred_term,CHEBI:50819,hydrous ferric oxide,CHEBI:50819,MAPPED
hydroxy(4-hydroxyphenyl)acetic acid,synonym,cas:184901-84-6,4-Hydroxymandelic acid monohydrate,CHEBI:16388,MAPPED
hydroxy(phenyl)acetic acid,synonym,CHEBI:35825,Mandelic acid,CHEBI:35825,MAPPED
Hydroxy-L-Proline,preferred_term,CHEBI:18095,Hydroxy-L-Proline,CHEBI:18095,MAPPED
Hydroxyacetaldehyde,synonym,CHEBI:17071,glycolaldehyde,CHEBI:17071,MAPPED
Hydroxyacetic acid,synonym,CHEBI:17497,Glycolic Acid,CHEBI:17497,MAPPED
Hydroxyacetophenone,preferred_term,CHEBI:24668,Hydroxyacetophenone,CHEBI:24668,MAPPED
Hydroxybenzene,synonym,CHEBI:15882,Phenol,CHEBI:15882,MAPPED
hydroxybutanedioic acid,synonym,CHEBI:6650,DL-Malic acid,CHEBI:6650,MAPPED
hydroxyde de potassium,synonym,CHEBI:32035,KOH,CHEBI:32035,MAPPED
hydroxyde de sodium,synonym,CHEBI:32145,NaOH,CHEBI:32145,MAPPED
hydroxyethane,synonym,CHEBI:16236,Ethanol,CHEBI:16236,MAPPED
Hydroxyethylcellulose,preferred_term,CHEBI:85249,Hydroxyethylcellulose,CHEBI:85249,MAPPED
hydroxylamine hcl,synonym,CHEBI:5807,Hydroxylamine hydrochloride,CHEBI:5807,MAPPED
Hydroxylamine hydrochloride,preferred_term,CHEBI:5807,Hydroxylamine hydrochloride,CHEBI:5807,MAPPED
Hydroxyproline,synonym,CHEBI:18095,Hydroxy-L-Proline,CHEBI:18095,MAPPED
Hydroxystreptomycin,preferred_term,CHEBI:24750,Hydroxystreptomycin,CHEBI:24750,MAPPED
hydroxysuccinic acid,synonym,CHEBI:6650,DL-Malic acid,CHEBI:6650,MAPPED
Hydroxyurea,preferred_term,CHEBI:44423,Hydroxyurea,CHEBI:44423,MAPPED
Hyflavin,synonym,CHEBI:17015,Riboflavin,CHEBI:17015,MAPPED
Hygromycin,preferred_term,CHEBI:24753,Hygromycin,CHEBI:24753,MAPPED
Hygromycin A,preferred_term,CHEBI:69414,Hygromycin A,CHEBI:69414,MAPPED
Hygromycin B,preferred_term,CHEBI:16976,Hygromycin B,CHEBI:16976,MAPPED
Hymecromone Methyl Ether,preferred_term,cas:2555-28-4,Hymecromone Methyl Ether,CHEBI:107662,MAPPED
Hypotaurine,preferred_term,CHEBI:16668,Hypotaurine,CHEBI:16668,MAPPED
Hypoxanthine,preferred_term,CHEBI:17368,Hypoxanthine,CHEBI:17368,MAPPED
hypoxanthine D-riboside,synonym,CHEBI:17596,Inosine,CHEBI:17596,MAPPED
hypoxanthosine,synonym,CHEBI:17596,Inosine,CHEBI:17596,MAPPED
Hypro,synonym,CHEBI:18095,Hydroxy-L-Proline,CHEBI:18095,MAPPED
i-inositol,synonym,CHEBI:17268,myo-Inositol,CHEBI:17268,MAPPED
i-propanol,synonym,CHEBI:17824,Isopropyl alcohol,CHEBI:17824,MAPPED
i-Propylalkohol,synonym,CHEBI:17824,Isopropyl alcohol,CHEBI:17824,MAPPED
Icosane,preferred_term,CHEBI:43619,Icosane,CHEBI:43619,MAPPED
IMDM-Medium,preferred_term,UNMAPPED_0405,IMDM-Medium,,UNMAPPED
Imidazole,preferred_term,CHEBI:14434,Imidazole,CHEBI:14434,MAPPED
"imidazolidine-2,4,5-trione",synonym,CHEBI:74661,Parabanic Acid,CHEBI:74661,MAPPED
"imidazolidine-2,4-dione",synonym,CHEBI:27612,Hydantoin,CHEBI:27612,MAPPED
Imipenem,preferred_term,CHEBI:471744,Imipenem,CHEBI:471744,MAPPED
Impenum monohydrate,preferred_term,CHEBI:51799,Impenum monohydrate,CHEBI:51799,MAPPED
Indigo carmine,synonym,CHEBI:31695,Indigocarmine,CHEBI:31695,MAPPED
Indigocarmine,preferred_term,CHEBI:31695,Indigocarmine,CHEBI:31695,MAPPED
"Indigotin-5,5'-disulfonic acid disodium salt",synonym,CHEBI:31695,Indigocarmine,CHEBI:31695,MAPPED
Indigotindisulfonate sodium,synonym,CHEBI:31695,Indigocarmine,CHEBI:31695,MAPPED
Indochrome,preferred_term,kgmicrobe.compound:indochrome,Indochrome,kgmicrobe.compound:indochrome,MAPPED
INDOLE,synonym,CHEBI:16881,Indole,CHEBI:16881,MAPPED
Indole,preferred_term,CHEBI:16881,Indole,CHEBI:16881,MAPPED
indole 3-acetic acid sodium salt,preferred_term,cas:6505-45-9,indole 3-acetic acid sodium salt,CHEBI:230840,MAPPED
Indole-3-acetate,preferred_term,CHEBI:30854,Indole-3-acetate,CHEBI:30854,MAPPED
Indole-3-butyric acid,preferred_term,CHEBI:33070,Indole-3-butyric acid,CHEBI:33070,MAPPED
Indole-3-propionic acid,preferred_term,CHEBI:43580,Indole-3-propionic acid,CHEBI:43580,MAPPED
Indole-3-pyruvic acid,preferred_term,cas:0392-12-1,Indole-3-pyruvic acid,cas:0392-12-1,MAPPED
Indolicidin,preferred_term,CHEBI:80180,Indolicidin,CHEBI:80180,MAPPED
Indolmycin,preferred_term,CHEBI:79394,Indolmycin,CHEBI:79394,MAPPED
Indoxyl Acetate,preferred_term,CHEBI:169991,Indoxyl Acetate,CHEBI:169991,MAPPED
Infusion Broth,preferred_term,UNMAPPED_0406,Infusion Broth,,UNMAPPED
Infusion from Potatoes,preferred_term,UNMAPPED_0251,Infusion from Potatoes,,UNMAPPED
Inorganic salts-starch agar,preferred_term,UNMAPPED_0123,Inorganic salts-starch agar,CHEBI:24839,UNMAPPED
Inosin,synonym,CHEBI:17596,Inosine,CHEBI:17596,MAPPED
inosina,synonym,CHEBI:17596,Inosine,CHEBI:17596,MAPPED
Inosine,preferred_term,CHEBI:17596,Inosine,CHEBI:17596,MAPPED
inosinum,synonym,CHEBI:17596,Inosine,CHEBI:17596,MAPPED
inosite,synonym,CHEBI:17268,myo-Inositol,CHEBI:17268,MAPPED
Inositol,preferred_term,CHEBI:24848,Inositol,CHEBI:24848,MAPPED
Inositol (myo-inositol),synonym,CHEBI:17268,myo-Inositol,CHEBI:17268,MAPPED
inositols,synonym,CHEBI:24848,Inositol,CHEBI:24848,MAPPED
Ins,synonym,CHEBI:17268,myo-Inositol,CHEBI:17268,MAPPED
INS No. 260,synonym,CHEBI:15366,Acetic acid,CHEBI:15366,MAPPED
INS No. 264,synonym,CHEBI:62947,Ammonium acetate,CHEBI:62947,MAPPED
Inulin,preferred_term,CHEBI:15443,Inulin,CHEBI:15443,MAPPED
Iodide,preferred_term,CHEBI:16382,Iodide,CHEBI:16382,MAPPED
Iodonitrotetrazolium chloride,preferred_term,CHEBI:75421,Iodonitrotetrazolium chloride,CHEBI:75421,MAPPED
Irgasan,preferred_term,CHEBI:164200,Irgasan,CHEBI:164200,MAPPED
Irigenin,preferred_term,CHEBI:81409,Irigenin,CHEBI:81409,MAPPED
Iron,preferred_term,CHEBI:18248,Iron,CHEBI:18248,MAPPED
Iron (as FeCl3 in EDTA),preferred_term,UNMAPPED_0604,Iron (as FeCl3 in EDTA),NCIT:C598,UNMAPPED
Iron (II) chloride tetrahydrate,synonym,CHEBI:86249,FeCl2 x 4 H2O,CHEBI:86249,MAPPED
"Iron (II) chloride, tetrahydrate",synonym,CHEBI:86249,FeCl2 x 4 H2O,CHEBI:86249,MAPPED
Iron (II) sulfate heptahydrate,synonym,CHEBI:75836,FeSO4 x 7 H2O,CHEBI:75836,MAPPED
Iron (III) chloride hexahydrate,synonym,CHEBI:86254,FeCl3 x 6 H2O,CHEBI:86254,MAPPED
Iron ammonium sulfate hydrate,synonym,CHEBI:76181,Fe(NH4)2(SO4)2 x 6 H2O,CHEBI:76181,MAPPED
iron atom,synonym,CHEBI:18248,Iron,CHEBI:18248,MAPPED
Iron chloride tetrahydrate,synonym,CHEBI:86249,FeCl2 x 4 H2O,CHEBI:86249,MAPPED
iron dichloride,synonym,CHEBI:30812,FeCl2,CHEBI:30812,MAPPED
iron dichloride tetrahydrate,synonym,CHEBI:86249,FeCl2 x 4 H2O,CHEBI:86249,MAPPED
iron dust,synonym,CHEBI:82664,Iron powder,CHEBI:82664,MAPPED
iron hydroxide oxide,synonym,CHEBI:192761,Ferrihydrite,CHEBI:192761,MAPPED
Iron metal,synonym,CHEBI:82664,Iron powder,CHEBI:82664,MAPPED
Iron orthophosphate,synonym,CHEBI:131371,FePO4,CHEBI:131371,MAPPED
Iron persulfate,synonym,CHEBI:53438,Fe2(SO4)3 x n H2O,CHEBI:53438,MAPPED
Iron phosphate,synonym,CHEBI:131371,FePO4,CHEBI:131371,MAPPED
Iron powder,preferred_term,CHEBI:82664,Iron powder,CHEBI:82664,MAPPED
Iron pyrophosphate,synonym,CHEBI:132767,Fe4(PO4)2,CHEBI:132767,MAPPED
Iron sesquisulfate,synonym,CHEBI:53438,Fe2(SO4)3 x n H2O,CHEBI:53438,MAPPED
Iron Stock,preferred_term,UNMAPPED_0074,Iron Stock,,UNMAPPED
iron sulfate (1:1),synonym,CHEBI:75832,FeSO4,CHEBI:75832,MAPPED
Iron tersulfate,synonym,CHEBI:53438,Fe2(SO4)3 x n H2O,CHEBI:53438,MAPPED
iron trichloride,synonym,CHEBI:30808,FeCl3,CHEBI:30808,MAPPED
iron(0),synonym,CHEBI:82664,Iron powder,CHEBI:82664,MAPPED
iron(2+) chloride,synonym,CHEBI:30812,FeCl2,CHEBI:30812,MAPPED
iron(2+) chloride,synonym,CHEBI:30812,FeCl2 x 6 H2O,CHEBI:30812,MAPPED
iron(2+) chloride,synonym,CHEBI:30812,FeCl2 x 7 H2O,CHEBI:30812,MAPPED
"Iron(2+) chloride, tetrahydrate",synonym,CHEBI:86249,FeCl2 x 4 H2O,CHEBI:86249,MAPPED
iron(2+) disulfide,synonym,CHEBI:86471,Pyrite,CHEBI:86471,MAPPED
iron(2+) sulfate,synonym,CHEBI:75832,FeSO4,CHEBI:75832,MAPPED
iron(2+) sulfate,synonym,CHEBI:75832,FeSO4 x 5 H2O,CHEBI:75832,MAPPED
iron(2+) sulfate,synonym,CHEBI:75832,FeSO4 x 6 H2O,CHEBI:75832,MAPPED
iron(2+) sulfate,synonym,CHEBI:75832,FeSO4 x 7H2O,CHEBI:75832,MAPPED
iron(2+) sulfate (anh.),synonym,CHEBI:75832,FeSO4,CHEBI:75832,MAPPED
iron(2+) sulfate (anhydrous),synonym,CHEBI:75832,FeSO4 x 5 H2O,CHEBI:75832,MAPPED
iron(2+) sulfate (anhydrous),synonym,CHEBI:75832,FeSO4 x 6 H2O,CHEBI:75832,MAPPED
iron(2+) sulfate monohydrate,synonym,CHEBI:75834,FeSO4 x H2O,CHEBI:75834,MAPPED
iron(2+) sulfate--water (1/1),synonym,CHEBI:75834,FeSO4 x H2O,CHEBI:75834,MAPPED
iron(2+) sulfate--water (1/7),synonym,CHEBI:75836,FeSO4 x 7 H2O,CHEBI:75836,MAPPED
"iron(3+) 2-hydroxypropane-1,2,3-tricarboxylate",synonym,CHEBI:144421,Fe(III) citrate,CHEBI:144421,MAPPED
"iron(3+) 2-hydroxypropane-1,2,3-tricarboxylate hydrate",synonym,CHEBI:144434,Ferric citrate monohydrate,CHEBI:144434,MAPPED
iron(3+) chloride,synonym,CHEBI:30808,FeCl3,CHEBI:30808,MAPPED
iron(3+) chloride,synonym,CHEBI:30808,FeCl3 x 4 H2O,CHEBI:30808,MAPPED
iron(3+) diphosphate,synonym,CHEBI:132767,Fe4(PO4)2,CHEBI:132767,MAPPED
iron(3+) diphosphate (4/3),synonym,CHEBI:132767,Fe4(PO4)2,CHEBI:132767,MAPPED
iron(3+) orthophosphate tetrahydrate,synonym,CHEBI:131372,Fe(III)PO4 x 4 H2O,CHEBI:131372,MAPPED
iron(3+) oxide,synonym,CHEBI:50819,hydrous ferric oxide,CHEBI:50819,MAPPED
iron(3+) phosphate tetrahydrate,synonym,CHEBI:131372,Fe(III)PO4 x 4 H2O,CHEBI:131372,MAPPED
iron(3+) phosphate--water (1/4),synonym,CHEBI:131372,Fe(III)PO4 x 4 H2O,CHEBI:131372,MAPPED
Iron(3+) pyrophosphate,synonym,CHEBI:132767,Fe4(PO4)2,CHEBI:132767,MAPPED
"iron(3+) sodium 2,2',2'',2'''-(ethane-1,2-diyldinitrilo)tetraacetate",synonym,CHEBI:78292,Sodium ferric EDTA,CHEBI:78292,MAPPED
iron(3+) sulfate,synonym,CHEBI:53438,Fe2(SO4)3 x n H2O,CHEBI:53438,MAPPED
Iron(II) chloride,synonym,CHEBI:30812,FeCl2,CHEBI:30812,MAPPED
iron(II) chloride,synonym,CHEBI:30812,FeCl2 x 6 H2O,CHEBI:30812,MAPPED
iron(II) chloride,synonym,CHEBI:30812,FeCl2 x 7 H2O,CHEBI:30812,MAPPED
Iron(II) sulfate,synonym,CHEBI:75832,FeSO4,CHEBI:75832,MAPPED
iron(II) sulfate (1:1),synonym,CHEBI:75832,FeSO4,CHEBI:75832,MAPPED
Iron(II) sulfate heptahydrate,synonym,CHEBI:75836,FeSO4 x 7 H2O,CHEBI:75836,MAPPED
iron(II) sulfate monohydrate,synonym,CHEBI:75834,FeSO4 x H2O,CHEBI:75834,MAPPED
iron(III) chloride,synonym,CHEBI:30808,FeCl3,CHEBI:30808,MAPPED
iron(III) chloride,synonym,CHEBI:30808,FeCl3 x 4 H2O,CHEBI:30808,MAPPED
Iron(III) citrate,synonym,CHEBI:144421,Fe(III) citrate,CHEBI:144421,MAPPED
Iron(III) diphosphate,synonym,CHEBI:132767,Fe4(PO4)2,CHEBI:132767,MAPPED
iron(III) orthophosphate tetrahydrate,synonym,CHEBI:131372,Fe(III)PO4 x 4 H2O,CHEBI:131372,MAPPED
iron(III) oxide,synonym,CHEBI:50819,hydrous ferric oxide,CHEBI:50819,MAPPED
iron(III) oxyhydroxide,synonym,CHEBI:192761,Ferrihydrite,CHEBI:192761,MAPPED
iron(III) phosphate,synonym,CHEBI:131371,FePO4,CHEBI:131371,MAPPED
iron(III) phosphate tetrahydrate,synonym,CHEBI:131372,Fe(III)PO4 x 4 H2O,CHEBI:131372,MAPPED
Iron(III) pyrophosphate,synonym,CHEBI:132767,Fe4(PO4)2,CHEBI:132767,MAPPED
Iron(III) sulfate,synonym,CHEBI:53438,Fe2(SO4)3 x n H2O,CHEBI:53438,MAPPED
iron(III) sulfate hydrate,synonym,UNMAPPED_0385,FeSO43 x n H2O,,UNMAPPED
iron(III) sulfate(VI),synonym,CHEBI:53438,Fe2(SO4)3 x n H2O,CHEBI:53438,MAPPED
Iron(III)-edta,synonym,CHEBI:30729,Fe(III)-EDTA,CHEBI:30729,MAPPED
Iron-EDTA,preferred_term,UNMAPPED_0606,Iron-EDTA,,UNMAPPED
Isepamicin,preferred_term,CHEBI:37951,Isepamicin,CHEBI:37951,MAPPED
ISK-1 bacteriocin,synonym,kgmicrobe.compound:bacteriocin_isk_1,Bacteriocin Isk 1,kgmicrobe.compound:bacteriocin_isk_1,MAPPED
Iso-butanol,synonym,CHEBI:46645,Isobutyl alcohol,CHEBI:46645,MAPPED
iso-Butyric acid,synonym,CHEBI:16135,Isobutyric acid,CHEBI:16135,MAPPED
iso-C3H7COOH,synonym,CHEBI:16135,Isobutyric acid,CHEBI:16135,MAPPED
iso-Valeric acid,synonym,CHEBI:28484,Isovaleric acid,CHEBI:28484,MAPPED
isobutanoic acid,synonym,CHEBI:16135,Isobutyric acid,CHEBI:16135,MAPPED
Isobuttersaeure,synonym,CHEBI:16135,Isobutyric acid,CHEBI:16135,MAPPED
Isobutyl alcohol,preferred_term,CHEBI:46645,Isobutyl alcohol,CHEBI:46645,MAPPED
isobutylformic acid,synonym,CHEBI:28484,Isovaleric acid,CHEBI:28484,MAPPED
Isobutyramide,preferred_term,CHEBI:193555,Isobutyramide,CHEBI:193555,MAPPED
Isobutyrate,preferred_term,CHEBI:48944,Isobutyrate,CHEBI:48944,MAPPED
Isobutyric acid,preferred_term,CHEBI:16135,Isobutyric acid,CHEBI:16135,MAPPED
Isocaproate,preferred_term,CHEBI:74904,Isocaproate,CHEBI:74904,MAPPED
isocetane,synonym,CHEBI:131383,"2,2,4,4,6,8,8-Heptamethylnonane",CHEBI:131383,MAPPED
Isocitrate,preferred_term,CHEBI:16087,Isocitrate,CHEBI:16087,MAPPED
Isoleucine,synonym,CHEBI:17191,L-Isoleucine,CHEBI:17191,MAPPED
Isoliquiritigenin,preferred_term,CHEBI:310312,Isoliquiritigenin,CHEBI:310312,MAPPED
Isomaltose,preferred_term,CHEBI:28189,Isomaltose,CHEBI:28189,MAPPED
Isoniazid,preferred_term,CHEBI:6030,Isoniazid,CHEBI:6030,MAPPED
Isoorientin,preferred_term,CHEBI:17965,Isoorientin,CHEBI:17965,MAPPED
isopentanoic acid,synonym,CHEBI:28484,Isovaleric acid,CHEBI:28484,MAPPED
Isophthalate,preferred_term,CHEBI:30803,Isophthalate,CHEBI:30803,MAPPED
Isopropanol,synonym,CHEBI:17824,Isopropyl alcohol,CHEBI:17824,MAPPED
Isopropionate,preferred_term,UNMAPPED_0761,Isopropionate,,UNMAPPED
isopropyl 3-keto-N-acetyl-a-D-glucosamine,preferred_term,UNMAPPED_0234,isopropyl 3-keto-N-acetyl-a-D-glucosamine,,UNMAPPED
Isopropyl alcohol,preferred_term,CHEBI:17824,Isopropyl alcohol,CHEBI:17824,MAPPED
isopropylacetic acid,synonym,CHEBI:28484,Isovaleric acid,CHEBI:28484,MAPPED
Isopropylalkohol,synonym,CHEBI:17824,Isopropyl alcohol,CHEBI:17824,MAPPED
isopropylformic acid,synonym,CHEBI:16135,Isobutyric acid,CHEBI:16135,MAPPED
Isosafrole,preferred_term,CHEBI:6054,Isosafrole,CHEBI:6054,MAPPED
ISOT,preferred_term,UNMAPPED_0220,ISOT,,UNMAPPED
ISOT LC742-071714,preferred_term,UNMAPPED_0218,ISOT LC742-071714,,UNMAPPED
ISOT Lot160120,preferred_term,UNMAPPED_0219,ISOT Lot160120,,UNMAPPED
ISOT Umich-01,preferred_term,UNMAPPED_0205,ISOT Umich-01,,UNMAPPED
ISOT Umich-02.b,preferred_term,UNMAPPED_0206,ISOT Umich-02.b,,UNMAPPED
Isovalerate,preferred_term,CHEBI:48942,Isovalerate,CHEBI:48942,MAPPED
isovalerianic acid,synonym,CHEBI:28484,Isovaleric acid,CHEBI:28484,MAPPED
Isovaleriansaeure,synonym,CHEBI:28484,Isovaleric acid,CHEBI:28484,MAPPED
Isovaleric acid,preferred_term,CHEBI:28484,Isovaleric acid,CHEBI:28484,MAPPED
Isovanillin,preferred_term,CHEBI:193161,Isovanillin,CHEBI:193161,MAPPED
Isovitalex,preferred_term,UNMAPPED_0407,Isovitalex,,UNMAPPED
Isovitexin,preferred_term,CHEBI:18330,Isovitexin,CHEBI:18330,MAPPED
ISP 7 Medium,preferred_term,UNMAPPED_0408,ISP 7 Medium,,UNMAPPED
Itaconate,preferred_term,CHEBI:17240,Itaconate,CHEBI:17240,MAPPED
Itaconic Acid,preferred_term,CHEBI:30838,Itaconic Acid,CHEBI:30838,MAPPED
Izalpinin,preferred_term,cas:480-14-4,Izalpinin,cas:480-14-4,MAPPED
Jasmonic acid,preferred_term,CHEBI:18292,Jasmonic acid,CHEBI:18292,MAPPED
Juglone,preferred_term,CHEBI:15794,Juglone,CHEBI:15794,MAPPED
K 2HPO4,synonym,CHEBI:131527,K2HPO4,CHEBI:131527,MAPPED
K HPO,synonym,CHEBI:32030,KBr,CHEBI:32030,MAPPED
K-acetate,preferred_term,CHEBI:32029,K-acetate,CHEBI:32029,MAPPED
K-F,synonym,CHEBI:73605,KF,CHEBI:73605,MAPPED
K-phosphate buffer,preferred_term,UNMAPPED_0409,K-phosphate buffer,NCIT:C29321,UNMAPPED
K2CO3,preferred_term,CHEBI:131526,K2CO3,CHEBI:131526,MAPPED
K2CrO4,preferred_term,CHEBI:75249,K2CrO4,CHEBI:75249,MAPPED
K2HPO,synonym,CHEBI:131527,K2HPO4,CHEBI:131527,MAPPED
K2HPO4,preferred_term,CHEBI:131527,K2HPO4,CHEBI:131527,MAPPED
K2HPO4 x 3 H2O,preferred_term,CHEBI:131527,K2HPO4 x 3 H2O,CHEBI:131527,MAPPED
K2HPO4 x 3H2O,synonym,CHEBI:131527,K2HPO4 x 3 H2O,CHEBI:131527,MAPPED
K2HPO4 · 3 H2O,synonym,CHEBI:131527,K2HPO4 x 3 H2O,CHEBI:131527,MAPPED
K2HPO4(Sigma P 3786),synonym,CHEBI:131527,K2HPO4,CHEBI:131527,MAPPED
K2HPO4.3H2O,synonym,CHEBI:131527,K2HPO4 x 3 H2O,CHEBI:131527,MAPPED
K2HPO4x 3 H2O,synonym,CHEBI:131527,K2HPO4 x 3 H2O,CHEBI:131527,MAPPED
K2HPO4·3H2O,synonym,CHEBI:131527,K2HPO4 x 3 H2O,CHEBI:131527,MAPPED
K2HPO4・3H2O,synonym,CHEBI:131527,K2HPO4 x 3 H2O,CHEBI:131527,MAPPED
K2S4O6,preferred_term,CHEBI:86466,K2S4O6,CHEBI:86466,MAPPED
K2SO4,preferred_term,CHEBI:32036,K2SO4,CHEBI:32036,MAPPED
K2SO4 x 7 H2O,preferred_term,CHEBI:32036,K2SO4 x 7 H2O,CHEBI:32036,MAPPED
K2SO4·7H2O,synonym,CHEBI:32036,K2SO4 x 7 H2O,CHEBI:32036,MAPPED
K2SO4・7H2O,synonym,CHEBI:32036,K2SO4 x 7 H2O,CHEBI:32036,MAPPED
KAl(SO4)2,synonym,CHEBI:86463,AlK(SO4)2,CHEBI:86463,MAPPED
KAl(SO4)2 . 12H2O,synonym,CHEBI:86465,AlK(SO4)2 x 12 H2O,CHEBI:86465,MAPPED
KAl(SO4)2 x 12 H2O,synonym,CHEBI:86465,AlK(SO4)2 x 12 H2O,CHEBI:86465,MAPPED
KAl(SO4)2·12H2O,synonym,CHEBI:86465,AlK(SO4)2 x 12 H2O,CHEBI:86465,MAPPED
KAl(SO4)2・12H2O,synonym,CHEBI:86465,AlK(SO4)2 x 12 H2O,CHEBI:86465,MAPPED
Kalinite,synonym,CHEBI:86465,AlK(SO4)2 x 12 H2O,CHEBI:86465,MAPPED
Kaliumazetat,synonym,CHEBI:32029,K-acetate,CHEBI:32029,MAPPED
Kaliumbromid,synonym,CHEBI:32030,KBr,CHEBI:32030,MAPPED
Kaliumcarbonat,synonym,CHEBI:131526,K2CO3,CHEBI:131526,MAPPED
Kaliumchlorid,synonym,CHEBI:32588,KCl,CHEBI:32588,MAPPED
Kaliumhydroxid,synonym,CHEBI:32035,KOH,CHEBI:32035,MAPPED
Kaliumiodid,synonym,CHEBI:8346,KI,CHEBI:8346,MAPPED
Kaliumjodid,synonym,CHEBI:8346,KI,CHEBI:8346,MAPPED
Kaliumnitrat,synonym,CHEBI:63043,KNO3,CHEBI:63043,MAPPED
Kaliumsulfat,synonym,CHEBI:32036,K2SO4,CHEBI:32036,MAPPED
Kalziumkarbonat,synonym,CHEBI:3311,CaCO3,CHEBI:3311,MAPPED
Kalziumsulfat,synonym,CHEBI:31346,CaSO4,CHEBI:31346,MAPPED
Kanamycin,preferred_term,CHEBI:6104,Kanamycin,CHEBI:6104,MAPPED
Kanamycin A sulfate,synonym,CHEBI:6109,Kanamycin sulfate,CHEBI:6109,MAPPED
Kanamycin acid sulfate,synonym,CHEBI:6109,Kanamycin sulfate,CHEBI:6109,MAPPED
Kanamycin monosulfate,synonym,CHEBI:6109,Kanamycin sulfate,CHEBI:6109,MAPPED
Kanamycin sulfate,preferred_term,CHEBI:6109,Kanamycin sulfate,CHEBI:6109,MAPPED
Kanchanomycin,preferred_term,mesh:C001493,Kanchanomycin,mesh:C001493,MAPPED
Kao and Michayluk vitamin solution,preferred_term,kgmicrobe.ingredient:kao_and_michayluk_vitamin_solution,Kao and Michayluk vitamin solution,MICRO:0000460,MAPPED
Kaon-Cl 10,synonym,CHEBI:32588,KCl,CHEBI:32588,MAPPED
Kappaxin,synonym,CHEBI:28869,Menadione,CHEBI:28869,MAPPED
Karanjin,preferred_term,CHEBI:166631,Karanjin,CHEBI:166631,MAPPED
Karbamid,synonym,CHEBI:16199,Urea,CHEBI:16199,MAPPED
Karbolsaeure,synonym,CHEBI:15882,Phenol,CHEBI:15882,MAPPED
Kasugamycin,preferred_term,CHEBI:81419,Kasugamycin,CHEBI:81419,MAPPED
Kawain,preferred_term,CHEBI:6117,Kawain,CHEBI:6117,MAPPED
KBr,preferred_term,CHEBI:32030,KBr,CHEBI:32030,MAPPED
KCl,preferred_term,CHEBI:32588,KCl,CHEBI:32588,MAPPED
KCl (Fisher P 217),synonym,CHEBI:32588,KCl,CHEBI:32588,MAPPED
KCl(CAS: 7447-40-7),synonym,CHEBI:32588,KCl,CHEBI:32588,MAPPED
KCl(CAS:7447-40-7),synonym,CHEBI:32588,KCl,CHEBI:32588,MAPPED
KCl(Fisher P 217),synonym,CHEBI:32588,KCl,CHEBI:32588,MAPPED
Keratin,preferred_term,UNMAPPED_0821,Keratin,,UNMAPPED
Ketomycin,preferred_term,mesh:C008231,Ketomycin,mesh:C008231,MAPPED
KF,preferred_term,CHEBI:73605,KF,CHEBI:73605,MAPPED
KH PO,synonym,CHEBI:63036,KH2PO4,CHEBI:63036,MAPPED
KH2HPO4,synonym,CHEBI:131527,K2HPO4,CHEBI:131527,MAPPED
KH2PO3,preferred_term,UNMAPPED_0411,KH2PO3,,UNMAPPED
KH2PO4,preferred_term,CHEBI:63036,KH2PO4,CHEBI:63036,MAPPED
KH2PO4(Sigma P 0662),synonym,CHEBI:63036,KH2PO4,CHEBI:63036,MAPPED
Khayasin C,preferred_term,UNMAPPED_0191,Khayasin C,CHEBI:185858,UNMAPPED
KHCO3,preferred_term,CHEBI:81862,KHCO3,CHEBI:81862,MAPPED
KI,preferred_term,CHEBI:8346,KI,CHEBI:8346,MAPPED
Kieselsaeureanhydrid,synonym,CHEBI:30563,SiO2,CHEBI:30563,MAPPED
kijanimicin,preferred_term,CHEBI:220048,kijanimicin,CHEBI:220048,MAPPED
KJ,synonym,CHEBI:8346,KI,CHEBI:8346,MAPPED
Klor-con,synonym,CHEBI:32588,KCl,CHEBI:32588,MAPPED
Klotrix,synonym,CHEBI:32588,KCl,CHEBI:32588,MAPPED
KNO,synonym,CHEBI:63043,KNO3,CHEBI:63043,MAPPED
KNO2,preferred_term,CHEBI:232610,KNO2,CHEBI:232610,MAPPED
KNO3,preferred_term,CHEBI:63043,KNO3,CHEBI:63043,MAPPED
KOAc,synonym,CHEBI:32029,K-acetate,CHEBI:32029,MAPPED
Kobalt chlorid,synonym,CHEBI:35696,CoCl2,CHEBI:35696,MAPPED
Kobalt(II)-chlorid,synonym,CHEBI:35696,CoCl2,CHEBI:35696,MAPPED
Kobaltdichlorid,synonym,CHEBI:35696,CoCl2,CHEBI:35696,MAPPED
Kochsalz,synonym,CHEBI:26710,NaCl,CHEBI:26710,MAPPED
Koenzym A,synonym,CHEBI:15346,Coenzyme A,CHEBI:15346,MAPPED
KOH,preferred_term,CHEBI:32035,KOH,CHEBI:32035,MAPPED
kohlensaurer Kalk,synonym,CHEBI:3311,CaCO3,CHEBI:3311,MAPPED
Komplexon I,synonym,CHEBI:44557,Nitrilotriacetic acid,CHEBI:44557,MAPPED
Kongorot,synonym,CHEBI:34653,Congo red,CHEBI:34653,MAPPED
Kreatin,synonym,CHEBI:16919,Creatine,CHEBI:16919,MAPPED
Kreatinin,synonym,CHEBI:16737,Creatinine,CHEBI:16737,MAPPED
KRX-0502,synonym,CHEBI:144421,Fe(III) citrate,CHEBI:144421,MAPPED
KSCN,preferred_term,CHEBI:30951,KSCN,CHEBI:30951,MAPPED
L(+)-lactate,synonym,CHEBI:24996,Lactate,CHEBI:24996,MAPPED
L(+)-Tartaric acid,preferred_term,CHEBI:15671,L(+)-Tartaric acid,CHEBI:15671,MAPPED
L-(+)-alpha-Aminoisovaleric acid,synonym,CHEBI:16414,L-Valine,CHEBI:16414,MAPPED
L-(+)-arginine,synonym,CHEBI:16467,L-Arginine,CHEBI:16467,MAPPED
L-(+)-ascorbic acid,synonym,CHEBI:29073,L-Ascorbic acid,CHEBI:29073,MAPPED
L-(+)-Cysteine hydrochloride,synonym,CHEBI:91247,L-Cysteine HCl,CHEBI:91247,MAPPED
L-(+)-Ergothioneine,preferred_term,CHEBI:4828,L-(+)-Ergothioneine,CHEBI:4828,MAPPED
L-(+)-Erythrulose,preferred_term,CHEBI:23958,L-(+)-Erythrulose,CHEBI:23958,MAPPED
L-(+)-glutamine,synonym,CHEBI:18050,L-Glutamine,CHEBI:18050,MAPPED
L-(+)-lactate,synonym,CHEBI:24996,Lactate,CHEBI:24996,MAPPED
L-(-)-fucose,synonym,CHEBI:18287,L-Fucose,CHEBI:18287,MAPPED
L-(-)-histidine,synonym,CHEBI:15971,L-Histidine,CHEBI:15971,MAPPED
L-(-)-methionine,synonym,CHEBI:16643,L-Methionine,CHEBI:16643,MAPPED
L-(-)-proline,synonym,CHEBI:17203,L-Proline,CHEBI:17203,MAPPED
L-(-)-serine,synonym,CHEBI:17115,L-Serine,CHEBI:17115,MAPPED
L-(-)-sorbose,preferred_term,CHEBI:17266,L-(-)-sorbose,CHEBI:17266,MAPPED
L-(-)-Threonine,synonym,CHEBI:16857,L-Threonine,CHEBI:16857,MAPPED
L-(-)-tryptophan,synonym,CHEBI:16828,L-Tryptophan,CHEBI:16828,MAPPED
L--Cysteine HCl H2O,synonym,CHEBI:91248,L-Cysteine HCl x H2O,CHEBI:91248,MAPPED
L--Cysteine・HCL・H2O,synonym,CHEBI:91248,L-Cysteine hydrochloride monohydrate,CHEBI:91248,MAPPED
L--Cysteine・HCl・H2O,synonym,CHEBI:91248,L-Cysteine HCl x H2O,CHEBI:91248,MAPPED
L--cysteine・HCl・H2O,synonym,CHEBI:91248,L-Cysteine HCl x H2O,CHEBI:91248,MAPPED
"L-1,2-dithiolane 3-valeric acid",synonym,CHEBI:43796,α-lipoic acid,CHEBI:43796,MAPPED
L-15 medium,preferred_term,UNMAPPED_0414,L-15 medium,,UNMAPPED
L-15 powder,preferred_term,UNMAPPED_0415,L-15 powder,,UNMAPPED
"L-2,6-Diaminocaproic acid",synonym,CHEBI:18019,L-Lysine,CHEBI:18019,MAPPED
L-2-Amino-3-hydroxybutyric acid,synonym,CHEBI:16857,L-Threonine,CHEBI:16857,MAPPED
L-2-Amino-3-hydroxypropionic acid,synonym,CHEBI:17115,L-Serine,CHEBI:17115,MAPPED
L-2-Amino-3-mercaptopropionic acid,synonym,CHEBI:17561,L-Cysteine,CHEBI:17561,MAPPED
L-2-Amino-5-ureidovaleric acid,synonym,CHEBI:16349,L-Citrulline,CHEBI:16349,MAPPED
L-2-Aminobutyric acid,preferred_term,CHEBI:35619,L-2-Aminobutyric acid,CHEBI:35619,MAPPED
L-2-Aminoglutaramic acid,synonym,CHEBI:18050,L-Glutamine,CHEBI:18050,MAPPED
L-2-Aminopropionic acid,synonym,CHEBI:16977,L-Alanine,CHEBI:16977,MAPPED
L-2-aminosuccinamic acid,synonym,CHEBI:17196,L-Asparagine,CHEBI:17196,MAPPED
L-3-Hydroxy-2-aminopropionic acid,synonym,CHEBI:17115,L-Serine,CHEBI:17115,MAPPED
L-3-Hydroxy-alanine,synonym,CHEBI:17115,L-Serine,CHEBI:17115,MAPPED
L-4-Hydroxyproline,synonym,CHEBI:18095,Hydroxy-L-Proline,CHEBI:18095,MAPPED
"L-6,8-thioctic acid",synonym,CHEBI:43796,α-lipoic acid,CHEBI:43796,MAPPED
L-6-thioctic acid,synonym,CHEBI:43796,α-lipoic acid,CHEBI:43796,MAPPED
L-Alanin,synonym,CHEBI:16977,L-Alanine,CHEBI:16977,MAPPED
L-alaninamide,preferred_term,CHEBI:21217,L-alaninamide,CHEBI:21217,MAPPED
L-Alanine,preferred_term,CHEBI:16977,L-Alanine,CHEBI:16977,MAPPED
L-alanine 4-nitroanilide,preferred_term,UNMAPPED_0648,L-alanine 4-nitroanilide,,UNMAPPED
L-alanylglycine,preferred_term,CHEBI:73757,L-alanylglycine,CHEBI:73757,MAPPED
L-alliin,preferred_term,CHEBI:2596,L-alliin,CHEBI:2596,MAPPED
"L-alpha,epsilondiaminocaproic acid monohydrochloride",synonym,CHEBI:53633,L-Lysine HCl,CHEBI:53633,MAPPED
L-alpha-Alanine,synonym,CHEBI:16977,L-Alanine,CHEBI:16977,MAPPED
L-alpha-amino-beta-hydroxybutyric acid,synonym,CHEBI:16857,L-Threonine,CHEBI:16857,MAPPED
L-alpha-Amino-beta-methylbutyric acid,synonym,CHEBI:16414,L-Valine,CHEBI:16414,MAPPED
L-alpha-amino-gamma-methylmercaptobutyric acid,synonym,CHEBI:16643,L-Methionine,CHEBI:16643,MAPPED
L-alpha-Diamino-beta-dithiolactic acid,synonym,CHEBI:16283,L-Cystine,CHEBI:16283,MAPPED
L-alpha-Glycerophosphocholine,synonym,CHEBI:16870,sn-glycero-3-phosphocholine,CHEBI:16870,MAPPED
L-alpha-Glycerophosphorylcholine,synonym,CHEBI:16870,sn-glycero-3-phosphocholine,CHEBI:16870,MAPPED
L-alpha-Phosphatidylcholine,preferred_term,CHEBI:86658,L-alpha-Phosphatidylcholine,CHEBI:86658,MAPPED
L-alpha-pyrrolidinecarboxylic acid,synonym,CHEBI:17203,L-Proline,CHEBI:17203,MAPPED
l-Apfelsaure als natrium salz,synonym,CHEBI:91261,Sodium malate,CHEBI:91261,MAPPED
L-Arabinitol,synonym,CHEBI:18403,Arabitol,CHEBI:18403,MAPPED
L-arabino-pentose,synonym,CHEBI:30849,L-Arabinose,CHEBI:30849,MAPPED
L-Arabinol,synonym,CHEBI:18403,Arabitol,CHEBI:18403,MAPPED
L-Arabinose,preferred_term,CHEBI:30849,L-Arabinose,CHEBI:30849,MAPPED
L-Arabitol,synonym,CHEBI:18403,Arabitol,CHEBI:18403,MAPPED
L-arabitol (L-arabinitol),synonym,CHEBI:18403,Arabitol,CHEBI:18403,MAPPED
L-Arg,synonym,CHEBI:16467,L-Arginine,CHEBI:16467,MAPPED
L-Arginin,synonym,CHEBI:16467,L-Arginine,CHEBI:16467,MAPPED
L-Arginine,preferred_term,CHEBI:16467,L-Arginine,CHEBI:16467,MAPPED
L-Arginine x HCI,synonym,CHEBI:31235,L-Arginine x HCl,CHEBI:31235,MAPPED
L-Arginine x HCl,preferred_term,CHEBI:31235,L-Arginine x HCl,CHEBI:31235,MAPPED
L-Ascorbic acid,preferred_term,CHEBI:29073,L-Ascorbic acid,CHEBI:29073,MAPPED
L-ascorbic acid sodium salt,synonym,CHEBI:113451,Na-ascorbate,CHEBI:113451,MAPPED
"L-ascorbic acid, monosodium salt",synonym,CHEBI:113451,Na-ascorbate,CHEBI:113451,MAPPED
L-Asparagin,synonym,CHEBI:17196,L-Asparagine,CHEBI:17196,MAPPED
L-Asparagine,preferred_term,CHEBI:17196,L-Asparagine,CHEBI:17196,MAPPED
L-Asparagine monohydrate,preferred_term,cas:5794-13-8,L-Asparagine monohydrate,NCIT:C87433,MAPPED
L-Asparaginsaeure,synonym,CHEBI:17053,L-Aspartic acid,CHEBI:17053,MAPPED
L-aspartate,preferred_term,CHEBI:29991,L-aspartate,CHEBI:29991,MAPPED
L-Aspartic acid,preferred_term,CHEBI:17053,L-Aspartic acid,CHEBI:17053,MAPPED
L-aspartic acid beta-amide,synonym,CHEBI:17196,L-Asparagine,CHEBI:17196,MAPPED
L-Aspartic acid potassium salt,preferred_term,cas:1115-63-5,L-Aspartic acid potassium salt,CHEBI:17053,MAPPED
L-aspartic acid residue,synonym,CHEBI:29958,D,CHEBI:29958,MAPPED
L-Aspartic acid sodium salt monohydrate,preferred_term,cas:323194-76-9,L-Aspartic acid sodium salt monohydrate,CHEBI:17053,MAPPED
L-aspartic residue,synonym,CHEBI:29958,D,CHEBI:29958,MAPPED
L-aspartyl,synonym,CHEBI:29958,D,CHEBI:29958,MAPPED
L-beta-3-indolylalanine,synonym,CHEBI:16828,L-Tryptophan,CHEBI:16828,MAPPED
L-Carnitine,preferred_term,CHEBI:16347,L-Carnitine,CHEBI:16347,MAPPED
L-Carnitine hydrochloride,preferred_term,CHEBI:233463,L-Carnitine hydrochloride,CHEBI:233463,MAPPED
"L-Choline hydroxide 2,3-dihydroxypropyl hydrogen phosphate inner salt",synonym,CHEBI:16870,sn-glycero-3-phosphocholine,CHEBI:16870,MAPPED
L-Citrulline,preferred_term,CHEBI:16349,L-Citrulline,CHEBI:16349,MAPPED
L-Cysteic acid monohydrate,preferred_term,cas:23537-25-9,L-Cysteic acid monohydrate,CHEBI:17285,MAPPED
L-Cystein,synonym,CHEBI:17561,L-Cysteine,CHEBI:17561,MAPPED
L-Cysteine,preferred_term,CHEBI:17561,L-Cysteine,CHEBI:17561,MAPPED
L-Cysteine HCl,preferred_term,CHEBI:91247,L-Cysteine HCl,CHEBI:91247,MAPPED
L-Cysteine HCl monohydrate,synonym,CHEBI:91248,L-Cysteine HCl x H2O,CHEBI:91248,MAPPED
L-Cysteine HCl x H2O,preferred_term,CHEBI:91248,L-Cysteine HCl x H2O,CHEBI:91248,MAPPED
L-Cysteine HCl x H2O,synonym,CHEBI:91248,L-Cysteine hydrochloride monohydrate,CHEBI:91248,MAPPED
L-cysteine HCl.H2O,synonym,CHEBI:91248,L-Cysteine HCl x H2O,CHEBI:91248,MAPPED
L-cysteine HCl.H2O,synonym,CHEBI:91248,L-Cysteine hydrochloride monohydrate,CHEBI:91248,MAPPED
L-cysteine hydrochloride hydrate,synonym,CHEBI:91248,L-Cysteine HCl x H2O,CHEBI:91248,MAPPED
L-cysteine hydrochloride hydrate,synonym,CHEBI:91248,L-Cysteine hydrochloride monohydrate,CHEBI:91248,MAPPED
L-Cysteine hydrochloride monohydrate,preferred_term,CHEBI:91248,L-Cysteine hydrochloride monohydrate,CHEBI:91248,MAPPED
L-Cysteine hydrochloride monohydrate,synonym,CHEBI:91248,L-Cysteine HCl x H2O,CHEBI:91248,MAPPED
L-cysteine hydrochloride--water (1/1),synonym,CHEBI:91248,L-Cysteine HCl x H2O,CHEBI:91248,MAPPED
L-cysteine hydrochloride--water (1/1),synonym,CHEBI:91248,L-Cysteine hydrochloride monohydrate,CHEBI:91248,MAPPED
L-Cysteine monohydrate monochloride,synonym,CHEBI:91248,L-Cysteine HCl x H2O,CHEBI:91248,MAPPED
L-Cysteine monohydrate monochloride,synonym,CHEBI:91248,L-Cysteine hydrochloride monohydrate,CHEBI:91248,MAPPED
L-Cysteine monohydrochloride,synonym,CHEBI:91247,L-Cysteine HCl,CHEBI:91247,MAPPED
L-Cysteine x HCl x H2O solution,preferred_term,UNMAPPED_0416,L-Cysteine x HCl x H2O solution,,UNMAPPED
L-cysteine zwitterion,preferred_term,CHEBI:35235,L-cysteine zwitterion,CHEBI:35235,MAPPED
L-cysteine zwitterion,synonym,CHEBI:17561,L-Cysteine,CHEBI:17561,MAPPED
L-Cysteine-HCl x H2O,synonym,CHEBI:91248,L-Cysteine HCl x H2O,CHEBI:91248,MAPPED
L-Cysteine-HCl·H2O,synonym,CHEBI:91248,L-Cysteine HCl x H2O,CHEBI:91248,MAPPED
L-Cysteine・HCl・H2O,synonym,CHEBI:91248,L-Cysteine HCl x H2O,CHEBI:91248,MAPPED
L-Cysteine・HCl・H2O,synonym,CHEBI:91248,L-Cysteine hydrochloride monohydrate,CHEBI:91248,MAPPED
L-cysteinium chloride,synonym,CHEBI:91247,L-Cysteine HCl,CHEBI:91247,MAPPED
L-Cysteiniumchloride,synonym,CHEBI:91247,L-Cysteine HCl,CHEBI:91247,MAPPED
L-Cystine,preferred_term,CHEBI:16283,L-Cystine,CHEBI:16283,MAPPED
L-Deoxyalliin,preferred_term,CHEBI:74077,L-Deoxyalliin,CHEBI:74077,MAPPED
L-Dicysteine,synonym,CHEBI:16283,L-Cystine,CHEBI:16283,MAPPED
L-fructose,preferred_term,CHEBI:28120,L-fructose,CHEBI:28120,MAPPED
L-Fuc,synonym,CHEBI:18287,L-Fucose,CHEBI:18287,MAPPED
L-Fucose,preferred_term,CHEBI:18287,L-Fucose,CHEBI:18287,MAPPED
L-galacto-hexose,synonym,CHEBI:37618,L-Galactose,CHEBI:37618,MAPPED
L-galactomethylose,synonym,CHEBI:18287,L-Fucose,CHEBI:18287,MAPPED
L-galactonate,preferred_term,CHEBI:53071,L-galactonate,CHEBI:53071,MAPPED
L-galactonic Acid Gamma-lactone,preferred_term,CHEBI:17464,L-galactonic Acid Gamma-lactone,CHEBI:17464,MAPPED
L-Galactose,preferred_term,CHEBI:37618,L-Galactose,CHEBI:37618,MAPPED
L-gamma-glutamyl-L-cysteinylglycine,synonym,CHEBI:16856,Glutathione,CHEBI:16856,MAPPED
L-gamma-glutamyl-L-cysteinylglycine,synonym,CHEBI:16856,L-Glutathione,CHEBI:16856,REJECTED
L-Glu,synonym,CHEBI:16015,L-Glutamic acid,CHEBI:16015,MAPPED
L-Glutamate,synonym,CHEBI:16015,L-Glutamic acid,CHEBI:16015,MAPPED
L-glutamate,synonym,CHEBI:29988,Na-glutamate,CHEBI:29988,MAPPED
L-glutamate-gamma-3-carboxy-4-nitroanilide,preferred_term,UNMAPPED_0822,L-glutamate-gamma-3-carboxy-4-nitroanilide,,UNMAPPED
L-Glutamic acid,preferred_term,CHEBI:16015,L-Glutamic acid,CHEBI:16015,MAPPED
L-glutamic acid dianion,synonym,CHEBI:29988,Na-glutamate,CHEBI:29988,MAPPED
L-glutamic acid gamma-amide,synonym,CHEBI:18050,L-Glutamine,CHEBI:18050,MAPPED
L-Glutamic acid monopotassium salt monohydrate,preferred_term,cas:6382-01-0,L-Glutamic acid monopotassium salt monohydrate,CHEBI:16015,MAPPED
"L-Glutamic acid potassium salt monohydrate, L-Glutamic acid potassium salt",synonym,cas:6382-01-0,L-Glutamic acid monopotassium salt monohydrate,CHEBI:16015,MAPPED
L-Glutamin,synonym,CHEBI:18050,L-Glutamine,CHEBI:18050,MAPPED
L-Glutamine,preferred_term,CHEBI:18050,L-Glutamine,CHEBI:18050,MAPPED
L-Glutaminic acid,synonym,CHEBI:16015,L-Glutamic acid,CHEBI:16015,MAPPED
L-Glutaminsaeure,synonym,CHEBI:16015,L-Glutamic acid,CHEBI:16015,MAPPED
L-Glutaminsaeure-5-amid,synonym,CHEBI:18050,L-Glutamine,CHEBI:18050,MAPPED
L-Glutathione,synonym,CHEBI:16856,Glutathione,CHEBI:16856,MAPPED
L-Glutathione,preferred_term,CHEBI:16856,L-Glutathione,CHEBI:16856,REJECTED
L-Gulitol,synonym,CHEBI:17924,D-Sorbitol,CHEBI:17924,MAPPED
L-Histidin,synonym,CHEBI:15971,L-Histidine,CHEBI:15971,MAPPED
L-Histidine,preferred_term,CHEBI:15971,L-Histidine,CHEBI:15971,MAPPED
L-histidine 2-naphthylamide,preferred_term,CHEBI:90447,L-histidine 2-naphthylamide,CHEBI:90447,MAPPED
L-Histidine monohydrochloride monohydrate,preferred_term,cas:5934-29-2,L-Histidine monohydrochloride monohydrate,NCIT:C87334,MAPPED
L-Homoserine,preferred_term,CHEBI:15699,L-Homoserine,CHEBI:15699,MAPPED
L-inositol,preferred_term,CHEBI:27374,L-inositol,CHEBI:27374,MAPPED
L-Isoleucine,preferred_term,CHEBI:17191,L-Isoleucine,CHEBI:17191,MAPPED
L-lactate,synonym,CHEBI:24996,Lactate,CHEBI:24996,MAPPED
L-Leucin,synonym,CHEBI:15603,L-Leucine,CHEBI:15603,MAPPED
L-Leucine,preferred_term,CHEBI:15603,L-Leucine,CHEBI:15603,MAPPED
L-leucylglycine 2-naphthylamide,preferred_term,CHEBI:90741,L-leucylglycine 2-naphthylamide,CHEBI:90741,MAPPED
L-Leuzin,synonym,CHEBI:15603,L-Leucine,CHEBI:15603,MAPPED
L-Lys-L-Phe,synonym,CHEBI:73605,KF,CHEBI:73605,MAPPED
L-Lysin,synonym,CHEBI:18019,L-Lysine,CHEBI:18019,MAPPED
L-Lysine,preferred_term,CHEBI:18019,L-Lysine,CHEBI:18019,MAPPED
L-Lysine HCl,preferred_term,CHEBI:53633,L-Lysine HCl,CHEBI:53633,MAPPED
L-lysine hydrochloride,synonym,CHEBI:53633,L-Lysine HCl,CHEBI:53633,MAPPED
L-lysyl-L-phenylalanine,synonym,CHEBI:73605,KF,CHEBI:73605,MAPPED
L-Lyxitol,synonym,CHEBI:18403,Arabitol,CHEBI:18403,MAPPED
L-lyxose,preferred_term,CHEBI:62320,L-lyxose,CHEBI:62320,MAPPED
L-malate,preferred_term,CHEBI:15589,L-malate,CHEBI:15589,MAPPED
L-Malic acid,preferred_term,CHEBI:30797,L-Malic acid,CHEBI:30797,MAPPED
L-Malic acid disodium salt monohydrate,preferred_term,cas:207511-06-6,L-Malic acid disodium salt monohydrate,NCIT:C80654,MAPPED
"l-Malic acid, sodium salt",synonym,CHEBI:91261,Sodium malate,CHEBI:91261,MAPPED
L-Meta-tyrosine,preferred_term,cas:587-33-7,L-Meta-tyrosine,CHEBI:44303,MAPPED
L-Methionin,synonym,CHEBI:16643,L-Methionine,CHEBI:16643,MAPPED
L-Methionine,preferred_term,CHEBI:16643,L-Methionine,CHEBI:16643,MAPPED
L-myo-Inositol,synonym,CHEBI:17268,myo-Inositol,CHEBI:17268,MAPPED
L-norleucine,preferred_term,CHEBI:18347,L-norleucine,CHEBI:18347,MAPPED
L-Ornithine,preferred_term,CHEBI:15729,L-Ornithine,CHEBI:15729,MAPPED
L-Ornithine monochlorohydrate/ornithine,synonym,CHEBI:195690,L-ornithine monohydrochloride,CHEBI:195690,MAPPED
L-ornithine monohydrochloride,preferred_term,CHEBI:195690,L-ornithine monohydrochloride,CHEBI:195690,MAPPED
L-Phenylalanine,preferred_term,CHEBI:17295,L-Phenylalanine,CHEBI:17295,MAPPED
L-Pipecolic Acid,preferred_term,CHEBI:30913,L-Pipecolic Acid,CHEBI:30913,MAPPED
L-Prolin,synonym,CHEBI:17203,L-Proline,CHEBI:17203,MAPPED
L-Proline,preferred_term,CHEBI:17203,L-Proline,CHEBI:17203,MAPPED
L-proline 2-naphthylamide,preferred_term,CHEBI:90600,L-proline 2-naphthylamide,CHEBI:90600,MAPPED
L-proline-4-nitroanilide,preferred_term,UNMAPPED_0690,L-proline-4-nitroanilide,,UNMAPPED
L-Pyroglutamic acid,preferred_term,CHEBI:18183,L-Pyroglutamic acid,CHEBI:18183,MAPPED
L-pyroglutamic Acid 2-naphthylamide,preferred_term,CHEBI:90601,L-pyroglutamic Acid 2-naphthylamide,CHEBI:90601,MAPPED
L-pyrrolidine-2-carboxylic acid,synonym,CHEBI:17203,L-Proline,CHEBI:17203,MAPPED
L-Rhamnose,preferred_term,CHEBI:62345,L-Rhamnose,CHEBI:62345,MAPPED
L-Rhamnose monohydrate,preferred_term,cas:10030-85-0,L-Rhamnose monohydrate,CHEBI:62345,MAPPED
L-rhamnoses,synonym,CHEBI:62345,L-Rhamnose,CHEBI:62345,MAPPED
L-Ser,synonym,CHEBI:17115,L-Serine,CHEBI:17115,MAPPED
L-Serin,synonym,CHEBI:17115,L-Serine,CHEBI:17115,MAPPED
L-Serine,preferred_term,CHEBI:17115,L-Serine,CHEBI:17115,MAPPED
L-serine 2-naphthylamide,preferred_term,CHEBI:90603,L-serine 2-naphthylamide,CHEBI:90603,MAPPED
L-shikimic acid,synonym,CHEBI:16119,Shikimic Acid,CHEBI:16119,MAPPED
L-Sodium lactate,synonym,CHEBI:232798,Na-L-lactate,CHEBI:232798,MAPPED
L-Sodium lactate,synonym,CHEBI:867561,Sodium L-lactate,CHEBI:232798,REJECTED
L-Tartaric acid,synonym,CHEBI:15671,L(+)-Tartaric acid,CHEBI:15671,MAPPED
L-tartrate,synonym,CHEBI:30924,Na-tartrate,CHEBI:30924,MAPPED
L-threarate,synonym,CHEBI:30924,Na-tartrate,CHEBI:30924,MAPPED
L-threaric acid,synonym,CHEBI:15671,L(+)-Tartaric acid,CHEBI:15671,MAPPED
L-threo-4-hydroxyproline,synonym,CHEBI:18095,Hydroxy-L-Proline,CHEBI:18095,MAPPED
"L-threo-hex-2-enono-1,4-lactone",synonym,CHEBI:29073,L-Ascorbic acid,CHEBI:29073,MAPPED
L-Threonin,synonym,CHEBI:16857,L-Threonine,CHEBI:16857,MAPPED
L-Threonine,preferred_term,CHEBI:16857,L-Threonine,CHEBI:16857,MAPPED
L-Tryptophan,preferred_term,CHEBI:16828,L-Tryptophan,CHEBI:16828,MAPPED
L-Tyrosin,synonym,CHEBI:17895,L-Tyrosine,CHEBI:17895,MAPPED
L-Tyrosine,preferred_term,CHEBI:17895,L-Tyrosine,CHEBI:17895,MAPPED
L-tyrosine 2-naphthylamide,preferred_term,CHEBI:90607,L-tyrosine 2-naphthylamide,CHEBI:90607,MAPPED
L-tyrosine disodium salt,preferred_term,CHEBI:53696,L-tyrosine disodium salt,CHEBI:53696,MAPPED
L-Tyrosine sodium salt (1:2),synonym,CHEBI:53696,L-tyrosine disodium salt,CHEBI:53696,MAPPED
L-Valin,synonym,CHEBI:16414,L-Valine,CHEBI:16414,MAPPED
L-Valine,preferred_term,CHEBI:16414,L-Valine,CHEBI:16414,MAPPED
L-xylitol,synonym,CHEBI:17151,Xylitol,CHEBI:17151,MAPPED
L-xylo-hex-2-ulose,synonym,CHEBI:17266,L-(-)-sorbose,CHEBI:17266,MAPPED
L-Xylose,preferred_term,CHEBI:65328,L-Xylose,CHEBI:65328,MAPPED
L-Zystein,synonym,CHEBI:17561,L-Cysteine,CHEBI:17561,MAPPED
L-α-Phosphatidylcholine,synonym,CHEBI:86658,L-alpha-Phosphatidylcholine,CHEBI:86658,MAPPED
L-α-Phosphatidylinositol from Glycine max (soybean),preferred_term,cas:97281-52-2,L-α-Phosphatidylinositol from Glycine max (soybean),CHEBI:28874,MAPPED
Lab Lemco powder,preferred_term,UNMAPPED_0419,Lab Lemco powder,,UNMAPPED
Lab-Lemco beef extract,synonym,FOODON:03302088,Beef extract,FOODON:03302088,MAPPED
Lac,synonym,CHEBI:17716,Lactose,CHEBI:17716,MAPPED
Lacidipine,preferred_term,CHEBI:135737,Lacidipine,CHEBI:135737,MAPPED
Lactalbumin hydrolysate,preferred_term,MICRO:0001365,Lactalbumin hydrolysate,MICRO:0001365,MAPPED
Lactate,preferred_term,CHEBI:24996,Lactate,CHEBI:24996,MAPPED
Lactate (sodium salt),synonym,CHEBI:75228,Sodium lactate,CHEBI:75228,MAPPED
Lactic acid sodium salt,synonym,CHEBI:75228,Sodium lactate,CHEBI:75228,MAPPED
"Lactic acid, monosodium salt",synonym,CHEBI:75228,Sodium lactate,CHEBI:75228,MAPPED
Lactitol,preferred_term,CHEBI:75323,Lactitol,CHEBI:75323,MAPPED
Lacto-N-fucopentaose I,preferred_term,cas:7578-25-8,Lacto-N-fucopentaose I,mesh:C045442,MAPPED
Lacto-N-fucopentaose II,preferred_term,CHEBI:89932,Lacto-N-fucopentaose II,CHEBI:89932,MAPPED
Lacto-N-fucopentaose III,preferred_term,cas:25541-09-7,Lacto-N-fucopentaose III,mesh:C434666,MAPPED
Lacto-N-neotetraose,preferred_term,CHEBI:60239,Lacto-N-neotetraose,CHEBI:60239,MAPPED
Lacto-N-tetraose,preferred_term,cas:14116-68-8,Lacto-N-tetraose,CHEBI:30248,MAPPED
Lactobacilli MRS broth,preferred_term,UNMAPPED_0421,Lactobacilli MRS broth,,UNMAPPED
Lactobacillus MRS broth,preferred_term,UNMAPPED_0422,Lactobacillus MRS broth,,UNMAPPED
Lactone,preferred_term,CHEBI:25000,Lactone,CHEBI:25000,MAPPED
Lactose,preferred_term,CHEBI:17716,Lactose,CHEBI:17716,MAPPED
lactose,synonym,CHEBI:36218,Beta-Lactose,CHEBI:36218,MAPPED
Lactulose,preferred_term,CHEBI:6359,Lactulose,CHEBI:6359,MAPPED
Laevulose,synonym,CHEBI:15824,D-Fructose,CHEBI:15824,MAPPED
Laktobiose,synonym,CHEBI:17716,Lactose,CHEBI:17716,MAPPED
Laktose,synonym,CHEBI:17716,Lactose,CHEBI:17716,MAPPED
lambda(2)-tin(2+) dihydrate dichloride,synonym,CHEBI:78074,SnCl2 x 2 H2O,CHEBI:78074,MAPPED
Laminaribiose,preferred_term,CHEBI:18411,Laminaribiose,CHEBI:18411,MAPPED
Laminarin from Laminaria digitata,preferred_term,CHEBI:6364,Laminarin from Laminaria digitata,CHEBI:6364,MAPPED
LaNO33 x 6 H2O,preferred_term,UNMAPPED_0423,LaNO33 x 6 H2O,,UNMAPPED
Lanthanum (III) chloride,preferred_term,cas:20211-76-1,Lanthanum (III) chloride,CHEBI:231515,MAPPED
Lapachol,preferred_term,CHEBI:6377,Lapachol,CHEBI:6377,MAPPED
Larchwood xylan,preferred_term,UNMAPPED_0424,Larchwood xylan,,UNMAPPED
Lauric acid,preferred_term,CHEBI:30805,Lauric acid,CHEBI:30805,MAPPED
"Lauric acid, sodium salt",synonym,CHEBI:131839,Na-laurate,CHEBI:131839,MAPPED
Lawsone,preferred_term,CHEBI:44401,Lawsone,CHEBI:44401,MAPPED
LCFM Carbon mix,preferred_term,UNMAPPED_0297,LCFM Carbon mix,,UNMAPPED
lead (II) chloride,preferred_term,CHEBI:88212,lead (II) chloride,CHEBI:88212,MAPPED
Lead (II) nitrate,preferred_term,CHEBI:37187,Lead (II) nitrate,CHEBI:37187,MAPPED
lead dinitrate,synonym,CHEBI:37187,Lead (II) nitrate,CHEBI:37187,MAPPED
lead(2+) dichloride,synonym,CHEBI:88212,lead (II) chloride,CHEBI:88212,MAPPED
lead(2+) nitrate,synonym,CHEBI:37187,Lead (II) nitrate,CHEBI:37187,MAPPED
lead(II) nitrate,synonym,CHEBI:37187,Lead (II) nitrate,CHEBI:37187,MAPPED
Lecithin,preferred_term,CHEBI:61995,Lecithin,CHEBI:61995,MAPPED
Legionella agar enrichment,preferred_term,UNMAPPED_0124,Legionella agar enrichment,,UNMAPPED
Leimzucker,synonym,CHEBI:15428,Glycine,CHEBI:15428,MAPPED
Lemon,preferred_term,NCIT:C72005,Lemon,NCIT:C72005,MAPPED
Lentilan from mushroom,preferred_term,CHEBI:31770,Lentilan from mushroom,CHEBI:31770,MAPPED
Leptospira Medium Base EMJH,preferred_term,UNMAPPED_0426,Leptospira Medium Base EMJH,,UNMAPPED
Leucine,synonym,CHEBI:15603,L-Leucine,CHEBI:15603,MAPPED
Leucodin,preferred_term,CHEBI:4441,Leucodin,CHEBI:4441,MAPPED
Leucovorin calcium,synonym,CHEBI:31340,Ca-folinate,CHEBI:31340,MAPPED
Leupeptin,preferred_term,CHEBI:6426,Leupeptin,CHEBI:6426,MAPPED
Levan - from Erwinia herbicola,preferred_term,CHEBI:16703,Levan - from Erwinia herbicola,CHEBI:16703,MAPPED
Levodopa,preferred_term,CHEBI:15765,Levodopa,CHEBI:15765,MAPPED
Levofloxacin,preferred_term,CHEBI:63598,Levofloxacin,CHEBI:63598,MAPPED
Levoglutamide,synonym,CHEBI:18050,L-Glutamine,CHEBI:18050,MAPPED
Levomenthol,preferred_term,CHEBI:15409,Levomenthol,CHEBI:15409,MAPPED
Levorin,preferred_term,mesh:D002174,Levorin,mesh:D002174,MAPPED
Levulinic Acid,preferred_term,CHEBI:45630,Levulinic Acid,CHEBI:45630,MAPPED
Lichenan (icelandic moss),preferred_term,CHEBI:6452,Lichenan (icelandic moss),CHEBI:6452,MAPPED
LiCl,preferred_term,CHEBI:48607,LiCl,CHEBI:48607,MAPPED
Lignin,preferred_term,CHEBI:6457,Lignin,CHEBI:6457,MAPPED
Lignin alkali,preferred_term,cas:8068-05-1,Lignin alkali,cas:8068-05-1,MAPPED
Limocrocin,preferred_term,mesh:C079132,Limocrocin,mesh:C079132,MAPPED
Limonin,preferred_term,CHEBI:16226,Limonin,CHEBI:16226,MAPPED
Linalool,preferred_term,CHEBI:17580,Linalool,CHEBI:17580,MAPPED
Lincomycin,preferred_term,CHEBI:6472,Lincomycin,CHEBI:6472,MAPPED
Lincomycin hydrochloride,preferred_term,CHEBI:182465,Lincomycin hydrochloride,CHEBI:182465,MAPPED
Linezolid,preferred_term,CHEBI:63607,Linezolid,CHEBI:63607,MAPPED
Linsmaier & Skoog Medium including vitamins,preferred_term,UNMAPPED_0427,Linsmaier & Skoog Medium including vitamins,,UNMAPPED
Lipoate,synonym,CHEBI:16494,(DL)-alpha-Lipoic acid,CHEBI:16494,MAPPED
Lipoic acid,synonym,CHEBI:16494,(DL)-alpha-Lipoic acid,CHEBI:16494,MAPPED
liponic acid,synonym,CHEBI:16494,(DL)-alpha-Lipoic acid,CHEBI:16494,MAPPED
Lipopolysaccharide,preferred_term,CHEBI:16412,Lipopolysaccharide,CHEBI:16412,MAPPED
lipoprotein concentrate,preferred_term,UNMAPPED_0428,lipoprotein concentrate,,UNMAPPED
Liposomal Amphotericin B,synonym,CHEBI:2682,Amphotericin B,CHEBI:2682,MAPPED
Lipotril,synonym,CHEBI:133341,Choline chloride,CHEBI:133341,MAPPED
Liquid yeast extract (Flow),synonym,FOODON:03315426,Yeast extract,FOODON:03315426,MAPPED
lithii chloridum,synonym,CHEBI:48607,LiCl,CHEBI:48607,MAPPED
Lithium chloride hydrate,preferred_term,cas:85144-11-2,Lithium chloride hydrate,CHEBI:48607,MAPPED
lithium deoxyribonoate,synonym,cas:7284-15-3,2-Deoxy-D-ribonic acid lithium salt,CHEBI:86350,MAPPED
Lithiumchlorid,synonym,CHEBI:48607,LiCl,CHEBI:48607,MAPPED
Lithocholic acid,preferred_term,CHEBI:16325,Lithocholic acid,CHEBI:16325,MAPPED
Liver Concentrate,preferred_term,UNMAPPED_0429,Liver Concentrate,,UNMAPPED
Liver digest,preferred_term,MICRO:0001668,Liver digest,MICRO:0001668,MAPPED
Liver extract,preferred_term,MICRO:0001363,Liver extract,MICRO:0001363,MAPPED
Liver extract concentrate,preferred_term,MICRO:0001363,Liver extract concentrate,MICRO:0001363,MAPPED
Liver extract infusion,preferred_term,MICRO:0001363,Liver extract infusion,MICRO:0001363,MAPPED
LL-37,preferred_term,CHEBI:81664,LL-37,CHEBI:81664,MAPPED
LL17-29,preferred_term,UNMAPPED_0172,LL17-29,,UNMAPPED
Locust bean gum,preferred_term,cas:9000-40-2,Locust bean gum,FOODON:03413132,MAPPED
Lomefloxacin,preferred_term,CHEBI:116278,Lomefloxacin,CHEBI:116278,MAPPED
Lomefloxacin hydrochloride,preferred_term,CHEBI:6518,Lomefloxacin hydrochloride,CHEBI:6518,MAPPED
Lomofungin,preferred_term,CHEBI:224243,Lomofungin,CHEBI:224243,MAPPED
Loratadine,preferred_term,CHEBI:6538,Loratadine,CHEBI:6538,MAPPED
Lovastatin,preferred_term,CHEBI:40303,Lovastatin,CHEBI:40303,MAPPED
Lucimycin,preferred_term,CHEBI:135874,Lucimycin,CHEBI:135874,MAPPED
Lumazine,preferred_term,CHEBI:16489,Lumazine,CHEBI:16489,MAPPED
Lumichrome,preferred_term,CHEBI:17781,Lumichrome,CHEBI:17781,MAPPED
Lupeol,preferred_term,CHEBI:6570,Lupeol,CHEBI:6570,MAPPED
Luridin chloride,synonym,CHEBI:133341,Choline chloride,CHEBI:133341,MAPPED
Lydimycin,preferred_term,NCIT:C90684,Lydimycin,NCIT:C90684,MAPPED
Lys-Phe,synonym,CHEBI:73605,KF,CHEBI:73605,MAPPED
lysina,synonym,CHEBI:18019,L-Lysine,CHEBI:18019,MAPPED
Lysine,preferred_term,CHEBI:25094,Lysine,CHEBI:25094,MAPPED
Lysine acid,synonym,CHEBI:18019,L-Lysine,CHEBI:18019,MAPPED
lysinum,synonym,CHEBI:18019,L-Lysine,CHEBI:18019,MAPPED
Lysocellin,preferred_term,CHEBI:212437,Lysocellin,CHEBI:212437,MAPPED
Lysostaphin,preferred_term,CHEBI:753395,Lysostaphin,,UNMAPPED
Lysozyme,preferred_term,cas:2650-88-3,Lysozyme,FOODON:03413135,MAPPED
Lysylphenylalanine,synonym,CHEBI:73605,KF,CHEBI:73605,MAPPED
m-(aminocarbonyl)pyridine,synonym,CHEBI:17154,Nicotinamide,CHEBI:17154,MAPPED
m-dimethylbenzene,synonym,CHEBI:28488,m-Xylene,CHEBI:28488,MAPPED
m-Hydroxybenzoic acid,synonym,CHEBI:30764,3-Hydroxybenzoic acid,CHEBI:30764,MAPPED
m-Inositol,preferred_term,CHEBI:10642,m-Inositol,CHEBI:10642,MAPPED
m-methyltoluene,synonym,CHEBI:28488,m-Xylene,CHEBI:28488,MAPPED
m-pyridinecarboxylic acid,synonym,CHEBI:15940,Nicotinic acid,CHEBI:15940,MAPPED
m-salicylic acid,synonym,CHEBI:30764,3-Hydroxybenzoic acid,CHEBI:30764,MAPPED
m-Xylene,preferred_term,CHEBI:28488,m-Xylene,CHEBI:28488,MAPPED
m-Xylol,synonym,CHEBI:28488,m-Xylene,CHEBI:28488,MAPPED
Macro Component 1 for J Medium,preferred_term,UNMAPPED_0106,Macro Component 1 for J Medium,,UNMAPPED
Macro Component 2 for J medium,preferred_term,UNMAPPED_0107,Macro Component 2 for J medium,,UNMAPPED
Macrolide Antibiotic,preferred_term,CHEBI:25105,Macrolide Antibiotic,CHEBI:25105,MAPPED
Magainin I,preferred_term,CHEBI:201898,Magainin I,CHEBI:201898,MAPPED
magnesium 3-carboxy-3-hydroxypentanedioate,synonym,CHEBI:131389,Mg-citrate,CHEBI:131389,MAPPED
Magnesium acetate,preferred_term,CHEBI:62964,Magnesium acetate,CHEBI:62964,MAPPED
Magnesium chloride,preferred_term,CHEBI:86345,Magnesium chloride,CHEBI:86345,MAPPED
Magnesium chloride anhydrous,synonym,CHEBI:6636,MgCl2 x 7 H2O,CHEBI:6636,MAPPED
Magnesium chloride anhydrous,synonym,CHEBI:6636,MgCl2x 6 H2O,CHEBI:6636,MAPPED
magnesium chloride dihydrate,synonym,CHEBI:131394,MgCl2 x 2 H2O,CHEBI:131394,MAPPED
Magnesium chloride hexahydrate,synonym,CHEBI:86345,MgCl2 x 6 H2O,CHEBI:86345,MAPPED
Magnesium chloride hydrate,synonym,CHEBI:86345,MgCl2 x 6 H2O,CHEBI:86345,MAPPED
"Magnesium chloride, monohydrate",synonym,CHEBI:86355,MgCl2 x H2O,CHEBI:86355,MAPPED
Magnesium citrate dibasic,synonym,CHEBI:131389,Mg-citrate,CHEBI:131389,MAPPED
Magnesium di(acetate),synonym,CHEBI:62964,Magnesium acetate,CHEBI:62964,MAPPED
magnesium diacetate,synonym,CHEBI:62964,Magnesium acetate,CHEBI:62964,MAPPED
magnesium dichloride,synonym,CHEBI:6636,MgCl2,CHEBI:6636,MAPPED
magnesium dichloride dihydrate,synonym,CHEBI:131394,MgCl2 x 2 H2O,CHEBI:131394,MAPPED
magnesium dichloride hexahydrate,synonym,CHEBI:86345,MgCl2 x 6 H2O,CHEBI:86345,MAPPED
magnesium dichloride monohydrate,synonym,CHEBI:86355,MgCl2 x H2O,CHEBI:86355,MAPPED
magnesium dichloride--water (1/1),synonym,CHEBI:86355,MgCl2 x H2O,CHEBI:86355,MAPPED
magnesium dichloride--water (1/6),synonym,CHEBI:86345,Magnesium chloride,CHEBI:86345,MAPPED
magnesium dichloride--water (1/6),synonym,CHEBI:86345,MgCl2 x 6 H2O,CHEBI:86345,MAPPED
Magnesium hydrogen citrate,synonym,CHEBI:131389,Mg-citrate,CHEBI:131389,MAPPED
magnesium nitrate hexahydrate,preferred_term,cas:13446-18-9,magnesium nitrate hexahydrate,CHEBI:64736,MAPPED
Magnesium sulfate,preferred_term,CHEBI:32599,Magnesium sulfate,CHEBI:32599,MAPPED
Magnesium sulfate (1:1),synonym,CHEBI:32599,Magnesium sulfate,CHEBI:32599,MAPPED
magnesium sulfate (1:1) heptahydrate,synonym,CHEBI:31795,MgSO4 x 7 H2O,CHEBI:31795,MAPPED
magnesium sulfate (1:1) heptahydrate,synonym,CHEBI:31795,MgSO4·H2O,CHEBI:31795,MAPPED
Magnesium sulfate heptahydrate,synonym,CHEBI:31795,MgSO4 x 7 H2O,CHEBI:31795,MAPPED
magnesium sulfate--water (1/7),synonym,CHEBI:31795,MgSO4 x 7 H2O,CHEBI:31795,MAPPED
magnesium sulfate--water (1/7),synonym,CHEBI:31795,MgSO47H2O,CHEBI:31795,MAPPED
magnesium sulfate--water (1/7),synonym,CHEBI:31795,MgSO4·H2O,CHEBI:31795,MAPPED
magnesium sulphate heptahydrate,synonym,CHEBI:31795,MgSO4 x 7 H2O,CHEBI:31795,MAPPED
magnesium sulphate heptahydrate,synonym,CHEBI:31795,MgSO4·H2O,CHEBI:31795,MAPPED
Magnesium(2+),preferred_term,CHEBI:18420,Magnesium(2+),CHEBI:18420,MAPPED
Magnesiumchlorid,synonym,CHEBI:6636,MgCl2,CHEBI:6636,MAPPED
Magnesiumsulfat,synonym,CHEBI:32599,Magnesium sulfate,CHEBI:32599,MAPPED
Malachite green,preferred_term,CHEBI:72449,Malachite green,CHEBI:72449,MAPPED
malachite green chloride,synonym,CHEBI:72449,Malachite green,CHEBI:72449,MAPPED
malachite green chloride salt,synonym,CHEBI:72449,Malachite green,CHEBI:72449,MAPPED
Malate,preferred_term,CHEBI:25115,Malate,CHEBI:25115,MAPPED
malates,synonym,CHEBI:25115,Malate,CHEBI:25115,MAPPED
Maleic acid,preferred_term,CHEBI:18300,Maleic acid,CHEBI:18300,MAPPED
"Maleic acid, disodium salt",synonym,CHEBI:91263,Sodium maleate,CHEBI:91263,MAPPED
Malic acid,synonym,CHEBI:6650,DL-Malic acid,CHEBI:6650,MAPPED
malic acid anion,synonym,CHEBI:25115,Malate,CHEBI:25115,MAPPED
Malonamide,preferred_term,CHEBI:48537,Malonamide,CHEBI:48537,MAPPED
Malonate,preferred_term,CHEBI:15792,Malonate,CHEBI:15792,MAPPED
Malondialdehyde tetrabutylammonium salt,preferred_term,cas:100683-54-3,Malondialdehyde tetrabutylammonium salt,CHEBI:51992,MAPPED
Malonic acid,preferred_term,CHEBI:30794,Malonic acid,CHEBI:30794,MAPPED
Malt extract,preferred_term,FOODON:03301056,Malt extract,FOODON:03301056,MAPPED
Malt extract (BD--Difco),synonym,FOODON:03301056,Malt extract,FOODON:03301056,MAPPED
Malt extract (BD-Difco),synonym,FOODON:03301056,Malt extract,FOODON:03301056,MAPPED
Malt extract agar,preferred_term,kgmicrobe.ingredient:malt_extract_agar,Malt extract agar,FOODON:03301056,MAPPED
Malt Extract Agar (Nissui),preferred_term,kgmicrobe.ingredient:malt_extract_agar_~28nissui~29,Malt Extract Agar (Nissui),FOODON:03301056,MAPPED
Malt extract agar (Oxoid),preferred_term,kgmicrobe.ingredient:malt_extract_agar_~28oxoid~29,Malt extract agar (Oxoid),FOODON:03301056,MAPPED
Malt extract broth,preferred_term,kgmicrobe.ingredient:malt_extract_broth,Malt extract broth,FOODON:03301056,MAPPED
Malt extract powder,synonym,FOODON:03301056,Malt extract,FOODON:03301056,MAPPED
Malt extract(Sigma M-0383),synonym,FOODON:03301056,Malt extract,FOODON:03301056,MAPPED
Malt sugar,synonym,CHEBI:17306,Maltose,CHEBI:17306,MAPPED
Maltitol,preferred_term,CHEBI:68428,Maltitol,CHEBI:68428,MAPPED
Maltodextrin,preferred_term,CHEBI:25140,Maltodextrin,CHEBI:25140,MAPPED
Maltohexaose,preferred_term,CHEBI:27445,Maltohexaose,CHEBI:27445,MAPPED
Maltose,preferred_term,CHEBI:17306,Maltose,CHEBI:17306,MAPPED
maltose,preferred_term,CHEBI:18167,maltose,CHEBI:18167,MAPPED
Maltose Hydrate,preferred_term,kgmicrobe.compound:maltose_hydrate,Maltose Hydrate,CHEBI:17306,MAPPED
Maltose monohydrate,synonym,cas:6363-53-7,D-Maltose monohydrate,CHEBI:17306,MAPPED
Maltose x H2O,synonym,CHEBI:17306,Maltose,CHEBI:17306,MAPPED
Maltotetraose,preferred_term,CHEBI:28460,Maltotetraose,CHEBI:28460,MAPPED
Maltotriose,preferred_term,CHEBI:61993,Maltotriose,CHEBI:61993,MAPPED
Maltotriose hydrate,preferred_term,cas:312693-63-3,Maltotriose hydrate,CHEBI:61993,MAPPED
Malzzucker,synonym,CHEBI:17306,Maltose,CHEBI:17306,MAPPED
Man Rogosa Sharp broth,preferred_term,UNMAPPED_0432,Man Rogosa Sharp broth,,UNMAPPED
Mandelic acid,preferred_term,CHEBI:35825,Mandelic acid,CHEBI:35825,MAPPED
Mangandichlorid,synonym,CHEBI:63041,MnCl2,CHEBI:63041,MAPPED
Mangandioxid,synonym,CHEBI:136511,MnO2,CHEBI:136511,MAPPED
Manganese,preferred_term,NCIT:C624,Manganese,NCIT:C624,MAPPED
Manganese (II) chloride tetrahydrate,synonym,CHEBI:86368,MnCl2 x 4 H2O,CHEBI:86368,MAPPED
Manganese bichloride,synonym,CHEBI:63041,MnCl2,CHEBI:63041,MAPPED
manganese binoxide,synonym,CHEBI:136511,MnO2,CHEBI:136511,MAPPED
Manganese chloride,synonym,CHEBI:63041,MnCl2,CHEBI:63041,MAPPED
manganese chloride,synonym,CHEBI:63041,MnCl2,CHEBI:63041,MAPPED
manganese chloride dihydrate,synonym,CHEBI:131395,MnCl2 x 2 H2O,CHEBI:131395,MAPPED
Manganese chloride tetrahydrate,synonym,CHEBI:86368,MnCl2 x 4 H2O,CHEBI:86368,MAPPED
manganese dichloride,synonym,CHEBI:63041,MnCl2,CHEBI:63041,MAPPED
manganese dichloride dihydrate,synonym,CHEBI:131395,MnCl2 x 2 H2O,CHEBI:131395,MAPPED
Manganese dichloride tetrahydrate,synonym,CHEBI:86368,MnCl2 x 4 H2O,CHEBI:86368,MAPPED
manganese dioxide,synonym,CHEBI:136511,MnO2,CHEBI:136511,MAPPED
Manganese monosulfate,synonym,CHEBI:86360,MnSO4,CHEBI:86360,MAPPED
manganese peroxide,synonym,CHEBI:136511,MnO2,CHEBI:136511,MAPPED
Manganese sulfate,synonym,CHEBI:86364,MnSO4 x H2O,CHEBI:86364,MAPPED
Manganese sulfate anhydrous,synonym,CHEBI:86360,MnSO4 x 1 H2O,CHEBI:86360,MAPPED
Manganese sulfate anhydrous,synonym,CHEBI:86360,MnSO4 x 7 H2O,CHEBI:86360,MAPPED
Manganese sulfate hydrate,synonym,CHEBI:86364,MnSO4 x H2O,CHEBI:86364,MAPPED
Manganese sulfate monohydrate,synonym,CHEBI:86364,MnSO4 x H2O,CHEBI:86364,MAPPED
Manganese sulfate tetrahydrate,synonym,CHEBI:86358,MnSO4 x 4 H2O,CHEBI:86358,MAPPED
Manganese sulphate,synonym,CHEBI:86360,MnSO4,CHEBI:86360,MAPPED
"Manganese sulphate, tetrahydrate",synonym,CHEBI:86358,MnSO4 x 4 H2O,CHEBI:86358,MAPPED
manganese superoxide,synonym,CHEBI:136511,MnO2,CHEBI:136511,MAPPED
manganese(2+) chloride dihydrate,synonym,CHEBI:131395,MnCl2 x 2 H2O,CHEBI:131395,MAPPED
manganese(2+) chloride tetrahydrate,synonym,CHEBI:86368,MnCl2 x 4 H2O,CHEBI:86368,MAPPED
manganese(2+) chloride--water (1/2),synonym,CHEBI:131395,MnCl2 x 2 H2O,CHEBI:131395,MAPPED
manganese(2+) chloride--water (1/4),synonym,CHEBI:86368,MnCl2 x 4 H2O,CHEBI:86368,MAPPED
manganese(2+) dichloride,synonym,CHEBI:63041,MnCl2,CHEBI:63041,MAPPED
manganese(2+) sulfate,synonym,CHEBI:86360,MnSO4,CHEBI:86360,MAPPED
manganese(2+) sulfate,synonym,CHEBI:86360,MnSO4 x 1 H2O,CHEBI:86360,MAPPED
manganese(2+) sulfate,synonym,CHEBI:86360,MnSO4 x 7 H2O,CHEBI:86360,MAPPED
manganese(2+) sulfate dihydrate,synonym,CHEBI:86356,MnSO4 x 2 H2O,CHEBI:86356,MAPPED
manganese(2+) sulfate hexahydrate,synonym,CHEBI:131523,MnSO4 x 6 H2O,CHEBI:131523,MAPPED
manganese(2+) sulfate monohydrate,synonym,CHEBI:86364,MnSO4 x H2O,CHEBI:86364,MAPPED
manganese(2+) sulfate pentahydrate,synonym,CHEBI:131524,MnSO4 x 5 H2O,CHEBI:131524,MAPPED
manganese(2+) sulfate tetrahydrate,synonym,CHEBI:86358,MnSO4 x 4 H2O,CHEBI:86358,MAPPED
manganese(2+) sulfate--water (1/1),synonym,CHEBI:86364,MnSO4 x H2O,CHEBI:86364,MAPPED
manganese(2+) sulfate--water (1/2),synonym,CHEBI:86356,MnSO4 x 2 H2O,CHEBI:86356,MAPPED
manganese(2+) sulfate--water (1/4),synonym,CHEBI:86358,MnSO4 x 4 H2O,CHEBI:86358,MAPPED
manganese(2+) sulfate--water (1/5),synonym,CHEBI:131524,MnSO4 x 5 H2O,CHEBI:131524,MAPPED
manganese(2+) sulfate--water (1/6),synonym,CHEBI:131523,MnSO4 x 6 H2O,CHEBI:131523,MAPPED
manganese(2+) sulphate,synonym,CHEBI:86360,MnSO4,CHEBI:86360,MAPPED
manganese(2+) sulphate dihydrate,synonym,CHEBI:86356,MnSO4 x 2 H2O,CHEBI:86356,MAPPED
manganese(2+) sulphate hexahydrate,synonym,CHEBI:131523,MnSO4 x 6 H2O,CHEBI:131523,MAPPED
manganese(2+) sulphate monohydrate,synonym,CHEBI:86364,MnSO4 x H2O,CHEBI:86364,MAPPED
manganese(2+) sulphate pentahydrate,synonym,CHEBI:131524,MnSO4 x 5 H2O,CHEBI:131524,MAPPED
manganese(2+) sulphate tetrahydrate,synonym,CHEBI:86358,MnSO4 x 4 H2O,CHEBI:86358,MAPPED
manganese(II) chloride,synonym,CHEBI:63041,MnCl2,CHEBI:63041,MAPPED
manganese(II) chloride,synonym,UNMAPPED_0450,MnCl4 x 6 H2O,,UNMAPPED
Manganese(II) chloride (1:2),synonym,CHEBI:63041,MnCl2,CHEBI:63041,MAPPED
manganese(II) chloride dihydrate,synonym,CHEBI:131395,MnCl2 x 2 H2O,CHEBI:131395,MAPPED
manganese(II) chloride tetrahydrate,synonym,CHEBI:86368,MnCl2 x 4 H2O,CHEBI:86368,MAPPED
manganese(II) dichloride,synonym,CHEBI:63041,MnCl2,CHEBI:63041,MAPPED
manganese(II) sulfate,synonym,CHEBI:86360,MnSO4,CHEBI:86360,MAPPED
manganese(II) sulfate dihydrate,synonym,CHEBI:86356,MnSO4 x 2 H2O,CHEBI:86356,MAPPED
manganese(II) sulfate hexahydrate,synonym,CHEBI:131523,MnSO4 x 6 H2O,CHEBI:131523,MAPPED
manganese(II) sulfate monohydrate,synonym,CHEBI:86364,MnSO4 x H2O,CHEBI:86364,MAPPED
manganese(II) sulfate pentahydrate,synonym,CHEBI:131524,MnSO4 x 5 H2O,CHEBI:131524,MAPPED
Manganese(II) sulfate tetrahydrate,synonym,CHEBI:86358,MnSO4 x 4 H2O,CHEBI:86358,MAPPED
manganese(II) sulphate,synonym,CHEBI:86360,MnSO4,CHEBI:86360,MAPPED
manganese(II) sulphate dihydrate,synonym,CHEBI:86356,MnSO4 x 2 H2O,CHEBI:86356,MAPPED
manganese(II) sulphate hexahydrate,synonym,CHEBI:131523,MnSO4 x 6 H2O,CHEBI:131523,MAPPED
manganese(II) sulphate monohydrate,synonym,CHEBI:86364,MnSO4 x H2O,CHEBI:86364,MAPPED
manganese(II) sulphate pentahydrate,synonym,CHEBI:131524,MnSO4 x 5 H2O,CHEBI:131524,MAPPED
manganese(II) sulphate tetrahydrate,synonym,CHEBI:86358,MnSO4 x 4 H2O,CHEBI:86358,MAPPED
manganese(IV) dioxide,synonym,CHEBI:136511,MnO2,CHEBI:136511,MAPPED
manganese(IV) oxide,synonym,CHEBI:136511,MnO2,CHEBI:136511,MAPPED
Manganese-NTA,preferred_term,UNMAPPED_0155,Manganese-NTA,,UNMAPPED
Manganous chloride,synonym,CHEBI:63041,MnCl2,CHEBI:63041,MAPPED
Manganous chloride tetrahydrate,synonym,CHEBI:86368,MnCl2 x 4 H2O,CHEBI:86368,MAPPED
manganous dichloride,synonym,CHEBI:63041,MnCl2,CHEBI:63041,MAPPED
Manganous sulfate,synonym,CHEBI:86360,MnSO4,CHEBI:86360,MAPPED
Manganous sulfate monohydrate,synonym,CHEBI:86364,MnSO4 x H2O,CHEBI:86364,MAPPED
Mangiferin,preferred_term,CHEBI:6682,Mangiferin,CHEBI:6682,MAPPED
manna sugar,synonym,CHEBI:16899,D-Mannitol,CHEBI:16899,MAPPED
Mannan from Saccharomyces cerevisiae,preferred_term,cas:9036-88-8,Mannan from Saccharomyces cerevisiae,NCIT:C14271,MAPPED
mannite,synonym,CHEBI:16899,D-Mannitol,CHEBI:16899,MAPPED
Mannitol,preferred_term,CHEBI:29864,Mannitol,CHEBI:29864,MAPPED
Mannitol,synonym,CHEBI:16899,D-Mannitol,CHEBI:16899,MAPPED
Mannobiose,preferred_term,CHEBI:25164,Mannobiose,CHEBI:25164,MAPPED
Mannose,preferred_term,CHEBI:37684,Mannose,CHEBI:37684,MAPPED
Mannose-6-Phosphate,preferred_term,CHEBI:17369,Mannose-6-Phosphate,CHEBI:17369,MAPPED
Mannotriose,preferred_term,CHEBI:146181,Mannotriose,CHEBI:146181,MAPPED
Margaric acid,synonym,CHEBI:32365,heptadecanoic acid,CHEBI:32365,MAPPED
Marine Broth,preferred_term,UNMAPPED_0433,Marine Broth,,UNMAPPED
Marine broth 2216,preferred_term,UNMAPPED_0434,Marine broth 2216,,UNMAPPED
Marinostatin,preferred_term,CHEBI:221095,Marinostatin,CHEBI:221095,MAPPED
Marmite,preferred_term,mesh:C008328,Marmite,mesh:C008328,MAPPED
mascagnite,synonym,CHEBI:62946,(NH4)2SO4,CHEBI:62946,MAPPED
Matamycin,synonym,CHEBI:157683,Althiomycin,CHEBI:157683,MAPPED
Matrine,preferred_term,CHEBI:6700,Matrine,CHEBI:6700,MAPPED
Mc_general_salts,preferred_term,UNMAPPED_0269,Mc_general_salts,,UNMAPPED
Mc_general_salts_SO4free,preferred_term,UNMAPPED_0300,Mc_general_salts_SO4free,,UNMAPPED
Mc_trace_minerals,preferred_term,UNMAPPED_0311,Mc_trace_minerals,,UNMAPPED
Mc_trace_minerals_SO4free,preferred_term,UNMAPPED_0276,Mc_trace_minerals_SO4free,,UNMAPPED
Mc_vitamins,preferred_term,UNMAPPED_0288,Mc_vitamins,,UNMAPPED
Me3N.HCl,synonym,CHEBI:64700,Trimethylamine-HCl,CHEBI:64700,MAPPED
Meat Extract,preferred_term,FOODON:03315424,Meat Extract,FOODON:03315424,MAPPED
Meat infusion,preferred_term,UNMAPPED_0436,Meat infusion,,UNMAPPED
Meat peptone,preferred_term,MICRO:0000176,Meat peptone,MICRO:0000176,MAPPED
Meat peptone,synonym,MICRO:0000178,Bacto peptone,MICRO:0000178,MAPPED
Meat sugar,synonym,CHEBI:17268,myo-Inositol,CHEBI:17268,MAPPED
MeCH(OH)CO2 anion,synonym,CHEBI:24996,Lactate,CHEBI:24996,MAPPED
Mecillinam,preferred_term,CHEBI:51208,Mecillinam,CHEBI:51208,MAPPED
MeCO2 anion,synonym,CHEBI:30089,Acetate,CHEBI:30089,MAPPED
MeCO2H,synonym,CHEBI:15366,Acetic acid,CHEBI:15366,MAPPED
MeCO2K,synonym,CHEBI:32029,K-acetate,CHEBI:32029,MAPPED
MeCOOH,synonym,CHEBI:15366,Acetic acid,CHEBI:15366,MAPPED
Medicamycin,preferred_term,UNMAPPED_0827,Medicamycin,,UNMAPPED
Mediject L,synonym,CHEBI:75228,Sodium lactate,CHEBI:75228,MAPPED
Melanin,preferred_term,CHEBI:89634,Melanin,CHEBI:89634,MAPPED
Melezitose,preferred_term,CHEBI:6731,Melezitose,CHEBI:6731,MAPPED
Melibiose,preferred_term,CHEBI:28053,Melibiose,CHEBI:28053,MAPPED
Melitose,synonym,CHEBI:16634,Raffinose,CHEBI:16634,MAPPED
Melitriose,synonym,CHEBI:16634,Raffinose,CHEBI:16634,MAPPED
MEM alpha Modification,preferred_term,UNMAPPED_0437,MEM alpha Modification,,UNMAPPED
MEM-Medium,preferred_term,UNMAPPED_0438,MEM-Medium,,UNMAPPED
menadion,synonym,CHEBI:28869,Menadione,CHEBI:28869,MAPPED
Menadione,preferred_term,CHEBI:28869,Menadione,CHEBI:28869,MAPPED
Menadione sodium bisulfate,preferred_term,CHEBI:63928,Menadione sodium bisulfate,CHEBI:63928,MAPPED
Menadione solution,preferred_term,UNMAPPED_0439,Menadione solution,,UNMAPPED
menaphthon,synonym,CHEBI:28869,Menadione,CHEBI:28869,MAPPED
menaphthone,synonym,CHEBI:28869,Menadione,CHEBI:28869,MAPPED
Menaquinone,preferred_term,CHEBI:16374,Menaquinone,CHEBI:16374,MAPPED
menaquinone 0,synonym,CHEBI:28869,Menadione,CHEBI:28869,MAPPED
MeNH2,synonym,CHEBI:16830,Methylamine,CHEBI:16830,MAPPED
Menthol,preferred_term,cas:1490-04-6,Menthol,CHEBI:25187,MAPPED
MeOH,synonym,CHEBI:17790,Methanol,CHEBI:17790,MAPPED
Mephyton,synonym,CHEBI:18067,Vitamin K1,CHEBI:18067,MAPPED
"Mercaptoacetic acid, sodium salt",synonym,CHEBI:86481,Na-thioglycolate,CHEBI:86481,MAPPED
Mercaptoethanol,synonym,CHEBI:41218,2-Mercaptoethanol,CHEBI:41218,MAPPED
mercury (II) chloride,preferred_term,CHEBI:31823,mercury (II) chloride,CHEBI:31823,MAPPED
mercury(2+) chloride,synonym,CHEBI:31823,mercury (II) chloride,CHEBI:31823,MAPPED
mercury(II) chloride,synonym,CHEBI:31823,mercury (II) chloride,CHEBI:31823,MAPPED
Meropenem,preferred_term,CHEBI:43968,Meropenem,CHEBI:43968,MAPPED
MES,preferred_term,CHEBI:39010,MES,CHEBI:39010,MAPPED
MES (2-[N-Morpholino]ethane sulfonic acid),synonym,CHEBI:39005,MES [2-(N-morpholino) ethane sulfonic acid],CHEBI:39005,MAPPED
MES (2-Morpholinoethanesulfonic acid),synonym,CHEBI:39005,MES [2-(N-morpholino) ethane sulfonic acid],CHEBI:39005,MAPPED
MES [2-(N-morpholino) ethane sulfonic acid],preferred_term,CHEBI:39005,MES [2-(N-morpholino) ethane sulfonic acid],CHEBI:39005,MAPPED
MES acids,synonym,CHEBI:39005,MES [2-(N-morpholino) ethane sulfonic acid],CHEBI:39005,MAPPED
MES buffer,preferred_term,UNMAPPED_0440,MES buffer,,UNMAPPED
MES Hydrat,preferred_term,UNMAPPED_0441,MES Hydrat,,UNMAPPED
MES sodium salt,preferred_term,CHEBI:62955,MES sodium salt,CHEBI:62955,MAPPED
MES-Na,synonym,CHEBI:62955,MES sodium salt,CHEBI:62955,MAPPED
MESO-ERYTHRITOL,synonym,CHEBI:17113,meso-Erythritol,CHEBI:17113,MAPPED
meso-Erythritol,preferred_term,CHEBI:17113,meso-Erythritol,CHEBI:17113,MAPPED
meso-galactaric acid,synonym,CHEBI:30852,Mucic acid,CHEBI:30852,MAPPED
meso-xylitol,synonym,CHEBI:17151,Xylitol,CHEBI:17151,MAPPED
meta-xylene,synonym,CHEBI:28488,m-Xylene,CHEBI:28488,MAPPED
metacetonic acid,synonym,CHEBI:30768,Propionic acid,CHEBI:30768,MAPPED
Metall salt sol. 44,preferred_term,UNMAPPED_0442,Metall salt sol. 44,,UNMAPPED
Methacycline,preferred_term,CHEBI:6805,Methacycline,CHEBI:6805,MAPPED
Methanamine,synonym,CHEBI:16830,Methylamine,CHEBI:16830,MAPPED
"Methanamine, hydrochloride (1:1)",synonym,CHEBI:59337,Methylamine hydrochloride,CHEBI:59337,MAPPED
methanaminium chloride,synonym,CHEBI:59337,Methylamine hydrochloride,CHEBI:59337,MAPPED
methane,preferred_term,CHEBI:16183,methane,CHEBI:16183,MAPPED
Methanecarboxylic acid,synonym,CHEBI:15366,Acetic acid,CHEBI:15366,MAPPED
methanedione,synonym,CHEBI:16526,Carbon dioxide gas,CHEBI:16526,MAPPED
Methanoic acid,synonym,CHEBI:30751,Formic acid,CHEBI:30751,MAPPED
Methanol,preferred_term,CHEBI:17790,Methanol,CHEBI:17790,MAPPED
Methanol-utilizing bacteria medium B,preferred_term,UNMAPPED_0443,Methanol-utilizing bacteria medium B,,UNMAPPED
Methicillin,preferred_term,CHEBI:6827,Methicillin,CHEBI:6827,MAPPED
Methionin,synonym,CHEBI:16811,DL-methionine,CHEBI:16811,MAPPED
METHIONINE,synonym,CHEBI:16643,L-Methionine,CHEBI:16643,MAPPED
methoic acid,synonym,CHEBI:30751,Formic acid,CHEBI:30751,MAPPED
Methotrexate,preferred_term,CHEBI:44185,Methotrexate,CHEBI:44185,MAPPED
Methoxymethane,synonym,cas:5728-44-9,Apigenin Dimethyl Ether,CHEBI:28887,MAPPED
Methyamine,preferred_term,UNMAPPED_0762,Methyamine,,UNMAPPED
methyl (2E)-3-(4-hydroxy-3-methoxyphenyl)prop-2-enoate,synonym,cas:22329-76-6,methyl ferulate,CHEBI:67379,MAPPED
Methyl (R)-lactate,preferred_term,CHEBI:74611,Methyl (R)-lactate,CHEBI:74611,MAPPED
"methyl 1-methyl-3,6-dihydro-2H-pyridine-5-carboxylate;hydrobromide",synonym,CHEBI:233150,Arecoline Hydrobromide,CHEBI:233150,MAPPED
"methyl 2-[(1S,3S,7R,8R,9R,12S,13S)-13-(uran-3-yl)-6,6,8,12-tetramethyl-17-methylidene-5,15-dioxo-2,14-dioxatetracyclo[7.7.1.01,12.03,8]heptadecan-7-yl]-2-hydroxyacetate",synonym,CHEBI:181871,Methyl 6-Hydroxyangolensate,CHEBI:181871,MAPPED
"methyl 2-[3-[(3E,5E)-7-(2,4-dioxopyrrolidin-3-ylidene)-7-hydroxy-4-methylhepta-3,5-dien-2-yl]-1,4-dimethyl-6-oxospiro[2,9-dioxabicyclo[3.3.1]nonane-8,3'-oxirane]-2'-yl]propanoate",synonym,CHEBI:219652,nocamycin,CHEBI:219652,MAPPED
"methyl 2-{[(4-methoxy-6-methyl-1,3,5-triazin-2-yl)(methyl)carbamoyl]sulfamoyl}benzoate",synonym,CHEBI:9678,Tribenuron-methyl,CHEBI:9678,MAPPED
methyl 3-(4-hydroxyphenyl)prop-2-enoate,synonym,CHEBI:86904,methyl-cis-p-coumarate,CHEBI:86904,MAPPED
methyl 3-(4-hydroxyphenyl)propanoate,synonym,CHEBI:176565,Methyl 3-(4-hydroxyphenyl)propionate,CHEBI:176565,MAPPED
Methyl 3-(4-hydroxyphenyl)propionate,preferred_term,CHEBI:176565,Methyl 3-(4-hydroxyphenyl)propionate,CHEBI:176565,MAPPED
methyl 3-keto-a-D-glucopyranoside,preferred_term,UNMAPPED_0233,methyl 3-keto-a-D-glucopyranoside,,UNMAPPED
Methyl 6-Hydroxyangolensate,preferred_term,CHEBI:181871,Methyl 6-Hydroxyangolensate,CHEBI:181871,MAPPED
Methyl alcohol,synonym,CHEBI:17790,Methanol,CHEBI:17790,MAPPED
Methyl alpha-D-glucopyranoside,preferred_term,CHEBI:320061,Methyl alpha-D-glucopyranoside,CHEBI:320061,MAPPED
Methyl Alpha-D-mannoside,preferred_term,CHEBI:43943,Methyl Alpha-D-mannoside,CHEBI:43943,MAPPED
Methyl beta-D-galactopyranoside,synonym,CHEBI:17540,Methyl-B-D-galactopyranoside,CHEBI:17540,MAPPED
Methyl beta-D-glucopyranoside,preferred_term,CHEBI:320055,Methyl beta-D-glucopyranoside,CHEBI:320055,MAPPED
Methyl Beta-D-xylopyranoside,preferred_term,CHEBI:74863,Methyl Beta-D-xylopyranoside,CHEBI:74863,MAPPED
Methyl D-glucoside,preferred_term,CHEBI:37657,Methyl D-glucoside,CHEBI:37657,MAPPED
methyl ferulate,preferred_term,cas:22329-76-6,methyl ferulate,CHEBI:67379,MAPPED
methyl jasmonate,preferred_term,CHEBI:15929,methyl jasmonate,CHEBI:15929,MAPPED
Methyl methanesulfonate,preferred_term,CHEBI:25255,Methyl methanesulfonate,CHEBI:25255,MAPPED
"methyl N-[(2R,3R,4S,6R)-6-[[(1S,3R,6S,7E,9S,11E,13S,16S,17S,18S,20S,21R,22S,23E)-17-[(2R,4R,5S,6S)-4-[(2S,6S)-4-[(2S,4S,5R,6S)-4,5-dihydroxy-6-methyloxan-2-yl]oxy-5-[(2R,4R,5R,6S)-4-hydroxy-5-methoxy-6-methyloxan-2-yl]oxy-6-methyloxan-2-yl]oxy-5-hydroxy-6-methyloxan-2-yl]oxy-23-hydroxy-4-(hydroxymethyl)-3,8,12,18,20,22-hexamethyl-25,27-dioxo-26-oxapentacyclo[22.2.1.01,6.013,22.016,21]heptacosa-4,7,11,14,23-pentaen-9-yl]oxy]-2,4-dimethyl-4-nitrooxan-3-yl]carbamate",synonym,CHEBI:220048,kijanimicin,CHEBI:220048,MAPPED
Methyl Pyruvate,preferred_term,CHEBI:51850,Methyl Pyruvate,CHEBI:51850,MAPPED
"methyl {(1R,2R)-3-oxo-2-[(2Z)-pent-2-en-1-yl]cyclopentyl}acetate",synonym,CHEBI:15929,methyl jasmonate,CHEBI:15929,MAPPED
Methyl-2-Hydroxy-Phenylproprionate,preferred_term,cas:89471-28-0,Methyl-2-Hydroxy-Phenylproprionate,cas:89471-28-0,MAPPED
methyl-alpha-D-xylopyranoside,preferred_term,cas:91-09-8,methyl-alpha-D-xylopyranoside,cas:91-09-8,MAPPED
Methyl-B-D-galactopyranoside,preferred_term,CHEBI:17540,Methyl-B-D-galactopyranoside,CHEBI:17540,MAPPED
methyl-beta-D-xylopyranoside,preferred_term,cas:0612-05-5,methyl-beta-D-xylopyranoside,cas:0612-05-5,MAPPED
methyl-beta-L-arabinopyranoside,preferred_term,cas:1825-00-9,methyl-beta-L-arabinopyranoside,cas:1825-00-9,MAPPED
methyl-cis-p-coumarate,preferred_term,CHEBI:86904,methyl-cis-p-coumarate,CHEBI:86904,MAPPED
methyl-trans-p-coumarate,preferred_term,cas:19367-38-5,methyl-trans-p-coumarate,CHEBI:194094,MAPPED
methylacetic acid,synonym,CHEBI:30768,Propionic acid,CHEBI:30768,MAPPED
Methylalkohol,synonym,CHEBI:17790,Methanol,CHEBI:17790,MAPPED
Methylamine,preferred_term,CHEBI:16830,Methylamine,CHEBI:16830,MAPPED
Methylamine hydrochloride,preferred_term,CHEBI:59337,Methylamine hydrochloride,CHEBI:59337,MAPPED
Methylamine-HCl,synonym,CHEBI:64700,Trimethylamine-HCl,CHEBI:64700,MAPPED
Methylammonium chloride,synonym,CHEBI:59337,Methylamine hydrochloride,CHEBI:59337,MAPPED
methylbenzene,synonym,CHEBI:17578,Toluene,CHEBI:17578,MAPPED
Methylcarbinol,synonym,CHEBI:16236,Ethanol,CHEBI:16236,MAPPED
Methylenblau,synonym,CHEBI:6872,Methylene blue,CHEBI:6872,MAPPED
Methylene blue,preferred_term,CHEBI:6872,Methylene blue,CHEBI:6872,MAPPED
methylene chloride,preferred_term,CHEBI:15767,methylene chloride,CHEBI:15767,MAPPED
methylethylacetic acid,synonym,CHEBI:37070,DL-2-Methylbutyric acid,CHEBI:37070,MAPPED
Methylglycocyamine,synonym,CHEBI:16919,Creatine,CHEBI:16919,MAPPED
methylglyoxal,preferred_term,CHEBI:17158,methylglyoxal,CHEBI:17158,MAPPED
methylsulfinylmethane,synonym,CHEBI:28262,Dimethyl sulfoxide,CHEBI:28262,MAPPED
methylthioninii chloridum,synonym,CHEBI:6872,Methylene blue,CHEBI:6872,MAPPED
Methylthioninium chloride,synonym,CHEBI:6872,Methylene blue,CHEBI:6872,MAPPED
Methylxanthoxylin,preferred_term,cas:23121-32-6,Methylxanthoxylin,CHEBI:169463,MAPPED
metionina,synonym,CHEBI:16811,DL-methionine,CHEBI:16811,MAPPED
Metronidazole,preferred_term,CHEBI:6909,Metronidazole,CHEBI:6909,MAPPED
Mexicanolide,preferred_term,cas:1915-67-9,Mexicanolide,mesh:C554989,MAPPED
Mezlocillin,preferred_term,CHEBI:6919,Mezlocillin,CHEBI:6919,MAPPED
MG (0:0/18:0/0:0),synonym,CHEBI:75456,Glycerol monostearate,CHEBI:75456,MAPPED
Mg Acetate,synonym,CHEBI:62964,Magnesium acetate,CHEBI:62964,MAPPED
Mg(II) acetate,synonym,CHEBI:62964,Magnesium acetate,CHEBI:62964,MAPPED
Mg(NO3)2 x 6 H2O,synonym,cas:13446-18-9,magnesium nitrate hexahydrate,CHEBI:64736,MAPPED
Mg-citrate,preferred_term,CHEBI:131389,Mg-citrate,CHEBI:131389,MAPPED
Mg2SO4,synonym,CHEBI:32599,Magnesium sulfate,CHEBI:32599,MAPPED
MG[18:1(omega-9)],synonym,CHEBI:75937,Glycerol mono-oleate,CHEBI:75937,MAPPED
MgCl*6H2O,synonym,CHEBI:86345,Magnesium chloride,CHEBI:86345,MAPPED
MgCl2,preferred_term,CHEBI:6636,MgCl2,CHEBI:6636,MAPPED
MgCl2  x 6 H2O,synonym,CHEBI:86345,MgCl2 x 6 H2O,CHEBI:86345,MAPPED
MgCl2  x 7 H2O,synonym,CHEBI:6636,MgCl2 x 7 H2O,CHEBI:6636,MAPPED
MgCl2  x 7 H2O,synonym,CHEBI:6636,MgCl2x 6 H2O,CHEBI:6636,MAPPED
MgCl2  x 76 H2O,synonym,CHEBI:6636,MgCl2 x 7 H2O,CHEBI:6636,MAPPED
MgCl2  x 76 H2O,synonym,CHEBI:6636,MgCl2x 6 H2O,CHEBI:6636,MAPPED
MgCl2 . 6H2O,synonym,CHEBI:86345,MgCl2 x 6 H2O,CHEBI:86345,MAPPED
MgCl2 x 2 H2O,preferred_term,CHEBI:131394,MgCl2 x 2 H2O,CHEBI:131394,MAPPED
MgCl2 x 6 H2O,preferred_term,CHEBI:86345,MgCl2 x 6 H2O,CHEBI:86345,MAPPED
MgCl2 x 6 H2O (200 g/l stock solution),synonym,CHEBI:86345,MgCl2 x 6 H2O,CHEBI:86345,MAPPED
MgCl2 X 6H2O,synonym,CHEBI:6636,MgCl2 x 7 H2O,CHEBI:6636,MAPPED
MgCl2 X 6H2O,synonym,CHEBI:6636,MgCl2x 6 H2O,CHEBI:6636,MAPPED
MgCl2 x 7 H2O,preferred_term,CHEBI:6636,MgCl2 x 7 H2O,CHEBI:6636,MAPPED
MgCl2 x 7 H2O,synonym,CHEBI:6636,MgCl2x 6 H2O,CHEBI:6636,MAPPED
MgCl2 x 7H2O,synonym,CHEBI:6636,MgCl2 x 7 H2O,CHEBI:6636,MAPPED
MgCl2 x 7H2O,synonym,CHEBI:6636,MgCl2x 6 H2O,CHEBI:6636,MAPPED
MgCl2 x H2O,preferred_term,CHEBI:86355,MgCl2 x H2O,CHEBI:86355,MAPPED
MgCl2 · 6H2O,synonym,CHEBI:86345,MgCl2 x 6 H2O,CHEBI:86345,MAPPED
MgCl2.2H2O,synonym,CHEBI:131394,MgCl2 x 2 H2O,CHEBI:131394,MAPPED
MgCl2.6H2O,synonym,CHEBI:86345,MgCl2 x 6 H2O,CHEBI:86345,MAPPED
MgCl2.H2O,synonym,CHEBI:86355,MgCl2 x H2O,CHEBI:86355,MAPPED
MgCl2x 6 H2O,preferred_term,CHEBI:6636,MgCl2x 6 H2O,CHEBI:6636,MAPPED
MgCl2x 6 H2O,synonym,CHEBI:6636,MgCl2 x 7 H2O,CHEBI:6636,MAPPED
MgCl2x 6H2O,synonym,CHEBI:86345,MgCl2 x 6 H2O,CHEBI:86345,MAPPED
MgCl2x6H2O,synonym,CHEBI:86345,MgCl2 x 6 H2O,CHEBI:86345,MAPPED
MgCl2x7H2O,synonym,CHEBI:6636,MgCl2 x 7 H2O,CHEBI:6636,MAPPED
MgCl2x7H2O,synonym,CHEBI:6636,MgCl2x 6 H2O,CHEBI:6636,MAPPED
MgCl2 x 6H2O,synonym,CHEBI:6636,MgCl2 x 7 H2O,CHEBI:6636,MAPPED
MgCl2 x 6H2O,synonym,CHEBI:6636,MgCl2x 6 H2O,CHEBI:6636,MAPPED
MgCl2·6 H2O,synonym,CHEBI:86345,MgCl2 x 6 H2O,CHEBI:86345,MAPPED
MgCl2·6H2O,synonym,CHEBI:86345,MgCl2 x 6 H2O,CHEBI:86345,MAPPED
MgCl2·H2O,synonym,CHEBI:86355,MgCl2 x H2O,CHEBI:86355,MAPPED
MgCl2∙6H2O,synonym,CHEBI:86345,Magnesium chloride,CHEBI:86345,MAPPED
MgCl2⋅6H2O,synonym,CHEBI:86345,MgCl2 x 6 H2O,CHEBI:86345,MAPPED
MgCl2・6H2O,synonym,CHEBI:86345,MgCl2 x 6 H2O,CHEBI:86345,MAPPED
MgCO,synonym,CHEBI:31793,MgCO3,CHEBI:31793,MAPPED
MgCO3,preferred_term,CHEBI:31793,MgCO3,CHEBI:31793,MAPPED
MgCO3(MCIB CB486),synonym,CHEBI:31793,MgCO3,CHEBI:31793,MAPPED
MgNO32 x 6 H2O,synonym,cas:13446-18-9,magnesium nitrate hexahydrate,CHEBI:64736,MAPPED
MgSO,synonym,CHEBI:31795,MgSO47H2O,CHEBI:31795,MAPPED
MgSO .7H O,synonym,CHEBI:32599,Magnesium sulfate,CHEBI:32599,MAPPED
MgSO 4,synonym,CHEBI:31795,MgSO47H2O,CHEBI:31795,MAPPED
MgSO 4 x 7 H2O,synonym,CHEBI:31795,MgSO4 x 7 H2O,CHEBI:31795,MAPPED
MgSO 4 x 7 H2O,synonym,CHEBI:31795,MgSO4·H2O,CHEBI:31795,MAPPED
MgSO x 7 H2O,synonym,CHEBI:31795,MgSO4 x 7 H2O,CHEBI:31795,MAPPED
MgSO x 7 H2O,synonym,CHEBI:31795,MgSO4·H2O,CHEBI:31795,MAPPED
MgSO2,synonym,CHEBI:31795,MgSO47H2O,CHEBI:31795,MAPPED
MgSO2 x 7 H2O,synonym,CHEBI:31795,MgSO4 x 7 H2O,CHEBI:31795,MAPPED
MgSO2 x 7 H2O,synonym,CHEBI:31795,MgSO4·H2O,CHEBI:31795,MAPPED
MgSO4,synonym,CHEBI:32599,Magnesium sulfate,CHEBI:32599,MAPPED
MgSO4 . 7H2O,synonym,CHEBI:32599,Magnesium sulfate,CHEBI:32599,MAPPED
MgSO4 . 7H2O,synonym,CHEBI:32599,MgSO4 x 6 H2O,CHEBI:32599,MAPPED
MgSO4 . 7H2O,synonym,CHEBI:32599,MgSO4·7H2O,CHEBI:32599,MAPPED
MgSO4 . H2O,synonym,CHEBI:32599,Magnesium sulfate,CHEBI:32599,MAPPED
MgSO4 . H2O,synonym,CHEBI:32599,MgSO4 x 6 H2O,CHEBI:32599,MAPPED
MgSO4 . H2O,synonym,CHEBI:32599,MgSO4·7H2O,CHEBI:32599,MAPPED
MgSO4 x 6 H2O,preferred_term,CHEBI:32599,MgSO4 x 6 H2O,CHEBI:32599,MAPPED
MgSO4 x 6 H2O,synonym,CHEBI:32599,Magnesium sulfate,CHEBI:32599,MAPPED
MgSO4 x 6 H2O,synonym,CHEBI:32599,MgSO4·7H2O,CHEBI:32599,MAPPED
MgSO4 x 6H2O,synonym,CHEBI:32599,Magnesium sulfate,CHEBI:32599,MAPPED
MgSO4 x 6H2O,synonym,CHEBI:32599,MgSO4 x 6 H2O,CHEBI:32599,MAPPED
MgSO4 x 6H2O,synonym,CHEBI:32599,MgSO4·7H2O,CHEBI:32599,MAPPED
MgSO4 x 7 H20,synonym,CHEBI:31795,MgSO47H2O,CHEBI:31795,MAPPED
MgSO4 x 7 H2O,preferred_term,CHEBI:31795,MgSO4 x 7 H2O,CHEBI:31795,MAPPED
MgSO4 x 7 H2O (0.1% w/v),synonym,CHEBI:32599,Magnesium sulfate,CHEBI:32599,MAPPED
MgSO4 x 7 H2O (0.1% w/v),synonym,CHEBI:32599,MgSO4 x 6 H2O,CHEBI:32599,MAPPED
MgSO4 x 7 H2O (0.1% w/v),synonym,CHEBI:32599,MgSO4·7H2O,CHEBI:32599,MAPPED
MgSO4 x 7 H2O (100 mM),synonym,CHEBI:32599,Magnesium sulfate,CHEBI:32599,MAPPED
MgSO4 x 7 H2O (100 mM),synonym,CHEBI:32599,MgSO4 x 6 H2O,CHEBI:32599,MAPPED
MgSO4 x 7 H2O (100 mM),synonym,CHEBI:32599,MgSO4·7H2O,CHEBI:32599,MAPPED
MgSO4 x 7 H2O solution (25%),synonym,CHEBI:32599,Magnesium sulfate,CHEBI:32599,MAPPED
MgSO4 x 7 H2O solution (25%),synonym,CHEBI:32599,MgSO4 x 6 H2O,CHEBI:32599,MAPPED
MgSO4 x 7 H2O solution (25%),synonym,CHEBI:32599,MgSO4·7H2O,CHEBI:32599,MAPPED
MgSO4 x 7 H2O to 15.0 g).,synonym,CHEBI:32599,Magnesium sulfate,CHEBI:32599,MAPPED
MgSO4 x 7 H2O to 15.0 g).,synonym,CHEBI:32599,MgSO4 x 6 H2O,CHEBI:32599,MAPPED
MgSO4 x 7 H2O to 15.0 g).,synonym,CHEBI:32599,MgSO4·7H2O,CHEBI:32599,MAPPED
MgSO4 x 7H2O,synonym,CHEBI:32599,Magnesium sulfate,CHEBI:32599,MAPPED
MgSO4 x 7H2O,synonym,CHEBI:32599,MgSO4 x 6 H2O,CHEBI:32599,MAPPED
MgSO4 x 7H2O,synonym,CHEBI:32599,MgSO4·7H2O,CHEBI:32599,MAPPED
MgSO4 x H2O,synonym,CHEBI:32599,Magnesium sulfate,CHEBI:32599,MAPPED
MgSO4 x H2O,synonym,CHEBI:32599,MgSO4 x 6 H2O,CHEBI:32599,MAPPED
MgSO4 x H2O,synonym,CHEBI:32599,MgSO4·7H2O,CHEBI:32599,MAPPED
MgSO4 x7 H2O,synonym,CHEBI:32599,Magnesium sulfate,CHEBI:32599,MAPPED
MgSO4 x7 H2O,synonym,CHEBI:32599,MgSO4 x 6 H2O,CHEBI:32599,MAPPED
MgSO4 x7 H2O,synonym,CHEBI:32599,MgSO4·7H2O,CHEBI:32599,MAPPED
MgSO4 x7H2O,synonym,CHEBI:32599,Magnesium sulfate,CHEBI:32599,MAPPED
MgSO4 x7H2O,synonym,CHEBI:32599,MgSO4 x 6 H2O,CHEBI:32599,MAPPED
MgSO4 x7H2O,synonym,CHEBI:32599,MgSO4·7H2O,CHEBI:32599,MAPPED
MgSO4 · 7H2O,synonym,CHEBI:32599,Magnesium sulfate,CHEBI:32599,MAPPED
MgSO4 · 7H2O,synonym,CHEBI:32599,MgSO4 x 6 H2O,CHEBI:32599,MAPPED
MgSO4 · 7H2O,synonym,CHEBI:32599,MgSO4·7H2O,CHEBI:32599,MAPPED
MgSO4 ·7H2O,synonym,CHEBI:32599,Magnesium sulfate,CHEBI:32599,MAPPED
MgSO4 ·7H2O,synonym,CHEBI:32599,MgSO4 x 6 H2O,CHEBI:32599,MAPPED
MgSO4 ·7H2O,synonym,CHEBI:32599,MgSO4·7H2O,CHEBI:32599,MAPPED
MgSO4 × 7 H2O,synonym,CHEBI:32599,Magnesium sulfate,CHEBI:32599,MAPPED
MgSO4.7H2O,synonym,CHEBI:31795,MgSO4 x 7 H2O,CHEBI:31795,MAPPED
MgSO4.7H2O,synonym,CHEBI:31795,MgSO4·H2O,CHEBI:31795,MAPPED
MgSO47H2O,preferred_term,CHEBI:31795,MgSO47H2O,CHEBI:31795,MAPPED
MgSO4x7H2O,synonym,CHEBI:31795,MgSO4 x 7 H2O,CHEBI:31795,MAPPED
MgSO4x7H2O,synonym,CHEBI:31795,MgSO4·H2O,CHEBI:31795,MAPPED
MgSO4·7H2O,preferred_term,CHEBI:32599,MgSO4·7H2O,CHEBI:32599,MAPPED
MgSO4·H2O,preferred_term,CHEBI:31795,MgSO4·H2O,CHEBI:31795,MAPPED
MgSO4·H2O,synonym,CHEBI:31795,MgSO4 x 7 H2O,CHEBI:31795,MAPPED
MgSO4•7H2O,synonym,CHEBI:31795,MgSO4 x 7 H2O,CHEBI:31795,MAPPED
MgSO4•7H2O (Sigma 230391),synonym,CHEBI:31795,MgSO4 x 7 H2O,CHEBI:31795,MAPPED
MgSO4•7H2O(CAS: 10034-99-8),synonym,CHEBI:31795,MgSO4 x 7 H2O,CHEBI:31795,MAPPED
MgSO4•7H2O(Sigma 230391),synonym,CHEBI:31795,MgSO4 x 7 H2O,CHEBI:31795,MAPPED
MHPP,synonym,CHEBI:176565,Methyl 3-(4-hydroxyphenyl)propionate,CHEBI:176565,MAPPED
micronutrient solution,preferred_term,UNMAPPED_0445,micronutrient solution,,UNMAPPED
Microstop,synonym,CHEBI:63076,(NH4)2 citrate,CHEBI:63076,MAPPED
Middlebrook 7H10 agar,preferred_term,NCIT:C85509,Middlebrook 7H10 agar,NCIT:C85509,MAPPED
Midecamycin,preferred_term,CHEBI:31845,Midecamycin,CHEBI:31845,MAPPED
miharamycin A,preferred_term,CHEBI:216282,miharamycin A,CHEBI:216282,MAPPED
Milchzucker,synonym,CHEBI:17716,Lactose,CHEBI:17716,MAPPED
Milk,preferred_term,UBERON:0001913,Milk,UBERON:0001913,MAPPED
Mineral 3B solution,preferred_term,UNMAPPED_0262,Mineral 3B solution,,UNMAPPED
Mineral 3B solution minus Nitrogen,preferred_term,UNMAPPED_0254,Mineral 3B solution minus Nitrogen,,UNMAPPED
Mineral 3B solution minus phosphorus,preferred_term,UNMAPPED_0285,Mineral 3B solution minus phosphorus,,UNMAPPED
Mineral salts base,preferred_term,UNMAPPED_0608,Mineral salts base,,UNMAPPED
Mineral salts medium base,preferred_term,UNMAPPED_0609,Mineral salts medium base,,UNMAPPED
Mineral solution see Medium No. 976,preferred_term,UNMAPPED_0447,Mineral solution see Medium No. 976,,UNMAPPED
Mineral water,preferred_term,FOODON:03301328,Mineral water,FOODON:03301328,MAPPED
Minimycin,preferred_term,mesh:C002363,Minimycin,mesh:C002363,MAPPED
Minocycline,preferred_term,CHEBI:50694,Minocycline,CHEBI:50694,MAPPED
Minocycline hydrochloride,preferred_term,CHEBI:50697,Minocycline hydrochloride,CHEBI:50697,MAPPED
Minor Nutrients,preferred_term,UNMAPPED_0110,Minor Nutrients,,UNMAPPED
Mitomycin C,preferred_term,CHEBI:27504,Mitomycin C,CHEBI:27504,MAPPED
MKP,synonym,CHEBI:63036,KH2PO4,CHEBI:63036,MAPPED
MME Trace Minerals,preferred_term,UNMAPPED_0309,MME Trace Minerals,,UNMAPPED
MnCl2,preferred_term,CHEBI:63041,MnCl2,CHEBI:63041,MAPPED
MnCl2 . 4H2O,synonym,CHEBI:86368,MnCl2 x 4 H2O,CHEBI:86368,MAPPED
MnCl2 x 2 H2O,preferred_term,CHEBI:131395,MnCl2 x 2 H2O,CHEBI:131395,MAPPED
MnCl2 x 4 H2O,preferred_term,CHEBI:86368,MnCl2 x 4 H2O,CHEBI:86368,MAPPED
MnCl2 · 4H2O,synonym,CHEBI:86368,MnCl2 x 4 H2O,CHEBI:86368,MAPPED
MnCl2 × 4H2O,synonym,CHEBI:86368,MnCl2 x 4 H2O,CHEBI:86368,MAPPED
MnCl2 ∙ 4 H2O,synonym,CHEBI:86368,MnCl2 x 4 H2O,CHEBI:86368,MAPPED
MnCl2.4H2O,synonym,CHEBI:86368,MnCl2 x 4 H2O,CHEBI:86368,MAPPED
MnCl2·2H2O,synonym,CHEBI:131395,MnCl2 x 2 H2O,CHEBI:131395,MAPPED
MnCl2∙4H2O,synonym,CHEBI:86368,MnCl2 x 4 H2O,CHEBI:86368,MAPPED
MnCl2⋅4H2O,synonym,CHEBI:86368,MnCl2 x 4 H2O,CHEBI:86368,MAPPED
MnCl2・4H2O,synonym,CHEBI:86368,MnCl2 x 4 H2O,CHEBI:86368,MAPPED
MnCl2．2H2O,synonym,CHEBI:131395,MnCl2 x 2 H2O,CHEBI:131395,MAPPED
MnCl2･4H2O,synonym,CHEBI:86368,MnCl2 x 4 H2O,CHEBI:86368,MAPPED
MnCl4 x 4 H2O,synonym,CHEBI:86368,MnCl2 x 4 H2O,CHEBI:86368,MAPPED
MnCl4 x 6 H2O,preferred_term,UNMAPPED_0450,MnCl4 x 6 H2O,,UNMAPPED
MnII x EDTA,preferred_term,UNMAPPED_0451,MnII x EDTA,,UNMAPPED
MnO2,preferred_term,CHEBI:136511,MnO2,CHEBI:136511,MAPPED
MnSO4,preferred_term,CHEBI:86360,MnSO4,CHEBI:86360,MAPPED
MnSO4 . 2H2O,synonym,CHEBI:86356,MnSO4 x 2 H2O,CHEBI:86356,MAPPED
MnSO4 . 5H2O,synonym,CHEBI:131524,MnSO4 x 5 H2O,CHEBI:131524,MAPPED
MnSO4 . 7H2O,synonym,CHEBI:86360,MnSO4 x 1 H2O,CHEBI:86360,MAPPED
MnSO4 . 7H2O,synonym,CHEBI:86360,MnSO4 x 7 H2O,CHEBI:86360,MAPPED
MnSO4 . H2O,synonym,CHEBI:86364,MnSO4 x H2O,CHEBI:86364,MAPPED
MnSO4 x 1 H2O,preferred_term,CHEBI:86360,MnSO4 x 1 H2O,CHEBI:86360,MAPPED
MnSO4 x 1 H2O,synonym,CHEBI:86360,MnSO4 x 7 H2O,CHEBI:86360,MAPPED
MnSO4 x 2 H2O,preferred_term,CHEBI:86356,MnSO4 x 2 H2O,CHEBI:86356,MAPPED
MnSO4 x 2 H2O (0.1% w/v),synonym,CHEBI:86356,MnSO4 x 2 H2O,CHEBI:86356,MAPPED
MnSO4 x 2 H2O (1% solution),synonym,CHEBI:86356,MnSO4 x 2 H2O,CHEBI:86356,MAPPED
MnSO4 x 4 H2O,preferred_term,CHEBI:86358,MnSO4 x 4 H2O,CHEBI:86358,MAPPED
MnSO4 x 5 H2O,preferred_term,CHEBI:131524,MnSO4 x 5 H2O,CHEBI:131524,MAPPED
MnSO4 x 6 H2O,preferred_term,CHEBI:131523,MnSO4 x 6 H2O,CHEBI:131523,MAPPED
MnSO4 x 7 H2O,preferred_term,CHEBI:86360,MnSO4 x 7 H2O,CHEBI:86360,MAPPED
MnSO4 x 7 H2O,synonym,CHEBI:86360,MnSO4 x 1 H2O,CHEBI:86360,MAPPED
MnSO4 x 7H2O,synonym,CHEBI:86360,MnSO4 x 1 H2O,CHEBI:86360,MAPPED
MnSO4 x 7H2O,synonym,CHEBI:86360,MnSO4 x 7 H2O,CHEBI:86360,MAPPED
MnSO4 x H2O,preferred_term,CHEBI:86364,MnSO4 x H2O,CHEBI:86364,MAPPED
MnSO4 x H2O,synonym,CHEBI:86360,MnSO4,CHEBI:86360,MAPPED
MnSO4 x n H2O,synonym,CHEBI:86360,MnSO4,CHEBI:86360,MAPPED
MnSO4 · 4 H2O,synonym,CHEBI:86358,MnSO4 x 4 H2O,CHEBI:86358,MAPPED
MnSO4 · H2O,synonym,CHEBI:86364,MnSO4 x H2O,CHEBI:86364,MAPPED
MnSO4 ⋅ H2O,synonym,CHEBI:86364,MnSO4 x H2O,CHEBI:86364,MAPPED
MnSO4.2H2O,synonym,CHEBI:86356,MnSO4 x 2 H2O,CHEBI:86356,MAPPED
MnSO4.4H2O,synonym,CHEBI:86358,MnSO4 x 4 H2O,CHEBI:86358,MAPPED
MnSO4.5H2O,synonym,CHEBI:131524,MnSO4 x 5 H2O,CHEBI:131524,MAPPED
MnSO4.6H2O,synonym,CHEBI:131523,MnSO4 x 6 H2O,CHEBI:131523,MAPPED
MnSO4.7H2O,synonym,CHEBI:86360,MnSO4 x 1 H2O,CHEBI:86360,MAPPED
MnSO4.7H2O,synonym,CHEBI:86360,MnSO4 x 7 H2O,CHEBI:86360,MAPPED
MnSO4.H2O,synonym,CHEBI:86364,MnSO4 x H2O,CHEBI:86364,MAPPED
MnSO4·2H2O,synonym,CHEBI:86356,MnSO4 x 2 H2O,CHEBI:86356,MAPPED
MnSO4·4H2O,synonym,CHEBI:86358,MnSO4 x 4 H2O,CHEBI:86358,MAPPED
MnSO4·5H2O,synonym,CHEBI:131524,MnSO4 x 5 H2O,CHEBI:131524,MAPPED
MnSO4·7H2O,synonym,CHEBI:86360,MnSO4 x 1 H2O,CHEBI:86360,MAPPED
MnSO4·7H2O,synonym,CHEBI:86360,MnSO4 x 7 H2O,CHEBI:86360,MAPPED
MnSO4·H2O,synonym,CHEBI:86364,MnSO4 x H2O,CHEBI:86364,MAPPED
MnSO4·nH2O,synonym,CHEBI:86360,MnSO4,CHEBI:86360,MAPPED
MnSO4⋅H2O,synonym,CHEBI:86364,MnSO4 x H2O,CHEBI:86364,MAPPED
MnSO4・5H2O,synonym,CHEBI:131524,MnSO4 x 5 H2O,CHEBI:131524,MAPPED
MnSO4・xH2O,synonym,CHEBI:86360,MnSO4,CHEBI:86360,MAPPED
MnSO4・xH2O,synonym,CHEBI:86360,MnSO4 x 1 H2O,CHEBI:86360,MAPPED
MnSO4・xH2O,synonym,CHEBI:86360,MnSO4 x 7 H2O,CHEBI:86360,MAPPED
Modified Bold 3N Medium,preferred_term,UNMAPPED_0089,Modified Bold 3N Medium,,UNMAPPED
Modified COMBO Medium,preferred_term,UNMAPPED_0111,Modified COMBO Medium,,UNMAPPED
Modified Cooked Meat Medium,preferred_term,UNMAPPED_0763,Modified Cooked Meat Medium,,NEEDS_EXPERT
Modified P-IV chelated Micronutrient Solution,preferred_term,UNMAPPED_0093,Modified P-IV chelated Micronutrient Solution,,UNMAPPED
Modified trace vitamins,preferred_term,UNMAPPED_0452,Modified trace vitamins,,UNMAPPED
Modified Wolfe's Minerals,preferred_term,UNMAPPED_0314,Modified Wolfe's Minerals,,UNMAPPED
molecular hydrogen,synonym,CHEBI:18276,Hydrogen gas,CHEBI:18276,MAPPED
molecular nitrogen,synonym,CHEBI:17997,Nitrogen gas,CHEBI:17997,MAPPED
MoLS4,preferred_term,UNMAPPED_0292,MoLS4,,UNMAPPED
molybdenum trioxide,synonym,CHEBI:30627,MoO3,CHEBI:30627,MAPPED
molybdenum(6+) oxide,synonym,CHEBI:30627,MoO3,CHEBI:30627,MAPPED
molybdenum(VI) oxide,synonym,CHEBI:30627,MoO3,CHEBI:30627,MAPPED
Molybdic acid ammonium salt tetrahydrate,synonym,CHEBI:91249,Diammonium molybdate,CHEBI:91249,MAPPED
"Molybdic acid, diammonium salt",synonym,CHEBI:91249,Diammonium molybdate,CHEBI:91249,MAPPED
"Molybdic acid, disodium salt",synonym,CHEBI:75215,Na2MoO4,CHEBI:75215,MAPPED
"Molybdic acid, disodium salt, dihydrate",synonym,CHEBI:75213,Na2MoO4 x 2 H2O,CHEBI:75213,MAPPED
monazomycin,preferred_term,CHEBI:201539,monazomycin,CHEBI:201539,MAPPED
Monensin,preferred_term,CHEBI:27617,Monensin,CHEBI:27617,MAPPED
Mono- And Disaccharides,preferred_term,UNMAPPED_0764,Mono- And Disaccharides,,NEEDS_EXPERT
mono-(9Z)-octadecenoylglycerol,synonym,CHEBI:75937,Glycerol mono-oleate,CHEBI:75937,MAPPED
Monoammonium acid phosphate,synonym,CHEBI:62982,NH4H2PO4,CHEBI:62982,MAPPED
Monoammonium dihydrogen orthophosphate,synonym,CHEBI:62982,NH4H2PO4,CHEBI:62982,MAPPED
Monoammonium dihydrogen phosphate,synonym,CHEBI:62982,NH4H2PO4,CHEBI:62982,MAPPED
Monoammonium hydrogen phosphate,synonym,CHEBI:62982,NH4H2PO4,CHEBI:62982,MAPPED
Monoammonium orthophosphate,synonym,CHEBI:62982,NH4H2PO4,CHEBI:62982,MAPPED
Monoammonium phosphate,synonym,CHEBI:62982,NH4H2PO4,CHEBI:62982,MAPPED
Monobasic ammonium phosphate,synonym,CHEBI:62982,NH4H2PO4,CHEBI:62982,MAPPED
monocalcium acid phosphate,synonym,CHEBI:32596,CaHPO4,CHEBI:32596,MAPPED
Monoethylene glycol,synonym,CHEBI:30742,Ethylene glycol,CHEBI:30742,MAPPED
Monomethyl Succinate,preferred_term,CHEBI:75146,Monomethyl Succinate,CHEBI:75146,MAPPED
monomethylamine,synonym,CHEBI:16830,Methylamine,CHEBI:16830,MAPPED
Monomethylamine hydrochloride,synonym,CHEBI:59337,Methylamine hydrochloride,CHEBI:59337,MAPPED
Monomethylammonium chloride,synonym,CHEBI:59337,Methylamine hydrochloride,CHEBI:59337,MAPPED
monooleoylglycerol,synonym,CHEBI:75937,Glycerol mono-oleate,CHEBI:75937,MAPPED
monopotassium carbonate,synonym,CHEBI:81862,KHCO3,CHEBI:81862,MAPPED
Monopotassium chloride,synonym,CHEBI:32588,KCl,CHEBI:32588,MAPPED
Monopotassium dihydrogen phosphate,synonym,CHEBI:63036,KH2PO4,CHEBI:63036,MAPPED
Monopotassium monophosphate,synonym,CHEBI:63036,KH2PO4,CHEBI:63036,MAPPED
Monopotassium orthophosphate,synonym,CHEBI:63036,KH2PO4,CHEBI:63036,MAPPED
Monopotassium phosphate,synonym,CHEBI:63036,KH2PO4,CHEBI:63036,MAPPED
Monosodium 2-hydroxypropanoate,synonym,CHEBI:75228,Sodium lactate,CHEBI:75228,MAPPED
"monosodium D-(-)-6-(2-amino-2-phenylacetamido)-3,3-dimethyl-7-oxo-4-thia-1-azabicyclo(3.2.0)heptane-2-carboxylate",synonym,CHEBI:34535,Na-ampicillin,CHEBI:34535,MAPPED
Monosodium D-gluconate,synonym,CHEBI:84997,Sodium gluconate,CHEBI:84997,MAPPED
Monosodium gluconate,synonym,CHEBI:84997,Sodium gluconate,CHEBI:84997,MAPPED
Monosodium glutamate,synonym,CHEBI:64220,Na glutamate,CHEBI:64220,MAPPED
monosodium L-ascorbate,synonym,CHEBI:113451,Na-ascorbate,CHEBI:113451,MAPPED
Monosodium lactate,synonym,CHEBI:75228,Sodium lactate,CHEBI:75228,MAPPED
Monosodium orotate,synonym,CHEBI:132101,Na-orotate,CHEBI:132101,MAPPED
monosodium phosphate,synonym,CHEBI:37585,NaH2PO4,CHEBI:37585,MAPPED
Monosodium phosphate monohydrate,synonym,CHEBI:114249,Sodium phosphate monobasic monohydrate,CHEBI:114249,MAPPED
MoO3,preferred_term,CHEBI:30627,MoO3,CHEBI:30627,MAPPED
MOPS,preferred_term,CHEBI:39074,MOPS,CHEBI:39074,MAPPED
MOPS (3-(N-morpholino) propane-sulfonic acid),synonym,CHEBI:44115,3-(N-morpholino)propanesulfonic acid,CHEBI:44115,MAPPED
MOPS buffer,synonym,CHEBI:44115,3-(N-morpholino)propanesulfonic acid,CHEBI:44115,MAPPED
MOPS_2M_pH7,preferred_term,UNMAPPED_0281,MOPS_2M_pH7,,UNMAPPED
Morin,preferred_term,CHEBI:75092,Morin,CHEBI:75092,MAPPED
Morpholinopropane sulfonic acid,synonym,CHEBI:44115,3-(N-morpholino)propanesulfonic acid,CHEBI:44115,MAPPED
Moxifloxacin,preferred_term,CHEBI:63611,Moxifloxacin,CHEBI:63611,MAPPED
MoYLS4,preferred_term,UNMAPPED_0264,MoYLS4,,UNMAPPED
MreB Perturbing Compound A22,preferred_term,cas:22816-60-0,MreB Perturbing Compound A22,cas:22816-60-0,MAPPED
MRS broth,preferred_term,UNMAPPED_0453,MRS broth,,UNMAPPED
MRS medium,preferred_term,UNMAPPED_0454,MRS medium,,UNMAPPED
Mucic acid,preferred_term,CHEBI:30852,Mucic acid,CHEBI:30852,MAPPED
Mucin,preferred_term,NCIT:C16883,Mucin,NCIT:C16883,MAPPED
Mucin from porcine stomach type III,preferred_term,cas:84082-64-4,Mucin from porcine stomach type III,cas:84082-64-4,MAPPED
"Mucin from porcine stomach type III, bound sialic acid 0.5-1.5 %, Mucin from porcine stomach type III",synonym,cas:84082-64-4,Mucin from porcine stomach type III,cas:84082-64-4,MAPPED
"Mucin from porcine stomach,Type II",preferred_term,cas:84082-64-4,"Mucin from porcine stomach,Type II",cas:84082-64-4,MAPPED
"Mucin, Bovine Submaxillary Gland, type I-S",preferred_term,cas:84195-52-8,"Mucin, Bovine Submaxillary Gland, type I-S",cas:84195-52-8,MAPPED
Mueller Hinton II agar,preferred_term,UNMAPPED_0128,Mueller Hinton II agar,,UNMAPPED
Murashige & Skoog medium,preferred_term,UNMAPPED_0455,Murashige & Skoog medium,,UNMAPPED
Murashige-Skoog basal salts,preferred_term,UNMAPPED_0610,Murashige-Skoog basal salts,,UNMAPPED
muriate of potash,synonym,CHEBI:32588,KCl,CHEBI:32588,MAPPED
MWC Metal Solution,preferred_term,UNMAPPED_0046,MWC Metal Solution,,UNMAPPED
Mycobacidin,preferred_term,mesh:C010250,Mycobacidin,mesh:C010250,MAPPED
Mycobactine J,preferred_term,UNMAPPED_0456,Mycobactine J,,UNMAPPED
myo-Inositol,preferred_term,CHEBI:17268,myo-Inositol,CHEBI:17268,MAPPED
Myoinositol,synonym,CHEBI:17268,myo-Inositol,CHEBI:17268,MAPPED
Myricetin,preferred_term,CHEBI:18152,Myricetin,CHEBI:18152,MAPPED
MYRISTIC ACID,synonym,CHEBI:28875,Myristic acid,CHEBI:28875,MAPPED
Myristic acid,preferred_term,CHEBI:28875,Myristic acid,CHEBI:28875,MAPPED
N#N,synonym,CHEBI:17997,Nitrogen gas,CHEBI:17997,MAPPED
"N'-(3-aminopropyl)butane-1,4-diamine;trihydrochloride",synonym,CHEBI:233088,Spermidine trihydrochloride,CHEBI:233088,MAPPED
N'-(3-chlorophenyl)carbonohydrazonoyl dicyanide,synonym,CHEBI:3259,CCCP,CHEBI:3259,MAPPED
N'-disuccinic Acid (EDDS),preferred_term,UNMAPPED_0829,N'-disuccinic Acid (EDDS),,UNMAPPED
"N(1),N(1),N(2),N(2)-tetrakis[(pyridin-2-yl)methyl]ethane-1,2-diamine",synonym,CHEBI:88217,"N,N,N′,N′-Tetrakis(2-pyridylmethyl)ethylenediamine",CHEBI:88217,MAPPED
N(2),synonym,CHEBI:17997,Nitrogen gas,CHEBI:17997,MAPPED
N(2)-acetyl-L-lysine,synonym,CHEBI:35704,n-Acetyl-lysine,CHEBI:35704,MAPPED
N(2)-acetylglutamine,synonym,CHEBI:73685,n-Acetyl-glutamine,CHEBI:73685,MAPPED
N(5)-(aminocarbonyl)-L-ornithine,synonym,CHEBI:16349,L-Citrulline,CHEBI:16349,MAPPED
N(5)-carbamoyl-L-ornithine,synonym,CHEBI:16349,L-Citrulline,CHEBI:16349,MAPPED
N(alpha)-acetyl-L-lysine,synonym,CHEBI:35704,n-Acetyl-lysine,CHEBI:35704,MAPPED
N(alpha)-acetyllysine,synonym,CHEBI:35704,n-Acetyl-lysine,CHEBI:35704,MAPPED
N(CH2-COOH)3,synonym,CHEBI:44557,Nitrilotriacetic acid,CHEBI:44557,MAPPED
N(CH2CH2OH)3,synonym,CHEBI:28621,Triethanolamine,CHEBI:28621,MAPPED
N(CH3)3,synonym,CHEBI:18139,Trimethylamine,CHEBI:18139,MAPPED
N(delta)-carbamylornithine,synonym,CHEBI:16349,L-Citrulline,CHEBI:16349,MAPPED
"N,5-bis(4-chlorophenyl)-3-(propan-2-ylimino)-3,5-dihydrophenazin-2-amine",synonym,CHEBI:3749,Clofazimine,CHEBI:3749,MAPPED
"N,N''''-hexane-1,6-diylbis[N'-(4-chlorophenyl)triimidodicarbonic diamide] acetate (1:2)",synonym,CHEBI:81711,Chlorhexidine diacetate salt hydrate,CHEBI:81711,MAPPED
"N,N',N''-[(3S,7S,11S)-2,6,10-trioxo-1,5,9-trioxacyclododecane-3,7,11-triyl]tris(2,3-dihydroxybenzamide)",synonym,CHEBI:28855,Enterobactin,CHEBI:28855,MAPPED
"N,N'-1,2-ethanediylbis[N-(carboxymethyl)glycine] trisodium salt",synonym,CHEBI:63125,Na3-EDTA,CHEBI:63125,MAPPED
"N,N'-1,2-ethanediylbis[N-(carboxymethyl)glycine], disodium salt",synonym,CHEBI:64734,Na2-EDTA,CHEBI:64734,MAPPED
"N,N'-bis[(2S)-1-hydroxybutan-2-yl]ethane-1,2-diaminium dichloride",synonym,CHEBI:4878,Ethambutol dihydrochloride,CHEBI:4878,MAPPED
"N,N,N',N'-tetramethylacridine-3,6-diamine hydrochloride",synonym,CHEBI:51739,Acridine orange,CHEBI:51739,MAPPED
"N,N,N',N'-tetramethylethane-1,2-diamine",synonym,CHEBI:32850,"N,N,N′,N′-Tetramethylethylenediamine",CHEBI:32850,MAPPED
"N,N,N-trimethylamine",synonym,CHEBI:18139,Trimethylamine,CHEBI:18139,MAPPED
"N,N,N-trimethylammonioacetate",synonym,CHEBI:17750,Betaine x H2O,CHEBI:17750,MAPPED
"N,N,N-trimethylethanol-ammonium",synonym,CHEBI:15354,Choline,CHEBI:15354,MAPPED
"N,N,N-Trimethylglycine",synonym,CHEBI:17750,Betaine x H2O,CHEBI:17750,MAPPED
"N,N,N-trimethylhexadecan-1-aminium bromide",synonym,CHEBI:3567,Cetrimonium bromide,CHEBI:3567,MAPPED
"N,N,N-trimethylmethanaminium",synonym,CHEBI:46020,Tetramethyl ammonium,CHEBI:46020,MAPPED
"N,N,N-trimethylmethanaminium",synonym,kgmicrobe.compound:tetramethyl_ammonium_chloride,Tetramethyl ammonium chloride,CHEBI:46020,MAPPED
"N,N,N′,N′-Tetrakis(2-pyridylmethyl)ethylenediamine",preferred_term,CHEBI:88217,"N,N,N′,N′-Tetrakis(2-pyridylmethyl)ethylenediamine",CHEBI:88217,MAPPED
"N,N,N′,N′-Tetramethylethylenediamine",preferred_term,CHEBI:32850,"N,N,N′,N′-Tetramethylethylenediamine",CHEBI:32850,MAPPED
"N,N-bis(2-hydroxyethyl)glycine",synonym,CHEBI:40957,BICINE buffer,CHEBI:40957,MAPPED
"N,N-bis(carboxymethyl)glycine",synonym,CHEBI:44557,Nitrilotriacetic acid,CHEBI:44557,MAPPED
"N,N-bis(carboxymethyl)glycine",synonym,cas:15467-20-6,Nitrilotriacetic acid disodium salt,CHEBI:44557,MAPPED
"N,N-Bis(carboxymethyl)glycine, trisodium salt",synonym,CHEBI:132766,"0.5 M Nitrilotriacetic acid, disodium salt",CHEBI:132766,MAPPED
"N,N-dimethylcon-5-enin-3beta-amine",synonym,CHEBI:27965,Conessine,CHEBI:27965,MAPPED
"N,N-Dimethylmethanamine",synonym,CHEBI:18139,Trimethylamine,CHEBI:18139,MAPPED
"N,N-dimethylmethanamine hydrochloride",synonym,CHEBI:64700,Trimethylamine-HCl,CHEBI:64700,MAPPED
"N,N-dimethylmethanamine oxide",synonym,CHEBI:15724,Trimethylamine-N-oxide,CHEBI:15724,MAPPED
"N,N-dimethylmethanaminium chloride",synonym,CHEBI:64700,Trimethylamine-HCl,CHEBI:64700,MAPPED
"N-(2,4-dihydroxy-3,3-dimethylbutanoyl)-beta-alaninate",synonym,CHEBI:16454,Pantothenate,CHEBI:16454,MAPPED
"N-(2,4-dihydroxy-3,3-dimethylbutanoyl)-beta-alanine",synonym,CHEBI:7916,Pantothenic acid,CHEBI:7916,MAPPED
"N-(2,5-Dioxo-4-imidazolidinyl)urea",synonym,CHEBI:15676,Allantoin,CHEBI:15676,MAPPED
"N-(2,5-dioxoimidazolidin-4-yl)urea",synonym,CHEBI:15676,Allantoin,CHEBI:15676,MAPPED
N-(2-acetamido)-2-aminoethanesulfonic acid,preferred_term,CHEBI:39060,N-(2-acetamido)-2-aminoethanesulfonic acid,CHEBI:39060,MAPPED
N-(2-oxooxolan-3-yl)decanamide,synonym,CHEBI:181434,N-decanoyl-DL-Homoserine lactone,CHEBI:181434,MAPPED
"N-(3-Aminopropyl)-1,4-butane-diamine",synonym,CHEBI:16610,spermidine,CHEBI:16610,MAPPED
"N-(3-aminopropyl)butane-1,4-diamine",synonym,CHEBI:16610,spermidine,CHEBI:16610,MAPPED
N-(3-oxohexanoyl)-DL-homoserine lactone,preferred_term,CHEBI:29640,N-(3-oxohexanoyl)-DL-homoserine lactone,CHEBI:29640,MAPPED
"N-(4-{[(2,4-diaminopteridin-6-yl)methyl](methyl)amino}benzoyl)-L-glutamic acid",synonym,CHEBI:44185,Methotrexate,CHEBI:44185,MAPPED
"N-(4-{[(2-amino-4-oxo-3,4-dihydropteridin-6-yl)methyl]amino}benzoyl)-L-glutamic acid",synonym,CHEBI:27470,Folic acid,CHEBI:27470,MAPPED
"N-(9-{2-[(4-{[(2,5-dioxopyrrolidin-1-yl)oxy]carbonyl}piperidin-1-yl)sulfonyl]phenyl}-6-[methyl(4-sulfophenyl)amino]-3H-xanthen-3-ylidene)-N-methyl-4-sulfoanilinium",synonym,CHEBI:91247,L-Cysteine HCl,CHEBI:91247,MAPPED
N-(aminoiminomethyl)-N-methylglycine,synonym,CHEBI:16919,Creatine,CHEBI:16919,MAPPED
N-(carbamoylmethyl)taurine,synonym,CHEBI:39060,N-(2-acetamido)-2-aminoethanesulfonic acid,CHEBI:39060,MAPPED
N-(N-gamma-L-Glutamyl-L-cysteinyl)glycine,synonym,CHEBI:16856,Glutathione,CHEBI:16856,MAPPED
"N-({(5S)-3-[3-fluoro-4-(morpholin-4-yl)phenyl]-2-oxo-1,3-oxazolidin-5-yl}methyl)acetamide",synonym,CHEBI:63607,Linezolid,CHEBI:63607,MAPPED
"N-[(2S,3R)-3-hydroxy-1-(hydroxyamino)-1-oxobutan-2-yl]-4-({4-[(morpholin-4-yl)methyl]phenyl}ethynyl)benzamide",synonym,CHEBI:134107,CHIR-090,CHEBI:134107,MAPPED
"N-[(4-{[(2-amino-4-oxo-1,4-dihydropteridin-6-yl)methyl]amino}phenyl)carbonyl]-L-glutamic acid",synonym,CHEBI:27470,Folic acid,CHEBI:27470,MAPPED
"N-[(7S)-10-hydroxy-1,2,3-trimethoxy-9-oxo-6,7-dihydro-5H-benzo[a]heptalen-7-yl]acetamide",synonym,CHEBI:183909,Colchiceine,CHEBI:183909,MAPPED
N-[(E)-AMINO(IMINO)METHYL]-N-METHYLGLYCINE,synonym,CHEBI:16919,Creatine,CHEBI:16919,MAPPED
"N-[4-({[2-amino-5-formyl-4-oxo-3,4,5,6,7,8-hexahydropteridin-6-yl]methyl}amino)benzoyl]-L-glutamic acid",synonym,CHEBI:15640,Folinic acid,CHEBI:15640,MAPPED
N-[amino(imino)methyl]-N-methylglycine,synonym,CHEBI:16919,Creatine,CHEBI:16919,MAPPED
N-[tris(hydroxymethyl)methyl]-3-amino-2-hydroxypropanesulfonic acid,synonym,TAPSO,TAPSO,,UNMAPPED
N-acetyl-beta-D-mannosamine,preferred_term,CHEBI:63154,N-acetyl-beta-D-mannosamine,CHEBI:63154,MAPPED
N-Acetyl-D-galactosamine,preferred_term,CHEBI:28037,N-Acetyl-D-galactosamine,CHEBI:28037,MAPPED
N-Acetyl-D-glucosamine,preferred_term,CHEBI:8006,N-Acetyl-D-glucosamine,CHEBI:8006,MAPPED
N-Acetyl-D-glucosamine 6-phosphate sodium salt,preferred_term,CHEBI:15784,N-Acetyl-D-glucosamine 6-phosphate sodium salt,CHEBI:15784,MAPPED
N-Acetyl-glutamic acid,preferred_term,CHEBI:172431,N-Acetyl-glutamic acid,CHEBI:172431,MAPPED
n-Acetyl-glutamine,preferred_term,CHEBI:73685,n-Acetyl-glutamine,CHEBI:73685,MAPPED
N-Acetyl-L-aspartic acid,preferred_term,CHEBI:21547,N-Acetyl-L-aspartic acid,CHEBI:21547,MAPPED
N-Acetyl-L-Glutamic Acid,preferred_term,CHEBI:17533,N-Acetyl-L-Glutamic Acid,CHEBI:17533,MAPPED
N-Acetyl-L-glutamine,preferred_term,CHEBI:21553,N-Acetyl-L-glutamine,CHEBI:21553,MAPPED
n-Acetyl-lysine,preferred_term,CHEBI:35704,n-Acetyl-lysine,CHEBI:35704,MAPPED
n-Acetyl-muramic acid,preferred_term,CHEBI:47966,n-Acetyl-muramic acid,CHEBI:47966,MAPPED
N-acetyl-neuraminic Acid,synonym,CHEBI:17012,N-acetylneuraminic acid,CHEBI:17012,MAPPED
N-acetylgalactosamine,preferred_term,CHEBI:28800,N-acetylgalactosamine,CHEBI:28800,MAPPED
N-Acetylglucosamine,preferred_term,CHEBI:59640,N-Acetylglucosamine,CHEBI:59640,MAPPED
N-acetylglucosamines,synonym,CHEBI:59640,N-Acetylglucosamine,CHEBI:59640,MAPPED
N-Acetylglutamine,synonym,CHEBI:73685,n-Acetyl-glutamine,CHEBI:73685,MAPPED
N-acetylmuramic acid,preferred_term,CHEBI:47965,N-acetylmuramic acid,CHEBI:47965,MAPPED
N-acetylneuraminate,preferred_term,CHEBI:35418,N-acetylneuraminate,CHEBI:35418,MAPPED
N-acetylneuraminic acid,preferred_term,CHEBI:17012,N-acetylneuraminic acid,CHEBI:17012,MAPPED
N-acetyltyramine,preferred_term,CHEBI:125610,N-acetyltyramine,CHEBI:125610,MAPPED
N-alpha-Acetyl-L-glutamate,synonym,CHEBI:17533,N-Acetyl-L-Glutamic Acid,CHEBI:17533,MAPPED
N-alpha-Acetyl-L-glutamine,synonym,CHEBI:21553,N-Acetyl-L-glutamine,CHEBI:21553,MAPPED
N-alpha-acetyl-L-lysine,synonym,CHEBI:35704,n-Acetyl-lysine,CHEBI:35704,MAPPED
N-amidinosarcosine,synonym,CHEBI:16919,Creatine,CHEBI:16919,MAPPED
"N-benzyl-N,N-dimethyl-2-{2-[4-(2,4,4-trimethylpentan-2-yl)phenoxy]ethoxy}ethanaminium chloride",synonym,CHEBI:31264,Benzethonium chloride,CHEBI:31264,MAPPED
n-BuCOOH,synonym,CHEBI:17418,Valeric acid,CHEBI:17418,MAPPED
n-butanoic acid,synonym,CHEBI:30772,Butyric acid,CHEBI:30772,MAPPED
n-Butyric acid,synonym,CHEBI:30772,Butyric acid,CHEBI:30772,MAPPED
n-Caproic acid,synonym,CHEBI:30776,Caproic acid,CHEBI:30776,MAPPED
N-carbamimidoyl-N-methylglycine,synonym,CHEBI:16919,Creatine,CHEBI:16919,MAPPED
N-carbamimidoylglycine,synonym,CHEBI:16344,Glycocyamine,CHEBI:16344,MAPPED
n-cetane,synonym,CHEBI:45296,Hexadecane,CHEBI:45296,MAPPED
n-Decane,preferred_term,CHEBI:41808,n-Decane,CHEBI:41808,MAPPED
N-decanoyl-DL-Homoserine lactone,preferred_term,CHEBI:181434,N-decanoyl-DL-Homoserine lactone,CHEBI:181434,MAPPED
"N-decanoyl-L-tryptophyl-L-asparaginyl-N-[(3S,6S,9R,15S,18R,21S,24S,30S,31R)-3-[2-(2-aminophenyl)-2-oxoethyl]-24-(3-aminopropyl)-15,21-bis(carboxymethyl)-6-[(2R)-1-carboxypropan-2-yl]-9-(hydroxymethyl)-18,31-dimethyl-2,5,8,11,14,17,20,23,26,29-decaoxo-1-oxa-4,7,10,13,16,19,22,25,28-nonaazacyclohentriacontan-30-yl]-L-alpha-asparagine",synonym,CHEBI:600103,Daptomycin,CHEBI:600103,MAPPED
n-Dekan,synonym,CHEBI:41808,n-Decane,CHEBI:41808,MAPPED
"N-ethylethanaminium 1,1-diethyl-3-oxotriazan-2-olate",synonym,cas:372965-00-9,DEANONOate,CHEBI:77707,MAPPED
N-glycylglycine,synonym,CHEBI:17201,Glycyl-glycine,CHEBI:17201,MAPPED
n-heptadecane,synonym,CHEBI:16148,Heptadecane,CHEBI:16148,MAPPED
n-hexadecane,synonym,CHEBI:45296,Hexadecane,CHEBI:45296,MAPPED
n-hexanoic acid,synonym,CHEBI:30776,Caproic acid,CHEBI:30776,MAPPED
n-hexoic acid,synonym,CHEBI:30776,Caproic acid,CHEBI:30776,MAPPED
n-hexylic acid,synonym,CHEBI:30776,Caproic acid,CHEBI:30776,MAPPED
N-hydroxyserinamide,synonym,CHEBI:75494,Serine hydroxamate,CHEBI:75494,MAPPED
N-HYDROXYUREA,synonym,CHEBI:44423,Hydroxyurea,CHEBI:44423,MAPPED
N-lauroylsarcosine sodium salt,preferred_term,CHEBI:183704,N-lauroylsarcosine sodium salt,CHEBI:183704,MAPPED
N-Methyl-N-guanylglycine,synonym,CHEBI:16919,Creatine,CHEBI:16919,MAPPED
N-Methylammonium chloride,synonym,CHEBI:59337,Methylamine hydrochloride,CHEBI:59337,MAPPED
N-methylhydantoin,preferred_term,CHEBI:16354,N-methylhydantoin,CHEBI:16354,MAPPED
"N-Methylimidazolidine-2,4-dione",synonym,CHEBI:16354,N-methylhydantoin,CHEBI:16354,MAPPED
N-N Dimethyl glycine,preferred_term,CHEBI:17724,N-N Dimethyl glycine,CHEBI:17724,MAPPED
n-octadecanoic acid,synonym,CHEBI:28842,Stearic acid,CHEBI:28842,MAPPED
n-Pentanoate,synonym,CHEBI:17418,Valeric acid,CHEBI:17418,MAPPED
n-pentanoic acid,synonym,CHEBI:17418,Valeric acid,CHEBI:17418,MAPPED
N-pteroyl-L-glutamic acid,synonym,CHEBI:27470,Folic acid,CHEBI:27470,MAPPED
N-trimethylethanolamine,synonym,CHEBI:15354,Choline,CHEBI:15354,MAPPED
n-Valeric acid,synonym,CHEBI:17418,Valeric acid,CHEBI:17418,MAPPED
N-Z amine,preferred_term,UNMAPPED_0457,N-Z amine,,UNMAPPED
N-Z-Amine® A,preferred_term,UNMAPPED_0458,N-Z-Amine® A,,UNMAPPED
N-Z-Case,preferred_term,UNMAPPED_0459,N-Z-Case,,UNMAPPED
"N-{[(1S,4S,7S,8S,11R,14S,17R,20S)-7-{[N(2)-({(3R,9S,12S,15S,21S,22S)-21-[(N(2)-{[(6R,9S,10S,15aS)-10-({[(3R,6S,12S,15S)-12-[(2S)-butan-2-yl]-6-isobutyl-15-{[(2Z)-2-(L-isoleucylamino)but-2-enoyl]amino}-9-methylene-5,8,11,14-tetraoxo-1-thia-4,7,10,13-tetraazacyclohexadecan-3-yl]carbonyl}amino)-9-methyl-1,4,11-trioxododecahydro-1H,9H-pyrrolo[2,1-i][1,4,7,10]thiatriazacyclotridecin-6-yl]carbonyl}-L-lysyl)amino]-12-isobutyl-15,22-dimethyl-9-[2-(methylsulfanyl)ethyl]-5,8,11,14,17,20-hexaoxo-1-thia-4,7,10,13,16,19-hexaazacyclodocosan-3-yl}carbonyl)-L-asparaginyl-L-methionyl-L-lysyl]amino}-14-(1H-imidazol-5-ylmethyl)-4,8,20-trimethyl-3,6,12,15,21-pentaoxo-9,19-dithia-2,5,13,16,22-pentaazabicyclo[9.9.2]docos-17-yl]carbonyl}-L-seryl-L-isoleucyl-L-histidyl-N-(3-{[(1S)-5-amino-1-carboxypentyl]amino}-3-oxoprop-1-en-2-yl)-L-valinamide",synonym,CHEBI:71629,Nisin,CHEBI:71629,MAPPED
N2,synonym,CHEBI:17997,Nitrogen gas,CHEBI:17997,MAPPED
N2-Acetyl-L-lysine,synonym,CHEBI:35704,n-Acetyl-lysine,CHEBI:35704,MAPPED
N2O,synonym,CHEBI:17045,nitrous oxide,CHEBI:17045,MAPPED
N5-(Aminocarbonyl)ornithine,synonym,CHEBI:16349,L-Citrulline,CHEBI:16349,MAPPED
N5-carbamoylornithine,synonym,CHEBI:16349,L-Citrulline,CHEBI:16349,MAPPED
Na Acetate,synonym,CHEBI:32954,Na-acetate,CHEBI:32954,MAPPED
Na CO,synonym,CHEBI:29377,Na2CO3,CHEBI:29377,MAPPED
NA EDTA,synonym,CHEBI:64734,Na2-EDTA,CHEBI:64734,MAPPED
Na gluconate,synonym,CHEBI:84997,Sodium gluconate,CHEBI:84997,MAPPED
Na glutamate,preferred_term,CHEBI:64220,Na glutamate,CHEBI:64220,MAPPED
Na HPO,synonym,CHEBI:34683,Na2HPO4,CHEBI:34683,MAPPED
Na HPO anydrous,synonym,CHEBI:34683,Na2HPO4,CHEBI:34683,MAPPED
Na malate,synonym,CHEBI:91261,Sodium malate,CHEBI:91261,MAPPED
Na NO3,synonym,CHEBI:63005,NaNO3,CHEBI:63005,MAPPED
Na pyruvate,synonym,CHEBI:50144,Na-pyruvate,CHEBI:50144,MAPPED
Na silicate,synonym,CHEBI:60720,Na-silicate,CHEBI:60720,MAPPED
Na SiO .9H O,synonym,CHEBI:86463,AlK(SO4)2,CHEBI:86463,MAPPED
Na Succinate,synonym,CHEBI:26806,Succinate,CHEBI:26806,MAPPED
Na-(DL)-lactate,synonym,CHEBI:75228,Sodium lactate,CHEBI:75228,MAPPED
Na-(L)-lactate,synonym,CHEBI:232798,Na-L-lactate,CHEBI:232798,MAPPED
Na-3-hydroxybutyrate,preferred_term,CHEBI:113373,Na-3-hydroxybutyrate,CHEBI:113373,MAPPED
Na-acetate,preferred_term,CHEBI:32954,Na-acetate,CHEBI:32954,MAPPED
Na-acetate x 3 H2O,synonym,CHEBI:32138,Sodium acetate trihydrate,CHEBI:32138,MAPPED
Na-ampicillin,preferred_term,CHEBI:34535,Na-ampicillin,CHEBI:34535,MAPPED
Na-ascorbate,preferred_term,CHEBI:113451,Na-ascorbate,CHEBI:113451,MAPPED
Na-benzoate,preferred_term,CHEBI:113455,Na-benzoate,CHEBI:113455,MAPPED
Na-butyrate,preferred_term,CHEBI:64103,Na-butyrate,CHEBI:64103,MAPPED
Na-caproate,preferred_term,CHEBI:114126,Na-caproate,CHEBI:114126,MAPPED
Na-crotonate,preferred_term,CHEBI:35899,Na-crotonate,CHEBI:35899,MAPPED
Na-DL-lactate,synonym,CHEBI:75228,Sodium lactate,CHEBI:75228,MAPPED
Na-DL-malate,synonym,CHEBI:91261,Sodium malate,CHEBI:91261,MAPPED
Na-EDTA,synonym,CHEBI:64734,Na2-EDTA,CHEBI:64734,MAPPED
Na-EDTA x 2 H2O,synonym,CHEBI:64734,Na2-EDTA x 2 H2O,CHEBI:64734,MAPPED
Na-formate,preferred_term,CHEBI:62965,Na-formate,CHEBI:62965,MAPPED
Na-formiate,synonym,CHEBI:62965,Na-formate,CHEBI:62965,MAPPED
Na-fumarate,synonym,CHEBI:115156,Na2-fumarate,CHEBI:115156,MAPPED
Na-gallate,preferred_term,CHEBI:115197,Na-gallate,CHEBI:115197,MAPPED
Na-gluconate,synonym,CHEBI:84997,Sodium gluconate,CHEBI:84997,MAPPED
Na-glutamate,preferred_term,CHEBI:29988,Na-glutamate,CHEBI:29988,MAPPED
Na-L-lactate,preferred_term,CHEBI:232798,Na-L-lactate,CHEBI:232798,MAPPED
Na-L-malate,synonym,CHEBI:91261,Sodium malate,CHEBI:91261,MAPPED
Na-lactate,synonym,CHEBI:75228,Sodium lactate,CHEBI:75228,MAPPED
Na-laurate,preferred_term,CHEBI:131839,Na-laurate,CHEBI:131839,MAPPED
Na-malate,synonym,CHEBI:91261,Sodium malate,CHEBI:91261,MAPPED
Na-Nitrilotriacetat,preferred_term,UNMAPPED_0460,Na-Nitrilotriacetat,,UNMAPPED
Na-orotate,preferred_term,CHEBI:132101,Na-orotate,CHEBI:132101,MAPPED
Na-oxalate,synonym,CHEBI:132764,Disodium oxalate,CHEBI:132764,MAPPED
Na-phosphate buffer,preferred_term,UNMAPPED_0461,Na-phosphate buffer,NCIT:C29321,UNMAPPED
Na-Phosphate-Buffer,preferred_term,UNMAPPED_0462,Na-Phosphate-Buffer,,UNMAPPED
Na-propionate,preferred_term,CHEBI:132106,Na-propionate,CHEBI:132106,MAPPED
Na-pyruvate,preferred_term,CHEBI:50144,Na-pyruvate,CHEBI:50144,MAPPED
Na-silicate,preferred_term,CHEBI:60720,Na-silicate,CHEBI:60720,MAPPED
Na-stearate,preferred_term,CHEBI:132109,Na-stearate,CHEBI:132109,MAPPED
Na-succinate,synonym,CHEBI:26806,Succinate,CHEBI:26806,MAPPED
Na-tartrate,preferred_term,CHEBI:30924,Na-tartrate,CHEBI:30924,MAPPED
Na-tetrathionate,preferred_term,UNMAPPED_0463,Na-tetrathionate,,UNMAPPED
Na-thioglycolate,preferred_term,CHEBI:86481,Na-thioglycolate,CHEBI:86481,MAPPED
Na-thiosulfate,synonym,CHEBI:132112,Na2S2O3,CHEBI:132112,MAPPED
Na-tungstate x 2 H2O,synonym,CHEBI:63939,Na2WO4 x 2 H2O,CHEBI:63939,MAPPED
Na-vanillate,preferred_term,CHEBI:132748,Na-vanillate,CHEBI:132748,MAPPED
Na2 alpha-ketoglutarate,preferred_term,CHEBI:16810,Na2 alpha-ketoglutarate,CHEBI:16810,MAPPED
Na2 beta-glycerol PO4 x 5 H2O,preferred_term,UNMAPPED_0465,Na2 beta-glycerol PO4 x 5 H2O,,UNMAPPED
NA2 EDTA,synonym,CHEBI:64734,Na2-EDTA,CHEBI:64734,MAPPED
Na2 MoO4 x 2 H2O,synonym,CHEBI:75213,Na2MoO4 x 2 H2O,CHEBI:75213,MAPPED
Na2 α-ketoglutarate,synonym,CHEBI:16810,Na2 alpha-ketoglutarate,CHEBI:16810,MAPPED
"Na2-9,10-anthraquinone-2,6-disulfonate",synonym,cas:853-68-9,AQDS,cas:853-68-9,MAPPED
Na2-citrate,synonym,CHEBI:53258,Trisodium citrate,CHEBI:53258,MAPPED
Na2-DL-malate,synonym,CHEBI:91261,Sodium malate,CHEBI:91261,MAPPED
Na2-EDTA,preferred_term,CHEBI:64734,Na2-EDTA,CHEBI:64734,MAPPED
Na2-EDTA x 2 H2O,preferred_term,CHEBI:64734,Na2-EDTA x 2 H2O,CHEBI:64734,MAPPED
Na2-EDTA·2H2O,synonym,CHEBI:64734,Na2-EDTA x 2 H2O,CHEBI:64734,MAPPED
Na2-fumarate,preferred_term,CHEBI:115156,Na2-fumarate,CHEBI:115156,MAPPED
Na2-glutamate,synonym,CHEBI:64220,Na glutamate,CHEBI:64220,MAPPED
Na2-glyoxalate,preferred_term,CHEBI:91251,Na2-glyoxalate,CHEBI:91251,MAPPED
Na2-ß-glycerolphosphate,synonym,CHEBI:132089,Sodium beta-glycerophosphate,CHEBI:132089,MAPPED
Na2B4O7,preferred_term,CHEBI:38892,Na2B4O7,CHEBI:38892,MAPPED
Na2B4O7 . 10H2O,synonym,CHEBI:131366,Na2B4O7 x 10 H2O,CHEBI:131366,MAPPED
Na2B4O7 x 10 H2O,preferred_term,CHEBI:131366,Na2B4O7 x 10 H2O,CHEBI:131366,MAPPED
Na2B4O7 · 10 H2O,synonym,CHEBI:131366,Na2B4O7 x 10 H2O,CHEBI:131366,MAPPED
Na2B4O7·10H2O,synonym,CHEBI:131366,Na2B4O7 x 10 H2O,CHEBI:131366,MAPPED
Na2B4O7⋅10H2O,synonym,CHEBI:131366,Na2B4O7 x 10 H2O,CHEBI:131366,MAPPED
Na2B4O7・10H2O,synonym,CHEBI:131366,Na2B4O7 x 10 H2O,CHEBI:131366,MAPPED
Na2B4O7．10H2O,synonym,CHEBI:131366,Na2B4O7 x 10 H2O,CHEBI:131366,MAPPED
Na2citrate,synonym,CHEBI:53258,Sodium Citrate,CHEBI:53258,MAPPED
Na2citrate x 2 H2O,synonym,CHEBI:32142,Na3-citrate x 2 H2O,CHEBI:32142,MAPPED
Na2CO,synonym,CHEBI:29377,Na2CO3,CHEBI:29377,MAPPED
Na2CO3,preferred_term,CHEBI:29377,Na2CO3,CHEBI:29377,MAPPED
Na2CO3 anhydrous,synonym,CHEBI:29377,Na2CO3,CHEBI:29377,MAPPED
Na2CO3(Baker 3604),synonym,CHEBI:29377,Na2CO3,CHEBI:29377,MAPPED
Na2CO3-CO2 buffer,synonym,CHEBI:29377,Na2CO3,CHEBI:29377,MAPPED
Na2EDTA,synonym,CHEBI:64734,Na2-EDTA,CHEBI:64734,MAPPED
Na2EDTA . 2H2O,synonym,CHEBI:64758,Na2EDTA·2H2O,CHEBI:64758,MAPPED
Na2EDTA · 2H2O,synonym,CHEBI:64758,Na2EDTA·2H2O,CHEBI:64758,MAPPED
Na2EDTA.2H2O,synonym,CHEBI:64758,Na2EDTA·2H2O,CHEBI:64758,MAPPED
Na2EDTA· 2H2O,synonym,CHEBI:64758,Na2EDTA·2H2O,CHEBI:64758,MAPPED
Na2EDTA·2H2O,preferred_term,CHEBI:64758,Na2EDTA·2H2O,CHEBI:64758,MAPPED
Na2EDTA•2H2O,synonym,CHEBI:64758,Na2EDTA·2H2O,CHEBI:64758,MAPPED
Na2EDTA•2H2O(Sigma ED255),synonym,CHEBI:64758,Na2EDTA·2H2O,CHEBI:64758,MAPPED
Na2Glycerophosphate.5H2O,preferred_term,UNMAPPED_0081,Na2Glycerophosphate.5H2O,,UNMAPPED
Na2Glycerophosphate.5H2O(CAS:  13408-09-8),synonym,UNMAPPED_0081,Na2Glycerophosphate.5H2O,,UNMAPPED
Na2Glycerophosphate•5H2O,preferred_term,UNMAPPED_0101,Na2Glycerophosphate•5H2O,,UNMAPPED
Na2glycerophosphate•5H2O,preferred_term,UNMAPPED_0030,Na2glycerophosphate•5H2O,,UNMAPPED
Na2Glycerophosphate•5H2O(CAS: 13408-09-8),synonym,UNMAPPED_0101,Na2Glycerophosphate•5H2O,,UNMAPPED
Na2glycerophosphate•5H2O(CAS: 13408-09-8),synonym,UNMAPPED_0030,Na2glycerophosphate•5H2O,,UNMAPPED
Na2glycerophosphate•5H2O(CAS:  13408-09-8),synonym,UNMAPPED_0030,Na2glycerophosphate•5H2O,,UNMAPPED
Na2H2EDTA,synonym,CHEBI:64734,Na2-EDTA,CHEBI:64734,MAPPED
Na2H2EDTA.2H2O,synonym,CHEBI:64758,Na2EDTA·2H2O,CHEBI:64758,MAPPED
Na2H2PO4,synonym,CHEBI:34683,Na2HPO4,CHEBI:34683,MAPPED
Na2HAsO4 x 7 H2O,preferred_term,CHEBI:91257,Na2HAsO4 x 7 H2O,CHEBI:91257,MAPPED
Na2HPO4,preferred_term,CHEBI:34683,Na2HPO4,CHEBI:34683,MAPPED
Na2HPO4 . 12H2O,synonym,CHEBI:34683,Na2HPO4,CHEBI:34683,MAPPED
Na2HPO4 . 12H2O,synonym,CHEBI:34683,Na2HPO4 x 12 H2O,CHEBI:34683,MAPPED
Na2HPO4 . 12H2O,synonym,CHEBI:34683,Na2HPO4 x 2 H2O,CHEBI:34683,MAPPED
Na2HPO4 . 12H2O,synonym,CHEBI:34683,Na2HPO4 x 3 H2O,CHEBI:34683,MAPPED
Na2HPO4 . 12H2O,synonym,CHEBI:34683,Na2HPO4 x 6 H2O,CHEBI:34683,MAPPED
Na2HPO4 . 12H2O,synonym,CHEBI:34683,Na2HPO4 x 7 H2O,CHEBI:34683,MAPPED
Na2HPO4 x 12 H2O,preferred_term,CHEBI:34683,Na2HPO4 x 12 H2O,CHEBI:34683,MAPPED
Na2HPO4 x 12 H2O,synonym,CHEBI:34683,Na2HPO4,CHEBI:34683,MAPPED
Na2HPO4 x 12 H2O,synonym,CHEBI:34683,Na2HPO4 x 2 H2O,CHEBI:34683,MAPPED
Na2HPO4 x 12 H2O,synonym,CHEBI:34683,Na2HPO4 x 3 H2O,CHEBI:34683,MAPPED
Na2HPO4 x 12 H2O,synonym,CHEBI:34683,Na2HPO4 x 6 H2O,CHEBI:34683,MAPPED
Na2HPO4 x 12 H2O,synonym,CHEBI:34683,Na2HPO4 x 7 H2O,CHEBI:34683,MAPPED
Na2HPO4 x 2 H2O,preferred_term,CHEBI:34683,Na2HPO4 x 2 H2O,CHEBI:34683,MAPPED
Na2HPO4 x 2 H2O,synonym,CHEBI:34683,Na2HPO4,CHEBI:34683,MAPPED
Na2HPO4 x 2 H2O,synonym,CHEBI:34683,Na2HPO4 x 12 H2O,CHEBI:34683,MAPPED
Na2HPO4 x 2 H2O,synonym,CHEBI:34683,Na2HPO4 x 3 H2O,CHEBI:34683,MAPPED
Na2HPO4 x 2 H2O,synonym,CHEBI:34683,Na2HPO4 x 6 H2O,CHEBI:34683,MAPPED
Na2HPO4 x 2 H2O,synonym,CHEBI:34683,Na2HPO4 x 7 H2O,CHEBI:34683,MAPPED
Na2HPO4 x 2H2O,synonym,CHEBI:34683,Na2HPO4,CHEBI:34683,MAPPED
Na2HPO4 x 2H2O,synonym,CHEBI:34683,Na2HPO4 x 12 H2O,CHEBI:34683,MAPPED
Na2HPO4 x 2H2O,synonym,CHEBI:34683,Na2HPO4 x 2 H2O,CHEBI:34683,MAPPED
Na2HPO4 x 2H2O,synonym,CHEBI:34683,Na2HPO4 x 3 H2O,CHEBI:34683,MAPPED
Na2HPO4 x 2H2O,synonym,CHEBI:34683,Na2HPO4 x 6 H2O,CHEBI:34683,MAPPED
Na2HPO4 x 2H2O,synonym,CHEBI:34683,Na2HPO4 x 7 H2O,CHEBI:34683,MAPPED
Na2HPO4 x 3 H2O,preferred_term,CHEBI:34683,Na2HPO4 x 3 H2O,CHEBI:34683,MAPPED
Na2HPO4 x 3 H2O,synonym,CHEBI:34683,Na2HPO4,CHEBI:34683,MAPPED
Na2HPO4 x 3 H2O,synonym,CHEBI:34683,Na2HPO4 x 12 H2O,CHEBI:34683,MAPPED
Na2HPO4 x 3 H2O,synonym,CHEBI:34683,Na2HPO4 x 2 H2O,CHEBI:34683,MAPPED
Na2HPO4 x 3 H2O,synonym,CHEBI:34683,Na2HPO4 x 6 H2O,CHEBI:34683,MAPPED
Na2HPO4 x 3 H2O,synonym,CHEBI:34683,Na2HPO4 x 7 H2O,CHEBI:34683,MAPPED
Na2HPO4 x 6 H2O,preferred_term,CHEBI:34683,Na2HPO4 x 6 H2O,CHEBI:34683,MAPPED
Na2HPO4 x 6 H2O,synonym,CHEBI:34683,Na2HPO4,CHEBI:34683,MAPPED
Na2HPO4 x 6 H2O,synonym,CHEBI:34683,Na2HPO4 x 12 H2O,CHEBI:34683,MAPPED
Na2HPO4 x 6 H2O,synonym,CHEBI:34683,Na2HPO4 x 2 H2O,CHEBI:34683,MAPPED
Na2HPO4 x 6 H2O,synonym,CHEBI:34683,Na2HPO4 x 3 H2O,CHEBI:34683,MAPPED
Na2HPO4 x 6 H2O,synonym,CHEBI:34683,Na2HPO4 x 7 H2O,CHEBI:34683,MAPPED
Na2HPO4 x 7 H2O,preferred_term,CHEBI:34683,Na2HPO4 x 7 H2O,CHEBI:34683,MAPPED
Na2HPO4 x 7 H2O,synonym,CHEBI:34683,Na2HPO4,CHEBI:34683,MAPPED
Na2HPO4 x 7 H2O,synonym,CHEBI:34683,Na2HPO4 x 12 H2O,CHEBI:34683,MAPPED
Na2HPO4 x 7 H2O,synonym,CHEBI:34683,Na2HPO4 x 2 H2O,CHEBI:34683,MAPPED
Na2HPO4 x 7 H2O,synonym,CHEBI:34683,Na2HPO4 x 3 H2O,CHEBI:34683,MAPPED
Na2HPO4 x 7 H2O,synonym,CHEBI:34683,Na2HPO4 x 6 H2O,CHEBI:34683,MAPPED
Na2HPO4 x H2O,synonym,CHEBI:34683,Na2HPO4,CHEBI:34683,MAPPED
Na2HPO4 x H2O,synonym,CHEBI:34683,Na2HPO4 x 12 H2O,CHEBI:34683,MAPPED
Na2HPO4 x H2O,synonym,CHEBI:34683,Na2HPO4 x 2 H2O,CHEBI:34683,MAPPED
Na2HPO4 x H2O,synonym,CHEBI:34683,Na2HPO4 x 3 H2O,CHEBI:34683,MAPPED
Na2HPO4 x H2O,synonym,CHEBI:34683,Na2HPO4 x 6 H2O,CHEBI:34683,MAPPED
Na2HPO4 x H2O,synonym,CHEBI:34683,Na2HPO4 x 7 H2O,CHEBI:34683,MAPPED
Na2HPO4 x2 H2O,synonym,CHEBI:34683,Na2HPO4,CHEBI:34683,MAPPED
Na2HPO4 x2 H2O,synonym,CHEBI:34683,Na2HPO4 x 12 H2O,CHEBI:34683,MAPPED
Na2HPO4 x2 H2O,synonym,CHEBI:34683,Na2HPO4 x 2 H2O,CHEBI:34683,MAPPED
Na2HPO4 x2 H2O,synonym,CHEBI:34683,Na2HPO4 x 3 H2O,CHEBI:34683,MAPPED
Na2HPO4 x2 H2O,synonym,CHEBI:34683,Na2HPO4 x 6 H2O,CHEBI:34683,MAPPED
Na2HPO4 x2 H2O,synonym,CHEBI:34683,Na2HPO4 x 7 H2O,CHEBI:34683,MAPPED
Na2HPO4 × 12 H2O,synonym,CHEBI:34683,Na2HPO4,CHEBI:34683,MAPPED
Na2HPO4 × 12 H2O,synonym,CHEBI:34683,Na2HPO4 x 12 H2O,CHEBI:34683,MAPPED
Na2HPO4-KH2PO4 buffer,preferred_term,UNMAPPED_0467,Na2HPO4-KH2PO4 buffer,,UNMAPPED
Na2HPO4-NaH2PO4 buffer,preferred_term,UNMAPPED_0468,Na2HPO4-NaH2PO4 buffer,,UNMAPPED
Na2HPO4.12H2O,synonym,CHEBI:34683,Na2HPO4,CHEBI:34683,MAPPED
Na2HPO4.12H2O,synonym,CHEBI:34683,Na2HPO4 x 12 H2O,CHEBI:34683,MAPPED
Na2HPO4.12H2O,synonym,CHEBI:34683,Na2HPO4 x 2 H2O,CHEBI:34683,MAPPED
Na2HPO4.12H2O,synonym,CHEBI:34683,Na2HPO4 x 3 H2O,CHEBI:34683,MAPPED
Na2HPO4.12H2O,synonym,CHEBI:34683,Na2HPO4 x 6 H2O,CHEBI:34683,MAPPED
Na2HPO4.12H2O,synonym,CHEBI:34683,Na2HPO4 x 7 H2O,CHEBI:34683,MAPPED
Na2HPO4.7H2O,synonym,CHEBI:34683,Na2HPO4,CHEBI:34683,MAPPED
Na2HPO4.7H2O,synonym,CHEBI:34683,Na2HPO4 x 12 H2O,CHEBI:34683,MAPPED
Na2HPO4.7H2O,synonym,CHEBI:34683,Na2HPO4 x 2 H2O,CHEBI:34683,MAPPED
Na2HPO4.7H2O,synonym,CHEBI:34683,Na2HPO4 x 3 H2O,CHEBI:34683,MAPPED
Na2HPO4.7H2O,synonym,CHEBI:34683,Na2HPO4 x 6 H2O,CHEBI:34683,MAPPED
Na2HPO4.7H2O,synonym,CHEBI:34683,Na2HPO4 x 7 H2O,CHEBI:34683,MAPPED
Na2HPO4·12H2O,synonym,CHEBI:34683,Na2HPO4,CHEBI:34683,MAPPED
Na2HPO4·12H2O,synonym,CHEBI:34683,Na2HPO4 x 12 H2O,CHEBI:34683,MAPPED
Na2HPO4·12H2O,synonym,CHEBI:34683,Na2HPO4 x 2 H2O,CHEBI:34683,MAPPED
Na2HPO4·12H2O,synonym,CHEBI:34683,Na2HPO4 x 3 H2O,CHEBI:34683,MAPPED
Na2HPO4·12H2O,synonym,CHEBI:34683,Na2HPO4 x 6 H2O,CHEBI:34683,MAPPED
Na2HPO4·12H2O,synonym,CHEBI:34683,Na2HPO4 x 7 H2O,CHEBI:34683,MAPPED
Na2HPO4·2H2O,synonym,CHEBI:34683,Na2HPO4 x 2 H2O,CHEBI:34683,MAPPED
Na2HPO4·6H2O,synonym,CHEBI:34683,Na2HPO4 x 6 H2O,CHEBI:34683,MAPPED
Na2HPO4•7H2O,synonym,CHEBI:34683,Na2HPO4 x 7 H2O,CHEBI:34683,MAPPED
Na2Mo4 x 2 H2O,synonym,CHEBI:75213,Na2MoO4 x 2 H2O,CHEBI:75213,MAPPED
Na2MoO4,preferred_term,CHEBI:75215,Na2MoO4,CHEBI:75215,MAPPED
Na2MoO4 . 2H2O,synonym,CHEBI:75215,Na2MoO4,CHEBI:75215,MAPPED
Na2MoO4 . 2H2O,synonym,CHEBI:75215,Na2MoO4·2H2O,CHEBI:75215,MAPPED
Na2MoO4 . H2O,synonym,CHEBI:75215,Na2MoO4,CHEBI:75215,MAPPED
Na2MoO4 . H2O,synonym,CHEBI:75215,Na2MoO4·2H2O,CHEBI:75215,MAPPED
Na2MoO4 x 2 H2O,preferred_term,CHEBI:75213,Na2MoO4 x 2 H2O,CHEBI:75213,MAPPED
Na2MoO4 x 2 H2O (0.1% w/v),synonym,CHEBI:75215,Na2MoO4,CHEBI:75215,MAPPED
Na2MoO4 x 2 H2O (0.1% w/v),synonym,CHEBI:75215,Na2MoO4·2H2O,CHEBI:75215,MAPPED
Na2MoO4 x 2H2O,synonym,CHEBI:75215,Na2MoO4,CHEBI:75215,MAPPED
Na2MoO4 x 2H2O,synonym,CHEBI:75215,Na2MoO4·2H2O,CHEBI:75215,MAPPED
Na2MoO4 x 7 H2O,preferred_term,CHEBI:86473,Na2MoO4 x 7 H2O,CHEBI:86473,MAPPED
Na2MoO4 x H2O,synonym,CHEBI:75215,Na2MoO4,CHEBI:75215,MAPPED
Na2MoO4 · 2H2O,synonym,CHEBI:75215,Na2MoO4,CHEBI:75215,MAPPED
Na2MoO4 · 2H2O,synonym,CHEBI:75215,Na2MoO4·2H2O,CHEBI:75215,MAPPED
Na2MoO4 · H2O,synonym,CHEBI:75215,Na2MoO4,CHEBI:75215,MAPPED
Na2MoO4 · H2O,synonym,CHEBI:75215,Na2MoO4·2H2O,CHEBI:75215,MAPPED
Na2MoO4 × H2O,synonym,CHEBI:75215,Na2MoO4,CHEBI:75215,MAPPED
Na2MoO4 ∙ 2 H2O,synonym,CHEBI:75215,Na2MoO4,CHEBI:75215,MAPPED
Na2MoO4 ⋅ 2H2O,synonym,CHEBI:75215,Na2MoO4,CHEBI:75215,MAPPED
Na2MoO4 ⋅ 2H2O,synonym,CHEBI:75215,Na2MoO4·2H2O,CHEBI:75215,MAPPED
Na2MoO4*2 H2O,synonym,CHEBI:75213,Na2MoO4 x 2 H2O,CHEBI:75213,MAPPED
Na2MoO4*2H2O,synonym,CHEBI:75213,Na2MoO4 x 2 H2O,CHEBI:75213,MAPPED
Na2MoO4-2H2O,synonym,CHEBI:75213,Na2MoO4 x 2 H2O,CHEBI:75213,MAPPED
Na2MoO4. 2H2O,synonym,CHEBI:75215,Na2MoO4,CHEBI:75215,MAPPED
Na2MoO4. 2H2O,synonym,CHEBI:75215,Na2MoO4·2H2O,CHEBI:75215,MAPPED
Na2MoO4.2H2O,synonym,CHEBI:75213,Na2MoO4 x 2 H2O,CHEBI:75213,MAPPED
Na2MoO4.7H2O,synonym,CHEBI:86473,Na2MoO4 x 7 H2O,CHEBI:86473,MAPPED
Na2MoO4.H2O,synonym,CHEBI:75215,Na2MoO4,CHEBI:75215,MAPPED
Na2MoO4.H2O,synonym,CHEBI:75215,Na2MoO4·2H2O,CHEBI:75215,MAPPED
Na2MoO4xH2O,synonym,CHEBI:75215,Na2MoO4,CHEBI:75215,MAPPED
Na2MoO4xH2O,synonym,CHEBI:75215,Na2MoO4·2H2O,CHEBI:75215,MAPPED
Na2MoO4·2H2O,preferred_term,CHEBI:75215,Na2MoO4·2H2O,CHEBI:75215,MAPPED
Na2MoO4·2H2O,synonym,CHEBI:75215,Na2MoO4,CHEBI:75215,MAPPED
Na2MoO4∙2H2O,synonym,CHEBI:75215,Na2MoO4,CHEBI:75215,MAPPED
Na2MoO4⋅2H2O,synonym,CHEBI:75215,Na2MoO4,CHEBI:75215,MAPPED
Na2MoO4⋅2H2O,synonym,CHEBI:75215,Na2MoO4·2H2O,CHEBI:75215,MAPPED
Na2MoO4・2H2O,synonym,CHEBI:75215,Na2MoO4,CHEBI:75215,MAPPED
Na2MoO4・2H2O,synonym,CHEBI:75215,Na2MoO4·2H2O,CHEBI:75215,MAPPED
Na2MoO7 x 2 H2O,synonym,CHEBI:75213,Na2MoO4 x 2 H2O,CHEBI:75213,MAPPED
Na2MoO7O4 x 2 H2O,synonym,CHEBI:75213,Na2MoO4 x 2 H2O,CHEBI:75213,MAPPED
Na2MoSO4,synonym,CHEBI:75213,Na2MoO4 x 2 H2O,CHEBI:75213,MAPPED
Na2MoSO4 x 2 H2O,synonym,CHEBI:75213,Na2MoO4 x 2 H2O,CHEBI:75213,MAPPED
Na2S,preferred_term,CHEBI:76208,Na2S,CHEBI:76208,MAPPED
Na2S . 9H2O,synonym,CHEBI:76209,Na2S x 9 H2O,CHEBI:76209,MAPPED
Na2S x 9 H2O,preferred_term,CHEBI:76209,Na2S x 9 H2O,CHEBI:76209,MAPPED
Na2S x 9 H2O (3% w/v),synonym,CHEBI:76209,Na2S x 9 H2O,CHEBI:76209,MAPPED
Na2S x 9 H2O(24% w/v),synonym,CHEBI:76209,Na2S x 9 H2O,CHEBI:76209,MAPPED
Na2S x 9H2O,synonym,CHEBI:76209,Na2S x 9 H2O,CHEBI:76209,MAPPED
Na2S x H2O,synonym,CHEBI:76208,Na2S,CHEBI:76208,MAPPED
Na2S ∙ 9 H2O,synonym,CHEBI:76209,Na2S x 9 H2O,CHEBI:76209,MAPPED
Na2S.9H2O,synonym,CHEBI:76209,Na2S x 9 H2O,CHEBI:76209,MAPPED
Na2S2O3,preferred_term,CHEBI:132112,Na2S2O3,CHEBI:132112,MAPPED
Na2S2O3 . 5H2O,synonym,CHEBI:32150,Na2S2O3 x 5 H2O,CHEBI:32150,MAPPED
Na2S2O3 x 5 H2O,preferred_term,CHEBI:32150,Na2S2O3 x 5 H2O,CHEBI:32150,MAPPED
Na2S2O3 x 5 H2O (10% solution),synonym,CHEBI:32150,Na2S2O3 x 5 H2O,CHEBI:32150,MAPPED
Na2S2O3 x 5 H2O(24 % w/v),synonym,CHEBI:32150,Na2S2O3 x 5 H2O,CHEBI:32150,MAPPED
Na2S2O3 x 5H2O,synonym,CHEBI:32150,Na2S2O3 x 5 H2O,CHEBI:32150,MAPPED
Na2S2O3.5H2O,synonym,CHEBI:32150,Na2S2O3 x 5 H2O,CHEBI:32150,MAPPED
Na2S2O3x5H2O,synonym,CHEBI:32150,Na2S2O3 x 5 H2O,CHEBI:32150,MAPPED
Na2S2O3·5H2O,synonym,CHEBI:32150,Na2S2O3 x 5 H2O,CHEBI:32150,MAPPED
Na2S2O3・5H2O,synonym,CHEBI:32150,Na2S2O3 x 5 H2O,CHEBI:32150,MAPPED
Na2S2O4,synonym,CHEBI:66870,Sodium dithionite,CHEBI:66870,MAPPED
Na2S2O4,preferred_term,CHEBI:61278,Na2S2O4,CHEBI:61278,REJECTED
Na2S2O5,preferred_term,CHEBI:114786,Na2S2O5,CHEBI:114786,MAPPED
Na2S2SO3,synonym,CHEBI:132112,Na2S2O3,CHEBI:132112,MAPPED
Na2Se2O3,synonym,CHEBI:48843,Na2SeO3,CHEBI:48843,MAPPED
Na2SeO3,preferred_term,CHEBI:48843,Na2SeO3,CHEBI:48843,MAPPED
Na2SeO3 . 5H2O,synonym,CHEBI:48843,Na2SeO3·5H2O,CHEBI:48843,MAPPED
Na2SeO3 x 5 H2O,preferred_term,CHEBI:131361,Na2SeO3 x 5 H2O,CHEBI:131361,MAPPED
Na2SeO3 x 5 H2O (0.01% w/v),synonym,CHEBI:48843,Na2SeO3·5H2O,CHEBI:48843,MAPPED
Na2SeO3·5H2O,preferred_term,CHEBI:48843,Na2SeO3·5H2O,CHEBI:48843,MAPPED
Na2SeO3・5H2O,synonym,CHEBI:48843,Na2SeO3·5H2O,CHEBI:48843,MAPPED
Na2SeO4,preferred_term,CHEBI:77775,Na2SeO4,CHEBI:77775,MAPPED
Na2SiO3 x 9 H2O,preferred_term,CHEBI:132108,Na2SiO3 x 9 H2O,CHEBI:132108,MAPPED
Na2SiO3.9H2O,synonym,CHEBI:132108,Na2SiO3 x 9 H2O,CHEBI:132108,MAPPED
Na2SiO3·9H2O,synonym,CHEBI:132108,Na2SiO3 x 9 H2O,CHEBI:132108,MAPPED
Na2SiO3•9H2O,synonym,CHEBI:132108,Na2SiO3 x 9 H2O,CHEBI:132108,MAPPED
Na2SiO3•9H2O(CAS: 13517-24-3),synonym,CHEBI:132108,Na2SiO3 x 9 H2O,CHEBI:132108,MAPPED
Na2SiO3•9H2O(Sigma 307815),synonym,CHEBI:132108,Na2SiO3 x 9 H2O,CHEBI:132108,MAPPED
Na2SiO3∙9H2O,synonym,CHEBI:132108,Na2SiO3 x 9 H2O,CHEBI:132108,MAPPED
Na2SiO3・9H2O,synonym,CHEBI:132108,Na2SiO3 x 9 H2O,CHEBI:132108,MAPPED
Na2SO3,preferred_term,CHEBI:86477,Na2SO3,CHEBI:86477,MAPPED
Na2SO3 x 5 H2O,preferred_term,CHEBI:86477,Na2SO3 x 5 H2O,CHEBI:86477,MAPPED
Na2SO4,preferred_term,CHEBI:32149,Na2SO4,CHEBI:32149,MAPPED
Na2SO4 x 10 H2O,preferred_term,CHEBI:32586,Na2SO4 x 10 H2O,CHEBI:32586,MAPPED
Na2SO4.10H2O,synonym,CHEBI:32586,Na2SO4 x 10 H2O,CHEBI:32586,MAPPED
Na2S·9H2O,synonym,CHEBI:76209,Na2S x 9 H2O,CHEBI:76209,MAPPED
Na2S⋅9H2O,synonym,CHEBI:76209,Na2S x 9 H2O,CHEBI:76209,MAPPED
Na2S・9H2O,synonym,CHEBI:76209,Na2S x 9 H2O,CHEBI:76209,MAPPED
Na2WO2 x 2 H2O,synonym,CHEBI:63939,Na2WO4 x 2 H2O,CHEBI:63939,MAPPED
Na2WO4,preferred_term,CHEBI:63940,Na2WO4,CHEBI:63940,MAPPED
Na2WO4 . 2H2O,synonym,CHEBI:63939,Na2WO4 x 2 H2O,CHEBI:63939,MAPPED
Na2WO4 x 2 H2O,preferred_term,CHEBI:63939,Na2WO4 x 2 H2O,CHEBI:63939,MAPPED
Na2WO4 x 2 H2O (0.1% w/v),synonym,CHEBI:63939,Na2WO4 x 2 H2O,CHEBI:63939,MAPPED
Na2WO4 × 2H2O,synonym,CHEBI:63939,Na2WO4 x 2 H2O,CHEBI:63939,MAPPED
Na2WO4*2H2O,synonym,CHEBI:63939,Na2WO4 x 2 H2O,CHEBI:63939,MAPPED
Na2WO4.2H2O,synonym,CHEBI:63939,Na2WO4 x 2 H2O,CHEBI:63939,MAPPED
Na2WO4·2H2O,synonym,CHEBI:63939,Na2WO4 x 2 H2O,CHEBI:63939,MAPPED
Na2WO4・2H2O,synonym,CHEBI:63939,Na2WO4 x 2 H2O,CHEBI:63939,MAPPED
Na3-citrate,synonym,CHEBI:53258,Trisodium citrate,CHEBI:53258,MAPPED
Na3-citrate x 2 H2O,preferred_term,CHEBI:32142,Na3-citrate x 2 H2O,CHEBI:32142,MAPPED
Na3-citrate x 2 H2O (0.6 g/l stock solution),synonym,CHEBI:32142,Na3-citrate x 2 H2O,CHEBI:32142,MAPPED
Na3-EDTA,preferred_term,CHEBI:63125,Na3-EDTA,CHEBI:63125,MAPPED
Na3-NTA x H2O,preferred_term,UNMAPPED_0475,Na3-NTA x H2O,,UNMAPPED
Na3Citrate,synonym,CHEBI:53258,Sodium Citrate,CHEBI:53258,MAPPED
Na3Citrate x 2 H2O,synonym,CHEBI:32142,Na3-citrate x 2 H2O,CHEBI:32142,MAPPED
Na3VO4,preferred_term,CHEBI:35607,Na3VO4,CHEBI:35607,MAPPED
Na3‐citrate,synonym,CHEBI:53258,Sodium Citrate,CHEBI:53258,MAPPED
Na3‐citrate x 2H2O,synonym,CHEBI:32142,Na3-citrate x 2 H2O,CHEBI:32142,MAPPED
Na3‐citrate x 2H2O,synonym,CHEBI:32142,Na3-citrate x 2 H2O,CHEBI:32142,MAPPED
NAA,synonym,CHEBI:32918,1-Naphtylacetic Acid,CHEBI:32918,MAPPED
NaBr,preferred_term,CHEBI:63004,NaBr,CHEBI:63004,MAPPED
NaCl,preferred_term,CHEBI:26710,NaCl,CHEBI:26710,MAPPED
NaCl (Fisher S271-500),synonym,CHEBI:26710,NaCl,CHEBI:26710,MAPPED
NaCl(Fisher S271-500),synonym,CHEBI:26710,NaCl,CHEBI:26710,MAPPED
NaClO3,preferred_term,CHEBI:65242,NaClO3,CHEBI:65242,MAPPED
NaClO4,synonym,CHEBI:132103,Sodium perchlorate,CHEBI:132103,MAPPED
NaCO3,synonym,CHEBI:29377,Na2CO3,CHEBI:29377,MAPPED
NAD(+),synonym,CHEBI:15846,beta-NAD,CHEBI:15846,MAPPED
NAD+,synonym,CHEBI:15846,beta-NAD,CHEBI:15846,MAPPED
NaF,preferred_term,CHEBI:28741,NaF,CHEBI:28741,MAPPED
Nafcillin sodium salt monohydrate,preferred_term,CHEBI:51919,Nafcillin sodium salt monohydrate,CHEBI:51919,MAPPED
naftaleno,synonym,CHEBI:16482,Naphthalene,CHEBI:16482,MAPPED
naftalina,synonym,CHEBI:16482,Naphthalene,CHEBI:16482,MAPPED
NaH PO .2H O,synonym,CHEBI:37585,NaH2PO4,CHEBI:37585,MAPPED
NaH2PO4,preferred_term,CHEBI:37585,NaH2PO4,CHEBI:37585,MAPPED
NaH2PO4 x 2 H2O,preferred_term,CHEBI:37585,NaH2PO4 x 2 H2O,CHEBI:37585,MAPPED
NaH2PO4 x 2 H2O,synonym,CHEBI:37585,NaH2PO4,CHEBI:37585,MAPPED
NaH2PO4 x 2H2O,synonym,CHEBI:37585,NaH2PO4,CHEBI:37585,MAPPED
NaH2PO4 x 2H2O,synonym,CHEBI:37585,NaH2PO4 x 2 H2O,CHEBI:37585,MAPPED
NaH2PO4 x H2O,synonym,CHEBI:37585,NaH2PO4,CHEBI:37585,MAPPED
NaH2PO4 x H2O,synonym,CHEBI:37585,NaH2PO4 x 2 H2O,CHEBI:37585,MAPPED
NaH2PO4·2H2O,synonym,CHEBI:37585,NaH2PO4,CHEBI:37585,MAPPED
NaH2PO4·2H2O,synonym,CHEBI:37585,NaH2PO4 x 2 H2O,CHEBI:37585,MAPPED
NaH2PO4·H2O,synonym,CHEBI:37585,NaH2PO4,CHEBI:37585,MAPPED
NaH2PO4·H2O,synonym,CHEBI:37585,NaH2PO4 x 2 H2O,CHEBI:37585,MAPPED
NaH2PO4•H2O,preferred_term,UNMAPPED_0028,NaH2PO4•H2O,,UNMAPPED
NaH2PO4•H2O(MCIB 742),synonym,UNMAPPED_0028,NaH2PO4•H2O,,UNMAPPED
NaH2PO4・2H2O,synonym,CHEBI:37585,NaH2PO4,CHEBI:37585,MAPPED
NaH2PO4・2H2O,synonym,CHEBI:37585,NaH2PO4 x 2 H2O,CHEBI:37585,MAPPED
NaH2PO4・H2O,synonym,CHEBI:37585,NaH2PO4,CHEBI:37585,MAPPED
NaH2PO4・H2O,synonym,CHEBI:37585,NaH2PO4 x 2 H2O,CHEBI:37585,MAPPED
NaHAsO4.7H2O,synonym,CHEBI:91257,Na2HAsO4 x 7 H2O,CHEBI:91257,MAPPED
NaHCO,synonym,CHEBI:32139,NaHCO3,CHEBI:32139,MAPPED
NaHCO3,preferred_term,CHEBI:32139,NaHCO3,CHEBI:32139,MAPPED
NaHCO3(Fisher S 233),synonym,CHEBI:32139,NaHCO3,CHEBI:32139,MAPPED
NaHSO3,preferred_term,CHEBI:26709,NaHSO3,CHEBI:26709,MAPPED
Nalidixic acid sodium salt,preferred_term,cas:3374-05-8,Nalidixic acid sodium salt,CHEBI:100147,MAPPED
NaMoO4,synonym,CHEBI:75213,Na2MoO4 x 2 H2O,CHEBI:75213,MAPPED
NaMoO4 x 2 H2O,synonym,CHEBI:75213,Na2MoO4 x 2 H2O,CHEBI:75213,MAPPED
NaNO,preferred_term,NCIT:C54713,NaNO,NCIT:C54713,MAPPED
NaNO2,preferred_term,CHEBI:78870,NaNO2,CHEBI:78870,MAPPED
NaNO3,preferred_term,CHEBI:63005,NaNO3,CHEBI:63005,MAPPED
NaNO3(autoclave before adding)(Fisher BP360-500),synonym,NCIT:C54713,NaNO,NCIT:C54713,MAPPED
NaNO3(CAS: 7631-99-4),synonym,NCIT:C54713,NaNO,NCIT:C54713,MAPPED
NaNO3(Fisher BP360-500),synonym,NCIT:C54713,NaNO,NCIT:C54713,MAPPED
NaOH,preferred_term,CHEBI:32145,NaOH,CHEBI:32145,MAPPED
naphtalene,synonym,CHEBI:16482,Naphthalene,CHEBI:16482,MAPPED
naphtaline,synonym,CHEBI:16482,Naphthalene,CHEBI:16482,MAPPED
Naphthalen,synonym,CHEBI:16482,Naphthalene,CHEBI:16482,MAPPED
naphthalen-1-ylacetic acid,synonym,CHEBI:32918,1-Naphtylacetic Acid,CHEBI:32918,MAPPED
Naphthalene,preferred_term,CHEBI:16482,Naphthalene,CHEBI:16482,MAPPED
Naphthalene sulfonic acid,preferred_term,CHEBI:36336,Naphthalene sulfonic acid,CHEBI:36336,MAPPED
"naphthalene-1,4-dione",synonym,CHEBI:27418,"1,4-Naphthoquinone",CHEBI:27418,MAPPED
naphthalenesulfonic acid,synonym,CHEBI:36336,Naphthalene sulfonic acid,CHEBI:36336,MAPPED
Naphthalin,synonym,CHEBI:16482,Naphthalene,CHEBI:16482,MAPPED
naphthoquinone,synonym,CHEBI:27418,"1,4-Naphthoquinone",CHEBI:27418,MAPPED
naramycin,synonym,CHEBI:27641,Cycloheximid,CHEBI:27641,MAPPED
naramycin A,synonym,CHEBI:27641,Cycloheximid,CHEBI:27641,MAPPED
Narbomycin,preferred_term,CHEBI:29649,Narbomycin,CHEBI:29649,MAPPED
Narcogen,synonym,CHEBI:16602,Trichloroethylene,CHEBI:16602,MAPPED
Naringenin,preferred_term,CHEBI:50202,Naringenin,CHEBI:50202,MAPPED
Naringin,preferred_term,CHEBI:28819,Naringin,CHEBI:28819,MAPPED
NaS2O3,synonym,CHEBI:132112,Na2S2O3,CHEBI:132112,MAPPED
NaS2O3 x 5 H2O,synonym,CHEBI:32150,Na2S2O3 x 5 H2O,CHEBI:32150,MAPPED
NaSiO3 x 9 H2O,preferred_term,UNMAPPED_0477,NaSiO3 x 9 H2O,,UNMAPPED
NaSO4,synonym,CHEBI:32149,Na2SO4,CHEBI:32149,MAPPED
Natamycin,preferred_term,CHEBI:7488,Natamycin,CHEBI:7488,MAPPED
natrii ascorbas,synonym,CHEBI:113451,Na-ascorbate,CHEBI:113451,MAPPED
natrii chloridum,synonym,CHEBI:26710,NaCl,CHEBI:26710,MAPPED
Natrium nitrit,synonym,CHEBI:78870,NaNO2,CHEBI:78870,MAPPED
Natrium octanoat,synonym,CHEBI:132100,Sodium octanoate,CHEBI:132100,MAPPED
Natrium pyrophosphat,synonym,CHEBI:71240,Sodium pyrophosphate,CHEBI:71240,MAPPED
Natrium sulfurosum,synonym,CHEBI:86477,Na2SO3,CHEBI:86477,MAPPED
Natriumazetat,synonym,CHEBI:32954,Na-acetate,CHEBI:32954,MAPPED
Natriumbisulfit,synonym,CHEBI:26709,NaHSO3,CHEBI:26709,MAPPED
Natriumchlorat,synonym,CHEBI:65242,NaClO3,CHEBI:65242,MAPPED
Natriumchlorid,synonym,CHEBI:26710,NaCl,CHEBI:26710,MAPPED
Natriumhydrogenkarbonat,synonym,CHEBI:32139,NaHCO3,CHEBI:32139,MAPPED
Natriumhydrogensulfit,synonym,CHEBI:26709,NaHSO3,CHEBI:26709,MAPPED
Natriumhydroxid,synonym,CHEBI:32145,NaOH,CHEBI:32145,MAPPED
Natriumkarbonat,synonym,CHEBI:29377,Na2CO3,CHEBI:29377,MAPPED
Natriummolybdat,synonym,CHEBI:75215,Na2MoO4,CHEBI:75215,MAPPED
Natriumoxalat,synonym,CHEBI:132764,Disodium oxalate,CHEBI:132764,MAPPED
Natriumperchlorat,synonym,CHEBI:132103,Sodium perchlorate,CHEBI:132103,MAPPED
Natriumpropionat,synonym,CHEBI:132106,Na-propionate,CHEBI:132106,MAPPED
Natriumpyruvat,synonym,CHEBI:50144,Na-pyruvate,CHEBI:50144,MAPPED
Natriumselenit,synonym,CHEBI:48843,Na2SeO3,CHEBI:48843,MAPPED
Natriumsulfat,synonym,CHEBI:32149,Na2SO4,CHEBI:32149,MAPPED
Natriumsulfid,synonym,CHEBI:86477,Na2SO3,CHEBI:86477,MAPPED
Natural blue 2,synonym,CHEBI:31695,Indigocarmine,CHEBI:31695,MAPPED
Natural sea water,preferred_term,kgmicrobe.ingredient:natural_sea_water,Natural sea water,ENVO:00002149,MAPPED
Natural sea-salt,preferred_term,UNMAPPED_0050,Natural sea-salt,,UNMAPPED
NaVO3,preferred_term,CHEBI:75221,NaVO3,CHEBI:75221,MAPPED
NaVO3 x H2O,preferred_term,CHEBI:132095,NaVO3 x H2O,CHEBI:132095,MAPPED
NaVO3 x n H2O,synonym,CHEBI:132095,NaVO3 x H2O,CHEBI:132095,MAPPED
NaVO3.H2O,synonym,CHEBI:132095,NaVO3 x H2O,CHEBI:132095,MAPPED
NaWO4·2H2O,synonym,CHEBI:63939,Na2WO4 x 2 H2O,CHEBI:63939,MAPPED
NdCl3 x 6 H2O,preferred_term,UNMAPPED_0479,NdCl3 x 6 H2O,,UNMAPPED
Neoantimycin,preferred_term,CHEBI:215310,Neoantimycin,CHEBI:215310,MAPPED
Neomycin,preferred_term,CHEBI:7507,Neomycin,CHEBI:7507,MAPPED
Neomycin E,synonym,CHEBI:7934,Paromomycin,CHEBI:7934,MAPPED
Neomycin F,preferred_term,CHEBI:81287,Neomycin F,CHEBI:81287,MAPPED
Neomycin trisulfate salt hydrate,preferred_term,CHEBI:31635,Neomycin trisulfate salt hydrate,CHEBI:31635,MAPPED
Neopeptone,synonym,MICRO:0000178,Bacto peptone,MICRO:0000178,MAPPED
Neopeptone (BD-Difco),synonym,MICRO:0000178,Bacto peptone,MICRO:0000178,MAPPED
"Neopeptone (Difco Laboratories, Detroit, Ml)",synonym,MICRO:0000178,Bacto peptone,MICRO:0000178,MAPPED
Nerol,preferred_term,CHEBI:29452,Nerol,CHEBI:29452,MAPPED
Nerolidol,preferred_term,CHEBI:7524,Nerolidol,CHEBI:7524,MAPPED
Netilmicin,synonym,CHEBI:7528,Netilmycin,CHEBI:7528,MAPPED
Netilmycin,preferred_term,CHEBI:7528,Netilmycin,CHEBI:7528,MAPPED
Netropsin,preferred_term,UNMAPPED_0832,Netropsin,,UNMAPPED
NH4-oxalate,preferred_term,CHEBI:91241,NH4-oxalate,CHEBI:91241,MAPPED
NH42CO3,preferred_term,CHEBI:229630,NH42CO3,CHEBI:229630,MAPPED
NH4Cl,preferred_term,CHEBI:31206,NH4Cl,CHEBI:31206,MAPPED
NH4Cl(CAS: 12125-02-9),synonym,CHEBI:31206,NH4Cl,CHEBI:31206,MAPPED
NH4Cl(Fisher A 649-500),synonym,CHEBI:31206,NH4Cl,CHEBI:31206,MAPPED
NH4Cl2,synonym,CHEBI:31206,NH4Cl,CHEBI:31206,MAPPED
NH4H2PO4,preferred_term,CHEBI:62982,NH4H2PO4,CHEBI:62982,MAPPED
NH4HCO3,preferred_term,CHEBI:184335,NH4HCO3,CHEBI:184335,MAPPED
NH4MgPO,preferred_term,CHEBI:149425,NH4MgPO,CHEBI:149425,MAPPED
NH4MgPO4(Sigma 529354),synonym,CHEBI:149425,NH4MgPO,CHEBI:149425,MAPPED
NH4NO,synonym,CHEBI:63038,(NH4)NO3,CHEBI:63038,MAPPED
NH4NO3,synonym,CHEBI:63038,(NH4)NO3,CHEBI:63038,MAPPED
NH4NO3(CAS: 6484-52-2),synonym,CHEBI:63038,(NH4)NO3,CHEBI:63038,MAPPED
NH4OAc,synonym,CHEBI:62947,Ammonium acetate,CHEBI:62947,MAPPED
Niacin,synonym,CHEBI:15940,Nicotinic acid,CHEBI:15940,MAPPED
Niacinamide,synonym,CHEBI:17154,Nicotinamide,CHEBI:17154,MAPPED
Niacor,synonym,CHEBI:15940,Nicotinic acid,CHEBI:15940,MAPPED
niamide,synonym,CHEBI:17154,Nicotinamide,CHEBI:17154,MAPPED
Niaproof,preferred_term,CHEBI:75273,Niaproof,CHEBI:75273,MAPPED
Niaspan,synonym,CHEBI:15940,Nicotinic acid,CHEBI:15940,MAPPED
Nickel (II) chloride hexahydrate,preferred_term,CHEBI:53542,Nickel (II) chloride hexahydrate,CHEBI:53542,MAPPED
Nickel (II) sulfate hexahydrate,preferred_term,CHEBI:53437,Nickel (II) sulfate hexahydrate,CHEBI:53437,MAPPED
Nickel ammonium sulfate hexahydrate,synonym,CHEBI:86149,(NH4)2Ni(SO4)2 x 6 H2O,CHEBI:86149,MAPPED
Nickel chloride,synonym,CHEBI:34887,NiCl2,CHEBI:34887,MAPPED
nickel chloride,synonym,CHEBI:34887,NiCl2,CHEBI:34887,MAPPED
Nickel chloride hexahydrate,synonym,CHEBI:53542,Nickel (II) chloride hexahydrate,CHEBI:53542,MAPPED
nickel chloride--water (1/6),synonym,CHEBI:53542,Nickel (II) chloride hexahydrate,CHEBI:53542,MAPPED
Nickel diammonium disulfate hexahydrate,synonym,CHEBI:86149,(NH4)2Ni(SO4)2 x 6 H2O,CHEBI:86149,MAPPED
nickel dichloride,synonym,CHEBI:34887,NiCl2,CHEBI:34887,MAPPED
Nickel dichloride hexahydrate,synonym,CHEBI:53542,Nickel (II) chloride hexahydrate,CHEBI:53542,MAPPED
Nickel monosulfate hexahydrate,synonym,CHEBI:53437,Nickel (II) sulfate hexahydrate,CHEBI:53437,MAPPED
Nickel sulfate hexahydrate,synonym,CHEBI:53437,Nickel (II) sulfate hexahydrate,CHEBI:53437,MAPPED
Nickel sulphate hexahydrate,synonym,CHEBI:53437,Nickel (II) sulfate hexahydrate,CHEBI:53437,MAPPED
nickel(2+) chloride,synonym,CHEBI:34887,NiCl2,CHEBI:34887,MAPPED
nickel(2+) chloride,synonym,CHEBI:34887,NiCl2 x 2 H2O,CHEBI:34887,MAPPED
nickel(2+) chloride,synonym,CHEBI:34887,NiCl2 x 5 H2O,CHEBI:34887,MAPPED
nickel(2+) chloride,synonym,CHEBI:34887,NiCl2 x 6 H2O,CHEBI:34887,MAPPED
nickel(2+) sulfate,synonym,CHEBI:53001,NiSO4 x 6 H2O,CHEBI:53001,MAPPED
nickel(2+) sulfate,synonym,CHEBI:53001,NiSO4 x 7 H2O,CHEBI:53001,MAPPED
Nickel(2+) sulfate hexahydrate,synonym,CHEBI:53437,Nickel (II) sulfate hexahydrate,CHEBI:53437,MAPPED
nickel(2+) sulfate--water (1/6),synonym,CHEBI:53437,Nickel (II) sulfate hexahydrate,CHEBI:53437,MAPPED
Nickel(II) chloride,synonym,CHEBI:34887,NiCl2,CHEBI:34887,MAPPED
nickel(II) chloride,synonym,CHEBI:34887,NiCl2,CHEBI:34887,MAPPED
nickel(II) chloride,synonym,CHEBI:34887,NiCl2 x 2 H2O,CHEBI:34887,MAPPED
nickel(II) chloride,synonym,CHEBI:34887,NiCl2 x 5 H2O,CHEBI:34887,MAPPED
nickel(II) chloride,synonym,CHEBI:34887,NiCl2 x 6 H2O,CHEBI:34887,MAPPED
nickel(II) chloride hexahydrate,synonym,CHEBI:53542,Nickel (II) chloride hexahydrate,CHEBI:53542,MAPPED
"Nickel(II) chloride, hexahydrate",synonym,CHEBI:53542,Nickel (II) chloride hexahydrate,CHEBI:53542,MAPPED
Nickel(II) sulfate hexahydrate,synonym,CHEBI:53437,Nickel (II) sulfate hexahydrate,CHEBI:53437,MAPPED
nickel(II) sulphate hexahydrate,synonym,CHEBI:53437,Nickel (II) sulfate hexahydrate,CHEBI:53437,MAPPED
Nickel-NTA,preferred_term,UNMAPPED_0152,Nickel-NTA,,UNMAPPED
Nickelous sulfate hexahydrate,synonym,CHEBI:53437,Nickel (II) sulfate hexahydrate,CHEBI:53437,MAPPED
nickelous sulphate hexahydrate,synonym,CHEBI:53437,Nickel (II) sulfate hexahydrate,CHEBI:53437,MAPPED
NiCl2,preferred_term,CHEBI:34887,NiCl2,CHEBI:34887,MAPPED
NiCl2 . 6H2O,synonym,CHEBI:34887,NiCl2,CHEBI:34887,MAPPED
NiCl2 . 6H2O,synonym,CHEBI:34887,NiCl2 x 2 H2O,CHEBI:34887,MAPPED
NiCl2 . 6H2O,synonym,CHEBI:34887,NiCl2 x 5 H2O,CHEBI:34887,MAPPED
NiCl2 . 6H2O,synonym,CHEBI:34887,NiCl2 x 6 H2O,CHEBI:34887,MAPPED
NiCl2 x 2 H2O,preferred_term,CHEBI:34887,NiCl2 x 2 H2O,CHEBI:34887,MAPPED
NiCl2 x 2 H2O,synonym,CHEBI:34887,NiCl2,CHEBI:34887,MAPPED
NiCl2 x 2 H2O,synonym,CHEBI:34887,NiCl2 x 5 H2O,CHEBI:34887,MAPPED
NiCl2 x 2 H2O,synonym,CHEBI:34887,NiCl2 x 6 H2O,CHEBI:34887,MAPPED
NiCl2 x 2H2O,synonym,CHEBI:34887,NiCl2,CHEBI:34887,MAPPED
NiCl2 x 2H2O,synonym,CHEBI:34887,NiCl2 x 2 H2O,CHEBI:34887,MAPPED
NiCl2 x 2H2O,synonym,CHEBI:34887,NiCl2 x 5 H2O,CHEBI:34887,MAPPED
NiCl2 x 2H2O,synonym,CHEBI:34887,NiCl2 x 6 H2O,CHEBI:34887,MAPPED
NiCl2 x 5 H2O,preferred_term,CHEBI:34887,NiCl2 x 5 H2O,CHEBI:34887,MAPPED
NiCl2 x 5 H2O,synonym,CHEBI:34887,NiCl2,CHEBI:34887,MAPPED
NiCl2 x 5 H2O,synonym,CHEBI:34887,NiCl2 x 2 H2O,CHEBI:34887,MAPPED
NiCl2 x 5 H2O,synonym,CHEBI:34887,NiCl2 x 6 H2O,CHEBI:34887,MAPPED
NiCl2 x 6 H2O,preferred_term,CHEBI:34887,NiCl2 x 6 H2O,CHEBI:34887,MAPPED
NiCl2 x 6 H2O,synonym,CHEBI:34887,NiCl2,CHEBI:34887,MAPPED
NiCl2 x 6 H2O,synonym,CHEBI:34887,NiCl2 x 2 H2O,CHEBI:34887,MAPPED
NiCl2 x 6 H2O,synonym,CHEBI:34887,NiCl2 x 5 H2O,CHEBI:34887,MAPPED
NiCl2 x 6 H2O (0.1% w/v),synonym,CHEBI:34887,NiCl2,CHEBI:34887,MAPPED
NiCl2 x 6 H2O (0.1% w/v),synonym,CHEBI:34887,NiCl2 x 2 H2O,CHEBI:34887,MAPPED
NiCl2 x 6 H2O (0.1% w/v),synonym,CHEBI:34887,NiCl2 x 5 H2O,CHEBI:34887,MAPPED
NiCl2 x 6 H2O (0.1% w/v),synonym,CHEBI:34887,NiCl2 x 6 H2O,CHEBI:34887,MAPPED
NiCl2 x 6H2O,synonym,CHEBI:34887,NiCl2,CHEBI:34887,MAPPED
NiCl2 x 6H2O,synonym,CHEBI:34887,NiCl2 x 2 H2O,CHEBI:34887,MAPPED
NiCl2 x 6H2O,synonym,CHEBI:34887,NiCl2 x 5 H2O,CHEBI:34887,MAPPED
NiCl2 x 6H2O,synonym,CHEBI:34887,NiCl2 x 6 H2O,CHEBI:34887,MAPPED
NiCl2 x H2O,synonym,CHEBI:34887,NiCl2,CHEBI:34887,MAPPED
NiCl2 x H2O,synonym,CHEBI:34887,NiCl2 x 2 H2O,CHEBI:34887,MAPPED
NiCl2 x H2O,synonym,CHEBI:34887,NiCl2 x 5 H2O,CHEBI:34887,MAPPED
NiCl2 x H2O,synonym,CHEBI:34887,NiCl2 x 6 H2O,CHEBI:34887,MAPPED
NiCl2 · 6H2O,synonym,CHEBI:34887,NiCl2,CHEBI:34887,MAPPED
NiCl2 · 6H2O,synonym,CHEBI:34887,NiCl2 x 2 H2O,CHEBI:34887,MAPPED
NiCl2 · 6H2O,synonym,CHEBI:34887,NiCl2 x 5 H2O,CHEBI:34887,MAPPED
NiCl2 · 6H2O,synonym,CHEBI:34887,NiCl2 x 6 H2O,CHEBI:34887,MAPPED
NiCl2 ∙ 6 H2O,synonym,CHEBI:34887,NiCl2,CHEBI:34887,MAPPED
NiCl2 ∙ 6 H2O,synonym,CHEBI:34887,NiCl2 x 6 H2O,CHEBI:34887,MAPPED
NiCl2.6H2O,synonym,CHEBI:34887,NiCl2,CHEBI:34887,MAPPED
NiCl2.6H2O,synonym,CHEBI:34887,NiCl2 x 2 H2O,CHEBI:34887,MAPPED
NiCl2.6H2O,synonym,CHEBI:34887,NiCl2 x 5 H2O,CHEBI:34887,MAPPED
NiCl2.6H2O,synonym,CHEBI:34887,NiCl2 x 6 H2O,CHEBI:34887,MAPPED
NiCl2x6H2O,synonym,CHEBI:34887,NiCl2,CHEBI:34887,MAPPED
NiCl2x6H2O,synonym,CHEBI:34887,NiCl2 x 2 H2O,CHEBI:34887,MAPPED
NiCl2x6H2O,synonym,CHEBI:34887,NiCl2 x 5 H2O,CHEBI:34887,MAPPED
NiCl2x6H2O,synonym,CHEBI:34887,NiCl2 x 6 H2O,CHEBI:34887,MAPPED
NiCl2·2H2O,synonym,CHEBI:34887,NiCl2,CHEBI:34887,MAPPED
NiCl2·2H2O,synonym,CHEBI:34887,NiCl2 x 2 H2O,CHEBI:34887,MAPPED
NiCl2·2H2O,synonym,CHEBI:34887,NiCl2 x 5 H2O,CHEBI:34887,MAPPED
NiCl2·2H2O,synonym,CHEBI:34887,NiCl2 x 6 H2O,CHEBI:34887,MAPPED
NiCl2·6H2O,synonym,CHEBI:34887,NiCl2,CHEBI:34887,MAPPED
NiCl2·6H2O,synonym,CHEBI:34887,NiCl2 x 2 H2O,CHEBI:34887,MAPPED
NiCl2·6H2O,synonym,CHEBI:34887,NiCl2 x 5 H2O,CHEBI:34887,MAPPED
NiCl2·6H2O,synonym,CHEBI:34887,NiCl2 x 6 H2O,CHEBI:34887,MAPPED
NiCl2∙6H2O,synonym,CHEBI:34887,NiCl2,CHEBI:34887,MAPPED
NiCl2∙6H2O,synonym,CHEBI:34887,NiCl2 x 6 H2O,CHEBI:34887,MAPPED
NiCl2⋅6H2O,synonym,CHEBI:34887,NiCl2,CHEBI:34887,MAPPED
NiCl2⋅6H2O,synonym,CHEBI:34887,NiCl2 x 2 H2O,CHEBI:34887,MAPPED
NiCl2⋅6H2O,synonym,CHEBI:34887,NiCl2 x 5 H2O,CHEBI:34887,MAPPED
NiCl2⋅6H2O,synonym,CHEBI:34887,NiCl2 x 6 H2O,CHEBI:34887,MAPPED
NiCl2・5H2O,synonym,CHEBI:34887,NiCl2,CHEBI:34887,MAPPED
NiCl2・5H2O,synonym,CHEBI:34887,NiCl2 x 2 H2O,CHEBI:34887,MAPPED
NiCl2・5H2O,synonym,CHEBI:34887,NiCl2 x 5 H2O,CHEBI:34887,MAPPED
NiCl2・5H2O,synonym,CHEBI:34887,NiCl2 x 6 H2O,CHEBI:34887,MAPPED
NiCl2・6H2O,synonym,CHEBI:34887,NiCl2,CHEBI:34887,MAPPED
NiCl2・6H2O,synonym,CHEBI:34887,NiCl2 x 2 H2O,CHEBI:34887,MAPPED
NiCl2・6H2O,synonym,CHEBI:34887,NiCl2 x 5 H2O,CHEBI:34887,MAPPED
NiCl2・6H2O,synonym,CHEBI:34887,NiCl2 x 6 H2O,CHEBI:34887,MAPPED
NiCl2・H2O,synonym,CHEBI:34887,NiCl2,CHEBI:34887,MAPPED
NiCl2・H2O,synonym,CHEBI:34887,NiCl2 x 2 H2O,CHEBI:34887,MAPPED
NiCl2・H2O,synonym,CHEBI:34887,NiCl2 x 5 H2O,CHEBI:34887,MAPPED
NiCl2・H2O,synonym,CHEBI:34887,NiCl2 x 6 H2O,CHEBI:34887,MAPPED
Nicotinamid,synonym,CHEBI:17154,Nicotinamide,CHEBI:17154,MAPPED
nicotinamida,synonym,CHEBI:17154,Nicotinamide,CHEBI:17154,MAPPED
Nicotinamide,preferred_term,CHEBI:17154,Nicotinamide,CHEBI:17154,MAPPED
Nicotinamide adenine dinucleotide,synonym,CHEBI:15846,beta-NAD,CHEBI:15846,MAPPED
Nicotinamide N-oxide,preferred_term,CHEBI:89640,Nicotinamide N-oxide,CHEBI:89640,MAPPED
nicotinamidum,synonym,CHEBI:17154,Nicotinamide,CHEBI:17154,MAPPED
Nicotinate,synonym,CHEBI:15940,Nicotinic acid,CHEBI:15940,MAPPED
nicotine acid amide,synonym,CHEBI:17154,Nicotinamide,CHEBI:17154,MAPPED
Nicotine amide,synonym,CHEBI:17154,Nicotinamide,CHEBI:17154,MAPPED
Nicotinic acid,preferred_term,CHEBI:15940,Nicotinic acid,CHEBI:15940,MAPPED
Nicotinic acid (PP),synonym,CHEBI:15940,Nicotinic acid,CHEBI:15940,MAPPED
Nicotinic acid amide,synonym,CHEBI:17154,Nicotinamide,CHEBI:17154,MAPPED
nicotinic amide,synonym,CHEBI:17154,Nicotinamide,CHEBI:17154,MAPPED
Nicotinsaeureamid,synonym,CHEBI:17154,Nicotinamide,CHEBI:17154,MAPPED
Nicotinsaure,synonym,CHEBI:15940,Nicotinic acid,CHEBI:15940,MAPPED
nicotylamide,synonym,CHEBI:17154,Nicotinamide,CHEBI:17154,MAPPED
Niddamycin,preferred_term,CHEBI:31908,Niddamycin,CHEBI:31908,MAPPED
Nigericin sodium salt,preferred_term,cas:28643-80-3,Nigericin sodium salt,CHEBI:201444,MAPPED
Nikotinamid,synonym,CHEBI:17154,Nicotinamide,CHEBI:17154,MAPPED
Nikotinsaeure,synonym,CHEBI:15940,Nicotinic acid,CHEBI:15940,MAPPED
Nikotinsaeureamid,synonym,CHEBI:17154,Nicotinamide,CHEBI:17154,MAPPED
Nisin,preferred_term,CHEBI:71629,Nisin,CHEBI:71629,MAPPED
NiSO4 . 6H2O,synonym,CHEBI:53001,NiSO4 x 6 H2O,CHEBI:53001,MAPPED
NiSO4 . 6H2O,synonym,CHEBI:53001,NiSO4 x 7 H2O,CHEBI:53001,MAPPED
NiSO4 x 6 H2O,preferred_term,CHEBI:53001,NiSO4 x 6 H2O,CHEBI:53001,MAPPED
NiSO4 x 6 H2O,synonym,CHEBI:53001,NiSO4 x 7 H2O,CHEBI:53001,MAPPED
NiSO4 x 7 H2O,preferred_term,CHEBI:53001,NiSO4 x 7 H2O,CHEBI:53001,MAPPED
NiSO4 x 7 H2O,synonym,CHEBI:53001,NiSO4 x 6 H2O,CHEBI:53001,MAPPED
NiSO4·6H2O,synonym,CHEBI:53001,NiSO4 x 6 H2O,CHEBI:53001,MAPPED
NiSO4·6H2O,synonym,CHEBI:53001,NiSO4 x 7 H2O,CHEBI:53001,MAPPED
NiSO4・6H2O,synonym,CHEBI:53001,NiSO4 x 6 H2O,CHEBI:53001,MAPPED
NiSO4・6H2O,synonym,CHEBI:53001,NiSO4 x 7 H2O,CHEBI:53001,MAPPED
NiSO4・7H2O,synonym,CHEBI:53001,NiSO4 x 6 H2O,CHEBI:53001,MAPPED
NiSO4・7H2O,synonym,CHEBI:53001,NiSO4 x 7 H2O,CHEBI:53001,MAPPED
Nitrate,preferred_term,CHEBI:17632,Nitrate,CHEBI:17632,MAPPED
Nitrate d'ammonium,synonym,CHEBI:63038,(NH4)NO3,CHEBI:63038,MAPPED
Nitrate de sodium,synonym,CHEBI:63005,NaNO3,CHEBI:63005,MAPPED
Nitrate of ammonia,synonym,CHEBI:63038,(NH4)NO3,CHEBI:63038,MAPPED
Nitrate of potash,synonym,CHEBI:63043,KNO3,CHEBI:63043,MAPPED
Nitrate of soda,synonym,CHEBI:63005,NaNO3,CHEBI:63005,MAPPED
Nitrato amonico,synonym,CHEBI:63038,(NH4)NO3,CHEBI:63038,MAPPED
Nitre,synonym,CHEBI:63043,KNO3,CHEBI:63043,MAPPED
Nitric acid ammonium salt (1:1),synonym,CHEBI:63038,(NH4)NO3,CHEBI:63038,MAPPED
Nitric acid monosodium salt,synonym,CHEBI:63005,NaNO3,CHEBI:63005,MAPPED
Nitric acid sodium salt (1:1),synonym,CHEBI:63005,NaNO3,CHEBI:63005,MAPPED
"Nitric acid, ammonium salt",synonym,CHEBI:63038,(NH4)NO3,CHEBI:63038,MAPPED
"Nitric acid, cadmium salt",synonym,CHEBI:64205,Ca(NO3)2,CHEBI:64205,MAPPED
"Nitric acid, cadmium salt (2:1)",synonym,CHEBI:64205,Ca(NO3)2,CHEBI:64205,MAPPED
"Nitric acid, potassium salt",synonym,CHEBI:63043,KNO3,CHEBI:63043,MAPPED
"Nitric acid, sodium salt",synonym,CHEBI:63005,NaNO3,CHEBI:63005,MAPPED
"nitrilo-2,2',2''-triacetic acid",synonym,CHEBI:44557,Nitrilotriacetic acid,CHEBI:44557,MAPPED
"nitrilo-2,2',2''-triethanol",synonym,CHEBI:28621,Triethanolamine,CHEBI:28621,MAPPED
Nitrilotriacetate,preferred_term,CHEBI:25548,Nitrilotriacetate,CHEBI:25548,MAPPED
Nitrilotriacetate (NTA),synonym,CHEBI:25548,Nitrilotriacetate,CHEBI:25548,MAPPED
Nitrilotriacetic acid,preferred_term,CHEBI:44557,Nitrilotriacetic acid,CHEBI:44557,MAPPED
Nitrilotriacetic acid (NTA),synonym,CHEBI:44557,Nitrilotriacetic acid,CHEBI:44557,MAPPED
Nitrilotriacetic acid disodium salt,preferred_term,cas:15467-20-6,Nitrilotriacetic acid disodium salt,CHEBI:44557,MAPPED
Nitrilotriacetic acid sodium salt,synonym,CHEBI:132766,"0.5 M Nitrilotriacetic acid, disodium salt",CHEBI:132766,MAPPED
nitrilotriacetic acid trisodium salt,synonym,CHEBI:9754,Tris base,CHEBI:9754,MAPPED
"Nitrilotriacetic acid, trisodium salt",synonym,CHEBI:132766,"0.5 M Nitrilotriacetic acid, disodium salt",CHEBI:132766,MAPPED
Nitrilotriessigsaeure,synonym,CHEBI:44557,Nitrilotriacetic acid,CHEBI:44557,MAPPED
nitrilotriethanol,synonym,CHEBI:28621,Triethanolamine,CHEBI:28621,MAPPED
Nitrite,preferred_term,CHEBI:16301,Nitrite,CHEBI:16301,MAPPED
Nitrite de sodium,synonym,CHEBI:78870,NaNO2,CHEBI:78870,MAPPED
Nitrito sodico,synonym,CHEBI:78870,NaNO2,CHEBI:78870,MAPPED
Nitrofurantoin,preferred_term,CHEBI:71415,Nitrofurantoin,CHEBI:71415,MAPPED
Nitrofurazone,preferred_term,CHEBI:44368,Nitrofurazone,CHEBI:44368,MAPPED
Nitrogen,synonym,CHEBI:17997,Nitrogen gas,CHEBI:17997,MAPPED
Nitrogen (gas),synonym,CHEBI:17997,Nitrogen gas,CHEBI:17997,MAPPED
Nitrogen gas,preferred_term,CHEBI:17997,Nitrogen gas,CHEBI:17997,MAPPED
nitrous oxide,preferred_term,CHEBI:17045,nitrous oxide,CHEBI:17045,MAPPED
NLDM_metabolites,preferred_term,UNMAPPED_0299,NLDM_metabolites,,UNMAPPED
NMe3,synonym,CHEBI:18139,Trimethylamine,CHEBI:18139,MAPPED
NN(2)-acetyl-L-glutamine,synonym,CHEBI:21553,N-Acetyl-L-glutamine,CHEBI:21553,MAPPED
Nobiletin,preferred_term,CHEBI:7602,Nobiletin,CHEBI:7602,MAPPED
nocamycin,preferred_term,CHEBI:219652,nocamycin,CHEBI:219652,MAPPED
Nocardimicin G,preferred_term,CHEBI:202593,Nocardimicin G,CHEBI:202593,MAPPED
Nocardimicin H,preferred_term,CHEBI:213460,Nocardimicin H,CHEBI:213460,MAPPED
Nocardimicin I,preferred_term,CHEBI:203663,Nocardimicin I,CHEBI:203663,MAPPED
Noformicin,preferred_term,mesh:C005642,Noformicin,mesh:C005642,MAPPED
Nogalamycin,preferred_term,CHEBI:44504,Nogalamycin,CHEBI:44504,MAPPED
Nojirimycin,preferred_term,CHEBI:28945,Nojirimycin,CHEBI:28945,MAPPED
nonaethylene glycol monomethyl ether,synonym,CHEBI:132112,Na2S2O3,CHEBI:132112,MAPPED
Nonanoic acid,preferred_term,CHEBI:29019,Nonanoic acid,CHEBI:29019,MAPPED
Nordihydroguaretic Acid,preferred_term,CHEBI:73468,Nordihydroguaretic Acid,CHEBI:73468,MAPPED
Norfloxacin,preferred_term,CHEBI:100246,Norfloxacin,CHEBI:100246,MAPPED
Norharman,preferred_term,CHEBI:109895,Norharman,CHEBI:109895,MAPPED
Northen_Exometabolite_mix_1,preferred_term,UNMAPPED_0268,Northen_Exometabolite_mix_1,,UNMAPPED
not filter sterilized,synonym,cas:9067-32-7,Hyaluronic acid sodium salt from Streptococcus equi,CHEBI:201433,MAPPED
Novobiocin,preferred_term,CHEBI:28368,Novobiocin,CHEBI:28368,MAPPED
Novobiocin sodium salt,preferred_term,CHEBI:31924,Novobiocin sodium salt,CHEBI:31924,MAPPED
NSC 7224,synonym,CHEBI:86218,Cresol red,CHEBI:86218,MAPPED
NTA,preferred_term,CHEBI:39054,NTA,CHEBI:39054,MAPPED
NTA Trisodium salt,synonym,CHEBI:132766,"0.5 M Nitrilotriacetic acid, disodium salt",CHEBI:132766,MAPPED
Nucleocidin,preferred_term,CHEBI:166872,Nucleocidin,CHEBI:166872,MAPPED
nukacin ISK-1,synonym,kgmicrobe.compound:bacteriocin_isk_1,Bacteriocin Isk 1,kgmicrobe.compound:bacteriocin_isk_1,MAPPED
Nutriacholic Acid,preferred_term,CHEBI:82679,Nutriacholic Acid,CHEBI:82679,MAPPED
Nutrient agar,preferred_term,UNMAPPED_0481,Nutrient agar,,UNMAPPED
Nutrient broth No. 2,preferred_term,MICRO:0000082,Nutrient broth No. 2,MICRO:0000082,MAPPED
Nystatin,preferred_term,CHEBI:7660,Nystatin,CHEBI:7660,MAPPED
O Carbamyl D Serine,preferred_term,mesh:C000366,O Carbamyl D Serine,mesh:C000366,MAPPED
O(6)-methylerythromycin,synonym,CHEBI:3732,Clarithromycin,CHEBI:3732,MAPPED
o-Benzenediol,synonym,CHEBI:18135,Pyrocatechol,CHEBI:18135,MAPPED
O-carbamimidamido-L-homoserine,synonym,CHEBI:609827,Canavanine,CHEBI:609827,MAPPED
O-carbamyl-D-serine,synonym,mesh:C000366,O Carbamyl D Serine,mesh:C000366,MAPPED
o-Cresol Red,synonym,CHEBI:86218,Cresol red,CHEBI:86218,MAPPED
o-Cresolsulfonephthalein,synonym,CHEBI:86218,Cresol red,CHEBI:86218,MAPPED
o-hydroxyphenol,synonym,CHEBI:18135,Pyrocatechol,CHEBI:18135,MAPPED
O-methyl-D-glucuronoxylan,preferred_term,UNMAPPED_0227,O-methyl-D-glucuronoxylan,,UNMAPPED
O-methyl-nonaethyleneglycol,synonym,CHEBI:132112,Na2S2O3,CHEBI:132112,MAPPED
O-nitrophenyl-beta-D-galactopyranosid,preferred_term,CHEBI:90144,O-nitrophenyl-beta-D-galactopyranosid,CHEBI:90144,MAPPED
O-Phosphoryl-Ethanolamine,preferred_term,CHEBI:17553,O-Phosphoryl-Ethanolamine,CHEBI:17553,MAPPED
o-pyrocatechuic acid,synonym,CHEBI:18026,"2,3-dihydroxybenzoic acid",CHEBI:18026,MAPPED
OADC Enrichment,preferred_term,UNMAPPED_0483,OADC Enrichment,,UNMAPPED
Oat flour B-glucan,preferred_term,FOODON:03301312,Oat flour B-glucan,FOODON:03301312,MAPPED
Oatmeal,preferred_term,NCIT:C29298,Oatmeal,NCIT:C29298,MAPPED
Oatmeal agar,preferred_term,UNMAPPED_0129,Oatmeal agar,,UNMAPPED
Octadec-9-enoic acid,synonym,CHEBI:16196,Oleic acid,CHEBI:16196,MAPPED
Octadecanoic acid,synonym,CHEBI:28842,Stearic acid,CHEBI:28842,MAPPED
"Octadecanoic acid, sodium salt",synonym,CHEBI:132109,Na-stearate,CHEBI:132109,MAPPED
Octadecansaeure,synonym,CHEBI:28842,Stearic acid,CHEBI:28842,MAPPED
octadecoic acid,synonym,CHEBI:28842,Stearic acid,CHEBI:28842,MAPPED
octan-3-one,synonym,CHEBI:80946,3-octanone,CHEBI:80946,MAPPED
octane,preferred_term,CHEBI:17590,octane,CHEBI:17590,MAPPED
octanedioic acid,synonym,CHEBI:9300,Suberic acid,CHEBI:9300,MAPPED
Octanoic acid,preferred_term,CHEBI:28837,Octanoic acid,CHEBI:28837,MAPPED
"Octanoic acid, sodium salt",synonym,CHEBI:132100,Sodium octanoate,CHEBI:132100,MAPPED
octanol,preferred_term,CHEBI:37868,octanol,CHEBI:37868,MAPPED
Oelsaeure,synonym,CHEBI:16196,Oleic acid,CHEBI:16196,MAPPED
Oelsuess,synonym,CHEBI:17754,Glycerol,CHEBI:17754,MAPPED
Oelsuess,synonym,CHEBI:17754,glycerol,CHEBI:17754,REJECTED
Ofloxacin,preferred_term,CHEBI:7731,Ofloxacin,CHEBI:7731,MAPPED
Oktadekansaeure,synonym,CHEBI:28842,Stearic acid,CHEBI:28842,MAPPED
olean-12-en-3beta-ol,synonym,CHEBI:10352,Beta-Amyrin,CHEBI:10352,MAPPED
Oleandomycin,preferred_term,CHEBI:16869,Oleandomycin,CHEBI:16869,MAPPED
Oleic acid,preferred_term,CHEBI:16196,Oleic acid,CHEBI:16196,MAPPED
oleoylglycerol,synonym,CHEBI:75937,Glycerol mono-oleate,CHEBI:75937,MAPPED
omega-aminobutyric acid,synonym,CHEBI:16865,gamma-Aminobutyric acid,CHEBI:16865,MAPPED
Optional ingredient,synonym,CHEBI:15824,D-Fructose,CHEBI:15824,MAPPED
Optional ingredient,synonym,CHEBI:18246,Cellulose,CHEBI:18246,MAPPED
Optional ingredient,synonym,CHEBI:32954,Na-acetate,CHEBI:32954,MAPPED
Optional ingredient,synonym,CHEBI:3311,CaCO3,CHEBI:3311,MAPPED
Optional ingredient (Avicel SIGMA),synonym,CHEBI:18246,Cellulose,CHEBI:18246,MAPPED
Optional ingredient (Lens tissue or MN 301),synonym,CHEBI:18246,Cellulose,CHEBI:18246,MAPPED
Optional ingredient (MN 301),synonym,CHEBI:18246,Cellulose,CHEBI:18246,MAPPED
Optochin,preferred_term,CHEBI:86455,Optochin,CHEBI:86455,MAPPED
Organic Peat,preferred_term,UNMAPPED_0099,Organic Peat,,UNMAPPED
Original amount: (NH4)2HPO4(Fisher A686),synonym,CHEBI:63051,(NH4)2HPO4,CHEBI:63051,MAPPED
Original amount: (NH4)2SO4(Fisher A 702),synonym,CHEBI:62946,(NH4)2SO4,CHEBI:62946,MAPPED
Ornithine,preferred_term,CHEBI:18257,Ornithine,CHEBI:18257,MAPPED
Orotic acid,preferred_term,CHEBI:16742,Orotic acid,CHEBI:16742,MAPPED
"Orotic acid, sodium salt",synonym,CHEBI:132101,Na-orotate,CHEBI:132101,MAPPED
Orotsaeure,synonym,CHEBI:16742,Orotic acid,CHEBI:16742,MAPPED
orthoboric acid,synonym,CHEBI:33118,H3BO3,CHEBI:33118,MAPPED
"Orthophosphoric acid, monopotassium salt",synonym,CHEBI:63036,KH2PO4,CHEBI:63036,MAPPED
Osmitrol,synonym,CHEBI:16899,D-Mannitol,CHEBI:16899,MAPPED
Ossamycin,preferred_term,CHEBI:77735,Ossamycin,CHEBI:77735,MAPPED
Ox-bile,preferred_term,UNMAPPED_0485,Ox-bile,,UNMAPPED
Oxacillin,preferred_term,CHEBI:7809,Oxacillin,CHEBI:7809,MAPPED
Oxacillin sodium salt,preferred_term,CHEBI:52134,Oxacillin sodium salt,CHEBI:52134,MAPPED
Oxalate,preferred_term,CHEBI:132952,Oxalate,CHEBI:132952,MAPPED
Oxalic Acid,preferred_term,CHEBI:16995,Oxalic Acid,CHEBI:16995,MAPPED
"Oxalic acid, diammonium salt",synonym,CHEBI:91241,NH4-oxalate,CHEBI:91241,MAPPED
"Oxalic acid, disodium salt",synonym,CHEBI:132764,Disodium oxalate,CHEBI:132764,MAPPED
oxaloacetate,synonym,CHEBI:30744,Oxaloacetic acid,CHEBI:30744,MAPPED
Oxaloacetic acid,preferred_term,CHEBI:30744,Oxaloacetic acid,CHEBI:30744,MAPPED
Oxamicetin,preferred_term,CHEBI:220394,Oxamicetin,CHEBI:220394,MAPPED
Oxedrine,preferred_term,CHEBI:29081,Oxedrine,CHEBI:29081,MAPPED
Oxgall,preferred_term,UNMAPPED_0486,Oxgall,,UNMAPPED
oxidane,synonym,CHEBI:15377,Distilled water,CHEBI:15377,MAPPED
oxidized L-cysteine,synonym,CHEBI:16283,L-Cystine,CHEBI:16283,MAPPED
oxidodinitrogen(N--N),synonym,CHEBI:17045,nitrous oxide,CHEBI:17045,MAPPED
oxidoperoxidonitrate(1-),synonym,CHEBI:25941,peroxynitrite,CHEBI:25941,MAPPED
Oxoglutaric acid,synonym,CHEBI:30915,alpha-ketoglutaric acid,CHEBI:30915,MAPPED
OXOID Legionella CYE-Agar base,preferred_term,UNMAPPED_0487,OXOID Legionella CYE-Agar base,,UNMAPPED
Oxoid peptone,synonym,MICRO:0000178,Bacto peptone,MICRO:0000178,MAPPED
Oxolinate,preferred_term,CHEBI:59066,Oxolinate,CHEBI:59066,MAPPED
Oxonitine,preferred_term,CHEBI:132646,Oxonitine,CHEBI:132646,MAPPED
Oxosulfatovanadium pentahydrate,synonym,CHEBI:132758,VOSO4 x 5 H2O,CHEBI:132758,MAPPED
oxovanadium(2+) sulfate--water (1/2),synonym,CHEBI:87009,VOSO4 x 2 H2O,CHEBI:87009,MAPPED
oxovanadium(2+) sulfate--water (1/5),synonym,CHEBI:132758,VOSO4 x 5 H2O,CHEBI:132758,MAPPED
Oxybenzene,synonym,CHEBI:15882,Phenol,CHEBI:15882,MAPPED
Oxymatrine,preferred_term,CHEBI:2672,Oxymatrine,CHEBI:2672,MAPPED
Oxytetracycline,preferred_term,CHEBI:27701,Oxytetracycline,CHEBI:27701,MAPPED
Oxytetracycline hydrochloride,preferred_term,CHEBI:31953,Oxytetracycline hydrochloride,CHEBI:31953,MAPPED
p--Aminobenzoic acid,synonym,CHEBI:30753,p-Aminobenzoic acid,CHEBI:30753,MAPPED
p-Amino Benzoic Acid,synonym,CHEBI:30753,p-Aminobenzoic acid,CHEBI:30753,MAPPED
p-Aminobenzoate,synonym,CHEBI:17836,4-Aminobenzoate,CHEBI:17836,MAPPED
p-Aminobenzoesaeure,synonym,CHEBI:30753,p-Aminobenzoic acid,CHEBI:30753,MAPPED
p-Aminobenzoic acid,preferred_term,CHEBI:30753,p-Aminobenzoic acid,CHEBI:30753,MAPPED
p-carboxyaniline,synonym,CHEBI:30753,p-Aminobenzoic acid,CHEBI:30753,MAPPED
p-carboxyphenylamine,synonym,CHEBI:30753,p-Aminobenzoic acid,CHEBI:30753,MAPPED
p-Coumaric acid,preferred_term,CHEBI:32374,p-Coumaric acid,CHEBI:32374,MAPPED
p-Hydroxybenzoate,preferred_term,CHEBI:17879,p-Hydroxybenzoate,CHEBI:17879,MAPPED
P-HYDROXYBENZOIC ACID,synonym,CHEBI:30763,4-Hydroxybenzoic acid,CHEBI:30763,MAPPED
P-II Metal Solution,preferred_term,UNMAPPED_0094,P-II Metal Solution,,UNMAPPED
P-IV Metal Solution,preferred_term,UNMAPPED_0011,P-IV Metal Solution,,UNMAPPED
p-lacto-N-neo-hexaose,preferred_term,cas:64309-00-8,p-lacto-N-neo-hexaose,cas:64309-00-8,MAPPED
p-naphthoquinone,synonym,CHEBI:27418,"1,4-Naphthoquinone",CHEBI:27418,MAPPED
p-salicylic acid,synonym,CHEBI:30763,4-Hydroxybenzoic acid,CHEBI:30763,MAPPED
P.P. factor,synonym,CHEBI:15940,Nicotinic acid,CHEBI:15940,MAPPED
P3HB,synonym,CHEBI:53389,Poly(3-hydroxybutyrate),CHEBI:53389,MAPPED
PABA,synonym,CHEBI:30753,p-Aminobenzoic acid,CHEBI:30753,MAPPED
Paclitaxel,preferred_term,CHEBI:45863,Paclitaxel,CHEBI:45863,MAPPED
Pactamycin,preferred_term,mesh:D010142,Pactamycin,mesh:D010142,MAPPED
Paeonol,preferred_term,CHEBI:69581,Paeonol,CHEBI:69581,MAPPED
Palatinose,preferred_term,CHEBI:18394,Palatinose,CHEBI:18394,MAPPED
palatinose hydrate,preferred_term,cas:343336-76-5,palatinose hydrate,CHEBI:18394,MAPPED
Palladium chloride,synonym,CHEBI:53434,Palladium(II) chloride,CHEBI:53434,MAPPED
Palladium(II) chloride,preferred_term,CHEBI:53434,Palladium(II) chloride,CHEBI:53434,MAPPED
Palmatine,preferred_term,CHEBI:16096,Palmatine,CHEBI:16096,MAPPED
Palmatine chloride,preferred_term,cas:10605-02-4,Palmatine chloride,cas:10605-02-4,MAPPED
Palmitic acid,preferred_term,CHEBI:15756,Palmitic acid,CHEBI:15756,MAPPED
Pamamycin,preferred_term,mesh:C024500,Pamamycin,mesh:C024500,MAPPED
Pancreatic Digest of Casein,synonym,FOODON:03315719,Casein peptone,FOODON:03315719,MAPPED
Pancreatic digest of casein,synonym,MICRO:0000182,Tryptone,MICRO:0000182,MAPPED
Pancreatic Digest of Casein (Hardy C6530),synonym,FOODON:03315719,Casein peptone,FOODON:03315719,MAPPED
Panhematin,synonym,CHEBI:50385,Haemin,CHEBI:50385,MAPPED
Pantothenate,preferred_term,CHEBI:16454,Pantothenate,CHEBI:16454,MAPPED
Pantothenic acid,preferred_term,CHEBI:7916,Pantothenic acid,CHEBI:7916,MAPPED
Para-aminobenzoic acid,synonym,CHEBI:30753,p-Aminobenzoic acid,CHEBI:30753,MAPPED
para-aminosalicylic acid,preferred_term,CHEBI:27565,para-aminosalicylic acid,CHEBI:27565,MAPPED
Parabanic Acid,preferred_term,CHEBI:74661,Parabanic Acid,CHEBI:74661,MAPPED
Parachlorophenylalanine,preferred_term,cas:7424-00-2,Parachlorophenylalanine,CHEBI:110187,MAPPED
Paraquat,synonym,CHEBI:28786,Paraquat dichloride,CHEBI:28786,MAPPED
Paraquat dichloride,preferred_term,CHEBI:28786,Paraquat dichloride,CHEBI:28786,MAPPED
Paresan,synonym,CHEBI:133341,Choline chloride,CHEBI:133341,MAPPED
Paromomycin,preferred_term,CHEBI:7934,Paromomycin,CHEBI:7934,MAPPED
Paromomycin sulfate salt,preferred_term,CHEBI:7935,Paromomycin sulfate salt,CHEBI:7935,MAPPED
Parthenolide,preferred_term,CHEBI:7939,Parthenolide,CHEBI:7939,MAPPED
Pasteurized Seawater,preferred_term,kgmicrobe.ingredient:pasteurized_seawater,Pasteurized Seawater,ENVO:00002149,MAPPED
PBS,preferred_term,UNMAPPED_0184,PBS,,UNMAPPED
PCA,synonym,CHEBI:62412,Phenazine-1-carboxylic acid,CHEBI:62412,MAPPED
PCE,synonym,CHEBI:17300,Tetrachloroethene,CHEBI:17300,MAPPED
Pea,preferred_term,NCIT:C72056,Pea,NCIT:C72056,MAPPED
Pea(add after dH2O),synonym,NCIT:C72056,Pea,NCIT:C72056,MAPPED
Pectic galactan from potato,preferred_term,UNMAPPED_0231,Pectic galactan from potato,,UNMAPPED
pectic substance,synonym,CHEBI:17309,Pectin,CHEBI:17309,MAPPED
Pectin,preferred_term,CHEBI:17309,Pectin,CHEBI:17309,MAPPED
pectina,synonym,CHEBI:17309,Pectin,CHEBI:17309,MAPPED
pectinas,synonym,CHEBI:17309,Pectin,CHEBI:17309,MAPPED
pectine,synonym,CHEBI:17309,Pectin,CHEBI:17309,MAPPED
pectines,synonym,CHEBI:17309,Pectin,CHEBI:17309,MAPPED
pectins,synonym,CHEBI:17309,Pectin,CHEBI:17309,MAPPED
Pediocin,preferred_term,cas:133108-87-9,Pediocin,cas:133108-87-9,MAPPED
Pediocin from Pediococcus acidilactici,synonym,cas:133108-87-9,Pediocin,cas:133108-87-9,MAPPED
Pefloxacin,preferred_term,CHEBI:50199,Pefloxacin,CHEBI:50199,MAPPED
PEG-60 Sorbitan stearate,synonym,CHEBI:53425,Tween 60,CHEBI:53425,MAPPED
Pektin,synonym,CHEBI:17309,Pectin,CHEBI:17309,MAPPED
Pektine,synonym,CHEBI:17309,Pectin,CHEBI:17309,MAPPED
Pelargonic acid,synonym,CHEBI:29019,Nonanoic acid,CHEBI:29019,MAPPED
pellagra preventive factor,synonym,CHEBI:15940,Nicotinic acid,CHEBI:15940,MAPPED
Penicillin,preferred_term,CHEBI:17334,Penicillin,CHEBI:17334,MAPPED
Penicillin g,preferred_term,CHEBI:51765,Penicillin g,CHEBI:51765,MAPPED
penicillins,synonym,CHEBI:17334,Penicillin,CHEBI:17334,MAPPED
Pentachlorophenol,preferred_term,CHEBI:17642,Pentachlorophenol,CHEBI:17642,MAPPED
"PENTANE-1,5-DIAMINE",synonym,CHEBI:18127,Cadaverine,CHEBI:18127,MAPPED
Pentanecarboxylic acid,synonym,CHEBI:30776,Caproic acid,CHEBI:30776,MAPPED
PENTANEDIAL,synonym,CHEBI:64276,Glutaraldehyde,CHEBI:64276,MAPPED
Pentanedioic acid,synonym,CHEBI:17859,Glutaric acid,CHEBI:17859,MAPPED
Pentanoate,synonym,CHEBI:17418,Valeric acid,CHEBI:17418,MAPPED
PENTANOIC ACID,synonym,CHEBI:17418,Valeric acid,CHEBI:17418,MAPPED
Pentasodium tripolyphosphate hexahydrate,preferred_term,cas:15091-98-2,Pentasodium tripolyphosphate hexahydrate,FOODON:03530244,MAPPED
pentiformic acid,synonym,CHEBI:30776,Caproic acid,CHEBI:30776,MAPPED
pentoic acid,synonym,CHEBI:17418,Valeric acid,CHEBI:17418,MAPPED
pentylformic acid,synonym,CHEBI:30776,Caproic acid,CHEBI:30776,MAPPED
Peptic digest of animal tissue,synonym,MICRO:0000180,Proteose Peptone,MICRO:0000180,MAPPED
Peptideglycan(N-acetyl-D-glucosamine),synonym,CHEBI:8006,N-Acetyl-D-glucosamine,CHEBI:8006,MAPPED
Peptone,preferred_term,MICRO:0000178,Peptone,MICRO:0000178,MAPPED
Peptone,synonym,MICRO:0000178,Bacto peptone,MICRO:0000178,MAPPED
peptone,synonym,MICRO:0000178,Bacto peptone,MICRO:0000178,MAPPED
Peptone (0.01 %,synonym,MICRO:0000178,Peptone,MICRO:0000178,MAPPED
Peptone (BBL 11910),synonym,MICRO:0000178,Bacto peptone,MICRO:0000178,MAPPED
Peptone (BD BACTO),synonym,MICRO:0000178,Bacto peptone,MICRO:0000178,MAPPED
Peptone (BD Bacto),synonym,MICRO:0000178,Bacto peptone,MICRO:0000178,MAPPED
Peptone (BD--Difco),synonym,MICRO:0000178,Bacto peptone,MICRO:0000178,MAPPED
Peptone (BD-Difco),synonym,MICRO:0000178,Bacto peptone,MICRO:0000178,MAPPED
Peptone (meat),synonym,MICRO:0000178,Bacto peptone,MICRO:0000178,MAPPED
Peptone (Oxoid),synonym,MICRO:0000178,Bacto peptone,MICRO:0000178,MAPPED
Peptone + Beef Extract + Yeast Extract,preferred_term,UNMAPPED_0765,Peptone + Beef Extract + Yeast Extract,,NEEDS_EXPERT
Peptone + Yeast Extract,preferred_term,UNMAPPED_0717,Peptone + Yeast Extract,,NEEDS_EXPERT
Peptone from casein,synonym,FOODON:03315719,Casein peptone,FOODON:03315719,MAPPED
Peptone from meat,synonym,MICRO:0000178,Bacto peptone,MICRO:0000178,MAPPED
Peptone from meat (pepsin-digested),synonym,MICRO:0000178,Bacto peptone,MICRO:0000178,MAPPED
Peptone from soymeal,synonym,FOODON:03315720,Soy peptone,FOODON:03315720,MAPPED
Peptone mixture,synonym,MICRO:0000178,Bacto peptone,MICRO:0000178,MAPPED
"Peptone, Bacto (BD 211677)",synonym,MICRO:0000178,Bacto peptone,MICRO:0000178,MAPPED
Peptone-yeast Extract-glucose,preferred_term,UNMAPPED_0766,Peptone-yeast Extract-glucose,,NEEDS_EXPERT
Peptones,synonym,MICRO:0000178,Peptone,MICRO:0000178,MAPPED
PERC,synonym,CHEBI:17300,Tetrachloroethene,CHEBI:17300,MAPPED
Perchlorate de sodium,synonym,CHEBI:132103,Sodium perchlorate,CHEBI:132103,MAPPED
"Perchloric acid, sodium salt",synonym,CHEBI:132103,Sodium perchlorate,CHEBI:132103,MAPPED
Perchloroethylene,synonym,CHEBI:17300,Tetrachloroethene,CHEBI:17300,MAPPED
Perillic Acid (-),preferred_term,CHEBI:36999,Perillic Acid (-),CHEBI:36999,MAPPED
Perillyl Alcohol,preferred_term,CHEBI:15420,Perillyl Alcohol,CHEBI:15420,MAPPED
PERK,synonym,CHEBI:17300,Tetrachloroethene,CHEBI:17300,MAPPED
peroxynitrite,preferred_term,CHEBI:25941,peroxynitrite,CHEBI:25941,MAPPED
Peucenin,preferred_term,cas:578-72-3,Peucenin,cas:578-72-3,MAPPED
PGA,synonym,CHEBI:27470,Folic acid,CHEBI:27470,MAPPED
Phenanthrene,preferred_term,CHEBI:28851,Phenanthrene,CHEBI:28851,MAPPED
Phenazine ethosulfate,preferred_term,cas:10510-77-7,Phenazine ethosulfate,cas:10510-77-7,MAPPED
Phenazine methosulfate,preferred_term,CHEBI:8055,Phenazine methosulfate,CHEBI:8055,MAPPED
Phenazine-1-carboxylic acid,preferred_term,CHEBI:62412,Phenazine-1-carboxylic acid,CHEBI:62412,MAPPED
Phenazone,synonym,CHEBI:31225,Antipyrine,CHEBI:31225,MAPPED
phenazonum,synonym,CHEBI:31225,Antipyrine,CHEBI:31225,MAPPED
Phenethylamine Hydrochloride,synonym,CHEBI:18397,2-phenylethylamine,CHEBI:18397,MAPPED
Phenic acid,synonym,CHEBI:15882,Phenol,CHEBI:15882,MAPPED
Phenol,preferred_term,CHEBI:15882,Phenol,CHEBI:15882,MAPPED
Phenol red,preferred_term,CHEBI:31991,Phenol red,CHEBI:31991,MAPPED
Phenolsulfonphthalein,synonym,CHEBI:31991,Phenol red,CHEBI:31991,MAPPED
Phenoxyacetic acid,preferred_term,CHEBI:8075,Phenoxyacetic acid,CHEBI:8075,MAPPED
Phenoxymethylpenicillin,preferred_term,CHEBI:27446,Phenoxymethylpenicillin,CHEBI:27446,MAPPED
Phenyl acetic acid,preferred_term,CHEBI:30745,Phenyl acetic acid,CHEBI:30745,MAPPED
Phenyl propionic acid,preferred_term,CHEBI:28631,Phenyl propionic acid,CHEBI:28631,MAPPED
Phenylacetate,preferred_term,CHEBI:18401,Phenylacetate,CHEBI:18401,MAPPED
phenylacetonitrile,synonym,CHEBI:25979,Benzylcyanide,CHEBI:25979,MAPPED
Phenylalanine,synonym,CHEBI:17295,L-Phenylalanine,CHEBI:17295,MAPPED
Phenylenediamine,preferred_term,CHEBI:51402,Phenylenediamine,CHEBI:51402,MAPPED
Phenylethylamine,preferred_term,CHEBI:50048,Phenylethylamine,CHEBI:50048,MAPPED
PHENYLETHYLENECARBOXYLIC ACID,synonym,CHEBI:35697,trans-Cinnamic acid,CHEBI:35697,MAPPED
Phenylic acid,synonym,CHEBI:15882,Phenol,CHEBI:15882,MAPPED
Phenylic alcohol,synonym,CHEBI:15882,Phenol,CHEBI:15882,MAPPED
phenylmethane,synonym,CHEBI:17578,Toluene,CHEBI:17578,MAPPED
Phleomycin,preferred_term,CHEBI:75044,Phleomycin,CHEBI:75044,MAPPED
Phloretin,preferred_term,CHEBI:17276,Phloretin,CHEBI:17276,MAPPED
Phloridzin,preferred_term,CHEBI:8113,Phloridzin,CHEBI:8113,MAPPED
PhOH,synonym,CHEBI:15882,Phenol,CHEBI:15882,MAPPED
Phoslactomycin,preferred_term,kgmicrobe.compound:phoslactomycin,Phoslactomycin,kgmicrobe.compound:phoslactomycin,MAPPED
Phosphate buffer,preferred_term,NCIT:C29321,Phosphate buffer,NCIT:C29321,MAPPED
Phosphate Buffer Stock Solution,preferred_term,kgmicrobe.ingredient:phosphate_buffer_stock_solution,Phosphate Buffer Stock Solution,NCIT:C29321,MAPPED
Phosphate-buffered saline,synonym,UNMAPPED_0184,PBS,,UNMAPPED
Phosphocholine,preferred_term,CHEBI:18132,Phosphocholine,CHEBI:18132,MAPPED
Phosphomycin disodium salt,preferred_term,cas:26016-99-9,Phosphomycin disodium salt,cas:26016-99-9,MAPPED
Phosphoric acid mono-(4-formyl-5-hydroxy-6-methyl-pyridin-3-ylmethyl) ester,synonym,CHEBI:18405,Pyridoxal phosphate,CHEBI:18405,MAPPED
"phosphoric acid, calcium salt (1:1)",synonym,CHEBI:32596,CaHPO4,CHEBI:32596,MAPPED
"Phosphoric acid, dipotassium salt",synonym,CHEBI:131527,K2HPO4,CHEBI:131527,MAPPED
"Phosphoric acid, monoammonium salt",synonym,CHEBI:62982,NH4H2PO4,CHEBI:62982,MAPPED
"Phosphoric acid, monopotassium salt",synonym,CHEBI:63036,KH2PO4,CHEBI:63036,MAPPED
"phosphoric acid, monosodium salt",synonym,CHEBI:37585,NaH2PO4,CHEBI:37585,MAPPED
"Phosphoric acid, potassium salt (1:1)",synonym,CHEBI:63036,KH2PO4,CHEBI:63036,MAPPED
phosphorous acid,preferred_term,CHEBI:36361,phosphorous acid,CHEBI:36361,MAPPED
Phyllochinon,synonym,CHEBI:18067,Vitamin K1,CHEBI:18067,MAPPED
Phyllochinonum,synonym,CHEBI:18067,Vitamin K1,CHEBI:18067,MAPPED
Phyllomycin,preferred_term,kgmicrobe.compound:phyllomycin,Phyllomycin,kgmicrobe.compound:phyllomycin,MAPPED
PHYLLOQUINONE,synonym,CHEBI:18067,Vitamin K1,CHEBI:18067,MAPPED
Physcion,preferred_term,CHEBI:38167,Physcion,CHEBI:38167,MAPPED
Phytagel,synonym,CHEBI:85248,Gelrite,CHEBI:85248,MAPPED
phytomenadione,synonym,CHEBI:18067,Vitamin K1,CHEBI:18067,MAPPED
phytomenadionum,synonym,CHEBI:18067,Vitamin K1,CHEBI:18067,MAPPED
phytonadione,synonym,CHEBI:18067,Vitamin K1,CHEBI:18067,MAPPED
Phytonadionum,synonym,CHEBI:18067,Vitamin K1,CHEBI:18067,MAPPED
Phytone,preferred_term,FOODON:03315720,Phytone,FOODON:03315720,MAPPED
Phytone peptone,synonym,FOODON:03315720,Soy peptone,FOODON:03315720,MAPPED
Phytone peptone (BD-BBL),synonym,FOODON:03315720,Soy peptone,FOODON:03315720,MAPPED
Phytylmenadione,synonym,CHEBI:18067,Vitamin K1,CHEBI:18067,MAPPED
Picolinic acid,preferred_term,CHEBI:28747,Picolinic acid,CHEBI:28747,MAPPED
Picropodophyllin,preferred_term,CHEBI:75251,Picropodophyllin,CHEBI:75251,MAPPED
Picrotoxinin,preferred_term,CHEBI:8206,Picrotoxinin,CHEBI:8206,MAPPED
Piericidin,preferred_term,kgmicrobe.compound:piericidin,Piericidin,kgmicrobe.compound:piericidin,MAPPED
Pimelic acid,preferred_term,CHEBI:30531,Pimelic acid,CHEBI:30531,MAPPED
Pimpinellin,preferred_term,CHEBI:8213,Pimpinellin,CHEBI:8213,MAPPED
pinene,preferred_term,CHEBI:17187,pinene,CHEBI:17187,MAPPED
Piperacillin,preferred_term,CHEBI:8232,Piperacillin,CHEBI:8232,MAPPED
Piperacillin sodium salt,preferred_term,CHEBI:8233,Piperacillin sodium salt,CHEBI:8233,MAPPED
pipercolic acid,synonym,CHEBI:30913,L-Pipecolic Acid,CHEBI:30913,MAPPED
Piperic acid,preferred_term,cas:5285-18-7,Piperic acid,mesh:C017637,MAPPED
piperidic acid,synonym,CHEBI:16865,gamma-Aminobutyric acid,CHEBI:16865,MAPPED
piperidinic acid,synonym,CHEBI:16865,gamma-Aminobutyric acid,CHEBI:16865,MAPPED
Piperine,preferred_term,CHEBI:28821,Piperine,CHEBI:28821,MAPPED
PIPES,preferred_term,CHEBI:39033,PIPES,CHEBI:39033,MAPPED
PIPES buffer,preferred_term,UNMAPPED_0489,PIPES buffer,,UNMAPPED
PIPES sesquisodium salt,preferred_term,cas:100037-69-2,PIPES sesquisodium salt,cas:100037-69-2,MAPPED
Piplartine,preferred_term,CHEBI:8241,Piplartine,CHEBI:8241,MAPPED
piridossina,synonym,CHEBI:16709,Pyridoxine,CHEBI:16709,MAPPED
Plain flour,preferred_term,UNMAPPED_0490,Plain flour,,UNMAPPED
Planctomyces_artificial_seawater,preferred_term,UNMAPPED_0291,Planctomyces_artificial_seawater,,UNMAPPED
Planctomyces_mineral_salts,preferred_term,UNMAPPED_0279,Planctomyces_mineral_salts,,UNMAPPED
Planctomyces_trace_element_solution,preferred_term,UNMAPPED_0310,Planctomyces_trace_element_solution,,UNMAPPED
Planctomyces_vitamin_mix,preferred_term,UNMAPPED_0265,Planctomyces_vitamin_mix,,UNMAPPED
Plastic,preferred_term,ENVO:06105101,Plastic,ENVO:06105101,MAPPED
platinum (IV) chloride,preferred_term,cas:13454-96-1,platinum (IV) chloride,cas:13454-96-1,MAPPED
Plicacetin,preferred_term,mesh:C000633628,Plicacetin,mesh:C000633628,MAPPED
PLP,synonym,CHEBI:18405,Pyridoxal phosphate,CHEBI:18405,MAPPED
Plumbagin,preferred_term,CHEBI:8273,Plumbagin,CHEBI:8273,MAPPED
Plumbemycin A,preferred_term,mesh:C096638,Plumbemycin A,mesh:C096638,MAPPED
Plumbemycin B,preferred_term,mesh:C096639,Plumbemycin B,mesh:C096639,MAPPED
Pluramycin A,preferred_term,kgmicrobe.compound:pluramycin_a,Pluramycin A,mesh:C003169,MAPPED
Polar lipid fraction,preferred_term,UNMAPPED_0491,Polar lipid fraction,,UNMAPPED
poliglusam,synonym,CHEBI:16261,Chitosan,CHEBI:16261,MAPPED
Poly hexamethylene carbonate,preferred_term,UNMAPPED_0492,Poly hexamethylene carbonate,,UNMAPPED
Poly L Lysine Polymer,synonym,CHEBI:61490,poly(L-lysine) polymer,CHEBI:61490,MAPPED
Poly L Lysine Polymer,preferred_term,CHEBI:61490,Poly L Lysine Polymer,CHEBI:61490,REJECTED
"Poly(1,4-alpha-D-galacturonide)",synonym,CHEBI:17309,Pectin,CHEBI:17309,MAPPED
poly(3-hydroxy butyrate),synonym,CHEBI:53389,Poly(3-hydroxybutyrate),CHEBI:53389,MAPPED
Poly(3-hydroxybutyrate),preferred_term,CHEBI:53389,Poly(3-hydroxybutyrate),CHEBI:53389,MAPPED
Poly(3-hydroxybutyric acid),preferred_term,cas:29435-48-1,Poly(3-hydroxybutyric acid),CHEBI:20067,MAPPED
Poly(ethylene Terephthalate),preferred_term,CHEBI:53259,Poly(ethylene Terephthalate),CHEBI:53259,MAPPED
poly(L-lysine),synonym,CHEBI:61490,poly(L-lysine) polymer,CHEBI:61490,MAPPED
poly(L-lysine),synonym,CHEBI:61490,Poly L Lysine Polymer,CHEBI:61490,REJECTED
poly(L-lysine) polymer,preferred_term,CHEBI:61490,poly(L-lysine) polymer,CHEBI:61490,MAPPED
poly(L-lysine) polymer,synonym,CHEBI:61490,Poly L Lysine Polymer,CHEBI:61490,REJECTED
poly-3-hydroxy butyrate,synonym,CHEBI:53389,Poly(3-hydroxybutyrate),CHEBI:53389,MAPPED
poly-3-hydroxybutyrate,synonym,CHEBI:53389,Poly(3-hydroxybutyrate),CHEBI:53389,MAPPED
Poly-beta-hydroxyalkanoate,preferred_term,UNMAPPED_0836,Poly-beta-hydroxyalkanoate,,UNMAPPED
poly-ß-hydroxybutyric acid,preferred_term,UNMAPPED_0493,poly-ß-hydroxybutyric acid,,UNMAPPED
poly[(1->4)-alpha-D-GalpA],synonym,CHEBI:17309,Pectin,CHEBI:17309,MAPPED
"poly[oxy(1-methyl-3-oxopropane-1,3-diyl)]",synonym,CHEBI:53389,Poly(3-hydroxybutyrate),CHEBI:53389,MAPPED
Poly[R-3-hydroxybutyric acid],preferred_term,UNMAPPED_0494,Poly[R-3-hydroxybutyric acid],,UNMAPPED
Polychlorobiphenyl,preferred_term,CHEBI:53156,Polychlorobiphenyl,CHEBI:53156,MAPPED
Polyethylene glycol,preferred_term,CHEBI:46793,Polyethylene glycol,CHEBI:46793,MAPPED
Polyethylene glycol hexadecyl ether,synonym,cas:9004-95-9,Cetomacrogol 1000,mesh:D002592,MAPPED
Polyethylene oxide sorbitan mono-oleate,synonym,CHEBI:53426,Tween 80,CHEBI:53426,MAPPED
polygalacturonic acid,preferred_term,CHEBI:62969,polygalacturonic acid,CHEBI:62969,MAPPED
polygalacturonic acid (ultrapure),synonym,CHEBI:62969,polygalacturonic acid,CHEBI:62969,MAPPED
Polygalacturonic acid sodium salt,preferred_term,cas:9049-37-0,Polygalacturonic acid sodium salt,CHEBI:62969,MAPPED
polyhydroxybutyrate,synonym,CHEBI:53389,Poly(3-hydroxybutyrate),CHEBI:53389,MAPPED
Polymyxin,preferred_term,CHEBI:59062,Polymyxin,CHEBI:59062,MAPPED
Polymyxin B,preferred_term,CHEBI:759086,Polymyxin B,,UNMAPPED
Polymyxin B sulfate,preferred_term,CHEBI:8310,Polymyxin B sulfate,CHEBI:8310,MAPPED
Polyoxyethylene (20) sorbitan monooleate,synonym,CHEBI:53426,Tween 80,CHEBI:53426,MAPPED
Polyoxyethylene (20) sorbitan monopalmitate,synonym,CHEBI:53423,Tween 40,CHEBI:53423,MAPPED
polyoxyethylene (20) sorbitan monostearate,synonym,CHEBI:53425,Tween 60,CHEBI:53425,MAPPED
Polyoxyethylene sorbitan monooleate,synonym,CHEBI:53426,Tween 80,CHEBI:53426,MAPPED
Polyoxyethylene sorbitan monostearate,synonym,CHEBI:53425,Tween 60,CHEBI:53425,MAPPED
Polyoxyethylene sorbitan oleate,synonym,CHEBI:53426,Tween 80,CHEBI:53426,MAPPED
Polypepton,synonym,FOODON:03315306,Polypeptone,FOODON:03315306,MAPPED
Polypepton (Nihon Pharm. Co.),synonym,FOODON:03315306,Polypeptone,FOODON:03315306,MAPPED
Polypeptone,preferred_term,FOODON:03315306,Polypeptone,FOODON:03315306,MAPPED
polypeptone,synonym,FOODON:03315306,Polypeptone,FOODON:03315306,MAPPED
Polypeptone Peptone (BD 211910),synonym,FOODON:03315306,Polypeptone,FOODON:03315306,MAPPED
Polypeptone peptone (BD-BBL),synonym,FOODON:03315306,Polypeptone,FOODON:03315306,MAPPED
Polysaccharides,preferred_term,CHEBI:18154,Polysaccharides,CHEBI:18154,MAPPED
Polysorbate 40,synonym,CHEBI:53423,Tween 40,CHEBI:53423,MAPPED
Polysorbate 80,synonym,CHEBI:53426,Tween 80,CHEBI:53426,MAPPED
polysulfur,synonym,CHEBI:17909,Sulphur,CHEBI:17909,MAPPED
Porcine serum,preferred_term,MICRO:0001238,Porcine serum,MICRO:0001238,MAPPED
Porfiromycin,preferred_term,CHEBI:208611,Porfiromycin,CHEBI:208611,MAPPED
Porphyran,preferred_term,mesh:C038549,Porphyran,mesh:C038549,MAPPED
Porphyrin,preferred_term,CHEBI:8337,Porphyrin,CHEBI:8337,MAPPED
Potash alum,synonym,CHEBI:86463,AlK(SO4)2,CHEBI:86463,MAPPED
Potash alum dodecahydrate,synonym,CHEBI:86465,AlK(SO4)2 x 12 H2O,CHEBI:86465,MAPPED
potash lye,synonym,CHEBI:32035,KOH,CHEBI:32035,MAPPED
potasse caustique,synonym,CHEBI:32035,KOH,CHEBI:32035,MAPPED
Potassium,preferred_term,NCIT:C765,Potassium,NCIT:C765,MAPPED
potassium (poly)sulfide,preferred_term,cas:37199-66-9,potassium (poly)sulfide,cas:37199-66-9,MAPPED
Potassium 2-dehydro-D-gluconate,preferred_term,kgmicrobe.compound:potassium_2-dehydro-d-gluconate,Potassium 2-dehydro-D-gluconate,CHEBI:16808,MAPPED
Potassium 2-ketogluconate,preferred_term,kgmicrobe.compound:potassium_2-ketogluconate,Potassium 2-ketogluconate,CHEBI:16808,MAPPED
Potassium 4-aminobenzoate,preferred_term,cas:138-84-1,Potassium 4-aminobenzoate,cas:138-84-1,MAPPED
Potassium 5-dehydro-D-gluconate,preferred_term,kgmicrobe.compound:potassium_5-dehydro-d-gluconate,Potassium 5-dehydro-D-gluconate,CHEBI:58143,MAPPED
Potassium 5-ketogluconate,preferred_term,kgmicrobe.compound:potassium_5-ketogluconate,Potassium 5-ketogluconate,CHEBI:58143,MAPPED
Potassium acetate,synonym,CHEBI:32029,K-acetate,CHEBI:32029,MAPPED
potassium acid carbonate,synonym,CHEBI:81862,KHCO3,CHEBI:81862,MAPPED
Potassium acid phosphate,synonym,CHEBI:63036,KH2PO4,CHEBI:63036,MAPPED
potassium alum,synonym,CHEBI:86463,AlK(SO4)2,CHEBI:86463,MAPPED
Potassium alum dodecahydrate,synonym,CHEBI:86465,AlK(SO4)2 x 12 H2O,CHEBI:86465,MAPPED
potassium aluminium sulfate,synonym,CHEBI:86463,AlK(SO4)2,CHEBI:86463,MAPPED
potassium aluminium sulfate dodecahydrate,synonym,CHEBI:86465,AlK(SO4)2 x 12 H2O,CHEBI:86465,MAPPED
Potassium aluminum alum,synonym,CHEBI:86463,AlK(SO4)2,CHEBI:86463,MAPPED
Potassium aluminum chloride,preferred_term,cas:74978-20-4,Potassium aluminum chloride,NCIT:C83530,MAPPED
potassium aluminum disulfate,synonym,CHEBI:86463,AlK(SO4)2,CHEBI:86463,MAPPED
Potassium aluminum disulfate dodecahydrate,synonym,CHEBI:86465,AlK(SO4)2 x 12 H2O,CHEBI:86465,MAPPED
potassium bicarbonate,synonym,CHEBI:81862,KHCO3,CHEBI:81862,MAPPED
Potassium Bromide,synonym,CHEBI:32030,KBr,CHEBI:32030,MAPPED
potassium carbonate,synonym,CHEBI:131526,K2CO3,CHEBI:131526,MAPPED
Potassium Chloride,synonym,CHEBI:32588,KCl,CHEBI:32588,MAPPED
Potassium chromate,synonym,CHEBI:75249,K2CrO4,CHEBI:75249,MAPPED
Potassium chromate(VI),synonym,CHEBI:75249,K2CrO4,CHEBI:75249,MAPPED
potassium citramalate monohydrate,preferred_term,cas:1030365-02-6,potassium citramalate monohydrate,CHEBI:15584,MAPPED
Potassium dibasic phosphate,synonym,CHEBI:131527,K2HPO4,CHEBI:131527,MAPPED
Potassium dichromate,preferred_term,CHEBI:53444,Potassium dichromate,CHEBI:53444,MAPPED
potassium dichromate(2-),synonym,CHEBI:53444,Potassium dichromate,CHEBI:53444,MAPPED
potassium dichromate(VI),synonym,CHEBI:53444,Potassium dichromate,CHEBI:53444,MAPPED
Potassium dihydrogen orthophosphate,synonym,CHEBI:63036,KH2PO4,CHEBI:63036,MAPPED
Potassium dihydrogen phosphate,synonym,CHEBI:63036,KH2PO4,CHEBI:63036,MAPPED
potassium fluoride,preferred_term,CHEBI:66872,potassium fluoride,CHEBI:66872,MAPPED
Potassium Gluconate,preferred_term,CHEBI:32032,Potassium Gluconate,CHEBI:32032,MAPPED
potassium hexahydroxoantimonate,preferred_term,cas:12208-13-8,potassium hexahydroxoantimonate,cas:12208-13-8,MAPPED
potassium hydrogen carbonate,synonym,CHEBI:81862,KHCO3,CHEBI:81862,MAPPED
potassium hydrogencarbonate,synonym,CHEBI:81862,KHCO3,CHEBI:81862,MAPPED
Potassium monohydrogen phosphate,synonym,CHEBI:131527,K2HPO4,CHEBI:131527,MAPPED
Potassium monophosphate,synonym,CHEBI:131527,K2HPO4,CHEBI:131527,MAPPED
Potassium oxalate monohydrate,preferred_term,cas:6487-48-5,Potassium oxalate monohydrate,NCIT:C87592,MAPPED
Potassium Phosphate,synonym,CHEBI:63036,KH2PO4,CHEBI:63036,MAPPED
Potassium phosphate (dibasic),synonym,CHEBI:131527,K2HPO4,CHEBI:131527,MAPPED
Potassium phosphate buffer,preferred_term,kgmicrobe.ingredient:potassium_phosphate_buffer,Potassium phosphate buffer,NCIT:C29321,MAPPED
Potassium phosphate dibasic,synonym,CHEBI:131527,K2HPO4,CHEBI:131527,MAPPED
Potassium phosphate dibasic trihydrate,preferred_term,cas:16788-57-1,Potassium phosphate dibasic trihydrate,mesh:C013216,MAPPED
Potassium phosphate monobasic,synonym,CHEBI:63036,KH2PO4,CHEBI:63036,MAPPED
potassium rhodanate,synonym,CHEBI:30951,KSCN,CHEBI:30951,MAPPED
potassium rhodanide,synonym,CHEBI:30951,KSCN,CHEBI:30951,MAPPED
Potassium sulfate,synonym,CHEBI:32036,K2SO4,CHEBI:32036,MAPPED
potassium sulfocyanate,synonym,CHEBI:30951,KSCN,CHEBI:30951,MAPPED
potassium sulphate,synonym,CHEBI:32036,K2SO4,CHEBI:32036,MAPPED
potassium tellurate,preferred_term,CHEBI:75248,potassium tellurate,CHEBI:75248,MAPPED
potassium tellurate hydrate,preferred_term,cas:314041-10-6,potassium tellurate hydrate,CHEBI:30463,MAPPED
Potassium tellurite hydrate,preferred_term,cas:123333-66-4,Potassium tellurite hydrate,CHEBI:75248,MAPPED
Potassium tetrathionate,synonym,CHEBI:86466,K2S4O6,CHEBI:86466,MAPPED
potassium thiocyanate,synonym,CHEBI:30951,KSCN,CHEBI:30951,MAPPED
Potato flour,preferred_term,FOODON:03302378,Potato flour,FOODON:03302378,MAPPED
PP factor,synonym,CHEBI:15940,Nicotinic acid,CHEBI:15940,MAPPED
PPLO broth,preferred_term,UNMAPPED_0497,PPLO broth,,UNMAPPED
Pradimicin,preferred_term,CHEBI:83230,Pradimicin,CHEBI:83230,MAPPED
Pravastatin,preferred_term,CHEBI:63618,Pravastatin,CHEBI:63618,MAPPED
Pravastatin lactone,preferred_term,CHEBI:145933,Pravastatin lactone,CHEBI:145933,MAPPED
PrCl3 x H2O,preferred_term,UNMAPPED_0498,PrCl3 x H2O,,UNMAPPED
Prebiotin,preferred_term,UNMAPPED_0210,Prebiotin,,UNMAPPED
Precipitated calcium carbonate,synonym,CHEBI:3311,CaCO3,CHEBI:3311,MAPPED
Prenyletin,preferred_term,cas:15870-91-4,Prenyletin,cas:15870-91-4,MAPPED
PreticX,preferred_term,UNMAPPED_0216,PreticX,,UNMAPPED
Pretomanid,preferred_term,cas:187235-37-6,Pretomanid,NCIT:C166606,MAPPED
primaeres Natriumsulfit,synonym,CHEBI:26709,NaHSO3,CHEBI:26709,MAPPED
Primary ammonium phosphate,synonym,CHEBI:62982,NH4H2PO4,CHEBI:62982,MAPPED
Primocarcin,preferred_term,kgmicrobe.compound:primocarcin,Primocarcin,kgmicrobe.compound:primocarcin,MAPPED
Pristinamycin,preferred_term,CHEBI:85274,Pristinamycin,CHEBI:85274,MAPPED
Probumin Universal Grade,preferred_term,UNMAPPED_0499,Probumin Universal Grade,,UNMAPPED
Procaine hydrochloride,preferred_term,CHEBI:8431,Procaine hydrochloride,CHEBI:8431,MAPPED
produces: DL-lactate,synonym,CHEBI:24996,Lactate,CHEBI:24996,MAPPED
produces: ethanol,synonym,CHEBI:16236,Ethanol,CHEBI:16236,MAPPED
Prolin,synonym,CHEBI:26271,Proline,CHEBI:26271,MAPPED
PROLINE,synonym,CHEBI:17203,L-Proline,CHEBI:17203,MAPPED
Proline,preferred_term,CHEBI:26271,Proline,CHEBI:26271,MAPPED
prolinum,synonym,CHEBI:17203,L-Proline,CHEBI:17203,MAPPED
Promitor,preferred_term,UNMAPPED_0212,Promitor,,UNMAPPED
Propan-1-ol,preferred_term,CHEBI:28831,Propan-1-ol,CHEBI:28831,MAPPED
Propan-2-ol,synonym,CHEBI:17824,Isopropyl alcohol,CHEBI:17824,MAPPED
propan-2-one,synonym,CHEBI:15347,acetone,CHEBI:15347,MAPPED
Propandiamine,preferred_term,CHEBI:15725,Propandiamine,CHEBI:15725,MAPPED
"propane-1,2,3-triol",synonym,CHEBI:17754,Glycerol,CHEBI:17754,MAPPED
"Propane-1,3-diamine",synonym,CHEBI:15725,Propandiamine,CHEBI:15725,MAPPED
propanecarboxylic acid,synonym,CHEBI:30772,Butyric acid,CHEBI:30772,MAPPED
Propanedioic acid,synonym,CHEBI:30794,Malonic acid,CHEBI:30794,MAPPED
Propanetriol,synonym,CHEBI:17754,Glycerol,CHEBI:17754,MAPPED
Propanetriol,synonym,CHEBI:17754,glycerol,CHEBI:17754,REJECTED
PROPANOIC ACID,synonym,CHEBI:30768,Propionic acid,CHEBI:30768,MAPPED
"Propanoic acid, sodium salt",synonym,CHEBI:132106,Na-propionate,CHEBI:132106,MAPPED
Propanol,synonym,CHEBI:28831,Propan-1-ol,CHEBI:28831,MAPPED
"Properties: Defined component, Inorganic compound, Simple component",synonym,CHEBI:132112,Na2S2O3,CHEBI:132112,MAPPED
"Properties: Defined component, Inorganic compound, Simple component",synonym,CHEBI:18320,DL-Dithiothreitol,CHEBI:18320,MAPPED
"Properties: Defined component, Inorganic compound, Simple component",synonym,CHEBI:26709,NaHSO3,CHEBI:26709,MAPPED
"Properties: Defined component, Inorganic compound, Simple component",synonym,CHEBI:32145,NaOH,CHEBI:32145,MAPPED
"Properties: Defined component, Inorganic compound, Simple component",synonym,CHEBI:32150,Na2S2O3 x 5 H2O,CHEBI:32150,MAPPED
"Properties: Defined component, Inorganic compound, Simple component",synonym,CHEBI:62965,Na-formate,CHEBI:62965,MAPPED
"Properties: Defined component, Inorganic compound, Simple component",synonym,CHEBI:66870,Sodium dithionite,CHEBI:66870,MAPPED
"Properties: Defined component, Inorganic compound, Simple component",synonym,CHEBI:86466,K2S4O6,CHEBI:86466,MAPPED
"Properties: Defined component, Inorganic compound, Solution",synonym,CHEBI:132112,Na2S2O3,CHEBI:132112,MAPPED
"Properties: Defined component, Inorganic compound, Solution",synonym,CHEBI:32145,NaOH,CHEBI:32145,MAPPED
"Properties: Defined component, Organic compound, Simple component",synonym,CHEBI:113451,Na-ascorbate,CHEBI:113451,MAPPED
"Properties: Defined component, Organic compound, Simple component",synonym,CHEBI:113455,Na-benzoate,CHEBI:113455,MAPPED
"Properties: Defined component, Organic compound, Simple component",synonym,CHEBI:115156,Na2-fumarate,CHEBI:115156,MAPPED
"Properties: Defined component, Organic compound, Simple component",synonym,CHEBI:16199,Urea,CHEBI:16199,MAPPED
"Properties: Defined component, Organic compound, Simple component",synonym,CHEBI:30729,Fe(III)-EDTA,CHEBI:30729,MAPPED
"Properties: Defined component, Organic compound, Simple component",synonym,CHEBI:30769,Citric acid,CHEBI:30769,MAPPED
"Properties: Defined component, Organic compound, Simple component",synonym,CHEBI:53258,Trisodium citrate,CHEBI:53258,MAPPED
"Properties: Defined component, Organic compound, Simple component",synonym,CHEBI:53425,Tween 60,CHEBI:53425,MAPPED
"Properties: Defined component, Organic compound, Simple component",synonym,CHEBI:63125,Na3-EDTA,CHEBI:63125,MAPPED
"Properties: Defined component, Organic compound, Simple component",synonym,CHEBI:64103,Na-butyrate,CHEBI:64103,MAPPED
"Properties: Defined component, Organic compound, Simple component",synonym,CHEBI:64734,Na2-EDTA,CHEBI:64734,MAPPED
"Properties: Defined component, Organic compound, Simple component",synonym,CHEBI:64734,Na2-EDTA x 2 H2O,CHEBI:64734,MAPPED
"Properties: Defined component, Organic compound, Simple component",synonym,CHEBI:64755,EDTA,CHEBI:64755,MAPPED
"Properties: Defined component, Organic compound, Simple component",synonym,CHEBI:64758,Na2EDTA·2H2O,CHEBI:64758,MAPPED
"Properties: Defined component, Organic compound, Simple component",synonym,CHEBI:75456,Glycerol monostearate,CHEBI:75456,MAPPED
"Properties: Defined component, Organic compound, Simple component",synonym,CHEBI:84997,Sodium gluconate,CHEBI:84997,MAPPED
"Properties: Defined component, Organic compound, Simple component",synonym,CHEBI:86481,Na-thioglycolate,CHEBI:86481,MAPPED
"Properties: Defined component, Organic compound, Simple component",synonym,CHEBI:91248,L-Cysteine HCl x H2O,CHEBI:91248,MAPPED
"Properties: Defined component, Organic compound, Simple component",synonym,CHEBI:91261,Sodium malate,CHEBI:91261,MAPPED
"Properties: Defined component, Organic compound, Simple component",synonym,CHEBI:91263,Sodium maleate,CHEBI:91263,MAPPED
"Properties: Defined component, Organic compound, Solution",synonym,CHEBI:113451,Na-ascorbate,CHEBI:113451,MAPPED
"Properties: Defined component, Organic compound, Solution",synonym,CHEBI:115156,Na2-fumarate,CHEBI:115156,MAPPED
"Properties: Defined component, Organic compound, Solution",synonym,CHEBI:62965,Na-formate,CHEBI:62965,MAPPED
"Properties: Defined component, Organic compound, Solution",synonym,CHEBI:64103,Na-butyrate,CHEBI:64103,MAPPED
"Properties: Defined component, Simple component",synonym,CHEBI:131526,K2CO3,CHEBI:131526,MAPPED
"Properties: Defined component, Simple component",synonym,CHEBI:6872,Methylene blue,CHEBI:6872,MAPPED
"Properties: Defined component, Simple component",synonym,NCIT:C61062,Catalase,NCIT:C61062,MAPPED
"Properties: Defined component, Simple component, Inorganic compound",synonym,CHEBI:132112,Na2S2O3,CHEBI:132112,MAPPED
"Properties: Defined component, Simple component, Inorganic compound",synonym,CHEBI:32145,NaOH,CHEBI:32145,MAPPED
"Properties: Defined component, Simple component, Inorganic compound",synonym,CHEBI:32150,Na2S2O3 x 5 H2O,CHEBI:32150,MAPPED
"Properties: Defined component, Simple component, Inorganic compound",synonym,CHEBI:62965,Na-formate,CHEBI:62965,MAPPED
"Properties: Defined component, Simple component, Inorganic compound",synonym,CHEBI:66870,Sodium dithionite,CHEBI:66870,MAPPED
"Properties: Defined component, Simple component, Inorganic compound",synonym,CHEBI:86466,K2S4O6,CHEBI:86466,MAPPED
"Properties: Defined component, Simple component, Inorganic compound",synonym,CHEBI:61278,Na2S2O4,CHEBI:61278,REJECTED
"Properties: Defined component, Simple component, Organic compound",synonym,CHEBI:113451,Na-ascorbate,CHEBI:113451,MAPPED
"Properties: Defined component, Simple component, Organic compound",synonym,CHEBI:113455,Na-benzoate,CHEBI:113455,MAPPED
"Properties: Defined component, Simple component, Organic compound",synonym,CHEBI:115156,Na2-fumarate,CHEBI:115156,MAPPED
"Properties: Defined component, Simple component, Organic compound",synonym,CHEBI:16199,Urea,CHEBI:16199,MAPPED
"Properties: Defined component, Simple component, Organic compound",synonym,CHEBI:30729,Fe(III)-EDTA,CHEBI:30729,MAPPED
"Properties: Defined component, Simple component, Organic compound",synonym,CHEBI:30769,Citric acid,CHEBI:30769,MAPPED
"Properties: Defined component, Simple component, Organic compound",synonym,CHEBI:63125,Na3-EDTA,CHEBI:63125,MAPPED
"Properties: Defined component, Simple component, Organic compound",synonym,CHEBI:64103,Na-butyrate,CHEBI:64103,MAPPED
"Properties: Defined component, Simple component, Organic compound",synonym,CHEBI:64734,Na2-EDTA,CHEBI:64734,MAPPED
"Properties: Defined component, Simple component, Organic compound",synonym,CHEBI:64734,Na2-EDTA x 2 H2O,CHEBI:64734,MAPPED
"Properties: Defined component, Simple component, Organic compound",synonym,CHEBI:64755,EDTA,CHEBI:64755,MAPPED
"Properties: Defined component, Simple component, Organic compound",synonym,CHEBI:64758,Na2EDTA·2H2O,CHEBI:64758,MAPPED
"Properties: Defined component, Simple component, Organic compound",synonym,CHEBI:84997,Sodium gluconate,CHEBI:84997,MAPPED
"Properties: Defined component, Simple component, Organic compound",synonym,CHEBI:86481,Na-thioglycolate,CHEBI:86481,MAPPED
"Properties: Defined component, Simple component, Organic compound",synonym,CHEBI:91248,L-Cysteine HCl x H2O,CHEBI:91248,MAPPED
"Properties: Defined component, Simple component, Organic compound",synonym,CHEBI:91261,Sodium malate,CHEBI:91261,MAPPED
"Properties: Defined component, Solution, Inorganic compound",synonym,CHEBI:32145,NaOH,CHEBI:32145,MAPPED
"Properties: Inorganic compound, Simple component, Defined component",synonym,CHEBI:132112,Na2S2O3,CHEBI:132112,MAPPED
"Properties: Inorganic compound, Simple component, Defined component",synonym,CHEBI:30951,KSCN,CHEBI:30951,MAPPED
"Properties: Inorganic compound, Simple component, Defined component",synonym,CHEBI:32150,Na2S2O3 x 5 H2O,CHEBI:32150,MAPPED
"Properties: Inorganic compound, Simple component, Defined component",synonym,CHEBI:62965,Na-formate,CHEBI:62965,MAPPED
"Properties: Organic compound, Defined component, Simple component",synonym,CHEBI:53425,Tween 60,CHEBI:53425,MAPPED
"Properties: Organic compound, Defined component, Simple component",synonym,CHEBI:64758,Na2EDTA·2H2O,CHEBI:64758,MAPPED
"Properties: Organic compound, Defined component, Simple component",synonym,CHEBI:91248,L-Cysteine HCl x H2O,CHEBI:91248,MAPPED
"Properties: Organic compound, Simple component, Defined component",synonym,CHEBI:115156,Na2-fumarate,CHEBI:115156,MAPPED
"Properties: Organic compound, Simple component, Defined component",synonym,CHEBI:16199,Urea,CHEBI:16199,MAPPED
"Properties: Organic compound, Simple component, Defined component",synonym,CHEBI:30769,Citric acid,CHEBI:30769,MAPPED
"Properties: Organic compound, Simple component, Defined component",synonym,CHEBI:64734,Na2-EDTA,CHEBI:64734,MAPPED
"Properties: Organic compound, Simple component, Defined component",synonym,CHEBI:64755,EDTA,CHEBI:64755,MAPPED
"Properties: Organic compound, Simple component, Defined component",synonym,CHEBI:86481,Na-thioglycolate,CHEBI:86481,MAPPED
"Properties: Organic compound, Simple component, Defined component",synonym,CHEBI:91248,L-Cysteine HCl x H2O,CHEBI:91248,MAPPED
"Properties: Organic compound, Simple component, Defined component",synonym,CHEBI:91261,Sodium malate,CHEBI:91261,MAPPED
"Properties: Simple component, Defined component",synonym,NCIT:C61062,Catalase,NCIT:C61062,MAPPED
"Properties: Simple component, Defined component, Inorganic compound",synonym,CHEBI:32150,Na2S2O3 x 5 H2O,CHEBI:32150,MAPPED
"Properties: Simple component, Defined component, Inorganic compound",synonym,CHEBI:62965,Na-formate,CHEBI:62965,MAPPED
"Properties: Simple component, Defined component, Organic compound",synonym,CHEBI:16199,Urea,CHEBI:16199,MAPPED
"Properties: Simple component, Defined component, Organic compound",synonym,CHEBI:30769,Citric acid,CHEBI:30769,MAPPED
"Properties: Simple component, Defined component, Organic compound",synonym,CHEBI:64755,EDTA,CHEBI:64755,MAPPED
"Properties: Simple component, Defined component, Organic compound",synonym,CHEBI:86481,Na-thioglycolate,CHEBI:86481,MAPPED
"Properties: Simple component, Defined component, Organic compound",synonym,CHEBI:91248,L-Cysteine HCl x H2O,CHEBI:91248,MAPPED
"Properties: Simple component, Organic compound, Defined component",synonym,CHEBI:113455,Na-benzoate,CHEBI:113455,MAPPED
"Properties: Simple component, Organic compound, Defined component",synonym,CHEBI:115156,Na2-fumarate,CHEBI:115156,MAPPED
"Properties: Simple component, Organic compound, Defined component",synonym,CHEBI:64103,Na-butyrate,CHEBI:64103,MAPPED
"Properties: Simple component, Organic compound, Defined component",synonym,CHEBI:64734,Na2-EDTA,CHEBI:64734,MAPPED
"Properties: Simple component, Organic compound, Defined component",synonym,CHEBI:64734,Na2-EDTA x 2 H2O,CHEBI:64734,MAPPED
"Properties: Simple component, Organic compound, Defined component",synonym,CHEBI:64755,EDTA,CHEBI:64755,MAPPED
"Properties: Simple component, Organic compound, Defined component",synonym,CHEBI:91248,L-Cysteine HCl x H2O,CHEBI:91248,MAPPED
"Properties: Simple component, Organic compound, Defined component",synonym,CHEBI:91261,Sodium malate,CHEBI:91261,MAPPED
Properties: Undefined component,synonym,FOODON:03315719,Casamino acids,FOODON:03315719,MAPPED
Properties: Undefined component,synonym,FOODON:03315720,Soy peptone,FOODON:03315720,MAPPED
Properties: Undefined component,synonym,MICRO:0000175,Trypticase,MICRO:0000175,MAPPED
Properties: Undefined component,synonym,MICRO:0000182,Bacto-tryptone,MICRO:0000182,MAPPED
Properties: Undefined component,synonym,CHEBI:8150,Bacto Soytone,FOODON:03315720,REJECTED
"Properties: Undefined component, Complex component",synonym,CHEBI:2509,Agar,CHEBI:2509,MAPPED
Propidium iodide,preferred_term,CHEBI:51240,Propidium iodide,CHEBI:51240,MAPPED
propioic acid,synonym,CHEBI:30768,Propionic acid,CHEBI:30768,MAPPED
Propionamide,preferred_term,CHEBI:45422,Propionamide,CHEBI:45422,MAPPED
Propionate,preferred_term,CHEBI:17272,Propionate,CHEBI:17272,MAPPED
Propionate (sodium salt),synonym,CHEBI:132106,Na-propionate,CHEBI:132106,MAPPED
Propionic acid,preferred_term,CHEBI:30768,Propionic acid,CHEBI:30768,MAPPED
Propionic acid sodium salt,synonym,CHEBI:132106,Na-propionate,CHEBI:132106,MAPPED
Propionsaeure,synonym,CHEBI:30768,Propionic acid,CHEBI:30768,MAPPED
propoic acid,synonym,CHEBI:30768,Propionic acid,CHEBI:30768,MAPPED
propylacetic acid,synonym,CHEBI:17418,Valeric acid,CHEBI:17418,MAPPED
propylformic acid,synonym,CHEBI:30772,Butyric acid,CHEBI:30772,MAPPED
Proteose,preferred_term,UNMAPPED_0838,Proteose,,UNMAPPED
Proteose Peptone,preferred_term,MICRO:0000180,Proteose Peptone,MICRO:0000180,MAPPED
Proteose peptone,synonym,MICRO:0000180,Proteose Peptone,MICRO:0000180,MAPPED
Proteose peptone (BD Difco),synonym,MICRO:0000180,Proteose Peptone,MICRO:0000180,MAPPED
Proteose peptone (BD--Difco),synonym,MICRO:0000180,Proteose Peptone,MICRO:0000180,MAPPED
Proteose peptone (BD-Difco),synonym,MICRO:0000180,Proteose Peptone,MICRO:0000180,MAPPED
Proteose Peptone (Difco no. 3),synonym,MICRO:0000180,Proteose Peptone,MICRO:0000180,MAPPED
Proteose peptone (Difco),synonym,MICRO:0000180,Proteose Peptone,MICRO:0000180,MAPPED
Proteose peptone No 2 (DIFCO 0121-01-3),synonym,MICRO:0000180,Proteose Peptone,MICRO:0000180,MAPPED
Proteose peptone no. 2,preferred_term,MICRO:0002393,Proteose peptone no. 2,MICRO:0002393,MAPPED
Proteose peptone no. 2,synonym,MICRO:0000180,Proteose Peptone,MICRO:0000180,MAPPED
Proteose Peptone No. 3,synonym,MICRO:0000180,Proteose Peptone,MICRO:0000180,MAPPED
Proteose peptone no. 3,synonym,MICRO:0000180,Proteose Peptone,MICRO:0000180,MAPPED
Proteose peptone No. 3 (BD--Difco),synonym,MICRO:0000180,Proteose Peptone,MICRO:0000180,MAPPED
Proteose peptone No. 3 (BD-Difco),synonym,MICRO:0000180,Proteose Peptone,MICRO:0000180,MAPPED
Proteose peptone no.3 (Difco),synonym,MICRO:0000180,Proteose Peptone,MICRO:0000180,MAPPED
Proteose Peptone(BD 211684),synonym,MICRO:0000180,Proteose Peptone,MICRO:0000180,MAPPED
Proteose tryptone (DIFCO 0123-01),synonym,MICRO:0000182,Tryptone,MICRO:0000182,MAPPED
Proteose yeastolate,preferred_term,UNMAPPED_0500,Proteose yeastolate,,UNMAPPED
Protocatechualdehyde,preferred_term,CHEBI:50205,Protocatechualdehyde,CHEBI:50205,MAPPED
Protocatechuate,preferred_term,CHEBI:36241,Protocatechuate,CHEBI:36241,MAPPED
Protocatechuic Acid,preferred_term,CHEBI:36062,Protocatechuic Acid,CHEBI:36062,MAPPED
protohemin,synonym,CHEBI:50385,Haemin,CHEBI:50385,MAPPED
protohemin IX,synonym,CHEBI:50385,Haemin,CHEBI:50385,MAPPED
Protoporphyrin,preferred_term,CHEBI:15430,Protoporphyrin,CHEBI:15430,MAPPED
Protoporphyrin IX,synonym,CHEBI:15430,Protoporphyrin,CHEBI:15430,MAPPED
pseudoacetic acid,synonym,CHEBI:30768,Propionic acid,CHEBI:30768,MAPPED
Pseudobutylene glycol,synonym,CHEBI:62064,"2,3-butanediol",CHEBI:62064,MAPPED
pseudocobalamin,synonym,UNMAPPED_0181,adeninyl cobamide,,UNMAPPED
Psicofuranine,synonym,CHEBI:8612,Angustmycin,CHEBI:8612,MAPPED
PSP,synonym,CHEBI:31991,Phenol red,CHEBI:31991,MAPPED
PteGlu,synonym,CHEBI:27470,Folic acid,CHEBI:27470,MAPPED
"pteridine-2,4-diol",synonym,CHEBI:16489,Lumazine,CHEBI:16489,MAPPED
Pterin-6-Carboxylic Acid,preferred_term,CHEBI:88937,Pterin-6-Carboxylic Acid,CHEBI:88937,MAPPED
Pterostilbene,preferred_term,CHEBI:8630,Pterostilbene,CHEBI:8630,MAPPED
pteroyl-L-glutamic acid,synonym,CHEBI:27470,Folic acid,CHEBI:27470,MAPPED
pteroyl-L-monoglutamic acid,synonym,CHEBI:27470,Folic acid,CHEBI:27470,MAPPED
pteroylglutamic acid,synonym,CHEBI:27470,Folic acid,CHEBI:27470,MAPPED
pteroylmonoglutamic acid,synonym,CHEBI:27470,Folic acid,CHEBI:27470,MAPPED
Pullulan,preferred_term,CHEBI:27941,Pullulan,CHEBI:27941,MAPPED
Pulp of sour stone cherries,preferred_term,UNMAPPED_0501,Pulp of sour stone cherries,,UNMAPPED
purin-6(1H)-one,synonym,CHEBI:17368,Hypoxanthine,CHEBI:17368,MAPPED
"purine-2(3H),6(1H)-dione",synonym,CHEBI:17712,Xanthine,CHEBI:17712,MAPPED
Purine-6-ol,synonym,CHEBI:17368,Hypoxanthine,CHEBI:17368,MAPPED
Purines,preferred_term,CHEBI:26401,Purines,CHEBI:26401,MAPPED
Puromycin,preferred_term,CHEBI:17939,Puromycin,CHEBI:17939,MAPPED
Puromycin dihydrochloride,preferred_term,CHEBI:8642,Puromycin dihydrochloride,CHEBI:8642,MAPPED
Pustulan (b-1-6 glucan),preferred_term,cas:37331-28-5,Pustulan (b-1-6 glucan),mesh:C002076,MAPPED
Putrescin,synonym,CHEBI:17148,Putrescine,CHEBI:17148,MAPPED
putrescina,synonym,CHEBI:17148,Putrescine,CHEBI:17148,MAPPED
Putrescine,preferred_term,CHEBI:17148,Putrescine,CHEBI:17148,MAPPED
Putrescine,synonym,cas:333-93-7,Putrescine Dihydrochloride,CHEBI:201718,MAPPED
Putrescine 2 HCl,synonym,cas:333-93-7,Putrescine Dihydrochloride,CHEBI:201718,MAPPED
Putrescine Dihydrochloride,preferred_term,cas:333-93-7,Putrescine Dihydrochloride,CHEBI:201718,MAPPED
Putreszin,synonym,CHEBI:17148,Putrescine,CHEBI:17148,MAPPED
PY-cellobiose,preferred_term,UNMAPPED_0719,PY-cellobiose,,UNMAPPED
PY-fructose,preferred_term,UNMAPPED_0767,PY-fructose,,UNMAPPED
PY-glucose-rumen Fluid,preferred_term,UNMAPPED_0768,PY-glucose-rumen Fluid,,NEEDS_EXPERT
PY-maltose,preferred_term,UNMAPPED_0769,PY-maltose,,UNMAPPED
PY-pectin,preferred_term,UNMAPPED_0770,PY-pectin,,UNMAPPED
PYEG,preferred_term,UNMAPPED_0771,PYEG,,NEEDS_EXPERT
PYG,preferred_term,UNMAPPED_0628,PYG,,NEEDS_EXPERT
PYG + Rumen Fluid,preferred_term,UNMAPPED_0773,PYG + Rumen Fluid,,NEEDS_EXPERT
PYG-0.02% Tween 80,preferred_term,UNMAPPED_0772,PYG-0.02% Tween 80,,UNMAPPED
PYGS,preferred_term,UNMAPPED_0704,PYGS,,NEEDS_EXPERT
Pyocyanin,preferred_term,CHEBI:8653,Pyocyanin,CHEBI:8653,MAPPED
Pyrazinamide,preferred_term,CHEBI:45285,Pyrazinamide,CHEBI:45285,MAPPED
PYRAZINE-2-CARBOXAMIDE,synonym,CHEBI:45285,Pyrazinamide,CHEBI:45285,MAPPED
Pyrene,preferred_term,CHEBI:39106,Pyrene,CHEBI:39106,MAPPED
"PYRIDINE-2,6-DICARBOXYLIC ACID",synonym,CHEBI:46837,Dipicolinic Acid,CHEBI:46837,MAPPED
PYRIDINE-2-CARBOXYLIC ACID,synonym,CHEBI:28747,Picolinic acid,CHEBI:28747,MAPPED
pyridine-3-carboxamide,synonym,CHEBI:17154,Nicotinamide,CHEBI:17154,MAPPED
pyridine-3-carboxylic acid,synonym,CHEBI:15940,Nicotinic acid,CHEBI:15940,MAPPED
pyridine-3-carboxylic acid amide,synonym,CHEBI:17154,Nicotinamide,CHEBI:17154,MAPPED
pyridine-4-carbohydrazide,synonym,CHEBI:6030,Isoniazid,CHEBI:6030,MAPPED
Pyridomycin,preferred_term,CHEBI:221765,Pyridomycin,CHEBI:221765,MAPPED
pyridoxal 5'-(dihydrogen phosphate),synonym,CHEBI:18405,Pyridoxal phosphate,CHEBI:18405,MAPPED
pyridoxal 5-monophosphoric acid ester,synonym,CHEBI:18405,Pyridoxal phosphate,CHEBI:18405,MAPPED
Pyridoxal 5-phosphate,synonym,CHEBI:18405,Pyridoxal phosphate,CHEBI:18405,MAPPED
Pyridoxal HCl,synonym,CHEBI:131529,Pyridoxal hydrochloride,CHEBI:131529,MAPPED
Pyridoxal hydrochloride,preferred_term,CHEBI:131529,Pyridoxal hydrochloride,CHEBI:131529,MAPPED
Pyridoxal phosphate,preferred_term,CHEBI:18405,Pyridoxal phosphate,CHEBI:18405,MAPPED
PYRIDOXAL-5'-PHOSPHATE,synonym,CHEBI:18405,Pyridoxal phosphate,CHEBI:18405,MAPPED
Pyridoxal·HCl,synonym,CHEBI:131529,Pyridoxal hydrochloride,CHEBI:131529,MAPPED
Pyridoxamine,preferred_term,CHEBI:16410,Pyridoxamine,CHEBI:16410,MAPPED
pyridoxamine 2HCl,synonym,CHEBI:131532,Pyridoxamine Dihydrochloride,CHEBI:131532,MAPPED
Pyridoxamine dichlorohydrate,synonym,CHEBI:131532,Pyridoxamine Dihydrochloride,CHEBI:131532,MAPPED
Pyridoxamine Dihydrochloride,preferred_term,CHEBI:131532,Pyridoxamine Dihydrochloride,CHEBI:131532,MAPPED
Pyridoxamine HCl,synonym,CHEBI:131531,Pyridoxamine hydrochloride,CHEBI:131531,MAPPED
Pyridoxamine hydrochloride,preferred_term,CHEBI:131531,Pyridoxamine hydrochloride,CHEBI:131531,MAPPED
pyridoxamine monohydrochloride,synonym,CHEBI:131531,Pyridoxamine hydrochloride,CHEBI:131531,MAPPED
Pyridoxamine-HCl,synonym,CHEBI:131531,Pyridoxamine hydrochloride,CHEBI:131531,MAPPED
Pyridoxamine·2HCl,synonym,CHEBI:131532,Pyridoxamine Dihydrochloride,CHEBI:131532,MAPPED
Pyridoxamine·HCl,synonym,CHEBI:131531,Pyridoxamine hydrochloride,CHEBI:131531,MAPPED
Pyridoxin,synonym,CHEBI:16709,Pyridoxine,CHEBI:16709,MAPPED
pyridoxina,synonym,CHEBI:16709,Pyridoxine,CHEBI:16709,MAPPED
Pyridoxine,preferred_term,CHEBI:16709,Pyridoxine,CHEBI:16709,MAPPED
Pyridoxine HCl,synonym,CHEBI:30961,Pyridoxine hydrochloride,CHEBI:30961,MAPPED
Pyridoxine hydrochloride,preferred_term,CHEBI:30961,Pyridoxine hydrochloride,CHEBI:30961,MAPPED
Pyridoxine-HCl,synonym,CHEBI:30961,Pyridoxine hydrochloride,CHEBI:30961,MAPPED
Pyridoxine·HCl,synonym,CHEBI:30961,Pyridoxine hydrochloride,CHEBI:30961,MAPPED
Pyridoxine・HCl,synonym,CHEBI:30961,Pyridoxine hydrochloride,CHEBI:30961,MAPPED
pyridoxinum,synonym,CHEBI:16709,Pyridoxine,CHEBI:16709,MAPPED
Pyridoxol,synonym,CHEBI:16709,Pyridoxine,CHEBI:16709,MAPPED
pyridoxol hydrochloride,synonym,CHEBI:30961,Pyridoxine hydrochloride,CHEBI:30961,MAPPED
pyridoxolum,synonym,CHEBI:16709,Pyridoxine,CHEBI:16709,MAPPED
Pyridoxylamine dihydrochloride,synonym,CHEBI:131532,Pyridoxamine Dihydrochloride,CHEBI:131532,MAPPED
Pyrimethamine,preferred_term,CHEBI:8673,Pyrimethamine,CHEBI:8673,MAPPED
"pyrimidine-2,4(1H,3H)-dione",synonym,CHEBI:17568,Uracil,CHEBI:17568,MAPPED
Pyrite,preferred_term,CHEBI:86471,Pyrite,CHEBI:86471,MAPPED
pyrithiamine diphosphate,synonym,CHEBI:18290,Thiamine pyrophosphate,CHEBI:18290,MAPPED
pyrithiamine pyrophosphate,synonym,CHEBI:18290,Thiamine pyrophosphate,CHEBI:18290,MAPPED
pyrocatechin,synonym,CHEBI:18135,Pyrocatechol,CHEBI:18135,MAPPED
Pyrocatechol,preferred_term,CHEBI:18135,Pyrocatechol,CHEBI:18135,MAPPED
pyrocatechuic acid,synonym,CHEBI:18026,"2,3-dihydroxybenzoic acid",CHEBI:18026,MAPPED
Pyrogallol,preferred_term,CHEBI:16164,Pyrogallol,CHEBI:16164,MAPPED
Pyromelitic acid,preferred_term,CHEBI:45165,Pyromelitic acid,CHEBI:45165,MAPPED
Pyromucic acid,synonym,CHEBI:30845,2-Furoic acid,CHEBI:30845,MAPPED
Pyrophosphoric acid tetrasodium salt,synonym,CHEBI:71240,Sodium pyrophosphate,CHEBI:71240,MAPPED
Pyroracemic acid,synonym,CHEBI:32816,Pyruvic acid,CHEBI:32816,MAPPED
"Pyrosulfurous acid, disodium salt",synonym,CHEBI:114786,Na2S2O5,CHEBI:114786,MAPPED
Pyrrole-2-carboxylic acid,preferred_term,CHEBI:36751,Pyrrole-2-carboxylic acid,CHEBI:36751,MAPPED
pyrrolidine-2-carboxylic acid,synonym,CHEBI:26271,Proline,CHEBI:26271,MAPPED
Pyrrolomycin A,preferred_term,CHEBI:156550,Pyrrolomycin A,CHEBI:156550,MAPPED
Pyrrolomycin B,preferred_term,CHEBI:220052,Pyrrolomycin B,CHEBI:220052,MAPPED
Pyruvate,preferred_term,CHEBI:15361,Pyruvate,CHEBI:15361,MAPPED
Pyruvic acid,preferred_term,CHEBI:32816,Pyruvic acid,CHEBI:32816,MAPPED
Pyruvic acid sodium salt,synonym,CHEBI:50144,Na-pyruvate,CHEBI:50144,MAPPED
"pyruvic acid, sodium salt",synonym,CHEBI:50144,Na-pyruvate,CHEBI:50144,MAPPED
Quassin,preferred_term,CHEBI:8692,Quassin,CHEBI:8692,MAPPED
Quebrachitol,preferred_term,CHEBI:111,Quebrachitol,CHEBI:111,MAPPED
Quercetin,preferred_term,CHEBI:16243,Quercetin,CHEBI:16243,MAPPED
Quercinitol,synonym,CHEBI:10642,m-Inositol,CHEBI:10642,MAPPED
Quinate,preferred_term,CHEBI:26490,Quinate,CHEBI:26490,MAPPED
Quinic acid,preferred_term,CHEBI:26493,Quinic acid,CHEBI:26493,MAPPED
Quinine Hdrochloride,preferred_term,cas:6119-47-7,Quinine Hdrochloride,cas:6119-47-7,MAPPED
R agar,preferred_term,UNMAPPED_0132,R agar,,UNMAPPED
R-(+)-Lipoic acid,synonym,CHEBI:30314,Thioctic acid,CHEBI:30314,MAPPED
R-744,synonym,CHEBI:16526,Carbon dioxide gas,CHEBI:16526,MAPPED
R-LA,synonym,CHEBI:30314,Thioctic acid,CHEBI:30314,MAPPED
Rabbit blood,preferred_term,MICRO:0001229,Rabbit blood,MICRO:0001229,MAPPED
Rabbit serum,preferred_term,MICRO:0002392,Rabbit serum,MICRO:0002392,MAPPED
"rac-2-(3,4-dimethoxyphenyl)-5-{[2-(3,4-dimethoxyphenyl)ethyl](methyl)amino}-2-isopropylpentanenitrile hydrochloride",synonym,CHEBI:53188,(+/-)-Verapamil hydrochloride,CHEBI:53188,MAPPED
"rac-3,5-dihydroxy-3-methylpentanoic acid",synonym,CHEBI:25351,DL-mevalonic acid,CHEBI:25351,MAPPED
rac-3-Hydroxypentanoic Acid,preferred_term,CHEBI:139272,rac-3-Hydroxypentanoic Acid,CHEBI:139272,MAPPED
"rac-4-cyano-4-(3,4-dimethoxyphenyl)-N-[2-(3,4-dimethoxyphenyl)ethyl]-N,5-dimethylhexan-1-aminium chloride",synonym,CHEBI:53188,(+/-)-Verapamil hydrochloride,CHEBI:53188,MAPPED
rac-4-hydroxy-3-(3-oxo-1-phenylbutyl)-2H-1-benzopyran-2-one,synonym,CHEBI:10033,Warfarin,CHEBI:10033,MAPPED
"rac-9-fluoro-3-methyl-10-(4-methylpiperazin-1-yl)-7-oxo-2,3-dihydro-7H-[1,4]oxazino[2,3,4-ij]quinoline-6-carboxylic acid",synonym,CHEBI:7731,Ofloxacin,CHEBI:7731,MAPPED
rac-Dithiothreitol,synonym,CHEBI:18320,DL-Dithiothreitol,CHEBI:18320,MAPPED
Racemethionine,synonym,CHEBI:16811,DL-methionine,CHEBI:16811,MAPPED
Racemomycin E,preferred_term,kgmicrobe.compound:racemomycin_e,Racemomycin E,mesh:C019594,MAPPED
Radicicol,preferred_term,CHEBI:556075,Radicicol,CHEBI:556075,MAPPED
Raffinose,preferred_term,CHEBI:16634,Raffinose,CHEBI:16634,MAPPED
rafinose,synonym,CHEBI:16634,Raffinose,CHEBI:16634,MAPPED
raflinose,synonym,CHEBI:16634,Raffinose,CHEBI:16634,MAPPED
Ramoplanin,preferred_term,CHEBI:29670,Ramoplanin,CHEBI:29670,MAPPED
Rechtsweinsaeure,synonym,CHEBI:15671,L(+)-Tartaric acid,CHEBI:15671,MAPPED
Red Arabinan from sugar-beet,preferred_term,UNMAPPED_0166,Red Arabinan from sugar-beet,,UNMAPPED
reduced coenzyme M,synonym,CHEBI:17905,2-Mercaptoethanesulfonate,CHEBI:17905,MAPPED
reduced CoM,synonym,CHEBI:17905,2-Mercaptoethanesulfonate,CHEBI:17905,MAPPED
Reduced glutathione,synonym,CHEBI:16856,Glutathione,CHEBI:16856,MAPPED
reduction: amorphous fe(iii) oxyhydroxid,synonym,CHEBI:192761,Ferrihydrite,CHEBI:192761,MAPPED
reduction: amorphous iron (iii) oxide,synonym,CHEBI:192761,Ferrihydrite,CHEBI:192761,MAPPED
reduction: arsenate detoxification,synonym,CHEBI:29125,Arsenate,CHEBI:29125,MAPPED
Reinforced clostridial medium,preferred_term,UNMAPPED_0507,Reinforced clostridial medium,,UNMAPPED
"rel-(2R,3R)-1,4-disulfanylbutane-2,3-diol",synonym,CHEBI:18320,DL-Dithiothreitol,CHEBI:18320,MAPPED
"rel-(2R,3R,4R,5S)-hexane-1,2,3,4,5,6-hexol",synonym,CHEBI:30911,Sorbitol,CHEBI:30911,MAPPED
Renilla luciferyl sulfate anion,synonym,CHEBI:63043,KNO3,CHEBI:63043,MAPPED
Resazurin,preferred_term,CHEBI:8806,Resazurin,CHEBI:8806,MAPPED
resazurin sodium salt,synonym,CHEBI:8806,Resazurin,CHEBI:8806,MAPPED
Resistomycin,preferred_term,CHEBI:29671,Resistomycin,CHEBI:29671,MAPPED
Resveratrol,preferred_term,CHEBI:27881,Resveratrol,CHEBI:27881,MAPPED
RFP,synonym,CHEBI:28077,Rifampicin,CHEBI:28077,MAPPED
Rhamnogalacturonan - from potato,preferred_term,UNMAPPED_0175,Rhamnogalacturonan - from potato,,UNMAPPED
Rhamnogalacturonan from soy bean pectic fibre,preferred_term,cas:39280-21-2,Rhamnogalacturonan from soy bean pectic fibre,cas:39280-21-2,MAPPED
Rhamnogalacturonan I from potato pectic fiber,preferred_term,cas:39280-21-2,Rhamnogalacturonan I from potato pectic fiber,cas:39280-21-2,MAPPED
Rhamnogalacturonan-II from apple juice concentrate,preferred_term,UNMAPPED_0240,Rhamnogalacturonan-II from apple juice concentrate,,UNMAPPED
Rhamnolipid,preferred_term,CHEBI:62570,Rhamnolipid,CHEBI:62570,MAPPED
Rhamnose,preferred_term,CHEBI:26546,Rhamnose,CHEBI:26546,MAPPED
Rhocya,synonym,CHEBI:30951,KSCN,CHEBI:30951,MAPPED
Rhodinyl Acetate,preferred_term,cas:141-11-7,Rhodinyl Acetate,cas:141-11-7,MAPPED
Rhodocladonic Acid,preferred_term,CHEBI:144215,Rhodocladonic Acid,CHEBI:144215,MAPPED
Rhodomycin A,preferred_term,kgmicrobe.compound:rhodomycin_a,Rhodomycin A,mesh:C004977,MAPPED
Rhodomycin B,preferred_term,CHEBI:81879,Rhodomycin B,CHEBI:81879,MAPPED
Rib,synonym,CHEBI:33942,Ribose,CHEBI:33942,MAPPED
Ribitol,preferred_term,CHEBI:15963,Ribitol,CHEBI:15963,MAPPED
ribo-pentose,synonym,CHEBI:33942,Ribose,CHEBI:33942,MAPPED
Riboflavin,preferred_term,CHEBI:17015,Riboflavin,CHEBI:17015,MAPPED
"Riboflavin 5'-(trihydrogen diphosphate), 5'-5'-ester with adenosine",synonym,CHEBI:16238,FAD,CHEBI:16238,MAPPED
Riboflavin 5'-adenosine diphosphate,synonym,CHEBI:16238,FAD,CHEBI:16238,MAPPED
Riboflavin solution see Medium No. 462,preferred_term,UNMAPPED_0508,Riboflavin solution see Medium No. 462,,UNMAPPED
Riboflavine,synonym,CHEBI:17015,Riboflavin,CHEBI:17015,MAPPED
Riboflavine (B2),synonym,CHEBI:17015,Riboflavin,CHEBI:17015,MAPPED
Ribonucleic acid from torula yeast type VI,preferred_term,CHEBI:33697,Ribonucleic acid from torula yeast type VI,CHEBI:33697,MAPPED
ribonucleic acids,synonym,CHEBI:33697,Ribonucleic acid from torula yeast type VI,CHEBI:33697,MAPPED
Ribose,preferred_term,CHEBI:33942,Ribose,CHEBI:33942,MAPPED
ribosylthymidine,synonym,CHEBI:45996,5-methyluridine,CHEBI:45996,MAPPED
ribothymidine,synonym,CHEBI:45996,5-methyluridine,CHEBI:45996,MAPPED
Rice starch,synonym,CHEBI:28017,Starch,CHEBI:28017,MAPPED
Rifabutin,preferred_term,CHEBI:45367,Rifabutin,CHEBI:45367,MAPPED
rifamcin,synonym,CHEBI:28077,Rifampicin,CHEBI:28077,MAPPED
Rifampicin,preferred_term,CHEBI:28077,Rifampicin,CHEBI:28077,MAPPED
rifampicina,synonym,CHEBI:28077,Rifampicin,CHEBI:28077,MAPPED
rifampicinum,synonym,CHEBI:28077,Rifampicin,CHEBI:28077,MAPPED
Rifampin,synonym,CHEBI:28077,Rifampicin,CHEBI:28077,MAPPED
Rifamycin,preferred_term,NCIT:C29406,Rifamycin,NCIT:C29406,MAPPED
Rifamycin B,preferred_term,CHEBI:17876,Rifamycin B,CHEBI:17876,MAPPED
Rifamycin O,preferred_term,CHEBI:16324,Rifamycin O,CHEBI:16324,MAPPED
Rifamycin S,preferred_term,CHEBI:34948,Rifamycin S,CHEBI:34948,MAPPED
Rifamycin Sv,preferred_term,CHEBI:29673,Rifamycin Sv,CHEBI:29673,MAPPED
Ristocetin A,preferred_term,UNMAPPED_0841,Ristocetin A,,UNMAPPED
Ristocetin B,preferred_term,kgmicrobe.compound:ristocetin_b,Ristocetin B,CHEBI:85129,MAPPED
RLA,synonym,CHEBI:30314,Thioctic acid,CHEBI:30314,MAPPED
Rna,preferred_term,UNMAPPED_0842,Rna,,UNMAPPED
Robustic Acid,preferred_term,cas:5307-59-5,Robustic Acid,mesh:C105206,MAPPED
Roccellic Acid,preferred_term,CHEBI:144218,Roccellic Acid,CHEBI:144218,MAPPED
rock salt,synonym,CHEBI:26710,NaCl,CHEBI:26710,MAPPED
Role: Antimicrobial agent,synonym,CHEBI:2682,Amphotericin B,CHEBI:2682,MAPPED
Role: Buffer,synonym,CHEBI:39035,TES,CHEBI:39035,MAPPED
Role: Buffer,synonym,CHEBI:41250,Bis-Tris,CHEBI:41250,MAPPED
Role: Carbon source,synonym,CHEBI:114126,Na-caproate,CHEBI:114126,MAPPED
Role: Carbon source,synonym,CHEBI:132100,Sodium octanoate,CHEBI:132100,MAPPED
Role: Carbon source,synonym,CHEBI:15443,Inulin,CHEBI:15443,MAPPED
Role: Carbon source,synonym,CHEBI:18135,Pyrocatechol,CHEBI:18135,MAPPED
Role: Carbon source,synonym,CHEBI:18167,maltose,CHEBI:18167,MAPPED
Role: Carbon source,synonym,CHEBI:18222,Xylose,CHEBI:18222,MAPPED
Role: Carbon source,synonym,CHEBI:28017,Starch,CHEBI:28017,MAPPED
Role: Carbon source,synonym,CHEBI:28631,Phenyl propionic acid,CHEBI:28631,MAPPED
Role: Carbon source,synonym,CHEBI:28842,Stearic acid,CHEBI:28842,MAPPED
Role: Carbon source,synonym,CHEBI:30745,Phenyl acetic acid,CHEBI:30745,MAPPED
Role: Carbon source,synonym,CHEBI:32816,Pyruvic acid,CHEBI:32816,MAPPED
Role: Carbon source,synonym,CHEBI:36218,Beta-Lactose,CHEBI:36218,MAPPED
Role: Carbon source,synonym,CHEBI:45296,Hexadecane,CHEBI:45296,MAPPED
Role: Carbon source,synonym,CHEBI:53389,Poly(3-hydroxybutyrate),CHEBI:53389,MAPPED
Role: Growth factor,synonym,CHEBI:16810,Na2 alpha-ketoglutarate,CHEBI:16810,MAPPED
Role: Growth factor,synonym,CHEBI:27418,"1,4-Naphthoquinone",CHEBI:27418,MAPPED
Role: Growth factor,synonym,CHEBI:49105,Thiamine HCl,CHEBI:49105,MAPPED
Role: Mineral source,synonym,CHEBI:192761,Ferrihydrite,CHEBI:192761,MAPPED
Role: Mineral source,synonym,CHEBI:30563,SiO2,CHEBI:30563,MAPPED
Role: Mineral source,synonym,CHEBI:53472,CuCl,CHEBI:53472,MAPPED
Role: Mineral source,synonym,CHEBI:73605,KF,CHEBI:73605,MAPPED
Role: Nitrogen source,synonym,CHEBI:16643,L-Methionine,CHEBI:16643,MAPPED
Role: Nitrogen source,synonym,CHEBI:26271,Proline,CHEBI:26271,MAPPED
Role: pH indicator,synonym,CHEBI:86155,Bromothymol blue,CHEBI:86155,MAPPED
Role: Solidifying component,synonym,CHEBI:2509,Agar,CHEBI:2509,MAPPED
Role: Solidifying component,synonym,CHEBI:2511,Agarose,CHEBI:2511,MAPPED
Role: Solvating media,synonym,CHEBI:131383,"2,2,4,4,6,8,8-Heptamethylnonane",CHEBI:131383,MAPPED
Role: Solvating media,synonym,CHEBI:15377,Distilled water,CHEBI:15377,MAPPED
Role: Vitamin,synonym,CHEBI:17439,Cyanocobalamin,CHEBI:17439,MAPPED
Rolled oats,preferred_term,FOODON:03307110,Rolled oats,FOODON:03307110,MAPPED
Rosaramicin,preferred_term,CHEBI:87084,Rosaramicin,CHEBI:87084,MAPPED
Roseoflavin,preferred_term,CHEBI:72346,Roseoflavin,CHEBI:72346,MAPPED
Rosmarinic acid,preferred_term,CHEBI:17226,Rosmarinic acid,CHEBI:17226,MAPPED
Rosuvastatin calcium,preferred_term,CHEBI:77249,Rosuvastatin calcium,CHEBI:77249,MAPPED
Rotenone,preferred_term,CHEBI:28201,Rotenone,CHEBI:28201,MAPPED
Roxithromycin,preferred_term,CHEBI:48844,Roxithromycin,CHEBI:48844,MAPPED
rubidium chloride,preferred_term,CHEBI:78672,rubidium chloride,CHEBI:78672,MAPPED
rubradirin,preferred_term,CHEBI:223718,rubradirin,CHEBI:223718,MAPPED
Rubrolone,preferred_term,CHEBI:140148,Rubrolone,CHEBI:140148,MAPPED
Rumen fluid,preferred_term,UNMAPPED_0510,Rumen fluid,,UNMAPPED
Rutilantinone,preferred_term,cas:21288-61-9,Rutilantinone,cas:21288-61-9,MAPPED
Rutin,preferred_term,CHEBI:28527,Rutin,CHEBI:28527,MAPPED
Rye grass,preferred_term,UNMAPPED_0511,Rye grass,,UNMAPPED
S(O)Me2,synonym,CHEBI:28262,Dimethyl sulfoxide,CHEBI:28262,MAPPED
S-(5′-Adenosyl)-L-homocysteine,synonym,cas:9789-92-0,S-adenosyl Homocysteine,cas:9789-92-0,MAPPED
S-adenosyl Homocysteine,preferred_term,cas:9789-92-0,S-adenosyl Homocysteine,cas:9789-92-0,MAPPED
S-Isocorydine (),preferred_term,CHEBI:6000,S-Isocorydine (),CHEBI:6000,MAPPED
S-LA,synonym,CHEBI:43796,α-lipoic acid,CHEBI:43796,MAPPED
S-prop-2-en-1-yl-L-cysteine,synonym,CHEBI:74077,L-Deoxyalliin,CHEBI:74077,MAPPED
S6 medium,preferred_term,UNMAPPED_0512,S6 medium,,UNMAPPED
SABOURAUD- Glucose-Bouillon,preferred_term,UNMAPPED_0513,SABOURAUD- Glucose-Bouillon,,UNMAPPED
sacarosa,synonym,CHEBI:17992,Sucrose,CHEBI:17992,MAPPED
Saccharin,preferred_term,CHEBI:32111,Saccharin,CHEBI:32111,MAPPED
Saccharose,synonym,CHEBI:17992,Sucrose,CHEBI:17992,MAPPED
Sacharose,synonym,CHEBI:17992,Sucrose,CHEBI:17992,MAPPED
Safrole,preferred_term,CHEBI:8994,Safrole,CHEBI:8994,MAPPED
Salicin,preferred_term,CHEBI:17814,Salicin,CHEBI:17814,MAPPED
Salicylic acid,preferred_term,CHEBI:16914,Salicylic acid,CHEBI:16914,MAPPED
Salidroside,preferred_term,CHEBI:9009,Salidroside,CHEBI:9009,MAPPED
Salinomycin,preferred_term,CHEBI:80025,Salinomycin,CHEBI:80025,MAPPED
Salsoline,preferred_term,CHEBI:112,Salsoline,CHEBI:112,MAPPED
salt,synonym,CHEBI:26710,NaCl,CHEBI:26710,MAPPED
salt cake,synonym,CHEBI:32149,Na2SO4,CHEBI:32149,MAPPED
Salt peter,synonym,CHEBI:63043,KNO3,CHEBI:63043,MAPPED
Salt Solution II,preferred_term,UNMAPPED_0514,Salt Solution II,,UNMAPPED
Salt water,preferred_term,ENVO:00002010,Salt water,ENVO:00002010,MAPPED
saltpetre,synonym,CHEBI:63043,KNO3,CHEBI:63043,MAPPED
Salts solution,preferred_term,UNMAPPED_0516,Salts solution,,UNMAPPED
Salvinorin A,preferred_term,CHEBI:67900,Salvinorin A,CHEBI:67900,MAPPED
Sandramycin,preferred_term,CHEBI:221703,Sandramycin,CHEBI:221703,MAPPED
Sarcidin,preferred_term,kgmicrobe.compound:sarcidin,Sarcidin,kgmicrobe.compound:sarcidin,MAPPED
sarcosine,preferred_term,CHEBI:15611,sarcosine,CHEBI:15611,MAPPED
saures Natriumsulfit,synonym,CHEBI:26709,NaHSO3,CHEBI:26709,MAPPED
Schwefel,synonym,CHEBI:26833,Sulfur,CHEBI:26833,MAPPED
Schwefelsaeureloesungen,synonym,CHEBI:26836,H2SO4,CHEBI:26836,MAPPED
schweres Wasser,synonym,CHEBI:41981,deuterated water,CHEBI:41981,MAPPED
Sclareolide,preferred_term,cas:564-20-5,Sclareolide,mesh:C109395,MAPPED
Scopoletin,preferred_term,CHEBI:17488,Scopoletin,CHEBI:17488,MAPPED
Scutellarein 7-O-beta-D-glucuronide,synonym,CHEBI:66870,Sodium dithionite,CHEBI:66870,MAPPED
Scutellarein 7-O-beta-D-glucuronide,synonym,CHEBI:61278,Na2S2O4,CHEBI:61278,REJECTED
Scutellarein-7-glucuronide,synonym,CHEBI:66870,Sodium dithionite,CHEBI:66870,MAPPED
Scutellarein-7-glucuronide,synonym,CHEBI:61278,Na2S2O4,CHEBI:61278,REJECTED
Scutellarein-7-O-beta-D-glucuronide,synonym,CHEBI:66870,Sodium dithionite,CHEBI:66870,MAPPED
Scutellarein-7-O-beta-D-glucuronide,synonym,CHEBI:61278,Na2S2O4,CHEBI:61278,REJECTED
Scutellarein-7beta-D-glucuronide,synonym,CHEBI:66870,Sodium dithionite,CHEBI:66870,MAPPED
Scutellarein-7beta-D-glucuronide,synonym,CHEBI:61278,Na2S2O4,CHEBI:61278,REJECTED
Scutellarein-7beta-D-glucuronoside,synonym,CHEBI:66870,Sodium dithionite,CHEBI:66870,MAPPED
Scutellarein-7beta-D-glucuronoside,synonym,CHEBI:61278,Na2S2O4,CHEBI:61278,REJECTED
Scyllitol,synonym,CHEBI:10642,m-Inositol,CHEBI:10642,MAPPED
scyllo-Inositol,synonym,CHEBI:10642,m-Inositol,CHEBI:10642,MAPPED
SDM_noCarbon,preferred_term,UNMAPPED_0286,SDM_noCarbon,,UNMAPPED
SDS,synonym,CHEBI:8984,Sodium Dodecyl Sulfate,CHEBI:8984,MAPPED
Se-acid,preferred_term,UNMAPPED_0517,Se-acid,,UNMAPPED
Sea salts,preferred_term,UNMAPPED_0148,Sea salts,NCIT:C75874,UNMAPPED
sea salts (Sigma),synonym,UNMAPPED_0148,Sea salts,NCIT:C75874,UNMAPPED
Sea water,synonym,ENVO:00002149,Seawater,ENVO:00002149,MAPPED
Sea water,preferred_term,ENVO:00002149,Sea water,ENVO:00002149,REJECTED
Seawater,preferred_term,ENVO:00002149,Seawater,ENVO:00002149,MAPPED
Seawater (30 ppt),synonym,ENVO:00002149,Seawater,ENVO:00002149,MAPPED
Seawater(non-sterilized),synonym,ENVO:00002149,Seawater,ENVO:00002149,MAPPED
Sebacic acid,preferred_term,CHEBI:41865,Sebacic acid,CHEBI:41865,MAPPED
sec-propanol,synonym,CHEBI:17824,Isopropyl alcohol,CHEBI:17824,MAPPED
secondary calcium phosphate,synonym,CHEBI:32596,CaHPO4,CHEBI:32596,MAPPED
See source for composition,preferred_term,UNMAPPED_0002,See source for composition,,UNMAPPED
Selenate,preferred_term,CHEBI:15075,Selenate,CHEBI:15075,MAPPED
selenige Saeure,synonym,CHEBI:26642,H2SeO3,CHEBI:26642,MAPPED
selenious acid,synonym,CHEBI:26642,H2SeO3,CHEBI:26642,MAPPED
selenious acid (H2SeO3) disodium salt,synonym,CHEBI:48843,Na2SeO3,CHEBI:48843,MAPPED
selenious acid disodium salt,synonym,CHEBI:48843,Na2SeO3,CHEBI:48843,MAPPED
"Selenious acid disodium salt, pentahydrate",synonym,CHEBI:131361,Na2SeO3 x 5 H2O,CHEBI:131361,MAPPED
"selenious acid, disodium salt",synonym,CHEBI:48843,Na2SeO3,CHEBI:48843,MAPPED
"selenious acid, sodium salt (1:2)",synonym,CHEBI:48843,Na2SeO3,CHEBI:48843,MAPPED
Selenite,preferred_term,CHEBI:18212,Selenite,CHEBI:18212,MAPPED
Selenite-tungstate solution see Medium No. 431,preferred_term,UNMAPPED_0519,Selenite-tungstate solution see Medium No. 431,,UNMAPPED
Selenous acid,synonym,CHEBI:26642,H2SeO3,CHEBI:26642,MAPPED
Sepharose,synonym,CHEBI:2511,Agarose,CHEBI:2511,MAPPED
Serine,preferred_term,CHEBI:17822,Serine,CHEBI:17822,MAPPED
Serine hydroxamate,preferred_term,CHEBI:75494,Serine hydroxamate,CHEBI:75494,MAPPED
Serotonin,preferred_term,CHEBI:28790,Serotonin,CHEBI:28790,MAPPED
Serum,preferred_term,UBERON:0001977,Serum,UBERON:0001977,MAPPED
Setamycin,preferred_term,mesh:C032953,Setamycin,mesh:C032953,MAPPED
Shikimate,synonym,CHEBI:16119,Shikimic Acid,CHEBI:16119,MAPPED
Shikimic Acid,preferred_term,CHEBI:16119,Shikimic Acid,CHEBI:16119,MAPPED
Showdomycin,preferred_term,CHEBI:226519,Showdomycin,CHEBI:226519,MAPPED
Sialyllacto-N-tetraose a,preferred_term,CHEBI:89919,Sialyllacto-N-tetraose a,CHEBI:89919,MAPPED
Sialyllacto-N-tetraose c,preferred_term,CHEBI:89905,Sialyllacto-N-tetraose c,CHEBI:89905,MAPPED
Sialyllacto-N-tetraose d,preferred_term,cas:100789-83-1,Sialyllacto-N-tetraose d,cas:100789-83-1,MAPPED
Siderophore,preferred_term,CHEBI:26672,Siderophore,CHEBI:26672,MAPPED
Sigmacell alpha Type 50,preferred_term,UNMAPPED_0520,Sigmacell alpha Type 50,,UNMAPPED
Silibinin,preferred_term,CHEBI:9144,Silibinin,CHEBI:9144,MAPPED
silica,synonym,CHEBI:30563,SiO2,CHEBI:30563,MAPPED
"Silica, amorphous",synonym,CHEBI:30563,SiO2,CHEBI:30563,MAPPED
silicic anhydride,synonym,CHEBI:30563,SiO2,CHEBI:30563,MAPPED
silicon dioxide,synonym,CHEBI:30563,SiO2,CHEBI:30563,MAPPED
silicon(IV) oxide,synonym,CHEBI:30563,SiO2,CHEBI:30563,MAPPED
Siliziumdioxid,synonym,CHEBI:30563,SiO2,CHEBI:30563,MAPPED
silver chloride,preferred_term,CHEBI:30341,silver chloride,CHEBI:30341,MAPPED
silver sulfate,preferred_term,cas:10294-26-5,silver sulfate,cas:10294-26-5,MAPPED
silver(1+) chloride,synonym,CHEBI:30341,silver chloride,CHEBI:30341,MAPPED
silver(I) chloride,synonym,CHEBI:30341,silver chloride,CHEBI:30341,MAPPED
Simvastatin,preferred_term,CHEBI:9150,Simvastatin,CHEBI:9150,MAPPED
Simvastatin Hydroxy Acid Ammonium Salt,preferred_term,cas:139893-43-9,Simvastatin Hydroxy Acid Ammonium Salt,CHEBI:169041,MAPPED
sinapic acid,preferred_term,CHEBI:77131,sinapic acid,CHEBI:77131,MAPPED
sinapinaldehyde,preferred_term,CHEBI:27949,sinapinaldehyde,CHEBI:27949,MAPPED
Sinomenine,preferred_term,CHEBI:9163,Sinomenine,CHEBI:9163,MAPPED
SiO2,preferred_term,CHEBI:30563,SiO2,CHEBI:30563,MAPPED
Sisomicin sulfate salt,preferred_term,cas:53179-09-2,Sisomicin sulfate salt,CHEBI:35175,MAPPED
Skimmed milk,preferred_term,FOODON:03301484,Skimmed milk,FOODON:03301484,MAPPED
Skirrow supplement,preferred_term,UNMAPPED_0521,Skirrow supplement,,UNMAPPED
SLA,synonym,CHEBI:43796,α-lipoic acid,CHEBI:43796,MAPPED
Sludge,preferred_term,ENVO:00002044,Sludge,ENVO:00002044,MAPPED
sn-3-GPC,synonym,CHEBI:16870,sn-glycero-3-phosphocholine,CHEBI:16870,MAPPED
sn-glycero-3-phosphocholine,preferred_term,CHEBI:16870,sn-glycero-3-phosphocholine,CHEBI:16870,MAPPED
sn-glycerol 3-(dihydrogen phosphate),synonym,cas:17989-41-2,sn-Glycerol 3-phosphate lithium salt,CHEBI:15978,MAPPED
sn-glycerol 3-(dihydrogen phosphate),synonym,cas:29849-82-9,sn-Glycerol 3-phosphate bis(cyclohexylammonium) salt,CHEBI:15978,MAPPED
sn-Glycerol 3-phosphate bis(cyclohexylammonium) salt,preferred_term,cas:29849-82-9,sn-Glycerol 3-phosphate bis(cyclohexylammonium) salt,CHEBI:15978,MAPPED
sn-Glycerol 3-phosphate lithium salt,preferred_term,cas:17989-41-2,sn-Glycerol 3-phosphate lithium salt,CHEBI:15978,MAPPED
SnCl2 x 2 H2O,preferred_term,CHEBI:78074,SnCl2 x 2 H2O,CHEBI:78074,MAPPED
SnCl2 x 2H2O,synonym,CHEBI:78074,SnCl2 x 2 H2O,CHEBI:78074,MAPPED
SnCl2.2H2O,synonym,CHEBI:78074,SnCl2 x 2 H2O,CHEBI:78074,MAPPED
SnCl2·2H2O,synonym,CHEBI:78074,SnCl2 x 2 H2O,CHEBI:78074,MAPPED
soda lye,synonym,CHEBI:32145,NaOH,CHEBI:32145,MAPPED
Sodim deoxycholate monohydrate,synonym,cas:145224-92-6,Sodium deoxycholate monohydrate,CHEBI:9177,MAPPED
sodium (2E)-3-(4-hydroxy-3-methoxyphenyl)prop-2-enoate,synonym,CHEBI:114954,Sodium ferulate,CHEBI:114954,MAPPED
"sodium (2R)-2-[(1S)-1,2-dihydroxyethyl]-4-hydroxy-5-oxo-2,5-dihydrofuran-3-olate",synonym,CHEBI:113451,Na-ascorbate,CHEBI:113451,MAPPED
"sodium (2R,3S,4R,5R)-2,3,4,5,6-pentahydroxyhexanoate",synonym,CHEBI:84997,Sodium gluconate,CHEBI:84997,MAPPED
sodium (2S)-2-azaniumylpentanedioate,synonym,CHEBI:232425,Sodium glutamate monohydrate,CHEBI:232425,MAPPED
"sodium (2S,5R,6R)-6-{[(2R)-2-amino-2-phenylacetyl]amino}-3,3-dimethyl-7-oxo-4-thia-1-azabicyclo[3.2.0]heptane-2-carboxylate",synonym,CHEBI:34535,Na-ampicillin,CHEBI:34535,MAPPED
"sodium (6R,7R)-3-(acetoxymethyl)-8-oxo-7-[(2-thienylacetyl)amino]-5-thia-1-azabicyclo[4.2.0]oct-2-ene-2-carboxylate",synonym,CHEBI:3542,Cephalothin sodium salt,CHEBI:3542,MAPPED
"Sodium 1,2,3,6-tetrahydro-2,6-dioxopyrimidine-4-carboxylate",synonym,CHEBI:132101,Na-orotate,CHEBI:132101,MAPPED
"sodium 1,3,5,7-tetrahydroxybicyclo[3.3.1]tetraboroxane-1,5-diide",synonym,CHEBI:38892,Na2B4O7,CHEBI:38892,MAPPED
"sodium 2,2-dimethyl-6beta-(5-methyl-3-phenyl-1,2-oxazole-4-carboxamido)penam-3alpha-carboxylate",synonym,CHEBI:52134,Oxacillin sodium salt,CHEBI:52134,MAPPED
"sodium 2,2-dimethyl-6beta-(phenylacetamido)penam-3alpha-carboxylate",synonym,CHEBI:51765,Penicillin g,CHEBI:51765,MAPPED
"sodium 2,2-dimethyl-6beta-({[5-methyl-3-(2-chlorophenyl)isoxazol-4-yl]carbonyl}amino)penam-3alpha-carboxylate hydrate",synonym,CHEBI:34978,Cloxacillin sodium salt monohydrate,CHEBI:34978,MAPPED
"sodium 2,2-dimethyl-6beta-[(2R)-2-{[(2-oxoimidazolidin-1-yl)carbonyl]amino}-2-phenylacetamido]penam-3alpha-carboxylate",synonym,CHEBI:51864,Azlocillin sodium salt,CHEBI:51864,MAPPED
"sodium 2,6-dioxo-1,2,3,6-tetrahydropyrimidine-4-carboxylate",synonym,CHEBI:132101,Na-orotate,CHEBI:132101,MAPPED
sodium 2-(morpholin-4-yl)ethanesulfonate,synonym,CHEBI:62955,MES sodium salt,CHEBI:62955,MAPPED
sodium 2-(N-morpholino)ethanesulfonate,synonym,CHEBI:62955,MES sodium salt,CHEBI:62955,MAPPED
sodium 2-ammoniopentanedioate,synonym,CHEBI:64220,Na glutamate,CHEBI:64220,MAPPED
sodium 2-azaniumylpentanedioate,synonym,CHEBI:64220,Na glutamate,CHEBI:64220,MAPPED
Sodium 2-bromoethanesulfonate,preferred_term,cas:4263-52-9,Sodium 2-bromoethanesulfonate,cas:4263-52-9,MAPPED
Sodium 2-glycerophosphate,synonym,CHEBI:132089,Sodium beta-glycerophosphate,CHEBI:132089,MAPPED
sodium 2-hydroxypropanoate,synonym,CHEBI:75228,Sodium lactate,CHEBI:75228,MAPPED
Sodium 2-mercaptoethanesulfonate,preferred_term,CHEBI:31824,Sodium 2-mercaptoethanesulfonate,CHEBI:31824,MAPPED
Sodium 2-mercatoethanoate,synonym,CHEBI:86481,Na-thioglycolate,CHEBI:86481,MAPPED
"sodium 2-methyl-1,4-dioxo-1,2,3,4-tetrahydronaphthalene-2-sulfonate",synonym,CHEBI:63928,Menadione sodium bisulfate,CHEBI:63928,MAPPED
sodium 2-morpholin-4-ylethanesulfonate,synonym,CHEBI:62955,MES sodium salt,CHEBI:62955,MAPPED
Sodium 2-oxobutyrate,synonym,cas:2013-26-5,2-oxobutyric acid sodium salt,CHEBI:26714,MAPPED
sodium 2-oxopropanoate,synonym,CHEBI:50144,Na-pyruvate,CHEBI:50144,MAPPED
Sodium 2-sulfanylacetate,synonym,CHEBI:86481,Na-thioglycolate,CHEBI:86481,MAPPED
"sodium 3,4,5-trihydroxybenzoate",synonym,CHEBI:115197,Na-gallate,CHEBI:115197,MAPPED
"sodium 3-(acetoxymethyl)-7beta-{[(2Z)-2-(2-amino-1,3-thiazol-4-yl)-2-(methoxyimino)acetyl]amino}-3,4-didehydrocepham-4-carboxylate",synonym,CHEBI:3498,Cefotaxime sodium salt,CHEBI:3498,MAPPED
sodium 3-hydroxybutanoate,synonym,CHEBI:113373,Na-3-hydroxybutyrate,CHEBI:113373,MAPPED
sodium 3-hydroxybutyrate,synonym,CHEBI:113373,Na-3-hydroxybutyrate,CHEBI:113373,MAPPED
"sodium 3-{[(5-methyl-1,3,4-thiadiazol-2-yl)sulfanyl]methyl}-7beta-[(1H-tetrazol-1-ylacetyl)amino]-3,4-didehydrocepham-4-carboxylate",synonym,CHEBI:3483,Cefazolin sodium salt,CHEBI:3483,MAPPED
"sodium 3alpha,12alpha-dihydroxy-5beta-cholan-24-oate",synonym,CHEBI:9177,sodium Deoxycholate,CHEBI:9177,MAPPED
"sodium 3alpha,12alpha-dihydroxy-5beta-cholan-24-oate",synonym,cas:145224-92-6,Sodium deoxycholate monohydrate,CHEBI:9177,MAPPED
"sodium 3alpha,7alpha,12alpha-trihydroxy-5beta-cholan-24-oate",synonym,cas:206986-87-0,Sodium cholate hydrate,CHEBI:26711,MAPPED
sodium 4-hydroxy-3-methoxybenzoate,synonym,CHEBI:132748,Na-vanillate,CHEBI:132748,MAPPED
Sodium 4-Hydroxybenzoate,preferred_term,CHEBI:113449,Sodium 4-Hydroxybenzoate,CHEBI:113449,MAPPED
Sodium 4-methyl-2-oxovalerate,synonym,cas:4502-00-5,4-Methyl-2-oxopentanoic acid sodium salt,CHEBI:48430,MAPPED
Sodium 4-morpholin-1-ylethylsulphonate,synonym,CHEBI:62955,MES sodium salt,CHEBI:62955,MAPPED
"Sodium 5,5'-indigotindisulfonate",synonym,CHEBI:31695,Indigocarmine,CHEBI:31695,MAPPED
"sodium 6beta-[(2-ethoxy-1-naphthoyl)amino]-2,2-dimethylpenam-3alpha-carboxylate hydrate",synonym,CHEBI:51919,Nafcillin sodium salt monohydrate,CHEBI:51919,MAPPED
"sodium 6beta-[(2R)-2-amino-2-phenylacetamido]-2,2-dimethylpenam-3alpha-carboxylate",synonym,CHEBI:34535,Na-ampicillin,CHEBI:34535,MAPPED
"sodium 6beta-[(2R)-2-amino-2-phenylacetamido]-2,2-dimethylpenam-3alpha-carboxylate",synonym,CHEBI:34535,Ampicillin sodium salt,CHEBI:34535,REJECTED
"sodium 6beta-{(2R)-2-[(4-ethyl-2,3-dioxopiperazin-1-yl)carboxamido]-2-phenylacetamido}-2,2-dimethylpenam-3alpha-carboxylate",synonym,CHEBI:8233,Piperacillin sodium salt,CHEBI:8233,MAPPED
"sodium 6beta-{[3-(2,6-dichlorophenyl)-5-methyl-1,2-oxazol-4-yl]carboxamido}-2,2-dimethylpenam-3alpha-carboxylate--water (1/1)",synonym,CHEBI:52019,Dicloxacillin sodium salt monohydrate,CHEBI:52019,MAPPED
Sodium Acetate,synonym,CHEBI:32954,Na-acetate,CHEBI:32954,MAPPED
Sodium acetate,preferred_term,CHEBI:32954,Sodium acetate,CHEBI:32954,MAPPED
sodium acetate anhydrous,synonym,CHEBI:32954,Sodium acetate·3H2O,CHEBI:32954,MAPPED
Sodium acetate trihydrate,preferred_term,CHEBI:32138,Sodium acetate trihydrate,CHEBI:32138,MAPPED
Sodium acetate x 3 H2O,synonym,CHEBI:32138,Sodium acetate trihydrate,CHEBI:32138,MAPPED
Sodium acetate(Fisher BP 333),synonym,CHEBI:32954,Sodium acetate,CHEBI:32954,MAPPED
sodium acetate--water (1/3),synonym,CHEBI:32138,Sodium acetate trihydrate,CHEBI:32138,MAPPED
Sodium acetate·3H2O,preferred_term,CHEBI:32954,Sodium acetate·3H2O,CHEBI:32954,MAPPED
Sodium acetate・3H2O,synonym,CHEBI:32954,Sodium acetate·3H2O,CHEBI:32954,MAPPED
"Sodium acid arsenate, heptahydrate",synonym,CHEBI:91257,Na2HAsO4 x 7 H2O,CHEBI:91257,MAPPED
sodium acid carbonate,synonym,CHEBI:32139,NaHCO3,CHEBI:32139,MAPPED
Sodium adipate,preferred_term,cas:7486-38-6,Sodium adipate,FOODON:03413240,MAPPED
Sodium alginate,preferred_term,CHEBI:53311,Sodium alginate,CHEBI:53311,MAPPED
Sodium alpha-hydroxypropionate,synonym,CHEBI:75228,Sodium lactate,CHEBI:75228,MAPPED
sodium ampicillin,synonym,CHEBI:34535,Na-ampicillin,CHEBI:34535,MAPPED
Sodium antimonate,preferred_term,cas:15432-85-6,Sodium antimonate,mesh:C034426,MAPPED
Sodium Ascorbate,synonym,CHEBI:113451,Na-ascorbate,CHEBI:113451,MAPPED
Sodium azide,preferred_term,CHEBI:278547,Sodium azide,CHEBI:278547,MAPPED
Sodium benzoate,synonym,CHEBI:113455,Na-benzoate,CHEBI:113455,MAPPED
Sodium beta-glycerol phosphate,synonym,CHEBI:132089,Sodium beta-glycerophosphate,CHEBI:132089,MAPPED
Sodium beta-glycerophosphate,preferred_term,CHEBI:132089,Sodium beta-glycerophosphate,CHEBI:132089,MAPPED
sodium beta-hydroxybutanoate,synonym,CHEBI:113373,Na-3-hydroxybutyrate,CHEBI:113373,MAPPED
sodium beta-Hydroxybutyrate,synonym,CHEBI:113373,Na-3-hydroxybutyrate,CHEBI:113373,MAPPED
Sodium Bicarbonate,synonym,CHEBI:32139,NaHCO3,CHEBI:32139,MAPPED
Sodium Bisulfite,synonym,CHEBI:26709,NaHSO3,CHEBI:26709,MAPPED
sodium bisulphite,synonym,CHEBI:26709,NaHSO3,CHEBI:26709,MAPPED
sodium borate decahydrate,synonym,CHEBI:131366,Na2B4O7 x 10 H2O,CHEBI:131366,MAPPED
Sodium bromate,preferred_term,CHEBI:75229,Sodium bromate,CHEBI:75229,MAPPED
sodium bromide,synonym,CHEBI:63004,NaBr,CHEBI:63004,MAPPED
sodium bromoethanesulfonate,synonym,cas:4263-52-9,Sodium 2-bromoethanesulfonate,cas:4263-52-9,MAPPED
sodium butanoate,synonym,CHEBI:64103,Na-butyrate,CHEBI:64103,MAPPED
Sodium butyrate,synonym,CHEBI:64103,Na-butyrate,CHEBI:64103,MAPPED
Sodium caproate,synonym,CHEBI:114126,Na-caproate,CHEBI:114126,MAPPED
Sodium capronate,synonym,CHEBI:114126,Na-caproate,CHEBI:114126,MAPPED
Sodium caprylate,synonym,CHEBI:132100,Sodium octanoate,CHEBI:132100,MAPPED
Sodium carbonate,synonym,CHEBI:29377,Na2CO3,CHEBI:29377,MAPPED
sodium carbonate monohydrate,preferred_term,cas:5968-11-6,sodium carbonate monohydrate,CHEBI:29377,MAPPED
Sodium carbonate solution,preferred_term,CHEBI:29377,Sodium carbonate solution,CHEBI:29377,MAPPED
sodium chlorate,synonym,CHEBI:65242,NaClO3,CHEBI:65242,MAPPED
Sodium Chloride,synonym,CHEBI:26710,NaCl,CHEBI:26710,MAPPED
Sodium Chlorite,preferred_term,CHEBI:78667,Sodium Chlorite,CHEBI:78667,MAPPED
Sodium cholate hydrate,preferred_term,cas:206986-87-0,Sodium cholate hydrate,CHEBI:26711,MAPPED
Sodium Chromate,preferred_term,CHEBI:78671,Sodium Chromate,CHEBI:78671,MAPPED
Sodium Citrate,preferred_term,CHEBI:53258,Sodium Citrate,CHEBI:53258,MAPPED
Sodium citrate,synonym,CHEBI:53258,Trisodium citrate,CHEBI:53258,MAPPED
Sodium citrate dihydrate,synonym,CHEBI:32142,Na3-citrate x 2 H2O,CHEBI:32142,MAPPED
Sodium citrate hydrate,synonym,CHEBI:32142,Na3-citrate x 2 H2O,CHEBI:32142,MAPPED
Sodium crotonate,preferred_term,UNMAPPED_0524,Sodium crotonate,,UNMAPPED
Sodium cyanide,preferred_term,CHEBI:33192,Sodium cyanide,CHEBI:33192,MAPPED
"Sodium D,L-Lactate",synonym,CHEBI:232798,Na-L-lactate,CHEBI:232798,MAPPED
sodium D-(-)-alpha-aminobenzylpenicillin,synonym,CHEBI:34535,Na-ampicillin,CHEBI:34535,MAPPED
Sodium D-Lactate,preferred_term,cas:920-49-0,Sodium D-Lactate,cas:920-49-0,MAPPED
sodium Deoxycholate,preferred_term,CHEBI:9177,sodium Deoxycholate,CHEBI:9177,MAPPED
Sodium deoxycholate monohydrate,preferred_term,cas:145224-92-6,Sodium deoxycholate monohydrate,CHEBI:9177,MAPPED
Sodium dihydrogen phosphate monohydrate,synonym,CHEBI:114249,Sodium phosphate monobasic monohydrate,CHEBI:114249,MAPPED
sodium dihydrogen phosphate--water (1/1),synonym,CHEBI:114249,Sodium phosphate monobasic monohydrate,CHEBI:114249,MAPPED
sodium dihydrogenphosphate monohydrate,synonym,CHEBI:114249,Sodium phosphate monobasic monohydrate,CHEBI:114249,MAPPED
sodium dioxido(dioxo)molybdenum,synonym,CHEBI:75215,Na2MoO4,CHEBI:75215,MAPPED
sodium dioxido(dioxo)molybdenum,synonym,CHEBI:75215,Na2MoO4·2H2O,CHEBI:75215,MAPPED
sodium dioxido(dioxo)molybdenum--water (1/2),synonym,CHEBI:75213,Na2MoO4 x 2 H2O,CHEBI:75213,MAPPED
sodium dioxido(dioxo)molybdenum--water (1/7),synonym,CHEBI:86473,Na2MoO4 x 7 H2O,CHEBI:86473,MAPPED
sodium dioxido(dioxo)tungsten--water (1/2),synonym,CHEBI:63939,Na2WO4 x 2 H2O,CHEBI:63939,MAPPED
Sodium diphenyldiazo-bis-alpha-naphthylaminesulfonate,synonym,CHEBI:34653,Congo red,CHEBI:34653,MAPPED
sodium diphosphate,synonym,CHEBI:71240,Sodium pyrophosphate,CHEBI:71240,MAPPED
sodium disulfite,synonym,CHEBI:114786,Na2S2O5,CHEBI:114786,MAPPED
Sodium dithionite,preferred_term,CHEBI:66870,Sodium dithionite,CHEBI:66870,MAPPED
Sodium DL-lactate,synonym,CHEBI:75228,Sodium lactate,CHEBI:75228,MAPPED
Sodium DL-malate,synonym,CHEBI:91261,Sodium malate,CHEBI:91261,MAPPED
sodium dodecanoate,synonym,CHEBI:131839,Na-laurate,CHEBI:131839,MAPPED
Sodium Dodecyl Sulfate,preferred_term,CHEBI:8984,Sodium Dodecyl Sulfate,CHEBI:8984,MAPPED
Sodium ethyl sulfate,preferred_term,cas:546-74-7,Sodium ethyl sulfate,cas:546-74-7,MAPPED
Sodium ferric EDTA,preferred_term,CHEBI:78292,Sodium ferric EDTA,CHEBI:78292,MAPPED
Sodium ferulate,preferred_term,CHEBI:114954,Sodium ferulate,CHEBI:114954,MAPPED
Sodium Fluoride,synonym,CHEBI:28741,NaF,CHEBI:28741,MAPPED
Sodium Fluoroacetate,preferred_term,CHEBI:38699,Sodium Fluoroacetate,CHEBI:38699,MAPPED
Sodium Fluorophosphate,preferred_term,CHEBI:86431,Sodium Fluorophosphate,CHEBI:86431,MAPPED
Sodium Formate,synonym,CHEBI:62965,Na-formate,CHEBI:62965,MAPPED
sodium formiate,synonym,CHEBI:62965,Na-formate,CHEBI:62965,MAPPED
Sodium fumarate,synonym,CHEBI:115156,Na2-fumarate,CHEBI:115156,MAPPED
sodium gallate,synonym,CHEBI:115197,Na-gallate,CHEBI:115197,MAPPED
Sodium gluconate,preferred_term,CHEBI:84997,Sodium gluconate,CHEBI:84997,MAPPED
Sodium glutamate,synonym,CHEBI:64220,Na glutamate,CHEBI:64220,MAPPED
Sodium glutamate monohydrate,preferred_term,CHEBI:232425,Sodium glutamate monohydrate,CHEBI:232425,MAPPED
sodium glycerol 2-phosphate,synonym,CHEBI:132089,Sodium beta-glycerophosphate,CHEBI:132089,MAPPED
sodium glyoxalate,synonym,CHEBI:91251,Na2-glyoxalate,CHEBI:91251,MAPPED
sodium glyoxylate,synonym,CHEBI:91251,Na2-glyoxalate,CHEBI:91251,MAPPED
sodium hexanoate,synonym,CHEBI:114126,Na-caproate,CHEBI:114126,MAPPED
Sodium hydrogen arsenate heptahydrate,synonym,CHEBI:91257,Na2HAsO4 x 7 H2O,CHEBI:91257,MAPPED
sodium hydrogen carbonate,synonym,CHEBI:32139,NaHCO3,CHEBI:32139,MAPPED
sodium hydrogen sulfite,synonym,CHEBI:26709,NaHSO3,CHEBI:26709,MAPPED
Sodium hydrogencarbonate,synonym,CHEBI:32139,NaHCO3,CHEBI:32139,MAPPED
sodium hydrogensulfite,synonym,CHEBI:26709,NaHSO3,CHEBI:26709,MAPPED
sodium hydrosulfite,synonym,CHEBI:66870,Sodium dithionite,CHEBI:66870,MAPPED
Sodium Hydroxide,synonym,CHEBI:32145,NaOH,CHEBI:32145,MAPPED
Sodium hypochlorite,preferred_term,CHEBI:32146,Sodium hypochlorite,CHEBI:32146,MAPPED
Sodium hypophosphite monohydrate,preferred_term,cas:10039-56-2,Sodium hypophosphite monohydrate,CHEBI:234148,MAPPED
Sodium hyposulfite,synonym,CHEBI:132112,Na2S2O3,CHEBI:132112,MAPPED
"Sodium indigo-5,5'-bisulfonate",synonym,CHEBI:31695,Indigocarmine,CHEBI:31695,MAPPED
sodium iodate,preferred_term,CHEBI:81708,sodium iodate,CHEBI:81708,MAPPED
sodium iodide,preferred_term,CHEBI:33167,sodium iodide,CHEBI:33167,MAPPED
Sodium iodoacetate,preferred_term,CHEBI:234594,Sodium iodoacetate,CHEBI:234594,MAPPED
sodium isethionate,preferred_term,cas:1562-00-1,sodium isethionate,cas:1562-00-1,MAPPED
Sodium L-(+)-tartrate,synonym,CHEBI:63017,Sodium tartrate,CHEBI:63017,MAPPED
sodium L-ascorbate,synonym,CHEBI:113451,Na-ascorbate,CHEBI:113451,MAPPED
Sodium L-glutamate,preferred_term,CHEBI:64243,Sodium L-glutamate,CHEBI:64243,MAPPED
Sodium L-lactate,synonym,CHEBI:232798,Na-L-lactate,CHEBI:232798,MAPPED
Sodium L-lactate,preferred_term,CHEBI:867561,Sodium L-lactate,CHEBI:232798,REJECTED
Sodium L-malate,synonym,CHEBI:91261,Sodium malate,CHEBI:91261,MAPPED
sodium L-tartrate,synonym,CHEBI:63017,Sodium tartrate,CHEBI:63017,MAPPED
Sodium lactate,preferred_term,CHEBI:75228,Sodium lactate,CHEBI:75228,MAPPED
sodium laurate,synonym,CHEBI:131839,Na-laurate,CHEBI:131839,MAPPED
Sodium m-arsenite,preferred_term,CHEBI:29678,Sodium m-arsenite,CHEBI:29678,MAPPED
Sodium malate,preferred_term,CHEBI:91261,Sodium malate,CHEBI:91261,MAPPED
Sodium Malate And,synonym,CHEBI:91261,Sodium malate,CHEBI:91261,MAPPED
Sodium maleate,preferred_term,CHEBI:91263,Sodium maleate,CHEBI:91263,MAPPED
Sodium Malonate,preferred_term,CHEBI:62983,Sodium Malonate,CHEBI:62983,MAPPED
Sodium mercaptoacetate,synonym,CHEBI:86481,Na-thioglycolate,CHEBI:86481,MAPPED
sodium MES,synonym,CHEBI:62955,MES sodium salt,CHEBI:62955,MAPPED
sodium metabisulfite,synonym,CHEBI:114786,Na2S2O5,CHEBI:114786,MAPPED
Sodium metabisulphite,synonym,CHEBI:114786,Na2S2O5,CHEBI:114786,MAPPED
Sodium Metasilicate,preferred_term,mesh:C025349,Sodium Metasilicate,mesh:C025349,MAPPED
Sodium metasilicate (silicate for diatom frustules),synonym,mesh:C025349,Sodium Metasilicate,mesh:C025349,MAPPED
Sodium metasilicate (silicate for diatom frustules),preferred_term,mesh:C025349,Sodium metasilicate (silicate for diatom frustules),mesh:C025349,REJECTED
sodium metavanadate,synonym,CHEBI:75221,NaVO3,CHEBI:75221,MAPPED
sodium metavanadate hydrate,synonym,CHEBI:132095,NaVO3 x H2O,CHEBI:132095,MAPPED
sodium metavanadate monohydrate,synonym,CHEBI:132095,NaVO3 x H2O,CHEBI:132095,MAPPED
Sodium methanesulfonate,preferred_term,cas:2386-57-4,Sodium methanesulfonate,cas:2386-57-4,MAPPED
Sodium methanoate,synonym,CHEBI:62965,Na-formate,CHEBI:62965,MAPPED
Sodium molybdate,synonym,CHEBI:75215,Na2MoO4,CHEBI:75215,MAPPED
Sodium Molybdate Dihydrate,synonym,CHEBI:75213,Na2MoO4 x 2 H2O,CHEBI:75213,MAPPED
sodium molybdate heptahydrate,synonym,CHEBI:86473,Na2MoO4 x 7 H2O,CHEBI:86473,MAPPED
Sodium molybdate(VI),synonym,CHEBI:75215,Na2MoO4,CHEBI:75215,MAPPED
Sodium molybdate(VI) dihydrate,synonym,CHEBI:75213,Na2MoO4 x 2 H2O,CHEBI:75213,MAPPED
Sodium monofluorophosphate,synonym,CHEBI:86431,Sodium Fluorophosphate,CHEBI:86431,MAPPED
sodium monosulfide,synonym,CHEBI:76208,Na2S,CHEBI:76208,MAPPED
sodium monosulfide.9H2O,synonym,CHEBI:76209,Na2S x 9 H2O,CHEBI:76209,MAPPED
Sodium n-butyrate,synonym,CHEBI:64103,Na-butyrate,CHEBI:64103,MAPPED
Sodium n-caproate,synonym,CHEBI:114126,Na-caproate,CHEBI:114126,MAPPED
Sodium n-octanoate,synonym,CHEBI:132100,Sodium octanoate,CHEBI:132100,MAPPED
sodium nitrate,synonym,kgmicrobe.ingredient:sodium_nitrate_~28070_m_stock~29,Sodium nitrate (0.70 M stock),CHEBI:63005,MAPPED
Sodium nitrate (0.70 M stock),preferred_term,kgmicrobe.ingredient:sodium_nitrate_~28070_m_stock~29,Sodium nitrate (0.70 M stock),CHEBI:63005,MAPPED
Sodium nitrate (nitrogen source),synonym,CHEBI:63005,NaNO3,CHEBI:63005,MAPPED
Sodium nitrate (nitrogen source),preferred_term,CHEBI:63005,Sodium nitrate (nitrogen source),CHEBI:63005,REJECTED
sodium nitrite,synonym,CHEBI:78870,NaNO2,CHEBI:78870,MAPPED
sodium o-vanadate,synonym,CHEBI:35607,Na3VO4,CHEBI:35607,MAPPED
sodium octadecanoate,synonym,CHEBI:132109,Na-stearate,CHEBI:132109,MAPPED
Sodium octanoate,preferred_term,CHEBI:132100,Sodium octanoate,CHEBI:132100,MAPPED
Sodium oleate,preferred_term,CHEBI:81860,Sodium oleate,CHEBI:81860,MAPPED
sodium orotate,synonym,CHEBI:132101,Na-orotate,CHEBI:132101,MAPPED
Sodium orthoarsenate heptahydrate,synonym,CHEBI:91257,Na2HAsO4 x 7 H2O,CHEBI:91257,MAPPED
sodium orthomolybdate dihydrate,synonym,CHEBI:75213,Na2MoO4 x 2 H2O,CHEBI:75213,MAPPED
sodium orthotungstate dihydrate,synonym,CHEBI:63939,Na2WO4 x 2 H2O,CHEBI:63939,MAPPED
sodium orthovanadate,synonym,CHEBI:35607,Na3VO4,CHEBI:35607,MAPPED
Sodium oxide sulfide,synonym,CHEBI:132112,Na2S2O3,CHEBI:132112,MAPPED
sodium oxido(dioxo)vanadium,synonym,CHEBI:75221,NaVO3,CHEBI:75221,MAPPED
sodium oxido(dioxo)vanadium--water (1/1),synonym,CHEBI:132095,NaVO3 x H2O,CHEBI:132095,MAPPED
sodium oxoacetate,synonym,CHEBI:91251,Na2-glyoxalate,CHEBI:91251,MAPPED
sodium oxosilanebis(olate)--water (1/9),synonym,CHEBI:132108,Na2SiO3 x 9 H2O,CHEBI:132108,MAPPED
Sodium palmitate,preferred_term,CHEBI:234557,Sodium palmitate,CHEBI:234557,MAPPED
Sodium pectate,synonym,cas:9049-37-0,Polygalacturonic acid sodium salt,CHEBI:62969,MAPPED
Sodium perchlorate,preferred_term,CHEBI:132103,Sodium perchlorate,CHEBI:132103,MAPPED
Sodium perchlorate monohydrate,preferred_term,cas:7791-07-3,Sodium perchlorate monohydrate,CHEBI:132103,MAPPED
Sodium periodate,preferred_term,CHEBI:75226,Sodium periodate,CHEBI:75226,MAPPED
Sodium Persulfate,preferred_term,cas:7775-27-1,Sodium Persulfate,mesh:C024625,MAPPED
sodium pervanadate,synonym,CHEBI:35607,Na3VO4,CHEBI:35607,MAPPED
Sodium phosphate buffer,preferred_term,kgmicrobe.ingredient:sodium_phosphate_buffer,Sodium phosphate buffer,NCIT:C29321,MAPPED
Sodium phosphate dibasic,preferred_term,CHEBI:37583,Sodium phosphate dibasic,CHEBI:37583,MAPPED
Sodium phosphate monobasic,synonym,CHEBI:37585,NaH2PO4,CHEBI:37585,MAPPED
Sodium phosphate monobasic (phosphorus source),preferred_term,UNMAPPED_0615,Sodium phosphate monobasic (phosphorus source),CHEBI:37586,UNMAPPED
sodium phosphate monobasic anhydrous,synonym,CHEBI:37585,NaH2PO4,CHEBI:37585,MAPPED
sodium phosphate monobasic anhydrous,synonym,CHEBI:37585,NaH2PO4 x 2 H2O,CHEBI:37585,MAPPED
Sodium phosphate monobasic monohydrate,preferred_term,CHEBI:114249,Sodium phosphate monobasic monohydrate,CHEBI:114249,MAPPED
Sodium phosphate monohydrate,synonym,CHEBI:114249,Sodium phosphate monobasic monohydrate,CHEBI:114249,MAPPED
"sodium phosphate, monobasic",synonym,CHEBI:37585,NaH2PO4,CHEBI:37585,MAPPED
Sodium phosphite dibasic pentahydrate,preferred_term,cas:13517-23-2,Sodium phosphite dibasic pentahydrate,CHEBI:36361,MAPPED
Sodium polymannuronate,synonym,CHEBI:53311,Sodium alginate,CHEBI:53311,MAPPED
Sodium polysilicate,synonym,CHEBI:60720,Na-silicate,CHEBI:60720,MAPPED
Sodium Potassium phosphate buffer,preferred_term,kgmicrobe.ingredient:sodium_potassium_phosphate_buffer,Sodium Potassium phosphate buffer,NCIT:C29321,MAPPED
Sodium propanecarboxylate,synonym,CHEBI:64103,Na-butyrate,CHEBI:64103,MAPPED
sodium propanoate,synonym,CHEBI:132106,Na-propionate,CHEBI:132106,MAPPED
Sodium propionate,synonym,CHEBI:132106,Na-propionate,CHEBI:132106,MAPPED
Sodium pyrophosphate,preferred_term,CHEBI:71240,Sodium pyrophosphate,CHEBI:71240,MAPPED
Sodium pyrophosphate dibasic,preferred_term,cas:7758-16-9,Sodium pyrophosphate dibasic,NCIT:C77500,MAPPED
Sodium pyrosulfite,synonym,CHEBI:114786,Na2S2O5,CHEBI:114786,MAPPED
sodium pyrosulphite,synonym,CHEBI:114786,Na2S2O5,CHEBI:114786,MAPPED
Sodium Pyruvate,synonym,CHEBI:50144,Na-pyruvate,CHEBI:50144,MAPPED
Sodium resazurin,synonym,CHEBI:8806,Resazurin,CHEBI:8806,MAPPED
Sodium salicylate,preferred_term,CHEBI:9180,Sodium salicylate,CHEBI:9180,MAPPED
Sodium saltpeter,synonym,CHEBI:63005,NaNO3,CHEBI:63005,MAPPED
Sodium selenite,synonym,CHEBI:48843,Na2SeO3,CHEBI:48843,MAPPED
sodium selenite hydrate,synonym,CHEBI:131361,Na2SeO3 x 5 H2O,CHEBI:131361,MAPPED
Sodium selenite pentahydrate,synonym,CHEBI:131361,Na2SeO3 x 5 H2O,CHEBI:131361,MAPPED
sodium selenite--water (1/5),synonym,CHEBI:131361,Na2SeO3 x 5 H2O,CHEBI:131361,MAPPED
Sodium sesquisilicate,synonym,CHEBI:60720,Na-silicate,CHEBI:60720,MAPPED
Sodium Silicate,synonym,CHEBI:60720,Na-silicate,CHEBI:60720,MAPPED
Sodium silicate glass,synonym,CHEBI:60720,Na-silicate,CHEBI:60720,MAPPED
Sodium siliconate,synonym,CHEBI:60720,Na-silicate,CHEBI:60720,MAPPED
sodium stearate,synonym,CHEBI:132109,Na-stearate,CHEBI:132109,MAPPED
Sodium succinate,preferred_term,CHEBI:63675,Sodium succinate,CHEBI:63675,MAPPED
Sodium succinate dibasic,preferred_term,cas:150-90-3,Sodium succinate dibasic,CHEBI:15741,MAPPED
Sodium succinate dibasic hexahydrate,preferred_term,CHEBI:63686,Sodium succinate dibasic hexahydrate,CHEBI:63686,MAPPED
sodium succinate hexahydrate,synonym,CHEBI:63686,Sodium succinate dibasic hexahydrate,CHEBI:63686,MAPPED
sodium succinate.6H2O,synonym,CHEBI:63686,Sodium succinate dibasic hexahydrate,CHEBI:63686,MAPPED
sodium sulfanylacetate,synonym,CHEBI:86481,Na-thioglycolate,CHEBI:86481,MAPPED
Sodium Sulfate,synonym,CHEBI:32149,Na2SO4,CHEBI:32149,MAPPED
sodium sulfate decahydrate,synonym,CHEBI:32586,Na2SO4 x 10 H2O,CHEBI:32586,MAPPED
sodium sulfate--water (1/10),synonym,CHEBI:32586,Na2SO4 x 10 H2O,CHEBI:32586,MAPPED
sodium sulfide (anh.),synonym,CHEBI:76208,Na2S,CHEBI:76208,MAPPED
sodium sulfide.9H2O,synonym,CHEBI:76209,Na2S x 9 H2O,CHEBI:76209,MAPPED
Sodium sulfite anhydrous,synonym,CHEBI:86477,Na2SO3 x 5 H2O,CHEBI:86477,MAPPED
sodium sulfoxylate,synonym,CHEBI:66870,Sodium dithionite,CHEBI:66870,MAPPED
sodium sulfuret,synonym,CHEBI:76208,Na2S,CHEBI:76208,MAPPED
sodium sulfurothioate hydrate (2:1:5),synonym,CHEBI:32150,Na2S2O3 x 5 H2O,CHEBI:32150,MAPPED
sodium sulfurothioate--water (1/5),synonym,CHEBI:32150,Na2S2O3 x 5 H2O,CHEBI:32150,MAPPED
sodium sulfurothioate--water (1/5),synonym,CHEBI:32150,Sodium Thiosulfate Pentahydrate,CHEBI:32150,MAPPED
sodium sulphate,synonym,CHEBI:32149,Na2SO4,CHEBI:32149,MAPPED
sodium sulphide,synonym,CHEBI:76208,Na2S,CHEBI:76208,MAPPED
Sodium sulphite,synonym,CHEBI:86477,Na2SO3,CHEBI:86477,MAPPED
Sodium tartrate,preferred_term,CHEBI:63017,Sodium tartrate,CHEBI:63017,MAPPED
sodium tetraborate decahydrate,synonym,CHEBI:131366,Na2B4O7 x 10 H2O,CHEBI:131366,MAPPED
sodium tetraoxidovanadate(3-),synonym,CHEBI:35607,Na3VO4,CHEBI:35607,MAPPED
sodium tetraoxidovanadate(V),synonym,CHEBI:35607,Na3VO4,CHEBI:35607,MAPPED
Sodium thioglycolate,synonym,CHEBI:86481,Na-thioglycolate,CHEBI:86481,MAPPED
Sodium thioglycollate,synonym,CHEBI:86481,Na-thioglycolate,CHEBI:86481,MAPPED
Sodium thiophosphate tribasic hydrate,preferred_term,cas:10489-48-2,Sodium thiophosphate tribasic hydrate,CHEBI:46612,MAPPED
Sodium Thiosulfate Pentahydrate,preferred_term,CHEBI:32150,Sodium Thiosulfate Pentahydrate,CHEBI:32150,MAPPED
Sodium thiosulfate pentahydrate,synonym,CHEBI:32150,Na2S2O3 x 5 H2O,CHEBI:32150,MAPPED
"Sodium Thiosulfate Pentahydrate (agar media only,sterile)(Baker 3946)",synonym,CHEBI:32150,Sodium Thiosulfate Pentahydrate,CHEBI:32150,MAPPED
Sodium thiosulphate,synonym,CHEBI:132112,Na2S2O3,CHEBI:132112,MAPPED
sodium trioxidonitrate(1-),synonym,CHEBI:63005,NaNO3,CHEBI:63005,MAPPED
sodium trioxidonitrate(1-),synonym,kgmicrobe.ingredient:sodium_nitrate_~28070_m_stock~29,Sodium nitrate (0.70 M stock),CHEBI:63005,MAPPED
sodium trioxidonitrate(1-),synonym,CHEBI:63005,Sodium nitrate (nitrogen source),CHEBI:63005,REJECTED
Sodium trioxovanadate,synonym,CHEBI:75221,NaVO3,CHEBI:75221,MAPPED
Sodium tungstate dihydrate,synonym,CHEBI:63939,Na2WO4 x 2 H2O,CHEBI:63939,MAPPED
sodium tungstate(VI) dihydrate,synonym,CHEBI:63939,Na2WO4 x 2 H2O,CHEBI:63939,MAPPED
sodium vanadate (ortho),synonym,CHEBI:35607,Na3VO4,CHEBI:35607,MAPPED
sodium vanadate hydrate,synonym,CHEBI:132095,NaVO3 x H2O,CHEBI:132095,MAPPED
sodium vanadate monohydrate,synonym,CHEBI:132095,NaVO3 x H2O,CHEBI:132095,MAPPED
sodium vanillate,synonym,CHEBI:132748,Na-vanillate,CHEBI:132748,MAPPED
"sodium {2,2',2'',2'''-[ethane-1,2-diyldi(nitrilo-kappaN)]tetraacetato-kappaO(4-)}ferrate(1-)",synonym,CHEBI:78292,Sodium ferric EDTA,CHEBI:78292,MAPPED
Sodium(+),preferred_term,CHEBI:29101,Sodium(+),CHEBI:29101,MAPPED
Sodium(I) nitrate (1:1),synonym,CHEBI:63005,NaNO3,CHEBI:63005,MAPPED
"sodium;(2R)-2-[(2R,3S,6R)-6-[[(2S,4R,5R,6R,7R,9R)-2-[(2R,5S)-5-[(2R,3S,5R)-5-[(2S,3S,5R,6R)-6-hydroxy-6-(hydroxymethyl)-3,5-dimethyloxan-2-yl]-3-methyloxolan-2-yl]-5-methyloxolan-2-yl]-7-methoxy-2,4,6-trimethyl-1,10-dioxaspiro[4.5]decan-9-yl]methyl]-3-methyloxan-2-yl]propanoate",synonym,cas:28643-80-3,Nigericin sodium salt,CHEBI:201444,MAPPED
sodium;(2S)-2-hydroxypropanoate,synonym,CHEBI:232798,Na-L-lactate,CHEBI:232798,MAPPED
"sodium;(2S,3S,4R,5R,6R)-3-[(2S,3R,5S,6R)-3-acetamido-5-hydroxy-6-(hydroxymethyl)oxan-2-yl]oxy-4,5,6-trihydroxyoxane-2-carboxylate",synonym,cas:9067-32-7,Hyaluronic acid sodium salt from Streptococcus equi,CHEBI:201433,MAPPED
sodium;1-oxidopyridine-2-thione,synonym,CHEBI:201738,2-Mercaptopyridine N-oxide sodium salt,CHEBI:201738,MAPPED
sodium;2-(1H-indol-3-yl)acetate,synonym,cas:6505-45-9,indole 3-acetic acid sodium salt,CHEBI:230840,MAPPED
"sodium;2-[[(4R)-4-[(3R,5S,7R,8R,9S,10S,12S,13R,14S,17R)-3,7,12-trihydroxy-10,13-dimethyl-2,3,4,5,6,7,8,9,11,12,14,15,16,17-tetradecahydro-1H-cyclopenta[a]phenanthren-17-yl]pentanoyl]amino]ethanesulonate;hydrate",synonym,CHEBI:181226,Taurocholic acid sodium salt hydrate,CHEBI:181226,MAPPED
sodium;2-[dodecanoyl(methyl)amino]acetate,synonym,CHEBI:183704,N-lauroylsarcosine sodium salt,CHEBI:183704,MAPPED
sodium;3-[ormyl(hydroxy)amino]propyl-hydroxyphosphinate,synonym,cas:66508-37-0,Fosmidomycin sodium salt hydrate,CHEBI:201600,MAPPED
sodium;3-methyl-2-oxobutanoate,synonym,CHEBI:189431,3-Methyl-2-oxobutanoic acid sodium salt,CHEBI:189431,MAPPED
sodium;hexadecanoate,synonym,CHEBI:234557,Sodium palmitate,CHEBI:234557,MAPPED
Sodiumbenzoate,synonym,CHEBI:113455,Na-benzoate,CHEBI:113455,MAPPED
Sodiumcitrate,synonym,CHEBI:53258,Sodium Citrate,CHEBI:53258,MAPPED
Soil,preferred_term,ENVO:00001998,Soil,ENVO:00001998,MAPPED
Soil Defined Carbon Mix,preferred_term,UNMAPPED_0303,Soil Defined Carbon Mix,,UNMAPPED
Soil extract,preferred_term,MICRO:0000457,Soil extract,MICRO:0000457,MAPPED
Soil+Seawater Medium,preferred_term,UNMAPPED_0055,Soil+Seawater Medium,,UNMAPPED
Soilwater: GR+ Medium,preferred_term,UNMAPPED_0012,Soilwater: GR+ Medium,,UNMAPPED
Soilwater: GR- Medium,preferred_term,UNMAPPED_0078,Soilwater: GR- Medium,,UNMAPPED
Soilwater: Peat Medium,preferred_term,UNMAPPED_0103,Soilwater: Peat Medium,,UNMAPPED
Solanesol,preferred_term,CHEBI:26718,Solanesol,CHEBI:26718,MAPPED
Soluble starch,synonym,CHEBI:28017,Starch,CHEBI:28017,MAPPED
Solvent blue 8,synonym,CHEBI:6872,Methylene blue,CHEBI:6872,MAPPED
Sorbitol,preferred_term,CHEBI:30911,Sorbitol,CHEBI:30911,MAPPED
Sorbose,preferred_term,CHEBI:27922,Sorbose,CHEBI:27922,MAPPED
Sorensen's potassium phosphate,synonym,CHEBI:63036,KH2PO4,CHEBI:63036,MAPPED
Sorgoleone,preferred_term,CHEBI:61117,Sorgoleone,CHEBI:61117,MAPPED
soude caustique,synonym,CHEBI:32145,NaOH,CHEBI:32145,MAPPED
soufre,synonym,CHEBI:26833,Sulfur,CHEBI:26833,MAPPED
Soy flour,preferred_term,FOODON:03302142,Soy flour,FOODON:03302142,MAPPED
Soy peptone,preferred_term,FOODON:03315720,Soy peptone,FOODON:03315720,MAPPED
Soy phospholipids,synonym,UNMAPPED_0232,Asolectin from soybean,,UNMAPPED
Soya pepton,preferred_term,FOODON:03315720,Soya pepton,FOODON:03315720,MAPPED
Soya peptone,preferred_term,FOODON:03315720,Soya peptone,FOODON:03315720,MAPPED
Soybean peptone,synonym,FOODON:03315720,Soy peptone,FOODON:03315720,MAPPED
Soyton,preferred_term,kgmicrobe.ingredient:soyton,Soyton,kgmicrobe.ingredient:soyton,MAPPED
Soytone,synonym,FOODON:03315720,Soy peptone,FOODON:03315720,MAPPED
Soytone,synonym,CHEBI:8150,Bacto Soytone,FOODON:03315720,REJECTED
Soytone (BD-Difco) or Phytone peptone (BD-BBL),synonym,FOODON:03315720,Soy peptone,FOODON:03315720,MAPPED
Sparassol,preferred_term,cas:520-43-4,Sparassol,cas:520-43-4,MAPPED
Spectinomycin,preferred_term,CHEBI:9215,Spectinomycin,CHEBI:9215,MAPPED
Spectinomycin dihydrochloride pentahydrate,preferred_term,CHEBI:9217,Spectinomycin dihydrochloride pentahydrate,CHEBI:9217,MAPPED
Spermidin,synonym,CHEBI:16610,spermidine,CHEBI:16610,MAPPED
spermidine,preferred_term,CHEBI:16610,spermidine,CHEBI:16610,MAPPED
Spermidine trihydrochloride,preferred_term,CHEBI:233088,Spermidine trihydrochloride,CHEBI:233088,MAPPED
Sphagnum extract,preferred_term,UNMAPPED_0098,Sphagnum extract,,UNMAPPED
Sphondin,preferred_term,CHEBI:81486,Sphondin,CHEBI:81486,MAPPED
Spinosyn,preferred_term,CHEBI:39207,Spinosyn,CHEBI:39207,MAPPED
Spir solution,preferred_term,UNMAPPED_0056,Spir solution,,UNMAPPED
Spir solution 1,synonym,UNMAPPED_0056,Spir solution,,UNMAPPED
Spir solution 2,synonym,UNMAPPED_0056,Spir solution,,UNMAPPED
Spiramycin,preferred_term,cas:8025-81-8,Spiramycin,NCIT:C839,MAPPED
Spiramycin II,preferred_term,CHEBI:31168,Spiramycin II,CHEBI:31168,MAPPED
spirit of amber,synonym,CHEBI:15741,Succinic acid,CHEBI:15741,MAPPED
spirit of wood,synonym,CHEBI:17790,Methanol,CHEBI:17790,MAPPED
spiritus vini,synonym,CHEBI:16236,Ethanol,CHEBI:16236,MAPPED
Sporangiomycin,preferred_term,mesh:C003339,Sporangiomycin,mesh:C003339,MAPPED
Spring sampling GW821 filtered with 0.2uM filter,preferred_term,UNMAPPED_0275,Spring sampling GW821 filtered with 0.2uM filter,,UNMAPPED
SrCl,synonym,CHEBI:36383,SrCl2,CHEBI:36383,MAPPED
SrCl 2,synonym,CHEBI:36383,SrCl2,CHEBI:36383,MAPPED
SrCl2,preferred_term,CHEBI:36383,SrCl2,CHEBI:36383,MAPPED
SrCl2 . 6H2O,synonym,CHEBI:36385,SrCl2 x 6 H2O,CHEBI:36385,MAPPED
SrCl2 x 6 H2O,preferred_term,CHEBI:36385,SrCl2 x 6 H2O,CHEBI:36385,MAPPED
SrCl2 x 6 H2O (0.1% w/v),synonym,CHEBI:36385,SrCl2 x 6 H2O,CHEBI:36385,MAPPED
SrCl2.6H2O,synonym,CHEBI:36385,SrCl2 x 6 H2O,CHEBI:36385,MAPPED
SrCl2·6H2O,synonym,CHEBI:36385,SrCl2 x 6 H2O,CHEBI:36385,MAPPED
SrCl2・6H2O,synonym,CHEBI:36385,SrCl2 x 6 H2O,CHEBI:36385,MAPPED
Stachyose - 70%,preferred_term,CHEBI:17164,Stachyose - 70%,CHEBI:17164,MAPPED
Stachyose hydrate,preferred_term,cas:54261-98-2,Stachyose hydrate,CHEBI:17164,MAPPED
Staerke,synonym,CHEBI:28017,Starch,CHEBI:28017,MAPPED
Stallimycin,preferred_term,CHEBI:41958,Stallimycin,CHEBI:41958,MAPPED
Standard I Broth,preferred_term,UNMAPPED_0532,Standard I Broth,,UNMAPPED
stannous chloride dihydrate,synonym,CHEBI:78074,SnCl2 x 2 H2O,CHEBI:78074,MAPPED
Staphylomycin M1,preferred_term,NCIT:C1295,Staphylomycin M1,NCIT:C1295,MAPPED
Starch,preferred_term,CHEBI:28017,Starch,CHEBI:28017,MAPPED
Starch soluble,synonym,CHEBI:28017,Starch,CHEBI:28017,MAPPED
Staurosporine,preferred_term,CHEBI:15738,Staurosporine,CHEBI:15738,MAPPED
Stearic acid,preferred_term,CHEBI:28842,Stearic acid,CHEBI:28842,MAPPED
"Stearic acid, sodium salt",synonym,CHEBI:132109,Na-stearate,CHEBI:132109,MAPPED
Stearinsaeure,synonym,CHEBI:28842,Stearic acid,CHEBI:28842,MAPPED
Steffimycin,preferred_term,NCIT:C152426,Steffimycin,NCIT:C152426,MAPPED
Steric solution,preferred_term,UNMAPPED_0533,Steric solution,,UNMAPPED
Sterile dH2O,synonym,CHEBI:15377,Distilled water,CHEBI:15377,MAPPED
sterile dH2O,synonym,CHEBI:15377,Distilled water,CHEBI:15377,MAPPED
Sterile serum,preferred_term,UNMAPPED_0534,Sterile serum,,UNMAPPED
Sterol,preferred_term,CHEBI:15889,Sterol,CHEBI:15889,MAPPED
Streptolydigin,preferred_term,CHEBI:45773,Streptolydigin,CHEBI:45773,MAPPED
Streptomycin,preferred_term,CHEBI:17076,Streptomycin,CHEBI:17076,MAPPED
Streptomycin sulfate salt,preferred_term,CHEBI:32158,Streptomycin sulfate salt,CHEBI:32158,MAPPED
Streptonigrin,preferred_term,CHEBI:9287,Streptonigrin,CHEBI:9287,MAPPED
Streptovaricin,preferred_term,CHEBI:26790,Streptovaricin,CHEBI:26790,MAPPED
Strontium Chloride,synonym,CHEBI:36383,SrCl2,CHEBI:36383,MAPPED
Strontium chloride hexahydrate,synonym,CHEBI:36385,SrCl2 x 6 H2O,CHEBI:36385,MAPPED
strontium dichloride,synonym,CHEBI:36383,SrCl2,CHEBI:36383,MAPPED
strontium dichloride hexahydrate,synonym,CHEBI:36385,SrCl2 x 6 H2O,CHEBI:36385,MAPPED
strontium dichloride--water (1/6),synonym,CHEBI:36385,SrCl2 x 6 H2O,CHEBI:36385,MAPPED
Strychnine Sulfate,preferred_term,CHEBI:233239,Strychnine Sulfate,CHEBI:233239,MAPPED
Suberic acid,preferred_term,CHEBI:9300,Suberic acid,CHEBI:9300,MAPPED
Substrate,preferred_term,NCIT:C120264,Substrate,NCIT:C120264,MAPPED
Succinamate,preferred_term,CHEBI:143136,Succinamate,CHEBI:143136,MAPPED
Succinate,preferred_term,CHEBI:26806,Succinate,CHEBI:26806,MAPPED
succinate anion,synonym,CHEBI:26806,Succinate,CHEBI:26806,MAPPED
succinates,synonym,CHEBI:26806,Succinate,CHEBI:26806,MAPPED
Succinic acid,preferred_term,CHEBI:15741,Succinic acid,CHEBI:15741,MAPPED
succinic acid anion,synonym,CHEBI:26806,Succinate,CHEBI:26806,MAPPED
Succinic acid disodium salt,synonym,CHEBI:63675,Sodium succinate,CHEBI:63675,MAPPED
Succinic acid disodium salt hexahydrate,synonym,CHEBI:63686,Sodium succinate dibasic hexahydrate,CHEBI:63686,MAPPED
Sucrose,preferred_term,CHEBI:17992,Sucrose,CHEBI:17992,MAPPED
Sucrose + Yeast Extract,preferred_term,UNMAPPED_0705,Sucrose + Yeast Extract,,NEEDS_EXPERT
Sucrose-6-monophosphate dipotassium salt,preferred_term,cas:36064-19-4,Sucrose-6-monophosphate dipotassium salt,cas:36064-19-4,MAPPED
Sugar,preferred_term,NCIT:C71939,Sugar,NCIT:C71939,MAPPED
Sugar beet molasses,preferred_term,FOODON:00003412,Sugar beet molasses,FOODON:00003412,MAPPED
Sugarcane straw (lignocellulose substrate),preferred_term,UNMAPPED_0616,Sugarcane straw (lignocellulose substrate),,UNMAPPED
Sugars,preferred_term,UNMAPPED_0663,Sugars,,UNMAPPED
Sulbactam,preferred_term,CHEBI:9321,Sulbactam,CHEBI:9321,MAPPED
Sulfadimethoxine,preferred_term,CHEBI:32161,Sulfadimethoxine,CHEBI:32161,MAPPED
Sulfamerazine,preferred_term,CHEBI:102130,Sulfamerazine,CHEBI:102130,MAPPED
Sulfamethazine sodium salt,preferred_term,cas:1981-58-4,Sulfamethazine sodium salt,CHEBI:26714,MAPPED
Sulfamethizole,preferred_term,CHEBI:9331,Sulfamethizole,CHEBI:9331,MAPPED
Sulfamethoxazole,preferred_term,CHEBI:9332,Sulfamethoxazole,CHEBI:9332,MAPPED
Sulfamethoxydiazine,preferred_term,CHEBI:53727,Sulfamethoxydiazine,CHEBI:53727,MAPPED
Sulfamonomethoxine,preferred_term,CHEBI:32164,Sulfamonomethoxine,CHEBI:32164,MAPPED
sulfane,synonym,CHEBI:16136,Hydrogen sulfide,CHEBI:16136,MAPPED
Sulfanilamide,preferred_term,CHEBI:45373,Sulfanilamide,CHEBI:45373,MAPPED
Sulfaquinoxaline,preferred_term,cas:59-40-5,Sulfaquinoxaline,CHEBI:94719,MAPPED
Sulfaquinoxaline sodium salt,preferred_term,cas:967-80-6,Sulfaquinoxaline sodium salt,CHEBI:26714,MAPPED
Sulfasalazine,preferred_term,CHEBI:9334,Sulfasalazine,CHEBI:9334,MAPPED
Sulfate,preferred_term,CHEBI:16189,Sulfate,CHEBI:16189,MAPPED
Sulfide,preferred_term,CHEBI:26822,Sulfide,CHEBI:26822,MAPPED
sulfidoacetate,synonym,CHEBI:47869,Thioglycolate,CHEBI:47869,MAPPED
sulfinylbis(methane),synonym,CHEBI:28262,Dimethyl sulfoxide,CHEBI:28262,MAPPED
Sulfisoxazole,preferred_term,CHEBI:102484,Sulfisoxazole,CHEBI:102484,MAPPED
Sulfite,preferred_term,CHEBI:17359,Sulfite,CHEBI:17359,MAPPED
Sulfoacetic acid,preferred_term,CHEBI:50519,Sulfoacetic acid,CHEBI:50519,MAPPED
Sulfonamide,preferred_term,CHEBI:35358,Sulfonamide,CHEBI:35358,PENDING_REVIEW
Sulfur,preferred_term,CHEBI:26833,Sulfur,CHEBI:26833,MAPPED
Sulfur,synonym,CHEBI:17909,Sulphur,CHEBI:17909,MAPPED
sulfur,synonym,CHEBI:26833,Sulfur,CHEBI:26833,MAPPED
Sulfur (powder),preferred_term,CHEBI:33403,Sulfur (powder),CHEBI:33403,MAPPED
sulfur atom,synonym,CHEBI:26833,Sulfur,CHEBI:26833,MAPPED
Sulfur compounds,preferred_term,CHEBI:26835,Sulfur compounds,CHEBI:26835,MAPPED
Sulfur free mineral mix,preferred_term,UNMAPPED_0273,Sulfur free mineral mix,,UNMAPPED
Sulfur powder,synonym,CHEBI:33403,Sulfur (powder),CHEBI:33403,MAPPED
"sulfur, homopolymer",synonym,CHEBI:17909,Sulphur,CHEBI:17909,MAPPED
"Sulfur, precipitated",synonym,CHEBI:17909,Sulphur,CHEBI:17909,MAPPED
Sulfur-free DL minerals,preferred_term,UNMAPPED_0302,Sulfur-free DL minerals,,UNMAPPED
Sulfuric acid,synonym,CHEBI:26836,H2SO4,CHEBI:26836,MAPPED
sulfuric acid ammonium salt (1:2),synonym,CHEBI:62946,(NH4)2SO4,CHEBI:62946,MAPPED
sulfuric acid magnesium salt heptahydrate,synonym,CHEBI:31795,MgSO4 x 7 H2O,CHEBI:31795,MAPPED
sulfuric acid magnesium salt heptahydrate,synonym,CHEBI:31795,MgSO4·H2O,CHEBI:31795,MAPPED
"sulfuric acid, calcium salt (1:1), dihydrate",synonym,CHEBI:32583,CaSO4 x 2 H2O,CHEBI:32583,MAPPED
"sulfuric acid, calcium(2+) salt, dihydrate",synonym,CHEBI:32583,CaSO4 x 2 H2O,CHEBI:32583,MAPPED
"sulfuric acid, diammonium salt",synonym,CHEBI:62946,(NH4)2SO4,CHEBI:62946,MAPPED
sulfurous acid monosodium salt,synonym,CHEBI:26709,NaHSO3,CHEBI:26709,MAPPED
sulfurous acid sodium salt,synonym,CHEBI:26709,NaHSO3,CHEBI:26709,MAPPED
"Sulfurous acid, disodium salt",synonym,CHEBI:86477,Na2SO3,CHEBI:86477,MAPPED
"sulfurous acid, monosodium salt",synonym,CHEBI:26709,NaHSO3,CHEBI:26709,MAPPED
"sulfurous acid, sodium salt (1:1)",synonym,CHEBI:26709,NaHSO3,CHEBI:26709,MAPPED
sulphate of ammonia,synonym,CHEBI:62946,(NH4)2SO4,CHEBI:62946,MAPPED
Sulphur,preferred_term,CHEBI:17909,Sulphur,CHEBI:17909,MAPPED
sulphuric acid,synonym,CHEBI:26836,H2SO4,CHEBI:26836,MAPPED
Sunfiber,preferred_term,UNMAPPED_0217,Sunfiber,,UNMAPPED
Sunflower oil,preferred_term,cas:8001-21-6,Sunflower oil,NCIT:C1241,MAPPED
Supplemented Seawater,preferred_term,kgmicrobe.ingredient:supplemented_seawater,Supplemented Seawater,ENVO:00002149,MAPPED
Surfactant,preferred_term,CHEBI:35195,Surfactant,CHEBI:35195,MAPPED
Sutezolid,preferred_term,cas:168828-58-8,Sutezolid,NCIT:C152482,MAPPED
Swine serum,preferred_term,UNMAPPED_0536,Swine serum,,UNMAPPED
Swiss blue,synonym,CHEBI:6872,Methylene blue,CHEBI:6872,MAPPED
sylvite,synonym,CHEBI:32588,KCl,CHEBI:32588,MAPPED
Sym-dimethylethylene glycol,synonym,CHEBI:62064,"2,3-butanediol",CHEBI:62064,MAPPED
Synanthrin,preferred_term,UNMAPPED_0844,Synanthrin,,UNMAPPED
Synephrine Tartrate,preferred_term,cas:16589-24-5,Synephrine Tartrate,cas:16589-24-5,MAPPED
Synergistin A,preferred_term,mesh:C003372,Synergistin A,mesh:C003372,MAPPED
Synthetic Sea Salts (sss),preferred_term,UNMAPPED_0845,Synthetic Sea Salts (sss),,UNMAPPED
syringaldehyde,preferred_term,CHEBI:67380,syringaldehyde,CHEBI:67380,MAPPED
Syringic Acid,preferred_term,CHEBI:68329,Syringic Acid,CHEBI:68329,MAPPED
table salt,synonym,CHEBI:26710,NaCl,CHEBI:26710,MAPPED
table sugar,synonym,CHEBI:17992,Sucrose,CHEBI:17992,MAPPED
Tagatose,preferred_term,CHEBI:33954,Tagatose,CHEBI:33954,MAPPED
Takara_DO_Supp_MinusHisLeuTrp,preferred_term,UNMAPPED_0284,Takara_DO_Supp_MinusHisLeuTrp,,UNMAPPED
Tangeritin,preferred_term,CHEBI:9400,Tangeritin,CHEBI:9400,MAPPED
tannic acid,preferred_term,CHEBI:75211,tannic acid,CHEBI:75211,MAPPED
Tap water,synonym,CHEBI:15377,Distilled water,CHEBI:15377,MAPPED
TAPS,synonym,cas:91000-53-2,TAPS sodium salt,CHEBI:26714,MAPPED
TAPS sodium salt,preferred_term,cas:91000-53-2,TAPS sodium salt,CHEBI:26714,MAPPED
TAPSO,preferred_term,TAPSO,TAPSO,,UNMAPPED
Tara gum,preferred_term,cas:39300-88-4,Tara gum,FOODON:03413299,MAPPED
"Tartaric acid, disodium salt",synonym,CHEBI:63017,Sodium tartrate,CHEBI:63017,MAPPED
Tartate,preferred_term,UNMAPPED_0774,Tartate,,UNMAPPED
Tartrate,preferred_term,CHEBI:132950,Tartrate,CHEBI:132950,MAPPED
Taurine,preferred_term,CHEBI:15891,Taurine,CHEBI:15891,MAPPED
Taurocholate,preferred_term,CHEBI:36257,Taurocholate,CHEBI:36257,MAPPED
Taurocholic acid sodium salt hydrate,preferred_term,CHEBI:181226,Taurocholic acid sodium salt hydrate,CHEBI:181226,MAPPED
Tazobactam,preferred_term,CHEBI:9421,Tazobactam,CHEBI:9421,MAPPED
TCE,synonym,CHEBI:16602,Trichloroethylene,CHEBI:16602,MAPPED
Teicoplanin,preferred_term,CHEBI:29687,Teicoplanin,CHEBI:29687,MAPPED
Tellurite,preferred_term,CHEBI:30477,Tellurite,CHEBI:30477,MAPPED
Terephthalate,preferred_term,CHEBI:30043,Terephthalate,CHEBI:30043,MAPPED
Terpene hydrate,preferred_term,cas:2451-01-6,Terpene hydrate,CHEBI:134806,MAPPED
Tertiomycin A,preferred_term,kgmicrobe.compound:tertiomycin_a,Tertiomycin A,kgmicrobe.compound:tertiomycin_a,MAPPED
Tertiomycin B,preferred_term,kgmicrobe.compound:tertiomycin_b,Tertiomycin B,kgmicrobe.compound:tertiomycin_b,MAPPED
TES,preferred_term,CHEBI:39035,TES,CHEBI:39035,MAPPED
TES buffer,synonym,CHEBI:39035,TES,CHEBI:39035,MAPPED
TES buffer(Sigma T 1375),synonym,CHEBI:39035,TES,CHEBI:39035,MAPPED
Tetrabromopyrrole,preferred_term,UNMAPPED_0847,Tetrabromopyrrole,,UNMAPPED
Tetrachloraethen,synonym,CHEBI:17300,Tetrachloroethene,CHEBI:17300,MAPPED
tetrachlorethylene,synonym,CHEBI:17300,Tetrachloroethene,CHEBI:17300,MAPPED
Tetrachloroethene,preferred_term,CHEBI:17300,Tetrachloroethene,CHEBI:17300,MAPPED
tetrachloroethylene,synonym,CHEBI:17300,Tetrachloroethene,CHEBI:17300,MAPPED
Tetracycline,preferred_term,CHEBI:27902,Tetracycline,CHEBI:27902,MAPPED
Tetracycline hydrochloride,preferred_term,CHEBI:35006,Tetracycline hydrochloride,CHEBI:35006,MAPPED
tetrahydridocarbon,synonym,CHEBI:16183,methane,CHEBI:16183,MAPPED
tetrahydro-2H-pyran-2-one,synonym,CHEBI:16545,Valerolactone,CHEBI:16545,MAPPED
tetrairon tris(diphosphate),synonym,CHEBI:132767,Fe4(PO4)2,CHEBI:132767,MAPPED
Tetrairon tris(pyrophosphate),synonym,CHEBI:132767,Fe4(PO4)2,CHEBI:132767,MAPPED
Tetrakis(hydroxymethyl)phosphonium sulfate,preferred_term,cas:55566-30-8,Tetrakis(hydroxymethyl)phosphonium sulfate,cas:55566-30-8,MAPPED
Tetramethyl ammonium,preferred_term,CHEBI:46020,Tetramethyl ammonium,CHEBI:46020,MAPPED
Tetramethyl ammonium chloride,preferred_term,kgmicrobe.compound:tetramethyl_ammonium_chloride,Tetramethyl ammonium chloride,CHEBI:46020,MAPPED
tetramethylammonium,synonym,CHEBI:46020,Tetramethyl ammonium,CHEBI:46020,MAPPED
TETRAMETHYLAMMONIUM ION,synonym,CHEBI:46020,Tetramethyl ammonium,CHEBI:46020,MAPPED
tetramethylazanium,synonym,CHEBI:46020,Tetramethyl ammonium,CHEBI:46020,MAPPED
Tetramethylendiamin,synonym,CHEBI:17148,Putrescine,CHEBI:17148,MAPPED
Tetramethylenediamine,synonym,CHEBI:17148,Putrescine,CHEBI:17148,MAPPED
Tetrandrine,preferred_term,CHEBI:49,Tetrandrine,CHEBI:49,MAPPED
tetraoxidoarsenate(3-),synonym,CHEBI:29125,Arsenate,CHEBI:29125,MAPPED
tetraoxidotungstate(2-),synonym,CHEBI:46502,Tungstate,CHEBI:46502,MAPPED
tetraoxidotungstate(VI),synonym,CHEBI:46502,Tungstate,CHEBI:46502,MAPPED
tetraoxoarsenate(3-),synonym,CHEBI:29125,Arsenate,CHEBI:29125,MAPPED
tetraoxoarsenate(V),synonym,CHEBI:29125,Arsenate,CHEBI:29125,MAPPED
tetraoxosulfuric acid,synonym,CHEBI:26836,H2SO4,CHEBI:26836,MAPPED
Tetraphene,preferred_term,CHEBI:51348,Tetraphene,CHEBI:51348,MAPPED
Tetrasodium pyrophosphate,synonym,CHEBI:71240,Sodium pyrophosphate,CHEBI:71240,MAPPED
Tetrathionate,preferred_term,CHEBI:15226,Tetrathionate,CHEBI:15226,MAPPED
"Tetrathionic acid, dipotassium salt",synonym,CHEBI:86466,K2S4O6,CHEBI:86466,MAPPED
Tetrazolium,preferred_term,UNMAPPED_0734,Tetrazolium,,UNMAPPED
Tetrazolium Blue,preferred_term,CHEBI:75198,Tetrazolium Blue,CHEBI:75198,MAPPED
Tetrazolium violet,preferred_term,CHEBI:75193,Tetrazolium violet,CHEBI:75193,MAPPED
Tetrodotoxin,preferred_term,CHEBI:9506,Tetrodotoxin,CHEBI:9506,MAPPED
Texazone,preferred_term,CHEBI:197442,Texazone,CHEBI:197442,MAPPED
thallium(1+) acetate,synonym,CHEBI:75192,Thallium(I) acetate,CHEBI:75192,MAPPED
Thallium(I) acetate,preferred_term,CHEBI:75192,Thallium(I) acetate,CHEBI:75192,MAPPED
THAM,synonym,CHEBI:9754,Tris base,CHEBI:9754,MAPPED
Thauer's vitamin mix,preferred_term,UNMAPPED_0270,Thauer's vitamin mix,,UNMAPPED
Thauer's vitamin mix no Biotin,preferred_term,UNMAPPED_0257,Thauer's vitamin mix no Biotin,,UNMAPPED
ThDP,synonym,CHEBI:9532,0.2% Thiamine pyrophosphate,CHEBI:9532,MAPPED
Theaflavin,preferred_term,CHEBI:136609,Theaflavin,CHEBI:136609,MAPPED
Theaflavin Digallate,preferred_term,cas:30462-35-2,Theaflavin Digallate,CHEBI:185495,MAPPED
theion,synonym,CHEBI:26833,Sulfur,CHEBI:26833,MAPPED
Theobromine,preferred_term,CHEBI:28946,Theobromine,CHEBI:28946,MAPPED
Theophylline,preferred_term,CHEBI:28177,Theophylline,CHEBI:28177,MAPPED
Thiamin,synonym,CHEBI:18385,Thiamine,CHEBI:18385,MAPPED
thiamin dichloride,synonym,CHEBI:49105,Thiamine HCl,CHEBI:49105,MAPPED
Thiamin HCl,synonym,CHEBI:49105,Thiamine HCl,CHEBI:49105,MAPPED
thiamin hydrochloride,synonym,CHEBI:49105,Thiamine HCl,CHEBI:49105,MAPPED
Thiamin pyrophosphate,preferred_term,CHEBI:45931,Thiamin pyrophosphate,CHEBI:45931,MAPPED
Thiamin-HCl,synonym,CHEBI:49105,Thiamine HCl,CHEBI:49105,MAPPED
Thiamine,preferred_term,CHEBI:18385,Thiamine,CHEBI:18385,MAPPED
Thiamine (B1),synonym,CHEBI:18385,Thiamine,CHEBI:18385,MAPPED
thiamine cation,synonym,CHEBI:18385,Thiamine,CHEBI:18385,MAPPED
thiamine chloride hydrochloride,synonym,CHEBI:49105,Thiamine HCl,CHEBI:49105,MAPPED
thiamine chloride hydrochloride dihydrate,synonym,CHEBI:132751,Thiamine-HCl x 2 H2O,CHEBI:132751,MAPPED
thiamine dichloride,synonym,CHEBI:49105,Thiamine HCl,CHEBI:49105,MAPPED
thiamine dichloride dihydrate,synonym,CHEBI:132751,Thiamine-HCl x 2 H2O,CHEBI:132751,MAPPED
Thiamine Dihydrochloride,synonym,CHEBI:49105,Thiamine HCl,CHEBI:49105,MAPPED
thiamine diphosphate chloride,synonym,CHEBI:18290,Thiamine pyrophosphate,CHEBI:18290,MAPPED
thiamine diphosphoric acid ester chloride,synonym,CHEBI:18290,Thiamine pyrophosphate,CHEBI:18290,MAPPED
Thiamine HCl,preferred_term,CHEBI:49105,Thiamine HCl,CHEBI:49105,MAPPED
Thiamine HCl (B ) -,synonym,CHEBI:49105,Thiamine HCl,CHEBI:49105,MAPPED
Thiamine HCl (Vitamin B ),synonym,CHEBI:49105,Thiamine HCl,CHEBI:49105,MAPPED
Thiamine HCl (Vitamin B1),synonym,CHEBI:49105,Thiamine HCl,CHEBI:49105,MAPPED
Thiamine hydrochloride,synonym,CHEBI:49105,Thiamine HCl,CHEBI:49105,MAPPED
thiamine hydrochloride dihydrate,synonym,CHEBI:132751,Thiamine-HCl x 2 H2O,CHEBI:132751,MAPPED
thiamine ion,synonym,CHEBI:18385,Thiamine,CHEBI:18385,MAPPED
Thiamine pyrophosphate,preferred_term,CHEBI:18290,Thiamine pyrophosphate,CHEBI:18290,MAPPED
thiamine pyrophosphate chloride,synonym,CHEBI:18290,Thiamine pyrophosphate,CHEBI:18290,MAPPED
Thiamine solution see Medium No. 403,preferred_term,UNMAPPED_0538,Thiamine solution see Medium No. 403,,UNMAPPED
Thiamine Vitamin Solution,preferred_term,kgmicrobe.ingredient:thiamine_vitamin_solution,Thiamine Vitamin Solution,MICRO:0000460,MAPPED
thiamine(1+) diphosphate chloride,synonym,CHEBI:18290,Thiamine pyrophosphate,CHEBI:18290,MAPPED
thiamine(1+) ion,synonym,CHEBI:18385,Thiamine,CHEBI:18385,MAPPED
thiamine(2+) dichloride,synonym,CHEBI:49105,Thiamine HCl,CHEBI:49105,MAPPED
thiamine(2+) dichloride dihydrate,synonym,CHEBI:132751,Thiamine-HCl x 2 H2O,CHEBI:132751,MAPPED
Thiamine-HCl,synonym,CHEBI:49105,Thiamine HCl,CHEBI:49105,MAPPED
Thiamine-HCl x 2 H2O,preferred_term,CHEBI:132751,Thiamine-HCl x 2 H2O,CHEBI:132751,MAPPED
Thiamine-HCl·2H2O,synonym,CHEBI:132751,Thiamine-HCl x 2 H2O,CHEBI:132751,MAPPED
thiamine-pyrophosphate,synonym,CHEBI:9532,0.2% Thiamine pyrophosphate,CHEBI:9532,MAPPED
thiamines,synonym,CHEBI:18385,Thiamine,CHEBI:18385,MAPPED
Thiamine HCl,synonym,CHEBI:49105,Thiamine HCl,CHEBI:49105,MAPPED
Thiamine·HCl,synonym,CHEBI:49105,Thiamine HCl,CHEBI:49105,MAPPED
Thiamine・HCl,synonym,CHEBI:49105,Thiamine HCl,CHEBI:49105,MAPPED
thiaminium,synonym,CHEBI:18385,Thiamine,CHEBI:18385,MAPPED
thiaminium chloride hydrochloride,synonym,CHEBI:49105,Thiamine HCl,CHEBI:49105,MAPPED
thiaminium diphosphoric acid ester chloride,synonym,CHEBI:18290,Thiamine pyrophosphate,CHEBI:18290,MAPPED
thiaminium pyrophosphate chloride,synonym,CHEBI:18290,Thiamine pyrophosphate,CHEBI:18290,MAPPED
thiaminium pyrophosphoric acid ester chloride,synonym,CHEBI:18290,Thiamine pyrophosphate,CHEBI:18290,MAPPED
thiamins,synonym,CHEBI:18385,Thiamine,CHEBI:18385,MAPPED
"Thiazolium, 3-((4-amino-2-methyl-5-pyrimidinyl)methyl)-4-methyl-5-(4,6,6-trihydroxy-3,5-dioxa-4,6-diphosphahex-1-yl)-, chloride, P,P'-dioxide",synonym,CHEBI:18290,Thiamine pyrophosphate,CHEBI:18290,MAPPED
Thioctansaeure,synonym,CHEBI:16494,(DL)-alpha-Lipoic acid,CHEBI:16494,MAPPED
Thioctic acid,preferred_term,CHEBI:30314,Thioctic acid,CHEBI:30314,MAPPED
Thioctic acid d-form,synonym,CHEBI:30314,Thioctic acid,CHEBI:30314,MAPPED
thioctic acid l-form,synonym,CHEBI:43796,α-lipoic acid,CHEBI:43796,MAPPED
Thioctsaeure,synonym,CHEBI:16494,(DL)-alpha-Lipoic acid,CHEBI:16494,MAPPED
Thioglycol,synonym,CHEBI:41218,2-Mercaptoethanol,CHEBI:41218,MAPPED
Thioglycolate,preferred_term,CHEBI:47869,Thioglycolate,CHEBI:47869,MAPPED
Thioglycolate sodium,synonym,CHEBI:86481,Na-thioglycolate,CHEBI:86481,MAPPED
Thioglycollic acid,preferred_term,CHEBI:30065,Thioglycollic acid,CHEBI:30065,MAPPED
"Thioglycollic acid, sodium salt",synonym,CHEBI:86481,Na-thioglycolate,CHEBI:86481,MAPPED
Thioktsaeure,synonym,CHEBI:16494,(DL)-alpha-Lipoic acid,CHEBI:16494,MAPPED
Thiolutin,preferred_term,CHEBI:156450,Thiolutin,CHEBI:156450,MAPPED
Thioridazine hydrochloride,preferred_term,CHEBI:48566,Thioridazine hydrochloride,CHEBI:48566,MAPPED
Thiostrepton,preferred_term,CHEBI:29693,Thiostrepton,CHEBI:29693,MAPPED
Thiosulfate,preferred_term,CHEBI:26977,Thiosulfate,CHEBI:26977,MAPPED
thiosulfate ester,synonym,CHEBI:26977,Thiosulfate,CHEBI:26977,MAPPED
thiosulfate esters,synonym,CHEBI:26977,Thiosulfate,CHEBI:26977,MAPPED
thiosulfates,synonym,CHEBI:26977,Thiosulfate,CHEBI:26977,MAPPED
"Thiosulfuric acid, disodium salt",synonym,CHEBI:132112,Na2S2O3,CHEBI:132112,MAPPED
"thiosulfuric acid, disodium salt, pentahydrate",synonym,CHEBI:32150,Na2S2O3 x 5 H2O,CHEBI:32150,MAPPED
thiosulphates,synonym,CHEBI:26977,Thiosulfate,CHEBI:26977,MAPPED
Thiourea,preferred_term,CHEBI:36946,Thiourea,CHEBI:36946,MAPPED
ThPP,synonym,CHEBI:9532,0.2% Thiamine pyrophosphate,CHEBI:9532,MAPPED
THPS,synonym,cas:55566-30-8,Tetrakis(hydroxymethyl)phosphonium sulfate,cas:55566-30-8,MAPPED
Threonine,preferred_term,CHEBI:26986,Threonine,CHEBI:26986,MAPPED
Thy,synonym,CHEBI:17821,Thymine,CHEBI:17821,MAPPED
Thymidine,preferred_term,CHEBI:17748,Thymidine,CHEBI:17748,MAPPED
Thymin,synonym,CHEBI:17821,Thymine,CHEBI:17821,MAPPED
Thymine,preferred_term,CHEBI:17821,Thymine,CHEBI:17821,MAPPED
thymine 2'-deoxyriboside,synonym,CHEBI:17748,Thymidine,CHEBI:17748,MAPPED
Thymine riboside,synonym,CHEBI:45996,5-methyluridine,CHEBI:45996,MAPPED
Thymoquinone,preferred_term,CHEBI:113532,Thymoquinone,CHEBI:113532,MAPPED
thymus nucleic acid,synonym,CHEBI:16991,Fish-Sperm DNA,CHEBI:16991,MAPPED
Tiamulin,preferred_term,CHEBI:44137,Tiamulin,CHEBI:44137,MAPPED
Ticarcillin,preferred_term,CHEBI:9587,Ticarcillin,CHEBI:9587,MAPPED
Ticarcillin disodium salt,preferred_term,CHEBI:35017,Ticarcillin disodium salt,CHEBI:35017,MAPPED
TiCl3,preferred_term,mesh:C039460,TiCl3,mesh:C039460,MAPPED
Tigecycline,preferred_term,CHEBI:149836,Tigecycline,CHEBI:149836,MAPPED
Timentin,preferred_term,cas:86482-18-0,Timentin,cas:86482-18-0,MAPPED
tin dichloride dihydrate,synonym,CHEBI:78074,SnCl2 x 2 H2O,CHEBI:78074,MAPPED
tin dichloride.2H2O,synonym,CHEBI:78074,SnCl2 x 2 H2O,CHEBI:78074,MAPPED
tin(II) chloride dihydrate,synonym,CHEBI:78074,SnCl2 x 2 H2O,CHEBI:78074,MAPPED
Titanium(III) citrate,preferred_term,UNMAPPED_0618,Titanium(III) citrate,,UNMAPPED
TitaniumIII chloride,preferred_term,UNMAPPED_0541,TitaniumIII chloride,,UNMAPPED
Titriplex1,preferred_term,UNMAPPED_0542,Titriplex1,,UNMAPPED
TNM-FH Medium,preferred_term,UNMAPPED_0543,TNM-FH Medium,,UNMAPPED
TNT,synonym,CHEBI:27135,Trinitrotoluene,CHEBI:27135,MAPPED
Tobramycin,preferred_term,CHEBI:28864,Tobramycin,CHEBI:28864,MAPPED
Tobramycin sulfate salt,preferred_term,cas:79645-27-5,Tobramycin sulfate salt,CHEBI:35175,MAPPED
Todd Hewitt Broth,preferred_term,UNMAPPED_0544,Todd Hewitt Broth,,UNMAPPED
Toluen,synonym,CHEBI:17578,Toluene,CHEBI:17578,MAPPED
Toluene,preferred_term,CHEBI:17578,Toluene,CHEBI:17578,MAPPED
Toluol,synonym,CHEBI:17578,Toluene,CHEBI:17578,MAPPED
Tomatidine Hydrochloride,preferred_term,cas:69004-03-1,Tomatidine Hydrochloride,CHEBI:9629,MAPPED
Tomato extract,preferred_term,UNMAPPED_0545,Tomato extract,,UNMAPPED
Tomato juice,preferred_term,FOODON:03301454,Tomato juice,FOODON:03301454,MAPPED
Toray silicone SH 5535,preferred_term,mesh:C069668,Toray silicone SH 5535,mesh:C069668,MAPPED
Totarol,preferred_term,CHEBI:69241,Totarol,CHEBI:69241,MAPPED
Toyocamycin,preferred_term,CHEBI:134606,Toyocamycin,CHEBI:134606,MAPPED
TPP,synonym,CHEBI:18290,Thiamine pyrophosphate,CHEBI:18290,MAPPED
Trace element solution,preferred_term,NCIT:C896,Trace element solution,NCIT:C896,MAPPED
Trace element solution see Medium No. 187,preferred_term,kgmicrobe.ingredient:trace_element_solution_see_medium_no_187,Trace element solution see Medium No. 187,NCIT:C896,MAPPED
Trace element solution SL-10,preferred_term,NCIT:C896,Trace element solution SL-10,NCIT:C896,MAPPED
Trace metal mix A5,preferred_term,MICRO:0001349,Trace metal mix A5,MICRO:0001349,MAPPED
Trace metal solution,preferred_term,UNMAPPED_0550,Trace metal solution,,UNMAPPED
Trace Metals Solution,preferred_term,UNMAPPED_0029,Trace Metals Solution,,UNMAPPED
Trace mineral solution,preferred_term,UNMAPPED_0551,Trace mineral solution,,UNMAPPED
Trace minerals,preferred_term,UNMAPPED_0552,Trace minerals,,UNMAPPED
Trace minerals see Medium No. 151,preferred_term,UNMAPPED_0553,Trace minerals see Medium No. 151,,UNMAPPED
Trace minerals see Medium No. 197,preferred_term,UNMAPPED_0554,Trace minerals see Medium No. 197,,UNMAPPED
Trace vitamins solution see Medium No. 284,preferred_term,UNMAPPED_0555,Trace vitamins solution see Medium No. 284,,UNMAPPED
Trans Styrylacetic Acid,preferred_term,kgmicrobe.compound:trans_styrylacetic_acid,Trans Styrylacetic Acid,kgmicrobe.compound:trans_styrylacetic_acid,MAPPED
"Trans,Trans-Farnesol",preferred_term,CHEBI:28600,"Trans,Trans-Farnesol",CHEBI:28600,MAPPED
"trans-1,2-ethylenedicarboxylic acid",synonym,CHEBI:18012,Fumaric acid,CHEBI:18012,MAPPED
trans-2-butenoate,synonym,CHEBI:35899,Na-crotonate,CHEBI:35899,MAPPED
trans-2-Butenoic acid,synonym,CHEBI:41131,Crotonic acid,CHEBI:41131,MAPPED
Trans-2-methyl-2-butenoic acid,preferred_term,CHEBI:9592,Trans-2-methyl-2-butenoic acid,CHEBI:9592,MAPPED
trans-2-Pentenoic acid,preferred_term,CHEBI:38366,trans-2-Pentenoic acid,CHEBI:38366,MAPPED
trans-3-phenylacrylic acid,synonym,CHEBI:35697,trans-Cinnamic acid,CHEBI:35697,MAPPED
trans-4-Hydroxy-3-methoxycinnamic acid,synonym,CHEBI:193350,Ferulic Acid,CHEBI:193350,MAPPED
trans-4-Hydroxy-L-proline,synonym,CHEBI:18095,Hydroxy-L-Proline,CHEBI:18095,MAPPED
trans-aconitic acid,preferred_term,CHEBI:32806,trans-aconitic acid,CHEBI:32806,MAPPED
trans-beta-carboxystyrene,synonym,CHEBI:35697,trans-Cinnamic acid,CHEBI:35697,MAPPED
trans-but-2-enedioic acid,synonym,CHEBI:18012,Fumaric acid,CHEBI:18012,MAPPED
trans-Butenedioic acid,synonym,CHEBI:18012,Fumaric acid,CHEBI:18012,MAPPED
trans-Cinnamic acid,preferred_term,CHEBI:35697,trans-Cinnamic acid,CHEBI:35697,MAPPED
trans-crotonate,synonym,CHEBI:35899,Na-crotonate,CHEBI:35899,MAPPED
trans-Crotonic Acid,synonym,CHEBI:41131,Crotonic acid,CHEBI:41131,MAPPED
"trans-ethene-1,2-dioic acid",synonym,CHEBI:18012,Fumaric acid,CHEBI:18012,MAPPED
trans-Hydroxyproline,synonym,CHEBI:18095,Hydroxy-L-Proline,CHEBI:18095,MAPPED
trans-L-Hydroxyproline,synonym,CHEBI:18095,Hydroxy-L-Proline,CHEBI:18095,MAPPED
trans-styrylacetic acid,synonym,kgmicrobe.compound:trans_styrylacetic_acid,Trans Styrylacetic Acid,kgmicrobe.compound:trans_styrylacetic_acid,MAPPED
trans-Zimtsaeure,synonym,CHEBI:35697,trans-Cinnamic acid,CHEBI:35697,MAPPED
Transvalencin A,preferred_term,mesh:C498222,Transvalencin A,mesh:C498222,MAPPED
Traubenzucker,synonym,CHEBI:17634,D-Glucose,CHEBI:17634,MAPPED
Trehalose,preferred_term,CHEBI:27082,Trehalose,CHEBI:27082,MAPPED
trehalose dihydrate,synonym,CHEBI:232797,D-Trehalose dihydrate,CHEBI:232797,MAPPED
"tri(azaniumyl) 2-hydroxypropane-1,2,3-tricarboxylate",synonym,CHEBI:63037,(NH4)3 citrate,CHEBI:63037,MAPPED
tri(carboxymethyl)amine,synonym,CHEBI:44557,Nitrilotriacetic acid,CHEBI:44557,MAPPED
Tri-sodium citrate,synonym,CHEBI:53258,Trisodium citrate,CHEBI:53258,MAPPED
"triammonium 2-hydroxypropane-1,2,3-tricarboxylate",synonym,CHEBI:63037,(NH4)3 citrate,CHEBI:63037,MAPPED
Triammonium citrate,synonym,CHEBI:63037,(NH4)3 citrate,CHEBI:63037,MAPPED
Tribenuron-methyl,preferred_term,CHEBI:9678,Tribenuron-methyl,CHEBI:9678,MAPPED
Tributyrin,preferred_term,CHEBI:35020,Tributyrin,CHEBI:35020,MAPPED
Tricalcium phosphate,preferred_term,CHEBI:9679,Tricalcium phosphate,CHEBI:9679,MAPPED
trichlor,synonym,CHEBI:16602,Trichloroethylene,CHEBI:16602,MAPPED
Trichloraethen,synonym,CHEBI:16602,Trichloroethylene,CHEBI:16602,MAPPED
Trichloraethylen,synonym,CHEBI:16602,Trichloroethylene,CHEBI:16602,MAPPED
trichloraethylenum pro narcosi,synonym,CHEBI:16602,Trichloroethylene,CHEBI:16602,MAPPED
trichlorethylene,synonym,CHEBI:16602,Trichloroethylene,CHEBI:16602,MAPPED
trichloridoaluminium,synonym,CHEBI:30114,AlCl3,CHEBI:30114,MAPPED
trichloridocerium,synonym,CHEBI:35458,CeCl3,CHEBI:35458,MAPPED
trichloridocerium,synonym,CHEBI:35458,CeCl3 x 7 H2O,CHEBI:35458,MAPPED
trichloroalumane,synonym,CHEBI:30114,AlCl3,CHEBI:30114,MAPPED
Trichloroethene,synonym,CHEBI:16602,Trichloroethylene,CHEBI:16602,MAPPED
Trichloroethylene,preferred_term,CHEBI:16602,Trichloroethylene,CHEBI:16602,MAPPED
trichloroethylenum,synonym,CHEBI:16602,Trichloroethylene,CHEBI:16602,MAPPED
trichloroiron--water (1/6),synonym,CHEBI:86254,FeCl3 x 6 H2O,CHEBI:86254,MAPPED
triciene,synonym,CHEBI:16602,Trichloroethylene,CHEBI:16602,MAPPED
Tricine,preferred_term,CHEBI:46760,Tricine,CHEBI:46760,MAPPED
tridimethylaminomethane,synonym,CHEBI:18139,Trimethylamine,CHEBI:18139,MAPPED
Triethanolamine,preferred_term,CHEBI:28621,Triethanolamine,CHEBI:28621,MAPPED
triglycine,synonym,CHEBI:44557,Nitrilotriacetic acid,CHEBI:44557,MAPPED
Triglycollamic acid,synonym,CHEBI:44557,Nitrilotriacetic acid,CHEBI:44557,MAPPED
Trigonelline,preferred_term,mesh:C009560,Trigonelline,mesh:C009560,MAPPED
Trigonelline HCl,preferred_term,CHEBI:229203,Trigonelline HCl,CHEBI:229203,MAPPED
trihydrogen trioxophosphate(3-),synonym,CHEBI:36361,phosphorous acid,CHEBI:36361,MAPPED
trihydroxidoboron,synonym,CHEBI:33118,H3BO3,CHEBI:33118,MAPPED
trihydroxidophosphorus,synonym,CHEBI:36361,phosphorous acid,CHEBI:36361,MAPPED
Trihydroxypropane,synonym,CHEBI:17754,Glycerol,CHEBI:17754,MAPPED
Trihydroxypropane,synonym,CHEBI:17754,glycerol,CHEBI:17754,REJECTED
triisocyanate,synonym,CHEBI:77775,Na2SeO4,CHEBI:77775,MAPPED
triisocyanates,synonym,CHEBI:77775,Na2SeO4,CHEBI:77775,MAPPED
Trilon A,synonym,CHEBI:44557,Nitrilotriacetic acid,CHEBI:44557,MAPPED
Trimethoprim,preferred_term,CHEBI:45924,Trimethoprim,CHEBI:45924,MAPPED
Trimethoxybenzoate,preferred_term,UNMAPPED_0848,Trimethoxybenzoate,,UNMAPPED
Trimethyl(2-hydroxyethyl)ammonium chloride,synonym,CHEBI:133341,Choline chloride,CHEBI:133341,MAPPED
Trimethylamin,synonym,CHEBI:18139,Trimethylamine,CHEBI:18139,MAPPED
Trimethylamine,preferred_term,CHEBI:18139,Trimethylamine,CHEBI:18139,MAPPED
trimethylamine hydrochloride,synonym,CHEBI:64700,Trimethylamine-HCl,CHEBI:64700,MAPPED
trimethylamine monohydrochloride,synonym,CHEBI:64700,Trimethylamine-HCl,CHEBI:64700,MAPPED
Trimethylamine-HCl,preferred_term,CHEBI:64700,Trimethylamine-HCl,CHEBI:64700,MAPPED
Trimethylamine-N-oxide,preferred_term,CHEBI:15724,Trimethylamine-N-oxide,CHEBI:15724,MAPPED
Trimethylamine·HCl,synonym,CHEBI:64700,Trimethylamine-HCl,CHEBI:64700,MAPPED
Trimethylaminoacetate,synonym,CHEBI:17750,Betaine x H2O,CHEBI:17750,MAPPED
Trimethylammonioacetate,synonym,CHEBI:17750,Betaine x H2O,CHEBI:17750,MAPPED
Trimethylammonium chloride,synonym,CHEBI:64700,Trimethylamine-HCl,CHEBI:64700,MAPPED
Trimethyleneglycol,synonym,CHEBI:16109,"1,3-Propanediol",CHEBI:16109,MAPPED
trimethylethanolamine,synonym,CHEBI:15354,Choline,CHEBI:15354,MAPPED
Trimethylglycine,synonym,CHEBI:17750,Betaine x H2O,CHEBI:17750,MAPPED
trimethylglycocoll,synonym,CHEBI:17750,Betaine x H2O,CHEBI:17750,MAPPED
Trinitrotoluene,preferred_term,CHEBI:27135,Trinitrotoluene,CHEBI:27135,MAPPED
trioxophosphoric(3-) acid,synonym,CHEBI:36361,phosphorous acid,CHEBI:36361,MAPPED
Triphenyltetrazolium Chloride,synonym,CHEBI:78019,"2,3,5-Triphenyltetrazolium chloride",CHEBI:78019,MAPPED
Tripticase peptone,synonym,MICRO:0000175,Trypticase peptone,MICRO:0000175,MAPPED
triptofano,synonym,CHEBI:27897,Tryptophan,CHEBI:27897,MAPPED
triptohypol C,synonym,CHEBI:132340,Dihydrocelastrol,CHEBI:132340,MAPPED
Triptolide,preferred_term,CHEBI:9747,Triptolide,CHEBI:9747,MAPPED
Tris,synonym,CHEBI:9754,Tris base,CHEBI:9754,MAPPED
Tris (hydroxymethyl aminomethane),synonym,CHEBI:9754,Tris base,CHEBI:9754,MAPPED
Tris [tris(hydroxymethyl)aminomethane],synonym,CHEBI:9754,Tris base,CHEBI:9754,MAPPED
Tris Acetate Stock Solution,preferred_term,CHEBI:66869,Tris Acetate Stock Solution,CHEBI:66869,MAPPED
Tris amino,synonym,CHEBI:9754,Tris base,CHEBI:9754,MAPPED
Tris base,preferred_term,CHEBI:9754,Tris base,CHEBI:9754,MAPPED
Tris base (buffer),synonym,CHEBI:9754,Tris base,CHEBI:9754,MAPPED
Tris buffer,synonym,CHEBI:9754,Tris base,CHEBI:9754,MAPPED
Tris buffer 1M,synonym,CHEBI:9754,Tris base,CHEBI:9754,MAPPED
Tris HCl,synonym,CHEBI:9754,Tris base,CHEBI:9754,MAPPED
Tris hydrochloride,synonym,CHEBI:9754,Tris base,CHEBI:9754,MAPPED
tris(2-hydroxyethyl)amine,synonym,CHEBI:28621,Triethanolamine,CHEBI:28621,MAPPED
tris(beta-hydroxyethyl)amine,synonym,CHEBI:28621,Triethanolamine,CHEBI:28621,MAPPED
Tris(hydroxymethyl)aminomethane,synonym,CHEBI:9754,Tris base,CHEBI:9754,MAPPED
Tris(hydroxymethyl)methylamine,synonym,CHEBI:9754,Tris base,CHEBI:9754,MAPPED
Tris-base,synonym,CHEBI:9754,Tris base,CHEBI:9754,MAPPED
Tris-HCl buffer,synonym,CHEBI:9754,Tris base,CHEBI:9754,MAPPED
"trisodium 2,2',2''-nitrilotriacetate",synonym,CHEBI:132766,"0.5 M Nitrilotriacetic acid, disodium salt",CHEBI:132766,MAPPED
"trisodium 2,2'-({2-[(carboxylatomethyl)(carboxymethyl)amino]ethyl}imino)diacetate",synonym,CHEBI:63125,Na3-EDTA,CHEBI:63125,MAPPED
"trisodium 2-hydroxypropane-1,2,3-tricarboxylate",synonym,CHEBI:53258,Sodium Citrate,CHEBI:53258,MAPPED
"trisodium 2-hydroxypropane-1,2,3-tricarboxylate",synonym,CHEBI:53258,Trisodium citrate,CHEBI:53258,MAPPED
"trisodium 2-hydroxypropane-1,2,3-tricarboxylate",synonym,CHEBI:53258,Trisodium citrate x 2 H2O,CHEBI:53258,MAPPED
"trisodium 2-hydroxypropane-1,2,3-tricarboxylate--water (1/2)",synonym,CHEBI:32142,Na3-citrate x 2 H2O,CHEBI:32142,MAPPED
"trisodium 2-hydroxypropane-1,2,3-tricarboxylate--water (1/2)",synonym,CHEBI:53258,Sodium Citrate,CHEBI:53258,MAPPED
Trisodium aminotriacetate,synonym,CHEBI:132766,"0.5 M Nitrilotriacetic acid, disodium salt",CHEBI:132766,MAPPED
Trisodium citrate,preferred_term,CHEBI:53258,Trisodium citrate,CHEBI:53258,MAPPED
Trisodium citrate dehydrate,synonym,CHEBI:53258,Sodium Citrate,CHEBI:53258,MAPPED
Trisodium Citrate Dihydrate,synonym,CHEBI:32142,Na3-citrate x 2 H2O,CHEBI:32142,MAPPED
Trisodium citrate x 2 H2O,preferred_term,CHEBI:53258,Trisodium citrate x 2 H2O,CHEBI:53258,MAPPED
Trisodium citrate x H2O,preferred_term,mesh:C514290,Trisodium citrate x H2O,mesh:C514290,MAPPED
Trisodium citrate·2H2O,synonym,CHEBI:53258,Trisodium citrate x 2 H2O,CHEBI:53258,MAPPED
Trisodium citrate·3H2O,synonym,CHEBI:53258,Trisodium citrate x 2 H2O,CHEBI:53258,MAPPED
Trisodium citrate・2H2O,synonym,CHEBI:53258,Trisodium citrate x 2 H2O,CHEBI:53258,MAPPED
trisodium ethylenediaminetetraacetate,synonym,CHEBI:63125,Na3-EDTA,CHEBI:63125,MAPPED
"Trisodium N,N-bis(carboxymethyl)glycinate",synonym,CHEBI:132766,"0.5 M Nitrilotriacetic acid, disodium salt",CHEBI:132766,MAPPED
Trisodium nitrilotriacetate,synonym,CHEBI:132766,"0.5 M Nitrilotriacetic acid, disodium salt",CHEBI:132766,MAPPED
Trisodium NTA,synonym,CHEBI:132766,"0.5 M Nitrilotriacetic acid, disodium salt",CHEBI:132766,MAPPED
trisodium orthovanadate,synonym,CHEBI:35607,Na3VO4,CHEBI:35607,MAPPED
trisodium salt of ethylenediaminetetraacetic acid,synonym,CHEBI:63125,Na3-EDTA,CHEBI:63125,MAPPED
trisodium tetraoxovanadate,synonym,CHEBI:35607,Na3VO4,CHEBI:35607,MAPPED
Trisodium tribromide,synonym,CHEBI:63004,NaBr,CHEBI:63004,MAPPED
trisodium trioxido(oxo)vanadium,synonym,CHEBI:35607,Na3VO4,CHEBI:35607,MAPPED
trisodium vanadate,synonym,CHEBI:35607,Na3VO4,CHEBI:35607,MAPPED
"trisodium;1-hydroxypropane-1,2,3-tricarboxylate",synonym,CHEBI:172950,DL-Isocitric acid trisodium salt hydrate,CHEBI:172950,MAPPED
Tris [tris(hydroxymethyl)aminomethane],synonym,CHEBI:9754,Tris base,CHEBI:9754,MAPPED
Trithionate,preferred_term,CHEBI:15987,Trithionate,CHEBI:15987,MAPPED
Triton X-100,preferred_term,CHEBI:9750,Triton X-100,CHEBI:9750,MAPPED
Trizma,synonym,CHEBI:9754,Tris base,CHEBI:9754,MAPPED
Trizma Base pH,synonym,CHEBI:9754,Tris base,CHEBI:9754,MAPPED
Trizma Base pH 8.2,synonym,CHEBI:9754,Tris base,CHEBI:9754,MAPPED
Trolamine,synonym,CHEBI:28621,Triethanolamine,CHEBI:28621,MAPPED
Troleandomycin,preferred_term,CHEBI:45735,Troleandomycin,CHEBI:45735,MAPPED
Trometamol,synonym,CHEBI:9754,Tris base,CHEBI:9754,MAPPED
Tromethamine,synonym,CHEBI:9754,Tris base,CHEBI:9754,MAPPED
Tryptamine,preferred_term,CHEBI:16765,Tryptamine,CHEBI:16765,MAPPED
Trypticase,preferred_term,MICRO:0000175,Trypticase,MICRO:0000175,MAPPED
trypticase,synonym,MICRO:0000175,Trypticase,MICRO:0000175,MAPPED
Trypticase peptone,preferred_term,MICRO:0000175,Trypticase peptone,MICRO:0000175,MAPPED
Trypticase Peptone (BBL),synonym,MICRO:0000175,Trypticase peptone,MICRO:0000175,MAPPED
Trypticase Peptone (BD 211921),synonym,MICRO:0000175,Trypticase peptone,MICRO:0000175,MAPPED
Trypticase peptone (BD BBL),synonym,MICRO:0000175,Trypticase peptone,MICRO:0000175,MAPPED
Trypticase peptone (BD-BBL),synonym,MICRO:0000175,Trypticase peptone,MICRO:0000175,MAPPED
Trypticase soy agar,preferred_term,UNMAPPED_0557,Trypticase soy agar,,UNMAPPED
Trypticase soy broth,preferred_term,UNMAPPED_0252,Trypticase soy broth,,UNMAPPED
Trypticase-glucose-yeast Extract,preferred_term,UNMAPPED_0668,Trypticase-glucose-yeast Extract,,NEEDS_EXPERT
Tryptone,preferred_term,MICRO:0000182,Tryptone,MICRO:0000182,MAPPED
tryptone,synonym,MICRO:0000182,Tryptone,MICRO:0000182,MAPPED
Tryptone (Bacto Trypton 211705),synonym,MICRO:0000182,Tryptone,MICRO:0000182,MAPPED
Tryptone (BD 211705),synonym,MICRO:0000182,Tryptone,MICRO:0000182,MAPPED
Tryptone (BD BACTO),synonym,MICRO:0000182,Tryptone,MICRO:0000182,MAPPED
Tryptone (BD Bacto),synonym,MICRO:0000182,Tryptone,MICRO:0000182,MAPPED
Tryptone (BD BBL),synonym,MICRO:0000182,Tryptone,MICRO:0000182,MAPPED
Tryptone (BD--Difco),synonym,MICRO:0000182,Tryptone,MICRO:0000182,MAPPED
Tryptone (BD-Difco),synonym,MICRO:0000182,Tryptone,MICRO:0000182,MAPPED
tryptone (BD-Difco),synonym,MICRO:0000182,Tryptone,MICRO:0000182,MAPPED
Tryptone (Difco 0123),synonym,MICRO:0000182,Tryptone,MICRO:0000182,MAPPED
Tryptone (Difco),synonym,MICRO:0000182,Tryptone,MICRO:0000182,MAPPED
Tryptone (Diffico),synonym,MICRO:0000182,Tryptone,MICRO:0000182,MAPPED
Tryptone (Sigma T 9410),synonym,MICRO:0000182,Tryptone,MICRO:0000182,MAPPED
"Tryptone (VWR, J859-500G)",synonym,MICRO:0000182,Tryptone,MICRO:0000182,MAPPED
tryptone [Difco],synonym,MICRO:0000182,Tryptone,MICRO:0000182,MAPPED
Tryptone peptone,preferred_term,MICRO:0000182,Tryptone peptone,MICRO:0000182,MAPPED
Tryptone soya broth (Oxoid),preferred_term,UNMAPPED_0138,Tryptone soya broth (Oxoid),,UNMAPPED
Tryptone(CAS: 91079-40-2),synonym,MICRO:0000182,Tryptone,MICRO:0000182,MAPPED
Tryptone(Sigma T 9410),synonym,MICRO:0000182,Tryptone,MICRO:0000182,MAPPED
Tryptone(Sigma T 9410)),synonym,MICRO:0000182,Tryptone,MICRO:0000182,MAPPED
Tryptone/yeast/beef (tyb),preferred_term,UNMAPPED_0849,Tryptone/yeast/beef (tyb),,NEEDS_EXPERT
Tryptophan,preferred_term,CHEBI:27897,Tryptophan,CHEBI:27897,MAPPED
Tryptophan,synonym,CHEBI:16828,L-Tryptophan,CHEBI:16828,MAPPED
tryptophane,synonym,CHEBI:27897,Tryptophan,CHEBI:27897,MAPPED
Tryptose,preferred_term,MICRO:0000183,Tryptose,MICRO:0000183,MAPPED
Tryptose-phosphate,preferred_term,UNMAPPED_0560,Tryptose-phosphate,,UNMAPPED
Tryptose-phosphate broth,preferred_term,UNMAPPED_0561,Tryptose-phosphate broth,,UNMAPPED
TSPP,synonym,CHEBI:71240,Sodium pyrophosphate,CHEBI:71240,MAPPED
Tubelactomicin A,preferred_term,CHEBI:66279,Tubelactomicin A,CHEBI:66279,MAPPED
Tuberactinamine A,preferred_term,mesh:C108556,Tuberactinamine A,mesh:C108556,MAPPED
Tuberactinomycin,preferred_term,mesh:C015563,Tuberactinomycin,mesh:C015563,MAPPED
Tubercidin,preferred_term,CHEBI:48267,Tubercidin,CHEBI:48267,MAPPED
Tungstate,preferred_term,CHEBI:46502,Tungstate,CHEBI:46502,MAPPED
TUNGSTATE(VI)ION,synonym,CHEBI:46502,Tungstate,CHEBI:46502,MAPPED
"Tungstic acid, sodium salt, dihydrate",synonym,CHEBI:63939,Na2WO4 x 2 H2O,CHEBI:63939,MAPPED
tungstic(VI) acid,synonym,CHEBI:36272,H2WO4,CHEBI:36272,MAPPED
Tunicamycin,preferred_term,CHEBI:29699,Tunicamycin,CHEBI:29699,MAPPED
Tween,preferred_term,mesh:D011136,Tween,mesh:D011136,MAPPED
Tween 20,preferred_term,CHEBI:53424,Tween 20,CHEBI:53424,MAPPED
Tween 40,preferred_term,CHEBI:53423,Tween 40,CHEBI:53423,MAPPED
Tween 60,preferred_term,CHEBI:53425,Tween 60,CHEBI:53425,MAPPED
Tween 80,preferred_term,CHEBI:53426,Tween 80,CHEBI:53426,MAPPED
TYG salts solution,preferred_term,UNMAPPED_0295,TYG salts solution,,UNMAPPED
TYGVS + Glucose,preferred_term,UNMAPPED_0776,TYGVS + Glucose,,NEEDS_EXPERT
Tyloxapol,preferred_term,CHEBI:141517,Tyloxapol,CHEBI:141517,MAPPED
TYROSINE,synonym,CHEBI:17895,L-Tyrosine,CHEBI:17895,MAPPED
undec-1-ene,synonym,CHEBI:77444,undecene,CHEBI:77444,MAPPED
undecene,preferred_term,CHEBI:77444,undecene,CHEBI:77444,MAPPED
Universal peptone,synonym,MICRO:0000178,Bacto peptone,MICRO:0000178,MAPPED
Universal peptone (Merck),synonym,MICRO:0000178,Bacto peptone,MICRO:0000178,MAPPED
ur,synonym,CHEBI:16199,Urea,CHEBI:16199,MAPPED
Ura,synonym,CHEBI:17568,Uracil,CHEBI:17568,MAPPED
Uracil,preferred_term,CHEBI:17568,Uracil,CHEBI:17568,MAPPED
Uracil-6-carboxylic acid,synonym,CHEBI:16742,Orotic acid,CHEBI:16742,MAPPED
Uranyl acetate,preferred_term,cas:541-09-3,Uranyl acetate,mesh:C005460,MAPPED
Uranyl Acetate Dihydrate,preferred_term,cas:6159-44-0,Uranyl Acetate Dihydrate,mesh:C005460,MAPPED
Urazil,synonym,CHEBI:17568,Uracil,CHEBI:17568,MAPPED
Urd,synonym,CHEBI:16704,Uridine,CHEBI:16704,MAPPED
Urea,preferred_term,CHEBI:16199,Urea,CHEBI:16199,MAPPED
uree,synonym,CHEBI:16199,Urea,CHEBI:16199,MAPPED
Uric acid,preferred_term,CHEBI:27226,Uric acid,CHEBI:27226,MAPPED
uric acids,synonym,CHEBI:27226,Uric acid,CHEBI:27226,MAPPED
Uridin,synonym,CHEBI:16704,Uridine,CHEBI:16704,MAPPED
Uridine,preferred_term,CHEBI:16704,Uridine,CHEBI:16704,MAPPED
Uridine 5-monophosphate disodium salt,preferred_term,cas:3387-36-8,Uridine 5-monophosphate disodium salt,cas:3387-36-8,MAPPED
Urocanic Acid,preferred_term,CHEBI:27248,Urocanic Acid,CHEBI:27248,MAPPED
Ursololactone Acetate,preferred_term,cas:28290-51-9,Ursololactone Acetate,cas:28290-51-9,MAPPED
Usnic Acid,preferred_term,CHEBI:38319,Usnic Acid,CHEBI:38319,MAPPED
UW concentrated base,preferred_term,UNMAPPED_0255,UW concentrated base,,UNMAPPED
UW concentrated base no Mo,preferred_term,UNMAPPED_0260,UW concentrated base no Mo,,UNMAPPED
UW concentrated base no sulfur,preferred_term,UNMAPPED_0289,UW concentrated base no sulfur,,UNMAPPED
V-8 Juice,preferred_term,MICRO:0002250,V-8 Juice,MICRO:0002250,MAPPED
V8 canned vegetable juice,preferred_term,UNMAPPED_0564,V8 canned vegetable juice,,UNMAPPED
Valerate,preferred_term,CHEBI:31011,Valerate,CHEBI:31011,MAPPED
Valerianic acid,synonym,CHEBI:17418,Valeric acid,CHEBI:17418,MAPPED
Valeriansaeure,synonym,CHEBI:17418,Valeric acid,CHEBI:17418,MAPPED
Valeric acid,preferred_term,CHEBI:17418,Valeric acid,CHEBI:17418,MAPPED
"valeric acid, normal",synonym,CHEBI:17418,Valeric acid,CHEBI:17418,MAPPED
Valerolactone,preferred_term,CHEBI:16545,Valerolactone,CHEBI:16545,MAPPED
Valine,synonym,CHEBI:16414,L-Valine,CHEBI:16414,MAPPED
"vanadate (VO4(3-)), trisodium",synonym,CHEBI:35607,Na3VO4,CHEBI:35607,MAPPED
"vanadic acid (H3VO4), sodium salt",synonym,CHEBI:35607,Na3VO4,CHEBI:35607,MAPPED
"Vanadic acid, monosodium salt",synonym,CHEBI:75221,NaVO3,CHEBI:75221,MAPPED
"vanadic acid, trisodium salt",synonym,CHEBI:35607,Na3VO4,CHEBI:35607,MAPPED
vanadic sulfate dihydrate,synonym,CHEBI:87009,VOSO4 x 2 H2O,CHEBI:87009,MAPPED
vanadic sulfate pentahydrate,synonym,CHEBI:132758,VOSO4 x 5 H2O,CHEBI:132758,MAPPED
vanadium chloride,preferred_term,cas:7718-98-1,vanadium chloride,cas:7718-98-1,MAPPED
vanadium oxide sulfate dihydrate,synonym,CHEBI:87009,VOSO4 x 2 H2O,CHEBI:87009,MAPPED
vanadium oxide sulfate pentahydrate,synonym,CHEBI:132758,VOSO4 x 5 H2O,CHEBI:132758,MAPPED
vanadium oxysulfate dihydrate,synonym,CHEBI:87009,VOSO4 x 2 H2O,CHEBI:87009,MAPPED
vanadium oxysulfate pentahydrate,synonym,CHEBI:132758,VOSO4 x 5 H2O,CHEBI:132758,MAPPED
vanadium(IV) oxide sulfate dihydrate,synonym,CHEBI:87009,VOSO4 x 2 H2O,CHEBI:87009,MAPPED
vanadium(IV) oxide sulfate pentahydrate,synonym,CHEBI:132758,VOSO4 x 5 H2O,CHEBI:132758,MAPPED
vanadyl sulfate dihydrate,synonym,CHEBI:87009,VOSO4 x 2 H2O,CHEBI:87009,MAPPED
vanadyl sulfate pentahydrate,synonym,CHEBI:132758,VOSO4 x 5 H2O,CHEBI:132758,MAPPED
Vancomycin,preferred_term,CHEBI:28001,Vancomycin,CHEBI:28001,MAPPED
Vancomycin Hydrochloride from Streptomyces orientalis,preferred_term,CHEBI:9932,Vancomycin Hydrochloride from Streptomyces orientalis,CHEBI:9932,MAPPED
Vancomycin Hydrochloride Hydrate,preferred_term,cas:123409-00-7,Vancomycin Hydrochloride Hydrate,CHEBI:9932,MAPPED
Vancomycin x HCl,synonym,CHEBI:9932,Vancomycin Hydrochloride from Streptomyces orientalis,CHEBI:9932,MAPPED
Vancoresmycin,preferred_term,CHEBI:213208,Vancoresmycin,CHEBI:213208,MAPPED
Vanillic Acid,preferred_term,CHEBI:30816,Vanillic Acid,CHEBI:30816,MAPPED
Vanillin,preferred_term,CHEBI:18346,Vanillin,CHEBI:18346,MAPPED
Vanillyl Alcohol,preferred_term,CHEBI:18353,Vanillyl Alcohol,CHEBI:18353,MAPPED
vanillylmandelic acid,preferred_term,CHEBI:20106,vanillylmandelic acid,CHEBI:20106,MAPPED
Veal infusion broth,preferred_term,UNMAPPED_0566,Veal infusion broth,,UNMAPPED
Venturicidin B,preferred_term,mesh:C068160,Venturicidin B,mesh:C068160,MAPPED
Veratric Acid,preferred_term,CHEBI:296881,Veratric Acid,CHEBI:296881,MAPPED
Veratrine hydrochloride,preferred_term,cas:17666-25-0,Veratrine hydrochloride,cas:17666-25-0,MAPPED
Verbascose,preferred_term,CHEBI:28586,Verbascose,CHEBI:28586,MAPPED
Vermont Soil,preferred_term,kgmicrobe.ingredient:vermont_soil,Vermont Soil,ENVO:00001998,MAPPED
Vibriostat,preferred_term,CHEBI:73908,Vibriostat,CHEBI:73908,MAPPED
Vibriostatic Agent O/129,synonym,CHEBI:73908,Vibriostat,CHEBI:73908,MAPPED
victoria green B,synonym,CHEBI:72449,Malachite green,CHEBI:72449,MAPPED
Viomycin,preferred_term,CHEBI:15782,Viomycin,CHEBI:15782,MAPPED
Virginiamycin,preferred_term,CHEBI:87209,Virginiamycin,CHEBI:87209,MAPPED
Viridogrisein,synonym,mesh:C004910,Etamycin,mesh:C004910,MAPPED
Visnagin,preferred_term,CHEBI:10002,Visnagin,CHEBI:10002,MAPPED
Vitafiber,preferred_term,UNMAPPED_0204,Vitafiber,,UNMAPPED
Vitagos 5650,preferred_term,UNMAPPED_0214,Vitagos 5650,,UNMAPPED
Vitamin B,preferred_term,UNMAPPED_0005,Vitamin B,NCIT:C944,UNMAPPED
vitamin B-12,synonym,CHEBI:17439,Cyanocobalamin,CHEBI:17439,MAPPED
vitamin B-12,synonym,CHEBI:176843,Vitamin B12,CHEBI:176843,MAPPED
vitamin B1 pyrophosphate chloride,synonym,CHEBI:18290,Thiamine pyrophosphate,CHEBI:18290,MAPPED
vitamin B1 vitamer,synonym,CHEBI:18385,Thiamine,CHEBI:18385,MAPPED
vitamin B1 vitamers,synonym,CHEBI:18385,Thiamine,CHEBI:18385,MAPPED
vitamin B11,synonym,CHEBI:27470,Folic acid,CHEBI:27470,MAPPED
Vitamin B12,preferred_term,CHEBI:176843,Vitamin B12,CHEBI:176843,MAPPED
Vitamin B12,synonym,CHEBI:17439,Cyanocobalamin,CHEBI:17439,MAPPED
Vitamin B12,synonym,UNMAPPED_0005,Vitamin B,NCIT:C944,UNMAPPED
Vitamin B12 (cyanocobalamin),synonym,CHEBI:176843,Vitamin B12,CHEBI:176843,MAPPED
Vitamin B12 complex,synonym,CHEBI:17439,Cyanocobalamin,CHEBI:17439,MAPPED
Vitamin B12 complex,synonym,CHEBI:176843,Vitamin B12,CHEBI:176843,MAPPED
Vitamin B12 solution see Medium No. 403,preferred_term,UNMAPPED_0567,Vitamin B12 solution see Medium No. 403,,UNMAPPED
vitamin B12 vitamer,synonym,CHEBI:17439,Cyanocobalamin,CHEBI:17439,MAPPED
vitamin B12 vitamer,synonym,CHEBI:176843,Vitamin B12,CHEBI:176843,MAPPED
vitamin B12 vitamers,synonym,CHEBI:17439,Cyanocobalamin,CHEBI:17439,MAPPED
vitamin B6,synonym,CHEBI:16709,Pyridoxine,CHEBI:16709,MAPPED
vitamin B7,synonym,CHEBI:15956,Biotin,CHEBI:15956,MAPPED
vitamin B9,synonym,CHEBI:27470,Folic acid,CHEBI:27470,MAPPED
vitamin C sodium,synonym,CHEBI:113451,Na-ascorbate,CHEBI:113451,MAPPED
"vitamin C, sodium salt",synonym,CHEBI:113451,Na-ascorbate,CHEBI:113451,MAPPED
Vitamin H,synonym,CHEBI:15956,Biotin,CHEBI:15956,MAPPED
Vitamin K1,preferred_term,CHEBI:18067,Vitamin K1,CHEBI:18067,MAPPED
Vitamin K3,synonym,CHEBI:28869,Menadione,CHEBI:28869,MAPPED
Vitamin PP,synonym,CHEBI:17154,Nicotinamide,CHEBI:17154,MAPPED
Vitamin solution,preferred_term,MICRO:0000460,Vitamin solution,MICRO:0000460,MAPPED
Vitamin solution (thermophilic formulation),preferred_term,kgmicrobe.ingredient:vitamin_solution_~28thermophilic_formulation~29,Vitamin solution (thermophilic formulation),MICRO:0000460,MAPPED
Vitamin solution see Medium No. 403,preferred_term,kgmicrobe.ingredient:vitamin_solution_see_medium_no_403,Vitamin solution see Medium No. 403,MICRO:0000460,MAPPED
VitaminB12,synonym,CHEBI:176843,Vitamin B12,CHEBI:176843,MAPPED
Vitamine B12,synonym,CHEBI:176843,Vitamin B12,CHEBI:176843,MAPPED
vitamins B1,synonym,CHEBI:18385,Thiamine,CHEBI:18385,MAPPED
vitamins B12,synonym,CHEBI:17439,Cyanocobalamin,CHEBI:17439,MAPPED
Vitamins solution,preferred_term,UNMAPPED_0571,Vitamins solution,,UNMAPPED
Vitamins-solution,preferred_term,UNMAPPED_0572,Vitamins-solution,,UNMAPPED
Vitamin B12  (4),synonym,CHEBI:17439,Cyanocobalamin,CHEBI:17439,MAPPED
Vitamin B12  (4),synonym,CHEBI:176843,Vitamin B12,CHEBI:176843,MAPPED
Vitamin B12  (8),synonym,CHEBI:17439,Cyanocobalamin,CHEBI:17439,MAPPED
Vitamin B12  (8),synonym,CHEBI:176843,Vitamin B12,CHEBI:176843,MAPPED
Vitamin B12  (9),synonym,CHEBI:17439,Cyanocobalamin,CHEBI:17439,MAPPED
Vitamin B12  (9),synonym,CHEBI:176843,Vitamin B12,CHEBI:176843,MAPPED
Vitox,preferred_term,UNMAPPED_0573,Vitox,,UNMAPPED
Volvox Medium,preferred_term,UNMAPPED_0072,Volvox Medium,,UNMAPPED
VOSO4 . 2H2O,synonym,CHEBI:87009,VOSO4 x 2 H2O,CHEBI:87009,MAPPED
VOSO4 . 5H2O,synonym,CHEBI:132758,VOSO4 x 5 H2O,CHEBI:132758,MAPPED
VOSO4 x 2 H2O,preferred_term,CHEBI:87009,VOSO4 x 2 H2O,CHEBI:87009,MAPPED
VOSO4 x 5 H2O,preferred_term,CHEBI:132758,VOSO4 x 5 H2O,CHEBI:132758,MAPPED
VOSO4 x 5 H2O (0.01% w/v),synonym,CHEBI:132758,VOSO4 x 5 H2O,CHEBI:132758,MAPPED
VOSO4 x H2O,synonym,CHEBI:87020,VOSO4 x n H2O,CHEBI:87020,MAPPED
VOSO4 x n H2O,preferred_term,CHEBI:87020,VOSO4 x n H2O,CHEBI:87020,MAPPED
VOSO4 · 2 H2O,synonym,CHEBI:87009,VOSO4 x 2 H2O,CHEBI:87009,MAPPED
VOSO4(H2O)n,synonym,CHEBI:87020,VOSO4 x n H2O,CHEBI:87020,MAPPED
VOSO4(H2O)x,synonym,CHEBI:87020,VOSO4 x n H2O,CHEBI:87020,MAPPED
VOSO4.2H2O,synonym,CHEBI:87009,VOSO4 x 2 H2O,CHEBI:87009,MAPPED
VOSO4.5H2O,synonym,CHEBI:132758,VOSO4 x 5 H2O,CHEBI:132758,MAPPED
VOSO4.nH2O,synonym,CHEBI:87020,VOSO4 x n H2O,CHEBI:87020,MAPPED
VOSO4.xH2O,synonym,CHEBI:87020,VOSO4 x n H2O,CHEBI:87020,MAPPED
VOSO4·2 H2O,synonym,CHEBI:87009,VOSO4 x 2 H2O,CHEBI:87009,MAPPED
VOSO4·2H2O,synonym,CHEBI:87009,VOSO4 x 2 H2O,CHEBI:87009,MAPPED
VOSO4·xH2O,synonym,CHEBI:87020,VOSO4 x n H2O,CHEBI:87020,MAPPED
Vulgamycin,preferred_term,mesh:C012306,Vulgamycin,mesh:C012306,MAPPED
Vulpinic acid,preferred_term,CHEBI:144250,Vulpinic acid,CHEBI:144250,MAPPED
Wako Isomaltooligosaccharides,preferred_term,UNMAPPED_0222,Wako Isomaltooligosaccharides,,UNMAPPED
Warfarin,preferred_term,CHEBI:10033,Warfarin,CHEBI:10033,MAPPED
Waris Medium,preferred_term,UNMAPPED_0063,Waris Medium,,UNMAPPED
Wasser,synonym,CHEBI:15377,Distilled water,CHEBI:15377,MAPPED
Wasserstoffchlorid,synonym,CHEBI:17883,HCl,CHEBI:17883,MAPPED
WATER,synonym,CHEBI:15377,Distilled water,CHEBI:15377,MAPPED
water distilled or tapwater,preferred_term,UNMAPPED_0575,water distilled or tapwater,,UNMAPPED
WC Trace Elements Solution,preferred_term,MICRO:0000455,WC Trace Elements Solution,MICRO:0000455,MAPPED
Weinsteinsaeure,synonym,CHEBI:15671,L(+)-Tartaric acid,CHEBI:15671,MAPPED
Wheat Arabinoxylan,preferred_term,CHEBI:28427,Wheat Arabinoxylan,CHEBI:28427,MAPPED
Wheat Grains,preferred_term,UNMAPPED_0576,Wheat Grains,,UNMAPPED
White sugar,synonym,CHEBI:17992,Sucrose,CHEBI:17992,MAPPED
White wine,preferred_term,NCIT:C84877,White wine,NCIT:C84877,MAPPED
Whole egg,preferred_term,UNMAPPED_0577,Whole egg,,UNMAPPED
Wilkins Chalgrene Anaerobe Broth,preferred_term,UNMAPPED_0578,Wilkins Chalgrene Anaerobe Broth,,UNMAPPED
Wilkins-Chalgren-Anaerobe-Broth,preferred_term,UNMAPPED_0579,Wilkins-Chalgren-Anaerobe-Broth,,UNMAPPED
Wolfe's mineral mix,preferred_term,UNMAPPED_0315,Wolfe's mineral mix,,UNMAPPED
Wolfe's mineral mix_minus_Nitrilotriacetic_acid,preferred_term,UNMAPPED_0267,Wolfe's mineral mix_minus_Nitrilotriacetic_acid,,UNMAPPED
Wolfe's vitamin mix,preferred_term,UNMAPPED_0306,Wolfe's vitamin mix,,UNMAPPED
Wolframat,synonym,CHEBI:46502,Tungstate,CHEBI:46502,MAPPED
wolframate,synonym,CHEBI:46502,Tungstate,CHEBI:46502,MAPPED
wood alcohol,synonym,CHEBI:17790,Methanol,CHEBI:17790,MAPPED
wood naphtha,synonym,CHEBI:17790,Methanol,CHEBI:17790,MAPPED
wood spirit,synonym,CHEBI:17790,Methanol,CHEBI:17790,MAPPED
X,preferred_term,NCIT:C189218,X,NCIT:C189218,MAPPED
X10 Jamarin S,preferred_term,UNMAPPED_0580,X10 Jamarin S,,UNMAPPED
Xan,synonym,CHEBI:17712,Xanthine,CHEBI:17712,MAPPED
Xanthan,preferred_term,CHEBI:189560,Xanthan,CHEBI:189560,MAPPED
Xanthan from Xanthomonas campestris,preferred_term,cas:11138-66-2,Xanthan from Xanthomonas campestris,mesh:D016959,MAPPED
Xanthine,preferred_term,CHEBI:17712,Xanthine,CHEBI:17712,MAPPED
xanthine 9-beta-D-ribofuranoside,synonym,CHEBI:18107,Xanthosine,CHEBI:18107,MAPPED
Xanthine riboside,synonym,CHEBI:18107,Xanthosine,CHEBI:18107,MAPPED
Xanthocidin,preferred_term,kgmicrobe.compound:xanthocidin,Xanthocidin,kgmicrobe.compound:xanthocidin,MAPPED
Xanthosine,preferred_term,CHEBI:18107,Xanthosine,CHEBI:18107,MAPPED
Xanthyletin,preferred_term,CHEBI:10073,Xanthyletin,CHEBI:10073,MAPPED
Xyl,synonym,CHEBI:18222,Xylose,CHEBI:18222,MAPPED
Xylan,preferred_term,CHEBI:37166,Xylan,CHEBI:37166,MAPPED
Xylan (hemicellulose substrate),synonym,CHEBI:37166,Xylan,CHEBI:37166,MAPPED
Xylan from Beechwood,preferred_term,CHEBI:15447,Xylan from Beechwood,CHEBI:15447,MAPPED
xylans,synonym,CHEBI:37166,Xylan,CHEBI:37166,MAPPED
Xylit,synonym,CHEBI:17151,Xylitol,CHEBI:17151,MAPPED
xylite,synonym,CHEBI:17151,Xylitol,CHEBI:17151,MAPPED
Xylitol,preferred_term,CHEBI:17151,Xylitol,CHEBI:17151,MAPPED
xylo-pentose,synonym,CHEBI:18222,Xylose,CHEBI:18222,MAPPED
Xylobiose,preferred_term,CHEBI:28309,Xylobiose,CHEBI:28309,MAPPED
Xyloglucan (hepta+octa+nona saccharides),preferred_term,UNMAPPED_0174,Xyloglucan (hepta+octa+nona saccharides),CHEBI:18233,UNMAPPED
Xyloglucan from tamarind,preferred_term,cas:37294-28-3,Xyloglucan from tamarind,cas:37294-28-3,MAPPED
Xylose,preferred_term,CHEBI:18222,Xylose,CHEBI:18222,MAPPED
Xylotetraose,preferred_term,CHEBI:62972,Xylotetraose,CHEBI:62972,MAPPED
Xylotriose,preferred_term,CHEBI:149429,Xylotriose,CHEBI:149429,MAPPED
Yacontrol (Yacon root syrup),preferred_term,UNMAPPED_0208,Yacontrol (Yacon root syrup),,UNMAPPED
Yeast + Meat Extract + H2,preferred_term,UNMAPPED_0781,Yeast + Meat Extract + H2,,NEEDS_EXPERT
Yeast cell paste,preferred_term,UNMAPPED_0581,Yeast cell paste,,UNMAPPED
Yeast Extract,synonym,FOODON:03315426,Yeast extract,FOODON:03315426,MAPPED
Yeast extract,preferred_term,FOODON:03315426,Yeast extract,FOODON:03315426,MAPPED
yeast extract,synonym,FOODON:03315426,Yeast extract,FOODON:03315426,MAPPED
Yeast Extract (0.01 %,synonym,FOODON:03315426,Yeast extract,FOODON:03315426,MAPPED
Yeast extract (BBL),synonym,FOODON:03315426,Yeast extract,FOODON:03315426,MAPPED
Yeast Extract (BD 211928),synonym,FOODON:03315426,Yeast extract,FOODON:03315426,MAPPED
Yeast Extract (BD 212750),synonym,FOODON:03315426,Yeast extract,FOODON:03315426,MAPPED
Yeast extract (BD Bacto),synonym,FOODON:03315426,Yeast extract,FOODON:03315426,MAPPED
yeast extract (BD Difco),synonym,FOODON:03315426,Yeast extract,FOODON:03315426,MAPPED
"Yeast Extract (BD, 212750)",synonym,FOODON:03315426,Yeast extract,FOODON:03315426,MAPPED
Yeast extract (BD--Difco),synonym,FOODON:03315426,Yeast extract,FOODON:03315426,MAPPED
Yeast extract (BD-BBL),synonym,FOODON:03315426,Yeast extract,FOODON:03315426,MAPPED
Yeast extract (BD-Difco),synonym,FOODON:03315426,Yeast extract,FOODON:03315426,MAPPED
yeast extract (BD-Difco),synonym,FOODON:03315426,Yeast extract,FOODON:03315426,MAPPED
Yeast extract (Difco or Oxoid),synonym,FOODON:03315426,Yeast extract,FOODON:03315426,MAPPED
Yeast extract (Difco),synonym,FOODON:03315426,Yeast extract,FOODON:03315426,MAPPED
yeast extract (Difco),synonym,FOODON:03315426,Yeast extract,FOODON:03315426,MAPPED
Yeast Extract (Hardy C7340),synonym,FOODON:03315426,Yeast extract,FOODON:03315426,MAPPED
"yeast extract (Nacalai Tesque, Kyoto, Japan)",synonym,FOODON:03315426,Yeast extract,FOODON:03315426,MAPPED
"Yeast extract (Oxoid LP0021, BD 212750)",synonym,FOODON:03315426,Yeast extract,FOODON:03315426,MAPPED
Yeast extract (OXOID),synonym,FOODON:03315426,Yeast extract,FOODON:03315426,MAPPED
Yeast extract (Oxoid),synonym,FOODON:03315426,Yeast extract,FOODON:03315426,MAPPED
Yeast Extract + Gluconate,preferred_term,UNMAPPED_0777,Yeast Extract + Gluconate,,NEEDS_EXPERT
Yeast Extract + Glucose,preferred_term,UNMAPPED_0778,Yeast Extract + Glucose,,NEEDS_EXPERT
Yeast Extract + Peptone,preferred_term,UNMAPPED_0779,Yeast Extract + Peptone,,NEEDS_EXPERT
Yeast Extract + Sulfur,preferred_term,UNMAPPED_0780,Yeast Extract + Sulfur,,NEEDS_EXPERT
"Yeast extract(Bacto, Difco)",synonym,FOODON:03315426,Yeast extract,FOODON:03315426,MAPPED
Yeast extract(CAS: 8013-01-2),synonym,FOODON:03315426,Yeast extract,FOODON:03315426,MAPPED
Yeast Extract(Difco),synonym,FOODON:03315426,Yeast extract,FOODON:03315426,MAPPED
Yeast extract(Oxoid),synonym,FOODON:03315426,Yeast extract,FOODON:03315426,MAPPED
Yeast extract-malt extract agar,preferred_term,kgmicrobe.ingredient:yeast_extract_malt_extract_agar,Yeast extract-malt extract agar,FOODON:03301056,MAPPED
YM broth,preferred_term,UNMAPPED_0583,YM broth,,UNMAPPED
Zafirlukast,preferred_term,CHEBI:10100,Zafirlukast,CHEBI:10100,MAPPED
Zeikus trace element solution,preferred_term,NCIT:C896,Zeikus trace element solution,NCIT:C896,MAPPED
Zerenex,synonym,CHEBI:144421,Fe(III) citrate,CHEBI:144421,MAPPED
Zetan,synonym,CHEBI:45296,Hexadecane,CHEBI:45296,MAPPED
Zinc Chloride,synonym,CHEBI:49976,ZnCl2,CHEBI:49976,MAPPED
zinc dichloride,synonym,CHEBI:49976,ZnCl2,CHEBI:49976,MAPPED
Zinc Pyrithione,preferred_term,CHEBI:32076,Zinc Pyrithione,CHEBI:32076,MAPPED
Zinc sulfate,preferred_term,CHEBI:35176,Zinc sulfate,CHEBI:35176,MAPPED
zinc sulfate (1:1),synonym,CHEBI:35176,Zinc sulfate,CHEBI:35176,MAPPED
zinc sulfate (1:1) heptahydrate,synonym,CHEBI:32312,ZnSO4 x 7 H2O,CHEBI:32312,MAPPED
Zinc sulfate heptahydrate,synonym,CHEBI:32312,ZnSO4 x 7 H2O,CHEBI:32312,MAPPED
zinc sulfate heptahydrate (1:1:7),synonym,CHEBI:32312,ZnSO4 x 7 H2O,CHEBI:32312,MAPPED
zinc sulfate hexahydrate,synonym,CHEBI:132762,ZnSO4 x 6 H2O,CHEBI:132762,MAPPED
zinc sulfate--water (1/6),synonym,CHEBI:132762,ZnSO4 x 6 H2O,CHEBI:132762,MAPPED
zinc sulphate,synonym,CHEBI:35176,Zinc sulfate,CHEBI:35176,MAPPED
zinc(2+) chloride,synonym,CHEBI:49976,ZnCl2,CHEBI:49976,MAPPED
zinc(2+) sulfate,synonym,CHEBI:35176,Zinc sulfate,CHEBI:35176,MAPPED
zinc(2+) sulfate heptahydrate,synonym,CHEBI:32312,ZnSO4 x 7 H2O,CHEBI:32312,MAPPED
zinc(2+) sulfate--water (1/7),synonym,CHEBI:32312,ZnSO4 x 7 H2O,CHEBI:32312,MAPPED
zinc(II) chloride,synonym,CHEBI:49976,ZnCl2,CHEBI:49976,MAPPED
zinc(II) sulfate,synonym,CHEBI:35176,Zinc sulfate,CHEBI:35176,MAPPED
Zinc-NTA,preferred_term,UNMAPPED_0150,Zinc-NTA,,UNMAPPED
Zinkchlorid,synonym,CHEBI:49976,ZnCl2,CHEBI:49976,MAPPED
ZMB,preferred_term,UNMAPPED_0290,ZMB,,UNMAPPED
ZMB_ALS,preferred_term,UNMAPPED_0272,ZMB_ALS,,UNMAPPED
Zn2SO4·7H2O,synonym,CHEBI:32312,ZnSO4 x 7 H2O,CHEBI:32312,MAPPED
ZnCl,synonym,CHEBI:49976,ZnCl2,CHEBI:49976,MAPPED
ZnCl 2,synonym,CHEBI:49976,ZnCl2,CHEBI:49976,MAPPED
ZnCl2,preferred_term,CHEBI:49976,ZnCl2,CHEBI:49976,MAPPED
ZnSO .7H O,synonym,CHEBI:86463,AlK(SO4)2,CHEBI:86463,MAPPED
ZnSO4,synonym,CHEBI:35176,Zinc sulfate,CHEBI:35176,MAPPED
ZnSO4 . 7H2O,synonym,CHEBI:32312,ZnSO4 x 7 H2O,CHEBI:32312,MAPPED
ZnSO4 .7H2O,synonym,CHEBI:32312,ZnSO4 x 7 H2O,CHEBI:32312,MAPPED
ZnSO4 x 6 H2O,preferred_term,CHEBI:132762,ZnSO4 x 6 H2O,CHEBI:132762,MAPPED
ZnSO4 x 7 H2O,preferred_term,CHEBI:32312,ZnSO4 x 7 H2O,CHEBI:32312,MAPPED
ZnSO4 x 7H2O,synonym,CHEBI:32312,ZnSO4 x 7 H2O,CHEBI:32312,MAPPED
ZnSO4 · 7H2O,synonym,CHEBI:32312,ZnSO4 x 7 H2O,CHEBI:32312,MAPPED
ZnSO4 × 7H2O,synonym,CHEBI:32312,ZnSO4 x 7 H2O,CHEBI:32312,MAPPED
ZnSO4 ⋅ 7H2O,synonym,CHEBI:32312,ZnSO4 x 7 H2O,CHEBI:32312,MAPPED
ZnSO4*7 H2O,synonym,CHEBI:32312,ZnSO4 x 7 H2O,CHEBI:32312,MAPPED
ZnSO4*7H2O,synonym,CHEBI:32312,ZnSO4 x 7 H2O,CHEBI:32312,MAPPED
ZnSO4-7H2O,synonym,CHEBI:32312,ZnSO4 x 7 H2O,CHEBI:32312,MAPPED
ZnSO4.6H2O,synonym,CHEBI:132762,ZnSO4 x 6 H2O,CHEBI:132762,MAPPED
ZnSO4.7H2O,synonym,CHEBI:32312,ZnSO4 x 7 H2O,CHEBI:32312,MAPPED
ZnSO4·7H2O,synonym,CHEBI:32312,ZnSO4 x 7 H2O,CHEBI:32312,MAPPED
ZnSO4∙7H2O,synonym,CHEBI:32312,ZnSO4 x 7 H2O,CHEBI:32312,MAPPED
ZnSO4⋅7H2O,synonym,CHEBI:32312,ZnSO4 x 7 H2O,CHEBI:32312,MAPPED
ZnSO4・7H2O,synonym,CHEBI:32312,ZnSO4 x 7 H2O,CHEBI:32312,MAPPED
ZnSO4･7H2O,synonym,CHEBI:32312,ZnSO4 x 7 H2O,CHEBI:32312,MAPPED
Zykloheximid,synonym,CHEBI:27641,Cycloheximid,CHEBI:27641,MAPPED
Zymosan,preferred_term,cas:9010-72-4,Zymosan,NCIT:C183132,MAPPED
Zystein,synonym,CHEBI:15356,Cysteine,CHEBI:15356,MAPPED
Zytidin,synonym,CHEBI:17562,Cytidine,CHEBI:17562,MAPPED
Zytosin,synonym,CHEBI:16040,Cytosine,CHEBI:16040,MAPPED
"{(1R,2R)-3-oxo-2-[(2Z)-pent-2-en-1-yl]cyclopentyl}acetic acid",synonym,CHEBI:18292,Jasmonic acid,CHEBI:18292,MAPPED
{[4-(trifluoromethoxy)phenyl]hydrazono}malononitrile,synonym,CHEBI:75458,FCCP,CHEBI:75458,MAPPED
ß-NAD,synonym,CHEBI:15846,beta-NAD,CHEBI:15846,MAPPED
ß-nicotinamide adenine dinucleotide,synonym,CHEBI:15846,beta-NAD,CHEBI:15846,MAPPED
α-D-Glucose,synonym,CHEBI:17234,Glucose,CHEBI:17234,MAPPED
α-D-Glucose monohydrate,preferred_term,UNMAPPED_0587,α-D-Glucose monohydrate,,UNMAPPED
α-lipoic acid,preferred_term,CHEBI:43796,α-lipoic acid,CHEBI:43796,MAPPED
α-Methylbutyric acid,synonym,CHEBI:37070,DL-2-Methylbutyric acid,CHEBI:37070,MAPPED
α1-Acid Glycoprotein from bovine plasma,preferred_term,cas:66455-27-4,α1-Acid Glycoprotein from bovine plasma,cas:66455-27-4,MAPPED
